stage,rank,status,gc_position,gc_timelag_seconds,bib,specialty,age,nationality_code,rider,rider_url,team,uci_points,pcs_points,time_raw,stage_gap_seconds,elapsed_seconds
1,1,finished,11,,11,GC,29,DK,Vingegaard Jonas,https://www.procyclingstats.com/rider/jonas-vingegaard,Team Visma | Lease a Bike,25.0,,21:47,0,1307
1,2,finished,84,,84,TT,29,IT,Ganna Filippo,https://www.procyclingstats.com/rider/filippo-ganna,Netcompany INEOS,,,0:08,8,1315
1,3,finished,1,,1,Climber,27,SI,Pogačar Tadej,https://www.procyclingstats.com/rider/tadej-pogacar,UAE Team Emirates - XRG,,,0:12,12,1319
1,4,finished,31,,31,Climber,23,ES,Ayuso Juan,https://www.procyclingstats.com/rider/juan-ayuso-pesquera,Lidl - Trek,,,0:16,16,1323
1,5,finished,21,,21,Climber,26,BE,Evenepoel Remco,https://www.procyclingstats.com/rider/remco-evenepoel,Red Bull - BORA - hansgrohe,,,0:19,19,1326
1,6,finished,2,,2,Climber,22,MX,del Toro Isaac,https://www.procyclingstats.com/rider/isaac-del-toro,UAE Team Emirates - XRG,,,0:26,26,1333
1,7,finished,18,,18,GC,23,IT,Piganzoli Davide,https://www.procyclingstats.com/rider/davide-piganzoli,Team Visma | Lease a Bike,,,0:28,28,1335
1,8,finished,25,,25,GC,25,DE,Lipowitz Florian,https://www.procyclingstats.com/rider/florian-lipowitz,Red Bull - BORA - hansgrohe,,,0:35,35,1342
1,9,finished,83,,83,TT,29,NO,Foss Tobias,https://www.procyclingstats.com/rider/tobias-foss,Netcompany INEOS,,,0:38,38,1345
1,10,finished,51,,51,Climber,19,FR,Seixas Paul,https://www.procyclingstats.com/rider/paul-seixas,Decathlon CMA CGM Team,,,0:39,39,1346
1,11,finished,101,,101,Classic,31,NL,van der Poel Mathieu,https://www.procyclingstats.com/rider/mathieu-van-der-poel,Alpecin - Premier Tech,,,",,",39,1346
1,12,finished,181,,181,Classic,23,FR,Grégoire Romain,https://www.procyclingstats.com/rider/romain-gregoire,Groupama - FDJ United,,,0:41,41,1348
1,13,finished,77,,77,GC,25,IT,Tiberi Antonio,https://www.procyclingstats.com/rider/antonio-tiberi,Bahrain - Victorious,,,0:47,47,1354
1,14,finished,58,,58,Climber,24,US,Riccitello Matthew,https://www.procyclingstats.com/rider/matthew-riccitello,Decathlon CMA CGM Team,,,0:50,50,1357
1,15,finished,71,,71,Climber,22,FR,Martinez Lenny,https://www.procyclingstats.com/rider/lenny-martinez,Bahrain - Victorious,,,",,",50,1357
1,16,finished,115,,115,Classic,35,AU,Matthews Michael,https://www.procyclingstats.com/rider/michael-matthews,Team Jayco AlUla,,,0:51,51,1358
1,17,finished,43,,43,Climber,25,FR,Baudin Alex,https://www.procyclingstats.com/rider/alex-baudin,EF Education - EasyPost,,,0:57,57,1364
1,18,finished,171,,171,Classic,26,GB,Pidcock Tom,https://www.procyclingstats.com/rider/tom-pidcock,Pinarello Q36.5 Pro Cycling Team,,,",,",57,1364
1,19,finished,97,,97,GC,26,BE,Van Wilder Ilan,https://www.procyclingstats.com/rider/ilan-van-wilder,Soudal Quick-Step,,,0:58,58,1365
1,20,finished,121,,121,Climber,26,NO,Johannessen Tobias Halland,https://www.procyclingstats.com/rider/tobias-halland-johannessen,Uno-X Mobility,,,1:00,60,1367
1,21,finished,82,,82,GC,26,NL,Arensman Thymen,https://www.procyclingstats.com/rider/thymen-arensman,Netcompany INEOS,,,1:01,61,1368
1,22,finished,201,,201,Climber,27,FR,Jegat Jordan,https://www.procyclingstats.com/rider/jordan-jegat,TotalEnergies,,,1:02,62,1369
1,23,finished,37,,37,TT,24,CZ,Vacek Mathias,https://www.procyclingstats.com/rider/mathias-vacek,Lidl - Trek,,,1:12,72,1379
1,24,finished,224,,224,Hills,26,NL,Molenaar Alex,https://www.procyclingstats.com/rider/alex-molenaar,Caja Rural - Seguros RGA,,,",,",72,1379
1,25,finished,198,,198,GC,27,CH,Voisard Yannis,https://www.procyclingstats.com/rider/yannis-voisard,Tudor Pro Cycling Team,,,1:14,74,1381
1,26,finished,88,,88,GC,25,FR,Vauquelin Kévin,https://www.procyclingstats.com/rider/kevin-vauquelin,Netcompany INEOS,,,",,",74,1381
1,27,finished,133,,133,GC,36,NZ,Bennett George,https://www.procyclingstats.com/rider/george-bennett,NSN Cycling Team,,,1:16,76,1383
1,28,finished,161,,161,GC,37,ES,Izagirre Ion,https://www.procyclingstats.com/rider/ion-izagirre,Cofidis,,,1:17,77,1384
1,29,finished,144,,144,Climber,25,ES,García Pierna Raúl,https://www.procyclingstats.com/rider/raul-garcia-pierna,Movistar Team,,,1:18,78,1385
1,30,finished,191,,191,Classic,34,FR,Alaphilippe Julian,https://www.procyclingstats.com/rider/julian-alaphilippe,Tudor Pro Cycling Team,,,1:25,85,1392
1,31,finished,127,,127,GC,30,NO,Træen Torstein,https://www.procyclingstats.com/rider/torstein-traeen,Uno-X Mobility,,,1:29,89,1396
1,32,finished,46,,46,Climber,24,DE,Steinhauser Georg,https://www.procyclingstats.com/rider/georg-steinhauser,EF Education - EasyPost,,,1:30,90,1397
1,33,finished,35,,35,Climber,25,DK,Skjelmose Mattias,https://www.procyclingstats.com/rider/mattias-skjelmose-jensen,Lidl - Trek,,,1:33,93,1400
1,34,finished,156,,156,Climber,24,BE,Van Eetvelt Lennert,https://www.procyclingstats.com/rider/lennert-van-eetvelt,Lotto Intermarché,,,1:36,96,1403
1,35,finished,41,,41,Climber,33,EC,Carapaz Richard,https://www.procyclingstats.com/rider/richard-carapaz,EF Education - EasyPost,,,",,",96,1403
1,36,finished,228,,228,GC,29,ES,Parra José Félix,https://www.procyclingstats.com/rider/jose-felix-parra,Caja Rural - Seguros RGA,,,1:38,98,1405
1,37,finished,142,,142,Climber,25,ES,Castrillo Pablo,https://www.procyclingstats.com/rider/pablo-castrillo-zapater,Movistar Team,,,1:51,111,1418
1,38,finished,143,,143,GC,30,EC,Cepeda Jefferson Alveiro,https://www.procyclingstats.com/rider/jefferson-cepeda-hernandez,Movistar Team,,,",,",111,1418
1,39,finished,222,,222,GC,25,ES,Balderstone Abel,https://www.procyclingstats.com/rider/abel-balderstone-roumens,Caja Rural - Seguros RGA,,,1:52,112,1419
1,40,finished,141,,141,GC,23,BE,Uijtdebroeks Cian,https://www.procyclingstats.com/rider/cian-uijtdebroeks,Movistar Team,,,1:53,113,1420
1,41,finished,215,,215,GC,22,BE,Dhondt Robbe,https://www.procyclingstats.com/rider/robbe-dhondt,Team Picnic PostNL,,,1:55,115,1422
1,42,finished,117,,117,GC,25,AU,Plapp Luke,https://www.procyclingstats.com/rider/luke-plapp,Team Jayco AlUla,,,1:57,117,1424
1,43,finished,17,,17,Climber,31,US,Kuss Sepp,https://www.procyclingstats.com/rider/sepp-kuss,Team Visma | Lease a Bike,,,1:58,118,1425
1,44,finished,56,,56,GC,30,FR,Paret-Peintre Aurélien,https://www.procyclingstats.com/rider/aurelien-paret-peintre,Decathlon CMA CGM Team,,,2:02,122,1429
1,45,finished,32,,32,Climber,28,CA,Gee-West Derek,https://www.procyclingstats.com/rider/derek-gee,Lidl - Trek,,,2:03,123,1430
1,46,finished,28,,28,Classic,26,BE,Van Gils Maxim,https://www.procyclingstats.com/rider/maxim-van-gils,Red Bull - BORA - hansgrohe,,,2:04,124,1431
1,47,finished,95,,95,Classic,34,NL,van Baarle Dylan,https://www.procyclingstats.com/rider/dylan-van-baarle,Soudal Quick-Step,,,2:06,126,1433
1,48,finished,206,,206,Hills,25,FR,Le Berre Mathis,https://www.procyclingstats.com/rider/mathis-le-berre,TotalEnergies,,,",,",126,1433
1,49,finished,45,,45,GC,26,US,Quinn Sean,https://www.procyclingstats.com/rider/sean-quinn,EF Education - EasyPost,,,2:08,128,1435
1,50,finished,85,,85,Hills,30,FR,Godon Dorian,https://www.procyclingstats.com/rider/dorian-godon,Netcompany INEOS,,,2:10,130,1437
1,51,finished,153,,153,Classic,25,BE,Berckmoes Jenno,https://www.procyclingstats.com/rider/jenno-berckmoes,Lotto Intermarché,,,",,",130,1437
1,52,finished,108,,108,Climber,24,BE,Verstrynge Emiel,https://www.procyclingstats.com/rider/emiel-verstrynge,Alpecin - Premier Tech,,,2:11,131,1438
1,53,finished,87,,87,TT,22,GB,Tarling Joshua,https://www.procyclingstats.com/rider/joshua-tarling,Netcompany INEOS,,,2:14,134,1441
1,54,finished,61,,61,Climber,28,CO,Higuita Sergio,https://www.procyclingstats.com/rider/sergio-higuita,XDS Astana Team,,,2:18,138,1445
1,55,finished,24,,24,Climber,30,AU,Hindley Jai,https://www.procyclingstats.com/rider/jai-hindley,Red Bull - BORA - hansgrohe,,,2:24,144,1451
1,56,finished,194,,194,Classic,27,CH,Hirschi Marc,https://www.procyclingstats.com/rider/marc-hirschi,Tudor Pro Cycling Team,,,2:25,145,1452
1,57,finished,4,,4,GC,28,US,McNulty Brandon,https://www.procyclingstats.com/rider/brandon-mcnulty,UAE Team Emirates - XRG,,,2:26,146,1453
1,58,finished,183,,183,Climber,26,FR,Braz Afonso Clément,https://www.procyclingstats.com/rider/clement-braz-afonso,Groupama - FDJ United,,,2:30,150,1457
1,59,finished,16,,16,GC,27,US,Jorgenson Matteo,https://www.procyclingstats.com/rider/matteo-jorgenson,Team Visma | Lease a Bike,,,",,",150,1457
1,60,finished,218,,218,GC,25,NL,van den Broek Frank,https://www.procyclingstats.com/rider/frank-van-den-broek,Team Picnic PostNL,,,2:33,153,1460
1,61,finished,145,,145,Hills,25,DE,Hessmann Michel,https://www.procyclingstats.com/rider/michel-hessmann,Movistar Team,,,2:36,156,1463
1,62,finished,146,,146,TT,37,PT,Oliveira Nelson,https://www.procyclingstats.com/rider/nelson-oliveira,Movistar Team,,,",,",156,1463
1,63,finished,208,,208,Hills,25,FR,Vercher Mattéo,https://www.procyclingstats.com/rider/matheo-vercher,TotalEnergies,,,2:37,157,1464
1,64,finished,202,,202,GC,26,FR,Breuillard Nicolas,https://www.procyclingstats.com/rider/nicolas-breuillard,TotalEnergies,,,",,",157,1464
1,65,finished,166,,166,TT,34,LU,Kirsch Alex,https://www.procyclingstats.com/rider/alex-kirsch,Cofidis,,,2:38,158,1465
1,66,finished,102,,102,Climber,23,BE,Debruyne Ramses,https://www.procyclingstats.com/rider/ramses-debruyne,Alpecin - Premier Tech,,,2:40,160,1467
1,67,finished,174,,174,Hills,30,BE,Hermans Quinten,https://www.procyclingstats.com/rider/quinten-hermans,Pinarello Q36.5 Pro Cycling Team,,,2:43,163,1470
1,68,finished,65,,65,Climber,29,CO,Tejada Harold,https://www.procyclingstats.com/rider/harold-tejada,XDS Astana Team,,,2:46,166,1473
1,69,finished,94,,94,Classic,34,BE,Stuyven Jasper,https://www.procyclingstats.com/rider/jasper-stuyven,Soudal Quick-Step,,,",,",166,1473
1,70,finished,93,,93,Climber,25,FR,Paret-Peintre Valentin,https://www.procyclingstats.com/rider/valentin-paret-peintre,Soudal Quick-Step,,,",,",166,1473
1,71,finished,147,,147,GC,27,ES,Romo Javier,https://www.procyclingstats.com/rider/javier-romo,Movistar Team,,,",,",166,1473
1,72,finished,3,,3,GC,32,AT,Großschartner Felix,https://www.procyclingstats.com/rider/felix-grossschartner,UAE Team Emirates - XRG,,,2:54,174,1481
1,73,finished,86,,86,Classic,36,PL,Kwiatkowski Michał,https://www.procyclingstats.com/rider/michal-kwiatkowski,Netcompany INEOS,,,3:00,180,1487
1,74,finished,7,,7,GC,35,BE,Wellens Tim,https://www.procyclingstats.com/rider/tim-wellens,UAE Team Emirates - XRG,,,3:02,182,1489
1,75,finished,212,,212,Classic,24,NL,Biesterbos Frits,https://www.procyclingstats.com/rider/frits-biesterbos,Team Picnic PostNL,,,3:05,185,1492
1,76,finished,213,,213,Sprint,23,CZ,Bittner Pavel,https://www.procyclingstats.com/rider/pavel-bittner,Team Picnic PostNL,,,",,",185,1492
1,77,finished,211,,211,Climber,34,FR,Barguil Warren,https://www.procyclingstats.com/rider/warren-barguil,Team Picnic PostNL,,,",,",185,1492
1,78,finished,214,,214,Classic,37,DE,Degenkolb John,https://www.procyclingstats.com/rider/john-degenkolb,Team Picnic PostNL,,,",,",185,1492
1,79,finished,217,,217,Sprint,29,NL,van den Berg Julius,https://www.procyclingstats.com/rider/julius-van-den-berg,Team Picnic PostNL,,,",,",185,1492
1,80,finished,81,,81,GC,29,CO,Bernal Egan,https://www.procyclingstats.com/rider/egan-bernal,Netcompany INEOS,,,3:06,186,1493
1,81,finished,131,,131,Classic,26,ER,Girmay Biniam,https://www.procyclingstats.com/rider/biniam-girmay,NSN Cycling Team,,,3:10,190,1497
1,82,finished,104,,104,Sprint,25,NL,Marsman Tim,https://www.procyclingstats.com/rider/tim-marsman,Alpecin - Premier Tech,,,",,",190,1497
1,83,finished,64,,64,Sprint,28,DE,Kanter Max,https://www.procyclingstats.com/rider/max-kanter,XDS Astana Team,,,",,",190,1497
1,84,finished,44,,44,Climber,25,IE,Healy Ben,https://www.procyclingstats.com/rider/ben-healy,EF Education - EasyPost,,,3:11,191,1498
1,85,finished,42,,42,TT,31,DK,Asgreen Kasper,https://www.procyclingstats.com/rider/kasper-asgreen,EF Education - EasyPost,,,",,",191,1498
1,86,finished,73,,73,GC,38,IT,Caruso Damiano,https://www.procyclingstats.com/rider/damiano-caruso,Bahrain - Victorious,,,3:12,192,1499
1,87,finished,123,,123,GC,28,DK,Charmig Anthon,https://www.procyclingstats.com/rider/anthon-charmig,Uno-X Mobility,,,",,",192,1499
1,88,finished,78,,78,Sprint,22,BE,Van Mechelen Vlad,https://www.procyclingstats.com/rider/vlad-van-mechelen,Bahrain - Victorious,,,3:13,193,1500
1,89,finished,134,,134,Climber,26,IT,Frigo Marco,https://www.procyclingstats.com/rider/marco-frigo,NSN Cycling Team,,,3:14,194,1501
1,90,finished,136,,136,Classic,31,LV,Neilands Krists,https://www.procyclingstats.com/rider/krists-neilands,NSN Cycling Team,,,",,",194,1501
1,91,finished,138,,138,Sprint,36,BE,Van Asbroeck Tom,https://www.procyclingstats.com/rider/tom-van-asbroeck,NSN Cycling Team,,,",,",194,1501
1,92,finished,132,,132,Classic,25,GB,Askey Lewis,https://www.procyclingstats.com/rider/lewis-askey,NSN Cycling Team,,,",,",194,1501
1,93,finished,168,,168,TT,30,FR,Thomas Benjamin,https://www.procyclingstats.com/rider/benjamin-thomas-2,Cofidis,,,3:15,195,1502
1,94,finished,188,,188,Classic,31,FR,Russo Clément,https://www.procyclingstats.com/rider/clement-russo,Groupama - FDJ United,,,",,",195,1502
1,95,finished,185,,185,GC,24,IT,Germani Lorenzo,https://www.procyclingstats.com/rider/lorenzo-germani,Groupama - FDJ United,,,",,",195,1502
1,96,finished,184,,184,GC,23,FR,Costiou Ewen,https://www.procyclingstats.com/rider/ewen-costiou,Groupama - FDJ United,,,",,",195,1502
1,97,finished,216,,216,Sprint,27,DE,Märkl Niklas,https://www.procyclingstats.com/rider/niklas-markl,Team Picnic PostNL,,,3:16,196,1503
1,98,finished,187,,187,Hills,34,FR,Pacher Quentin,https://www.procyclingstats.com/rider/quentin-pacher,Groupama - FDJ United,,,3:18,198,1505
1,99,finished,52,,52,Classic,32,BE,Benoot Tiesj,https://www.procyclingstats.com/rider/tiesj-benoot,Decathlon CMA CGM Team,,,3:19,199,1506
1,100,finished,175,,175,GC,33,AU,Howson Damien,https://www.procyclingstats.com/rider/damien-howson,Pinarello Q36.5 Pro Cycling Team,,,3:21,201,1508
1,101,finished,178,,178,Hills,27,GB,Wright Fred,https://www.procyclingstats.com/rider/alfred-wright,Pinarello Q36.5 Pro Cycling Team,,,3:22,202,1509
1,102,finished,148,,148,Climber,28,CO,Rubio Einer,https://www.procyclingstats.com/rider/einer-rubio,Movistar Team,,,3:25,205,1512
1,103,finished,196,,196,Climber,29,AU,Storer Michael,https://www.procyclingstats.com/rider/michael-storer,Tudor Pro Cycling Team,,,3:27,207,1514
1,104,finished,98,,98,GC,32,BE,Vervaeke Louis,https://www.procyclingstats.com/rider/louis-vervaeke,Soudal Quick-Step,,,3:28,208,1515
1,105,finished,6,,6,Classic,27,BE,Vermeersch Florian,https://www.procyclingstats.com/rider/florian-vermeersch,UAE Team Emirates - XRG,,,",,",208,1515
1,106,finished,13,,13,TT,32,FR,Armirail Bruno,https://www.procyclingstats.com/rider/bruno-armirail,Team Visma | Lease a Bike,,,",,",208,1515
1,107,finished,14,,14,TT,34,BE,Campenaerts Victor,https://www.procyclingstats.com/rider/victor-campenaerts,Team Visma | Lease a Bike,,,",,",208,1515
1,108,finished,152,,152,Hills,24,NL,Artz Huub,https://www.procyclingstats.com/rider/huub-artz,Lotto Intermarché,,,3:29,209,1516
1,109,finished,176,,176,GC,34,BE,Meurisse Xandro,https://www.procyclingstats.com/rider/xandro-meurisse,Pinarello Q36.5 Pro Cycling Team,,,3:30,210,1517
1,110,finished,172,,172,TT,27,ES,Azparren Xabier Mikel,https://www.procyclingstats.com/rider/xabier-mikel-azparren-irurzun,Pinarello Q36.5 Pro Cycling Team,,,",,",210,1517
1,111,finished,182,,182,Climber,28,FR,Berthet Clément,https://www.procyclingstats.com/rider/clement-berthet,Groupama - FDJ United,,,3:34,214,1521
1,112,finished,186,,186,Climber,33,FR,Martin Guillaume,https://www.procyclingstats.com/rider/guillaume-martin,Groupama - FDJ United,,,",,",214,1521
1,113,finished,137,,137,Hills,26,GB,Stewart Jake,https://www.procyclingstats.com/rider/jake-stewart,NSN Cycling Team,,,3:36,216,1523
1,114,finished,226,,226,Hills,28,IT,Oldani Stefano,https://www.procyclingstats.com/rider/stefano-oldani,Caja Rural - Seguros RGA,,,3:38,218,1525
1,115,finished,223,,223,GC,26,AU,Berwick Sebastian,https://www.procyclingstats.com/rider/sebastian-berwick,Caja Rural - Seguros RGA,,,",,",218,1525
1,116,finished,204,,204,Classic,28,FR,Delettre Alexandre,https://www.procyclingstats.com/rider/alexandre-delettre,TotalEnergies,,,3:41,221,1528
1,117,finished,48,,48,TT,24,GB,Walker Max,https://www.procyclingstats.com/rider/max-walker,EF Education - EasyPost,,,3:43,223,1530
1,118,finished,195,,195,Hills,25,NL,Pluimers Rick,https://www.procyclingstats.com/rider/rick-pluimers,Tudor Pro Cycling Team,,,3:45,225,1532
1,119,finished,192,,192,Sprint,32,NL,de Kleijn Arvid,https://www.procyclingstats.com/rider/arvid-de-kleijn,Tudor Pro Cycling Team,,,",,",225,1532
1,120,finished,125,,125,GC,26,NO,Johannessen Anders Halland,https://www.procyclingstats.com/rider/anders-halland-johannessen,Uno-X Mobility,,,3:50,230,1537
1,121,finished,163,,163,Classic,30,ES,Aranburu Alex,https://www.procyclingstats.com/rider/alex-aranburu,Cofidis,,,3:54,234,1541
1,122,finished,122,,122,Classic,30,NO,Abrahamsen Jonas,https://www.procyclingstats.com/rider/jonas-abrahamsen,Uno-X Mobility,,,3:55,235,1542
1,123,finished,124,,124,Hills,33,DK,Cort Magnus,https://www.procyclingstats.com/rider/magnus-cort-nielsen,Uno-X Mobility,,,",,",235,1542
1,124,finished,135,,135,Classic,26,FR,Louvel Matis,https://www.procyclingstats.com/rider/matis-louvel,NSN Cycling Team,,,",,",235,1542
1,125,finished,75,,75,Classic,31,SI,Mohorič Matej,https://www.procyclingstats.com/rider/matej-mohoric,Bahrain - Victorious,,,3:56,236,1543
1,126,finished,106,,106,Classic,31,BE,Planckaert Edward,https://www.procyclingstats.com/rider/edward-planckaert,Alpecin - Premier Tech,,,3:58,238,1545
1,127,finished,126,,126,Classic,31,NO,Skaarseth Anders,https://www.procyclingstats.com/rider/anders-skaarseth,Uno-X Mobility,,,3:59,239,1546
1,128,finished,57,,57,GC,29,FR,Prodhomme Nicolas,https://www.procyclingstats.com/rider/nicolas-prodhomme,Decathlon CMA CGM Team,,,4:01,241,1548
1,129,finished,207,,207,Classic,32,FR,Turgis Anthony,https://www.procyclingstats.com/rider/anthony-turgis,TotalEnergies,,,4:03,243,1550
1,130,finished,221,,221,Sprint,31,CO,Gaviria Fernando,https://www.procyclingstats.com/rider/fernando-gaviria,Caja Rural - Seguros RGA,,,4:05,245,1552
1,131,finished,22,,22,TT,35,IT,Cattaneo Mattia,https://www.procyclingstats.com/rider/mattia-cattaneo,Red Bull - BORA - hansgrohe,,,4:06,246,1553
1,132,finished,26,,26,TT,36,SI,Tratnik Jan,https://www.procyclingstats.com/rider/jan-tratnik,Red Bull - BORA - hansgrohe,,,",,",246,1553
1,133,finished,158,,158,Classic,28,DE,Zimmermann Georg,https://www.procyclingstats.com/rider/georg-zimmermann,Lotto Intermarché,,,",,",246,1553
1,134,finished,154,,154,GC,24,BE,Craps Lars,https://www.procyclingstats.com/rider/lars-craps,Lotto Intermarché,,,4:08,248,1555
1,135,finished,155,,155,GC,25,BE,Slock Liam,https://www.procyclingstats.com/rider/liam-slock,Lotto Intermarché,,,",,",248,1555
1,136,finished,157,,157,Hills,26,FR,Veistroffer Baptiste,https://www.procyclingstats.com/rider/baptiste-veistroffer,Lotto Intermarché,,,",,",248,1555
1,137,finished,151,,151,Classic,24,BE,De Lie Arnaud,https://www.procyclingstats.com/rider/arnaud-de-lie,Lotto Intermarché,,,4:09,249,1556
1,138,finished,164,,164,Classic,30,BE,Biermans Jenthe,https://www.procyclingstats.com/rider/jenthe-biermans,Cofidis,,,4:10,250,1557
1,139,finished,167,,167,Classic,24,FR,Page Hugo,https://www.procyclingstats.com/rider/hugo-page,Cofidis,,,",,",250,1557
1,140,finished,55,,55,Sprint,24,NL,Kooij Olav,https://www.procyclingstats.com/rider/olav-kooij,Decathlon CMA CGM Team,,,4:12,252,1559
1,141,finished,54,,54,TT,27,NL,Hoole Daan,https://www.procyclingstats.com/rider/daan-hoole,Decathlon CMA CGM Team,,,",,",252,1559
1,142,finished,227,,227,GC,28,CZ,Otruba Jakub,https://www.procyclingstats.com/rider/jakub-otruba,Caja Rural - Seguros RGA,,,",,",252,1559
1,143,finished,76,,76,Hills,27,AU,Stannard Robert,https://www.procyclingstats.com/rider/robert-stannard,Bahrain - Victorious,,,4:15,255,1562
1,144,finished,128,,128,Classic,26,NO,Wærenskjold Søren,https://www.procyclingstats.com/rider/soren-waerenskjold,Uno-X Mobility,,,",,",255,1562
1,145,finished,36,,36,Classic,35,LV,Skujiņš Toms,https://www.procyclingstats.com/rider/toms-skujins,Lidl - Trek,,,4:16,256,1563
1,146,finished,173,,173,GC,31,AU,Harper Chris,https://www.procyclingstats.com/rider/chris-harper,Pinarello Q36.5 Pro Cycling Team,,,4:21,261,1568
1,147,finished,38,,38,GC,33,ES,Verona Carlos,https://www.procyclingstats.com/rider/carlos-verona,Lidl - Trek,,,4:22,262,1569
1,148,finished,33,,33,Classic,30,DK,Pedersen Mads,https://www.procyclingstats.com/rider/mads-pedersen,Lidl - Trek,,,",,",262,1569
1,149,finished,15,,15,Classic,22,NO,Hagenes Per Strand,https://www.procyclingstats.com/rider/per-strand-hagenes,Team Visma | Lease a Bike,,,4:23,263,1570
1,150,finished,12,,12,TT,30,IT,Affini Edoardo,https://www.procyclingstats.com/rider/edoardo-affini,Team Visma | Lease a Bike,,,",,",263,1570
1,151,finished,34,,34,Hills,25,US,Simmons Quinn,https://www.procyclingstats.com/rider/quinn-simmons,Lidl - Trek,,,",,",263,1570
1,152,finished,92,,92,Classic,29,NL,Eenkhoorn Pascal,https://www.procyclingstats.com/rider/pascal-eenkhoorn,Soudal Quick-Step,,,4:26,266,1573
1,153,finished,5,,5,Classic,32,DE,Politt Nils,https://www.procyclingstats.com/rider/nils-politt,UAE Team Emirates - XRG,,,4:27,267,1574
1,154,finished,8,,8,Climber,33,GB,Yates Adam,https://www.procyclingstats.com/rider/adam-yates,UAE Team Emirates - XRG,,,",,",267,1574
1,155,finished,177,,177,Classic,28,BE,Van Moer Brent,https://www.procyclingstats.com/rider/brent-van-moer,Pinarello Q36.5 Pro Cycling Team,,,",,",267,1574
1,156,finished,225,,225,Hills,28,ES,Nicolau Joel,https://www.procyclingstats.com/rider/joel-nicolau,Caja Rural - Seguros RGA,,,4:28,268,1575
1,157,finished,53,,53,Sprint,30,NL,Bol Cees,https://www.procyclingstats.com/rider/cees-bol,Decathlon CMA CGM Team,,,4:31,271,1578
1,158,finished,165,,165,Classic,25,BE,Fretin Milan,https://www.procyclingstats.com/rider/milan-fretin,Cofidis,,,4:32,272,1579
1,159,finished,111,,111,GC,30,AU,O'Connor Ben,https://www.procyclingstats.com/rider/ben-o-connor,Team Jayco AlUla,,,4:33,273,1580
1,160,finished,116,,116,Classic,28,AU,O'Brien Kelland,https://www.procyclingstats.com/rider/kelland-brien,Team Jayco AlUla,,,",,",273,1580
1,161,finished,114,,114,Classic,25,DE,Engelhardt Felix,https://www.procyclingstats.com/rider/felix-engelhardt,Team Jayco AlUla,,,",,",273,1580
1,162,finished,203,,203,GC,25,FR,Delbove Joris,https://www.procyclingstats.com/rider/joris-delbove,TotalEnergies,,,4:34,274,1581
1,163,finished,118,,118,Hills,26,CH,Schmid Mauro,https://www.procyclingstats.com/rider/mauro-schmid,Team Jayco AlUla,,,4:35,275,1582
1,164,finished,74,,74,TT,35,PL,Gradek Kamil,https://www.procyclingstats.com/rider/kamil-gradek,Bahrain - Victorious,,,4:37,277,1584
1,165,finished,72,,72,Sprint,31,DE,Bauhaus Phil,https://www.procyclingstats.com/rider/phil-bauhaus,Bahrain - Victorious,,,",,",277,1584
1,166,finished,63,,63,GC,35,NZ,Gate Aaron,https://www.procyclingstats.com/rider/aaron-gate,XDS Astana Team,,,",,",277,1584
1,167,finished,66,,66,Classic,33,NL,Teunissen Mike,https://www.procyclingstats.com/rider/mike-teunissen,XDS Astana Team,,,4:46,286,1593
1,168,finished,62,,62,Classic,31,IT,Ballerini Davide,https://www.procyclingstats.com/rider/davide-ballerini,XDS Astana Team,,,",,",286,1593
1,169,finished,96,,96,Classic,33,BE,Van Lerberghe Bert,https://www.procyclingstats.com/rider/bert-van-lerberghe,Soudal Quick-Step,,,4:49,289,1596
1,170,finished,91,,91,Sprint,33,BE,Merlier Tim,https://www.procyclingstats.com/rider/tim-merlier,Soudal Quick-Step,,,",,",289,1596
1,171,finished,112,,112,Sprint,32,DE,Ackermann Pascal,https://www.procyclingstats.com/rider/pascal-ackermann,Team Jayco AlUla,,,4:51,291,1598
1,172,finished,113,,113,TT,35,AU,Durbridge Luke,https://www.procyclingstats.com/rider/luke-durbridge,Team Jayco AlUla,,,",,",291,1598
1,173,finished,205,,205,TT,28,FR,Guernalec Thibault,https://www.procyclingstats.com/rider/thibault-guernalec,TotalEnergies,,,4:52,292,1599
1,174,finished,68,,68,GC,23,KZ,Vinokurov Nicolas,https://www.procyclingstats.com/rider/nicolas-vinokurov,XDS Astana Team,,,4:54,294,1601
1,175,finished,197,,197,Classic,36,IT,Trentin Matteo,https://www.procyclingstats.com/rider/matteo-trentin,Tudor Pro Cycling Team,,,5:06,306,1613
1,176,finished,193,,193,Classic,35,AT,Haller Marco,https://www.procyclingstats.com/rider/marco-haller,Tudor Pro Cycling Team,,,",,",306,1613
1,177,finished,105,,105,Sprint,28,BE,Philipsen Jasper,https://www.procyclingstats.com/rider/jasper-philipsen,Alpecin - Premier Tech,,,5:07,307,1614
1,178,finished,103,,103,Classic,35,CH,Dillier Silvan,https://www.procyclingstats.com/rider/silvan-dillier,Alpecin - Premier Tech,,,",,",307,1614
1,179,finished,107,,107,Classic,32,BE,Rickaert Jonas,https://www.procyclingstats.com/rider/jonas-rickaert,Alpecin - Premier Tech,,,5:08,308,1615
1,180,finished,47,,47,Classic,34,DK,Valgren Michael,https://www.procyclingstats.com/rider/michael-valgren-andersen,EF Education - EasyPost,,,",,",308,1615
1,181,finished,23,,23,Hills,32,DE,Denz Nico,https://www.procyclingstats.com/rider/nico-denz,Red Bull - BORA - hansgrohe,,,5:13,313,1620
1,182,finished,27,,27,Classic,26,NL,van Dijke Tim,https://www.procyclingstats.com/rider/tim-van-dijke,Red Bull - BORA - hansgrohe,,,5:17,317,1624
1,183,finished,162,,162,Classic,31,BE,Allegaert Piet,https://www.procyclingstats.com/rider/piet-allegaert,Cofidis,,,5:33,333,1640
1,184,finished,67,,67,Classic,30,IT,Velasco Simone,https://www.procyclingstats.com/rider/simone-velasco,XDS Astana Team,,,5:58,358,1665
2,1,finished,4,16,2,Climber,22,MX,del Toro Isaac,https://www.procyclingstats.com/rider/isaac-del-toro,UAE Team Emirates - XRG,210.0,100.0,3:40:01,0,13201
2,2,finished,2,6,1,Climber,27,SI,Pogačar Tadej,https://www.procyclingstats.com/rider/tadej-pogacar,UAE Team Emirates - XRG,150.0,70.0,",,",0,13201
2,3,finished,3,15,21,Climber,26,BE,Evenepoel Remco,https://www.procyclingstats.com/rider/remco-evenepoel,Red Bull - BORA - hansgrohe,110.0,50.0,",,",0,13201
2,4,finished,1,0,11,GC,29,DK,Vingegaard Jonas,https://www.procyclingstats.com/rider/jonas-vingegaard,Team Visma | Lease a Bike,90.0,40.0,",,",0,13201
2,5,finished,16,96,35,Climber,25,DK,Skjelmose Mattias,https://www.procyclingstats.com/rider/mattias-skjelmose-jensen,Lidl - Trek,70.0,32.0,0:03,3,13204
2,6,finished,12,63,121,Climber,26,NO,Johannessen Tobias Halland,https://www.procyclingstats.com/rider/tobias-halland-johannessen,Uno-X Mobility,55.0,26.0,",,",3,13204
2,7,finished,7,44,181,Classic,23,FR,Grégoire Romain,https://www.procyclingstats.com/rider/romain-gregoire,Groupama - FDJ United,45.0,22.0,",,",3,13204
2,8,finished,9,53,71,Climber,22,FR,Martinez Lenny,https://www.procyclingstats.com/rider/lenny-martinez,Bahrain - Victorious,40.0,18.0,",,",3,13204
2,9,finished,6,42,51,Climber,19,FR,Seixas Paul,https://www.procyclingstats.com/rider/paul-seixas,Decathlon CMA CGM Team,35.0,14.0,",,",3,13204
2,10,finished,10,60,171,Classic,26,GB,Pidcock Tom,https://www.procyclingstats.com/rider/tom-pidcock,Pinarello Q36.5 Pro Cycling Team,30.0,10.0,",,",3,13204
2,11,finished,18,99,156,Climber,24,BE,Van Eetvelt Lennert,https://www.procyclingstats.com/rider/lennert-van-eetvelt,Lotto Intermarché,25.0,8.0,",,",3,13204
2,12,finished,5,19,31,Climber,23,ES,Ayuso Juan,https://www.procyclingstats.com/rider/juan-ayuso-pesquera,Lidl - Trek,20.0,6.0,",,",3,13204
2,13,finished,11,61,97,GC,26,BE,Van Wilder Ilan,https://www.procyclingstats.com/rider/ilan-van-wilder,Soudal Quick-Step,15.0,4.0,",,",3,13204
2,14,finished,19,103,41,Climber,33,EC,Carapaz Richard,https://www.procyclingstats.com/rider/richard-carapaz,EF Education - EasyPost,10.0,2.0,0:07,7,13208
2,15,finished,13,67,43,Climber,25,FR,Baudin Alex,https://www.procyclingstats.com/rider/alex-baudin,EF Education - EasyPost,5.0,1.0,0:10,10,13211
2,16,finished,8,45,25,GC,25,DE,Lipowitz Florian,https://www.procyclingstats.com/rider/florian-lipowitz,Red Bull - BORA - hansgrohe,,,",,",10,13211
2,17,finished,22,140,141,GC,23,BE,Uijtdebroeks Cian,https://www.procyclingstats.com/rider/cian-uijtdebroeks,Movistar Team,,,0:27,27,13228
2,18,finished,35,306,8,Climber,33,GB,Yates Adam,https://www.procyclingstats.com/rider/adam-yates,UAE Team Emirates - XRG,,,0:39,39,13240
2,19,finished,26,181,61,Climber,28,CO,Higuita Sergio,https://www.procyclingstats.com/rider/sergio-higuita,XDS Astana Team,,,0:43,43,13244
2,20,finished,14,81,83,TT,29,NO,Foss Tobias,https://www.procyclingstats.com/rider/tobias-foss,Netcompany INEOS,,,",,",43,13244
2,21,finished,20,108,82,GC,26,NL,Arensman Thymen,https://www.procyclingstats.com/rider/thymen-arensman,Netcompany INEOS,,,0:47,47,13248
2,22,finished,15,86,101,Classic,31,NL,van der Poel Mathieu,https://www.procyclingstats.com/rider/mathieu-van-der-poel,Alpecin - Premier Tech,,,",,",47,13248
2,23,finished,31,233,81,GC,29,CO,Bernal Egan,https://www.procyclingstats.com/rider/egan-bernal,Netcompany INEOS,,,",,",47,13248
2,24,finished,34,283,163,Classic,30,ES,Aranburu Alex,https://www.procyclingstats.com/rider/alex-aranburu,Cofidis,,,0:49,49,13250
2,25,finished,29,217,65,Climber,29,CO,Tejada Harold,https://www.procyclingstats.com/rider/harold-tejada,XDS Astana Team,,,0:51,51,13252
2,26,finished,25,152,228,GC,29,ES,Parra José Félix,https://www.procyclingstats.com/rider/jose-felix-parra,Caja Rural - Seguros RGA,,,0:54,54,13255
2,27,finished,23,144,198,GC,27,CH,Voisard Yannis,https://www.procyclingstats.com/rider/yannis-voisard,Tudor Pro Cycling Team,,,1:10,70,13271
2,28,finished,17,98,18,GC,23,IT,Piganzoli Davide,https://www.procyclingstats.com/rider/davide-piganzoli,Team Visma | Lease a Bike,,,",,",70,13271
2,29,finished,21,132,201,Climber,27,FR,Jegat Jordan,https://www.procyclingstats.com/rider/jordan-jegat,TotalEnergies,,,",,",70,13271
2,30,finished,24,148,161,GC,37,ES,Izagirre Ion,https://www.procyclingstats.com/rider/ion-izagirre,Cofidis,,,1:11,71,13272
2,31,finished,32,244,147,GC,27,ES,Romo Javier,https://www.procyclingstats.com/rider/javier-romo,Movistar Team,,,1:18,78,13279
2,32,finished,27,190,222,GC,25,ES,Balderstone Abel,https://www.procyclingstats.com/rider/abel-balderstone-roumens,Caja Rural - Seguros RGA,,,",,",78,13279
2,33,finished,37,370,203,GC,25,FR,Delbove Joris,https://www.procyclingstats.com/rider/joris-delbove,TotalEnergies,,,1:36,96,13297
2,34,finished,30,227,45,GC,26,US,Quinn Sean,https://www.procyclingstats.com/rider/sean-quinn,EF Education - EasyPost,,,1:39,99,13300
2,35,finished,28,204,127,GC,30,NO,Træen Torstein,https://www.procyclingstats.com/rider/torstein-traeen,Uno-X Mobility,,,1:55,115,13316
2,36,finished,33,259,24,Climber,30,AU,Hindley Jai,https://www.procyclingstats.com/rider/jai-hindley,Red Bull - BORA - hansgrohe,,,",,",115,13316
2,37,finished,36,314,52,Classic,32,BE,Benoot Tiesj,https://www.procyclingstats.com/rider/tiesj-benoot,Decathlon CMA CGM Team,,,",,",115,13316
2,38,finished,38,374,37,TT,24,CZ,Vacek Mathias,https://www.procyclingstats.com/rider/mathias-vacek,Lidl - Trek,,,5:02,302,13503
2,39,finished,42,448,4,GC,28,US,McNulty Brandon,https://www.procyclingstats.com/rider/brandon-mcnulty,UAE Team Emirates - XRG,,,",,",302,13503
2,40,finished,51,604,111,GC,30,AU,O'Connor Ben,https://www.procyclingstats.com/rider/ben-o-connor,Team Jayco AlUla,,,5:31,331,13532
2,41,finished,39,381,58,Climber,24,US,Riccitello Matthew,https://www.procyclingstats.com/rider/matthew-riccitello,Decathlon CMA CGM Team,,,",,",331,13532
2,42,finished,49,545,186,Climber,33,FR,Martin Guillaume,https://www.procyclingstats.com/rider/guillaume-martin,Groupama - FDJ United,,,",,",331,13532
2,43,finished,41,407,133,GC,36,NZ,Bennett George,https://www.procyclingstats.com/rider/george-bennett,NSN Cycling Team,,,",,",331,13532
2,44,finished,43,448,117,GC,25,AU,Plapp Luke,https://www.procyclingstats.com/rider/luke-plapp,Team Jayco AlUla,,,",,",331,13532
2,45,finished,44,454,32,Climber,28,CA,Gee-West Derek,https://www.procyclingstats.com/rider/derek-gee,Lidl - Trek,,,",,",331,13532
2,46,finished,40,391,77,GC,25,IT,Tiberi Antonio,https://www.procyclingstats.com/rider/antonio-tiberi,Bahrain - Victorious,,,5:44,344,13545
2,47,finished,47,520,174,Hills,30,BE,Hermans Quinten,https://www.procyclingstats.com/rider/quinten-hermans,Pinarello Q36.5 Pro Cycling Team,,,5:57,357,13558
2,48,finished,46,513,16,GC,27,US,Jorgenson Matteo,https://www.procyclingstats.com/rider/matteo-jorgenson,Team Visma | Lease a Bike,,,6:03,363,13564
2,49,finished,54,656,118,Hills,26,CH,Schmid Mauro,https://www.procyclingstats.com/rider/mauro-schmid,Team Jayco AlUla,,,6:21,381,13582
2,50,finished,52,620,13,TT,32,FR,Armirail Bruno,https://www.procyclingstats.com/rider/bruno-armirail,Team Visma | Lease a Bike,,,6:52,412,13613
2,51,finished,45,486,88,GC,25,FR,Vauquelin Kévin,https://www.procyclingstats.com/rider/kevin-vauquelin,Netcompany INEOS,,,",,",412,13613
2,52,finished,48,530,17,Climber,31,US,Kuss Sepp,https://www.procyclingstats.com/rider/sepp-kuss,Team Visma | Lease a Bike,,,",,",412,13613
2,53,finished,53,642,125,GC,26,NO,Johannessen Anders Halland,https://www.procyclingstats.com/rider/anders-halland-johannessen,Uno-X Mobility,,,",,",412,13613
2,54,finished,50,585,183,Climber,26,FR,Braz Afonso Clément,https://www.procyclingstats.com/rider/clement-braz-afonso,Groupama - FDJ United,,,7:15,435,13636
2,55,finished,62,759,126,Classic,31,NO,Skaarseth Anders,https://www.procyclingstats.com/rider/anders-skaarseth,Uno-X Mobility,,,8:40,520,13721
2,56,finished,78,834,92,Classic,29,NL,Eenkhoorn Pascal,https://www.procyclingstats.com/rider/pascal-eenkhoorn,Soudal Quick-Step,,,9:28,568,13769
2,57,finished,55,658,46,Climber,24,DE,Steinhauser Georg,https://www.procyclingstats.com/rider/georg-steinhauser,EF Education - EasyPost,,,",,",568,13769
2,58,finished,71,814,158,Classic,28,DE,Zimmermann Georg,https://www.procyclingstats.com/rider/georg-zimmermann,Lotto Intermarché,,,",,",568,13769
2,59,finished,68,793,195,Hills,25,NL,Pluimers Rick,https://www.procyclingstats.com/rider/rick-pluimers,Tudor Pro Cycling Team,,,",,",568,13769
2,60,finished,56,683,215,GC,22,BE,Dhondt Robbe,https://www.procyclingstats.com/rider/robbe-dhondt,Team Picnic PostNL,,,",,",568,13769
2,61,finished,65,786,223,GC,26,AU,Berwick Sebastian,https://www.procyclingstats.com/rider/sebastian-berwick,Caja Rural - Seguros RGA,,,",,",568,13769
2,62,finished,70,809,57,GC,29,FR,Prodhomme Nicolas,https://www.procyclingstats.com/rider/nicolas-prodhomme,Decathlon CMA CGM Team,,,",,",568,13769
2,63,finished,64,776,98,GC,32,BE,Vervaeke Louis,https://www.procyclingstats.com/rider/louis-vervaeke,Soudal Quick-Step,,,",,",568,13769
2,64,finished,58,713,194,Classic,27,CH,Hirschi Marc,https://www.procyclingstats.com/rider/marc-hirschi,Tudor Pro Cycling Team,,,",,",568,13769
2,65,finished,72,816,154,GC,24,BE,Craps Lars,https://www.procyclingstats.com/rider/lars-craps,Lotto Intermarché,,,",,",568,13769
2,66,finished,57,699,108,Climber,24,BE,Verstrynge Emiel,https://www.procyclingstats.com/rider/emiel-verstrynge,Alpecin - Premier Tech,,,",,",568,13769
2,67,finished,77,829,173,GC,31,AU,Harper Chris,https://www.procyclingstats.com/rider/chris-harper,Pinarello Q36.5 Pro Cycling Team,,,",,",568,13769
2,68,finished,59,740,102,Climber,23,BE,Debruyne Ramses,https://www.procyclingstats.com/rider/ramses-debruyne,Alpecin - Premier Tech,,,9:40,580,13781
2,69,finished,73,822,187,Hills,34,FR,Pacher Quentin,https://www.procyclingstats.com/rider/quentin-pacher,Groupama - FDJ United,,,10:24,624,13825
2,70,finished,104,929,225,Hills,28,ES,Nicolau Joel,https://www.procyclingstats.com/rider/joel-nicolau,Caja Rural - Seguros RGA,,,11:01,661,13862
2,71,finished,66,790,28,Classic,26,BE,Van Gils Maxim,https://www.procyclingstats.com/rider/maxim-van-gils,Red Bull - BORA - hansgrohe,,,11:06,666,13867
2,72,finished,88,876,176,GC,34,BE,Meurisse Xandro,https://www.procyclingstats.com/rider/xandro-meurisse,Pinarello Q36.5 Pro Cycling Team,,,",,",666,13867
2,73,finished,82,858,73,GC,38,IT,Caruso Damiano,https://www.procyclingstats.com/rider/damiano-caruso,Bahrain - Victorious,,,",,",666,13867
2,74,finished,110,958,205,TT,28,FR,Guernalec Thibault,https://www.procyclingstats.com/rider/thibault-guernalec,TotalEnergies,,,",,",666,13867
2,75,finished,83,860,134,Climber,26,IT,Frigo Marco,https://www.procyclingstats.com/rider/marco-frigo,NSN Cycling Team,,,",,",666,13867
2,76,finished,98,921,76,Hills,27,AU,Stannard Robert,https://www.procyclingstats.com/rider/robert-stannard,Bahrain - Victorious,,,",,",666,13867
2,77,finished,74,822,146,TT,37,PT,Oliveira Nelson,https://www.procyclingstats.com/rider/nelson-oliveira,Movistar Team,,,",,",666,13867
2,78,finished,84,861,185,GC,24,IT,Germani Lorenzo,https://www.procyclingstats.com/rider/lorenzo-germani,Groupama - FDJ United,,,",,",666,13867
2,79,finished,85,861,184,GC,23,FR,Costiou Ewen,https://www.procyclingstats.com/rider/ewen-costiou,Groupama - FDJ United,,,",,",666,13867
2,80,finished,89,887,204,Classic,28,FR,Delettre Alexandre,https://www.procyclingstats.com/rider/alexandre-delettre,TotalEnergies,,,",,",666,13867
2,81,finished,75,823,208,Hills,25,FR,Vercher Mattéo,https://www.procyclingstats.com/rider/matheo-vercher,TotalEnergies,,,",,",666,13867
2,82,finished,76,823,202,GC,26,FR,Breuillard Nicolas,https://www.procyclingstats.com/rider/nicolas-breuillard,TotalEnergies,,,",,",666,13867
2,83,finished,96,912,22,TT,35,IT,Cattaneo Mattia,https://www.procyclingstats.com/rider/mattia-cattaneo,Red Bull - BORA - hansgrohe,,,",,",666,13867
2,84,finished,86,861,168,TT,30,FR,Thomas Benjamin,https://www.procyclingstats.com/rider/benjamin-thomas-2,Cofidis,,,",,",666,13867
2,85,finished,69,800,87,TT,22,GB,Tarling Joshua,https://www.procyclingstats.com/rider/joshua-tarling,Netcompany INEOS,,,",,",666,13867
2,86,finished,79,846,86,Classic,36,PL,Kwiatkowski Michał,https://www.procyclingstats.com/rider/michal-kwiatkowski,Netcompany INEOS,,,",,",666,13867
2,87,finished,108,952,66,Classic,33,NL,Teunissen Mike,https://www.procyclingstats.com/rider/mike-teunissen,XDS Astana Team,,,",,",666,13867
2,88,finished,109,957,113,TT,35,AU,Durbridge Luke,https://www.procyclingstats.com/rider/luke-durbridge,Team Jayco AlUla,,,",,",666,13867
2,89,finished,67,792,95,Classic,34,NL,van Baarle Dylan,https://www.procyclingstats.com/rider/dylan-van-baarle,Soudal Quick-Step,,,",,",666,13867
2,90,finished,60,744,144,Climber,25,ES,García Pierna Raúl,https://www.procyclingstats.com/rider/raul-garcia-pierna,Movistar Team,,,",,",666,13867
2,91,finished,61,751,191,Classic,34,FR,Alaphilippe Julian,https://www.procyclingstats.com/rider/julian-alaphilippe,Tudor Pro Cycling Team,,,",,",666,13867
2,92,finished,63,768,115,Classic,35,AU,Matthews Michael,https://www.procyclingstats.com/rider/michael-matthews,Team Jayco AlUla,,,11:57,717,13918
2,93,finished,92,894,93,Climber,25,FR,Paret-Peintre Valentin,https://www.procyclingstats.com/rider/valentin-paret-peintre,Soudal Quick-Step,,,12:08,728,13929
2,94,finished,99,923,188,Classic,31,FR,Russo Clément,https://www.procyclingstats.com/rider/clement-russo,Groupama - FDJ United,,,",,",728,13929
2,95,finished,100,924,216,Sprint,27,DE,Märkl Niklas,https://www.procyclingstats.com/rider/niklas-markl,Team Picnic PostNL,,,",,",728,13929
2,96,finished,80,850,56,GC,30,FR,Paret-Peintre Aurélien,https://www.procyclingstats.com/rider/aurelien-paret-peintre,Decathlon CMA CGM Team,,,",,",728,13929
2,97,finished,122,1005,63,GC,35,NZ,Gate Aaron,https://www.procyclingstats.com/rider/aaron-gate,XDS Astana Team,,,",,",728,13929
2,98,finished,105,936,14,TT,34,BE,Campenaerts Victor,https://www.procyclingstats.com/rider/victor-campenaerts,Team Visma | Lease a Bike,,,",,",728,13929
2,99,finished,95,910,7,GC,35,BE,Wellens Tim,https://www.procyclingstats.com/rider/tim-wellens,UAE Team Emirates - XRG,,,",,",728,13929
2,100,finished,93,902,3,GC,32,AT,Großschartner Felix,https://www.procyclingstats.com/rider/felix-grossschartner,UAE Team Emirates - XRG,,,",,",728,13929
2,101,finished,81,854,206,Hills,25,FR,Le Berre Mathis,https://www.procyclingstats.com/rider/mathis-le-berre,TotalEnergies,,,",,",728,13929
2,102,finished,114,990,38,GC,33,ES,Verona Carlos,https://www.procyclingstats.com/rider/carlos-verona,Lidl - Trek,,,",,",728,13929
2,103,finished,135,1036,107,Classic,32,BE,Rickaert Jonas,https://www.procyclingstats.com/rider/jonas-rickaert,Alpecin - Premier Tech,,,",,",728,13929
2,104,finished,97,919,42,TT,31,DK,Asgreen Kasper,https://www.procyclingstats.com/rider/kasper-asgreen,EF Education - EasyPost,,,",,",728,13929
2,105,finished,111,959,48,TT,24,GB,Walker Max,https://www.procyclingstats.com/rider/max-walker,EF Education - EasyPost,,,12:16,736,13937
2,106,finished,136,1044,47,Classic,34,DK,Valgren Michael,https://www.procyclingstats.com/rider/michael-valgren-andersen,EF Education - EasyPost,,,",,",736,13937
2,107,finished,103,927,44,Climber,25,IE,Healy Ben,https://www.procyclingstats.com/rider/ben-healy,EF Education - EasyPost,,,",,",736,13937
2,108,finished,91,892,145,Hills,25,DE,Hessmann Michel,https://www.procyclingstats.com/rider/michel-hessmann,Movistar Team,,,",,",736,13937
2,109,finished,87,866,153,Classic,25,BE,Berckmoes Jenno,https://www.procyclingstats.com/rider/jenno-berckmoes,Lotto Intermarché,,,",,",736,13937
2,110,finished,107,944,132,Classic,25,GB,Askey Lewis,https://www.procyclingstats.com/rider/lewis-askey,NSN Cycling Team,,,12:30,750,13951
2,111,finished,123,1005,106,Classic,31,BE,Planckaert Edward,https://www.procyclingstats.com/rider/edward-planckaert,Alpecin - Premier Tech,,,12:47,767,13968
2,112,finished,155,1086,114,Classic,25,DE,Engelhardt Felix,https://www.procyclingstats.com/rider/felix-engelhardt,Team Jayco AlUla,,,13:33,813,14014
2,113,finished,152,1080,5,Classic,32,DE,Politt Nils,https://www.procyclingstats.com/rider/nils-politt,UAE Team Emirates - XRG,,,",,",813,14014
2,114,finished,137,1048,122,Classic,30,NO,Abrahamsen Jonas,https://www.procyclingstats.com/rider/jonas-abrahamsen,Uno-X Mobility,,,",,",813,14014
2,115,finished,125,1007,138,Sprint,36,BE,Van Asbroeck Tom,https://www.procyclingstats.com/rider/tom-van-asbroeck,NSN Cycling Team,,,",,",813,14014
2,116,finished,163,1120,103,Classic,35,CH,Dillier Silvan,https://www.procyclingstats.com/rider/silvan-dillier,Alpecin - Premier Tech,,,",,",813,14014
2,117,finished,160,1107,68,GC,23,KZ,Vinokurov Nicolas,https://www.procyclingstats.com/rider/nicolas-vinokurov,XDS Astana Team,,,",,",813,14014
2,118,finished,145,1063,167,Classic,24,FR,Page Hugo,https://www.procyclingstats.com/rider/hugo-page,Cofidis,,,",,",813,14014
2,119,finished,128,1018,148,Climber,28,CO,Rubio Einer,https://www.procyclingstats.com/rider/einer-rubio,Movistar Team,,,",,",813,14014
2,120,finished,165,1126,23,Hills,32,DE,Denz Nico,https://www.procyclingstats.com/rider/nico-denz,Red Bull - BORA - hansgrohe,,,",,",813,14014
2,121,finished,106,943,85,Hills,30,FR,Godon Dorian,https://www.procyclingstats.com/rider/dorian-godon,Netcompany INEOS,,,",,",813,14014
2,122,finished,116,998,211,Climber,34,FR,Barguil Warren,https://www.procyclingstats.com/rider/warren-barguil,Team Picnic PostNL,,,",,",813,14014
2,123,finished,117,998,214,Classic,37,DE,Degenkolb John,https://www.procyclingstats.com/rider/john-degenkolb,Team Picnic PostNL,,,",,",813,14014
2,124,finished,132,1023,172,TT,27,ES,Azparren Xabier Mikel,https://www.procyclingstats.com/rider/xabier-mikel-azparren-irurzun,Pinarello Q36.5 Pro Cycling Team,,,",,",813,14014
2,125,finished,127,1014,175,GC,33,AU,Howson Damien,https://www.procyclingstats.com/rider/damien-howson,Pinarello Q36.5 Pro Cycling Team,,,",,",813,14014
2,126,finished,101,924,143,GC,30,EC,Cepeda Jefferson Alveiro,https://www.procyclingstats.com/rider/jefferson-cepeda-hernandez,Movistar Team,,,",,",813,14014
2,127,finished,102,924,142,Climber,25,ES,Castrillo Pablo,https://www.procyclingstats.com/rider/pablo-castrillo-zapater,Movistar Team,,,",,",813,14014
2,128,finished,120,1003,104,Sprint,25,NL,Marsman Tim,https://www.procyclingstats.com/rider/tim-marsman,Alpecin - Premier Tech,,,",,",813,14014
2,129,finished,124,1005,123,GC,28,DK,Charmig Anthon,https://www.procyclingstats.com/rider/anthon-charmig,Uno-X Mobility,,,",,",813,14014
2,130,finished,141,1056,207,Classic,32,FR,Turgis Anthony,https://www.procyclingstats.com/rider/anthony-turgis,TotalEnergies,,,",,",813,14014
2,131,finished,138,1048,135,Classic,26,FR,Louvel Matis,https://www.procyclingstats.com/rider/matis-louvel,NSN Cycling Team,,,",,",813,14014
2,132,finished,164,1120,105,Sprint,28,BE,Philipsen Jasper,https://www.procyclingstats.com/rider/jasper-philipsen,Alpecin - Premier Tech,,,",,",813,14014
2,133,finished,112,979,94,Classic,34,BE,Stuyven Jasper,https://www.procyclingstats.com/rider/jasper-stuyven,Soudal Quick-Step,,,",,",813,14014
2,134,finished,153,1080,177,Classic,28,BE,Van Moer Brent,https://www.procyclingstats.com/rider/brent-van-moer,Pinarello Q36.5 Pro Cycling Team,,,",,",813,14014
2,135,finished,130,1021,6,Classic,27,BE,Vermeersch Florian,https://www.procyclingstats.com/rider/florian-vermeersch,UAE Team Emirates - XRG,,,",,",813,14014
2,136,finished,167,1130,27,Classic,26,NL,van Dijke Tim,https://www.procyclingstats.com/rider/tim-van-dijke,Red Bull - BORA - hansgrohe,,,",,",813,14014
2,137,finished,118,998,212,Classic,24,NL,Biesterbos Frits,https://www.procyclingstats.com/rider/frits-biesterbos,Team Picnic PostNL,,,",,",813,14014
2,138,finished,129,1020,196,Climber,29,AU,Storer Michael,https://www.procyclingstats.com/rider/michael-storer,Tudor Pro Cycling Team,,,",,",813,14014
2,139,finished,119,998,213,Sprint,23,CZ,Bittner Pavel,https://www.procyclingstats.com/rider/pavel-bittner,Team Picnic PostNL,,,",,",813,14014
2,140,finished,134,1031,226,Hills,28,IT,Oldani Stefano,https://www.procyclingstats.com/rider/stefano-oldani,Caja Rural - Seguros RGA,,,",,",813,14014
2,141,finished,142,1058,221,Sprint,31,CO,Gaviria Fernando,https://www.procyclingstats.com/rider/fernando-gaviria,Caja Rural - Seguros RGA,,,",,",813,14014
2,142,finished,121,1003,64,Sprint,28,DE,Kanter Max,https://www.procyclingstats.com/rider/max-kanter,XDS Astana Team,,,",,",813,14014
2,143,finished,146,1063,164,Classic,30,BE,Biermans Jenthe,https://www.procyclingstats.com/rider/jenthe-biermans,Cofidis,,,",,",813,14014
2,144,finished,147,1065,227,GC,28,CZ,Otruba Jakub,https://www.procyclingstats.com/rider/jakub-otruba,Caja Rural - Seguros RGA,,,",,",813,14014
2,145,finished,150,1069,36,Classic,35,LV,Skujiņš Toms,https://www.procyclingstats.com/rider/toms-skujins,Lidl - Trek,,,",,",813,14014
2,146,finished,126,1007,136,Classic,31,LV,Neilands Krists,https://www.procyclingstats.com/rider/krists-neilands,NSN Cycling Team,,,",,",813,14014
2,147,finished,159,1102,91,Sprint,33,BE,Merlier Tim,https://www.procyclingstats.com/rider/tim-merlier,Soudal Quick-Step,,,",,",813,14014
2,148,finished,148,1065,54,TT,27,NL,Hoole Daan,https://www.procyclingstats.com/rider/daan-hoole,Decathlon CMA CGM Team,,,",,",813,14014
2,149,finished,156,1098,165,Classic,25,BE,Fretin Milan,https://www.procyclingstats.com/rider/milan-fretin,Cofidis,,,13:46,826,14027
2,150,finished,149,1067,124,Hills,33,DK,Cort Magnus,https://www.procyclingstats.com/rider/magnus-cort-nielsen,Uno-X Mobility,,,13:52,832,14033
2,151,finished,151,1072,75,Classic,31,SI,Mohorič Matej,https://www.procyclingstats.com/rider/matej-mohoric,Bahrain - Victorious,,,13:56,836,14037
2,152,finished,154,1082,26,TT,36,SI,Tratnik Jan,https://www.procyclingstats.com/rider/jan-tratnik,Red Bull - BORA - hansgrohe,,,",,",836,14037
2,153,finished,158,1099,34,Hills,25,US,Simmons Quinn,https://www.procyclingstats.com/rider/quinn-simmons,Lidl - Trek,,,",,",836,14037
2,154,finished,115,994,166,TT,34,LU,Kirsch Alex,https://www.procyclingstats.com/rider/alex-kirsch,Cofidis,,,",,",836,14037
2,155,finished,139,1052,137,Hills,26,GB,Stewart Jake,https://www.procyclingstats.com/rider/jake-stewart,NSN Cycling Team,,,",,",836,14037
2,156,finished,157,1098,33,Classic,30,DK,Pedersen Mads,https://www.procyclingstats.com/rider/mads-pedersen,Lidl - Trek,,,",,",836,14037
2,157,finished,133,1026,131,Classic,26,ER,Girmay Biniam,https://www.procyclingstats.com/rider/biniam-girmay,NSN Cycling Team,,,",,",836,14037
2,158,finished,143,1061,192,Sprint,32,NL,de Kleijn Arvid,https://www.procyclingstats.com/rider/arvid-de-kleijn,Tudor Pro Cycling Team,,,",,",836,14037
2,159,finished,161,1113,72,Sprint,31,DE,Bauhaus Phil,https://www.procyclingstats.com/rider/phil-bauhaus,Bahrain - Victorious,,,",,",836,14037
2,160,finished,131,1021,217,Sprint,29,NL,van den Berg Julius,https://www.procyclingstats.com/rider/julius-van-den-berg,Team Picnic PostNL,,,",,",836,14037
2,161,finished,113,989,218,GC,25,NL,van den Broek Frank,https://www.procyclingstats.com/rider/frank-van-den-broek,Team Picnic PostNL,,,",,",836,14037
2,162,finished,166,1127,112,Sprint,32,DE,Ackermann Pascal,https://www.procyclingstats.com/rider/pascal-ackermann,Team Jayco AlUla,,,",,",836,14037
2,163,finished,162,1113,74,TT,35,PL,Gradek Kamil,https://www.procyclingstats.com/rider/kamil-gradek,Bahrain - Victorious,,,",,",836,14037
2,164,finished,173,1194,67,Classic,30,IT,Velasco Simone,https://www.procyclingstats.com/rider/simone-velasco,XDS Astana Team,,,",,",836,14037
2,165,finished,94,908,224,Hills,26,NL,Molenaar Alex,https://www.procyclingstats.com/rider/alex-molenaar,Caja Rural - Seguros RGA,,,",,",836,14037
2,166,finished,171,1169,162,Classic,31,BE,Allegaert Piet,https://www.procyclingstats.com/rider/piet-allegaert,Cofidis,,,",,",836,14037
2,167,finished,140,1053,78,Sprint,22,BE,Van Mechelen Vlad,https://www.procyclingstats.com/rider/vlad-van-mechelen,Bahrain - Victorious,,,14:20,860,14061
2,168,finished,144,1062,178,Hills,27,GB,Wright Fred,https://www.procyclingstats.com/rider/alfred-wright,Pinarello Q36.5 Pro Cycling Team,,,",,",860,14061
2,169,finished,90,891,84,TT,29,IT,Ganna Filippo,https://www.procyclingstats.com/rider/filippo-ganna,Netcompany INEOS,,,14:43,883,14084
2,170,finished,172,1180,96,Classic,33,BE,Van Lerberghe Bert,https://www.procyclingstats.com/rider/bert-van-lerberghe,Soudal Quick-Step,,,14:51,891,14092
2,171,finished,170,1165,15,Classic,22,NO,Hagenes Per Strand,https://www.procyclingstats.com/rider/per-strand-hagenes,Team Visma | Lease a Bike,,,15:02,902,14103
2,172,finished,169,1161,128,Classic,26,NO,Wærenskjold Søren,https://www.procyclingstats.com/rider/soren-waerenskjold,Uno-X Mobility,,,15:06,906,14107
2,173,finished,175,1235,197,Classic,36,IT,Trentin Matteo,https://www.procyclingstats.com/rider/matteo-trentin,Tudor Pro Cycling Team,,,15:29,929,14130
2,174,finished,168,1138,152,Hills,24,NL,Artz Huub,https://www.procyclingstats.com/rider/huub-artz,Lotto Intermarché,,,",,",929,14130
2,175,finished,174,1230,62,Classic,31,IT,Ballerini Davide,https://www.procyclingstats.com/rider/davide-ballerini,XDS Astana Team,,,15:44,944,14145
2,176,finished,178,1274,193,Classic,35,AT,Haller Marco,https://www.procyclingstats.com/rider/marco-haller,Tudor Pro Cycling Team,,,16:08,968,14169
2,177,finished,176,1241,155,GC,25,BE,Slock Liam,https://www.procyclingstats.com/rider/liam-slock,Lotto Intermarché,,,16:33,993,14194
2,178,finished,177,1270,12,TT,30,IT,Affini Edoardo,https://www.procyclingstats.com/rider/edoardo-affini,Team Visma | Lease a Bike,,,16:47,1007,14208
2,179,finished,180,1342,116,Classic,28,AU,O'Brien Kelland,https://www.procyclingstats.com/rider/kelland-brien,Team Jayco AlUla,,,17:49,1069,14270
2,180,finished,179,1340,55,Sprint,24,NL,Kooij Olav,https://www.procyclingstats.com/rider/olav-kooij,Decathlon CMA CGM Team,,,18:08,1088,14289
2,181,finished,183,1359,53,Sprint,30,NL,Bol Cees,https://www.procyclingstats.com/rider/cees-bol,Decathlon CMA CGM Team,,,",,",1088,14289
2,182,finished,181,1353,157,Hills,26,FR,Veistroffer Baptiste,https://www.procyclingstats.com/rider/baptiste-veistroffer,Lotto Intermarché,,,18:25,1105,14306
2,183,finished,182,1354,151,Classic,24,BE,De Lie Arnaud,https://www.procyclingstats.com/rider/arnaud-de-lie,Lotto Intermarché,,,",,",1105,14306
2,,DNS,,,182,Climber,28,FR,Berthet Clément,https://www.procyclingstats.com/rider/clement-berthet,Groupama - FDJ United,,,,,
3,1,finished,1,0,1,Climber,27,SI,Pogačar Tadej,https://www.procyclingstats.com/rider/tadej-pogacar,UAE Team Emirates - XRG,210.0,100.0,4:45:11,0,17111
3,2,finished,2,0,11,GC,29,DK,Vingegaard Jonas,https://www.procyclingstats.com/rider/jonas-vingegaard,Team Visma | Lease a Bike,150.0,70.0,0:02,2,17113
3,3,finished,12,105,41,Climber,33,EC,Carapaz Richard,https://www.procyclingstats.com/rider/richard-carapaz,EF Education - EasyPost,110.0,50.0,",,",2,17113
3,4,finished,6,48,51,Climber,19,FR,Seixas Paul,https://www.procyclingstats.com/rider/paul-seixas,Decathlon CMA CGM Team,90.0,40.0,",,",2,17113
3,5,finished,9,71,121,Climber,26,NO,Johannessen Tobias Halland,https://www.procyclingstats.com/rider/tobias-halland-johannessen,Uno-X Mobility,70.0,32.0,0:04,4,17115
3,6,finished,13,107,156,Climber,24,BE,Van Eetvelt Lennert,https://www.procyclingstats.com/rider/lennert-van-eetvelt,Lotto Intermarché,55.0,26.0,",,",4,17115
3,7,finished,7,53,25,GC,25,DE,Lipowitz Florian,https://www.procyclingstats.com/rider/florian-lipowitz,Red Bull - BORA - hansgrohe,45.0,22.0,",,",4,17115
3,8,finished,3,23,21,Climber,26,BE,Evenepoel Remco,https://www.procyclingstats.com/rider/remco-evenepoel,Red Bull - BORA - hansgrohe,40.0,18.0,",,",4,17115
3,9,finished,4,24,2,Climber,22,MX,del Toro Isaac,https://www.procyclingstats.com/rider/isaac-del-toro,UAE Team Emirates - XRG,35.0,14.0,",,",4,17115
3,10,finished,5,27,31,Climber,23,ES,Ayuso Juan,https://www.procyclingstats.com/rider/juan-ayuso-pesquera,Lidl - Trek,30.0,10.0,",,",4,17115
3,11,finished,14,110,35,Climber,25,DK,Skjelmose Mattias,https://www.procyclingstats.com/rider/mattias-skjelmose-jensen,Lidl - Trek,25.0,8.0,0:10,10,17121
3,12,finished,10,77,97,GC,26,BE,Van Wilder Ilan,https://www.procyclingstats.com/rider/ilan-van-wilder,Soudal Quick-Step,20.0,6.0,0:12,12,17123
3,13,finished,8,69,71,Climber,22,FR,Martinez Lenny,https://www.procyclingstats.com/rider/lenny-martinez,Bahrain - Victorious,15.0,4.0,",,",12,17123
3,14,finished,17,148,201,Climber,27,FR,Jegat Jordan,https://www.procyclingstats.com/rider/jordan-jegat,TotalEnergies,10.0,2.0,",,",12,17123
3,15,finished,18,203,61,Climber,28,CO,Higuita Sergio,https://www.procyclingstats.com/rider/sergio-higuita,XDS Astana Team,5.0,1.0,0:18,18,17129
3,16,finished,11,82,171,Classic,26,GB,Pidcock Tom,https://www.procyclingstats.com/rider/tom-pidcock,Pinarello Q36.5 Pro Cycling Team,,,",,",18,17129
3,17,finished,21,255,81,GC,29,CO,Bernal Egan,https://www.procyclingstats.com/rider/egan-bernal,Netcompany INEOS,,,",,",18,17129
3,18,finished,27,345,52,Classic,32,BE,Benoot Tiesj,https://www.procyclingstats.com/rider/tiesj-benoot,Decathlon CMA CGM Team,,,0:27,27,17138
3,19,finished,16,139,82,GC,26,NL,Arensman Thymen,https://www.procyclingstats.com/rider/thymen-arensman,Netcompany INEOS,,,",,",27,17138
3,20,finished,15,135,18,GC,23,IT,Piganzoli Davide,https://www.procyclingstats.com/rider/davide-piganzoli,Team Visma | Lease a Bike,,,0:33,33,17144
3,21,finished,30,437,77,GC,25,IT,Tiberi Antonio,https://www.procyclingstats.com/rider/antonio-tiberi,Bahrain - Victorious,,,0:42,42,17153
3,22,finished,37,792,102,Climber,23,BE,Debruyne Ramses,https://www.procyclingstats.com/rider/ramses-debruyne,Alpecin - Premier Tech,,,0:48,48,17159
3,23,finished,28,360,8,Climber,33,GB,Yates Adam,https://www.procyclingstats.com/rider/adam-yates,UAE Team Emirates - XRG,,,0:50,50,17161
3,24,finished,32,584,17,Climber,31,US,Kuss Sepp,https://www.procyclingstats.com/rider/sepp-kuss,Team Visma | Lease a Bike,,,",,",50,17161
3,25,finished,23,278,65,Climber,29,CO,Tejada Harold,https://www.procyclingstats.com/rider/harold-tejada,XDS Astana Team,,,0:57,57,17168
3,26,finished,43,988,142,Climber,25,ES,Castrillo Pablo,https://www.procyclingstats.com/rider/pablo-castrillo-zapater,Movistar Team,,,1:00,60,17171
3,27,finished,19,204,141,GC,23,BE,Uijtdebroeks Cian,https://www.procyclingstats.com/rider/cian-uijtdebroeks,Movistar Team,,,",,",60,17171
3,28,finished,34,615,186,Climber,33,FR,Martin Guillaume,https://www.procyclingstats.com/rider/guillaume-martin,Groupama - FDJ United,,,1:06,66,17177
3,29,finished,20,230,198,GC,27,CH,Voisard Yannis,https://www.procyclingstats.com/rider/yannis-voisard,Tudor Pro Cycling Team,,,1:22,82,17193
3,30,finished,24,306,127,GC,30,NO,Træen Torstein,https://www.procyclingstats.com/rider/torstein-traeen,Uno-X Mobility,,,1:38,98,17209
3,31,finished,29,361,24,Climber,30,AU,Hindley Jai,https://www.procyclingstats.com/rider/jai-hindley,Red Bull - BORA - hansgrohe,,,",,",98,17209
3,32,finished,26,334,45,GC,26,US,Quinn Sean,https://www.procyclingstats.com/rider/sean-quinn,EF Education - EasyPost,,,1:43,103,17214
3,33,finished,22,261,228,GC,29,ES,Parra José Félix,https://www.procyclingstats.com/rider/jose-felix-parra,Caja Rural - Seguros RGA,,,1:45,105,17216
3,34,finished,42,988,56,GC,30,FR,Paret-Peintre Aurélien,https://www.procyclingstats.com/rider/aurelien-paret-peintre,Decathlon CMA CGM Team,,,2:14,134,17245
3,35,finished,33,595,4,GC,28,US,McNulty Brandon,https://www.procyclingstats.com/rider/brandon-mcnulty,UAE Team Emirates - XRG,,,2:23,143,17254
3,36,finished,38,947,28,Classic,26,BE,Van Gils Maxim,https://www.procyclingstats.com/rider/maxim-van-gils,Red Bull - BORA - hansgrohe,,,2:33,153,17264
3,37,finished,39,966,57,GC,29,FR,Prodhomme Nicolas,https://www.procyclingstats.com/rider/nicolas-prodhomme,Decathlon CMA CGM Team,,,",,",153,17264
3,38,finished,31,536,37,TT,24,CZ,Vacek Mathias,https://www.procyclingstats.com/rider/mathias-vacek,Lidl - Trek,,,2:38,158,17269
3,39,finished,44,994,173,GC,31,AU,Harper Chris,https://www.procyclingstats.com/rider/chris-harper,Pinarello Q36.5 Pro Cycling Team,,,2:41,161,17272
3,40,finished,36,679,16,GC,27,US,Jorgenson Matteo,https://www.procyclingstats.com/rider/matteo-jorgenson,Team Visma | Lease a Bike,,,2:42,162,17273
3,41,finished,52,1272,34,Hills,25,US,Simmons Quinn,https://www.procyclingstats.com/rider/quinn-simmons,Lidl - Trek,,,2:49,169,17280
3,42,finished,48,1078,93,Climber,25,FR,Paret-Peintre Valentin,https://www.procyclingstats.com/rider/valentin-paret-peintre,Soudal Quick-Step,,,3:00,180,17291
3,43,finished,47,1020,202,GC,26,FR,Breuillard Nicolas,https://www.procyclingstats.com/rider/nicolas-breuillard,TotalEnergies,,,3:13,193,17304
3,44,finished,49,1201,38,GC,33,ES,Verona Carlos,https://www.procyclingstats.com/rider/carlos-verona,Lidl - Trek,,,3:27,207,17318
3,45,finished,41,970,126,Classic,31,NO,Skaarseth Anders,https://www.procyclingstats.com/rider/anders-skaarseth,Uno-X Mobility,,,",,",207,17318
3,46,finished,35,653,133,GC,36,NZ,Bennett George,https://www.procyclingstats.com/rider/george-bennett,NSN Cycling Team,,,4:02,242,17353
3,47,finished,25,319,43,Climber,25,FR,Baudin Alex,https://www.procyclingstats.com/rider/alex-baudin,EF Education - EasyPost,,,4:08,248,17359
3,48,finished,45,1004,144,Climber,25,ES,García Pierna Raúl,https://www.procyclingstats.com/rider/raul-garcia-pierna,Movistar Team,,,4:16,256,17367
3,49,finished,50,1208,3,GC,32,AT,Großschartner Felix,https://www.procyclingstats.com/rider/felix-grossschartner,UAE Team Emirates - XRG,,,5:02,302,17413
3,50,finished,54,1283,208,Hills,25,FR,Vercher Mattéo,https://www.procyclingstats.com/rider/matheo-vercher,TotalEnergies,,,7:36,456,17567
3,51,finished,68,1738,42,TT,31,DK,Asgreen Kasper,https://www.procyclingstats.com/rider/kasper-asgreen,EF Education - EasyPost,,,13:35,815,17926
3,52,finished,62,1641,146,TT,37,PT,Oliveira Nelson,https://www.procyclingstats.com/rider/nelson-oliveira,Movistar Team,,,",,",815,17926
3,53,finished,46,1009,222,GC,25,ES,Balderstone Abel,https://www.procyclingstats.com/rider/abel-balderstone-roumens,Caja Rural - Seguros RGA,,,",,",815,17926
3,54,finished,71,1837,148,Climber,28,CO,Rubio Einer,https://www.procyclingstats.com/rider/einer-rubio,Movistar Team,,,",,",815,17926
3,55,finished,40,967,161,GC,37,ES,Izagirre Ion,https://www.procyclingstats.com/rider/ion-izagirre,Cofidis,,,",,",815,17926
3,56,finished,59,1532,194,Classic,27,CH,Hirschi Marc,https://www.procyclingstats.com/rider/marc-hirschi,Tudor Pro Cycling Team,,,",,",815,17926
3,57,finished,55,1305,88,GC,25,FR,Vauquelin Kévin,https://www.procyclingstats.com/rider/kevin-vauquelin,Netcompany INEOS,,,",,",815,17926
3,58,finished,72,1839,196,Climber,29,AU,Storer Michael,https://www.procyclingstats.com/rider/michael-storer,Tudor Pro Cycling Team,,,",,",815,17926
3,59,finished,64,1680,185,GC,24,IT,Germani Lorenzo,https://www.procyclingstats.com/rider/lorenzo-germani,Groupama - FDJ United,,,",,",815,17926
3,60,finished,67,1731,22,TT,35,IT,Cattaneo Mattia,https://www.procyclingstats.com/rider/mattia-cattaneo,Red Bull - BORA - hansgrohe,,,",,",815,17926
3,61,finished,63,1677,73,GC,38,IT,Caruso Damiano,https://www.procyclingstats.com/rider/damiano-caruso,Bahrain - Victorious,,,",,",815,17926
3,62,finished,69,1755,14,TT,34,BE,Campenaerts Victor,https://www.procyclingstats.com/rider/victor-campenaerts,Team Visma | Lease a Bike,,,",,",815,17926
3,63,finished,56,1339,174,Hills,30,BE,Hermans Quinten,https://www.procyclingstats.com/rider/quinten-hermans,Pinarello Q36.5 Pro Cycling Team,,,",,",815,17926
3,64,finished,65,1695,176,GC,34,BE,Meurisse Xandro,https://www.procyclingstats.com/rider/xandro-meurisse,Pinarello Q36.5 Pro Cycling Team,,,",,",815,17926
3,65,finished,73,1888,36,Classic,35,LV,Skujiņš Toms,https://www.procyclingstats.com/rider/toms-skujins,Lidl - Trek,,,",,",815,17926
3,66,finished,57,1404,183,Climber,26,FR,Braz Afonso Clément,https://www.procyclingstats.com/rider/clement-braz-afonso,Groupama - FDJ United,,,",,",815,17926
3,67,finished,53,1273,32,Climber,28,CA,Gee-West Derek,https://www.procyclingstats.com/rider/derek-gee,Lidl - Trek,,,",,",815,17926
3,68,finished,75,1891,78,Sprint,22,BE,Van Mechelen Vlad,https://www.procyclingstats.com/rider/vlad-van-mechelen,Bahrain - Victorious,,,13:54,834,17945
3,69,finished,91,2176,67,Classic,30,IT,Velasco Simone,https://www.procyclingstats.com/rider/simone-velasco,XDS Astana Team,,,16:18,978,18089
3,70,finished,85,2129,124,Hills,33,DK,Cort Magnus,https://www.procyclingstats.com/rider/magnus-cort-nielsen,Uno-X Mobility,,,17:38,1058,18169
3,71,finished,101,2276,5,Classic,32,DE,Politt Nils,https://www.procyclingstats.com/rider/nils-politt,UAE Team Emirates - XRG,,,19:52,1192,18303
3,72,finished,77,1969,115,Classic,35,AU,Matthews Michael,https://www.procyclingstats.com/rider/michael-matthews,Team Jayco AlUla,,,19:57,1197,18308
3,73,finished,95,2249,122,Classic,30,NO,Abrahamsen Jonas,https://www.procyclingstats.com/rider/jonas-abrahamsen,Uno-X Mobility,,,",,",1197,18308
3,74,finished,87,2132,7,GC,35,BE,Wellens Tim,https://www.procyclingstats.com/rider/tim-wellens,UAE Team Emirates - XRG,,,20:18,1218,18329
3,75,finished,51,1266,181,Classic,23,FR,Grégoire Romain,https://www.procyclingstats.com/rider/romain-gregoire,Groupama - FDJ United,,,",,",1218,18329
3,76,finished,81,2056,92,Classic,29,NL,Eenkhoorn Pascal,https://www.procyclingstats.com/rider/pascal-eenkhoorn,Soudal Quick-Step,,,",,",1218,18329
3,77,finished,88,2146,143,GC,30,EC,Cepeda Jefferson Alveiro,https://www.procyclingstats.com/rider/jefferson-cepeda-hernandez,Movistar Team,,,",,",1218,18329
3,78,finished,58,1466,147,GC,27,ES,Romo Javier,https://www.procyclingstats.com/rider/javier-romo,Movistar Team,,,",,",1218,18329
3,79,finished,83,2076,206,Hills,25,FR,Le Berre Mathis,https://www.procyclingstats.com/rider/mathis-le-berre,TotalEnergies,,,",,",1218,18329
3,80,finished,79,2036,158,Classic,28,DE,Zimmermann Georg,https://www.procyclingstats.com/rider/georg-zimmermann,Lotto Intermarché,,,",,",1218,18329
3,81,finished,70,1830,111,GC,30,AU,O'Connor Ben,https://www.procyclingstats.com/rider/ben-o-connor,Team Jayco AlUla,,,20:22,1222,18333
3,82,finished,99,2267,226,Hills,28,IT,Oldani Stefano,https://www.procyclingstats.com/rider/stefano-oldani,Caja Rural - Seguros RGA,,,20:32,1232,18343
3,83,finished,78,2022,223,GC,26,AU,Berwick Sebastian,https://www.procyclingstats.com/rider/sebastian-berwick,Caja Rural - Seguros RGA,,,",,",1232,18343
3,84,finished,103,2301,227,GC,28,CZ,Otruba Jakub,https://www.procyclingstats.com/rider/jakub-otruba,Caja Rural - Seguros RGA,,,",,",1232,18343
3,85,finished,86,2132,204,Classic,28,FR,Delettre Alexandre,https://www.procyclingstats.com/rider/alexandre-delettre,TotalEnergies,,,20:41,1241,18352
3,86,finished,61,1615,203,GC,25,FR,Delbove Joris,https://www.procyclingstats.com/rider/joris-delbove,TotalEnergies,,,",,",1241,18352
3,87,finished,80,2037,95,Classic,34,NL,van Baarle Dylan,https://www.procyclingstats.com/rider/dylan-van-baarle,Soudal Quick-Step,,,",,",1241,18352
3,88,finished,94,2234,94,Classic,34,BE,Stuyven Jasper,https://www.procyclingstats.com/rider/jasper-stuyven,Soudal Quick-Step,,,20:51,1251,18362
3,89,finished,92,2191,44,Climber,25,IE,Healy Ben,https://www.procyclingstats.com/rider/ben-healy,EF Education - EasyPost,,,21:00,1260,18371
3,90,finished,76,1948,118,Hills,26,CH,Schmid Mauro,https://www.procyclingstats.com/rider/mauro-schmid,Team Jayco AlUla,,,21:28,1288,18399
3,91,finished,128,2503,103,Classic,35,CH,Dillier Silvan,https://www.procyclingstats.com/rider/silvan-dillier,Alpecin - Premier Tech,,,22:59,1379,18490
3,92,finished,123,2469,114,Classic,25,DE,Engelhardt Felix,https://www.procyclingstats.com/rider/felix-engelhardt,Team Jayco AlUla,,,",,",1379,18490
3,93,finished,107,2335,66,Classic,33,NL,Teunissen Mike,https://www.procyclingstats.com/rider/mike-teunissen,XDS Astana Team,,,",,",1379,18490
3,94,finished,105,2306,188,Classic,31,FR,Russo Clément,https://www.procyclingstats.com/rider/clement-russo,Groupama - FDJ United,,,",,",1379,18490
3,95,finished,93,2205,187,Hills,34,FR,Pacher Quentin,https://www.procyclingstats.com/rider/quentin-pacher,Groupama - FDJ United,,,",,",1379,18490
3,96,finished,90,2176,195,Hills,25,NL,Pluimers Rick,https://www.procyclingstats.com/rider/rick-pluimers,Tudor Pro Cycling Team,,,",,",1379,18490
3,97,finished,96,2249,153,Classic,25,BE,Berckmoes Jenno,https://www.procyclingstats.com/rider/jenno-berckmoes,Lotto Intermarché,,,",,",1379,18490
3,98,finished,112,2388,123,GC,28,DK,Charmig Anthon,https://www.procyclingstats.com/rider/anthon-charmig,Uno-X Mobility,,,",,",1379,18490
3,99,finished,114,2397,175,GC,33,AU,Howson Damien,https://www.procyclingstats.com/rider/damien-howson,Pinarello Q36.5 Pro Cycling Team,,,",,",1379,18490
3,100,finished,104,2304,76,Hills,27,AU,Stannard Robert,https://www.procyclingstats.com/rider/robert-stannard,Bahrain - Victorious,,,",,",1379,18490
3,101,finished,111,2388,63,GC,35,NZ,Gate Aaron,https://www.procyclingstats.com/rider/aaron-gate,XDS Astana Team,,,",,",1379,18490
3,102,finished,108,2340,113,TT,35,AU,Durbridge Luke,https://www.procyclingstats.com/rider/luke-durbridge,Team Jayco AlUla,,,",,",1379,18490
3,103,finished,89,2159,98,GC,32,BE,Vervaeke Louis,https://www.procyclingstats.com/rider/louis-vervaeke,Soudal Quick-Step,,,",,",1379,18490
3,104,finished,84,2082,108,Climber,24,BE,Verstrynge Emiel,https://www.procyclingstats.com/rider/emiel-verstrynge,Alpecin - Premier Tech,,,",,",1379,18490
3,105,finished,129,2509,23,Hills,32,DE,Denz Nico,https://www.procyclingstats.com/rider/nico-denz,Red Bull - BORA - hansgrohe,,,",,",1379,18490
3,106,finished,120,2455,75,Classic,31,SI,Mohorič Matej,https://www.procyclingstats.com/rider/matej-mohoric,Bahrain - Victorious,,,",,",1379,18490
3,107,finished,98,2255,184,GC,23,FR,Costiou Ewen,https://www.procyclingstats.com/rider/ewen-costiou,Groupama - FDJ United,,,23:10,1390,18501
3,108,finished,82,2062,46,Climber,24,DE,Steinhauser Georg,https://www.procyclingstats.com/rider/georg-steinhauser,EF Education - EasyPost,,,23:20,1400,18511
3,109,finished,109,2362,205,TT,28,FR,Guernalec Thibault,https://www.procyclingstats.com/rider/thibault-guernalec,TotalEnergies,,,",,",1400,18511
3,110,finished,119,2444,107,Classic,32,BE,Rickaert Jonas,https://www.procyclingstats.com/rider/jonas-rickaert,Alpecin - Premier Tech,,,23:24,1404,18515
3,111,finished,66,1696,163,Classic,30,ES,Aranburu Alex,https://www.procyclingstats.com/rider/alex-aranburu,Cofidis,,,23:29,1409,18520
3,112,finished,121,2457,47,Classic,34,DK,Valgren Michael,https://www.procyclingstats.com/rider/michael-valgren-andersen,EF Education - EasyPost,,,",,",1409,18520
3,113,finished,102,2280,134,Climber,26,IT,Frigo Marco,https://www.procyclingstats.com/rider/marco-frigo,NSN Cycling Team,,,23:36,1416,18527
3,114,finished,116,2418,211,Climber,34,FR,Barguil Warren,https://www.procyclingstats.com/rider/warren-barguil,Team Picnic PostNL,,,",,",1416,18527
3,115,finished,124,2480,207,Classic,32,FR,Turgis Anthony,https://www.procyclingstats.com/rider/anthony-turgis,TotalEnergies,,,23:40,1420,18531
3,116,finished,117,2419,218,GC,25,NL,van den Broek Frank,https://www.procyclingstats.com/rider/frank-van-den-broek,Team Picnic PostNL,,,23:46,1426,18537
3,117,finished,130,2516,177,Classic,28,BE,Van Moer Brent,https://www.procyclingstats.com/rider/brent-van-moer,Pinarello Q36.5 Pro Cycling Team,,,23:52,1432,18543
3,118,finished,97,2252,154,GC,24,BE,Craps Lars,https://www.procyclingstats.com/rider/lars-craps,Lotto Intermarché,,,",,",1432,18543
3,119,finished,113,2395,48,TT,24,GB,Walker Max,https://www.procyclingstats.com/rider/max-walker,EF Education - EasyPost,,,",,",1432,18543
3,120,finished,118,2443,136,Classic,31,LV,Neilands Krists,https://www.procyclingstats.com/rider/krists-neilands,NSN Cycling Team,,,",,",1432,18543
3,121,finished,74,1889,117,GC,25,AU,Plapp Luke,https://www.procyclingstats.com/rider/luke-plapp,Team Jayco AlUla,,,23:57,1437,18548
3,122,finished,106,2318,168,TT,30,FR,Thomas Benjamin,https://www.procyclingstats.com/rider/benjamin-thomas-2,Cofidis,,,24:13,1453,18564
3,123,finished,132,2539,26,TT,36,SI,Tratnik Jan,https://www.procyclingstats.com/rider/jan-tratnik,Red Bull - BORA - hansgrohe,,,",,",1453,18564
3,124,finished,122,2466,106,Classic,31,BE,Planckaert Edward,https://www.procyclingstats.com/rider/edward-planckaert,Alpecin - Premier Tech,,,24:17,1457,18568
3,125,finished,60,1547,101,Classic,31,NL,van der Poel Mathieu,https://www.procyclingstats.com/rider/mathieu-van-der-poel,Alpecin - Premier Tech,,,",,",1457,18568
3,126,finished,136,2581,105,Sprint,28,BE,Philipsen Jasper,https://www.procyclingstats.com/rider/jasper-philipsen,Alpecin - Premier Tech,,,",,",1457,18568
3,127,finished,125,2484,172,TT,27,ES,Azparren Xabier Mikel,https://www.procyclingstats.com/rider/xabier-mikel-azparren-irurzun,Pinarello Q36.5 Pro Cycling Team,,,",,",1457,18568
3,128,finished,131,2537,54,TT,27,NL,Hoole Daan,https://www.procyclingstats.com/rider/daan-hoole,Decathlon CMA CGM Team,,,24:28,1468,18579
3,129,finished,134,2570,33,Classic,30,DK,Pedersen Mads,https://www.procyclingstats.com/rider/mads-pedersen,Lidl - Trek,,,",,",1468,18579
3,130,finished,110,2364,145,Hills,25,DE,Hessmann Michel,https://www.procyclingstats.com/rider/michel-hessmann,Movistar Team,,,",,",1468,18579
3,131,finished,115,2401,225,Hills,28,ES,Nicolau Joel,https://www.procyclingstats.com/rider/joel-nicolau,Caja Rural - Seguros RGA,,,",,",1468,18579
3,132,finished,127,2500,131,Classic,26,ER,Girmay Biniam,https://www.procyclingstats.com/rider/biniam-girmay,NSN Cycling Team,,,24:30,1470,18581
3,133,finished,126,2487,64,Sprint,28,DE,Kanter Max,https://www.procyclingstats.com/rider/max-kanter,XDS Astana Team,,,24:40,1480,18591
3,134,finished,137,2728,197,Classic,36,IT,Trentin Matteo,https://www.procyclingstats.com/rider/matteo-trentin,Tudor Pro Cycling Team,,,24:49,1489,18600
3,135,finished,133,2547,6,Classic,27,BE,Vermeersch Florian,https://www.procyclingstats.com/rider/florian-vermeersch,UAE Team Emirates - XRG,,,25:22,1522,18633
3,136,finished,139,2736,128,Classic,26,NO,Wærenskjold Søren,https://www.procyclingstats.com/rider/soren-waerenskjold,Uno-X Mobility,,,26:11,1571,18682
3,137,finished,138,2731,68,GC,23,KZ,Vinokurov Nicolas,https://www.procyclingstats.com/rider/nicolas-vinokurov,XDS Astana Team,,,27:00,1620,18731
3,138,finished,142,2872,166,TT,34,LU,Kirsch Alex,https://www.procyclingstats.com/rider/alex-kirsch,Cofidis,,,31:14,1874,18985
3,139,finished,179,3544,157,Hills,26,FR,Veistroffer Baptiste,https://www.procyclingstats.com/rider/baptiste-veistroffer,Lotto Intermarché,,,36:27,2187,19298
3,140,finished,158,3239,135,Classic,26,FR,Louvel Matis,https://www.procyclingstats.com/rider/matis-louvel,NSN Cycling Team,,,",,",2187,19298
3,141,finished,143,2942,191,Classic,34,FR,Alaphilippe Julian,https://www.procyclingstats.com/rider/julian-alaphilippe,Tudor Pro Cycling Team,,,",,",2187,19298
3,142,finished,156,3198,138,Sprint,36,BE,Van Asbroeck Tom,https://www.procyclingstats.com/rider/tom-van-asbroeck,NSN Cycling Team,,,",,",2187,19298
3,143,finished,147,3099,224,Hills,26,NL,Molenaar Alex,https://www.procyclingstats.com/rider/alex-molenaar,Caja Rural - Seguros RGA,,,",,",2187,19298
3,144,finished,152,3192,214,Classic,37,DE,Degenkolb John,https://www.procyclingstats.com/rider/john-degenkolb,Team Picnic PostNL,,,36:30,2190,19301
3,145,finished,135,2575,58,Climber,24,US,Riccitello Matthew,https://www.procyclingstats.com/rider/matthew-riccitello,Decathlon CMA CGM Team,,,",,",2190,19301
3,146,finished,163,3292,165,Classic,25,BE,Fretin Milan,https://www.procyclingstats.com/rider/milan-fretin,Cofidis,,,",,",2190,19301
3,147,finished,161,3257,164,Classic,30,BE,Biermans Jenthe,https://www.procyclingstats.com/rider/jenthe-biermans,Cofidis,,,",,",2190,19301
3,148,finished,153,3192,213,Sprint,23,CZ,Bittner Pavel,https://www.procyclingstats.com/rider/pavel-bittner,Team Picnic PostNL,,,",,",2190,19301
3,149,finished,148,3118,216,Sprint,27,DE,Märkl Niklas,https://www.procyclingstats.com/rider/niklas-markl,Team Picnic PostNL,,,",,",2190,19301
3,150,finished,165,3307,72,Sprint,31,DE,Bauhaus Phil,https://www.procyclingstats.com/rider/phil-bauhaus,Bahrain - Victorious,,,",,",2190,19301
3,151,finished,167,3321,112,Sprint,32,DE,Ackermann Pascal,https://www.procyclingstats.com/rider/pascal-ackermann,Team Jayco AlUla,,,",,",2190,19301
3,152,finished,168,3324,27,Classic,26,NL,van Dijke Tim,https://www.procyclingstats.com/rider/tim-van-dijke,Red Bull - BORA - hansgrohe,,,",,",2190,19301
3,153,finished,166,3307,74,TT,35,PL,Gradek Kamil,https://www.procyclingstats.com/rider/kamil-gradek,Bahrain - Victorious,,,",,",2190,19301
3,154,finished,155,3197,104,Sprint,25,NL,Marsman Tim,https://www.procyclingstats.com/rider/tim-marsman,Alpecin - Premier Tech,,,",,",2190,19301
3,155,finished,173,3374,96,Classic,33,BE,Van Lerberghe Bert,https://www.procyclingstats.com/rider/bert-van-lerberghe,Soudal Quick-Step,,,",,",2190,19301
3,156,finished,164,3296,91,Sprint,33,BE,Merlier Tim,https://www.procyclingstats.com/rider/tim-merlier,Soudal Quick-Step,,,",,",2190,19301
3,157,finished,157,3215,217,Sprint,29,NL,van den Berg Julius,https://www.procyclingstats.com/rider/julius-van-den-berg,Team Picnic PostNL,,,",,",2190,19301
3,158,finished,159,3246,137,Hills,26,GB,Stewart Jake,https://www.procyclingstats.com/rider/jake-stewart,NSN Cycling Team,,,",,",2190,19301
3,159,finished,177,3534,55,Sprint,24,NL,Kooij Olav,https://www.procyclingstats.com/rider/olav-kooij,Decathlon CMA CGM Team,,,",,",2190,19301
3,160,finished,154,3192,212,Classic,24,NL,Biesterbos Frits,https://www.procyclingstats.com/rider/frits-biesterbos,Team Picnic PostNL,,,",,",2190,19301
3,161,finished,160,3252,221,Sprint,31,CO,Gaviria Fernando,https://www.procyclingstats.com/rider/fernando-gaviria,Caja Rural - Seguros RGA,,,",,",2190,19301
3,162,finished,180,3553,53,Sprint,30,NL,Bol Cees,https://www.procyclingstats.com/rider/cees-bol,Decathlon CMA CGM Team,,,",,",2190,19301
3,163,finished,175,3464,12,TT,30,IT,Affini Edoardo,https://www.procyclingstats.com/rider/edoardo-affini,Team Visma | Lease a Bike,,,",,",2190,19301
3,164,finished,172,3363,162,Classic,31,BE,Allegaert Piet,https://www.procyclingstats.com/rider/piet-allegaert,Cofidis,,,",,",2190,19301
3,165,finished,171,3359,15,Classic,22,NO,Hagenes Per Strand,https://www.procyclingstats.com/rider/per-strand-hagenes,Team Visma | Lease a Bike,,,",,",2190,19301
3,166,finished,145,3040,86,Classic,36,PL,Kwiatkowski Michał,https://www.procyclingstats.com/rider/michal-kwiatkowski,Netcompany INEOS,,,",,",2190,19301
3,167,finished,170,3332,152,Hills,24,NL,Artz Huub,https://www.procyclingstats.com/rider/huub-artz,Lotto Intermarché,,,",,",2190,19301
3,168,finished,141,2836,125,GC,26,NO,Johannessen Anders Halland,https://www.procyclingstats.com/rider/anders-halland-johannessen,Uno-X Mobility,,,",,",2190,19301
3,169,finished,140,2814,13,TT,32,FR,Armirail Bruno,https://www.procyclingstats.com/rider/bruno-armirail,Team Visma | Lease a Bike,,,",,",2190,19301
3,170,finished,150,3138,132,Classic,25,GB,Askey Lewis,https://www.procyclingstats.com/rider/lewis-askey,NSN Cycling Team,,,",,",2190,19301
3,171,finished,100,2275,83,TT,29,NO,Foss Tobias,https://www.procyclingstats.com/rider/tobias-foss,Netcompany INEOS,,,",,",2190,19301
3,172,finished,149,3137,85,Hills,30,FR,Godon Dorian,https://www.procyclingstats.com/rider/dorian-godon,Netcompany INEOS,,,",,",2190,19301
3,173,finished,162,3257,167,Classic,24,FR,Page Hugo,https://www.procyclingstats.com/rider/hugo-page,Cofidis,,,",,",2190,19301
3,174,finished,174,3447,155,GC,25,BE,Slock Liam,https://www.procyclingstats.com/rider/liam-slock,Lotto Intermarché,,,36:42,2202,19313
3,175,finished,176,3494,62,Classic,31,IT,Ballerini Davide,https://www.procyclingstats.com/rider/davide-ballerini,XDS Astana Team,,,37:40,2260,19371
3,176,finished,169,3327,178,Hills,27,GB,Wright Fred,https://www.procyclingstats.com/rider/alfred-wright,Pinarello Q36.5 Pro Cycling Team,,,37:41,2261,19372
3,177,finished,144,2974,215,GC,22,BE,Dhondt Robbe,https://www.procyclingstats.com/rider/robbe-dhondt,Team Picnic PostNL,,,38:07,2287,19398
3,178,finished,146,3094,87,TT,22,GB,Tarling Joshua,https://www.procyclingstats.com/rider/joshua-tarling,Netcompany INEOS,,,38:10,2290,19401
3,179,finished,151,3185,84,TT,29,IT,Ganna Filippo,https://www.procyclingstats.com/rider/filippo-ganna,Netcompany INEOS,,,",,",2290,19401
3,180,finished,181,3570,193,Classic,35,AT,Haller Marco,https://www.procyclingstats.com/rider/marco-haller,Tudor Pro Cycling Team,,,38:12,2292,19403
3,181,finished,182,3657,116,Classic,28,AU,O'Brien Kelland,https://www.procyclingstats.com/rider/kelland-brien,Team Jayco AlUla,,,38:31,2311,19422
3,182,finished,178,3541,192,Sprint,32,NL,de Kleijn Arvid,https://www.procyclingstats.com/rider/arvid-de-kleijn,Tudor Pro Cycling Team,,,41:16,2476,19587
3,,DNF,,,151,Classic,24,BE,De Lie Arnaud,https://www.procyclingstats.com/rider/arnaud-de-lie,Lotto Intermarché,,,,,
4,1,finished,78,2254,33,Classic,30,DK,Pedersen Mads,https://www.procyclingstats.com/rider/mads-pedersen,Lidl - Trek,210.0,100.0,4:10:45,0,15045
4,2,finished,36,960,34,Hills,25,US,Simmons Quinn,https://www.procyclingstats.com/rider/quinn-simmons,Lidl - Trek,150.0,70.0,",,",0,15045
4,3,finished,25,694,144,Climber,25,ES,García Pierna Raúl,https://www.procyclingstats.com/rider/raul-garcia-pierna,Movistar Team,110.0,50.0,",,",0,15045
4,4,finished,63,1974,134,Climber,26,IT,Frigo Marco,https://www.procyclingstats.com/rider/marco-frigo,NSN Cycling Team,90.0,40.0,",,",0,15045
4,5,finished,6,486,102,Climber,23,BE,Debruyne Ramses,https://www.procyclingstats.com/rider/ramses-debruyne,Alpecin - Premier Tech,70.0,32.0,",,",0,15045
4,6,finished,37,999,88,GC,25,FR,Vauquelin Kévin,https://www.procyclingstats.com/rider/kevin-vauquelin,Netcompany INEOS,55.0,26.0,",,",0,15045
4,7,finished,2,28,45,GC,26,US,Quinn Sean,https://www.procyclingstats.com/rider/sean-quinn,EF Education - EasyPost,45.0,22.0,",,",0,15045
4,8,finished,1,0,127,GC,30,NO,Træen Torstein,https://www.procyclingstats.com/rider/torstein-traeen,Uno-X Mobility,40.0,18.0,",,",0,15045
4,9,finished,24,682,142,Climber,25,ES,Castrillo Pablo,https://www.procyclingstats.com/rider/pablo-castrillo-zapater,Movistar Team,35.0,14.0,",,",0,15045
4,10,finished,3,230,37,TT,24,CZ,Vacek Mathias,https://www.procyclingstats.com/rider/mathias-vacek,Lidl - Trek,30.0,10.0,",,",0,15045
4,11,finished,58,1810,115,Classic,35,AU,Matthews Michael,https://www.procyclingstats.com/rider/michael-matthews,Team Jayco AlUla,25.0,8.0,2:27,147,15192
4,12,finished,62,1973,204,Classic,28,FR,Delettre Alexandre,https://www.procyclingstats.com/rider/alexandre-delettre,TotalEnergies,20.0,6.0,",,",147,15192
4,13,finished,55,1732,78,Sprint,22,BE,Van Mechelen Vlad,https://www.procyclingstats.com/rider/vlad-van-mechelen,Bahrain - Victorious,15.0,4.0,",,",147,15192
4,14,finished,66,2075,94,Classic,34,BE,Stuyven Jasper,https://www.procyclingstats.com/rider/jasper-stuyven,Soudal Quick-Step,10.0,2.0,",,",147,15192
4,15,finished,124,2940,224,Hills,26,NL,Molenaar Alex,https://www.procyclingstats.com/rider/alex-molenaar,Caja Rural - Seguros RGA,5.0,1.0,",,",147,15192
4,16,finished,79,2260,218,GC,25,NL,van den Broek Frank,https://www.procyclingstats.com/rider/frank-van-den-broek,Team Picnic PostNL,,,",,",147,15192
4,17,finished,59,1877,158,Classic,28,DE,Zimmermann Georg,https://www.procyclingstats.com/rider/georg-zimmermann,Lotto Intermarché,,,",,",147,15192
4,18,finished,44,1180,174,Hills,30,BE,Hermans Quinten,https://www.procyclingstats.com/rider/quinten-hermans,Pinarello Q36.5 Pro Cycling Team,,,",,",147,15192
4,19,finished,76,2242,225,Hills,28,ES,Nicolau Joel,https://www.procyclingstats.com/rider/joel-nicolau,Caja Rural - Seguros RGA,,,",,",147,15192
4,20,finished,31,808,161,GC,37,ES,Izagirre Ion,https://www.procyclingstats.com/rider/ion-izagirre,Cofidis,,,",,",147,15192
4,21,finished,83,2350,23,Hills,32,DE,Denz Nico,https://www.procyclingstats.com/rider/nico-denz,Red Bull - BORA - hansgrohe,,,",,",147,15192
4,22,finished,41,1107,181,Classic,23,FR,Grégoire Romain,https://www.procyclingstats.com/rider/romain-gregoire,Groupama - FDJ United,,,",,",147,15192
4,23,finished,74,2224,92,Classic,29,NL,Eenkhoorn Pascal,https://www.procyclingstats.com/rider/pascal-eenkhoorn,Soudal Quick-Step,,,7:54,474,15519
4,24,finished,130,3040,166,TT,34,LU,Kirsch Alex,https://www.procyclingstats.com/rider/alex-kirsch,Cofidis,,,",,",474,15519
4,25,finished,102,2688,177,Classic,28,BE,Van Moer Brent,https://www.procyclingstats.com/rider/brent-van-moer,Pinarello Q36.5 Pro Cycling Team,,,7:58,478,15523
4,26,finished,103,2711,26,TT,36,SI,Tratnik Jan,https://www.procyclingstats.com/rider/jan-tratnik,Red Bull - BORA - hansgrohe,,,",,",478,15523
4,27,finished,95,2629,47,Classic,34,DK,Valgren Michael,https://www.procyclingstats.com/rider/michael-valgren-andersen,EF Education - EasyPost,,,",,",478,15523
4,28,finished,97,2638,106,Classic,31,BE,Planckaert Edward,https://www.procyclingstats.com/rider/edward-planckaert,Alpecin - Premier Tech,,,",,",478,15523
4,29,finished,87,2427,184,GC,23,FR,Costiou Ewen,https://www.procyclingstats.com/rider/ewen-costiou,Groupama - FDJ United,,,",,",478,15523
4,30,finished,33,833,8,Climber,33,GB,Yates Adam,https://www.procyclingstats.com/rider/adam-yates,UAE Team Emirates - XRG,,,12:59,779,15824
4,31,finished,54,1681,3,GC,32,AT,Großschartner Felix,https://www.procyclingstats.com/rider/felix-grossschartner,UAE Team Emirates - XRG,,,",,",779,15824
4,32,finished,39,1068,4,GC,28,US,McNulty Brandon,https://www.procyclingstats.com/rider/brandon-mcnulty,UAE Team Emirates - XRG,,,",,",779,15824
4,33,finished,4,473,1,Climber,27,SI,Pogačar Tadej,https://www.procyclingstats.com/rider/tadej-pogacar,UAE Team Emirates - XRG,,,",,",779,15824
4,34,finished,8,497,2,Climber,22,MX,del Toro Isaac,https://www.procyclingstats.com/rider/isaac-del-toro,UAE Team Emirates - XRG,,,",,",779,15824
4,35,finished,84,2361,36,Classic,35,LV,Skujiņš Toms,https://www.procyclingstats.com/rider/toms-skujins,Lidl - Trek,,,",,",779,15824
4,36,finished,56,1746,32,Climber,28,CA,Gee-West Derek,https://www.procyclingstats.com/rider/derek-gee,Lidl - Trek,,,",,",779,15824
4,37,finished,53,1674,38,GC,33,ES,Verona Carlos,https://www.procyclingstats.com/rider/carlos-verona,Lidl - Trek,,,",,",779,15824
4,38,finished,9,500,31,Climber,23,ES,Ayuso Juan,https://www.procyclingstats.com/rider/juan-ayuso-pesquera,Lidl - Trek,,,",,",779,15824
4,39,finished,18,583,35,Climber,25,DK,Skjelmose Mattias,https://www.procyclingstats.com/rider/mattias-skjelmose-jensen,Lidl - Trek,,,",,",779,15824
4,40,finished,154,3832,15,Classic,22,NO,Hagenes Per Strand,https://www.procyclingstats.com/rider/per-strand-hagenes,Team Visma | Lease a Bike,,,",,",779,15824
4,41,finished,156,3937,12,TT,30,IT,Affini Edoardo,https://www.procyclingstats.com/rider/edoardo-affini,Team Visma | Lease a Bike,,,",,",779,15824
4,42,finished,43,1152,16,GC,27,US,Jorgenson Matteo,https://www.procyclingstats.com/rider/matteo-jorgenson,Team Visma | Lease a Bike,,,",,",779,15824
4,43,finished,5,473,11,GC,29,DK,Vingegaard Jonas,https://www.procyclingstats.com/rider/jonas-vingegaard,Team Visma | Lease a Bike,,,",,",779,15824
4,44,finished,19,608,18,GC,23,IT,Piganzoli Davide,https://www.procyclingstats.com/rider/davide-piganzoli,Team Visma | Lease a Bike,,,",,",779,15824
4,45,finished,75,2228,14,TT,34,BE,Campenaerts Victor,https://www.procyclingstats.com/rider/victor-campenaerts,Team Visma | Lease a Bike,,,",,",779,15824
4,46,finished,38,1057,17,Climber,31,US,Kuss Sepp,https://www.procyclingstats.com/rider/sepp-kuss,Team Visma | Lease a Bike,,,",,",779,15824
4,47,finished,133,3287,13,TT,32,FR,Armirail Bruno,https://www.procyclingstats.com/rider/bruno-armirail,Team Visma | Lease a Bike,,,",,",779,15824
4,48,finished,92,2605,7,GC,35,BE,Wellens Tim,https://www.procyclingstats.com/rider/tim-wellens,UAE Team Emirates - XRG,,,",,",779,15824
4,49,finished,129,3010,54,TT,27,NL,Hoole Daan,https://www.procyclingstats.com/rider/daan-hoole,Decathlon CMA CGM Team,,,",,",779,15824
4,50,finished,10,521,51,Climber,19,FR,Seixas Paul,https://www.procyclingstats.com/rider/paul-seixas,Decathlon CMA CGM Team,,,",,",779,15824
4,51,finished,48,1461,56,GC,30,FR,Paret-Peintre Aurélien,https://www.procyclingstats.com/rider/aurelien-paret-peintre,Decathlon CMA CGM Team,,,",,",779,15824
4,52,finished,32,818,52,Classic,32,BE,Benoot Tiesj,https://www.procyclingstats.com/rider/tiesj-benoot,Decathlon CMA CGM Team,,,",,",779,15824
4,53,finished,131,3048,58,Climber,24,US,Riccitello Matthew,https://www.procyclingstats.com/rider/matthew-riccitello,Decathlon CMA CGM Team,,,",,",779,15824
4,54,finished,46,1439,57,GC,29,FR,Prodhomme Nicolas,https://www.procyclingstats.com/rider/nicolas-prodhomme,Decathlon CMA CGM Team,,,",,",779,15824
4,55,finished,34,834,24,Climber,30,AU,Hindley Jai,https://www.procyclingstats.com/rider/jai-hindley,Red Bull - BORA - hansgrohe,,,",,",779,15824
4,56,finished,152,3797,27,Classic,26,NL,van Dijke Tim,https://www.procyclingstats.com/rider/tim-van-dijke,Red Bull - BORA - hansgrohe,,,",,",779,15824
4,57,finished,7,496,21,Climber,26,BE,Evenepoel Remco,https://www.procyclingstats.com/rider/remco-evenepoel,Red Bull - BORA - hansgrohe,,,",,",779,15824
4,58,finished,45,1420,28,Classic,26,BE,Van Gils Maxim,https://www.procyclingstats.com/rider/maxim-van-gils,Red Bull - BORA - hansgrohe,,,",,",779,15824
4,59,finished,72,2204,22,TT,35,IT,Cattaneo Mattia,https://www.procyclingstats.com/rider/mattia-cattaneo,Red Bull - BORA - hansgrohe,,,",,",779,15824
4,60,finished,11,526,25,GC,25,DE,Lipowitz Florian,https://www.procyclingstats.com/rider/florian-lipowitz,Red Bull - BORA - hansgrohe,,,",,",779,15824
4,61,finished,100,2664,44,Climber,25,IE,Healy Ben,https://www.procyclingstats.com/rider/ben-healy,EF Education - EasyPost,,,",,",779,15824
4,62,finished,16,578,41,Climber,33,EC,Carapaz Richard,https://www.procyclingstats.com/rider/richard-carapaz,EF Education - EasyPost,,,",,",779,15824
4,63,finished,30,792,43,Climber,25,FR,Baudin Alex,https://www.procyclingstats.com/rider/alex-baudin,EF Education - EasyPost,,,",,",779,15824
4,64,finished,118,2868,48,TT,24,GB,Walker Max,https://www.procyclingstats.com/rider/max-walker,EF Education - EasyPost,,,",,",779,15824
4,65,finished,73,2211,42,TT,31,DK,Asgreen Kasper,https://www.procyclingstats.com/rider/kasper-asgreen,EF Education - EasyPost,,,",,",779,15824
4,66,finished,123,2928,75,Classic,31,SI,Mohorič Matej,https://www.procyclingstats.com/rider/matej-mohoric,Bahrain - Victorious,,,",,",779,15824
4,67,finished,69,2150,73,GC,38,IT,Caruso Damiano,https://www.procyclingstats.com/rider/damiano-caruso,Bahrain - Victorious,,,",,",779,15824
4,68,finished,35,910,77,GC,25,IT,Tiberi Antonio,https://www.procyclingstats.com/rider/antonio-tiberi,Bahrain - Victorious,,,",,",779,15824
4,69,finished,12,542,71,Climber,22,FR,Martinez Lenny,https://www.procyclingstats.com/rider/lenny-martinez,Bahrain - Victorious,,,",,",779,15824
4,70,finished,13,544,121,Climber,26,NO,Johannessen Tobias Halland,https://www.procyclingstats.com/rider/tobias-halland-johannessen,Uno-X Mobility,,,",,",779,15824
4,71,finished,47,1443,126,Classic,31,NO,Skaarseth Anders,https://www.procyclingstats.com/rider/anders-skaarseth,Uno-X Mobility,,,",,",779,15824
4,72,finished,104,2722,122,Classic,30,NO,Abrahamsen Jonas,https://www.procyclingstats.com/rider/jonas-abrahamsen,Uno-X Mobility,,,",,",779,15824
4,73,finished,117,2861,123,GC,28,DK,Charmig Anthon,https://www.procyclingstats.com/rider/anthon-charmig,Uno-X Mobility,,,",,",779,15824
4,74,finished,91,2602,124,Hills,33,DK,Cort Magnus,https://www.procyclingstats.com/rider/magnus-cort-nielsen,Uno-X Mobility,,,",,",779,15824
4,75,finished,135,3309,125,GC,26,NO,Johannessen Anders Halland,https://www.procyclingstats.com/rider/anders-halland-johannessen,Uno-X Mobility,,,",,",779,15824
4,76,finished,127,2957,172,TT,27,ES,Azparren Xabier Mikel,https://www.procyclingstats.com/rider/xabier-mikel-azparren-irurzun,Pinarello Q36.5 Pro Cycling Team,,,",,",779,15824
4,77,finished,71,2168,176,GC,34,BE,Meurisse Xandro,https://www.procyclingstats.com/rider/xandro-meurisse,Pinarello Q36.5 Pro Cycling Team,,,",,",779,15824
4,78,finished,153,3800,178,Hills,27,GB,Wright Fred,https://www.procyclingstats.com/rider/alfred-wright,Pinarello Q36.5 Pro Cycling Team,,,",,",779,15824
4,79,finished,15,555,171,Classic,26,GB,Pidcock Tom,https://www.procyclingstats.com/rider/tom-pidcock,Pinarello Q36.5 Pro Cycling Team,,,",,",779,15824
4,80,finished,89,2549,206,Hills,25,FR,Le Berre Mathis,https://www.procyclingstats.com/rider/mathis-le-berre,TotalEnergies,,,",,",779,15824
4,81,finished,49,1467,173,GC,31,AU,Harper Chris,https://www.procyclingstats.com/rider/chris-harper,Pinarello Q36.5 Pro Cycling Team,,,",,",779,15824
4,82,finished,138,3415,191,Classic,34,FR,Alaphilippe Julian,https://www.procyclingstats.com/rider/julian-alaphilippe,Tudor Pro Cycling Team,,,",,",779,15824
4,83,finished,26,703,198,GC,27,CH,Voisard Yannis,https://www.procyclingstats.com/rider/yannis-voisard,Tudor Pro Cycling Team,,,",,",779,15824
4,84,finished,68,2114,146,TT,37,PT,Oliveira Nelson,https://www.procyclingstats.com/rider/nelson-oliveira,Movistar Team,,,",,",779,15824
4,85,finished,98,2649,195,Hills,25,NL,Pluimers Rick,https://www.procyclingstats.com/rider/rick-pluimers,Tudor Pro Cycling Team,,,",,",779,15824
4,86,finished,23,677,141,GC,23,BE,Uijtdebroeks Cian,https://www.procyclingstats.com/rider/cian-uijtdebroeks,Movistar Team,,,",,",779,15824
4,87,finished,94,2619,143,GC,30,EC,Cepeda Jefferson Alveiro,https://www.procyclingstats.com/rider/jefferson-cepeda-hernandez,Movistar Team,,,",,",779,15824
4,88,finished,20,612,82,GC,26,NL,Arensman Thymen,https://www.procyclingstats.com/rider/thymen-arensman,Netcompany INEOS,,,",,",779,15824
4,89,finished,141,3513,86,Classic,36,PL,Kwiatkowski Michał,https://www.procyclingstats.com/rider/michal-kwiatkowski,Netcompany INEOS,,,",,",779,15824
4,90,finished,27,728,81,GC,29,CO,Bernal Egan,https://www.procyclingstats.com/rider/egan-bernal,Netcompany INEOS,,,",,",779,15824
4,91,finished,21,621,201,Climber,27,FR,Jegat Jordan,https://www.procyclingstats.com/rider/jordan-jegat,TotalEnergies,,,",,",779,15824
4,92,finished,14,550,97,GC,26,BE,Van Wilder Ilan,https://www.procyclingstats.com/rider/ilan-van-wilder,Soudal Quick-Step,,,",,",779,15824
4,93,finished,107,2748,83,TT,29,NO,Foss Tobias,https://www.procyclingstats.com/rider/tobias-foss,Netcompany INEOS,,,",,",779,15824
4,94,finished,96,2632,98,GC,32,BE,Vervaeke Louis,https://www.procyclingstats.com/rider/louis-vervaeke,Soudal Quick-Step,,,",,",779,15824
4,95,finished,80,2303,111,GC,30,AU,O'Connor Ben,https://www.procyclingstats.com/rider/ben-o-connor,Team Jayco AlUla,,,",,",779,15824
4,96,finished,52,1551,93,Climber,25,FR,Paret-Peintre Valentin,https://www.procyclingstats.com/rider/valentin-paret-peintre,Soudal Quick-Step,,,",,",779,15824
4,97,finished,111,2779,188,Classic,31,FR,Russo Clément,https://www.procyclingstats.com/rider/clement-russo,Groupama - FDJ United,,,",,",779,15824
4,98,finished,116,2861,63,GC,35,NZ,Gate Aaron,https://www.procyclingstats.com/rider/aaron-gate,XDS Astana Team,,,",,",779,15824
4,99,finished,70,2153,185,GC,24,IT,Germani Lorenzo,https://www.procyclingstats.com/rider/lorenzo-germani,Groupama - FDJ United,,,",,",779,15824
4,100,finished,40,1088,186,Climber,33,FR,Martin Guillaume,https://www.procyclingstats.com/rider/guillaume-martin,Groupama - FDJ United,,,",,",779,15824
4,101,finished,22,676,61,Climber,28,CO,Higuita Sergio,https://www.procyclingstats.com/rider/sergio-higuita,XDS Astana Team,,,",,",779,15824
4,102,finished,29,751,65,Climber,29,CO,Tejada Harold,https://www.procyclingstats.com/rider/harold-tejada,XDS Astana Team,,,",,",779,15824
4,103,finished,109,2774,227,GC,28,CZ,Otruba Jakub,https://www.procyclingstats.com/rider/jakub-otruba,Caja Rural - Seguros RGA,,,",,",779,15824
4,104,finished,149,3730,164,Classic,30,BE,Biermans Jenthe,https://www.procyclingstats.com/rider/jenthe-biermans,Cofidis,,,",,",779,15824
4,105,finished,150,3730,167,Classic,24,FR,Page Hugo,https://www.procyclingstats.com/rider/hugo-page,Cofidis,,,",,",779,15824
4,106,finished,88,2495,223,GC,26,AU,Berwick Sebastian,https://www.procyclingstats.com/rider/sebastian-berwick,Caja Rural - Seguros RGA,,,",,",779,15824
4,107,finished,148,3671,138,Sprint,36,BE,Van Asbroeck Tom,https://www.procyclingstats.com/rider/tom-van-asbroeck,NSN Cycling Team,,,",,",779,15824
4,108,finished,28,734,228,GC,29,ES,Parra José Félix,https://www.procyclingstats.com/rider/jose-felix-parra,Caja Rural - Seguros RGA,,,",,",779,15824
4,109,finished,105,2722,153,Classic,25,BE,Berckmoes Jenno,https://www.procyclingstats.com/rider/jenno-berckmoes,Lotto Intermarché,,,",,",779,15824
4,110,finished,106,2725,154,GC,24,BE,Craps Lars,https://www.procyclingstats.com/rider/lars-craps,Lotto Intermarché,,,",,",779,15824
4,111,finished,17,580,156,Climber,24,BE,Van Eetvelt Lennert,https://www.procyclingstats.com/rider/lennert-van-eetvelt,Lotto Intermarché,,,",,",779,15824
4,112,finished,114,2835,205,TT,28,FR,Guernalec Thibault,https://www.procyclingstats.com/rider/thibault-guernalec,TotalEnergies,,,",,",779,15824
4,113,finished,144,3591,216,Sprint,27,DE,Märkl Niklas,https://www.procyclingstats.com/rider/niklas-markl,Team Picnic PostNL,,,",,",779,15824
4,114,finished,146,3665,212,Classic,24,NL,Biesterbos Frits,https://www.procyclingstats.com/rider/frits-biesterbos,Team Picnic PostNL,,,",,",779,15824
4,115,finished,110,2777,76,Hills,27,AU,Stannard Robert,https://www.procyclingstats.com/rider/robert-stannard,Bahrain - Victorious,,,",,",779,15824
4,116,finished,61,1939,147,GC,27,ES,Romo Javier,https://www.procyclingstats.com/rider/javier-romo,Movistar Team,,,",,",779,15824
4,117,finished,81,2310,148,Climber,28,CO,Rubio Einer,https://www.procyclingstats.com/rider/einer-rubio,Movistar Team,,,",,",779,15824
4,118,finished,115,2837,145,Hills,25,DE,Hessmann Michel,https://www.procyclingstats.com/rider/michel-hessmann,Movistar Team,,,",,",779,15824
4,119,finished,120,2891,211,Climber,34,FR,Barguil Warren,https://www.procyclingstats.com/rider/warren-barguil,Team Picnic PostNL,,,",,",779,15824
4,120,finished,101,2678,187,Hills,34,FR,Pacher Quentin,https://www.procyclingstats.com/rider/quentin-pacher,Groupama - FDJ United,,,",,",779,15824
4,121,finished,60,1877,183,Climber,26,FR,Braz Afonso Clément,https://www.procyclingstats.com/rider/clement-braz-afonso,Groupama - FDJ United,,,",,",779,15824
4,122,finished,122,2917,107,Classic,32,BE,Rickaert Jonas,https://www.procyclingstats.com/rider/jonas-rickaert,Alpecin - Premier Tech,,,",,",779,15824
4,123,finished,128,2976,103,Classic,35,CH,Dillier Silvan,https://www.procyclingstats.com/rider/silvan-dillier,Alpecin - Premier Tech,,,",,",779,15824
4,124,finished,147,3670,104,Sprint,25,NL,Marsman Tim,https://www.procyclingstats.com/rider/tim-marsman,Alpecin - Premier Tech,,,",,",779,15824
4,125,finished,139,3447,215,GC,22,BE,Dhondt Robbe,https://www.procyclingstats.com/rider/robbe-dhondt,Team Picnic PostNL,,,",,",779,15824
4,126,finished,50,1482,222,GC,26,ES,Balderstone Abel,https://www.procyclingstats.com/rider/abel-balderstone-roumens,Caja Rural - Seguros RGA,,,",,",779,15824
4,127,finished,125,2942,114,Classic,25,DE,Engelhardt Felix,https://www.procyclingstats.com/rider/felix-engelhardt,Team Jayco AlUla,,,",,",779,15824
4,128,finished,90,2555,108,Climber,24,BE,Verstrynge Emiel,https://www.procyclingstats.com/rider/emiel-verstrynge,Alpecin - Premier Tech,,,",,",779,15824
4,129,finished,108,2749,5,Classic,32,DE,Politt Nils,https://www.procyclingstats.com/rider/nils-politt,UAE Team Emirates - XRG,,,",,",779,15824
4,130,finished,64,2005,194,Classic,27,CH,Hirschi Marc,https://www.procyclingstats.com/rider/marc-hirschi,Tudor Pro Cycling Team,,,",,",779,15824
4,131,finished,86,2421,118,Hills,26,CH,Schmid Mauro,https://www.procyclingstats.com/rider/mauro-schmid,Team Jayco AlUla,,,",,",779,15824
4,132,finished,51,1493,202,GC,26,FR,Breuillard Nicolas,https://www.procyclingstats.com/rider/nicolas-breuillard,TotalEnergies,,,",,",779,15824
4,133,finished,67,2088,203,GC,25,FR,Delbove Joris,https://www.procyclingstats.com/rider/joris-delbove,TotalEnergies,,,",,",779,15824
4,134,finished,65,2020,101,Classic,31,NL,van der Poel Mathieu,https://www.procyclingstats.com/rider/mathieu-van-der-poel,Alpecin - Premier Tech,,,",,",779,15824
4,135,finished,121,2916,136,Classic,31,LV,Neilands Krists,https://www.procyclingstats.com/rider/krists-neilands,NSN Cycling Team,,,",,",779,15824
4,136,finished,126,2953,207,Classic,32,FR,Turgis Anthony,https://www.procyclingstats.com/rider/anthony-turgis,TotalEnergies,,,",,",779,15824
4,137,finished,157,4017,157,Hills,26,FR,Veistroffer Baptiste,https://www.procyclingstats.com/rider/baptiste-veistroffer,Lotto Intermarché,,,",,",779,15824
4,138,finished,42,1126,133,GC,36,NZ,Bennett George,https://www.procyclingstats.com/rider/george-bennett,NSN Cycling Team,,,",,",779,15824
4,139,finished,113,2813,113,TT,35,AU,Durbridge Luke,https://www.procyclingstats.com/rider/luke-durbridge,Team Jayco AlUla,,,",,",779,15824
4,140,finished,57,1756,208,Hills,25,FR,Vercher Mattéo,https://www.procyclingstats.com/rider/matheo-vercher,TotalEnergies,,,",,",779,15824
4,141,finished,85,2362,117,GC,25,AU,Plapp Luke,https://www.procyclingstats.com/rider/luke-plapp,Team Jayco AlUla,,,",,",779,15824
4,142,finished,119,2870,175,GC,33,AU,Howson Damien,https://www.procyclingstats.com/rider/damien-howson,Pinarello Q36.5 Pro Cycling Team,,,",,",779,15824
4,143,finished,99,2649,67,Classic,30,IT,Velasco Simone,https://www.procyclingstats.com/rider/simone-velasco,XDS Astana Team,,,",,",779,15824
4,144,finished,82,2312,196,Climber,29,AU,Storer Michael,https://www.procyclingstats.com/rider/michael-storer,Tudor Pro Cycling Team,,,",,",779,15824
4,145,finished,112,2791,168,TT,30,FR,Thomas Benjamin,https://www.procyclingstats.com/rider/benjamin-thomas-2,Cofidis,,,",,",779,15824
4,146,finished,93,2613,46,Climber,24,DE,Steinhauser Georg,https://www.procyclingstats.com/rider/georg-steinhauser,EF Education - EasyPost,,,14:17,857,15902
4,147,finished,77,2254,163,Classic,30,ES,Aranburu Alex,https://www.procyclingstats.com/rider/alex-aranburu,Cofidis,,,14:24,864,15909
4,148,finished,136,3315,68,GC,24,KZ,Vinokurov Nicolas,https://www.procyclingstats.com/rider/nicolas-vinokurov,XDS Astana Team,,,14:50,890,15935
4,149,finished,163,4214,213,Sprint,23,CZ,Bittner Pavel,https://www.procyclingstats.com/rider/pavel-bittner,Team Picnic PostNL,,,22:08,1328,16373
4,150,finished,164,4237,217,Sprint,29,NL,van den Berg Julius,https://www.procyclingstats.com/rider/julius-van-den-berg,Team Picnic PostNL,,,",,",1328,16373
4,151,finished,162,4214,214,Classic,37,DE,Degenkolb John,https://www.procyclingstats.com/rider/john-degenkolb,Team Picnic PostNL,,,",,",1328,16373
4,152,finished,158,4159,85,Hills,30,FR,Godon Dorian,https://www.procyclingstats.com/rider/dorian-godon,Netcompany INEOS,,,",,",1328,16373
4,153,finished,140,3509,64,Sprint,28,DE,Kanter Max,https://www.procyclingstats.com/rider/max-kanter,XDS Astana Team,,,",,",1328,16373
4,154,finished,137,3357,66,Classic,33,NL,Teunissen Mike,https://www.procyclingstats.com/rider/mike-teunissen,XDS Astana Team,,,",,",1328,16373
4,155,finished,134,3289,226,Hills,28,IT,Oldani Stefano,https://www.procyclingstats.com/rider/stefano-oldani,Caja Rural - Seguros RGA,,,",,",1328,16373
4,156,finished,168,4314,165,Classic,25,BE,Fretin Milan,https://www.procyclingstats.com/rider/milan-fretin,Cofidis,,,",,",1328,16373
4,157,finished,143,3569,6,Classic,27,BE,Vermeersch Florian,https://www.procyclingstats.com/rider/florian-vermeersch,UAE Team Emirates - XRG,,,",,",1328,16373
4,158,finished,159,4160,132,Classic,25,GB,Askey Lewis,https://www.procyclingstats.com/rider/lewis-askey,NSN Cycling Team,,,",,",1328,16373
4,159,finished,170,4329,72,Sprint,31,DE,Bauhaus Phil,https://www.procyclingstats.com/rider/phil-bauhaus,Bahrain - Victorious,,,",,",1328,16373
4,160,finished,173,4385,162,Classic,31,BE,Allegaert Piet,https://www.procyclingstats.com/rider/piet-allegaert,Cofidis,,,",,",1328,16373
4,161,finished,179,4575,53,Sprint,30,NL,Bol Cees,https://www.procyclingstats.com/rider/cees-bol,Decathlon CMA CGM Team,,,",,",1328,16373
4,162,finished,151,3758,128,Classic,26,NO,Wærenskjold Søren,https://www.procyclingstats.com/rider/soren-waerenskjold,Uno-X Mobility,,,",,",1328,16373
4,163,finished,178,4556,55,Sprint,24,NL,Kooij Olav,https://www.procyclingstats.com/rider/olav-kooij,Decathlon CMA CGM Team,,,",,",1328,16373
4,164,finished,171,4329,74,TT,35,PL,Gradek Kamil,https://www.procyclingstats.com/rider/kamil-gradek,Bahrain - Victorious,,,",,",1328,16373
4,165,finished,177,4516,62,Classic,31,IT,Ballerini Davide,https://www.procyclingstats.com/rider/davide-ballerini,XDS Astana Team,,,",,",1328,16373
4,166,finished,167,4274,221,Sprint,31,CO,Gaviria Fernando,https://www.procyclingstats.com/rider/fernando-gaviria,Caja Rural - Seguros RGA,,,",,",1328,16373
4,167,finished,142,3522,131,Classic,26,ER,Girmay Biniam,https://www.procyclingstats.com/rider/biniam-girmay,NSN Cycling Team,,,",,",1328,16373
4,168,finished,165,4261,135,Classic,26,FR,Louvel Matis,https://www.procyclingstats.com/rider/matis-louvel,NSN Cycling Team,,,",,",1328,16373
4,169,finished,166,4268,137,Hills,26,GB,Stewart Jake,https://www.procyclingstats.com/rider/jake-stewart,NSN Cycling Team,,,",,",1328,16373
4,170,finished,161,4207,84,TT,29,IT,Ganna Filippo,https://www.procyclingstats.com/rider/filippo-ganna,Netcompany INEOS,,,",,",1328,16373
4,171,finished,169,4318,91,Sprint,33,BE,Merlier Tim,https://www.procyclingstats.com/rider/tim-merlier,Soudal Quick-Step,,,",,",1328,16373
4,172,finished,132,3092,95,Classic,34,NL,van Baarle Dylan,https://www.procyclingstats.com/rider/dylan-van-baarle,Soudal Quick-Step,,,22:41,1361,16406
4,173,finished,174,4387,152,Hills,24,NL,Artz Huub,https://www.procyclingstats.com/rider/huub-artz,Lotto Intermarché,,,",,",1361,16406
4,174,finished,175,4429,96,Classic,33,BE,Van Lerberghe Bert,https://www.procyclingstats.com/rider/bert-van-lerberghe,Soudal Quick-Step,,,",,",1361,16406
4,175,finished,145,3636,105,Sprint,28,BE,Philipsen Jasper,https://www.procyclingstats.com/rider/jasper-philipsen,Alpecin - Premier Tech,,,",,",1361,16406
4,176,finished,172,4376,112,Sprint,32,DE,Ackermann Pascal,https://www.procyclingstats.com/rider/pascal-ackermann,Team Jayco AlUla,,,",,",1361,16406
4,177,finished,176,4502,155,GC,25,BE,Slock Liam,https://www.procyclingstats.com/rider/liam-slock,Lotto Intermarché,,,",,",1361,16406
4,178,finished,160,4197,87,TT,22,GB,Tarling Joshua,https://www.procyclingstats.com/rider/joshua-tarling,Netcompany INEOS,,,23:29,1409,16454
4,179,finished,181,4777,193,Classic,35,AT,Haller Marco,https://www.procyclingstats.com/rider/marco-haller,Tudor Pro Cycling Team,,,25:13,1513,16558
4,180,finished,155,3935,197,Classic,36,IT,Trentin Matteo,https://www.procyclingstats.com/rider/matteo-trentin,Tudor Pro Cycling Team,,,",,",1513,16558
4,181,finished,180,4748,192,Sprint,32,NL,de Kleijn Arvid,https://www.procyclingstats.com/rider/arvid-de-kleijn,Tudor Pro Cycling Team,,,",,",1513,16558
4,,OTL,,,116,Classic,28,AU,O'Brien Kelland,https://www.procyclingstats.com/rider/kelland-brien,Team Jayco AlUla,,,46:02,,
5,1,finished,175,4532,55,Sprint,24,NL,Kooij Olav,https://www.procyclingstats.com/rider/olav-kooij,Decathlon CMA CGM Team,210.0,100.0,3:29:07,0,12547
5,2,finished,138,3489,64,Sprint,28,DE,Kanter Max,https://www.procyclingstats.com/rider/max-kanter,XDS Astana Team,150.0,70.0,",,",0,12547
5,3,finished,166,4300,91,Sprint,33,BE,Merlier Tim,https://www.procyclingstats.com/rider/tim-merlier,Soudal Quick-Step,110.0,50.0,",,",0,12547
5,4,finished,170,4373,152,Hills,24,NL,Artz Huub,https://www.procyclingstats.com/rider/huub-artz,Lotto Intermarché,90.0,40.0,",,",0,12547
5,5,finished,143,3622,105,Sprint,28,BE,Philipsen Jasper,https://www.procyclingstats.com/rider/jasper-philipsen,Alpecin - Premier Tech,70.0,32.0,",,",0,12547
5,6,finished,139,3508,131,Classic,26,ER,Girmay Biniam,https://www.procyclingstats.com/rider/biniam-girmay,NSN Cycling Team,55.0,26.0,",,",0,12547
5,7,finished,71,2240,33,Classic,30,DK,Pedersen Mads,https://www.procyclingstats.com/rider/mads-pedersen,Lidl - Trek,45.0,22.0,",,",0,12547
5,8,finished,165,4300,165,Classic,25,BE,Fretin Milan,https://www.procyclingstats.com/rider/milan-fretin,Cofidis,40.0,18.0,",,",0,12547
5,9,finished,112,2939,207,Classic,32,FR,Turgis Anthony,https://www.procyclingstats.com/rider/anthony-turgis,TotalEnergies,35.0,14.0,",,",0,12547
5,10,finished,150,3744,128,Classic,26,NO,Wærenskjold Søren,https://www.procyclingstats.com/rider/soren-waerenskjold,Uno-X Mobility,30.0,10.0,",,",0,12547
5,11,finished,94,2708,153,Classic,25,BE,Berckmoes Jenno,https://www.procyclingstats.com/rider/jenno-berckmoes,Lotto Intermarché,25.0,8.0,",,",0,12547
5,12,finished,169,4362,112,Sprint,32,DE,Ackermann Pascal,https://www.procyclingstats.com/rider/pascal-ackermann,Team Jayco AlUla,20.0,6.0,",,",0,12547
5,13,finished,102,2765,188,Classic,31,FR,Russo Clément,https://www.procyclingstats.com/rider/clement-russo,Groupama - FDJ United,15.0,4.0,",,",0,12547
5,14,finished,90,2635,195,Hills,25,NL,Pluimers Rick,https://www.procyclingstats.com/rider/rick-pluimers,Tudor Pro Cycling Team,10.0,2.0,",,",0,12547
5,15,finished,158,4145,85,Hills,30,FR,Godon Dorian,https://www.procyclingstats.com/rider/dorian-godon,Netcompany INEOS,5.0,1.0,",,",0,12547
5,16,finished,160,4200,213,Sprint,23,CZ,Bittner Pavel,https://www.procyclingstats.com/rider/pavel-bittner,Team Picnic PostNL,,,",,",0,12547
5,17,finished,163,4260,221,Sprint,31,CO,Gaviria Fernando,https://www.procyclingstats.com/rider/fernando-gaviria,Caja Rural - Seguros RGA,,,",,",0,12547
5,18,finished,168,4315,72,Sprint,32,DE,Bauhaus Phil,https://www.procyclingstats.com/rider/phil-bauhaus,Bahrain - Victorious,,,",,",0,12547
5,19,finished,132,3343,66,Classic,33,NL,Teunissen Mike,https://www.procyclingstats.com/rider/mike-teunissen,XDS Astana Team,,,",,",0,12547
5,20,finished,109,2854,63,GC,35,NZ,Gate Aaron,https://www.procyclingstats.com/rider/aaron-gate,XDS Astana Team,,,0:07,7,12554
5,21,finished,4,473,1,Climber,27,SI,Pogačar Tadej,https://www.procyclingstats.com/rider/tadej-pogacar,UAE Team Emirates - XRG,,,0:14,14,12561
5,22,finished,7,496,21,Climber,26,BE,Evenepoel Remco,https://www.procyclingstats.com/rider/remco-evenepoel,Red Bull - BORA - hansgrohe,,,",,",14,12561
5,23,finished,10,521,51,Climber,19,FR,Seixas Paul,https://www.procyclingstats.com/rider/paul-seixas,Decathlon CMA CGM Team,,,",,",14,12561
5,24,finished,15,555,171,Classic,26,GB,Pidcock Tom,https://www.procyclingstats.com/rider/tom-pidcock,Pinarello Q36.5 Pro Cycling Team,,,",,",14,12561
5,25,finished,16,578,41,Climber,33,EC,Carapaz Richard,https://www.procyclingstats.com/rider/richard-carapaz,EF Education - EasyPost,,,",,",14,12561
5,26,finished,14,550,97,GC,26,BE,Van Wilder Ilan,https://www.procyclingstats.com/rider/ilan-van-wilder,Soudal Quick-Step,,,",,",14,12561
5,27,finished,45,1420,28,Classic,26,BE,Van Gils Maxim,https://www.procyclingstats.com/rider/maxim-van-gils,Red Bull - BORA - hansgrohe,,,",,",14,12561
5,28,finished,19,612,82,GC,26,NL,Arensman Thymen,https://www.procyclingstats.com/rider/thymen-arensman,Netcompany INEOS,,,",,",14,12561
5,29,finished,2,28,45,GC,26,US,Quinn Sean,https://www.procyclingstats.com/rider/sean-quinn,EF Education - EasyPost,,,",,",14,12561
5,30,finished,147,3671,138,Sprint,36,BE,Van Asbroeck Tom,https://www.procyclingstats.com/rider/tom-van-asbroeck,NSN Cycling Team,,,",,",14,12561
5,31,finished,3,230,37,TT,24,CZ,Vacek Mathias,https://www.procyclingstats.com/rider/mathias-vacek,Lidl - Trek,,,",,",14,12561
5,32,finished,8,497,2,Climber,22,MX,del Toro Isaac,https://www.procyclingstats.com/rider/isaac-del-toro,UAE Team Emirates - XRG,,,",,",14,12561
5,33,finished,41,1152,16,GC,27,US,Jorgenson Matteo,https://www.procyclingstats.com/rider/matteo-jorgenson,Team Visma | Lease a Bike,,,",,",14,12561
5,34,finished,17,583,35,Climber,25,DK,Skjelmose Mattias,https://www.procyclingstats.com/rider/mattias-skjelmose-jensen,Lidl - Trek,,,",,",14,12561
5,35,finished,9,500,31,Climber,23,ES,Ayuso Juan,https://www.procyclingstats.com/rider/juan-ayuso-pesquera,Lidl - Trek,,,",,",14,12561
5,36,finished,6,486,102,Climber,23,BE,Debruyne Ramses,https://www.procyclingstats.com/rider/ramses-debruyne,Alpecin - Premier Tech,,,",,",14,12561
5,37,finished,21,621,201,Climber,27,FR,Jegat Jordan,https://www.procyclingstats.com/rider/jordan-jegat,TotalEnergies,,,",,",14,12561
5,38,finished,38,1068,4,GC,28,US,McNulty Brandon,https://www.procyclingstats.com/rider/brandon-mcnulty,UAE Team Emirates - XRG,,,",,",14,12561
5,39,finished,13,544,121,Climber,26,NO,Johannessen Tobias Halland,https://www.procyclingstats.com/rider/tobias-halland-johannessen,Uno-X Mobility,,,",,",14,12561
5,40,finished,25,703,198,GC,27,CH,Voisard Yannis,https://www.procyclingstats.com/rider/yannis-voisard,Tudor Pro Cycling Team,,,",,",14,12561
5,41,finished,32,910,77,GC,25,IT,Tiberi Antonio,https://www.procyclingstats.com/rider/antonio-tiberi,Bahrain - Victorious,,,",,",14,12561
5,42,finished,22,676,61,Climber,28,CO,Higuita Sergio,https://www.procyclingstats.com/rider/sergio-higuita,XDS Astana Team,,,",,",14,12561
5,43,finished,37,999,88,GC,25,FR,Vauquelin Kévin,https://www.procyclingstats.com/rider/kevin-vauquelin,Netcompany INEOS,,,",,",14,12561
5,44,finished,26,728,81,GC,29,CO,Bernal Egan,https://www.procyclingstats.com/rider/egan-bernal,Netcompany INEOS,,,",,",14,12561
5,45,finished,28,751,65,Climber,29,CO,Tejada Harold,https://www.procyclingstats.com/rider/harold-tejada,XDS Astana Team,,,",,",14,12561
5,46,finished,111,2917,107,Classic,32,BE,Rickaert Jonas,https://www.procyclingstats.com/rider/jonas-rickaert,Alpecin - Premier Tech,,,",,",14,12561
5,47,finished,11,526,25,GC,25,DE,Lipowitz Florian,https://www.procyclingstats.com/rider/florian-lipowitz,Red Bull - BORA - hansgrohe,,,",,",14,12561
5,48,finished,39,1088,186,Climber,33,FR,Martin Guillaume,https://www.procyclingstats.com/rider/guillaume-martin,Groupama - FDJ United,,,",,",14,12561
5,49,finished,76,2361,36,Classic,35,LV,Skujiņš Toms,https://www.procyclingstats.com/rider/toms-skujins,Lidl - Trek,,,",,",14,12561
5,50,finished,176,4575,53,Sprint,30,NL,Bol Cees,https://www.procyclingstats.com/rider/cees-bol,Decathlon CMA CGM Team,,,",,",14,12561
5,51,finished,149,3730,167,Classic,24,FR,Page Hugo,https://www.procyclingstats.com/rider/hugo-page,Cofidis,,,",,",14,12561
5,52,finished,18,608,18,GC,24,IT,Piganzoli Davide,https://www.procyclingstats.com/rider/davide-piganzoli,Team Visma | Lease a Bike,,,",,",14,12561
5,53,finished,5,473,11,GC,29,DK,Vingegaard Jonas,https://www.procyclingstats.com/rider/jonas-vingegaard,Team Visma | Lease a Bike,,,",,",14,12561
5,54,finished,1,0,127,GC,30,NO,Træen Torstein,https://www.procyclingstats.com/rider/torstein-traeen,Uno-X Mobility,,,",,",14,12561
5,55,finished,62,2088,203,GC,25,FR,Delbove Joris,https://www.procyclingstats.com/rider/joris-delbove,TotalEnergies,,,",,",14,12561
5,56,finished,24,694,144,Climber,25,ES,García Pierna Raúl,https://www.procyclingstats.com/rider/raul-garcia-pierna,Movistar Team,,,",,",14,12561
5,57,finished,174,4516,62,Classic,31,IT,Ballerini Davide,https://www.procyclingstats.com/rider/davide-ballerini,XDS Astana Team,,,",,",14,12561
5,58,finished,161,4237,217,Sprint,29,NL,van den Berg Julius,https://www.procyclingstats.com/rider/julius-van-den-berg,Team Picnic PostNL,,,",,",14,12561
5,59,finished,89,2619,143,GC,30,EC,Cepeda Jefferson Alveiro,https://www.procyclingstats.com/rider/jefferson-cepeda-hernandez,Movistar Team,,,",,",14,12561
5,60,finished,145,3665,212,Classic,24,NL,Biesterbos Frits,https://www.procyclingstats.com/rider/frits-biesterbos,Team Picnic PostNL,,,",,",14,12561
5,61,finished,171,4385,162,Classic,31,BE,Allegaert Piet,https://www.procyclingstats.com/rider/piet-allegaert,Cofidis,,,",,",14,12561
5,62,finished,51,1681,3,GC,32,AT,Großschartner Felix,https://www.procyclingstats.com/rider/felix-grossschartner,UAE Team Emirates - XRG,,,",,",14,12561
5,63,finished,31,833,8,Climber,33,GB,Yates Adam,https://www.procyclingstats.com/rider/adam-yates,UAE Team Emirates - XRG,,,",,",14,12561
5,64,finished,12,542,71,Climber,22,FR,Martinez Lenny,https://www.procyclingstats.com/rider/lenny-martinez,Bahrain - Victorious,,,",,",14,12561
5,65,finished,57,1877,158,Classic,28,DE,Zimmermann Georg,https://www.procyclingstats.com/rider/georg-zimmermann,Lotto Intermarché,,,",,",14,12561
5,66,finished,159,4160,132,Classic,25,GB,Askey Lewis,https://www.procyclingstats.com/rider/lewis-askey,NSN Cycling Team,,,",,",14,12561
5,67,finished,65,2153,185,GC,24,IT,Germani Lorenzo,https://www.procyclingstats.com/rider/lorenzo-germani,Groupama - FDJ United,,,",,",14,12561
5,68,finished,30,808,161,GC,37,ES,Izagirre Ion,https://www.procyclingstats.com/rider/ion-izagirre,Cofidis,,,",,",14,12561
5,69,finished,131,3287,13,TT,32,FR,Armirail Bruno,https://www.procyclingstats.com/rider/bruno-armirail,Team Visma | Lease a Bike,,,",,",14,12561
5,70,finished,73,2310,148,Climber,28,CO,Rubio Einer,https://www.procyclingstats.com/rider/einer-rubio,Movistar Team,,,",,",14,12561
5,71,finished,27,734,228,GC,29,ES,Parra José Félix,https://www.procyclingstats.com/rider/jose-felix-parra,Caja Rural - Seguros RGA,,,",,",14,12561
5,72,finished,23,677,141,GC,23,BE,Uijtdebroeks Cian,https://www.procyclingstats.com/rider/cian-uijtdebroeks,Movistar Team,,,",,",14,12561
5,73,finished,122,3010,54,TT,27,NL,Hoole Daan,https://www.procyclingstats.com/rider/daan-hoole,Decathlon CMA CGM Team,,,",,",14,12561
5,74,finished,97,2748,83,TT,29,NO,Foss Tobias,https://www.procyclingstats.com/rider/tobias-foss,Netcompany INEOS,,,",,",14,12561
5,75,finished,87,2549,206,Hills,25,FR,Le Berre Mathis,https://www.procyclingstats.com/rider/mathis-le-berre,TotalEnergies,,,",,",14,12561
5,76,finished,98,2749,5,Classic,32,DE,Politt Nils,https://www.procyclingstats.com/rider/nils-politt,UAE Team Emirates - XRG,,,",,",14,12561
5,77,finished,69,2204,22,TT,35,IT,Cattaneo Mattia,https://www.procyclingstats.com/rider/mattia-cattaneo,Red Bull - BORA - hansgrohe,,,",,",14,12561
5,78,finished,72,2303,111,GC,30,AU,O'Connor Ben,https://www.procyclingstats.com/rider/ben-o-connor,Team Jayco AlUla,,,",,",14,12561
5,79,finished,146,3670,104,Sprint,25,NL,Marsman Tim,https://www.procyclingstats.com/rider/tim-marsman,Alpecin - Premier Tech,,,",,",14,12561
5,80,finished,93,2664,106,Classic,31,BE,Planckaert Edward,https://www.procyclingstats.com/rider/edward-planckaert,Alpecin - Premier Tech,,,0:40,40,12587
5,81,finished,167,4301,137,Hills,26,GB,Stewart Jake,https://www.procyclingstats.com/rider/jake-stewart,NSN Cycling Team,,,0:47,47,12594
5,82,finished,100,2755,122,Classic,30,NO,Abrahamsen Jonas,https://www.procyclingstats.com/rider/jonas-abrahamsen,Uno-X Mobility,,,",,",47,12594
5,83,finished,117,2990,172,TT,27,ES,Azparren Xabier Mikel,https://www.procyclingstats.com/rider/xabier-mikel-azparren-irurzun,Pinarello Q36.5 Pro Cycling Team,,,",,",47,12594
5,84,finished,114,2949,136,Classic,31,LV,Neilands Krists,https://www.procyclingstats.com/rider/krists-neilands,NSN Cycling Team,,,",,",47,12594
5,85,finished,36,993,34,Hills,25,US,Simmons Quinn,https://www.procyclingstats.com/rider/quinn-simmons,Lidl - Trek,,,",,",47,12594
5,86,finished,68,2201,176,GC,34,BE,Meurisse Xandro,https://www.procyclingstats.com/rider/xandro-meurisse,Pinarello Q36.5 Pro Cycling Team,,,",,",47,12594
5,87,finished,78,2383,23,Hills,32,DE,Denz Nico,https://www.procyclingstats.com/rider/nico-denz,Red Bull - BORA - hansgrohe,,,",,",47,12594
5,88,finished,40,1090,17,Climber,31,US,Kuss Sepp,https://www.procyclingstats.com/rider/sepp-kuss,Team Visma | Lease a Bike,,,",,",47,12594
5,89,finished,54,1779,32,Climber,28,CA,Gee-West Derek,https://www.procyclingstats.com/rider/derek-gee,Lidl - Trek,,,",,",47,12594
5,90,finished,134,3348,68,GC,24,KZ,Vinokurov Nicolas,https://www.procyclingstats.com/rider/nicolas-vinokurov,XDS Astana Team,,,",,",47,12594
5,91,finished,92,2638,7,GC,35,BE,Wellens Tim,https://www.procyclingstats.com/rider/tim-wellens,UAE Team Emirates - XRG,,,",,",47,12594
5,92,finished,151,3830,27,Classic,26,NL,van Dijke Tim,https://www.procyclingstats.com/rider/tim-van-dijke,Red Bull - BORA - hansgrohe,,,",,",47,12594
5,93,finished,101,2758,154,GC,24,BE,Craps Lars,https://www.procyclingstats.com/rider/lars-craps,Lotto Intermarché,,,",,",47,12594
5,94,finished,95,2721,177,Classic,28,BE,Van Moer Brent,https://www.procyclingstats.com/rider/brent-van-moer,Pinarello Q36.5 Pro Cycling Team,,,",,",47,12594
5,95,finished,20,613,156,Climber,24,BE,Van Eetvelt Lennert,https://www.procyclingstats.com/rider/lennert-van-eetvelt,Lotto Intermarché,,,",,",47,12594
5,96,finished,44,1213,174,Hills,30,BE,Hermans Quinten,https://www.procyclingstats.com/rider/quinten-hermans,Pinarello Q36.5 Pro Cycling Team,,,",,",47,12594
5,97,finished,53,1707,38,GC,33,ES,Verona Carlos,https://www.procyclingstats.com/rider/carlos-verona,Lidl - Trek,,,",,",47,12594
5,98,finished,46,1472,57,GC,29,FR,Prodhomme Nicolas,https://www.procyclingstats.com/rider/nicolas-prodhomme,Decathlon CMA CGM Team,,,",,",47,12594
5,99,finished,64,2147,146,TT,37,PT,Oliveira Nelson,https://www.procyclingstats.com/rider/nelson-oliveira,Movistar Team,,,",,",47,12594
5,100,finished,91,2635,124,Hills,33,DK,Cort Magnus,https://www.procyclingstats.com/rider/magnus-cort-nielsen,Uno-X Mobility,,,",,",47,12594
5,101,finished,162,4247,214,Classic,37,DE,Degenkolb John,https://www.procyclingstats.com/rider/john-degenkolb,Team Picnic PostNL,,,",,",47,12594
5,102,finished,42,1159,133,GC,36,NZ,Bennett George,https://www.procyclingstats.com/rider/george-bennett,NSN Cycling Team,,,",,",47,12594
5,103,finished,47,1476,126,Classic,31,NO,Skaarseth Anders,https://www.procyclingstats.com/rider/anders-skaarseth,Uno-X Mobility,,,",,",47,12594
5,104,finished,136,3448,191,Classic,34,FR,Alaphilippe Julian,https://www.procyclingstats.com/rider/julian-alaphilippe,Tudor Pro Cycling Team,,,",,",47,12594
5,105,finished,107,2827,76,Hills,27,AU,Stannard Robert,https://www.procyclingstats.com/rider/robert-stannard,Bahrain - Victorious,,,1:04,64,12611
5,106,finished,140,3563,86,Classic,36,PL,Kwiatkowski Michał,https://www.procyclingstats.com/rider/michal-kwiatkowski,Netcompany INEOS,,,",,",64,12611
5,107,finished,60,1996,147,GC,27,ES,Romo Javier,https://www.procyclingstats.com/rider/javier-romo,Movistar Team,,,1:11,71,12618
5,108,finished,118,2993,75,Classic,31,SI,Mohorič Matej,https://www.procyclingstats.com/rider/matej-mohoric,Bahrain - Victorious,,,1:19,79,12626
5,109,finished,164,4272,84,TT,29,IT,Ganna Filippo,https://www.procyclingstats.com/rider/filippo-ganna,Netcompany INEOS,,,",,",79,12626
5,110,finished,144,3634,6,Classic,27,BE,Vermeersch Florian,https://www.procyclingstats.com/rider/florian-vermeersch,UAE Team Emirates - XRG,,,",,",79,12626
5,111,finished,155,4002,12,TT,30,IT,Affini Edoardo,https://www.procyclingstats.com/rider/edoardo-affini,Team Visma | Lease a Bike,,,",,",79,12626
5,112,finished,157,4082,157,Hills,26,FR,Veistroffer Baptiste,https://www.procyclingstats.com/rider/baptiste-veistroffer,Lotto Intermarché,,,",,",79,12626
5,113,finished,29,764,142,Climber,25,ES,Castrillo Pablo,https://www.procyclingstats.com/rider/pablo-castrillo-zapater,Movistar Team,,,1:36,96,12643
5,114,finished,124,3024,114,Classic,25,DE,Engelhardt Felix,https://www.procyclingstats.com/rider/felix-engelhardt,Team Jayco AlUla,,,",,",96,12643
5,115,finished,61,2055,204,Classic,28,FR,Delettre Alexandre,https://www.procyclingstats.com/rider/alexandre-delettre,TotalEnergies,,,",,",96,12643
5,116,finished,148,3682,216,Sprint,27,DE,Märkl Niklas,https://www.procyclingstats.com/rider/niklas-markl,Team Picnic PostNL,,,1:45,105,12652
5,117,finished,43,1198,181,Classic,23,FR,Grégoire Romain,https://www.procyclingstats.com/rider/romain-gregoire,Groupama - FDJ United,,,",,",105,12652
5,118,finished,59,1968,183,Climber,26,FR,Braz Afonso Clément,https://www.procyclingstats.com/rider/clement-braz-afonso,Groupama - FDJ United,,,",,",105,12652
5,119,finished,85,2528,118,Hills,26,CH,Schmid Mauro,https://www.procyclingstats.com/rider/mauro-schmid,Team Jayco AlUla,,,2:01,121,12668
5,120,finished,34,941,24,Climber,30,AU,Hindley Jai,https://www.procyclingstats.com/rider/jai-hindley,Red Bull - BORA - hansgrohe,,,",,",121,12668
5,121,finished,153,3943,15,Classic,22,NO,Hagenes Per Strand,https://www.procyclingstats.com/rider/per-strand-hagenes,Team Visma | Lease a Bike,,,2:05,125,12672
5,122,finished,180,4888,193,Classic,35,AT,Haller Marco,https://www.procyclingstats.com/rider/marco-haller,Tudor Pro Cycling Team,,,",,",125,12672
5,123,finished,156,4046,197,Classic,36,IT,Trentin Matteo,https://www.procyclingstats.com/rider/matteo-trentin,Tudor Pro Cycling Team,,,",,",125,12672
5,124,finished,115,2952,205,TT,28,FR,Guernalec Thibault,https://www.procyclingstats.com/rider/thibault-guernalec,TotalEnergies,,,2:11,131,12678
5,125,finished,177,4619,155,GC,25,BE,Slock Liam,https://www.procyclingstats.com/rider/liam-slock,Lotto Intermarché,,,",,",131,12678
5,126,finished,121,3008,211,Climber,34,FR,Barguil Warren,https://www.procyclingstats.com/rider/warren-barguil,Team Picnic PostNL,,,",,",131,12678
5,127,finished,104,2795,187,Hills,34,FR,Pacher Quentin,https://www.procyclingstats.com/rider/quentin-pacher,Groupama - FDJ United,,,",,",131,12678
5,128,finished,63,2137,101,Classic,31,NL,van der Poel Mathieu,https://www.procyclingstats.com/rider/mathieu-van-der-poel,Alpecin - Premier Tech,,,",,",131,12678
5,129,finished,48,1599,222,GC,26,ES,Balderstone Abel,https://www.procyclingstats.com/rider/abel-balderstone-roumens,Caja Rural - Seguros RGA,,,",,",131,12678
5,130,finished,74,2328,42,TT,31,DK,Asgreen Kasper,https://www.procyclingstats.com/rider/kasper-asgreen,EF Education - EasyPost,,,",,",131,12678
5,131,finished,77,2377,218,GC,25,NL,van den Broek Frank,https://www.procyclingstats.com/rider/frank-van-den-broek,Team Picnic PostNL,,,",,",131,12678
5,132,finished,141,3564,215,GC,22,BE,Dhondt Robbe,https://www.procyclingstats.com/rider/robbe-dhondt,Team Picnic PostNL,,,",,",131,12678
5,133,finished,128,3157,166,TT,34,LU,Kirsch Alex,https://www.procyclingstats.com/rider/alex-kirsch,Cofidis,,,",,",131,12678
5,134,finished,103,2781,44,Climber,25,IE,Healy Ben,https://www.procyclingstats.com/rider/ben-healy,EF Education - EasyPost,,,",,",131,12678
5,135,finished,56,1861,78,Sprint,22,BE,Van Mechelen Vlad,https://www.procyclingstats.com/rider/vlad-van-mechelen,Bahrain - Victorious,,,2:23,143,12690
5,136,finished,130,3189,58,Climber,24,US,Riccitello Matthew,https://www.procyclingstats.com/rider/matthew-riccitello,Decathlon CMA CGM Team,,,2:35,155,12702
5,137,finished,35,959,52,Classic,32,BE,Benoot Tiesj,https://www.procyclingstats.com/rider/tiesj-benoot,Decathlon CMA CGM Team,,,",,",155,12702
5,138,finished,58,1897,208,Hills,25,FR,Vercher Mattéo,https://www.procyclingstats.com/rider/matheo-vercher,TotalEnergies,,,",,",155,12702
5,139,finished,137,3450,125,GC,26,NO,Johannessen Anders Halland,https://www.procyclingstats.com/rider/anders-halland-johannessen,Uno-X Mobility,,,",,",155,12702
5,140,finished,120,3002,123,GC,28,DK,Charmig Anthon,https://www.procyclingstats.com/rider/anthon-charmig,Uno-X Mobility,,,",,",155,12702
5,141,finished,33,933,43,Climber,25,FR,Baudin Alex,https://www.procyclingstats.com/rider/alex-baudin,EF Education - EasyPost,,,",,",155,12702
5,142,finished,52,1692,93,Climber,25,FR,Paret-Peintre Valentin,https://www.procyclingstats.com/rider/valentin-paret-peintre,Soudal Quick-Step,,,",,",155,12702
5,143,finished,152,3871,164,Classic,30,BE,Biermans Jenthe,https://www.procyclingstats.com/rider/jenthe-biermans,Cofidis,,,",,",155,12702
5,144,finished,80,2395,163,Classic,30,ES,Aranburu Alex,https://www.procyclingstats.com/rider/alex-aranburu,Cofidis,,,",,",155,12702
5,145,finished,116,2958,168,TT,30,FR,Thomas Benjamin,https://www.procyclingstats.com/rider/benjamin-thomas-2,Cofidis,,,3:01,181,12728
5,146,finished,129,3162,103,Classic,35,CH,Dillier Silvan,https://www.procyclingstats.com/rider/silvan-dillier,Alpecin - Premier Tech,,,3:20,200,12747
5,147,finished,154,3986,178,Hills,27,GB,Wright Fred,https://www.procyclingstats.com/rider/alfred-wright,Pinarello Q36.5 Pro Cycling Team,,,",,",200,12747
5,148,finished,173,4515,74,TT,35,PL,Gradek Kamil,https://www.procyclingstats.com/rider/kamil-gradek,Bahrain - Victorious,,,",,",200,12747
5,149,finished,88,2613,184,GC,23,FR,Costiou Ewen,https://www.procyclingstats.com/rider/ewen-costiou,Groupama - FDJ United,,,",,",200,12747
5,150,finished,81,2410,92,Classic,29,NL,Eenkhoorn Pascal,https://www.procyclingstats.com/rider/pascal-eenkhoorn,Soudal Quick-Step,,,",,",200,12747
5,151,finished,106,2815,47,Classic,34,DK,Valgren Michael,https://www.procyclingstats.com/rider/michael-valgren-andersen,EF Education - EasyPost,,,",,",200,12747
5,152,finished,119,2999,113,TT,35,AU,Durbridge Luke,https://www.procyclingstats.com/rider/luke-durbridge,Team Jayco AlUla,,,",,",200,12747
5,153,finished,125,3054,48,TT,24,GB,Walker Max,https://www.procyclingstats.com/rider/max-walker,EF Education - EasyPost,,,",,",200,12747
5,154,finished,126,3056,175,GC,33,AU,Howson Damien,https://www.procyclingstats.com/rider/damien-howson,Pinarello Q36.5 Pro Cycling Team,,,",,",200,12747
5,155,finished,75,2336,73,GC,38,IT,Caruso Damiano,https://www.procyclingstats.com/rider/damiano-caruso,Bahrain - Victorious,,,",,",200,12747
5,156,finished,66,2160,134,Climber,26,IT,Frigo Marco,https://www.procyclingstats.com/rider/marco-frigo,NSN Cycling Team,,,",,",200,12747
5,157,finished,67,2191,194,Classic,27,CH,Hirschi Marc,https://www.procyclingstats.com/rider/marc-hirschi,Tudor Pro Cycling Team,,,",,",200,12747
5,158,finished,108,2835,67,Classic,30,IT,Velasco Simone,https://www.procyclingstats.com/rider/simone-velasco,XDS Astana Team,,,",,",200,12747
5,159,finished,110,2897,26,TT,36,SI,Tratnik Jan,https://www.procyclingstats.com/rider/jan-tratnik,Red Bull - BORA - hansgrohe,,,",,",200,12747
5,160,finished,86,2548,117,GC,25,AU,Plapp Luke,https://www.procyclingstats.com/rider/luke-plapp,Team Jayco AlUla,,,",,",200,12747
5,161,finished,49,1653,173,GC,31,AU,Harper Chris,https://www.procyclingstats.com/rider/chris-harper,Pinarello Q36.5 Pro Cycling Team,,,",,",200,12747
5,162,finished,123,3023,145,Hills,25,DE,Hessmann Michel,https://www.procyclingstats.com/rider/michel-hessmann,Movistar Team,,,",,",200,12747
5,163,finished,83,2498,196,Climber,29,AU,Storer Michael,https://www.procyclingstats.com/rider/michael-storer,Tudor Pro Cycling Team,,,",,",200,12747
5,164,finished,96,2741,108,Climber,24,BE,Verstrynge Emiel,https://www.procyclingstats.com/rider/emiel-verstrynge,Alpecin - Premier Tech,,,",,",200,12747
5,165,finished,50,1679,202,GC,26,FR,Breuillard Nicolas,https://www.procyclingstats.com/rider/nicolas-breuillard,TotalEnergies,,,",,",200,12747
5,166,finished,105,2799,46,Climber,24,DE,Steinhauser Georg,https://www.procyclingstats.com/rider/georg-steinhauser,EF Education - EasyPost,,,",,",200,12747
5,167,finished,172,4392,87,TT,22,GB,Tarling Joshua,https://www.procyclingstats.com/rider/joshua-tarling,Netcompany INEOS,,,3:29,209,12756
5,168,finished,99,2751,223,GC,26,AU,Berwick Sebastian,https://www.procyclingstats.com/rider/sebastian-berwick,Caja Rural - Seguros RGA,,,4:30,270,12817
5,169,finished,82,2498,225,Hills,28,ES,Nicolau Joel,https://www.procyclingstats.com/rider/joel-nicolau,Caja Rural - Seguros RGA,,,",,",270,12817
5,170,finished,84,2504,14,TT,34,BE,Campenaerts Victor,https://www.procyclingstats.com/rider/victor-campenaerts,Team Visma | Lease a Bike,,,4:50,290,12837
5,171,finished,142,3572,226,Hills,28,IT,Oldani Stefano,https://www.procyclingstats.com/rider/stefano-oldani,Caja Rural - Seguros RGA,,,4:57,297,12844
5,172,finished,127,3057,227,GC,28,CZ,Otruba Jakub,https://www.procyclingstats.com/rider/jakub-otruba,Caja Rural - Seguros RGA,,,",,",297,12844
5,173,finished,113,2948,98,GC,32,BE,Vervaeke Louis,https://www.procyclingstats.com/rider/louis-vervaeke,Soudal Quick-Step,,,5:30,330,12877
5,174,finished,79,2391,94,Classic,34,BE,Stuyven Jasper,https://www.procyclingstats.com/rider/jasper-stuyven,Soudal Quick-Step,,,",,",330,12877
5,175,finished,135,3408,95,Classic,34,NL,van Baarle Dylan,https://www.procyclingstats.com/rider/dylan-van-baarle,Soudal Quick-Step,,,",,",330,12877
5,176,finished,179,4745,96,Classic,33,BE,Van Lerberghe Bert,https://www.procyclingstats.com/rider/bert-van-lerberghe,Soudal Quick-Step,,,",,",330,12877
5,177,finished,55,1785,56,GC,30,FR,Paret-Peintre Aurélien,https://www.procyclingstats.com/rider/aurelien-paret-peintre,Decathlon CMA CGM Team,,,5:38,338,12885
5,178,finished,178,4645,135,Classic,26,FR,Louvel Matis,https://www.procyclingstats.com/rider/matis-louvel,NSN Cycling Team,,,6:38,398,12945
5,179,finished,70,2208,115,Classic,35,AU,Matthews Michael,https://www.procyclingstats.com/rider/michael-matthews,Team Jayco AlUla,,,6:52,412,12959
5,180,finished,133,3346,224,Hills,26,NL,Molenaar Alex,https://www.procyclingstats.com/rider/alex-molenaar,Caja Rural - Seguros RGA,,,7:00,420,12967
5,181,finished,181,5395,192,Sprint,32,NL,de Kleijn Arvid,https://www.procyclingstats.com/rider/arvid-de-kleijn,Tudor Pro Cycling Team,,,11:01,661,13208
6,1,finished,1,0,1,Climber,27,SI,Pogačar Tadej,https://www.procyclingstats.com/rider/tadej-pogacar,UAE Team Emirates - XRG,210.0,100.0,4:32:07,0,16327
6,2,finished,2,162,11,GC,29,DK,Vingegaard Jonas,https://www.procyclingstats.com/rider/jonas-vingegaard,Team Visma | Lease a Bike,150.0,70.0,2:38,158,16485
6,3,finished,3,207,2,Climber,22,MX,del Toro Isaac,https://www.procyclingstats.com/rider/isaac-del-toro,UAE Team Emirates - XRG,110.0,50.0,2:57,177,16504
6,4,finished,4,210,21,Climber,26,BE,Evenepoel Remco,https://www.procyclingstats.com/rider/remco-evenepoel,Red Bull - BORA - hansgrohe,90.0,40.0,",,",177,16504
6,5,finished,6,235,51,Climber,19,FR,Seixas Paul,https://www.procyclingstats.com/rider/paul-seixas,Decathlon CMA CGM Team,70.0,32.0,",,",177,16504
6,6,finished,7,240,25,GC,25,DE,Lipowitz Florian,https://www.procyclingstats.com/rider/florian-lipowitz,Red Bull - BORA - hansgrohe,55.0,26.0,",,",177,16504
6,7,finished,5,214,31,Climber,23,ES,Ayuso Juan,https://www.procyclingstats.com/rider/juan-ayuso-pesquera,Lidl - Trek,45.0,22.0,",,",177,16504
6,8,finished,9,297,35,Climber,25,DK,Skjelmose Mattias,https://www.procyclingstats.com/rider/mattias-skjelmose-jensen,Lidl - Trek,40.0,18.0,",,",177,16504
6,9,finished,8,261,71,Climber,22,FR,Martinez Lenny,https://www.procyclingstats.com/rider/lenny-martinez,Bahrain - Victorious,35.0,14.0,3:02,182,16509
6,10,finished,24,813,17,Climber,31,US,Kuss Sepp,https://www.procyclingstats.com/rider/sepp-kuss,Team Visma | Lease a Bike,30.0,10.0,3:06,186,16513
6,11,finished,11,552,81,GC,29,CO,Bernal Egan,https://www.procyclingstats.com/rider/egan-bernal,Netcompany INEOS,25.0,8.0,4:47,287,16614
6,12,finished,19,656,201,Climber,27,FR,Jegat Jordan,https://www.procyclingstats.com/rider/jordan-jegat,TotalEnergies,20.0,6.0,8:18,498,16825
6,13,finished,22,786,65,Climber,29,CO,Tejada Harold,https://www.procyclingstats.com/rider/harold-tejada,XDS Astana Team,15.0,4.0,",,",498,16825
6,14,finished,14,585,97,GC,26,BE,Van Wilder Ilan,https://www.procyclingstats.com/rider/ilan-van-wilder,Soudal Quick-Step,10.0,2.0,",,",498,16825
6,15,finished,15,590,171,Classic,26,GB,Pidcock Tom,https://www.procyclingstats.com/rider/tom-pidcock,Pinarello Q36.5 Pro Cycling Team,5.0,1.0,",,",498,16825
6,16,finished,21,741,198,GC,27,CH,Voisard Yannis,https://www.procyclingstats.com/rider/yannis-voisard,Tudor Pro Cycling Team,,,8:21,501,16828
6,17,finished,25,871,8,Climber,33,GB,Yates Adam,https://www.procyclingstats.com/rider/adam-yates,UAE Team Emirates - XRG,,,",,",501,16828
6,18,finished,13,582,121,Climber,26,NO,Johannessen Tobias Halland,https://www.procyclingstats.com/rider/tobias-halland-johannessen,Uno-X Mobility,,,",,",501,16828
6,19,finished,18,651,156,Climber,24,BE,Van Eetvelt Lennert,https://www.procyclingstats.com/rider/lennert-van-eetvelt,Lotto Intermarché,,,",,",501,16828
6,20,finished,26,1106,4,GC,28,US,McNulty Brandon,https://www.procyclingstats.com/rider/brandon-mcnulty,UAE Team Emirates - XRG,,,",,",501,16828
6,21,finished,17,646,18,GC,24,IT,Piganzoli Davide,https://www.procyclingstats.com/rider/davide-piganzoli,Team Visma | Lease a Bike,,,",,",501,16828
6,22,finished,23,804,142,Climber,25,ES,Castrillo Pablo,https://www.procyclingstats.com/rider/pablo-castrillo-zapater,Movistar Team,,,8:23,503,16830
6,23,finished,16,646,41,Climber,33,EC,Carapaz Richard,https://www.procyclingstats.com/rider/richard-carapaz,EF Education - EasyPost,,,8:51,531,16858
6,24,finished,33,1763,173,GC,31,AU,Harper Chris,https://www.procyclingstats.com/rider/chris-harper,Pinarello Q36.5 Pro Cycling Team,,,9:33,573,16900
6,25,finished,10,430,37,TT,24,CZ,Vacek Mathias,https://www.procyclingstats.com/rider/mathias-vacek,Lidl - Trek,,,11:03,663,16990
6,26,finished,20,686,102,Climber,23,BE,Debruyne Ramses,https://www.procyclingstats.com/rider/ramses-debruyne,Alpecin - Premier Tech,,,",,",663,16990
6,27,finished,40,2190,38,GC,33,ES,Verona Carlos,https://www.procyclingstats.com/rider/carlos-verona,Lidl - Trek,,,15:46,946,17273
6,28,finished,30,1506,52,Classic,32,BE,Benoot Tiesj,https://www.procyclingstats.com/rider/tiesj-benoot,Decathlon CMA CGM Team,,,16:50,1010,17337
6,29,finished,27,1159,82,GC,26,NL,Arensman Thymen,https://www.procyclingstats.com/rider/thymen-arensman,Netcompany INEOS,,,",,",1010,17337
6,30,finished,37,2019,57,GC,29,FR,Prodhomme Nicolas,https://www.procyclingstats.com/rider/nicolas-prodhomme,Decathlon CMA CGM Team,,,",,",1010,17337
6,31,finished,12,575,45,GC,26,US,Quinn Sean,https://www.procyclingstats.com/rider/sean-quinn,EF Education - EasyPost,,,",,",1010,17337
6,32,finished,31,1596,24,Climber,30,AU,Hindley Jai,https://www.procyclingstats.com/rider/jai-hindley,Red Bull - BORA - hansgrohe,,,18:38,1118,17445
6,33,finished,32,1623,77,GC,25,IT,Tiberi Antonio,https://www.procyclingstats.com/rider/antonio-tiberi,Bahrain - Victorious,,,19:36,1176,17503
6,34,finished,35,1882,186,Climber,33,FR,Martin Guillaume,https://www.procyclingstats.com/rider/guillaume-martin,Groupama - FDJ United,,,20:57,1257,17584
6,35,finished,29,1472,61,Climber,28,CO,Higuita Sergio,https://www.procyclingstats.com/rider/sergio-higuita,XDS Astana Team,,,20:59,1259,17586
6,36,finished,36,1948,16,GC,27,US,Jorgenson Matteo,https://www.procyclingstats.com/rider/matteo-jorgenson,Team Visma | Lease a Bike,,,",,",1259,17586
6,37,finished,50,3161,111,GC,30,AU,O'Connor Ben,https://www.procyclingstats.com/rider/ben-o-connor,Team Jayco AlUla,,,22:01,1321,17648
6,38,finished,46,2539,3,GC,32,AT,Großschartner Felix,https://www.procyclingstats.com/rider/felix-grossschartner,UAE Team Emirates - XRG,,,",,",1321,17648
6,39,finished,41,2310,174,Hills,30,BE,Hermans Quinten,https://www.procyclingstats.com/rider/quinten-hermans,Pinarello Q36.5 Pro Cycling Team,,,26:00,1560,17887
6,40,finished,66,3845,83,TT,29,NO,Foss Tobias,https://www.procyclingstats.com/rider/tobias-foss,Netcompany INEOS,,,",,",1560,17887
6,41,finished,54,3288,194,Classic,27,CH,Hirschi Marc,https://www.procyclingstats.com/rider/marc-hirschi,Tudor Pro Cycling Team,,,",,",1560,17887
6,42,finished,84,4286,58,Climber,24,US,Riccitello Matthew,https://www.procyclingstats.com/rider/matthew-riccitello,Decathlon CMA CGM Team,,,",,",1560,17887
6,43,finished,34,1831,228,GC,29,ES,Parra José Félix,https://www.procyclingstats.com/rider/jose-felix-parra,Caja Rural - Seguros RGA,,,",,",1560,17887
6,44,finished,68,3912,47,Classic,34,DK,Valgren Michael,https://www.procyclingstats.com/rider/michael-valgren-andersen,EF Education - EasyPost,,,",,",1560,17887
6,45,finished,45,2517,28,Classic,26,BE,Van Gils Maxim,https://www.procyclingstats.com/rider/maxim-van-gils,Red Bull - BORA - hansgrohe,,,",,",1560,17887
6,46,finished,58,3604,73,GC,38,IT,Caruso Damiano,https://www.procyclingstats.com/rider/damiano-caruso,Bahrain - Victorious,,,28:51,1731,18058
6,47,finished,56,3472,22,TT,35,IT,Cattaneo Mattia,https://www.procyclingstats.com/rider/mattia-cattaneo,Red Bull - BORA - hansgrohe,,,",,",1731,18058
6,48,finished,38,2076,161,GC,37,ES,Izagirre Ion,https://www.procyclingstats.com/rider/ion-izagirre,Cofidis,,,",,",1731,18058
6,49,finished,67,3906,7,GC,35,BE,Wellens Tim,https://www.procyclingstats.com/rider/tim-wellens,UAE Team Emirates - XRG,,,",,",1731,18058
6,50,finished,101,4782,125,GC,26,NO,Johannessen Anders Halland,https://www.procyclingstats.com/rider/anders-halland-johannessen,Uno-X Mobility,,,29:55,1795,18122
6,51,finished,28,1332,127,GC,30,NO,Træen Torstein,https://www.procyclingstats.com/rider/torstein-traeen,Uno-X Mobility,,,",,",1795,18122
6,52,finished,57,3472,203,GC,25,FR,Delbove Joris,https://www.procyclingstats.com/rider/joris-delbove,TotalEnergies,,,30:47,1847,18174
6,53,finished,49,3076,93,Climber,25,FR,Paret-Peintre Valentin,https://www.procyclingstats.com/rider/valentin-paret-peintre,Soudal Quick-Step,,,",,",1847,18174
6,54,finished,73,4003,143,GC,30,EC,Cepeda Jefferson Alveiro,https://www.procyclingstats.com/rider/jefferson-cepeda-hernandez,Movistar Team,,,",,",1847,18174
6,55,finished,48,2983,222,GC,26,ES,Balderstone Abel,https://www.procyclingstats.com/rider/abel-balderstone-roumens,Caja Rural - Seguros RGA,,,",,",1847,18174
6,56,finished,62,3694,148,Climber,28,CO,Rubio Einer,https://www.procyclingstats.com/rider/einer-rubio,Movistar Team,,,",,",1847,18174
6,57,finished,77,4171,5,Classic,32,DE,Politt Nils,https://www.procyclingstats.com/rider/nils-politt,UAE Team Emirates - XRG,,,31:25,1885,18212
6,58,finished,78,4173,223,GC,26,AU,Berwick Sebastian,https://www.procyclingstats.com/rider/sebastian-berwick,Caja Rural - Seguros RGA,,,",,",1885,18212
6,59,finished,51,3201,32,Climber,28,CA,Gee-West Derek,https://www.procyclingstats.com/rider/derek-gee,Lidl - Trek,,,",,",1885,18212
6,60,finished,69,3920,196,Climber,29,AU,Storer Michael,https://www.procyclingstats.com/rider/michael-storer,Tudor Pro Cycling Team,,,",,",1885,18212
6,61,finished,43,2415,34,Hills,25,US,Simmons Quinn,https://www.procyclingstats.com/rider/quinn-simmons,Lidl - Trek,,,",,",1885,18212
6,62,finished,59,3623,176,GC,34,BE,Meurisse Xandro,https://www.procyclingstats.com/rider/xandro-meurisse,Pinarello Q36.5 Pro Cycling Team,,,",,",1885,18212
6,63,finished,55,3418,147,GC,27,ES,Romo Javier,https://www.procyclingstats.com/rider/javier-romo,Movistar Team,,,",,",1885,18212
6,64,finished,44,2421,88,GC,25,FR,Vauquelin Kévin,https://www.procyclingstats.com/rider/kevin-vauquelin,Netcompany INEOS,,,",,",1885,18212
6,65,finished,39,2116,144,Climber,25,ES,García Pierna Raúl,https://www.procyclingstats.com/rider/raul-garcia-pierna,Movistar Team,,,",,",1885,18212
6,66,finished,65,3783,36,Classic,35,LV,Skujiņš Toms,https://www.procyclingstats.com/rider/toms-skujins,Lidl - Trek,,,",,",1885,18212
6,67,finished,47,2898,126,Classic,31,NO,Skaarseth Anders,https://www.procyclingstats.com/rider/anders-skaarseth,Uno-X Mobility,,,",,",1885,18212
6,68,finished,42,2355,43,Climber,25,FR,Baudin Alex,https://www.procyclingstats.com/rider/alex-baudin,EF Education - EasyPost,,,",,",1885,18212
6,69,finished,75,4134,14,TT,34,BE,Campenaerts Victor,https://www.procyclingstats.com/rider/victor-campenaerts,Team Visma | Lease a Bike,,,34:53,2093,18420
6,70,finished,85,4388,154,GC,24,BE,Craps Lars,https://www.procyclingstats.com/rider/lars-craps,Lotto Intermarché,,,",,",2093,18420
6,71,finished,86,4395,188,Classic,31,FR,Russo Clément,https://www.procyclingstats.com/rider/clement-russo,Groupama - FDJ United,,,",,",2093,18420
6,72,finished,61,3685,204,Classic,28,FR,Delettre Alexandre,https://www.procyclingstats.com/rider/alexandre-delettre,TotalEnergies,,,",,",2093,18420
6,73,finished,79,4179,206,Hills,25,FR,Le Berre Mathis,https://www.procyclingstats.com/rider/mathis-le-berre,TotalEnergies,,,",,",2093,18420
6,74,finished,106,4839,114,Classic,25,DE,Engelhardt Felix,https://www.procyclingstats.com/rider/felix-engelhardt,Team Jayco AlUla,,,37:58,2278,18605
6,75,finished,110,4871,175,GC,33,AU,Howson Damien,https://www.procyclingstats.com/rider/damien-howson,Pinarello Q36.5 Pro Cycling Team,,,",,",2278,18605
6,76,finished,76,4170,42,TT,31,DK,Asgreen Kasper,https://www.procyclingstats.com/rider/kasper-asgreen,EF Education - EasyPost,,,38:25,2305,18632
6,77,finished,60,3627,56,GC,30,FR,Paret-Peintre Aurélien,https://www.procyclingstats.com/rider/aurelien-paret-peintre,Decathlon CMA CGM Team,,,",,",2305,18632
6,78,finished,132,5290,191,Classic,34,FR,Alaphilippe Julian,https://www.procyclingstats.com/rider/julian-alaphilippe,Tudor Pro Cycling Team,,,",,",2305,18632
6,79,finished,116,4999,166,TT,34,LU,Kirsch Alex,https://www.procyclingstats.com/rider/alex-kirsch,Cofidis,,,",,",2305,18632
6,80,finished,130,5190,68,GC,24,KZ,Vinokurov Nicolas,https://www.procyclingstats.com/rider/nicolas-vinokurov,XDS Astana Team,,,",,",2305,18632
6,81,finished,128,5129,13,TT,32,FR,Armirail Bruno,https://www.procyclingstats.com/rider/bruno-armirail,Team Visma | Lease a Bike,,,",,",2305,18632
6,82,finished,72,3989,146,TT,37,PT,Oliveira Nelson,https://www.procyclingstats.com/rider/nelson-oliveira,Movistar Team,,,",,",2305,18632
6,83,finished,63,3739,208,Hills,25,FR,Vercher Mattéo,https://www.procyclingstats.com/rider/matheo-vercher,TotalEnergies,,,",,",2305,18632
6,84,finished,131,5250,95,Classic,34,NL,van Baarle Dylan,https://www.procyclingstats.com/rider/dylan-van-baarle,Soudal Quick-Step,,,",,",2305,18632
6,85,finished,103,4790,98,GC,32,BE,Vervaeke Louis,https://www.procyclingstats.com/rider/louis-vervaeke,Soudal Quick-Step,,,",,",2305,18632
6,86,finished,102,4786,177,Classic,28,BE,Van Moer Brent,https://www.procyclingstats.com/rider/brent-van-moer,Pinarello Q36.5 Pro Cycling Team,,,42:08,2528,18855
6,87,finished,89,4456,94,Classic,34,BE,Stuyven Jasper,https://www.procyclingstats.com/rider/jasper-stuyven,Soudal Quick-Step,,,",,",2528,18855
6,88,finished,174,6684,155,GC,25,BE,Slock Liam,https://www.procyclingstats.com/rider/liam-slock,Lotto Intermarché,,,",,",2528,18855
6,89,finished,165,6438,152,Hills,24,NL,Artz Huub,https://www.procyclingstats.com/rider/huub-artz,Lotto Intermarché,,,",,",2528,18855
6,90,finished,119,5017,205,TT,28,FR,Guernalec Thibault,https://www.procyclingstats.com/rider/thibault-guernalec,TotalEnergies,,,",,",2528,18855
6,91,finished,124,5073,211,Climber,34,FR,Barguil Warren,https://www.procyclingstats.com/rider/warren-barguil,Team Picnic PostNL,,,",,",2528,18855
6,92,finished,100,4773,153,Classic,25,BE,Berckmoes Jenno,https://www.procyclingstats.com/rider/jenno-berckmoes,Lotto Intermarché,,,",,",2528,18855
6,93,finished,152,6051,178,Hills,27,GB,Wright Fred,https://www.procyclingstats.com/rider/alfred-wright,Pinarello Q36.5 Pro Cycling Team,,,",,",2528,18855
6,94,finished,108,4860,187,Hills,34,FR,Pacher Quentin,https://www.procyclingstats.com/rider/quentin-pacher,Groupama - FDJ United,,,",,",2528,18855
6,95,finished,155,6147,157,Hills,26,FR,Veistroffer Baptiste,https://www.procyclingstats.com/rider/baptiste-veistroffer,Lotto Intermarché,,,",,",2528,18855
6,96,finished,105,4820,122,Classic,30,NO,Abrahamsen Jonas,https://www.procyclingstats.com/rider/jonas-abrahamsen,Uno-X Mobility,,,",,",2528,18855
6,97,finished,156,6210,85,Hills,30,FR,Godon Dorian,https://www.procyclingstats.com/rider/dorian-godon,Netcompany INEOS,,,",,",2528,18855
6,98,finished,123,5067,123,GC,28,DK,Charmig Anthon,https://www.procyclingstats.com/rider/anthon-charmig,Uno-X Mobility,,,",,",2528,18855
6,99,finished,70,3926,78,Sprint,22,BE,Van Mechelen Vlad,https://www.procyclingstats.com/rider/vlad-van-mechelen,Bahrain - Victorious,,,",,",2528,18855
6,100,finished,111,4892,76,Hills,27,AU,Stannard Robert,https://www.procyclingstats.com/rider/robert-stannard,Bahrain - Victorious,,,",,",2528,18855
6,101,finished,154,6111,197,Classic,36,IT,Trentin Matteo,https://www.procyclingstats.com/rider/matteo-trentin,Tudor Pro Cycling Team,,,",,",2528,18855
6,102,finished,121,5058,75,Classic,31,SI,Mohorič Matej,https://www.procyclingstats.com/rider/matej-mohoric,Bahrain - Victorious,,,",,",2528,18855
6,103,finished,88,4448,23,Hills,32,DE,Denz Nico,https://www.procyclingstats.com/rider/nico-denz,Red Bull - BORA - hansgrohe,,,",,",2528,18855
6,104,finished,81,4218,185,GC,24,IT,Germani Lorenzo,https://www.procyclingstats.com/rider/lorenzo-germani,Groupama - FDJ United,,,",,",2528,18855
6,105,finished,80,4202,101,Classic,31,NL,van der Poel Mathieu,https://www.procyclingstats.com/rider/mathieu-van-der-poel,Alpecin - Premier Tech,,,",,",2528,18855
6,106,finished,114,4962,26,TT,36,SI,Tratnik Jan,https://www.procyclingstats.com/rider/jan-tratnik,Red Bull - BORA - hansgrohe,,,",,",2528,18855
6,107,finished,97,4700,195,Hills,25,NL,Pluimers Rick,https://www.procyclingstats.com/rider/rick-pluimers,Tudor Pro Cycling Team,,,",,",2528,18855
6,108,finished,147,5895,27,Classic,26,NL,van Dijke Tim,https://www.procyclingstats.com/rider/tim-van-dijke,Red Bull - BORA - hansgrohe,,,",,",2528,18855
6,109,finished,115,4982,107,Classic,32,BE,Rickaert Jonas,https://www.procyclingstats.com/rider/jonas-rickaert,Alpecin - Premier Tech,,,",,",2528,18855
6,110,finished,145,5809,128,Classic,26,NO,Wærenskjold Søren,https://www.procyclingstats.com/rider/soren-waerenskjold,Uno-X Mobility,,,",,",2528,18855
6,111,finished,151,6008,15,Classic,22,NO,Hagenes Per Strand,https://www.procyclingstats.com/rider/per-strand-hagenes,Team Visma | Lease a Bike,,,",,",2528,18855
6,112,finished,157,6265,213,Sprint,23,CZ,Bittner Pavel,https://www.procyclingstats.com/rider/pavel-bittner,Team Picnic PostNL,,,",,",2528,18855
6,113,finished,141,5699,6,Classic,27,BE,Vermeersch Florian,https://www.procyclingstats.com/rider/florian-vermeersch,UAE Team Emirates - XRG,,,",,",2528,18855
6,114,finished,161,6365,165,Classic,25,BE,Fretin Milan,https://www.procyclingstats.com/rider/milan-fretin,Cofidis,,,",,",2528,18855
6,115,finished,82,4225,134,Climber,26,IT,Frigo Marco,https://www.procyclingstats.com/rider/marco-frigo,NSN Cycling Team,,,",,",2528,18855
6,116,finished,90,4460,163,Classic,30,ES,Aranburu Alex,https://www.procyclingstats.com/rider/alex-aranburu,Cofidis,,,",,",2528,18855
6,117,finished,87,4442,218,GC,25,NL,van den Broek Frank,https://www.procyclingstats.com/rider/frank-van-den-broek,Team Picnic PostNL,,,",,",2528,18855
6,118,finished,134,5408,66,Classic,33,NL,Teunissen Mike,https://www.procyclingstats.com/rider/mike-teunissen,XDS Astana Team,,,",,",2528,18855
6,119,finished,149,5936,164,Classic,30,BE,Biermans Jenthe,https://www.procyclingstats.com/rider/jenthe-biermans,Cofidis,,,",,",2528,18855
6,120,finished,112,4900,67,Classic,30,IT,Velasco Simone,https://www.procyclingstats.com/rider/simone-velasco,XDS Astana Team,,,",,",2528,18855
6,121,finished,143,5736,138,Sprint,36,BE,Van Asbroeck Tom,https://www.procyclingstats.com/rider/tom-van-asbroeck,NSN Cycling Team,,,",,",2528,18855
6,122,finished,92,4563,225,Hills,28,ES,Nicolau Joel,https://www.procyclingstats.com/rider/joel-nicolau,Caja Rural - Seguros RGA,,,",,",2528,18855
6,123,finished,140,5637,226,Hills,28,IT,Oldani Stefano,https://www.procyclingstats.com/rider/stefano-oldani,Caja Rural - Seguros RGA,,,",,",2528,18855
6,124,finished,120,5055,172,TT,27,ES,Azparren Xabier Mikel,https://www.procyclingstats.com/rider/xabier-mikel-azparren-irurzun,Pinarello Q36.5 Pro Cycling Team,,,",,",2528,18855
6,125,finished,83,4273,115,Classic,35,AU,Matthews Michael,https://www.procyclingstats.com/rider/michael-matthews,Team Jayco AlUla,,,",,",2528,18855
6,126,finished,52,3224,133,GC,36,NZ,Bennett George,https://www.procyclingstats.com/rider/george-bennett,NSN Cycling Team,,,",,",2528,18855
6,127,finished,122,5064,113,TT,35,AU,Durbridge Luke,https://www.procyclingstats.com/rider/luke-durbridge,Team Jayco AlUla,,,",,",2528,18855
6,128,finished,160,6337,84,TT,29,IT,Ganna Filippo,https://www.procyclingstats.com/rider/filippo-ganna,Netcompany INEOS,,,",,",2528,18855
6,129,finished,164,6427,112,Sprint,32,DE,Ackermann Pascal,https://www.procyclingstats.com/rider/pascal-ackermann,Team Jayco AlUla,,,",,",2528,18855
6,130,finished,118,5014,136,Classic,31,LV,Neilands Krists,https://www.procyclingstats.com/rider/krists-neilands,NSN Cycling Team,,,",,",2528,18855
6,131,finished,177,6953,193,Classic,35,AT,Haller Marco,https://www.procyclingstats.com/rider/marco-haller,Tudor Pro Cycling Team,,,",,",2528,18855
6,132,finished,159,6312,214,Classic,37,DE,Degenkolb John,https://www.procyclingstats.com/rider/john-degenkolb,Team Picnic PostNL,,,",,",2528,18855
6,133,finished,142,5730,212,Classic,24,NL,Biesterbos Frits,https://www.procyclingstats.com/rider/frits-biesterbos,Team Picnic PostNL,,,",,",2528,18855
6,134,finished,166,6457,87,TT,22,GB,Tarling Joshua,https://www.procyclingstats.com/rider/joshua-tarling,Netcompany INEOS,,,",,",2528,18855
6,135,finished,117,5004,207,Classic,32,FR,Turgis Anthony,https://www.procyclingstats.com/rider/anthony-turgis,TotalEnergies,,,",,",2528,18855
6,136,finished,162,6366,137,Hills,26,GB,Stewart Jake,https://www.procyclingstats.com/rider/jake-stewart,NSN Cycling Team,,,",,",2528,18855
6,137,finished,64,3744,202,GC,26,FR,Breuillard Nicolas,https://www.procyclingstats.com/rider/nicolas-breuillard,TotalEnergies,,,",,",2528,18855
6,138,finished,98,4700,124,Hills,33,DK,Cort Magnus,https://www.procyclingstats.com/rider/magnus-cort-nielsen,Uno-X Mobility,,,",,",2528,18855
6,139,finished,158,6302,217,Sprint,29,NL,van den Berg Julius,https://www.procyclingstats.com/rider/julius-van-den-berg,Team Picnic PostNL,,,",,",2528,18855
6,140,finished,104,4806,108,Climber,24,BE,Verstrynge Emiel,https://www.procyclingstats.com/rider/emiel-verstrynge,Alpecin - Premier Tech,,,",,",2528,18855
6,141,finished,153,6067,12,TT,30,IT,Affini Edoardo,https://www.procyclingstats.com/rider/edoardo-affini,Team Visma | Lease a Bike,,,",,",2528,18855
6,142,finished,109,4864,46,Climber,24,DE,Steinhauser Georg,https://www.procyclingstats.com/rider/georg-steinhauser,EF Education - EasyPost,,,",,",2528,18855
6,143,finished,127,5119,48,TT,24,GB,Walker Max,https://www.procyclingstats.com/rider/max-walker,EF Education - EasyPost,,,",,",2528,18855
6,144,finished,107,4846,44,Climber,25,IE,Healy Ben,https://www.procyclingstats.com/rider/ben-healy,EF Education - EasyPost,,,",,",2528,18855
6,145,finished,113,4919,63,GC,35,NZ,Gate Aaron,https://www.procyclingstats.com/rider/aaron-gate,XDS Astana Team,,,",,",2528,18855
6,146,finished,136,5554,64,Sprint,28,DE,Kanter Max,https://www.procyclingstats.com/rider/max-kanter,XDS Astana Team,,,",,",2528,18855
6,147,finished,138,5628,86,Classic,36,PL,Kwiatkowski Michał,https://www.procyclingstats.com/rider/michal-kwiatkowski,Netcompany INEOS,,,",,",2528,18855
6,148,finished,93,4593,118,Hills,26,CH,Schmid Mauro,https://www.procyclingstats.com/rider/mauro-schmid,Team Jayco AlUla,,,",,",2528,18855
6,149,finished,94,4613,117,GC,25,AU,Plapp Luke,https://www.procyclingstats.com/rider/luke-plapp,Team Jayco AlUla,,,",,",2528,18855
6,150,finished,71,3942,158,Classic,28,DE,Zimmermann Georg,https://www.procyclingstats.com/rider/georg-zimmermann,Lotto Intermarché,,,",,",2528,18855
6,151,finished,170,6580,74,TT,35,PL,Gradek Kamil,https://www.procyclingstats.com/rider/kamil-gradek,Bahrain - Victorious,,,",,",2528,18855
6,152,finished,139,5629,215,GC,22,BE,Dhondt Robbe,https://www.procyclingstats.com/rider/robbe-dhondt,Team Picnic PostNL,,,",,",2528,18855
6,153,finished,74,4033,183,Climber,26,FR,Braz Afonso Clément,https://www.procyclingstats.com/rider/clement-braz-afonso,Groupama - FDJ United,,,",,",2528,18855
6,154,finished,126,5088,145,Hills,25,DE,Hessmann Michel,https://www.procyclingstats.com/rider/michel-hessmann,Movistar Team,,,",,",2528,18855
6,155,finished,175,6710,135,Classic,26,FR,Louvel Matis,https://www.procyclingstats.com/rider/matis-louvel,NSN Cycling Team,,,",,",2528,18855
6,156,finished,144,5795,167,Classic,24,FR,Page Hugo,https://www.procyclingstats.com/rider/hugo-page,Cofidis,,,",,",2528,18855
6,157,finished,53,3263,181,Classic,23,FR,Grégoire Romain,https://www.procyclingstats.com/rider/romain-gregoire,Groupama - FDJ United,,,",,",2528,18855
6,158,finished,96,4678,184,GC,23,FR,Costiou Ewen,https://www.procyclingstats.com/rider/ewen-costiou,Groupama - FDJ United,,,",,",2528,18855
6,159,finished,171,6581,62,Classic,31,IT,Ballerini Davide,https://www.procyclingstats.com/rider/davide-ballerini,XDS Astana Team,,,",,",2528,18855
6,160,finished,137,5573,131,Classic,26,ER,Girmay Biniam,https://www.procyclingstats.com/rider/biniam-girmay,NSN Cycling Team,,,",,",2528,18855
6,161,finished,99,4729,106,Classic,31,BE,Planckaert Edward,https://www.procyclingstats.com/rider/edward-planckaert,Alpecin - Premier Tech,,,",,",2528,18855
6,162,finished,125,5076,168,TT,30,FR,Thomas Benjamin,https://www.procyclingstats.com/rider/benjamin-thomas-2,Cofidis,,,43:01,2581,18908
6,163,finished,173,6677,55,Sprint,24,NL,Kooij Olav,https://www.procyclingstats.com/rider/olav-kooij,Decathlon CMA CGM Team,,,43:28,2608,18935
6,164,finished,176,6720,53,Sprint,30,NL,Bol Cees,https://www.procyclingstats.com/rider/cees-bol,Decathlon CMA CGM Team,,,",,",2608,18935
6,165,finished,129,5155,54,TT,27,NL,Hoole Daan,https://www.procyclingstats.com/rider/daan-hoole,Decathlon CMA CGM Team,,,",,",2608,18935
6,166,finished,95,4671,92,Classic,29,NL,Eenkhoorn Pascal,https://www.procyclingstats.com/rider/pascal-eenkhoorn,Soudal Quick-Step,,,45:24,2724,19051
6,167,finished,91,4501,33,Classic,30,DK,Pedersen Mads,https://www.procyclingstats.com/rider/mads-pedersen,Lidl - Trek,,,",,",2724,19051
6,168,finished,169,6576,72,Sprint,32,DE,Bauhaus Phil,https://www.procyclingstats.com/rider/phil-bauhaus,Bahrain - Victorious,,,",,",2724,19051
6,169,finished,150,5943,216,Sprint,27,DE,Märkl Niklas,https://www.procyclingstats.com/rider/niklas-markl,Team Picnic PostNL,,,",,",2724,19051
6,170,finished,133,5318,227,GC,28,CZ,Otruba Jakub,https://www.procyclingstats.com/rider/jakub-otruba,Caja Rural - Seguros RGA,,,",,",2724,19051
6,171,finished,167,6521,221,Sprint,31,CO,Gaviria Fernando,https://www.procyclingstats.com/rider/fernando-gaviria,Caja Rural - Seguros RGA,,,",,",2724,19051
6,172,finished,135,5423,103,Classic,35,CH,Dillier Silvan,https://www.procyclingstats.com/rider/silvan-dillier,Alpecin - Premier Tech,,,",,",2724,19051
6,173,finished,148,5931,104,Sprint,25,NL,Marsman Tim,https://www.procyclingstats.com/rider/tim-marsman,Alpecin - Premier Tech,,,",,",2724,19051
6,174,finished,172,6646,162,Classic,31,BE,Allegaert Piet,https://www.procyclingstats.com/rider/piet-allegaert,Cofidis,,,",,",2724,19051
6,175,finished,146,5883,105,Sprint,28,BE,Philipsen Jasper,https://www.procyclingstats.com/rider/jasper-philipsen,Alpecin - Premier Tech,,,",,",2724,19051
6,176,finished,168,6561,91,Sprint,33,BE,Merlier Tim,https://www.procyclingstats.com/rider/tim-merlier,Soudal Quick-Step,,,",,",2724,19051
6,177,finished,163,6421,132,Classic,25,GB,Askey Lewis,https://www.procyclingstats.com/rider/lewis-askey,NSN Cycling Team,,,",,",2724,19051
6,,DNF,,,96,Classic,33,BE,Van Lerberghe Bert,https://www.procyclingstats.com/rider/bert-van-lerberghe,Soudal Quick-Step,,,,,
6,,DNF,,,141,GC,23,BE,Uijtdebroeks Cian,https://www.procyclingstats.com/rider/cian-uijtdebroeks,Movistar Team,,,,,
6,,DNF,,,192,Sprint,32,NL,de Kleijn Arvid,https://www.procyclingstats.com/rider/arvid-de-kleijn,Tudor Pro Cycling Team,,,,,
6,,DNS,,,224,Hills,26,NL,Molenaar Alex,https://www.procyclingstats.com/rider/alex-molenaar,Caja Rural - Seguros RGA,,,,,
7,1,finished,164,6551,91,Sprint,33,BE,Merlier Tim,https://www.procyclingstats.com/rider/tim-merlier,Soudal Quick-Step,210.0,100.0,3:44:20,0,13460
7,2,finished,143,5803,128,Classic,26,NO,Wærenskjold Søren,https://www.procyclingstats.com/rider/soren-waerenskjold,Uno-X Mobility,150.0,70.0,",,",0,13460
7,3,finished,135,5569,131,Classic,26,ER,Girmay Biniam,https://www.procyclingstats.com/rider/biniam-girmay,NSN Cycling Team,110.0,50.0,",,",0,13460
7,4,finished,134,5554,64,Sprint,28,DE,Kanter Max,https://www.procyclingstats.com/rider/max-kanter,XDS Astana Team,90.0,40.0,",,",0,13460
7,5,finished,144,5883,105,Sprint,28,BE,Philipsen Jasper,https://www.procyclingstats.com/rider/jasper-philipsen,Alpecin - Premier Tech,70.0,32.0,",,",0,13460
7,6,finished,166,6576,72,Sprint,32,DE,Bauhaus Phil,https://www.procyclingstats.com/rider/phil-bauhaus,Bahrain - Victorious,55.0,26.0,",,",0,13460
7,7,finished,162,6438,152,Hills,24,NL,Artz Huub,https://www.procyclingstats.com/rider/huub-artz,Lotto Intermarché,45.0,22.0,",,",0,13460
7,8,finished,154,6210,85,Hills,30,FR,Godon Dorian,https://www.procyclingstats.com/rider/dorian-godon,Netcompany INEOS,40.0,18.0,",,",0,13460
7,9,finished,87,4501,33,Classic,30,DK,Pedersen Mads,https://www.procyclingstats.com/rider/mads-pedersen,Lidl - Trek,35.0,14.0,",,",0,13460
7,10,finished,140,5736,138,Sprint,36,BE,Van Asbroeck Tom,https://www.procyclingstats.com/rider/tom-van-asbroeck,NSN Cycling Team,30.0,10.0,",,",0,13460
7,11,finished,155,6265,213,Sprint,23,CZ,Bittner Pavel,https://www.procyclingstats.com/rider/pavel-bittner,Team Picnic PostNL,25.0,8.0,",,",0,13460
7,12,finished,161,6427,112,Sprint,32,DE,Ackermann Pascal,https://www.procyclingstats.com/rider/pascal-ackermann,Team Jayco AlUla,20.0,6.0,",,",0,13460
7,13,finished,158,6365,165,Classic,25,BE,Fretin Milan,https://www.procyclingstats.com/rider/milan-fretin,Cofidis,15.0,4.0,",,",0,13460
7,14,finished,163,6521,221,Sprint,31,CO,Gaviria Fernando,https://www.procyclingstats.com/rider/fernando-gaviria,Caja Rural - Seguros RGA,10.0,2.0,",,",0,13460
7,15,finished,111,5004,207,Classic,32,FR,Turgis Anthony,https://www.procyclingstats.com/rider/anthony-turgis,TotalEnergies,5.0,1.0,",,",0,13460
7,16,finished,82,4395,188,Classic,31,FR,Russo Clément,https://www.procyclingstats.com/rider/clement-russo,Groupama - FDJ United,,,",,",0,13460
7,17,finished,96,4773,153,Classic,25,BE,Berckmoes Jenno,https://www.procyclingstats.com/rider/jenno-berckmoes,Lotto Intermarché,,,",,",0,13460
7,18,finished,91,4700,195,Hills,25,NL,Pluimers Rick,https://www.procyclingstats.com/rider/rick-pluimers,Tudor Pro Cycling Team,,,",,",0,13460
7,19,finished,151,6051,178,Hills,27,GB,Wright Fred,https://www.procyclingstats.com/rider/alfred-wright,Pinarello Q36.5 Pro Cycling Team,,,",,",0,13460
7,20,finished,107,4919,63,GC,35,NZ,Gate Aaron,https://www.procyclingstats.com/rider/aaron-gate,XDS Astana Team,,,",,",0,13460
7,21,finished,100,4820,122,Classic,30,NO,Abrahamsen Jonas,https://www.procyclingstats.com/rider/jonas-abrahamsen,Uno-X Mobility,,,",,",0,13460
7,22,finished,131,5408,66,Classic,33,NL,Teunissen Mike,https://www.procyclingstats.com/rider/mike-teunissen,XDS Astana Team,,,",,",0,13460
7,23,finished,170,6677,55,Sprint,24,NL,Kooij Olav,https://www.procyclingstats.com/rider/olav-kooij,Decathlon CMA CGM Team,,,",,",0,13460
7,24,finished,104,4892,76,Hills,27,AU,Stannard Robert,https://www.procyclingstats.com/rider/robert-stannard,Bahrain - Victorious,,,",,",0,13460
7,25,finished,78,4202,101,Classic,31,NL,van der Poel Mathieu,https://www.procyclingstats.com/rider/mathieu-van-der-poel,Alpecin - Premier Tech,,,",,",0,13460
7,26,finished,15,590,171,Classic,26,GB,Pidcock Tom,https://www.procyclingstats.com/rider/tom-pidcock,Pinarello Q36.5 Pro Cycling Team,,,",,",0,13460
7,27,finished,21,786,65,Climber,29,CO,Tejada Harold,https://www.procyclingstats.com/rider/harold-tejada,XDS Astana Team,,,",,",0,13460
7,28,finished,122,5190,68,GC,24,KZ,Vinokurov Nicolas,https://www.procyclingstats.com/rider/nicolas-vinokurov,XDS Astana Team,,,",,",0,13460
7,29,finished,98,4786,177,Classic,28,BE,Van Moer Brent,https://www.procyclingstats.com/rider/brent-van-moer,Pinarello Q36.5 Pro Cycling Team,,,",,",0,13460
7,30,finished,116,5067,123,GC,28,DK,Charmig Anthon,https://www.procyclingstats.com/rider/anthon-charmig,Uno-X Mobility,,,",,",0,13460
7,31,finished,147,5936,164,Classic,30,BE,Biermans Jenthe,https://www.procyclingstats.com/rider/jenthe-biermans,Cofidis,,,",,",0,13460
7,32,finished,61,3783,36,Classic,35,LV,Skujiņš Toms,https://www.procyclingstats.com/rider/toms-skujins,Lidl - Trek,,,",,",0,13460
7,33,finished,157,6302,217,Sprint,29,NL,van den Berg Julius,https://www.procyclingstats.com/rider/julius-van-den-berg,Team Picnic PostNL,,,",,",0,13460
7,34,finished,28,1506,52,Classic,32,BE,Benoot Tiesj,https://www.procyclingstats.com/rider/tiesj-benoot,Decathlon CMA CGM Team,,,",,",0,13460
7,35,finished,10,430,37,TT,24,CZ,Vacek Mathias,https://www.procyclingstats.com/rider/mathias-vacek,Lidl - Trek,,,",,",0,13460
7,36,finished,74,4170,42,TT,31,DK,Asgreen Kasper,https://www.procyclingstats.com/rider/kasper-asgreen,EF Education - EasyPost,,,",,",0,13460
7,37,finished,36,2019,57,GC,29,FR,Prodhomme Nicolas,https://www.procyclingstats.com/rider/nicolas-prodhomme,Decathlon CMA CGM Team,,,",,",0,13460
7,38,finished,68,3989,146,TT,37,PT,Oliveira Nelson,https://www.procyclingstats.com/rider/nelson-oliveira,Movistar Team,,,",,",0,13460
7,39,finished,115,5058,75,Classic,31,SI,Mohorič Matej,https://www.procyclingstats.com/rider/matej-mohoric,Bahrain - Victorious,,,",,",0,13460
7,40,finished,86,4456,94,Classic,34,BE,Stuyven Jasper,https://www.procyclingstats.com/rider/jasper-stuyven,Soudal Quick-Step,,,",,",0,13460
7,41,finished,6,235,51,Climber,19,FR,Seixas Paul,https://www.procyclingstats.com/rider/paul-seixas,Decathlon CMA CGM Team,,,",,",0,13460
7,42,finished,43,2517,28,Classic,26,BE,Van Gils Maxim,https://www.procyclingstats.com/rider/maxim-van-gils,Red Bull - BORA - hansgrohe,,,",,",0,13460
7,43,finished,46,2898,126,Classic,31,NO,Skaarseth Anders,https://www.procyclingstats.com/rider/anders-skaarseth,Uno-X Mobility,,,",,",0,13460
7,44,finished,145,5895,27,Classic,26,NL,van Dijke Tim,https://www.procyclingstats.com/rider/tim-van-dijke,Red Bull - BORA - hansgrohe,,,",,",0,13460
7,45,finished,20,741,198,GC,27,CH,Voisard Yannis,https://www.procyclingstats.com/rider/yannis-voisard,Tudor Pro Cycling Team,,,",,",0,13460
7,46,finished,167,6581,62,Classic,31,IT,Ballerini Davide,https://www.procyclingstats.com/rider/davide-ballerini,XDS Astana Team,,,",,",0,13460
7,47,finished,31,1623,77,GC,25,IT,Tiberi Antonio,https://www.procyclingstats.com/rider/antonio-tiberi,Bahrain - Victorious,,,",,",0,13460
7,48,finished,7,240,25,GC,25,DE,Lipowitz Florian,https://www.procyclingstats.com/rider/florian-lipowitz,Red Bull - BORA - hansgrohe,,,",,",0,13460
7,49,finished,75,4171,5,Classic,32,DE,Politt Nils,https://www.procyclingstats.com/rider/nils-politt,UAE Team Emirates - XRG,,,",,",0,13460
7,50,finished,26,1106,4,GC,28,US,McNulty Brandon,https://www.procyclingstats.com/rider/brandon-mcnulty,UAE Team Emirates - XRG,,,",,",0,13460
7,51,finished,25,871,8,Climber,33,GB,Yates Adam,https://www.procyclingstats.com/rider/adam-yates,UAE Team Emirates - XRG,,,",,",0,13460
7,52,finished,4,210,21,Climber,26,BE,Evenepoel Remco,https://www.procyclingstats.com/rider/remco-evenepoel,Red Bull - BORA - hansgrohe,,,",,",0,13460
7,53,finished,66,3942,158,Classic,28,DE,Zimmermann Georg,https://www.procyclingstats.com/rider/georg-zimmermann,Lotto Intermarché,,,",,",0,13460
7,54,finished,81,4388,154,GC,24,BE,Craps Lars,https://www.procyclingstats.com/rider/lars-craps,Lotto Intermarché,,,",,",0,13460
7,55,finished,55,3472,203,GC,25,FR,Delbove Joris,https://www.procyclingstats.com/rider/joris-delbove,TotalEnergies,,,",,",0,13460
7,56,finished,1,0,1,Climber,27,SI,Pogačar Tadej,https://www.procyclingstats.com/rider/tadej-pogacar,UAE Team Emirates - XRG,,,",,",0,13460
7,57,finished,3,207,2,Climber,22,MX,del Toro Isaac,https://www.procyclingstats.com/rider/isaac-del-toro,UAE Team Emirates - XRG,,,",,",0,13460
7,58,finished,152,6067,12,TT,30,IT,Affini Edoardo,https://www.procyclingstats.com/rider/edoardo-affini,Team Visma | Lease a Bike,,,",,",0,13460
7,59,finished,2,162,11,GC,29,DK,Vingegaard Jonas,https://www.procyclingstats.com/rider/jonas-vingegaard,Team Visma | Lease a Bike,,,",,",0,13460
7,60,finished,18,656,201,Climber,27,FR,Jegat Jordan,https://www.procyclingstats.com/rider/jordan-jegat,TotalEnergies,,,",,",0,13460
7,61,finished,150,6008,15,Classic,23,NO,Hagenes Per Strand,https://www.procyclingstats.com/rider/per-strand-hagenes,Team Visma | Lease a Bike,,,",,",0,13460
7,62,finished,5,214,31,Climber,23,ES,Ayuso Juan,https://www.procyclingstats.com/rider/juan-ayuso-pesquera,Lidl - Trek,,,",,",0,13460
7,63,finished,9,297,35,Climber,25,DK,Skjelmose Mattias,https://www.procyclingstats.com/rider/mattias-skjelmose-jensen,Lidl - Trek,,,",,",0,13460
7,64,finished,139,5699,6,Classic,27,BE,Vermeersch Florian,https://www.procyclingstats.com/rider/florian-vermeersch,UAE Team Emirates - XRG,,,",,",0,13460
7,65,finished,57,3623,176,GC,34,BE,Meurisse Xandro,https://www.procyclingstats.com/rider/xandro-meurisse,Pinarello Q36.5 Pro Cycling Team,,,",,",0,13460
7,66,finished,11,552,81,GC,29,CO,Bernal Egan,https://www.procyclingstats.com/rider/egan-bernal,Netcompany INEOS,,,",,",0,13460
7,67,finished,14,585,97,GC,26,BE,Van Wilder Ilan,https://www.procyclingstats.com/rider/ilan-van-wilder,Soudal Quick-Step,,,",,",0,13460
7,68,finished,41,2421,88,GC,25,FR,Vauquelin Kévin,https://www.procyclingstats.com/rider/kevin-vauquelin,Netcompany INEOS,,,",,",0,13460
7,69,finished,22,804,142,Climber,25,ES,Castrillo Pablo,https://www.procyclingstats.com/rider/pablo-castrillo-zapater,Movistar Team,,,",,",0,13460
7,70,finished,33,1882,186,Climber,33,FR,Martin Guillaume,https://www.procyclingstats.com/rider/guillaume-martin,Groupama - FDJ United,,,",,",0,13460
7,71,finished,29,1596,24,Climber,30,AU,Hindley Jai,https://www.procyclingstats.com/rider/jai-hindley,Red Bull - BORA - hansgrohe,,,",,",0,13460
7,72,finished,44,2539,3,GC,32,AT,Großschartner Felix,https://www.procyclingstats.com/rider/felix-grossschartner,UAE Team Emirates - XRG,,,",,",0,13460
7,73,finished,64,3906,7,GC,35,BE,Wellens Tim,https://www.procyclingstats.com/rider/tim-wellens,UAE Team Emirates - XRG,,,",,",0,13460
7,74,finished,159,6366,137,Hills,26,GB,Stewart Jake,https://www.procyclingstats.com/rider/jake-stewart,NSN Cycling Team,,,",,",0,13460
7,75,finished,34,1948,16,GC,27,US,Jorgenson Matteo,https://www.procyclingstats.com/rider/matteo-jorgenson,Team Visma | Lease a Bike,,,",,",0,13460
7,76,finished,16,646,18,GC,24,IT,Piganzoli Davide,https://www.procyclingstats.com/rider/davide-piganzoli,Team Visma | Lease a Bike,,,",,",0,13460
7,77,finished,73,4134,14,TT,34,BE,Campenaerts Victor,https://www.procyclingstats.com/rider/victor-campenaerts,Team Visma | Lease a Bike,,,",,",0,13460
7,78,finished,148,5943,216,Sprint,27,DE,Märkl Niklas,https://www.procyclingstats.com/rider/niklas-markl,Team Picnic PostNL,,,",,",0,13460
7,79,finished,79,4218,185,GC,24,IT,Germani Lorenzo,https://www.procyclingstats.com/rider/lorenzo-germani,Groupama - FDJ United,,,",,",0,13460
7,80,finished,103,4860,187,Hills,34,FR,Pacher Quentin,https://www.procyclingstats.com/rider/quentin-pacher,Groupama - FDJ United,,,",,",0,13460
7,81,finished,40,2310,174,Hills,30,BE,Hermans Quinten,https://www.procyclingstats.com/rider/quinten-hermans,Pinarello Q36.5 Pro Cycling Team,,,",,",0,13460
7,82,finished,23,813,17,Climber,31,US,Kuss Sepp,https://www.procyclingstats.com/rider/sepp-kuss,Team Visma | Lease a Bike,,,",,",0,13460
7,83,finished,17,651,156,Climber,24,BE,Van Eetvelt Lennert,https://www.procyclingstats.com/rider/lennert-van-eetvelt,Lotto Intermarché,,,",,",0,13460
7,84,finished,13,582,121,Climber,26,NO,Johannessen Tobias Halland,https://www.procyclingstats.com/rider/tobias-halland-johannessen,Uno-X Mobility,,,",,",0,13460
7,85,finished,19,686,102,Climber,23,BE,Debruyne Ramses,https://www.procyclingstats.com/rider/ramses-debruyne,Alpecin - Premier Tech,,,",,",0,13460
7,86,finished,92,4700,124,Hills,33,DK,Cort Magnus,https://www.procyclingstats.com/rider/magnus-cort-nielsen,Uno-X Mobility,,,",,",0,13460
7,87,finished,48,3201,32,Climber,28,CA,Gee-West Derek,https://www.procyclingstats.com/rider/derek-gee,Lidl - Trek,,,",,",0,13460
7,88,finished,53,3418,147,GC,27,ES,Romo Javier,https://www.procyclingstats.com/rider/javier-romo,Movistar Team,,,",,",0,13460
7,89,finished,56,3472,22,TT,35,IT,Cattaneo Mattia,https://www.procyclingstats.com/rider/mattia-cattaneo,Red Bull - BORA - hansgrohe,,,",,",0,13460
7,90,finished,8,261,71,Climber,22,FR,Martinez Lenny,https://www.procyclingstats.com/rider/lenny-martinez,Bahrain - Victorious,,,",,",0,13460
7,91,finished,12,575,45,GC,26,US,Quinn Sean,https://www.procyclingstats.com/rider/sean-quinn,EF Education - EasyPost,,,",,",0,13460
7,92,finished,37,2116,144,Climber,25,ES,García Pierna Raúl,https://www.procyclingstats.com/rider/raul-garcia-pierna,Movistar Team,,,",,",0,13460
7,93,finished,60,3739,208,Hills,25,FR,Vercher Mattéo,https://www.procyclingstats.com/rider/matheo-vercher,TotalEnergies,,,",,",0,13460
7,94,finished,32,1831,228,GC,29,ES,Parra José Félix,https://www.procyclingstats.com/rider/jose-felix-parra,Caja Rural - Seguros RGA,,,",,",0,13460
7,95,finished,85,4448,23,Hills,32,DE,Denz Nico,https://www.procyclingstats.com/rider/nico-denz,Red Bull - BORA - hansgrohe,,,",,",0,13460
7,96,finished,172,6720,53,Sprint,30,NL,Bol Cees,https://www.procyclingstats.com/rider/cees-bol,Decathlon CMA CGM Team,,,",,",0,13460
7,97,finished,77,4179,206,Hills,25,FR,Le Berre Mathis,https://www.procyclingstats.com/rider/mathis-le-berre,TotalEnergies,,,",,",0,13460
7,98,finished,94,4729,106,Classic,31,BE,Planckaert Edward,https://www.procyclingstats.com/rider/edward-planckaert,Alpecin - Premier Tech,,,",,",0,13460
7,99,finished,137,5628,86,Classic,36,PL,Kwiatkowski Michał,https://www.procyclingstats.com/rider/michal-kwiatkowski,Netcompany INEOS,,,",,",0,13460
7,100,finished,109,4982,107,Classic,32,BE,Rickaert Jonas,https://www.procyclingstats.com/rider/jonas-rickaert,Alpecin - Premier Tech,,,",,",0,13460
7,101,finished,153,6140,197,Classic,36,IT,Trentin Matteo,https://www.procyclingstats.com/rider/matteo-trentin,Tudor Pro Cycling Team,,,0:29,29,13489
7,102,finished,105,4900,175,GC,33,AU,Howson Damien,https://www.procyclingstats.com/rider/damien-howson,Pinarello Q36.5 Pro Cycling Team,,,",,",29,13489
7,103,finished,138,5666,226,Hills,28,IT,Oldani Stefano,https://www.procyclingstats.com/rider/stefano-oldani,Caja Rural - Seguros RGA,,,",,",29,13489
7,104,finished,141,5767,212,Classic,24,NL,Biesterbos Frits,https://www.procyclingstats.com/rider/frits-biesterbos,Team Picnic PostNL,,,0:37,37,13497
7,105,finished,70,4079,183,Climber,26,FR,Braz Afonso Clément,https://www.procyclingstats.com/rider/clement-braz-afonso,Groupama - FDJ United,,,0:46,46,13506
7,106,finished,59,3731,204,Classic,28,FR,Delettre Alexandre,https://www.procyclingstats.com/rider/alexandre-delettre,TotalEnergies,,,",,",46,13506
7,107,finished,102,4836,98,GC,32,BE,Vervaeke Louis,https://www.procyclingstats.com/rider/louis-vervaeke,Soudal Quick-Step,,,",,",46,13506
7,108,finished,38,2253,38,GC,33,ES,Verona Carlos,https://www.procyclingstats.com/rider/carlos-verona,Lidl - Trek,,,1:03,63,13523
7,109,finished,88,4508,218,GC,25,NL,van den Broek Frank,https://www.procyclingstats.com/rider/frank-van-den-broek,Team Picnic PostNL,,,1:06,66,13526
7,110,finished,95,4751,184,GC,23,FR,Costiou Ewen,https://www.procyclingstats.com/rider/ewen-costiou,Groupama - FDJ United,,,1:13,73,13533
7,111,finished,117,5072,166,TT,34,LU,Kirsch Alex,https://www.procyclingstats.com/rider/alex-kirsch,Cofidis,,,",,",73,13533
7,112,finished,149,6004,104,Sprint,25,NL,Marsman Tim,https://www.procyclingstats.com/rider/tim-marsman,Alpecin - Premier Tech,,,",,",73,13533
7,113,finished,171,6719,162,Classic,31,BE,Allegaert Piet,https://www.procyclingstats.com/rider/piet-allegaert,Cofidis,,,",,",73,13533
7,114,finished,130,5363,191,Classic,34,FR,Alaphilippe Julian,https://www.procyclingstats.com/rider/julian-alaphilippe,Tudor Pro Cycling Team,,,",,",73,13533
7,115,finished,108,4922,114,Classic,25,DE,Engelhardt Felix,https://www.procyclingstats.com/rider/felix-engelhardt,Team Jayco AlUla,,,1:23,83,13543
7,116,finished,49,3244,111,GC,30,AU,O'Connor Ben,https://www.procyclingstats.com/rider/ben-o-connor,Team Jayco AlUla,,,",,",83,13543
7,117,finished,120,5156,211,Climber,34,FR,Barguil Warren,https://www.procyclingstats.com/rider/warren-barguil,Team Picnic PostNL,,,",,",83,13543
7,118,finished,118,5100,205,TT,28,FR,Guernalec Thibault,https://www.procyclingstats.com/rider/thibault-guernalec,TotalEnergies,,,",,",83,13543
7,119,finished,160,6395,214,Classic,37,DE,Degenkolb John,https://www.procyclingstats.com/rider/john-degenkolb,Team Picnic PostNL,,,",,",83,13543
7,120,finished,58,3687,73,GC,38,IT,Caruso Damiano,https://www.procyclingstats.com/rider/damiano-caruso,Bahrain - Victorious,,,",,",83,13543
7,121,finished,173,6767,155,GC,25,BE,Slock Liam,https://www.procyclingstats.com/rider/liam-slock,Lotto Intermarché,,,",,",83,13543
7,122,finished,67,3942,83,TT,29,NO,Foss Tobias,https://www.procyclingstats.com/rider/tobias-foss,Netcompany INEOS,,,1:37,97,13557
7,123,finished,146,5899,167,Classic,24,FR,Page Hugo,https://www.procyclingstats.com/rider/hugo-page,Cofidis,,,1:44,104,13564
7,124,finished,125,5247,13,TT,32,FR,Armirail Bruno,https://www.procyclingstats.com/rider/bruno-armirail,Team Visma | Lease a Bike,,,1:58,118,13578
7,125,finished,27,1159,82,GC,26,NL,Arensman Thymen,https://www.procyclingstats.com/rider/thymen-arensman,Netcompany INEOS,,,*0:00,0,13460
7,126,finished,156,6272,157,Hills,26,FR,Veistroffer Baptiste,https://www.procyclingstats.com/rider/baptiste-veistroffer,Lotto Intermarché,,,2:05,125,13585
7,127,finished,47,3108,222,GC,26,ES,Balderstone Abel,https://www.procyclingstats.com/rider/abel-balderstone-roumens,Caja Rural - Seguros RGA,,,",,",125,13585
7,128,finished,52,3388,181,Classic,23,FR,Grégoire Romain,https://www.procyclingstats.com/rider/romain-gregoire,Groupama - FDJ United,,,",,",125,13585
7,129,finished,114,5025,67,Classic,30,IT,Velasco Simone,https://www.procyclingstats.com/rider/simone-velasco,XDS Astana Team,,,",,",125,13585
7,130,finished,106,4907,125,GC,26,NO,Johannessen Anders Halland,https://www.procyclingstats.com/rider/anders-halland-johannessen,Uno-X Mobility,,,",,",125,13585
7,131,finished,110,4989,46,Climber,24,DE,Steinhauser Georg,https://www.procyclingstats.com/rider/georg-steinhauser,EF Education - EasyPost,,,",,",125,13585
7,132,finished,93,4718,118,Hills,26,CH,Schmid Mauro,https://www.procyclingstats.com/rider/mauro-schmid,Team Jayco AlUla,,,",,",125,13585
7,133,finished,63,3819,148,Climber,28,CO,Rubio Einer,https://www.procyclingstats.com/rider/einer-rubio,Movistar Team,,,",,",125,13585
7,134,finished,83,4411,58,Climber,24,US,Riccitello Matthew,https://www.procyclingstats.com/rider/matthew-riccitello,Decathlon CMA CGM Team,,,",,",125,13585
7,135,finished,30,1597,61,Climber,28,CO,Higuita Sergio,https://www.procyclingstats.com/rider/sergio-higuita,XDS Astana Team,,,",,",125,13585
7,136,finished,51,3349,133,GC,36,NZ,Bennett George,https://www.procyclingstats.com/rider/george-bennett,NSN Cycling Team,,,",,",125,13585
7,137,finished,126,5280,54,TT,27,NL,Hoole Daan,https://www.procyclingstats.com/rider/daan-hoole,Decathlon CMA CGM Team,,,",,",125,13585
7,138,finished,84,4411,115,Classic,35,AU,Matthews Michael,https://www.procyclingstats.com/rider/michael-matthews,Team Jayco AlUla,,,2:18,138,13598
7,139,finished,168,6595,87,TT,22,GB,Tarling Joshua,https://www.procyclingstats.com/rider/joshua-tarling,Netcompany INEOS,,,",,",138,13598
7,140,finished,45,2553,34,Hills,25,US,Simmons Quinn,https://www.procyclingstats.com/rider/quinn-simmons,Lidl - Trek,,,",,",138,13598
7,141,finished,42,2514,43,Climber,25,FR,Baudin Alex,https://www.procyclingstats.com/rider/alex-baudin,EF Education - EasyPost,,,2:39,159,13619
7,142,finished,121,5173,136,Classic,31,LV,Neilands Krists,https://www.procyclingstats.com/rider/krists-neilands,NSN Cycling Team,,,",,",159,13619
7,143,finished,69,4071,47,Classic,34,DK,Valgren Michael,https://www.procyclingstats.com/rider/michael-valgren-andersen,EF Education - EasyPost,,,",,",159,13619
7,144,finished,176,7112,193,Classic,35,AT,Haller Marco,https://www.procyclingstats.com/rider/marco-haller,Tudor Pro Cycling Team,,,",,",159,13619
7,145,finished,132,5413,95,Classic,34,NL,van Baarle Dylan,https://www.procyclingstats.com/rider/dylan-van-baarle,Soudal Quick-Step,,,2:43,163,13623
7,146,finished,101,4834,92,Classic,29,NL,Eenkhoorn Pascal,https://www.procyclingstats.com/rider/pascal-eenkhoorn,Soudal Quick-Step,,,",,",163,13623
7,147,finished,54,3451,194,Classic,27,CH,Hirschi Marc,https://www.procyclingstats.com/rider/marc-hirschi,Tudor Pro Cycling Team,,,",,",163,13623
7,148,finished,127,5282,48,TT,24,GB,Walker Max,https://www.procyclingstats.com/rider/max-walker,EF Education - EasyPost,,,",,",163,13623
7,149,finished,62,3790,56,GC,30,FR,Paret-Peintre Aurélien,https://www.procyclingstats.com/rider/aurelien-paret-peintre,Decathlon CMA CGM Team,,,",,",163,13623
7,150,finished,136,5586,103,Classic,35,CH,Dillier Silvan,https://www.procyclingstats.com/rider/silvan-dillier,Alpecin - Premier Tech,,,",,",163,13623
7,151,finished,71,4095,78,Sprint,22,BE,Van Mechelen Vlad,https://www.procyclingstats.com/rider/vlad-van-mechelen,Bahrain - Victorious,,,2:49,169,13629
7,152,finished,97,4782,117,GC,25,AU,Plapp Luke,https://www.procyclingstats.com/rider/luke-plapp,Team Jayco AlUla,,,",,",169,13629
7,153,finished,123,5233,113,TT,35,AU,Durbridge Luke,https://www.procyclingstats.com/rider/luke-durbridge,Team Jayco AlUla,,,",,",169,13629
7,154,finished,119,5131,26,TT,36,SI,Tratnik Jan,https://www.procyclingstats.com/rider/jan-tratnik,Red Bull - BORA - hansgrohe,,,",,",169,13629
7,155,finished,80,4342,223,GC,26,AU,Berwick Sebastian,https://www.procyclingstats.com/rider/sebastian-berwick,Caja Rural - Seguros RGA,,,",,",169,13629
7,156,finished,24,815,41,Climber,33,EC,Carapaz Richard,https://www.procyclingstats.com/rider/richard-carapaz,EF Education - EasyPost,,,",,",169,13629
7,157,finished,76,4172,143,GC,30,EC,Cepeda Jefferson Alveiro,https://www.procyclingstats.com/rider/jefferson-cepeda-hernandez,Movistar Team,,,",,",169,13629
7,158,finished,65,3913,202,GC,26,FR,Breuillard Nicolas,https://www.procyclingstats.com/rider/nicolas-breuillard,TotalEnergies,,,",,",169,13629
7,159,finished,50,3245,93,Climber,25,FR,Paret-Peintre Valentin,https://www.procyclingstats.com/rider/valentin-paret-peintre,Soudal Quick-Step,,,",,",169,13629
7,160,finished,142,5798,215,GC,22,BE,Dhondt Robbe,https://www.procyclingstats.com/rider/robbe-dhondt,Team Picnic PostNL,,,",,",169,13629
7,161,finished,113,5025,44,Climber,25,IE,Healy Ben,https://www.procyclingstats.com/rider/ben-healy,EF Education - EasyPost,,,2:59,179,13639
7,162,finished,72,4109,196,Climber,29,AU,Storer Michael,https://www.procyclingstats.com/rider/michael-storer,Tudor Pro Cycling Team,,,3:09,189,13649
7,163,finished,39,2265,161,GC,37,ES,Izagirre Ion,https://www.procyclingstats.com/rider/ion-izagirre,Cofidis,,,",,",189,13649
7,164,finished,124,5244,172,TT,27,ES,Azparren Xabier Mikel,https://www.procyclingstats.com/rider/xabier-mikel-azparren-irurzun,Pinarello Q36.5 Pro Cycling Team,,,",,",189,13649
7,165,finished,174,6769,74,TT,35,PL,Gradek Kamil,https://www.procyclingstats.com/rider/kamil-gradek,Bahrain - Victorious,,,",,",189,13649
7,166,finished,128,5288,145,Hills,25,DE,Hessmann Michel,https://www.procyclingstats.com/rider/michel-hessmann,Movistar Team,,,3:20,200,13660
7,167,finished,112,5006,108,Climber,24,BE,Verstrynge Emiel,https://www.procyclingstats.com/rider/emiel-verstrynge,Alpecin - Premier Tech,,,",,",200,13660
7,168,finished,35,1963,173,GC,31,AU,Harper Chris,https://www.procyclingstats.com/rider/chris-harper,Pinarello Q36.5 Pro Cycling Team,,,",,",200,13660
7,169,finished,169,6631,132,Classic,25,GB,Askey Lewis,https://www.procyclingstats.com/rider/lewis-askey,NSN Cycling Team,,,3:30,210,13670
7,170,finished,175,6920,135,Classic,26,FR,Louvel Matis,https://www.procyclingstats.com/rider/matis-louvel,NSN Cycling Team,,,",,",210,13670
7,171,finished,99,4786,225,Hills,28,ES,Nicolau Joel,https://www.procyclingstats.com/rider/joel-nicolau,Caja Rural - Seguros RGA,,,3:43,223,13683
7,172,finished,90,4683,163,Classic,30,ES,Aranburu Alex,https://www.procyclingstats.com/rider/alex-aranburu,Cofidis,,,",,",223,13683
7,173,finished,133,5541,227,GC,28,CZ,Otruba Jakub,https://www.procyclingstats.com/rider/jakub-otruba,Caja Rural - Seguros RGA,,,",,",223,13683
7,174,finished,165,6560,84,TT,29,IT,Ganna Filippo,https://www.procyclingstats.com/rider/filippo-ganna,Netcompany INEOS,,,",,",223,13683
7,175,finished,129,5338,168,TT,30,FR,Thomas Benjamin,https://www.procyclingstats.com/rider/benjamin-thomas-2,Cofidis,,,4:22,262,13722
7,176,finished,89,4532,134,Climber,26,IT,Frigo Marco,https://www.procyclingstats.com/rider/marco-frigo,NSN Cycling Team,,,5:07,307,13767
7,,DNS,,,127,GC,30,NO,Træen Torstein,https://www.procyclingstats.com/rider/torstein-traeen,Uno-X Mobility,,,,,
8,1,finished,164,6541,91,Sprint,33,BE,Merlier Tim,https://www.procyclingstats.com/rider/tim-merlier,Soudal Quick-Step,210.0,100.0,3:52:50,0,13970
8,2,finished,132,5563,131,Classic,26,ER,Girmay Biniam,https://www.procyclingstats.com/rider/biniam-girmay,NSN Cycling Team,150.0,70.0,",,",0,13970
8,3,finished,169,6673,55,Sprint,24,NL,Kooij Olav,https://www.procyclingstats.com/rider/olav-kooij,Decathlon CMA CGM Team,110.0,50.0,",,",0,13970
8,4,finished,143,5883,105,Sprint,28,BE,Philipsen Jasper,https://www.procyclingstats.com/rider/jasper-philipsen,Alpecin - Premier Tech,90.0,40.0,",,",0,13970
8,5,finished,155,6265,213,Sprint,23,CZ,Bittner Pavel,https://www.procyclingstats.com/rider/pavel-bittner,Team Picnic PostNL,70.0,32.0,",,",0,13970
8,6,finished,89,4700,195,Hills,25,NL,Pluimers Rick,https://www.procyclingstats.com/rider/rick-pluimers,Tudor Pro Cycling Team,55.0,26.0,",,",0,13970
8,7,finished,159,6427,112,Sprint,32,DE,Ackermann Pascal,https://www.procyclingstats.com/rider/pascal-ackermann,Team Jayco AlUla,45.0,22.0,",,",0,13970
8,8,finished,80,4395,188,Classic,31,FR,Russo Clément,https://www.procyclingstats.com/rider/clement-russo,Groupama - FDJ United,40.0,18.0,",,",0,13970
8,9,finished,131,5554,64,Sprint,28,DE,Kanter Max,https://www.procyclingstats.com/rider/max-kanter,XDS Astana Team,35.0,14.0,",,",0,13970
8,10,finished,156,6365,165,Classic,25,BE,Fretin Milan,https://www.procyclingstats.com/rider/milan-fretin,Cofidis,30.0,10.0,",,",0,13970
8,11,finished,141,5803,128,Classic,26,NO,Wærenskjold Søren,https://www.procyclingstats.com/rider/soren-waerenskjold,Uno-X Mobility,25.0,8.0,",,",0,13970
8,12,finished,85,4501,33,Classic,30,DK,Pedersen Mads,https://www.procyclingstats.com/rider/mads-pedersen,Lidl - Trek,20.0,6.0,",,",0,13970
8,13,finished,163,6521,221,Sprint,31,CO,Gaviria Fernando,https://www.procyclingstats.com/rider/fernando-gaviria,Caja Rural - Seguros RGA,15.0,4.0,",,",0,13970
8,14,finished,154,6210,85,Hills,30,FR,Godon Dorian,https://www.procyclingstats.com/rider/dorian-godon,Netcompany INEOS,10.0,2.0,",,",0,13970
8,15,finished,102,5004,207,Classic,32,FR,Turgis Anthony,https://www.procyclingstats.com/rider/anthony-turgis,TotalEnergies,5.0,1.0,",,",0,13970
8,16,finished,75,4202,101,Classic,31,NL,van der Poel Mathieu,https://www.procyclingstats.com/rider/mathieu-van-der-poel,Alpecin - Premier Tech,,,",,",0,13970
8,17,finished,166,6576,72,Sprint,32,DE,Bauhaus Phil,https://www.procyclingstats.com/rider/phil-bauhaus,Bahrain - Victorious,,,",,",0,13970
8,18,finished,94,4773,153,Classic,25,BE,Berckmoes Jenno,https://www.procyclingstats.com/rider/jenno-berckmoes,Lotto Intermarché,,,",,",0,13970
8,19,finished,150,6051,178,Hills,27,GB,Wright Fred,https://www.procyclingstats.com/rider/alfred-wright,Pinarello Q36.5 Pro Cycling Team,,,",,",0,13970
8,20,finished,99,4860,187,Hills,34,FR,Pacher Quentin,https://www.procyclingstats.com/rider/quentin-pacher,Groupama - FDJ United,,,",,",0,13970
8,21,finished,110,5067,123,GC,28,DK,Charmig Anthon,https://www.procyclingstats.com/rider/anthon-charmig,Uno-X Mobility,,,",,",0,13970
8,22,finished,91,4718,118,Hills,26,CH,Schmid Mauro,https://www.procyclingstats.com/rider/mauro-schmid,Team Jayco AlUla,,,",,",0,13970
8,23,finished,146,5943,216,Sprint,27,DE,Märkl Niklas,https://www.procyclingstats.com/rider/niklas-markl,Team Picnic PostNL,,,",,",0,13970
8,24,finished,61,3790,56,GC,30,FR,Paret-Peintre Aurélien,https://www.procyclingstats.com/rider/aurelien-paret-peintre,Decathlon CMA CGM Team,,,",,",0,13970
8,25,finished,15,590,171,Classic,26,GB,Pidcock Tom,https://www.procyclingstats.com/rider/tom-pidcock,Pinarello Q36.5 Pro Cycling Team,,,",,",0,13970
8,26,finished,86,4508,218,GC,25,NL,van den Broek Frank,https://www.procyclingstats.com/rider/frank-van-den-broek,Team Picnic PostNL,,,",,",0,13970
8,27,finished,129,5408,66,Classic,33,NL,Teunissen Mike,https://www.procyclingstats.com/rider/mike-teunissen,XDS Astana Team,,,",,",0,13970
8,28,finished,46,2898,126,Classic,31,NO,Skaarseth Anders,https://www.procyclingstats.com/rider/anders-skaarseth,Uno-X Mobility,,,",,",0,13970
8,29,finished,13,582,121,Climber,26,NO,Johannessen Tobias Halland,https://www.procyclingstats.com/rider/tobias-halland-johannessen,Uno-X Mobility,,,",,",0,13970
8,30,finished,4,210,21,Climber,26,BE,Evenepoel Remco,https://www.procyclingstats.com/rider/remco-evenepoel,Red Bull - BORA - hansgrohe,,,",,",0,13970
8,31,finished,90,4700,124,Hills,33,DK,Cort Magnus,https://www.procyclingstats.com/rider/magnus-cort-nielsen,Uno-X Mobility,,,",,",0,13970
8,32,finished,42,2517,28,Classic,26,BE,Van Gils Maxim,https://www.procyclingstats.com/rider/maxim-van-gils,Red Bull - BORA - hansgrohe,,,",,",0,13970
8,33,finished,6,235,51,Climber,19,FR,Seixas Paul,https://www.procyclingstats.com/rider/paul-seixas,Decathlon CMA CGM Team,,,",,",0,13970
8,34,finished,65,3989,146,TT,37,PT,Oliveira Nelson,https://www.procyclingstats.com/rider/nelson-oliveira,Movistar Team,,,",,",0,13970
8,35,finished,20,786,65,Climber,29,CO,Tejada Harold,https://www.procyclingstats.com/rider/harold-tejada,XDS Astana Team,,,",,",0,13970
8,36,finished,139,5736,138,Sprint,36,BE,Van Asbroeck Tom,https://www.procyclingstats.com/rider/tom-van-asbroeck,NSN Cycling Team,,,",,",0,13970
8,37,finished,144,5895,27,Classic,26,NL,van Dijke Tim,https://www.procyclingstats.com/rider/tim-van-dijke,Red Bull - BORA - hansgrohe,,,",,",0,13970
8,38,finished,33,1882,186,Climber,33,FR,Martin Guillaume,https://www.procyclingstats.com/rider/guillaume-martin,Groupama - FDJ United,,,",,",0,13970
8,39,finished,101,4892,76,Hills,27,AU,Stannard Robert,https://www.procyclingstats.com/rider/robert-stannard,Bahrain - Victorious,,,",,",0,13970
8,40,finished,96,4820,122,Classic,30,NO,Abrahamsen Jonas,https://www.procyclingstats.com/rider/jonas-abrahamsen,Uno-X Mobility,,,",,",0,13970
8,41,finished,32,1831,228,GC,29,ES,Parra José Félix,https://www.procyclingstats.com/rider/jose-felix-parra,Caja Rural - Seguros RGA,,,",,",0,13970
8,42,finished,58,3687,73,GC,38,IT,Caruso Damiano,https://www.procyclingstats.com/rider/damiano-caruso,Bahrain - Victorious,,,",,",0,13970
8,43,finished,138,5699,6,Classic,27,BE,Vermeersch Florian,https://www.procyclingstats.com/rider/florian-vermeersch,UAE Team Emirates - XRG,,,",,",0,13970
8,44,finished,72,4171,5,Classic,32,DE,Politt Nils,https://www.procyclingstats.com/rider/nils-politt,UAE Team Emirates - XRG,,,",,",0,13970
8,45,finished,54,3472,22,TT,35,IT,Cattaneo Mattia,https://www.procyclingstats.com/rider/mattia-cattaneo,Red Bull - BORA - hansgrohe,,,",,",0,13970
8,46,finished,3,207,2,Climber,22,MX,del Toro Isaac,https://www.procyclingstats.com/rider/isaac-del-toro,UAE Team Emirates - XRG,,,",,",0,13970
8,47,finished,5,214,31,Climber,23,ES,Ayuso Juan,https://www.procyclingstats.com/rider/juan-ayuso-pesquera,Lidl - Trek,,,",,",0,13970
8,48,finished,26,1106,4,GC,28,US,McNulty Brandon,https://www.procyclingstats.com/rider/brandon-mcnulty,UAE Team Emirates - XRG,,,",,",0,13970
8,49,finished,1,0,1,Climber,27,SI,Pogačar Tadej,https://www.procyclingstats.com/rider/tadej-pogacar,UAE Team Emirates - XRG,,,",,",0,13970
8,50,finished,151,6067,12,TT,30,IT,Affini Edoardo,https://www.procyclingstats.com/rider/edoardo-affini,Team Visma | Lease a Bike,,,",,",0,13970
8,51,finished,2,162,11,GC,29,DK,Vingegaard Jonas,https://www.procyclingstats.com/rider/jonas-vingegaard,Team Visma | Lease a Bike,,,",,",0,13970
8,52,finished,14,585,97,GC,26,BE,Van Wilder Ilan,https://www.procyclingstats.com/rider/ilan-van-wilder,Soudal Quick-Step,,,",,",0,13970
8,53,finished,7,240,25,GC,25,DE,Lipowitz Florian,https://www.procyclingstats.com/rider/florian-lipowitz,Red Bull - BORA - hansgrohe,,,",,",0,13970
8,54,finished,60,3783,36,Classic,35,LV,Skujiņš Toms,https://www.procyclingstats.com/rider/toms-skujins,Lidl - Trek,,,",,",0,13970
8,55,finished,148,6008,15,Classic,23,NO,Hagenes Per Strand,https://www.procyclingstats.com/rider/per-strand-hagenes,Team Visma | Lease a Bike,,,",,",0,13970
8,56,finished,165,6560,84,TT,29,IT,Ganna Filippo,https://www.procyclingstats.com/rider/filippo-ganna,Netcompany INEOS,,,",,",0,13970
8,57,finished,11,552,81,GC,29,CO,Bernal Egan,https://www.procyclingstats.com/rider/egan-bernal,Netcompany INEOS,,,",,",0,13970
8,58,finished,9,297,35,Climber,25,DK,Skjelmose Mattias,https://www.procyclingstats.com/rider/mattias-skjelmose-jensen,Lidl - Trek,,,",,",0,13970
8,59,finished,12,575,45,GC,26,US,Quinn Sean,https://www.procyclingstats.com/rider/sean-quinn,EF Education - EasyPost,,,",,",0,13970
8,60,finished,18,656,201,Climber,27,FR,Jegat Jordan,https://www.procyclingstats.com/rider/jordan-jegat,TotalEnergies,,,",,",0,13970
8,61,finished,161,6438,152,Hills,24,NL,Artz Huub,https://www.procyclingstats.com/rider/huub-artz,Lotto Intermarché,,,",,",0,13970
8,62,finished,8,261,71,Climber,23,FR,Martinez Lenny,https://www.procyclingstats.com/rider/lenny-martinez,Bahrain - Victorious,,,",,",0,13970
8,63,finished,10,430,37,TT,24,CZ,Vacek Mathias,https://www.procyclingstats.com/rider/mathias-vacek,Lidl - Trek,,,",,",0,13970
8,64,finished,19,741,198,GC,27,CH,Voisard Yannis,https://www.procyclingstats.com/rider/yannis-voisard,Tudor Pro Cycling Team,,,",,",0,13970
8,65,finished,23,813,17,Climber,31,US,Kuss Sepp,https://www.procyclingstats.com/rider/sepp-kuss,Team Visma | Lease a Bike,,,",,",0,13970
8,66,finished,22,804,142,Climber,25,ES,Castrillo Pablo,https://www.procyclingstats.com/rider/pablo-castrillo-zapater,Movistar Team,,,",,",0,13970
8,67,finished,24,871,8,Climber,33,GB,Yates Adam,https://www.procyclingstats.com/rider/adam-yates,UAE Team Emirates - XRG,,,",,",0,13970
8,68,finished,16,646,18,GC,24,IT,Piganzoli Davide,https://www.procyclingstats.com/rider/davide-piganzoli,Team Visma | Lease a Bike,,,",,",0,13970
8,69,finished,55,3472,203,GC,25,FR,Delbove Joris,https://www.procyclingstats.com/rider/joris-delbove,TotalEnergies,,,",,",0,13970
8,70,finished,17,651,156,Climber,24,BE,Van Eetvelt Lennert,https://www.procyclingstats.com/rider/lennert-van-eetvelt,Lotto Intermarché,,,",,",0,13970
8,71,finished,41,2421,88,GC,25,FR,Vauquelin Kévin,https://www.procyclingstats.com/rider/kevin-vauquelin,Netcompany INEOS,,,",,",0,13970
8,72,finished,59,3731,204,Classic,28,FR,Delettre Alexandre,https://www.procyclingstats.com/rider/alexandre-delettre,TotalEnergies,,,",,",0,13970
8,73,finished,171,6720,53,Sprint,30,NL,Bol Cees,https://www.procyclingstats.com/rider/cees-bol,Decathlon CMA CGM Team,,,",,",0,13970
8,74,finished,35,1963,173,GC,31,AU,Harper Chris,https://www.procyclingstats.com/rider/chris-harper,Pinarello Q36.5 Pro Cycling Team,,,",,",0,13970
8,75,finished,29,1623,77,GC,25,IT,Tiberi Antonio,https://www.procyclingstats.com/rider/antonio-tiberi,Bahrain - Victorious,,,",,",0,13970
8,76,finished,83,4456,94,Classic,34,BE,Stuyven Jasper,https://www.procyclingstats.com/rider/jasper-stuyven,Soudal Quick-Step,,,",,",0,13970
8,77,finished,76,4218,185,GC,24,IT,Germani Lorenzo,https://www.procyclingstats.com/rider/lorenzo-germani,Groupama - FDJ United,,,",,",0,13970
8,78,finished,167,6631,132,Classic,25,GB,Askey Lewis,https://www.procyclingstats.com/rider/lewis-askey,NSN Cycling Team,,,",,",0,13970
8,79,finished,47,3201,32,Climber,28,CA,Gee-West Derek,https://www.procyclingstats.com/rider/derek-gee,Lidl - Trek,,,",,",0,13970
8,80,finished,112,5072,166,TT,34,LU,Kirsch Alex,https://www.procyclingstats.com/rider/alex-kirsch,Cofidis,,,",,",0,13970
8,81,finished,120,5288,145,Hills,25,DE,Hessmann Michel,https://www.procyclingstats.com/rider/michel-hessmann,Movistar Team,,,",,",0,13970
8,82,finished,69,4095,78,Sprint,22,BE,Van Mechelen Vlad,https://www.procyclingstats.com/rider/vlad-van-mechelen,Bahrain - Victorious,,,",,",0,13970
8,83,finished,97,4836,98,GC,32,BE,Vervaeke Louis,https://www.procyclingstats.com/rider/louis-vervaeke,Soudal Quick-Step,,,",,",0,13970
8,84,finished,116,5173,136,Classic,31,LV,Neilands Krists,https://www.procyclingstats.com/rider/krists-neilands,NSN Cycling Team,,,",,",0,13970
8,85,finished,34,1948,16,GC,27,US,Jorgenson Matteo,https://www.procyclingstats.com/rider/matteo-jorgenson,Team Visma | Lease a Bike,,,",,",0,13970
8,86,finished,71,4134,14,TT,34,BE,Campenaerts Victor,https://www.procyclingstats.com/rider/victor-campenaerts,Team Visma | Lease a Bike,,,",,",0,13970
8,87,finished,109,5058,75,Classic,31,SI,Mohorič Matej,https://www.procyclingstats.com/rider/matej-mohoric,Bahrain - Victorious,,,",,",0,13970
8,88,finished,135,5628,86,Classic,36,PL,Kwiatkowski Michał,https://www.procyclingstats.com/rider/michal-kwiatkowski,Netcompany INEOS,,,",,",0,13970
8,89,finished,73,4179,206,Hills,25,FR,Le Berre Mathis,https://www.procyclingstats.com/rider/mathis-le-berre,TotalEnergies,,,",,",0,13970
8,90,finished,51,3423,181,Classic,23,FR,Grégoire Romain,https://www.procyclingstats.com/rider/romain-gregoire,Groupama - FDJ United,,,0:35,35,14005
8,91,finished,105,5017,107,Classic,32,BE,Rickaert Jonas,https://www.procyclingstats.com/rider/jonas-rickaert,Alpecin - Premier Tech,,,",,",35,14005
8,92,finished,92,4764,106,Classic,31,BE,Planckaert Edward,https://www.procyclingstats.com/rider/edward-planckaert,Alpecin - Premier Tech,,,",,",35,14005
8,93,finished,153,6175,197,Classic,36,IT,Trentin Matteo,https://www.procyclingstats.com/rider/matteo-trentin,Tudor Pro Cycling Team,,,",,",35,14005
8,94,finished,30,1631,24,Climber,30,AU,Hindley Jai,https://www.procyclingstats.com/rider/jai-hindley,Red Bull - BORA - hansgrohe,,,",,",35,14005
8,95,finished,27,1194,82,GC,26,NL,Arensman Thymen,https://www.procyclingstats.com/rider/thymen-arensman,Netcompany INEOS,,,",,",35,14005
8,96,finished,64,3977,158,Classic,28,DE,Zimmermann Georg,https://www.procyclingstats.com/rider/georg-zimmermann,Lotto Intermarché,,,",,",35,14005
8,97,finished,70,4114,183,Climber,26,FR,Braz Afonso Clément,https://www.procyclingstats.com/rider/clement-braz-afonso,Groupama - FDJ United,,,",,",35,14005
8,98,finished,52,3453,147,GC,27,ES,Romo Javier,https://www.procyclingstats.com/rider/javier-romo,Movistar Team,,,",,",35,14005
8,99,finished,140,5802,212,Classic,24,NL,Biesterbos Frits,https://www.procyclingstats.com/rider/frits-biesterbos,Team Picnic PostNL,,,",,",35,14005
8,100,finished,39,2345,174,Hills,30,BE,Hermans Quinten,https://www.procyclingstats.com/rider/quinten-hermans,Pinarello Q36.5 Pro Cycling Team,,,",,",35,14005
8,101,finished,84,4483,23,Hills,32,DE,Denz Nico,https://www.procyclingstats.com/rider/nico-denz,Red Bull - BORA - hansgrohe,,,",,",35,14005
8,102,finished,38,2288,38,GC,33,ES,Verona Carlos,https://www.procyclingstats.com/rider/carlos-verona,Lidl - Trek,,,",,",35,14005
8,103,finished,172,6767,162,Classic,31,BE,Allegaert Piet,https://www.procyclingstats.com/rider/piet-allegaert,Cofidis,,,0:48,48,14018
8,104,finished,147,5947,167,Classic,24,FR,Page Hugo,https://www.procyclingstats.com/rider/hugo-page,Cofidis,,,",,",48,14018
8,105,finished,81,4436,154,GC,24,BE,Craps Lars,https://www.procyclingstats.com/rider/lars-craps,Lotto Intermarché,,,",,",48,14018
8,106,finished,57,3679,176,GC,34,BE,Meurisse Xandro,https://www.procyclingstats.com/rider/xandro-meurisse,Pinarello Q36.5 Pro Cycling Team,,,0:56,56,14026
8,107,finished,77,4233,42,TT,31,DK,Asgreen Kasper,https://www.procyclingstats.com/rider/kasper-asgreen,EF Education - EasyPost,,,1:03,63,14033
8,108,finished,160,6429,137,Hills,26,GB,Stewart Jake,https://www.procyclingstats.com/rider/jake-stewart,NSN Cycling Team,,,",,",63,14033
8,109,finished,98,4849,177,Classic,28,BE,Van Moer Brent,https://www.procyclingstats.com/rider/brent-van-moer,Pinarello Q36.5 Pro Cycling Team,,,",,",63,14033
8,110,finished,63,3882,148,Climber,28,CO,Rubio Einer,https://www.procyclingstats.com/rider/einer-rubio,Movistar Team,,,",,",63,14033
8,111,finished,36,2090,57,GC,29,FR,Prodhomme Nicolas,https://www.procyclingstats.com/rider/nicolas-prodhomme,Decathlon CMA CGM Team,,,1:11,71,14041
8,112,finished,44,2624,34,Hills,25,US,Simmons Quinn,https://www.procyclingstats.com/rider/quinn-simmons,Lidl - Trek,,,",,",71,14041
8,113,finished,28,1577,52,Classic,32,BE,Benoot Tiesj,https://www.procyclingstats.com/rider/tiesj-benoot,Decathlon CMA CGM Team,,,",,",71,14041
8,114,finished,173,6847,155,GC,25,BE,Slock Liam,https://www.procyclingstats.com/rider/liam-slock,Lotto Intermarché,,,1:20,80,14050
8,115,finished,149,6016,164,Classic,30,BE,Biermans Jenthe,https://www.procyclingstats.com/rider/jenthe-biermans,Cofidis,,,",,",80,14050
8,116,finished,168,6670,62,Classic,31,IT,Ballerini Davide,https://www.procyclingstats.com/rider/davide-ballerini,XDS Astana Team,,,1:29,89,14059
8,117,finished,162,6484,214,Classic,37,DE,Degenkolb John,https://www.procyclingstats.com/rider/john-degenkolb,Team Picnic PostNL,,,",,",89,14059
8,118,finished,48,3201,222,GC,26,ES,Balderstone Abel,https://www.procyclingstats.com/rider/abel-balderstone-roumens,Caja Rural - Seguros RGA,,,1:33,93,14063
8,119,finished,107,5023,114,Classic,25,DE,Engelhardt Felix,https://www.procyclingstats.com/rider/felix-engelhardt,Team Jayco AlUla,,,1:41,101,14071
8,120,finished,174,6870,74,TT,35,PL,Gradek Kamil,https://www.procyclingstats.com/rider/kamil-gradek,Bahrain - Victorious,,,",,",101,14071
8,121,finished,25,924,41,Climber,33,EC,Carapaz Richard,https://www.procyclingstats.com/rider/richard-carapaz,EF Education - EasyPost,,,1:49,109,14079
8,122,finished,88,4520,115,Classic,35,AU,Matthews Michael,https://www.procyclingstats.com/rider/michael-matthews,Team Jayco AlUla,,,",,",109,14079
8,123,finished,122,5342,113,TT,35,AU,Durbridge Luke,https://www.procyclingstats.com/rider/luke-durbridge,Team Jayco AlUla,,,",,",109,14079
8,124,finished,123,5353,172,TT,27,ES,Azparren Xabier Mikel,https://www.procyclingstats.com/rider/xabier-mikel-azparren-irurzun,Pinarello Q36.5 Pro Cycling Team,,,",,",109,14079
8,125,finished,119,5265,211,Climber,34,FR,Barguil Warren,https://www.procyclingstats.com/rider/warren-barguil,Team Picnic PostNL,,,",,",109,14079
8,126,finished,124,5356,13,TT,32,FR,Armirail Bruno,https://www.procyclingstats.com/rider/bruno-armirail,Team Visma | Lease a Bike,,,",,",109,14079
8,127,finished,157,6381,157,Hills,26,FR,Veistroffer Baptiste,https://www.procyclingstats.com/rider/baptiste-veistroffer,Lotto Intermarché,,,",,",109,14079
8,128,finished,108,5028,63,GC,35,NZ,Gate Aaron,https://www.procyclingstats.com/rider/aaron-gate,XDS Astana Team,,,",,",109,14079
8,129,finished,45,2648,3,GC,32,AT,Großschartner Felix,https://www.procyclingstats.com/rider/felix-grossschartner,UAE Team Emirates - XRG,,,",,",109,14079
8,130,finished,66,4015,7,GC,35,BE,Wellens Tim,https://www.procyclingstats.com/rider/tim-wellens,UAE Team Emirates - XRG,,,",,",109,14079
8,131,finished,103,5009,175,GC,33,AU,Howson Damien,https://www.procyclingstats.com/rider/damien-howson,Pinarello Q36.5 Pro Cycling Team,,,",,",109,14079
8,132,finished,37,2225,144,Climber,25,ES,García Pierna Raúl,https://www.procyclingstats.com/rider/raul-garcia-pierna,Movistar Team,,,",,",109,14079
8,133,finished,104,5016,125,GC,26,NO,Johannessen Anders Halland,https://www.procyclingstats.com/rider/anders-halland-johannessen,Uno-X Mobility,,,",,",109,14079
8,134,finished,78,4281,143,GC,30,EC,Cepeda Jefferson Alveiro,https://www.procyclingstats.com/rider/jefferson-cepeda-hernandez,Movistar Team,,,",,",109,14079
8,135,finished,87,4520,58,Climber,24,US,Riccitello Matthew,https://www.procyclingstats.com/rider/matthew-riccitello,Decathlon CMA CGM Team,,,",,",109,14079
8,136,finished,126,5389,54,TT,27,NL,Hoole Daan,https://www.procyclingstats.com/rider/daan-hoole,Decathlon CMA CGM Team,,,",,",109,14079
8,137,finished,145,5907,215,GC,22,BE,Dhondt Robbe,https://www.procyclingstats.com/rider/robbe-dhondt,Team Picnic PostNL,,,",,",109,14079
8,138,finished,158,6411,217,Sprint,29,NL,van den Berg Julius,https://www.procyclingstats.com/rider/julius-van-den-berg,Team Picnic PostNL,,,",,",109,14079
8,139,finished,67,4051,83,TT,29,NO,Foss Tobias,https://www.procyclingstats.com/rider/tobias-foss,Netcompany INEOS,,,",,",109,14079
8,140,finished,170,6704,87,TT,22,GB,Tarling Joshua,https://www.procyclingstats.com/rider/joshua-tarling,Netcompany INEOS,,,",,",109,14079
8,141,finished,43,2623,43,Climber,25,FR,Baudin Alex,https://www.procyclingstats.com/rider/alex-baudin,EF Education - EasyPost,,,",,",109,14079
8,142,finished,62,3848,208,Hills,25,FR,Vercher Mattéo,https://www.procyclingstats.com/rider/matheo-vercher,TotalEnergies,,,",,",109,14079
8,143,finished,74,4180,47,Classic,34,DK,Valgren Michael,https://www.procyclingstats.com/rider/michael-valgren-andersen,EF Education - EasyPost,,,",,",109,14079
8,144,finished,114,5134,44,Climber,25,IE,Healy Ben,https://www.procyclingstats.com/rider/ben-healy,EF Education - EasyPost,,,",,",109,14079
8,145,finished,127,5391,48,TT,24,GB,Walker Max,https://www.procyclingstats.com/rider/max-walker,EF Education - EasyPost,,,",,",109,14079
8,146,finished,113,5098,46,Climber,24,DE,Steinhauser Georg,https://www.procyclingstats.com/rider/georg-steinhauser,EF Education - EasyPost,,,",,",109,14079
8,147,finished,118,5240,26,TT,36,SI,Tratnik Jan,https://www.procyclingstats.com/rider/jan-tratnik,Red Bull - BORA - hansgrohe,,,",,",109,14079
8,148,finished,49,3353,111,GC,30,AU,O'Connor Ben,https://www.procyclingstats.com/rider/ben-o-connor,Team Jayco AlUla,,,",,",109,14079
8,149,finished,100,4860,184,GC,23,FR,Costiou Ewen,https://www.procyclingstats.com/rider/ewen-costiou,Groupama - FDJ United,,,",,",109,14079
8,150,finished,40,2374,161,GC,37,ES,Izagirre Ion,https://www.procyclingstats.com/rider/ion-izagirre,Cofidis,,,",,",109,14079
8,151,finished,31,1706,61,Climber,28,CO,Higuita Sergio,https://www.procyclingstats.com/rider/sergio-higuita,XDS Astana Team,,,",,",109,14079
8,152,finished,95,4792,163,Classic,30,ES,Aranburu Alex,https://www.procyclingstats.com/rider/alex-aranburu,Cofidis,,,",,",109,14079
8,153,finished,56,3560,194,Classic,27,CH,Hirschi Marc,https://www.procyclingstats.com/rider/marc-hirschi,Tudor Pro Cycling Team,,,",,",109,14079
8,154,finished,130,5447,168,TT,30,FR,Thomas Benjamin,https://www.procyclingstats.com/rider/benjamin-thomas-2,Cofidis,,,",,",109,14079
8,155,finished,82,4451,223,GC,26,AU,Berwick Sebastian,https://www.procyclingstats.com/rider/sebastian-berwick,Caja Rural - Seguros RGA,,,",,",109,14079
8,156,finished,53,3458,133,GC,36,NZ,Bennett George,https://www.procyclingstats.com/rider/george-bennett,NSN Cycling Team,,,",,",109,14079
8,157,finished,21,795,102,Climber,23,BE,Debruyne Ramses,https://www.procyclingstats.com/rider/ramses-debruyne,Alpecin - Premier Tech,,,",,",109,14079
8,158,finished,152,6113,104,Sprint,25,NL,Marsman Tim,https://www.procyclingstats.com/rider/tim-marsman,Alpecin - Premier Tech,,,",,",109,14079
8,159,finished,115,5134,67,Classic,30,IT,Velasco Simone,https://www.procyclingstats.com/rider/simone-velasco,XDS Astana Team,,,",,",109,14079
8,160,finished,136,5650,227,GC,28,CZ,Otruba Jakub,https://www.procyclingstats.com/rider/jakub-otruba,Caja Rural - Seguros RGA,,,",,",109,14079
8,161,finished,68,4053,202,GC,26,FR,Breuillard Nicolas,https://www.procyclingstats.com/rider/nicolas-breuillard,TotalEnergies,,,2:20,140,14110
8,162,finished,50,3406,93,Climber,25,FR,Paret-Peintre Valentin,https://www.procyclingstats.com/rider/valentin-paret-peintre,Soudal Quick-Step,,,2:41,161,14131
8,163,finished,133,5574,95,Classic,34,NL,van Baarle Dylan,https://www.procyclingstats.com/rider/dylan-van-baarle,Soudal Quick-Step,,,",,",161,14131
8,164,finished,176,7293,193,Classic,35,AT,Haller Marco,https://www.procyclingstats.com/rider/marco-haller,Tudor Pro Cycling Team,,,3:01,181,14151
8,165,finished,137,5666,226,Hills,28,IT,Oldani Stefano,https://www.procyclingstats.com/rider/stefano-oldani,Caja Rural - Seguros RGA,,,*0:00,0,13970
8,166,finished,128,5396,68,GC,24,KZ,Vinokurov Nicolas,https://www.procyclingstats.com/rider/nicolas-vinokurov,XDS Astana Team,,,3:26,206,14176
8,167,finished,142,5822,103,Classic,35,CH,Dillier Silvan,https://www.procyclingstats.com/rider/silvan-dillier,Alpecin - Premier Tech,,,3:56,236,14206
8,168,finished,106,5018,117,GC,25,AU,Plapp Luke,https://www.procyclingstats.com/rider/luke-plapp,Team Jayco AlUla,,,",,",236,14206
8,169,finished,121,5336,205,TT,28,FR,Guernalec Thibault,https://www.procyclingstats.com/rider/thibault-guernalec,TotalEnergies,,,",,",236,14206
8,170,finished,175,7156,135,Classic,26,FR,Louvel Matis,https://www.procyclingstats.com/rider/matis-louvel,NSN Cycling Team,,,",,",236,14206
8,171,finished,79,4345,196,Climber,29,AU,Storer Michael,https://www.procyclingstats.com/rider/michael-storer,Tudor Pro Cycling Team,,,",,",236,14206
8,172,finished,134,5599,191,Classic,34,FR,Alaphilippe Julian,https://www.procyclingstats.com/rider/julian-alaphilippe,Tudor Pro Cycling Team,,,",,",236,14206
8,173,finished,93,4768,134,Climber,26,IT,Frigo Marco,https://www.procyclingstats.com/rider/marco-frigo,NSN Cycling Team,,,",,",236,14206
8,174,finished,111,5071,225,Hills,28,ES,Nicolau Joel,https://www.procyclingstats.com/rider/joel-nicolau,Caja Rural - Seguros RGA,,,4:45,285,14255
8,175,finished,117,5178,92,Classic,29,NL,Eenkhoorn Pascal,https://www.procyclingstats.com/rider/pascal-eenkhoorn,Soudal Quick-Step,,,5:44,344,14314
8,176,finished,125,5378,108,Climber,24,BE,Verstrynge Emiel,https://www.procyclingstats.com/rider/emiel-verstrynge,Alpecin - Premier Tech,,,6:12,372,14342
9,1,finished,56,4186,101,Classic,31,NL,van der Poel Mathieu,https://www.procyclingstats.com/rider/mathieu-van-der-poel,Alpecin - Premier Tech,210.0,100.0,3:27:51,0,12471
9,2,finished,11,570,121,Climber,26,NO,Johannessen Tobias Halland,https://www.procyclingstats.com/rider/tobias-halland-johannessen,Uno-X Mobility,150.0,70.0,",,",0,12471
9,3,finished,13,580,171,Classic,26,GB,Pidcock Tom,https://www.procyclingstats.com/rider/tom-pidcock,Pinarello Q36.5 Pro Cycling Team,110.0,50.0,",,",0,12471
9,4,finished,36,2617,43,Climber,25,FR,Baudin Alex,https://www.procyclingstats.com/rider/alex-baudin,EF Education - EasyPost,90.0,40.0,",,",0,12471
9,5,finished,121,6560,84,TT,29,IT,Ganna Filippo,https://www.procyclingstats.com/rider/filippo-ganna,Netcompany INEOS,70.0,32.0,0:06,6,12477
9,6,finished,63,4501,33,Classic,30,DK,Pedersen Mads,https://www.procyclingstats.com/rider/mads-pedersen,Lidl - Trek,55.0,26.0,",,",6,12477
9,7,finished,66,4520,115,Classic,35,AU,Matthews Michael,https://www.procyclingstats.com/rider/michael-matthews,Team Jayco AlUla,45.0,22.0,",,",6,12477
9,8,finished,52,4053,202,GC,26,FR,Breuillard Nicolas,https://www.procyclingstats.com/rider/nicolas-breuillard,TotalEnergies,40.0,18.0,",,",6,12477
9,9,finished,17,656,201,Climber,27,FR,Jegat Jordan,https://www.procyclingstats.com/rider/jordan-jegat,TotalEnergies,35.0,14.0,",,",6,12477
9,10,finished,12,575,45,GC,26,US,Quinn Sean,https://www.procyclingstats.com/rider/sean-quinn,EF Education - EasyPost,30.0,10.0,",,",6,12477
9,11,finished,1,0,1,Climber,27,SI,Pogačar Tadej,https://www.procyclingstats.com/rider/tadej-pogacar,UAE Team Emirates - XRG,25.0,8.0,",,",6,12477
9,12,finished,4,210,21,Climber,26,BE,Evenepoel Remco,https://www.procyclingstats.com/rider/remco-evenepoel,Red Bull - BORA - hansgrohe,20.0,6.0,",,",6,12477
9,13,finished,3,207,2,Climber,22,MX,del Toro Isaac,https://www.procyclingstats.com/rider/isaac-del-toro,UAE Team Emirates - XRG,15.0,4.0,",,",6,12477
9,14,finished,69,4792,163,Classic,30,ES,Aranburu Alex,https://www.procyclingstats.com/rider/alex-aranburu,Cofidis,10.0,2.0,",,",6,12477
9,15,finished,6,235,51,Climber,19,FR,Seixas Paul,https://www.procyclingstats.com/rider/paul-seixas,Decathlon CMA CGM Team,5.0,1.0,",,",6,12477
9,16,finished,27,1577,52,Classic,32,BE,Benoot Tiesj,https://www.procyclingstats.com/rider/tiesj-benoot,Decathlon CMA CGM Team,,,",,",6,12477
9,17,finished,19,795,102,Climber,23,BE,Debruyne Ramses,https://www.procyclingstats.com/rider/ramses-debruyne,Alpecin - Premier Tech,,,",,",6,12477
9,18,finished,18,741,198,GC,27,CH,Voisard Yannis,https://www.procyclingstats.com/rider/yannis-voisard,Tudor Pro Cycling Team,,,",,",6,12477
9,19,finished,2,162,11,GC,29,DK,Vingegaard Jonas,https://www.procyclingstats.com/rider/jonas-vingegaard,Team Visma | Lease a Bike,,,",,",6,12477
9,20,finished,7,240,25,GC,25,DE,Lipowitz Florian,https://www.procyclingstats.com/rider/florian-lipowitz,Red Bull - BORA - hansgrohe,,,",,",6,12477
9,21,finished,9,297,35,Climber,25,DK,Skjelmose Mattias,https://www.procyclingstats.com/rider/mattias-skjelmose-jensen,Lidl - Trek,,,",,",6,12477
9,22,finished,14,585,97,GC,26,BE,Van Wilder Ilan,https://www.procyclingstats.com/rider/ilan-van-wilder,Soudal Quick-Step,,,",,",6,12477
9,23,finished,54,4114,183,Climber,26,FR,Braz Afonso Clément,https://www.procyclingstats.com/rider/clement-braz-afonso,Groupama - FDJ United,,,",,",6,12477
9,24,finished,15,646,18,GC,24,IT,Piganzoli Davide,https://www.procyclingstats.com/rider/davide-piganzoli,Team Visma | Lease a Bike,,,",,",6,12477
9,25,finished,20,813,17,Climber,31,US,Kuss Sepp,https://www.procyclingstats.com/rider/sepp-kuss,Team Visma | Lease a Bike,,,",,",6,12477
9,26,finished,23,924,41,Climber,33,EC,Carapaz Richard,https://www.procyclingstats.com/rider/richard-carapaz,EF Education - EasyPost,,,",,",6,12477
9,27,finished,5,214,31,Climber,23,ES,Ayuso Juan,https://www.procyclingstats.com/rider/juan-ayuso-pesquera,Lidl - Trek,,,",,",6,12477
9,28,finished,47,3560,194,Classic,27,CH,Hirschi Marc,https://www.procyclingstats.com/rider/marc-hirschi,Tudor Pro Cycling Team,,,",,",6,12477
9,29,finished,48,3882,148,Climber,28,CO,Rubio Einer,https://www.procyclingstats.com/rider/einer-rubio,Movistar Team,,,",,",6,12477
9,30,finished,59,4436,154,GC,24,BE,Craps Lars,https://www.procyclingstats.com/rider/lars-craps,Lotto Intermarché,,,",,",6,12477
9,31,finished,8,261,71,Climber,23,FR,Martinez Lenny,https://www.procyclingstats.com/rider/lenny-martinez,Bahrain - Victorious,,,",,",6,12477
9,32,finished,10,552,81,GC,29,CO,Bernal Egan,https://www.procyclingstats.com/rider/egan-bernal,Netcompany INEOS,,,",,",6,12477
9,33,finished,71,4860,184,GC,23,FR,Costiou Ewen,https://www.procyclingstats.com/rider/ewen-costiou,Groupama - FDJ United,,,",,",6,12477
9,34,finished,22,871,8,Climber,33,GB,Yates Adam,https://www.procyclingstats.com/rider/adam-yates,UAE Team Emirates - XRG,,,",,",6,12477
9,35,finished,46,3406,93,Climber,25,FR,Paret-Peintre Valentin,https://www.procyclingstats.com/rider/valentin-paret-peintre,Soudal Quick-Step,,,",,",6,12477
9,36,finished,16,651,156,Climber,24,BE,Van Eetvelt Lennert,https://www.procyclingstats.com/rider/lennert-van-eetvelt,Lotto Intermarché,,,",,",6,12477
9,37,finished,21,817,142,Climber,25,ES,Castrillo Pablo,https://www.procyclingstats.com/rider/pablo-castrillo-zapater,Movistar Team,,,0:19,19,12490
9,38,finished,25,1122,4,GC,28,US,McNulty Brandon,https://www.procyclingstats.com/rider/brandon-mcnulty,UAE Team Emirates - XRG,,,0:22,22,12493
9,39,finished,38,2669,3,GC,32,AT,Großschartner Felix,https://www.procyclingstats.com/rider/felix-grossschartner,UAE Team Emirates - XRG,,,0:27,27,12498
9,40,finished,51,4036,7,GC,35,BE,Wellens Tim,https://www.procyclingstats.com/rider/tim-wellens,UAE Team Emirates - XRG,,,",,",27,12498
9,41,finished,28,1974,16,GC,27,US,Jorgenson Matteo,https://www.procyclingstats.com/rider/matteo-jorgenson,Team Visma | Lease a Bike,,,0:32,32,12503
9,42,finished,29,2126,57,GC,29,FR,Prodhomme Nicolas,https://www.procyclingstats.com/rider/nicolas-prodhomme,Decathlon CMA CGM Team,,,0:42,42,12513
9,43,finished,33,2457,88,GC,25,FR,Vauquelin Kévin,https://www.procyclingstats.com/rider/kevin-vauquelin,Netcompany INEOS,,,",,",42,12513
9,44,finished,32,2445,161,GC,37,ES,Izagirre Ion,https://www.procyclingstats.com/rider/ion-izagirre,Cofidis,,,1:17,77,12548
9,45,finished,31,2393,38,GC,33,ES,Verona Carlos,https://www.procyclingstats.com/rider/carlos-verona,Lidl - Trek,,,1:51,111,12582
9,46,finished,45,3391,32,Climber,28,CA,Gee-West Derek,https://www.procyclingstats.com/rider/derek-gee,Lidl - Trek,,,3:16,196,12667
9,47,finished,41,2858,34,Hills,25,US,Simmons Quinn,https://www.procyclingstats.com/rider/quinn-simmons,Lidl - Trek,,,4:00,240,12711
9,48,finished,64,4506,83,TT,29,NO,Foss Tobias,https://www.procyclingstats.com/rider/tobias-foss,Netcompany INEOS,,,7:41,461,12932
9,49,finished,142,7026,152,Hills,24,NL,Artz Huub,https://www.procyclingstats.com/rider/huub-artz,Lotto Intermarché,,,9:54,594,13065
9,50,finished,58,4319,204,Classic,28,FR,Delettre Alexandre,https://www.procyclingstats.com/rider/alexandre-delettre,TotalEnergies,,,",,",594,13065
9,51,finished,53,4060,203,GC,25,FR,Delbove Joris,https://www.procyclingstats.com/rider/joris-delbove,TotalEnergies,,,",,",594,13065
9,52,finished,136,6798,85,Hills,30,FR,Godon Dorian,https://www.procyclingstats.com/rider/dorian-godon,Netcompany INEOS,,,",,",594,13065
9,53,finished,87,5448,187,Hills,34,FR,Pacher Quentin,https://www.procyclingstats.com/rider/quentin-pacher,Groupama - FDJ United,,,",,",594,13065
9,54,finished,34,2470,186,Climber,33,FR,Martin Guillaume,https://www.procyclingstats.com/rider/guillaume-martin,Groupama - FDJ United,,,",,",594,13065
9,55,finished,35,2551,173,GC,31,AU,Harper Chris,https://www.procyclingstats.com/rider/chris-harper,Pinarello Q36.5 Pro Cycling Team,,,",,",594,13065
9,56,finished,76,5096,218,GC,25,NL,van den Broek Frank,https://www.procyclingstats.com/rider/frank-van-den-broek,Team Picnic PostNL,,,",,",594,13065
9,57,finished,43,2933,174,Hills,30,BE,Hermans Quinten,https://www.procyclingstats.com/rider/quinten-hermans,Pinarello Q36.5 Pro Cycling Team,,,",,",594,13065
9,58,finished,26,1374,65,Climber,29,CO,Tejada Harold,https://www.procyclingstats.com/rider/harold-tejada,XDS Astana Team,,,",,",594,13065
9,59,finished,24,1018,37,TT,24,CZ,Vacek Mathias,https://www.procyclingstats.com/rider/mathias-vacek,Lidl - Trek,,,",,",594,13065
9,60,finished,75,5044,94,Classic,34,BE,Stuyven Jasper,https://www.procyclingstats.com/rider/jasper-stuyven,Soudal Quick-Step,,,",,",594,13065
9,61,finished,86,5424,98,GC,32,BE,Vervaeke Louis,https://www.procyclingstats.com/rider/louis-vervaeke,Soudal Quick-Step,,,",,",594,13065
9,62,finished,50,3946,111,GC,30,AU,O'Connor Ben,https://www.procyclingstats.com/rider/ben-o-connor,Team Jayco AlUla,,,9:59,599,13070
9,63,finished,122,6601,15,Classic,23,NO,Hagenes Per Strand,https://www.procyclingstats.com/rider/per-strand-hagenes,Team Visma | Lease a Bike,,,",,",599,13070
9,64,finished,138,6841,128,Classic,26,NO,Wærenskjold Søren,https://www.procyclingstats.com/rider/soren-waerenskjold,Uno-X Mobility,,,17:24,1044,13515
9,65,finished,160,7885,155,GC,25,BE,Slock Liam,https://www.procyclingstats.com/rider/liam-slock,Lotto Intermarché,,,",,",1044,13515
9,66,finished,80,5217,206,Hills,25,FR,Le Berre Mathis,https://www.procyclingstats.com/rider/mathis-le-berre,TotalEnergies,,,",,",1044,13515
9,67,finished,67,4717,176,GC,34,BE,Meurisse Xandro,https://www.procyclingstats.com/rider/xandro-meurisse,Pinarello Q36.5 Pro Cycling Team,,,",,",1044,13515
9,68,finished,95,5887,177,Classic,28,BE,Van Moer Brent,https://www.procyclingstats.com/rider/brent-van-moer,Pinarello Q36.5 Pro Cycling Team,,,",,",1044,13515
9,69,finished,94,5858,122,Classic,30,NO,Abrahamsen Jonas,https://www.procyclingstats.com/rider/jonas-abrahamsen,Uno-X Mobility,,,",,",1044,13515
9,70,finished,113,6374,205,TT,28,FR,Guernalec Thibault,https://www.procyclingstats.com/rider/thibault-guernalec,TotalEnergies,,,",,",1044,13515
9,71,finished,93,5811,153,Classic,25,BE,Berckmoes Jenno,https://www.procyclingstats.com/rider/jenno-berckmoes,Lotto Intermarché,,,",,",1044,13515
9,72,finished,146,7213,197,Classic,36,IT,Trentin Matteo,https://www.procyclingstats.com/rider/matteo-trentin,Tudor Pro Cycling Team,,,",,",1044,13515
9,73,finished,92,5756,118,Hills,26,CH,Schmid Mauro,https://www.procyclingstats.com/rider/mauro-schmid,Team Jayco AlUla,,,",,",1044,13515
9,74,finished,89,5521,23,Hills,32,DE,Denz Nico,https://www.procyclingstats.com/rider/nico-denz,Red Bull - BORA - hansgrohe,,,",,",1044,13515
9,75,finished,79,5209,5,Classic,32,DE,Politt Nils,https://www.procyclingstats.com/rider/nils-politt,UAE Team Emirates - XRG,,,",,",1044,13515
9,76,finished,96,5930,76,Hills,27,AU,Stannard Robert,https://www.procyclingstats.com/rider/robert-stannard,Bahrain - Victorious,,,",,",1044,13515
9,77,finished,102,6061,114,Classic,25,DE,Engelhardt Felix,https://www.procyclingstats.com/rider/felix-engelhardt,Team Jayco AlUla,,,",,",1044,13515
9,78,finished,132,6737,6,Classic,27,BE,Vermeersch Florian,https://www.procyclingstats.com/rider/florian-vermeersch,UAE Team Emirates - XRG,,,",,",1044,13515
9,79,finished,78,5172,14,TT,34,BE,Campenaerts Victor,https://www.procyclingstats.com/rider/victor-campenaerts,Team Visma | Lease a Bike,,,",,",1044,13515
9,80,finished,73,5015,158,Classic,28,DE,Zimmermann Georg,https://www.procyclingstats.com/rider/georg-zimmermann,Lotto Intermarché,,,",,",1044,13515
9,81,finished,149,7419,157,Hills,26,FR,Veistroffer Baptiste,https://www.procyclingstats.com/rider/baptiste-veistroffer,Lotto Intermarché,,,",,",1044,13515
9,82,finished,90,5558,58,Climber,24,US,Riccitello Matthew,https://www.procyclingstats.com/rider/matthew-riccitello,Decathlon CMA CGM Team,,,",,",1044,13515
9,83,finished,143,7089,178,Hills,27,GB,Wright Fred,https://www.procyclingstats.com/rider/alfred-wright,Pinarello Q36.5 Pro Cycling Team,,,",,",1044,13515
9,84,finished,117,6416,108,Climber,24,BE,Verstrynge Emiel,https://www.procyclingstats.com/rider/emiel-verstrynge,Alpecin - Premier Tech,,,",,",1044,13515
9,85,finished,119,6446,66,Classic,33,NL,Teunissen Mike,https://www.procyclingstats.com/rider/mike-teunissen,XDS Astana Team,,,",,",1044,13515
9,86,finished,91,5738,195,Hills,25,NL,Pluimers Rick,https://www.procyclingstats.com/rider/rick-pluimers,Tudor Pro Cycling Team,,,",,",1044,13515
9,87,finished,110,6326,145,Hills,25,DE,Hessmann Michel,https://www.procyclingstats.com/rider/michel-hessmann,Movistar Team,,,",,",1044,13515
9,88,finished,107,6278,26,TT,36,SI,Tratnik Jan,https://www.procyclingstats.com/rider/jan-tratnik,Red Bull - BORA - hansgrohe,,,",,",1044,13515
9,89,finished,39,2669,24,Climber,30,AU,Hindley Jai,https://www.procyclingstats.com/rider/jai-hindley,Red Bull - BORA - hansgrohe,,,",,",1044,13515
9,90,finished,99,6047,175,GC,33,AU,Howson Damien,https://www.procyclingstats.com/rider/damien-howson,Pinarello Q36.5 Pro Cycling Team,,,",,",1044,13515
9,91,finished,104,6105,123,GC,28,DK,Charmig Anthon,https://www.procyclingstats.com/rider/anthon-charmig,Uno-X Mobility,,,",,",1044,13515
9,92,finished,109,6303,211,Climber,34,FR,Barguil Warren,https://www.procyclingstats.com/rider/warren-barguil,Team Picnic PostNL,,,",,",1044,13515
9,93,finished,103,6096,75,Classic,31,SI,Mohorič Matej,https://www.procyclingstats.com/rider/matej-mohoric,Bahrain - Victorious,,,",,",1044,13515
9,94,finished,114,6380,113,TT,35,AU,Durbridge Luke,https://www.procyclingstats.com/rider/luke-durbridge,Team Jayco AlUla,,,",,",1044,13515
9,95,finished,60,4461,181,Classic,23,FR,Grégoire Romain,https://www.procyclingstats.com/rider/romain-gregoire,Groupama - FDJ United,,,",,",1044,13515
9,96,finished,130,6688,227,GC,28,CZ,Otruba Jakub,https://www.procyclingstats.com/rider/jakub-otruba,Caja Rural - Seguros RGA,,,",,",1044,13515
9,97,finished,82,5256,185,GC,24,IT,Germani Lorenzo,https://www.procyclingstats.com/rider/lorenzo-germani,Groupama - FDJ United,,,",,",1044,13515
9,98,finished,77,5133,78,Sprint,22,BE,Van Mechelen Vlad,https://www.procyclingstats.com/rider/vlad-van-mechelen,Bahrain - Victorious,,,",,",1044,13515
9,99,finished,137,6840,212,Classic,24,NL,Biesterbos Frits,https://www.procyclingstats.com/rider/frits-biesterbos,Team Picnic PostNL,,,",,",1044,13515
9,100,finished,128,6666,86,Classic,36,PL,Kwiatkowski Michał,https://www.procyclingstats.com/rider/michal-kwiatkowski,Netcompany INEOS,,,",,",1044,13515
9,101,finished,139,6985,167,Classic,24,FR,Page Hugo,https://www.procyclingstats.com/rider/hugo-page,Cofidis,,,",,",1044,13515
9,102,finished,158,7742,87,TT,22,GB,Tarling Joshua,https://www.procyclingstats.com/rider/joshua-tarling,Netcompany INEOS,,,",,",1044,13515
9,103,finished,61,4491,147,GC,27,ES,Romo Javier,https://www.procyclingstats.com/rider/javier-romo,Movistar Team,,,",,",1044,13515
9,104,finished,173,8331,193,Classic,35,AT,Haller Marco,https://www.procyclingstats.com/rider/marco-haller,Tudor Pro Cycling Team,,,",,",1044,13515
9,105,finished,106,6172,44,Climber,25,IE,Healy Ben,https://www.procyclingstats.com/rider/ben-healy,EF Education - EasyPost,,,",,",1044,13515
9,106,finished,116,6394,13,TT,32,FR,Armirail Bruno,https://www.procyclingstats.com/rider/bruno-armirail,Team Visma | Lease a Bike,,,",,",1044,13515
9,107,finished,70,4828,56,GC,30,FR,Paret-Peintre Aurélien,https://www.procyclingstats.com/rider/aurelien-paret-peintre,Decathlon CMA CGM Team,,,",,",1044,13515
9,108,finished,118,6429,48,TT,25,GB,Walker Max,https://www.procyclingstats.com/rider/max-walker,EF Education - EasyPost,,,",,",1044,13515
9,109,finished,57,4239,222,GC,26,ES,Balderstone Abel,https://www.procyclingstats.com/rider/abel-balderstone-roumens,Caja Rural - Seguros RGA,,,",,",1044,13515
9,110,finished,44,3263,144,Climber,25,ES,García Pierna Raúl,https://www.procyclingstats.com/rider/raul-garcia-pierna,Movistar Team,,,",,",1044,13515
9,111,finished,42,2869,228,GC,29,ES,Parra José Félix,https://www.procyclingstats.com/rider/jose-felix-parra,Caja Rural - Seguros RGA,,,",,",1044,13515
9,112,finished,84,5319,143,GC,30,EC,Cepeda Jefferson Alveiro,https://www.procyclingstats.com/rider/jefferson-cepeda-hernandez,Movistar Team,,,",,",1044,13515
9,113,finished,30,2232,82,GC,26,NL,Arensman Thymen,https://www.procyclingstats.com/rider/thymen-arensman,Netcompany INEOS,,,",,",1044,13515
9,114,finished,124,6612,95,Classic,34,NL,van Baarle Dylan,https://www.procyclingstats.com/rider/dylan-van-baarle,Soudal Quick-Step,,,",,",1044,13515
9,115,finished,49,3936,126,Classic,31,NO,Skaarseth Anders,https://www.procyclingstats.com/rider/anders-skaarseth,Uno-X Mobility,,,",,",1044,13515
9,116,finished,100,6054,125,GC,26,NO,Johannessen Anders Halland,https://www.procyclingstats.com/rider/anders-halland-johannessen,Uno-X Mobility,,,",,",1044,13515
9,117,finished,74,5027,146,TT,37,PT,Oliveira Nelson,https://www.procyclingstats.com/rider/nelson-oliveira,Movistar Team,,,",,",1044,13515
9,118,finished,37,2661,77,GC,25,IT,Tiberi Antonio,https://www.procyclingstats.com/rider/antonio-tiberi,Bahrain - Victorious,,,",,",1044,13515
9,119,finished,68,4725,73,GC,38,IT,Caruso Damiano,https://www.procyclingstats.com/rider/damiano-caruso,Bahrain - Victorious,,,",,",1044,13515
9,120,finished,83,5271,42,TT,31,DK,Asgreen Kasper,https://www.procyclingstats.com/rider/kasper-asgreen,EF Education - EasyPost,,,",,",1044,13515
9,121,finished,65,4510,22,TT,35,IT,Cattaneo Mattia,https://www.procyclingstats.com/rider/mattia-cattaneo,Red Bull - BORA - hansgrohe,,,",,",1044,13515
9,122,finished,40,2744,61,Climber,28,CO,Higuita Sergio,https://www.procyclingstats.com/rider/sergio-higuita,XDS Astana Team,,,",,",1044,13515
9,123,finished,115,6391,172,TT,27,ES,Azparren Xabier Mikel,https://www.procyclingstats.com/rider/xabier-mikel-azparren-irurzun,Pinarello Q36.5 Pro Cycling Team,,,",,",1044,13515
9,124,finished,81,5218,47,Classic,34,DK,Valgren Michael,https://www.procyclingstats.com/rider/michael-valgren-andersen,EF Education - EasyPost,,,",,",1044,13515
9,125,finished,62,4496,133,GC,36,NZ,Bennett George,https://www.procyclingstats.com/rider/george-bennett,NSN Cycling Team,,,",,",1044,13515
9,126,finished,101,6056,117,GC,25,AU,Plapp Luke,https://www.procyclingstats.com/rider/luke-plapp,Team Jayco AlUla,,,",,",1044,13515
9,127,finished,72,4886,208,Hills,25,FR,Vercher Mattéo,https://www.procyclingstats.com/rider/matheo-vercher,TotalEnergies,,,",,",1044,13515
9,128,finished,88,5499,223,GC,26,AU,Berwick Sebastian,https://www.procyclingstats.com/rider/sebastian-berwick,Caja Rural - Seguros RGA,,,17:34,1054,13525
9,129,finished,105,6125,166,TT,34,LU,Kirsch Alex,https://www.procyclingstats.com/rider/alex-kirsch,Cofidis,,,17:39,1059,13530
9,130,finished,120,6500,168,TT,30,FR,Thomas Benjamin,https://www.procyclingstats.com/rider/benjamin-thomas-2,Cofidis,,,",,",1059,13530
9,131,finished,127,6652,191,Classic,34,FR,Alaphilippe Julian,https://www.procyclingstats.com/rider/julian-alaphilippe,Tudor Pro Cycling Team,,,",,",1059,13530
9,132,finished,98,5995,188,Classic,31,FR,Russo Clément,https://www.procyclingstats.com/rider/clement-russo,Groupama - FDJ United,,,26:46,1606,14077
9,133,finished,157,7713,104,Sprint,25,NL,Marsman Tim,https://www.procyclingstats.com/rider/tim-marsman,Alpecin - Premier Tech,,,",,",1606,14077
9,134,finished,155,7616,164,Classic,30,BE,Biermans Jenthe,https://www.procyclingstats.com/rider/jenthe-biermans,Cofidis,,,",,",1606,14077
9,135,finished,174,8367,162,Classic,31,BE,Allegaert Piet,https://www.procyclingstats.com/rider/piet-allegaert,Cofidis,,,",,",1606,14077
9,136,finished,154,7543,216,Sprint,27,DE,Märkl Niklas,https://www.procyclingstats.com/rider/niklas-markl,Team Picnic PostNL,,,",,",1606,14077
9,137,finished,163,8027,112,Sprint,32,DE,Ackermann Pascal,https://www.procyclingstats.com/rider/pascal-ackermann,Team Jayco AlUla,,,",,",1606,14077
9,138,finished,152,7495,27,Classic,26,NL,van Dijke Tim,https://www.procyclingstats.com/rider/tim-van-dijke,Red Bull - BORA - hansgrohe,,,",,",1606,14077
9,139,finished,55,4117,28,Classic,26,BE,Van Gils Maxim,https://www.procyclingstats.com/rider/maxim-van-gils,Red Bull - BORA - hansgrohe,,,",,",1606,14077
9,140,finished,150,7422,103,Classic,35,CH,Dillier Silvan,https://www.procyclingstats.com/rider/silvan-dillier,Alpecin - Premier Tech,,,",,",1606,14077
9,141,finished,112,6368,134,Climber,26,IT,Frigo Marco,https://www.procyclingstats.com/rider/marco-frigo,NSN Cycling Team,,,",,",1606,14077
9,142,finished,141,6996,68,GC,24,KZ,Vinokurov Nicolas,https://www.procyclingstats.com/rider/nicolas-vinokurov,XDS Astana Team,,,",,",1606,14077
9,143,finished,126,6628,63,GC,35,NZ,Gate Aaron,https://www.procyclingstats.com/rider/aaron-gate,XDS Astana Team,,,",,",1606,14077
9,144,finished,147,7266,226,Hills,28,IT,Oldani Stefano,https://www.procyclingstats.com/rider/stefano-oldani,Caja Rural - Seguros RGA,,,",,",1606,14077
9,145,finished,85,5383,36,Classic,35,LV,Skujiņš Toms,https://www.procyclingstats.com/rider/toms-skujins,Lidl - Trek,,,",,",1606,14077
9,146,finished,134,6773,136,Classic,31,LV,Neilands Krists,https://www.procyclingstats.com/rider/krists-neilands,NSN Cycling Team,,,",,",1606,14077
9,147,finished,123,6604,207,Classic,32,FR,Turgis Anthony,https://www.procyclingstats.com/rider/anthony-turgis,TotalEnergies,,,",,",1606,14077
9,148,finished,156,7667,12,TT,30,IT,Affini Edoardo,https://www.procyclingstats.com/rider/edoardo-affini,Team Visma | Lease a Bike,,,",,",1606,14077
9,149,finished,159,7865,213,Sprint,23,CZ,Bittner Pavel,https://www.procyclingstats.com/rider/pavel-bittner,Team Picnic PostNL,,,",,",1606,14077
9,150,finished,108,6300,124,Hills,33,DK,Cort Magnus,https://www.procyclingstats.com/rider/magnus-cort-nielsen,Uno-X Mobility,,,",,",1606,14077
9,151,finished,172,8320,53,Sprint,30,NL,Bol Cees,https://www.procyclingstats.com/rider/cees-bol,Decathlon CMA CGM Team,,,",,",1606,14077
9,152,finished,135,6778,92,Classic,29,NL,Eenkhoorn Pascal,https://www.procyclingstats.com/rider/pascal-eenkhoorn,Soudal Quick-Step,,,",,",1606,14077
9,153,finished,97,5945,196,Climber,29,AU,Storer Michael,https://www.procyclingstats.com/rider/michael-storer,Tudor Pro Cycling Team,,,",,",1606,14077
9,154,finished,140,6989,54,TT,27,NL,Hoole Daan,https://www.procyclingstats.com/rider/daan-hoole,Decathlon CMA CGM Team,,,",,",1606,14077
9,155,finished,175,8470,74,TT,35,PL,Gradek Kamil,https://www.procyclingstats.com/rider/kamil-gradek,Bahrain - Victorious,,,",,",1606,14077
9,156,finished,161,7965,165,Classic,25,BE,Fretin Milan,https://www.procyclingstats.com/rider/milan-fretin,Cofidis,,,",,",1606,14077
9,157,finished,111,6364,106,Classic,31,BE,Planckaert Edward,https://www.procyclingstats.com/rider/edward-planckaert,Alpecin - Premier Tech,,,",,",1606,14077
9,158,finished,170,8279,62,Classic,31,IT,Ballerini Davide,https://www.procyclingstats.com/rider/davide-ballerini,XDS Astana Team,,,26:55,1615,14086
9,159,finished,166,8130,221,Sprint,31,CO,Gaviria Fernando,https://www.procyclingstats.com/rider/fernando-gaviria,Caja Rural - Seguros RGA,,,",,",1615,14086
9,160,finished,167,8150,91,Sprint,33,BE,Merlier Tim,https://www.procyclingstats.com/rider/tim-merlier,Soudal Quick-Step,,,",,",1615,14086
9,161,finished,171,8282,55,Sprint,24,NL,Kooij Olav,https://www.procyclingstats.com/rider/olav-kooij,Decathlon CMA CGM Team,,,",,",1615,14086
9,162,finished,144,7163,64,Sprint,28,DE,Kanter Max,https://www.procyclingstats.com/rider/max-kanter,XDS Astana Team,,,",,",1615,14086
9,163,finished,162,8020,217,Sprint,29,NL,van den Berg Julius,https://www.procyclingstats.com/rider/julius-van-den-berg,Team Picnic PostNL,,,",,",1615,14086
9,164,finished,151,7492,105,Sprint,28,BE,Philipsen Jasper,https://www.procyclingstats.com/rider/jasper-philipsen,Alpecin - Premier Tech,,,",,",1615,14086
9,165,finished,165,8093,214,Classic,37,DE,Degenkolb John,https://www.procyclingstats.com/rider/john-degenkolb,Team Picnic PostNL,,,",,",1615,14086
9,166,finished,131,6707,46,Climber,24,DE,Steinhauser Georg,https://www.procyclingstats.com/rider/georg-steinhauser,EF Education - EasyPost,,,",,",1615,14086
9,167,finished,168,8185,72,Sprint,32,DE,Bauhaus Phil,https://www.procyclingstats.com/rider/phil-bauhaus,Bahrain - Victorious,,,",,",1615,14086
9,168,finished,129,6680,225,Hills,28,ES,Nicolau Joel,https://www.procyclingstats.com/rider/joel-nicolau,Caja Rural - Seguros RGA,,,",,",1615,14086
9,169,finished,164,8038,137,Hills,26,GB,Stewart Jake,https://www.procyclingstats.com/rider/jake-stewart,NSN Cycling Team,,,",,",1615,14086
9,170,finished,153,7516,215,GC,22,BE,Dhondt Robbe,https://www.procyclingstats.com/rider/robbe-dhondt,Team Picnic PostNL,,,",,",1615,14086
9,171,finished,145,7172,131,Classic,26,ER,Girmay Biniam,https://www.procyclingstats.com/rider/biniam-girmay,NSN Cycling Team,,,",,",1615,14086
9,172,finished,169,8240,132,Classic,25,GB,Askey Lewis,https://www.procyclingstats.com/rider/lewis-askey,NSN Cycling Team,,,",,",1615,14086
9,173,finished,176,8765,135,Classic,26,FR,Louvel Matis,https://www.procyclingstats.com/rider/matis-louvel,NSN Cycling Team,,,",,",1615,14086
9,174,finished,148,7345,138,Sprint,36,BE,Van Asbroeck Tom,https://www.procyclingstats.com/rider/tom-van-asbroeck,NSN Cycling Team,,,",,",1615,14086
9,175,finished,133,6743,67,Classic,30,IT,Velasco Simone,https://www.procyclingstats.com/rider/simone-velasco,XDS Astana Team,,,",,",1615,14086
9,176,finished,125,6626,107,Classic,32,BE,Rickaert Jonas,https://www.procyclingstats.com/rider/jonas-rickaert,Alpecin - Premier Tech,,,",,",1615,14086
10,1,finished,1,0,1,Climber,27,SI,Pogačar Tadej,https://www.procyclingstats.com/rider/tadej-pogacar,UAE Team Emirates - XRG,210.0,100.0,3:58:08,0,14288
10,2,finished,3,246,21,Climber,26,BE,Evenepoel Remco,https://www.procyclingstats.com/rider/remco-evenepoel,Red Bull - BORA - hansgrohe,150.0,70.0,0:32,32,14320
10,3,finished,5,275,51,Climber,19,FR,Seixas Paul,https://www.procyclingstats.com/rider/paul-seixas,Decathlon CMA CGM Team,110.0,50.0,0:34,34,14322
10,4,finished,6,284,25,GC,25,DE,Lipowitz Florian,https://www.procyclingstats.com/rider/florian-lipowitz,Red Bull - BORA - hansgrohe,90.0,40.0,",,",34,14322
10,5,finished,4,262,31,Climber,23,ES,Ayuso Juan,https://www.procyclingstats.com/rider/juan-ayuso-pesquera,Lidl - Trek,70.0,32.0,0:38,38,14326
10,6,finished,8,345,35,Climber,25,DK,Skjelmose Mattias,https://www.procyclingstats.com/rider/mattias-skjelmose-jensen,Lidl - Trek,55.0,26.0,",,",38,14326
10,7,finished,2,216,11,GC,29,DK,Vingegaard Jonas,https://www.procyclingstats.com/rider/jonas-vingegaard,Team Visma | Lease a Bike,45.0,22.0,0:44,44,14332
10,8,finished,7,308,2,Climber,22,MX,del Toro Isaac,https://www.procyclingstats.com/rider/isaac-del-toro,UAE Team Emirates - XRG,40.0,18.0,1:31,91,14379
10,9,finished,10,709,171,Classic,26,GB,Pidcock Tom,https://www.procyclingstats.com/rider/tom-pidcock,Pinarello Q36.5 Pro Cycling Team,35.0,14.0,1:59,119,14407
10,10,finished,9,394,71,Climber,23,FR,Martinez Lenny,https://www.procyclingstats.com/rider/lenny-martinez,Bahrain - Victorious,30.0,10.0,2:03,123,14411
10,11,finished,18,1063,41,Climber,33,EC,Carapaz Richard,https://www.procyclingstats.com/rider/richard-carapaz,EF Education - EasyPost,25.0,8.0,2:09,129,14417
10,12,finished,13,818,18,GC,24,IT,Piganzoli Davide,https://www.procyclingstats.com/rider/davide-piganzoli,Team Visma | Lease a Bike,20.0,6.0,2:42,162,14450
10,13,finished,12,763,97,GC,26,BE,Van Wilder Ilan,https://www.procyclingstats.com/rider/ilan-van-wilder,Soudal Quick-Step,15.0,4.0,2:48,168,14456
10,14,finished,17,973,102,Climber,23,BE,Debruyne Ramses,https://www.procyclingstats.com/rider/ramses-debruyne,Alpecin - Premier Tech,10.0,2.0,",,",168,14456
10,15,finished,11,735,81,GC,29,CO,Bernal Egan,https://www.procyclingstats.com/rider/egan-bernal,Netcompany INEOS,5.0,1.0,2:53,173,14461
10,16,finished,16,936,198,GC,27,CH,Voisard Yannis,https://www.procyclingstats.com/rider/yannis-voisard,Tudor Pro Cycling Team,,,3:05,185,14473
10,17,finished,20,1106,8,Climber,33,GB,Yates Adam,https://www.procyclingstats.com/rider/adam-yates,UAE Team Emirates - XRG,,,3:45,225,14513
10,18,finished,14,890,121,Climber,26,NO,Johannessen Tobias Halland,https://www.procyclingstats.com/rider/tobias-halland-johannessen,Uno-X Mobility,,,4:50,290,14578
10,19,finished,15,908,45,GC,26,US,Quinn Sean,https://www.procyclingstats.com/rider/sean-quinn,EF Education - EasyPost,,,5:23,323,14611
10,20,finished,21,1232,142,Climber,25,ES,Castrillo Pablo,https://www.procyclingstats.com/rider/pablo-castrillo-zapater,Movistar Team,,,6:45,405,14693
10,21,finished,24,1997,52,Classic,32,BE,Benoot Tiesj,https://www.procyclingstats.com/rider/tiesj-benoot,Decathlon CMA CGM Team,,,6:50,410,14698
10,22,finished,28,2813,38,GC,33,ES,Verona Carlos,https://www.procyclingstats.com/rider/carlos-verona,Lidl - Trek,,,",,",410,14698
10,23,finished,19,1076,201,Climber,27,FR,Jegat Jordan,https://www.procyclingstats.com/rider/jordan-jegat,TotalEnergies,,,",,",410,14698
10,24,finished,60,5978,58,Climber,24,US,Riccitello Matthew,https://www.procyclingstats.com/rider/matthew-riccitello,Decathlon CMA CGM Team,,,",,",410,14698
10,25,finished,26,2548,57,GC,29,FR,Prodhomme Nicolas,https://www.procyclingstats.com/rider/nicolas-prodhomme,Decathlon CMA CGM Team,,,6:52,412,14700
10,26,finished,40,4304,148,Climber,28,CO,Rubio Einer,https://www.procyclingstats.com/rider/einer-rubio,Movistar Team,,,",,",412,14700
10,27,finished,22,1252,17,Climber,31,US,Kuss Sepp,https://www.procyclingstats.com/rider/sepp-kuss,Team Visma | Lease a Bike,,,7:09,429,14717
10,28,finished,31,3108,24,Climber,30,AU,Hindley Jai,https://www.procyclingstats.com/rider/jai-hindley,Red Bull - BORA - hansgrohe,,,",,",429,14717
10,29,finished,23,1561,4,GC,28,US,McNulty Brandon,https://www.procyclingstats.com/rider/brandon-mcnulty,UAE Team Emirates - XRG,,,",,",429,14717
10,30,finished,38,4167,32,Climber,28,CA,Gee-West Derek,https://www.procyclingstats.com/rider/derek-gee,Lidl - Trek,,,12:46,766,15054
10,31,finished,50,5282,83,TT,29,NO,Foss Tobias,https://www.procyclingstats.com/rider/tobias-foss,Netcompany INEOS,,,",,",766,15054
10,32,finished,30,3008,82,GC,26,NL,Arensman Thymen,https://www.procyclingstats.com/rider/thymen-arensman,Netcompany INEOS,,,",,",766,15054
10,33,finished,27,2750,16,GC,27,US,Jorgenson Matteo,https://www.procyclingstats.com/rider/matteo-jorgenson,Team Visma | Lease a Bike,,,",,",766,15054
10,34,finished,33,3709,174,Hills,30,BE,Hermans Quinten,https://www.procyclingstats.com/rider/quinten-hermans,Pinarello Q36.5 Pro Cycling Team,,,",,",766,15054
10,35,finished,49,4984,202,GC,26,FR,Breuillard Nicolas,https://www.procyclingstats.com/rider/nicolas-breuillard,TotalEnergies,,,15:21,921,15209
10,36,finished,59,5971,56,GC,30,FR,Paret-Peintre Aurélien,https://www.procyclingstats.com/rider/aurelien-paret-peintre,Decathlon CMA CGM Team,,,18:53,1133,15421
10,37,finished,34,3910,43,Climber,25,FR,Baudin Alex,https://www.procyclingstats.com/rider/alex-baudin,EF Education - EasyPost,,,21:23,1283,15571
10,38,finished,46,4699,93,Climber,25,FR,Paret-Peintre Valentin,https://www.procyclingstats.com/rider/valentin-paret-peintre,Soudal Quick-Step,,,",,",1283,15571
10,39,finished,37,4151,34,Hills,25,US,Simmons Quinn,https://www.procyclingstats.com/rider/quinn-simmons,Lidl - Trek,,,",,",1283,15571
10,40,finished,35,3962,3,GC,32,AT,Großschartner Felix,https://www.procyclingstats.com/rider/felix-grossschartner,UAE Team Emirates - XRG,,,",,",1283,15571
10,41,finished,48,4853,194,Classic,27,CH,Hirschi Marc,https://www.procyclingstats.com/rider/marc-hirschi,Tudor Pro Cycling Team,,,",,",1283,15571
10,42,finished,91,7494,44,Climber,25,IE,Healy Ben,https://www.procyclingstats.com/rider/ben-healy,EF Education - EasyPost,,,21:52,1312,15600
10,43,finished,58,5865,147,GC,27,ES,Romo Javier,https://www.procyclingstats.com/rider/javier-romo,Movistar Team,,,22:44,1364,15652
10,44,finished,51,5452,7,GC,35,BE,Wellens Tim,https://www.procyclingstats.com/rider/tim-wellens,UAE Team Emirates - XRG,,,23:26,1406,15694
10,45,finished,92,7514,188,Classic,31,FR,Russo Clément,https://www.procyclingstats.com/rider/clement-russo,Groupama - FDJ United,,,25:09,1509,15797
10,46,finished,98,7913,13,TT,32,FR,Armirail Bruno,https://www.procyclingstats.com/rider/bruno-armirail,Team Visma | Lease a Bike,,,",,",1509,15797
10,47,finished,80,6967,187,Hills,34,FR,Pacher Quentin,https://www.procyclingstats.com/rider/quentin-pacher,Groupama - FDJ United,,,",,",1509,15797
10,48,finished,64,6244,73,GC,38,IT,Caruso Damiano,https://www.procyclingstats.com/rider/damiano-caruso,Bahrain - Victorious,,,",,",1509,15797
10,49,finished,61,5980,181,Classic,23,FR,Grégoire Romain,https://www.procyclingstats.com/rider/romain-gregoire,Groupama - FDJ United,,,",,",1509,15797
10,50,finished,36,3976,88,GC,25,FR,Vauquelin Kévin,https://www.procyclingstats.com/rider/kevin-vauquelin,Netcompany INEOS,,,",,",1509,15797
10,51,finished,74,6775,185,GC,24,IT,Germani Lorenzo,https://www.procyclingstats.com/rider/lorenzo-germani,Groupama - FDJ United,,,",,",1509,15797
10,52,finished,83,7275,118,Hills,26,CH,Schmid Mauro,https://www.procyclingstats.com/rider/mauro-schmid,Team Jayco AlUla,,,",,",1509,15797
10,53,finished,57,5758,222,GC,26,ES,Balderstone Abel,https://www.procyclingstats.com/rider/abel-balderstone-roumens,Caja Rural - Seguros RGA,,,",,",1509,15797
10,54,finished,55,5633,183,Climber,26,FR,Braz Afonso Clément,https://www.procyclingstats.com/rider/clement-braz-afonso,Groupama - FDJ United,,,",,",1509,15797
10,55,finished,54,5579,203,GC,25,FR,Delbove Joris,https://www.procyclingstats.com/rider/joris-delbove,TotalEnergies,,,",,",1509,15797
10,56,finished,41,4388,228,GC,29,ES,Parra José Félix,https://www.procyclingstats.com/rider/jose-felix-parra,Caja Rural - Seguros RGA,,,",,",1509,15797
10,57,finished,95,7624,123,GC,28,DK,Charmig Anthon,https://www.procyclingstats.com/rider/anthon-charmig,Uno-X Mobility,,,",,",1509,15797
10,58,finished,56,5636,28,Classic,26,BE,Van Gils Maxim,https://www.procyclingstats.com/rider/maxim-van-gils,Red Bull - BORA - hansgrohe,,,",,",1509,15797
10,59,finished,62,6029,22,TT,35,IT,Cattaneo Mattia,https://www.procyclingstats.com/rider/mattia-cattaneo,Red Bull - BORA - hansgrohe,,,",,",1509,15797
10,60,finished,78,6943,98,GC,32,BE,Vervaeke Louis,https://www.procyclingstats.com/rider/louis-vervaeke,Soudal Quick-Step,,,",,",1509,15797
10,61,finished,29,2893,65,Climber,29,CO,Tejada Harold,https://www.procyclingstats.com/rider/harold-tejada,XDS Astana Team,,,",,",1509,15797
10,62,finished,39,4263,61,Climber,28,CO,Higuita Sergio,https://www.procyclingstats.com/rider/sergio-higuita,XDS Astana Team,,,",,",1509,15797
10,63,finished,52,5455,126,Classic,31,NO,Skaarseth Anders,https://www.procyclingstats.com/rider/anders-skaarseth,Uno-X Mobility,,,",,",1509,15797
10,64,finished,53,5465,111,GC,30,AU,O'Connor Ben,https://www.procyclingstats.com/rider/ben-o-connor,Team Jayco AlUla,,,",,",1509,15797
10,65,finished,93,7573,125,GC,26,NO,Johannessen Anders Halland,https://www.procyclingstats.com/rider/anders-halland-johannessen,Uno-X Mobility,,,",,",1509,15797
10,66,finished,47,4793,144,Climber,25,ES,García Pierna Raúl,https://www.procyclingstats.com/rider/raul-garcia-pierna,Movistar Team,,,25:20,1520,15808
10,67,finished,94,7592,117,GC,25,AU,Plapp Luke,https://www.procyclingstats.com/rider/luke-plapp,Team Jayco AlUla,,,25:26,1526,15814
10,68,finished,77,6919,36,Classic,35,LV,Skujiņš Toms,https://www.procyclingstats.com/rider/toms-skujins,Lidl - Trek,,,",,",1526,15814
10,69,finished,65,6348,176,GC,34,BE,Meurisse Xandro,https://www.procyclingstats.com/rider/xandro-meurisse,Pinarello Q36.5 Pro Cycling Team,,,27:01,1621,15909
10,70,finished,69,6653,158,Classic,28,DE,Zimmermann Georg,https://www.procyclingstats.com/rider/georg-zimmermann,Lotto Intermarché,,,27:08,1628,15916
10,71,finished,79,6961,143,GC,30,EC,Cepeda Jefferson Alveiro,https://www.procyclingstats.com/rider/jefferson-cepeda-hernandez,Movistar Team,,,27:12,1632,15920
10,72,finished,96,7689,175,GC,33,AU,Howson Damien,https://www.procyclingstats.com/rider/damien-howson,Pinarello Q36.5 Pro Cycling Team,,,",,",1632,15920
10,73,finished,99,7920,26,TT,36,SI,Tratnik Jan,https://www.procyclingstats.com/rider/jan-tratnik,Red Bull - BORA - hansgrohe,,,",,",1632,15920
10,74,finished,63,6078,154,GC,24,BE,Craps Lars,https://www.procyclingstats.com/rider/lars-craps,Lotto Intermarché,,,",,",1632,15920
10,75,finished,25,2293,156,Climber,24,BE,Van Eetvelt Lennert,https://www.procyclingstats.com/rider/lennert-van-eetvelt,Lotto Intermarché,,,",,",1632,15920
10,76,finished,67,6502,184,GC,23,FR,Costiou Ewen,https://www.procyclingstats.com/rider/ewen-costiou,Groupama - FDJ United,,,",,",1632,15920
10,77,finished,76,6860,47,Classic,34,DK,Valgren Michael,https://www.procyclingstats.com/rider/michael-valgren-andersen,EF Education - EasyPost,,,",,",1632,15920
10,78,finished,71,6686,94,Classic,34,BE,Stuyven Jasper,https://www.procyclingstats.com/rider/jasper-stuyven,Soudal Quick-Step,,,",,",1632,15920
10,79,finished,75,6859,206,Hills,25,FR,Le Berre Mathis,https://www.procyclingstats.com/rider/mathis-le-berre,TotalEnergies,,,",,",1632,15920
10,80,finished,103,8099,48,TT,25,GB,Walker Max,https://www.procyclingstats.com/rider/max-walker,EF Education - EasyPost,,,27:40,1660,15948
10,81,finished,88,7413,195,Hills,25,NL,Pluimers Rick,https://www.procyclingstats.com/rider/rick-pluimers,Tudor Pro Cycling Team,,,27:45,1665,15953
10,82,finished,42,4412,77,GC,25,IT,Tiberi Antonio,https://www.procyclingstats.com/rider/antonio-tiberi,Bahrain - Victorious,,,29:01,1741,16029
10,83,finished,43,4516,173,GC,31,AU,Harper Chris,https://www.procyclingstats.com/rider/chris-harper,Pinarello Q36.5 Pro Cycling Team,,,32:35,1955,16243
10,84,finished,110,8395,211,Climber,34,FR,Barguil Warren,https://www.procyclingstats.com/rider/warren-barguil,Team Picnic PostNL,,,34:42,2082,16370
10,85,finished,101,7979,177,Classic,28,BE,Van Moer Brent,https://www.procyclingstats.com/rider/brent-van-moer,Pinarello Q36.5 Pro Cycling Team,,,",,",2082,16370
10,86,finished,119,8709,207,Classic,32,FR,Turgis Anthony,https://www.procyclingstats.com/rider/anthony-turgis,TotalEnergies,,,34:55,2095,16383
10,87,finished,82,6991,208,Hills,25,FR,Vercher Mattéo,https://www.procyclingstats.com/rider/matheo-vercher,TotalEnergies,,,",,",2095,16383
10,88,finished,100,7972,122,Classic,30,NO,Abrahamsen Jonas,https://www.procyclingstats.com/rider/jonas-abrahamsen,Uno-X Mobility,,,35:04,2104,16392
10,89,finished,134,9110,68,GC,24,KZ,Vinokurov Nicolas,https://www.procyclingstats.com/rider/nicolas-vinokurov,XDS Astana Team,,,",,",2104,16392
10,90,finished,84,7291,78,Sprint,22,BE,Van Mechelen Vlad,https://www.procyclingstats.com/rider/vlad-van-mechelen,Bahrain - Victorious,,,35:48,2148,16436
10,91,finished,106,8242,114,Classic,25,DE,Engelhardt Felix,https://www.procyclingstats.com/rider/felix-engelhardt,Team Jayco AlUla,,,36:11,2171,16459
10,92,finished,72,6701,115,Classic,35,AU,Matthews Michael,https://www.procyclingstats.com/rider/michael-matthews,Team Jayco AlUla,,,",,",2171,16459
10,93,finished,157,10066,155,GC,25,BE,Slock Liam,https://www.procyclingstats.com/rider/liam-slock,Lotto Intermarché,,,",,",2171,16459
10,94,finished,87,7390,5,Classic,32,DE,Politt Nils,https://www.procyclingstats.com/rider/nils-politt,UAE Team Emirates - XRG,,,",,",2171,16459
10,95,finished,118,8627,66,Classic,33,NL,Teunissen Mike,https://www.procyclingstats.com/rider/mike-teunissen,XDS Astana Team,,,",,",2171,16459
10,96,finished,116,8572,172,TT,27,ES,Azparren Xabier Mikel,https://www.procyclingstats.com/rider/xabier-mikel-azparren-irurzun,Pinarello Q36.5 Pro Cycling Team,,,",,",2171,16459
10,97,finished,114,8555,205,TT,28,FR,Guernalec Thibault,https://www.procyclingstats.com/rider/thibault-guernalec,TotalEnergies,,,",,",2171,16459
10,98,finished,132,8979,85,Hills,30,FR,Godon Dorian,https://www.procyclingstats.com/rider/dorian-godon,Netcompany INEOS,,,",,",2171,16459
10,99,finished,137,9166,167,Classic,24,FR,Page Hugo,https://www.procyclingstats.com/rider/hugo-page,Cofidis,,,",,",2171,16459
10,100,finished,112,8507,145,Hills,25,DE,Hessmann Michel,https://www.procyclingstats.com/rider/michel-hessmann,Movistar Team,,,",,",2171,16459
10,101,finished,144,9447,226,Hills,28,IT,Oldani Stefano,https://www.procyclingstats.com/rider/stefano-oldani,Caja Rural - Seguros RGA,,,",,",2171,16459
10,102,finished,44,4626,161,GC,37,ES,Izagirre Ion,https://www.procyclingstats.com/rider/ion-izagirre,Cofidis,,,",,",2171,16459
10,103,finished,108,8306,166,TT,34,LU,Kirsch Alex,https://www.procyclingstats.com/rider/alex-kirsch,Cofidis,,,",,",2171,16459
10,104,finished,124,8809,63,GC,35,NZ,Gate Aaron,https://www.procyclingstats.com/rider/aaron-gate,XDS Astana Team,,,",,",2171,16459
10,105,finished,81,6973,163,Classic,30,ES,Aranburu Alex,https://www.procyclingstats.com/rider/alex-aranburu,Cofidis,,,",,",2171,16459
10,106,finished,89,7452,42,TT,31,DK,Asgreen Kasper,https://www.procyclingstats.com/rider/kasper-asgreen,EF Education - EasyPost,,,",,",2171,16459
10,107,finished,139,9270,178,Hills,27,GB,Wright Fred,https://www.procyclingstats.com/rider/alfred-wright,Pinarello Q36.5 Pro Cycling Team,,,",,",2171,16459
10,108,finished,113,8549,134,Climber,26,IT,Frigo Marco,https://www.procyclingstats.com/rider/marco-frigo,NSN Cycling Team,,,",,",2171,16459
10,109,finished,45,4651,186,Climber,33,FR,Martin Guillaume,https://www.procyclingstats.com/rider/guillaume-martin,Groupama - FDJ United,,,",,",2171,16459
10,110,finished,66,6367,101,Classic,31,NL,van der Poel Mathieu,https://www.procyclingstats.com/rider/mathieu-van-der-poel,Alpecin - Premier Tech,,,",,",2171,16459
10,111,finished,70,6682,33,Classic,30,DK,Pedersen Mads,https://www.procyclingstats.com/rider/mads-pedersen,Lidl - Trek,,,",,",2171,16459
10,112,finished,32,3199,37,TT,24,CZ,Vacek Mathias,https://www.procyclingstats.com/rider/mathias-vacek,Lidl - Trek,,,",,",2171,16459
10,113,finished,122,8782,15,Classic,23,NO,Hagenes Per Strand,https://www.procyclingstats.com/rider/per-strand-hagenes,Team Visma | Lease a Bike,,,",,",2171,16459
10,114,finished,127,8918,6,Classic,27,BE,Vermeersch Florian,https://www.procyclingstats.com/rider/florian-vermeersch,UAE Team Emirates - XRG,,,",,",2171,16459
10,115,finished,147,9676,27,Classic,26,NL,van Dijke Tim,https://www.procyclingstats.com/rider/tim-van-dijke,Red Bull - BORA - hansgrohe,,,",,",2171,16459
10,116,finished,117,8597,108,Climber,24,BE,Verstrynge Emiel,https://www.procyclingstats.com/rider/emiel-verstrynge,Alpecin - Premier Tech,,,",,",2171,16459
10,117,finished,97,7702,23,Hills,32,DE,Denz Nico,https://www.procyclingstats.com/rider/nico-denz,Red Bull - BORA - hansgrohe,,,",,",2171,16459
10,118,finished,115,8561,113,TT,35,AU,Durbridge Luke,https://www.procyclingstats.com/rider/luke-durbridge,Team Jayco AlUla,,,",,",2171,16459
10,119,finished,121,8759,84,TT,29,IT,Ganna Filippo,https://www.procyclingstats.com/rider/filippo-ganna,Netcompany INEOS,,,36:29,2189,16477
10,120,finished,150,9866,12,TT,30,IT,Affini Edoardo,https://www.procyclingstats.com/rider/edoardo-affini,Team Visma | Lease a Bike,,,",,",2189,16477
10,121,finished,129,8942,67,Classic,30,IT,Velasco Simone,https://www.procyclingstats.com/rider/simone-velasco,XDS Astana Team,,,",,",2189,16477
10,122,finished,68,6518,204,Classic,28,FR,Delettre Alexandre,https://www.procyclingstats.com/rider/alexandre-delettre,TotalEnergies,,,",,",2189,16477
10,123,finished,165,10530,193,Classic,35,AT,Haller Marco,https://www.procyclingstats.com/rider/marco-haller,Tudor Pro Cycling Team,,,",,",2189,16477
10,124,finished,125,8879,225,Hills,28,ES,Nicolau Joel,https://www.procyclingstats.com/rider/joel-nicolau,Caja Rural - Seguros RGA,,,",,",2189,16477
10,125,finished,126,8887,227,GC,28,CZ,Otruba Jakub,https://www.procyclingstats.com/rider/jakub-otruba,Caja Rural - Seguros RGA,,,",,",2189,16477
10,126,finished,111,8499,124,Hills,33,DK,Cort Magnus,https://www.procyclingstats.com/rider/magnus-cort-nielsen,Uno-X Mobility,,,",,",2189,16477
10,127,finished,85,7295,218,GC,25,NL,van den Broek Frank,https://www.procyclingstats.com/rider/frank-van-den-broek,Team Picnic PostNL,,,",,",2189,16477
10,128,finished,105,8129,76,Hills,27,AU,Stannard Robert,https://www.procyclingstats.com/rider/robert-stannard,Bahrain - Victorious,,,",,",2189,16477
10,129,finished,120,8709,168,TT,30,FR,Thomas Benjamin,https://www.procyclingstats.com/rider/benjamin-thomas-2,Cofidis,,,36:39,2199,16487
10,130,finished,73,6716,133,GC,36,NZ,Bennett George,https://www.procyclingstats.com/rider/george-bennett,NSN Cycling Team,,,36:50,2210,16498
10,131,finished,109,8316,75,Classic,31,SI,Mohorič Matej,https://www.procyclingstats.com/rider/matej-mohoric,Bahrain - Victorious,,,",,",2210,16498
10,132,finished,128,8925,86,Classic,36,PL,Kwiatkowski Michał,https://www.procyclingstats.com/rider/michal-kwiatkowski,Netcompany INEOS,,,37:29,2249,16537
10,133,finished,155,10001,87,TT,22,GB,Tarling Joshua,https://www.procyclingstats.com/rider/joshua-tarling,Netcompany INEOS,,,",,",2249,16537
10,134,finished,130,8946,191,Classic,34,FR,Alaphilippe Julian,https://www.procyclingstats.com/rider/julian-alaphilippe,Tudor Pro Cycling Team,,,38:04,2284,16572
10,135,finished,86,7321,146,TT,37,PT,Oliveira Nelson,https://www.procyclingstats.com/rider/nelson-oliveira,Movistar Team,,,",,",2284,16572
10,136,finished,90,7472,14,TT,34,BE,Campenaerts Victor,https://www.procyclingstats.com/rider/victor-campenaerts,Team Visma | Lease a Bike,,,38:10,2290,16578
10,137,finished,104,8111,153,Classic,25,BE,Berckmoes Jenno,https://www.procyclingstats.com/rider/jenno-berckmoes,Lotto Intermarché,,,",,",2290,16578
10,138,finished,107,8245,196,Climber,29,AU,Storer Michael,https://www.procyclingstats.com/rider/michael-storer,Tudor Pro Cycling Team,,,",,",2290,16578
10,139,finished,131,8960,107,Classic,32,BE,Rickaert Jonas,https://www.procyclingstats.com/rider/jonas-rickaert,Alpecin - Premier Tech,,,38:44,2324,16612
10,140,finished,142,9370,152,Hills,24,NL,Artz Huub,https://www.procyclingstats.com/rider/huub-artz,Lotto Intermarché,,,38:54,2334,16622
10,141,finished,159,10226,213,Sprint,23,CZ,Bittner Pavel,https://www.procyclingstats.com/rider/pavel-bittner,Team Picnic PostNL,,,39:11,2351,16639
10,142,finished,151,9904,216,Sprint,27,DE,Märkl Niklas,https://www.procyclingstats.com/rider/niklas-markl,Team Picnic PostNL,,,",,",2351,16639
10,143,finished,160,10388,112,Sprint,32,DE,Ackermann Pascal,https://www.procyclingstats.com/rider/pascal-ackermann,Team Jayco AlUla,,,",,",2351,16639
10,144,finished,163,10454,214,Classic,37,DE,Degenkolb John,https://www.procyclingstats.com/rider/john-degenkolb,Team Picnic PostNL,,,",,",2351,16639
10,145,finished,138,9201,212,Classic,24,NL,Biesterbos Frits,https://www.procyclingstats.com/rider/frits-biesterbos,Team Picnic PostNL,,,",,",2351,16639
10,146,finished,136,9134,136,Classic,31,LV,Neilands Krists,https://www.procyclingstats.com/rider/krists-neilands,NSN Cycling Team,,,",,",2351,16639
10,147,finished,133,9068,46,Climber,24,DE,Steinhauser Georg,https://www.procyclingstats.com/rider/georg-steinhauser,EF Education - EasyPost,,,",,",2351,16639
10,148,finished,175,11147,135,Classic,26,FR,Louvel Matis,https://www.procyclingstats.com/rider/matis-louvel,NSN Cycling Team,,,39:32,2372,16660
10,149,finished,148,9727,138,Sprint,36,BE,Van Asbroeck Tom,https://www.procyclingstats.com/rider/tom-van-asbroeck,NSN Cycling Team,,,",,",2372,16660
10,150,finished,174,10872,74,TT,35,PL,Gradek Kamil,https://www.procyclingstats.com/rider/kamil-gradek,Bahrain - Victorious,,,39:52,2392,16680
10,151,finished,145,9582,64,Sprint,28,DE,Kanter Max,https://www.procyclingstats.com/rider/max-kanter,XDS Astana Team,,,40:09,2409,16697
10,152,finished,149,9841,103,Classic,35,CH,Dillier Silvan,https://www.procyclingstats.com/rider/silvan-dillier,Alpecin - Premier Tech,,,",,",2409,16697
10,153,finished,173,10786,162,Classic,31,BE,Allegaert Piet,https://www.procyclingstats.com/rider/piet-allegaert,Cofidis,,,",,",2409,16697
10,154,finished,123,8783,106,Classic,31,BE,Planckaert Edward,https://www.procyclingstats.com/rider/edward-planckaert,Alpecin - Premier Tech,,,",,",2409,16697
10,155,finished,162,10439,217,Sprint,29,NL,van den Berg Julius,https://www.procyclingstats.com/rider/julius-van-den-berg,Team Picnic PostNL,,,",,",2409,16697
10,156,finished,170,10713,55,Sprint,24,NL,Kooij Olav,https://www.procyclingstats.com/rider/olav-kooij,Decathlon CMA CGM Team,,,40:21,2421,16709
10,157,finished,143,9420,54,TT,27,NL,Hoole Daan,https://www.procyclingstats.com/rider/daan-hoole,Decathlon CMA CGM Team,,,",,",2421,16709
10,158,finished,164,10471,137,Hills,26,GB,Stewart Jake,https://www.procyclingstats.com/rider/jake-stewart,NSN Cycling Team,,,40:23,2423,16711
10,159,finished,158,10149,104,Sprint,25,NL,Marsman Tim,https://www.procyclingstats.com/rider/tim-marsman,Alpecin - Premier Tech,,,40:26,2426,16714
10,160,finished,152,9928,105,Sprint,28,BE,Philipsen Jasper,https://www.procyclingstats.com/rider/jasper-philipsen,Alpecin - Premier Tech,,,",,",2426,16714
10,161,finished,161,10401,165,Classic,25,BE,Fretin Milan,https://www.procyclingstats.com/rider/milan-fretin,Cofidis,,,",,",2426,16714
10,162,finished,156,10052,164,Classic,30,BE,Biermans Jenthe,https://www.procyclingstats.com/rider/jenthe-biermans,Cofidis,,,",,",2426,16714
10,163,finished,172,10756,53,Sprint,30,NL,Bol Cees,https://www.procyclingstats.com/rider/cees-bol,Decathlon CMA CGM Team,,,",,",2426,16714
10,164,finished,171,10715,62,Classic,31,IT,Ballerini Davide,https://www.procyclingstats.com/rider/davide-ballerini,XDS Astana Team,,,",,",2426,16714
10,165,finished,146,9608,131,Classic,26,ER,Girmay Biniam,https://www.procyclingstats.com/rider/biniam-girmay,NSN Cycling Team,,,",,",2426,16714
10,166,finished,168,10676,132,Classic,25,GB,Askey Lewis,https://www.procyclingstats.com/rider/lewis-askey,NSN Cycling Team,,,",,",2426,16714
10,167,finished,154,9952,215,GC,22,BE,Dhondt Robbe,https://www.procyclingstats.com/rider/robbe-dhondt,Team Picnic PostNL,,,",,",2426,16714
10,168,finished,135,9123,95,Classic,34,NL,van Baarle Dylan,https://www.procyclingstats.com/rider/dylan-van-baarle,Soudal Quick-Step,,,41:41,2501,16789
10,169,finished,140,9289,92,Classic,29,NL,Eenkhoorn Pascal,https://www.procyclingstats.com/rider/pascal-eenkhoorn,Soudal Quick-Step,,,",,",2501,16789
10,170,finished,167,10661,91,Sprint,33,BE,Merlier Tim,https://www.procyclingstats.com/rider/tim-merlier,Soudal Quick-Step,,,",,",2501,16789
10,171,finished,166,10641,221,Sprint,31,CO,Gaviria Fernando,https://www.procyclingstats.com/rider/fernando-gaviria,Caja Rural - Seguros RGA,,,",,",2501,16789
10,172,finished,102,8010,223,GC,26,AU,Berwick Sebastian,https://www.procyclingstats.com/rider/sebastian-berwick,Caja Rural - Seguros RGA,,,",,",2501,16789
10,173,finished,153,9930,157,Hills,26,FR,Veistroffer Baptiste,https://www.procyclingstats.com/rider/baptiste-veistroffer,Lotto Intermarché,,,",,",2501,16789
10,174,finished,169,10696,72,Sprint,32,DE,Bauhaus Phil,https://www.procyclingstats.com/rider/phil-bauhaus,Bahrain - Victorious,,,",,",2501,16789
10,175,finished,141,9356,128,Classic,26,NO,Wærenskjold Søren,https://www.procyclingstats.com/rider/soren-waerenskjold,Uno-X Mobility,,,41:45,2505,16793
10,,DNS,,,197,Classic,36,IT,Trentin Matteo,https://www.procyclingstats.com/rider/matteo-trentin,Tudor Pro Cycling Team,,,,,
11,1,finished,137,9346,128,Classic,26,NO,Wærenskjold Søren,https://www.procyclingstats.com/rider/soren-waerenskjold,Uno-X Mobility,210.0,100.0,3:10:06,0,11406
11,2,finished,168,10707,55,Sprint,24,NL,Kooij Olav,https://www.procyclingstats.com/rider/olav-kooij,Decathlon CMA CGM Team,150.0,70.0,",,",0,11406
11,3,finished,151,9924,105,Sprint,28,BE,Philipsen Jasper,https://www.procyclingstats.com/rider/jasper-philipsen,Alpecin - Premier Tech,110.0,50.0,",,",0,11406
11,4,finished,160,10401,165,Classic,25,BE,Fretin Milan,https://www.procyclingstats.com/rider/milan-fretin,Cofidis,90.0,40.0,",,",0,11406
11,5,finished,139,9370,152,Hills,24,NL,Artz Huub,https://www.procyclingstats.com/rider/huub-artz,Lotto Intermarché,70.0,32.0,",,",0,11406
11,6,finished,144,9608,131,Classic,26,ER,Girmay Biniam,https://www.procyclingstats.com/rider/biniam-girmay,NSN Cycling Team,55.0,26.0,",,",0,11406
11,7,finished,118,8709,207,Classic,32,FR,Turgis Anthony,https://www.procyclingstats.com/rider/anthony-turgis,TotalEnergies,45.0,22.0,",,",0,11406
11,8,finished,90,7514,188,Classic,31,FR,Russo Clément,https://www.procyclingstats.com/rider/clement-russo,Groupama - FDJ United,40.0,18.0,",,",0,11406
11,9,finished,165,10641,221,Sprint,31,CO,Gaviria Fernando,https://www.procyclingstats.com/rider/fernando-gaviria,Caja Rural - Seguros RGA,35.0,14.0,",,",0,11406
11,10,finished,159,10388,112,Sprint,32,DE,Ackermann Pascal,https://www.procyclingstats.com/rider/pascal-ackermann,Team Jayco AlUla,30.0,10.0,",,",0,11406
11,11,finished,68,6682,33,Classic,30,DK,Pedersen Mads,https://www.procyclingstats.com/rider/mads-pedersen,Lidl - Trek,25.0,8.0,",,",0,11406
11,12,finished,86,7413,195,Hills,25,NL,Pluimers Rick,https://www.procyclingstats.com/rider/rick-pluimers,Tudor Pro Cycling Team,20.0,6.0,",,",0,11406
11,13,finished,101,8111,153,Classic,25,BE,Berckmoes Jenno,https://www.procyclingstats.com/rider/jenno-berckmoes,Lotto Intermarché,15.0,4.0,",,",0,11406
11,14,finished,141,9447,226,Hills,28,IT,Oldani Stefano,https://www.procyclingstats.com/rider/stefano-oldani,Caja Rural - Seguros RGA,10.0,2.0,",,",0,11406
11,15,finished,166,10661,91,Sprint,33,BE,Merlier Tim,https://www.procyclingstats.com/rider/tim-merlier,Soudal Quick-Step,5.0,1.0,",,",0,11406
11,16,finished,155,10052,164,Classic,30,BE,Biermans Jenthe,https://www.procyclingstats.com/rider/jenthe-biermans,Cofidis,,,",,",0,11406
11,17,finished,135,9270,178,Hills,27,GB,Wright Fred,https://www.procyclingstats.com/rider/alfred-wright,Pinarello Q36.5 Pro Cycling Team,,,",,",0,11406
11,18,finished,143,9582,64,Sprint,28,DE,Kanter Max,https://www.procyclingstats.com/rider/max-kanter,XDS Astana Team,,,",,",0,11406
11,19,finished,110,8499,124,Hills,33,DK,Cort Magnus,https://www.procyclingstats.com/rider/magnus-cort-nielsen,Uno-X Mobility,,,",,",0,11406
11,20,finished,88,7452,42,TT,31,DK,Asgreen Kasper,https://www.procyclingstats.com/rider/kasper-asgreen,EF Education - EasyPost,,,",,",0,11406
11,21,finished,130,8979,85,Hills,30,FR,Godon Dorian,https://www.procyclingstats.com/rider/dorian-godon,Netcompany INEOS,,,",,",0,11406
11,22,finished,156,10066,155,GC,25,BE,Slock Liam,https://www.procyclingstats.com/rider/liam-slock,Lotto Intermarché,,,",,",0,11406
11,23,finished,158,10226,213,Sprint,23,CZ,Bittner Pavel,https://www.procyclingstats.com/rider/pavel-bittner,Team Picnic PostNL,,,",,",0,11406
11,24,finished,167,10696,72,Sprint,32,DE,Bauhaus Phil,https://www.procyclingstats.com/rider/phil-bauhaus,Bahrain - Victorious,,,",,",0,11406
11,25,finished,123,8809,63,GC,35,NZ,Gate Aaron,https://www.procyclingstats.com/rider/aaron-gate,XDS Astana Team,,,",,",0,11406
11,26,finished,170,10715,62,Classic,31,IT,Ballerini Davide,https://www.procyclingstats.com/rider/davide-ballerini,XDS Astana Team,,,",,",0,11406
11,27,finished,162,10471,137,Hills,26,GB,Stewart Jake,https://www.procyclingstats.com/rider/jake-stewart,NSN Cycling Team,,,",,",0,11406
11,28,finished,172,10786,162,Classic,31,BE,Allegaert Piet,https://www.procyclingstats.com/rider/piet-allegaert,Cofidis,,,",,",0,11406
11,29,finished,171,10756,53,Sprint,30,NL,Bol Cees,https://www.procyclingstats.com/rider/cees-bol,Decathlon CMA CGM Team,,,",,",0,11406
11,30,finished,127,8925,86,Classic,36,PL,Kwiatkowski Michał,https://www.procyclingstats.com/rider/michal-kwiatkowski,Netcompany INEOS,,,",,",0,11406
11,31,finished,173,10872,74,TT,35,PL,Gradek Kamil,https://www.procyclingstats.com/rider/kamil-gradek,Bahrain - Victorious,,,",,",0,11406
11,32,finished,115,8627,66,Classic,33,NL,Teunissen Mike,https://www.procyclingstats.com/rider/mike-teunissen,XDS Astana Team,,,",,",0,11406
11,33,finished,64,6348,176,GC,34,BE,Meurisse Xandro,https://www.procyclingstats.com/rider/xandro-meurisse,Pinarello Q36.5 Pro Cycling Team,,,",,",0,11406
11,34,finished,67,6518,204,Classic,28,FR,Delettre Alexandre,https://www.procyclingstats.com/rider/alexandre-delettre,TotalEnergies,,,",,",0,11406
11,35,finished,10,709,171,Classic,26,GB,Pidcock Tom,https://www.procyclingstats.com/rider/tom-pidcock,Pinarello Q36.5 Pro Cycling Team,,,",,",0,11406
11,36,finished,17,973,102,Climber,23,BE,Debruyne Ramses,https://www.procyclingstats.com/rider/ramses-debruyne,Alpecin - Premier Tech,,,",,",0,11406
11,37,finished,32,3199,37,TT,24,CZ,Vacek Mathias,https://www.procyclingstats.com/rider/mathias-vacek,Lidl - Trek,,,",,",0,11406
11,38,finished,150,9904,216,Sprint,27,DE,Märkl Niklas,https://www.procyclingstats.com/rider/niklas-markl,Team Picnic PostNL,,,",,",0,11406
11,39,finished,153,10001,87,TT,22,GB,Tarling Joshua,https://www.procyclingstats.com/rider/joshua-tarling,Netcompany INEOS,,,",,",0,11406
11,40,finished,84,7390,5,Classic,32,DE,Politt Nils,https://www.procyclingstats.com/rider/nils-politt,UAE Team Emirates - XRG,,,",,",0,11406
11,41,finished,23,1561,4,GC,28,US,McNulty Brandon,https://www.procyclingstats.com/rider/brandon-mcnulty,UAE Team Emirates - XRG,,,",,",0,11406
11,42,finished,125,8918,6,Classic,27,BE,Vermeersch Florian,https://www.procyclingstats.com/rider/florian-vermeersch,UAE Team Emirates - XRG,,,",,",0,11406
11,43,finished,14,890,121,Climber,26,NO,Johannessen Tobias Halland,https://www.procyclingstats.com/rider/tobias-halland-johannessen,Uno-X Mobility,,,",,",0,11406
11,44,finished,75,6943,98,GC,32,BE,Vervaeke Louis,https://www.procyclingstats.com/rider/louis-vervaeke,Soudal Quick-Step,,,",,",0,11406
11,45,finished,134,9201,212,Classic,24,NL,Biesterbos Frits,https://www.procyclingstats.com/rider/frits-biesterbos,Team Picnic PostNL,,,",,",0,11406
11,46,finished,3,246,21,Climber,26,BE,Evenepoel Remco,https://www.procyclingstats.com/rider/remco-evenepoel,Red Bull - BORA - hansgrohe,,,",,",0,11406
11,47,finished,69,6686,94,Classic,34,BE,Stuyven Jasper,https://www.procyclingstats.com/rider/jasper-stuyven,Soudal Quick-Step,,,",,",0,11406
11,48,finished,1,0,1,Climber,27,SI,Pogačar Tadej,https://www.procyclingstats.com/rider/tadej-pogacar,UAE Team Emirates - XRG,,,",,",0,11406
11,49,finished,7,308,2,Climber,22,MX,del Toro Isaac,https://www.procyclingstats.com/rider/isaac-del-toro,UAE Team Emirates - XRG,,,",,",0,11406
11,50,finished,11,735,81,GC,29,CO,Bernal Egan,https://www.procyclingstats.com/rider/egan-bernal,Netcompany INEOS,,,",,",0,11406
11,51,finished,82,7275,118,Hills,26,CH,Schmid Mauro,https://www.procyclingstats.com/rider/mauro-schmid,Team Jayco AlUla,,,",,",0,11406
11,52,finished,174,11147,135,Classic,26,FR,Louvel Matis,https://www.procyclingstats.com/rider/matis-louvel,NSN Cycling Team,,,",,",0,11406
11,53,finished,73,6919,36,Classic,35,LV,Skujiņš Toms,https://www.procyclingstats.com/rider/toms-skujins,Lidl - Trek,,,",,",0,11406
11,54,finished,16,936,198,GC,27,CH,Voisard Yannis,https://www.procyclingstats.com/rider/yannis-voisard,Tudor Pro Cycling Team,,,",,",0,11406
11,55,finished,102,8129,76,Hills,27,AU,Stannard Robert,https://www.procyclingstats.com/rider/robert-stannard,Bahrain - Victorious,,,",,",0,11406
11,56,finished,133,9166,167,Classic,24,FR,Page Hugo,https://www.procyclingstats.com/rider/hugo-page,Cofidis,,,",,",0,11406
11,57,finished,26,2548,57,GC,29,FR,Prodhomme Nicolas,https://www.procyclingstats.com/rider/nicolas-prodhomme,Decathlon CMA CGM Team,,,",,",0,11406
11,58,finished,66,6502,184,GC,23,FR,Costiou Ewen,https://www.procyclingstats.com/rider/ewen-costiou,Groupama - FDJ United,,,",,",0,11406
11,59,finished,4,262,31,Climber,23,ES,Ayuso Juan,https://www.procyclingstats.com/rider/juan-ayuso-pesquera,Lidl - Trek,,,",,",0,11406
11,60,finished,148,9866,12,TT,30,IT,Affini Edoardo,https://www.procyclingstats.com/rider/edoardo-affini,Team Visma | Lease a Bike,,,",,",0,11406
11,61,finished,8,345,35,Climber,25,DK,Skjelmose Mattias,https://www.procyclingstats.com/rider/mattias-skjelmose-jensen,Lidl - Trek,,,",,",0,11406
11,62,finished,161,10439,217,Sprint,29,NL,van den Berg Julius,https://www.procyclingstats.com/rider/julius-van-den-berg,Team Picnic PostNL,,,",,",0,11406
11,63,finished,5,275,51,Climber,19,FR,Seixas Paul,https://www.procyclingstats.com/rider/paul-seixas,Decathlon CMA CGM Team,,,",,",0,11406
11,64,finished,100,7979,177,Classic,28,BE,Van Moer Brent,https://www.procyclingstats.com/rider/brent-van-moer,Pinarello Q36.5 Pro Cycling Team,,,",,",0,11406
11,65,finished,12,763,97,GC,26,BE,Van Wilder Ilan,https://www.procyclingstats.com/rider/ilan-van-wilder,Soudal Quick-Step,,,",,",0,11406
11,66,finished,2,216,11,GC,29,DK,Vingegaard Jonas,https://www.procyclingstats.com/rider/jonas-vingegaard,Team Visma | Lease a Bike,,,",,",0,11406
11,67,finished,18,1063,41,Climber,33,EC,Carapaz Richard,https://www.procyclingstats.com/rider/richard-carapaz,EF Education - EasyPost,,,",,",0,11406
11,68,finished,97,7913,13,TT,32,FR,Armirail Bruno,https://www.procyclingstats.com/rider/bruno-armirail,Team Visma | Lease a Bike,,,",,",0,11406
11,69,finished,61,6029,22,TT,35,IT,Cattaneo Mattia,https://www.procyclingstats.com/rider/mattia-cattaneo,Red Bull - BORA - hansgrohe,,,",,",0,11406
11,70,finished,157,10149,104,Sprint,25,NL,Marsman Tim,https://www.procyclingstats.com/rider/tim-marsman,Alpecin - Premier Tech,,,",,",0,11406
11,71,finished,65,6367,101,Classic,31,NL,van der Poel Mathieu,https://www.procyclingstats.com/rider/mathieu-van-der-poel,Alpecin - Premier Tech,,,",,",0,11406
11,72,finished,29,3008,82,GC,26,NL,Arensman Thymen,https://www.procyclingstats.com/rider/thymen-arensman,Netcompany INEOS,,,",,",0,11406
11,73,finished,60,5980,181,Classic,23,FR,Grégoire Romain,https://www.procyclingstats.com/rider/romain-gregoire,Groupama - FDJ United,,,",,",0,11406
11,74,finished,164,10530,193,Classic,35,AT,Haller Marco,https://www.procyclingstats.com/rider/marco-haller,Tudor Pro Cycling Team,,,",,",0,11406
11,75,finished,120,8782,15,Classic,23,NO,Hagenes Per Strand,https://www.procyclingstats.com/rider/per-strand-hagenes,Team Visma | Lease a Bike,,,",,",0,11406
11,76,finished,99,7972,122,Classic,30,NO,Abrahamsen Jonas,https://www.procyclingstats.com/rider/jonas-abrahamsen,Uno-X Mobility,,,",,",0,11406
11,77,finished,6,284,25,GC,25,DE,Lipowitz Florian,https://www.procyclingstats.com/rider/florian-lipowitz,Red Bull - BORA - hansgrohe,,,",,",0,11406
11,78,finished,13,818,18,GC,24,IT,Piganzoli Davide,https://www.procyclingstats.com/rider/davide-piganzoli,Team Visma | Lease a Bike,,,",,",0,11406
11,79,finished,95,7702,23,Hills,32,DE,Denz Nico,https://www.procyclingstats.com/rider/nico-denz,Red Bull - BORA - hansgrohe,,,",,",0,11406
11,80,finished,71,6775,185,GC,24,IT,Germani Lorenzo,https://www.procyclingstats.com/rider/lorenzo-germani,Groupama - FDJ United,,,",,",0,11406
11,81,finished,24,1997,52,Classic,32,BE,Benoot Tiesj,https://www.procyclingstats.com/rider/tiesj-benoot,Decathlon CMA CGM Team,,,",,",0,11406
11,82,finished,132,9134,136,Classic,31,LV,Neilands Krists,https://www.procyclingstats.com/rider/krists-neilands,NSN Cycling Team,,,",,",0,11406
11,83,finished,33,3709,174,Hills,30,BE,Hermans Quinten,https://www.procyclingstats.com/rider/quinten-hermans,Pinarello Q36.5 Pro Cycling Team,,,",,",0,11406
11,84,finished,77,6991,208,Hills,25,FR,Vercher Mattéo,https://www.procyclingstats.com/rider/matheo-vercher,TotalEnergies,,,",,",0,11406
11,85,finished,54,5633,183,Climber,26,FR,Braz Afonso Clément,https://www.procyclingstats.com/rider/clement-braz-afonso,Groupama - FDJ United,,,",,",0,11406
11,86,finished,58,5971,56,GC,30,FR,Paret-Peintre Aurélien,https://www.procyclingstats.com/rider/aurelien-paret-peintre,Decathlon CMA CGM Team,,,",,",0,11406
11,87,finished,37,4151,34,Hills,25,US,Simmons Quinn,https://www.procyclingstats.com/rider/quinn-simmons,Lidl - Trek,,,",,",0,11406
11,88,finished,21,1232,142,Climber,25,ES,Castrillo Pablo,https://www.procyclingstats.com/rider/pablo-castrillo-zapater,Movistar Team,,,",,",0,11406
11,89,finished,76,6967,187,Hills,34,FR,Pacher Quentin,https://www.procyclingstats.com/rider/quentin-pacher,Groupama - FDJ United,,,",,",0,11406
11,90,finished,15,908,45,GC,26,US,Quinn Sean,https://www.procyclingstats.com/rider/sean-quinn,EF Education - EasyPost,,,",,",0,11406
11,91,finished,46,4793,144,Climber,25,ES,García Pierna Raúl,https://www.procyclingstats.com/rider/raul-garcia-pierna,Movistar Team,,,",,",0,11406
11,92,finished,36,3976,88,GC,25,FR,Vauquelin Kévin,https://www.procyclingstats.com/rider/kevin-vauquelin,Netcompany INEOS,,,",,",0,11406
11,93,finished,22,1252,17,Climber,31,US,Kuss Sepp,https://www.procyclingstats.com/rider/sepp-kuss,Team Visma | Lease a Bike,,,",,",0,11406
11,94,finished,121,8783,106,Classic,31,BE,Planckaert Edward,https://www.procyclingstats.com/rider/edward-planckaert,Alpecin - Premier Tech,,,",,",0,11406
11,95,finished,128,8960,107,Classic,32,BE,Rickaert Jonas,https://www.procyclingstats.com/rider/jonas-rickaert,Alpecin - Premier Tech,,,",,",0,11406
11,96,finished,20,1106,8,Climber,33,GB,Yates Adam,https://www.procyclingstats.com/rider/adam-yates,UAE Team Emirates - XRG,,,",,",0,11406
11,97,finished,112,8555,205,TT,28,FR,Guernalec Thibault,https://www.procyclingstats.com/rider/thibault-guernalec,TotalEnergies,,,",,",0,11406
11,98,finished,57,5865,147,GC,27,ES,Romo Javier,https://www.procyclingstats.com/rider/javier-romo,Movistar Team,,,",,",0,11406
11,99,finished,19,1076,201,Climber,27,FR,Jegat Jordan,https://www.procyclingstats.com/rider/jordan-jegat,TotalEnergies,,,",,",0,11406
11,100,finished,41,4388,228,GC,29,ES,Parra José Félix,https://www.procyclingstats.com/rider/jose-felix-parra,Caja Rural - Seguros RGA,,,",,",0,11406
11,101,finished,53,5579,203,GC,26,FR,Delbove Joris,https://www.procyclingstats.com/rider/joris-delbove,TotalEnergies,,,",,",0,11406
11,102,finished,63,6244,73,GC,38,IT,Caruso Damiano,https://www.procyclingstats.com/rider/damiano-caruso,Bahrain - Victorious,,,",,",0,11406
11,103,finished,27,2813,38,GC,33,ES,Verona Carlos,https://www.procyclingstats.com/rider/carlos-verona,Lidl - Trek,,,",,",0,11406
11,104,finished,39,4304,148,Climber,28,CO,Rubio Einer,https://www.procyclingstats.com/rider/einer-rubio,Movistar Team,,,",,",0,11406
11,105,finished,9,394,71,Climber,23,FR,Martinez Lenny,https://www.procyclingstats.com/rider/lenny-martinez,Bahrain - Victorious,,,",,",0,11406
11,106,finished,50,5455,126,Classic,31,NO,Skaarseth Anders,https://www.procyclingstats.com/rider/anders-skaarseth,Uno-X Mobility,,,",,",0,11406
11,107,finished,42,4412,77,GC,25,IT,Tiberi Antonio,https://www.procyclingstats.com/rider/antonio-tiberi,Bahrain - Victorious,,,",,",0,11406
11,108,finished,43,4651,186,Climber,33,FR,Martin Guillaume,https://www.procyclingstats.com/rider/guillaume-martin,Groupama - FDJ United,,,",,",0,11406
11,109,finished,35,3962,3,GC,32,AT,Großschartner Felix,https://www.procyclingstats.com/rider/felix-grossschartner,UAE Team Emirates - XRG,,,",,",0,11406
11,110,finished,59,5978,58,Climber,24,US,Riccitello Matthew,https://www.procyclingstats.com/rider/matthew-riccitello,Decathlon CMA CGM Team,,,",,",0,11406
11,111,finished,145,9676,27,Classic,26,NL,van Dijke Tim,https://www.procyclingstats.com/rider/tim-van-dijke,Red Bull - BORA - hansgrohe,,,",,",0,11406
11,112,finished,92,7573,125,GC,26,NO,Johannessen Anders Halland,https://www.procyclingstats.com/rider/anders-halland-johannessen,Uno-X Mobility,,,",,",0,11406
11,113,finished,56,5758,222,GC,26,ES,Balderstone Abel,https://www.procyclingstats.com/rider/abel-balderstone-roumens,Caja Rural - Seguros RGA,,,",,",0,11406
11,114,finished,55,5636,28,Classic,26,BE,Van Gils Maxim,https://www.procyclingstats.com/rider/maxim-van-gils,Red Bull - BORA - hansgrohe,,,",,",0,11406
11,115,finished,72,6860,47,Classic,34,DK,Valgren Michael,https://www.procyclingstats.com/rider/michael-valgren-andersen,EF Education - EasyPost,,,",,",0,11406
11,116,finished,106,8316,75,Classic,31,SI,Mohorič Matej,https://www.procyclingstats.com/rider/matej-mohoric,Bahrain - Victorious,,,",,",0,11406
11,117,finished,152,9930,157,Hills,26,FR,Veistroffer Baptiste,https://www.procyclingstats.com/rider/baptiste-veistroffer,Lotto Intermarché,,,",,",0,11406
11,118,finished,38,4167,32,Climber,28,CA,Gee-West Derek,https://www.procyclingstats.com/rider/derek-gee,Lidl - Trek,,,",,",0,11406
11,119,finished,108,8395,211,Climber,34,FR,Barguil Warren,https://www.procyclingstats.com/rider/warren-barguil,Team Picnic PostNL,,,",,",0,11406
11,120,finished,163,10483,214,Classic,37,DE,Degenkolb John,https://www.procyclingstats.com/rider/john-degenkolb,Team Picnic PostNL,,,0:29,29,11435
11,121,finished,25,2326,156,Climber,24,BE,Van Eetvelt Lennert,https://www.procyclingstats.com/rider/lennert-van-eetvelt,Lotto Intermarché,,,0:33,33,11439
11,122,finished,51,5485,7,GC,35,BE,Wellens Tim,https://www.procyclingstats.com/rider/tim-wellens,UAE Team Emirates - XRG,,,",,",33,11439
11,123,finished,142,9456,54,TT,27,NL,Hoole Daan,https://www.procyclingstats.com/rider/daan-hoole,Decathlon CMA CGM Team,,,0:36,36,11442
11,124,finished,105,8278,114,Classic,25,DE,Engelhardt Felix,https://www.procyclingstats.com/rider/felix-engelhardt,Team Jayco AlUla,,,",,",36,11442
11,125,finished,70,6737,115,Classic,35,AU,Matthews Michael,https://www.procyclingstats.com/rider/michael-matthews,Team Jayco AlUla,,,",,",36,11442
11,126,finished,89,7508,14,TT,34,BE,Campenaerts Victor,https://www.procyclingstats.com/rider/victor-campenaerts,Team Visma | Lease a Bike,,,",,",36,11442
11,127,finished,47,4889,194,Classic,27,CH,Hirschi Marc,https://www.procyclingstats.com/rider/marc-hirschi,Tudor Pro Cycling Team,,,",,",36,11442
11,128,finished,113,8585,134,Climber,26,IT,Frigo Marco,https://www.procyclingstats.com/rider/marco-frigo,NSN Cycling Team,,,",,",36,11442
11,129,finished,107,8342,166,TT,34,LU,Kirsch Alex,https://www.procyclingstats.com/rider/alex-kirsch,Cofidis,,,",,",36,11442
11,130,finished,122,8795,84,TT,29,IT,Ganna Filippo,https://www.procyclingstats.com/rider/filippo-ganna,Netcompany INEOS,,,",,",36,11442
11,131,finished,78,6997,143,GC,30,EC,Cepeda Jefferson Alveiro,https://www.procyclingstats.com/rider/jefferson-cepeda-hernandez,Movistar Team,,,",,",36,11442
11,132,finished,111,8543,145,Hills,25,DE,Hessmann Michel,https://www.procyclingstats.com/rider/michel-hessmann,Movistar Team,,,",,",36,11442
11,133,finished,31,3144,24,Climber,30,AU,Hindley Jai,https://www.procyclingstats.com/rider/jai-hindley,Red Bull - BORA - hansgrohe,,,",,",36,11442
11,134,finished,96,7725,175,GC,33,AU,Howson Damien,https://www.procyclingstats.com/rider/damien-howson,Pinarello Q36.5 Pro Cycling Team,,,",,",36,11442
11,135,finished,126,8923,227,GC,28,CZ,Otruba Jakub,https://www.procyclingstats.com/rider/jakub-otruba,Caja Rural - Seguros RGA,,,",,",36,11442
11,136,finished,129,8978,67,Classic,30,IT,Velasco Simone,https://www.procyclingstats.com/rider/simone-velasco,XDS Astana Team,,,",,",36,11442
11,137,finished,147,9763,138,Sprint,36,BE,Van Asbroeck Tom,https://www.procyclingstats.com/rider/tom-van-asbroeck,NSN Cycling Team,,,",,",36,11442
11,138,finished,169,10712,132,Classic,25,GB,Askey Lewis,https://www.procyclingstats.com/rider/lewis-askey,NSN Cycling Team,,,",,",36,11442
11,139,finished,49,5318,83,TT,29,NO,Foss Tobias,https://www.procyclingstats.com/rider/tobias-foss,Netcompany INEOS,,,",,",36,11442
11,140,finished,114,8597,113,TT,35,AU,Durbridge Luke,https://www.procyclingstats.com/rider/luke-durbridge,Team Jayco AlUla,,,",,",36,11442
11,141,finished,45,4735,93,Climber,25,FR,Paret-Peintre Valentin,https://www.procyclingstats.com/rider/valentin-paret-peintre,Soudal Quick-Step,,,",,",36,11442
11,142,finished,149,9877,103,Classic,35,CH,Dillier Silvan,https://www.procyclingstats.com/rider/silvan-dillier,Alpecin - Premier Tech,,,",,",36,11442
11,143,finished,131,9104,46,Climber,24,DE,Steinhauser Georg,https://www.procyclingstats.com/rider/georg-steinhauser,EF Education - EasyPost,,,",,",36,11442
11,144,finished,34,3946,43,Climber,25,FR,Baudin Alex,https://www.procyclingstats.com/rider/alex-baudin,EF Education - EasyPost,,,",,",36,11442
11,145,finished,124,8915,225,Hills,28,ES,Nicolau Joel,https://www.procyclingstats.com/rider/joel-nicolau,Caja Rural - Seguros RGA,,,",,",36,11442
11,146,finished,93,7628,117,GC,25,AU,Plapp Luke,https://www.procyclingstats.com/rider/luke-plapp,Team Jayco AlUla,,,",,",36,11442
11,147,finished,94,7660,123,GC,28,DK,Charmig Anthon,https://www.procyclingstats.com/rider/anthon-charmig,Uno-X Mobility,,,",,",36,11442
11,148,finished,62,6114,154,GC,24,BE,Craps Lars,https://www.procyclingstats.com/rider/lars-craps,Lotto Intermarché,,,",,",36,11442
11,149,finished,117,8633,108,Climber,24,BE,Verstrynge Emiel,https://www.procyclingstats.com/rider/emiel-verstrynge,Alpecin - Premier Tech,,,",,",36,11442
11,150,finished,44,4662,161,GC,37,ES,Izagirre Ion,https://www.procyclingstats.com/rider/ion-izagirre,Cofidis,,,",,",36,11442
11,151,finished,83,7357,146,TT,37,PT,Oliveira Nelson,https://www.procyclingstats.com/rider/nelson-oliveira,Movistar Team,,,",,",36,11442
11,152,finished,98,7956,26,TT,36,SI,Tratnik Jan,https://www.procyclingstats.com/rider/jan-tratnik,Red Bull - BORA - hansgrohe,,,",,",36,11442
11,153,finished,119,8745,168,TT,30,FR,Thomas Benjamin,https://www.procyclingstats.com/rider/benjamin-thomas-2,Cofidis,,,",,",36,11442
11,154,finished,52,5525,111,GC,30,AU,O'Connor Ben,https://www.procyclingstats.com/rider/ben-o-connor,Team Jayco AlUla,,,1:00,60,11466
11,155,finished,154,10012,215,GC,22,BE,Dhondt Robbe,https://www.procyclingstats.com/rider/robbe-dhondt,Team Picnic PostNL,,,",,",60,11466
11,156,finished,79,7033,163,Classic,30,ES,Aranburu Alex,https://www.procyclingstats.com/rider/alex-aranburu,Cofidis,,,",,",60,11466
11,157,finished,116,8632,172,TT,27,ES,Azparren Xabier Mikel,https://www.procyclingstats.com/rider/xabier-mikel-azparren-irurzun,Pinarello Q36.5 Pro Cycling Team,,,",,",60,11466
11,158,finished,40,4323,61,Climber,28,CO,Higuita Sergio,https://www.procyclingstats.com/rider/sergio-higuita,XDS Astana Team,,,",,",60,11466
11,159,finished,104,8159,48,TT,25,GB,Walker Max,https://www.procyclingstats.com/rider/max-walker,EF Education - EasyPost,,,",,",60,11466
11,160,finished,91,7554,44,Climber,25,IE,Healy Ben,https://www.procyclingstats.com/rider/ben-healy,EF Education - EasyPost,,,",,",60,11466
11,161,finished,74,6919,206,Hills,25,FR,Le Berre Mathis,https://www.procyclingstats.com/rider/mathis-le-berre,TotalEnergies,,,",,",60,11466
11,162,finished,48,5089,202,GC,26,FR,Breuillard Nicolas,https://www.procyclingstats.com/rider/nicolas-breuillard,TotalEnergies,,,1:45,105,11511
11,163,finished,85,7405,78,Sprint,22,BE,Van Mechelen Vlad,https://www.procyclingstats.com/rider/vlad-van-mechelen,Bahrain - Victorious,,,1:54,114,11520
11,164,finished,28,2882,16,GC,27,US,Jorgenson Matteo,https://www.procyclingstats.com/rider/matteo-jorgenson,Team Visma | Lease a Bike,,,2:12,132,11538
11,165,finished,87,7427,218,GC,25,NL,van den Broek Frank,https://www.procyclingstats.com/rider/frank-van-den-broek,Team Picnic PostNL,,,",,",132,11538
11,166,finished,103,8142,223,GC,26,AU,Berwick Sebastian,https://www.procyclingstats.com/rider/sebastian-berwick,Caja Rural - Seguros RGA,,,",,",132,11538
11,167,finished,30,3049,65,Climber,29,CO,Tejada Harold,https://www.procyclingstats.com/rider/harold-tejada,XDS Astana Team,,,2:36,156,11562
11,168,finished,109,8401,196,Climber,29,AU,Storer Michael,https://www.procyclingstats.com/rider/michael-storer,Tudor Pro Cycling Team,,,",,",156,11562
11,169,finished,136,9306,68,GC,24,KZ,Vinokurov Nicolas,https://www.procyclingstats.com/rider/nicolas-vinokurov,XDS Astana Team,,,3:16,196,11602
11,170,finished,138,9368,95,Classic,34,NL,van Baarle Dylan,https://www.procyclingstats.com/rider/dylan-van-baarle,Soudal Quick-Step,,,4:05,245,11651
11,171,finished,80,7105,133,GC,36,NZ,Bennett George,https://www.procyclingstats.com/rider/george-bennett,NSN Cycling Team,,,6:29,389,11795
11,172,finished,146,9678,92,Classic,29,NL,Eenkhoorn Pascal,https://www.procyclingstats.com/rider/pascal-eenkhoorn,Soudal Quick-Step,,,",,",389,11795
11,173,finished,81,7109,158,Classic,28,DE,Zimmermann Georg,https://www.procyclingstats.com/rider/georg-zimmermann,Lotto Intermarché,,,7:36,456,11862
11,174,finished,140,9402,191,Classic,34,FR,Alaphilippe Julian,https://www.procyclingstats.com/rider/julian-alaphilippe,Tudor Pro Cycling Team,,,",,",456,11862
11,,DNS,,,173,GC,31,AU,Harper Chris,https://www.procyclingstats.com/rider/chris-harper,Pinarello Q36.5 Pro Cycling Team,,,,,
12,1,finished,166,10651,91,Sprint,33,BE,Merlier Tim,https://www.procyclingstats.com/rider/tim-merlier,Soudal Quick-Step,210.0,100.0,3:38:53,0,13133
12,2,finished,168,10701,55,Sprint,24,NL,Kooij Olav,https://www.procyclingstats.com/rider/olav-kooij,Decathlon CMA CGM Team,150.0,70.0,",,",0,13133
12,3,finished,148,9920,105,Sprint,28,BE,Philipsen Jasper,https://www.procyclingstats.com/rider/jasper-philipsen,Alpecin - Premier Tech,110.0,50.0,",,",0,13133
12,4,finished,142,9608,131,Classic,26,ER,Girmay Biniam,https://www.procyclingstats.com/rider/biniam-girmay,NSN Cycling Team,90.0,40.0,",,",0,13133
12,5,finished,160,10401,165,Classic,25,BE,Fretin Milan,https://www.procyclingstats.com/rider/milan-fretin,Cofidis,70.0,32.0,",,",0,13133
12,6,finished,116,8709,207,Classic,32,FR,Turgis Anthony,https://www.procyclingstats.com/rider/anthony-turgis,TotalEnergies,55.0,26.0,",,",0,13133
12,7,finished,140,9582,64,Sprint,28,DE,Kanter Max,https://www.procyclingstats.com/rider/max-kanter,XDS Astana Team,45.0,22.0,",,",0,13133
12,8,finished,89,7514,188,Classic,31,FR,Russo Clément,https://www.procyclingstats.com/rider/clement-russo,Groupama - FDJ United,40.0,18.0,",,",0,13133
12,9,finished,67,6682,33,Classic,30,DK,Pedersen Mads,https://www.procyclingstats.com/rider/mads-pedersen,Lidl - Trek,35.0,14.0,",,",0,13133
12,10,finished,133,9370,152,Hills,24,NL,Artz Huub,https://www.procyclingstats.com/rider/huub-artz,Lotto Intermarché,30.0,10.0,",,",0,13133
12,11,finished,85,7413,195,Hills,25,NL,Pluimers Rick,https://www.procyclingstats.com/rider/rick-pluimers,Tudor Pro Cycling Team,25.0,8.0,",,",0,13133
12,12,finished,130,9270,178,Hills,27,GB,Wright Fred,https://www.procyclingstats.com/rider/alfred-wright,Pinarello Q36.5 Pro Cycling Team,20.0,6.0,",,",0,13133
12,13,finished,150,10052,164,Classic,30,BE,Biermans Jenthe,https://www.procyclingstats.com/rider/jenthe-biermans,Cofidis,15.0,4.0,",,",0,13133
12,14,finished,65,6367,101,Classic,31,NL,van der Poel Mathieu,https://www.procyclingstats.com/rider/mathieu-van-der-poel,Alpecin - Premier Tech,10.0,2.0,",,",0,13133
12,15,finished,158,10388,112,Sprint,32,DE,Ackermann Pascal,https://www.procyclingstats.com/rider/pascal-ackermann,Team Jayco AlUla,5.0,1.0,",,",0,13133
12,16,finished,68,6686,94,Classic,34,BE,Stuyven Jasper,https://www.procyclingstats.com/rider/jasper-stuyven,Soudal Quick-Step,,,",,",0,13133
12,17,finished,122,8918,6,Classic,27,BE,Vermeersch Florian,https://www.procyclingstats.com/rider/florian-vermeersch,UAE Team Emirates - XRG,,,",,",0,13133
12,18,finished,3,246,21,Climber,26,BE,Evenepoel Remco,https://www.procyclingstats.com/rider/remco-evenepoel,Red Bull - BORA - hansgrohe,,,",,",0,13133
12,19,finished,87,7452,42,TT,31,DK,Asgreen Kasper,https://www.procyclingstats.com/rider/kasper-asgreen,EF Education - EasyPost,,,",,",0,13133
12,20,finished,102,8129,76,Hills,27,AU,Stannard Robert,https://www.procyclingstats.com/rider/robert-stannard,Bahrain - Victorious,,,",,",0,13133
12,21,finished,58,5971,56,GC,30,FR,Paret-Peintre Aurélien,https://www.procyclingstats.com/rider/aurelien-paret-peintre,Decathlon CMA CGM Team,,,",,",0,13133
12,22,finished,81,7275,118,Hills,26,CH,Schmid Mauro,https://www.procyclingstats.com/rider/mauro-schmid,Team Jayco AlUla,,,",,",0,13133
12,23,finished,115,8627,66,Classic,33,NL,Teunissen Mike,https://www.procyclingstats.com/rider/mike-teunissen,XDS Astana Team,,,",,",0,13133
12,24,finished,162,10471,137,Hills,26,GB,Stewart Jake,https://www.procyclingstats.com/rider/jake-stewart,NSN Cycling Team,,,",,",0,13133
12,25,finished,66,6518,204,Classic,28,FR,Delettre Alexandre,https://www.procyclingstats.com/rider/alexandre-delettre,TotalEnergies,,,",,",0,13133
12,26,finished,14,890,121,Climber,26,NO,Johannessen Tobias Halland,https://www.procyclingstats.com/rider/tobias-halland-johannessen,Uno-X Mobility,,,",,",0,13133
12,27,finished,109,8499,124,Hills,33,DK,Cort Magnus,https://www.procyclingstats.com/rider/magnus-cort-nielsen,Uno-X Mobility,,,",,",0,13133
12,28,finished,10,709,171,Classic,26,GB,Pidcock Tom,https://www.procyclingstats.com/rider/tom-pidcock,Pinarello Q36.5 Pro Cycling Team,,,",,",0,13133
12,29,finished,64,6348,176,GC,34,BE,Meurisse Xandro,https://www.procyclingstats.com/rider/xandro-meurisse,Pinarello Q36.5 Pro Cycling Team,,,",,",0,13133
12,30,finished,33,3709,174,Hills,30,BE,Hermans Quinten,https://www.procyclingstats.com/rider/quinten-hermans,Pinarello Q36.5 Pro Cycling Team,,,",,",0,13133
12,31,finished,164,10530,193,Classic,35,AT,Haller Marco,https://www.procyclingstats.com/rider/marco-haller,Tudor Pro Cycling Team,,,",,",0,13133
12,32,finished,105,8316,75,Classic,31,SI,Mohorič Matej,https://www.procyclingstats.com/rider/matej-mohoric,Bahrain - Victorious,,,",,",0,13133
12,33,finished,124,8960,107,Classic,32,BE,Rickaert Jonas,https://www.procyclingstats.com/rider/jonas-rickaert,Alpecin - Premier Tech,,,",,",0,13133
12,34,finished,171,10756,53,Sprint,30,NL,Bol Cees,https://www.procyclingstats.com/rider/cees-bol,Decathlon CMA CGM Team,,,",,",0,13133
12,35,finished,5,275,51,Climber,19,FR,Seixas Paul,https://www.procyclingstats.com/rider/paul-seixas,Decathlon CMA CGM Team,,,",,",0,13133
12,36,finished,26,2548,57,GC,29,FR,Prodhomme Nicolas,https://www.procyclingstats.com/rider/nicolas-prodhomme,Decathlon CMA CGM Team,,,",,",0,13133
12,37,finished,145,9763,138,Sprint,36,BE,Van Asbroeck Tom,https://www.procyclingstats.com/rider/tom-van-asbroeck,NSN Cycling Team,,,",,",0,13133
12,38,finished,42,4412,77,GC,25,IT,Tiberi Antonio,https://www.procyclingstats.com/rider/antonio-tiberi,Bahrain - Victorious,,,",,",0,13133
12,39,finished,137,9456,54,TT,27,NL,Hoole Daan,https://www.procyclingstats.com/rider/daan-hoole,Decathlon CMA CGM Team,,,",,",0,13133
12,40,finished,60,5980,181,Classic,23,FR,Grégoire Romain,https://www.procyclingstats.com/rider/romain-gregoire,Groupama - FDJ United,,,",,",0,13133
12,41,finished,8,345,35,Climber,25,DK,Skjelmose Mattias,https://www.procyclingstats.com/rider/mattias-skjelmose-jensen,Lidl - Trek,,,",,",0,13133
12,42,finished,2,216,11,GC,29,DK,Vingegaard Jonas,https://www.procyclingstats.com/rider/jonas-vingegaard,Team Visma | Lease a Bike,,,",,",0,13133
12,43,finished,146,9866,12,TT,30,IT,Affini Edoardo,https://www.procyclingstats.com/rider/edoardo-affini,Team Visma | Lease a Bike,,,",,",0,13133
12,44,finished,37,4151,34,Hills,25,US,Simmons Quinn,https://www.procyclingstats.com/rider/quinn-simmons,Lidl - Trek,,,",,",0,13133
12,45,finished,53,5633,183,Climber,26,FR,Braz Afonso Clément,https://www.procyclingstats.com/rider/clement-braz-afonso,Groupama - FDJ United,,,",,",0,13133
12,46,finished,16,936,198,GC,27,CH,Voisard Yannis,https://www.procyclingstats.com/rider/yannis-voisard,Tudor Pro Cycling Team,,,",,",0,13133
12,47,finished,19,1076,201,Climber,27,FR,Jegat Jordan,https://www.procyclingstats.com/rider/jordan-jegat,TotalEnergies,,,",,",0,13133
12,48,finished,111,8555,205,TT,28,FR,Guernalec Thibault,https://www.procyclingstats.com/rider/thibault-guernalec,TotalEnergies,,,",,",0,13133
12,49,finished,83,7390,5,Classic,32,DE,Politt Nils,https://www.procyclingstats.com/rider/nils-politt,UAE Team Emirates - XRG,,,",,",0,13133
12,50,finished,1,0,1,Climber,27,SI,Pogačar Tadej,https://www.procyclingstats.com/rider/tadej-pogacar,UAE Team Emirates - XRG,,,",,",0,13133
12,51,finished,69,6737,115,Classic,35,AU,Matthews Michael,https://www.procyclingstats.com/rider/michael-matthews,Team Jayco AlUla,,,",,",0,13133
12,52,finished,6,284,25,GC,25,DE,Lipowitz Florian,https://www.procyclingstats.com/rider/florian-lipowitz,Red Bull - BORA - hansgrohe,,,",,",0,13133
12,53,finished,23,1561,4,GC,28,US,McNulty Brandon,https://www.procyclingstats.com/rider/brandon-mcnulty,UAE Team Emirates - XRG,,,",,",0,13133
12,54,finished,94,7660,123,GC,28,DK,Charmig Anthon,https://www.procyclingstats.com/rider/anthon-charmig,Uno-X Mobility,,,",,",0,13133
12,55,finished,29,3144,24,Climber,30,AU,Hindley Jai,https://www.procyclingstats.com/rider/jai-hindley,Red Bull - BORA - hansgrohe,,,",,",0,13133
12,56,finished,20,1106,8,Climber,33,GB,Yates Adam,https://www.procyclingstats.com/rider/adam-yates,UAE Team Emirates - XRG,,,",,",0,13133
12,57,finished,70,6775,185,GC,24,IT,Germani Lorenzo,https://www.procyclingstats.com/rider/lorenzo-germani,Groupama - FDJ United,,,",,",0,13133
12,58,finished,7,308,2,Climber,22,MX,del Toro Isaac,https://www.procyclingstats.com/rider/isaac-del-toro,UAE Team Emirates - XRG,,,",,",0,13133
12,59,finished,12,763,97,GC,26,BE,Van Wilder Ilan,https://www.procyclingstats.com/rider/ilan-van-wilder,Soudal Quick-Step,,,",,",0,13133
12,60,finished,63,6244,73,GC,38,IT,Caruso Damiano,https://www.procyclingstats.com/rider/damiano-caruso,Bahrain - Victorious,,,",,",0,13133
12,61,finished,144,9676,27,Classic,26,NL,van Dijke Tim,https://www.procyclingstats.com/rider/tim-van-dijke,Red Bull - BORA - hansgrohe,,,",,",0,13133
12,62,finished,24,1997,52,Classic,32,BE,Benoot Tiesj,https://www.procyclingstats.com/rider/tiesj-benoot,Decathlon CMA CGM Team,,,",,",0,13133
12,63,finished,15,908,45,GC,26,US,Quinn Sean,https://www.procyclingstats.com/rider/sean-quinn,EF Education - EasyPost,,,",,",0,13133
12,64,finished,4,262,31,Climber,23,ES,Ayuso Juan,https://www.procyclingstats.com/rider/juan-ayuso-pesquera,Lidl - Trek,,,",,",0,13133
12,65,finished,22,1252,17,Climber,31,US,Kuss Sepp,https://www.procyclingstats.com/rider/sepp-kuss,Team Visma | Lease a Bike,,,",,",0,13133
12,66,finished,18,1063,41,Climber,33,EC,Carapaz Richard,https://www.procyclingstats.com/rider/richard-carapaz,EF Education - EasyPost,,,",,",0,13133
12,67,finished,13,818,18,GC,24,IT,Piganzoli Davide,https://www.procyclingstats.com/rider/davide-piganzoli,Team Visma | Lease a Bike,,,",,",0,13133
12,68,finished,99,7979,177,Classic,28,BE,Van Moer Brent,https://www.procyclingstats.com/rider/brent-van-moer,Pinarello Q36.5 Pro Cycling Team,,,",,",0,13133
12,69,finished,110,8543,145,Hills,25,DE,Hessmann Michel,https://www.procyclingstats.com/rider/michel-hessmann,Movistar Team,,,",,",0,13133
12,70,finished,59,5978,58,Climber,24,US,Riccitello Matthew,https://www.procyclingstats.com/rider/matthew-riccitello,Decathlon CMA CGM Team,,,",,",0,13133
12,71,finished,54,5636,28,Classic,26,BE,Van Gils Maxim,https://www.procyclingstats.com/rider/maxim-van-gils,Red Bull - BORA - hansgrohe,,,",,",0,13133
12,72,finished,35,3962,3,GC,32,AT,Großschartner Felix,https://www.procyclingstats.com/rider/felix-grossschartner,UAE Team Emirates - XRG,,,",,",0,13133
12,73,finished,21,1232,142,Climber,25,ES,Castrillo Pablo,https://www.procyclingstats.com/rider/pablo-castrillo-zapater,Movistar Team,,,",,",0,13133
12,74,finished,106,8342,166,TT,34,LU,Kirsch Alex,https://www.procyclingstats.com/rider/alex-kirsch,Cofidis,,,",,",0,13133
12,75,finished,72,6919,36,Classic,35,LV,Skujiņš Toms,https://www.procyclingstats.com/rider/toms-skujins,Lidl - Trek,,,",,",0,13133
12,76,finished,120,8809,63,GC,35,NZ,Gate Aaron,https://www.procyclingstats.com/rider/aaron-gate,XDS Astana Team,,,",,",0,13133
12,77,finished,43,4651,186,Climber,33,FR,Martin Guillaume,https://www.procyclingstats.com/rider/guillaume-martin,Groupama - FDJ United,,,",,",0,13133
12,78,finished,173,10872,74,TT,35,PL,Gradek Kamil,https://www.procyclingstats.com/rider/kamil-gradek,Bahrain - Victorious,,,",,",0,13133
12,79,finished,104,8278,114,Classic,25,DE,Engelhardt Felix,https://www.procyclingstats.com/rider/felix-engelhardt,Team Jayco AlUla,,,",,",0,13133
12,80,finished,77,6991,208,Hills,25,FR,Vercher Mattéo,https://www.procyclingstats.com/rider/matheo-vercher,TotalEnergies,,,",,",0,13133
12,81,finished,52,5579,203,GC,26,FR,Delbove Joris,https://www.procyclingstats.com/rider/joris-delbove,TotalEnergies,,,",,",0,13133
12,82,finished,30,3199,37,TT,24,CZ,Vacek Mathias,https://www.procyclingstats.com/rider/mathias-vacek,Lidl - Trek,,,",,",0,13133
12,83,finished,17,973,102,Climber,23,BE,Debruyne Ramses,https://www.procyclingstats.com/rider/ramses-debruyne,Alpecin - Premier Tech,,,",,",0,13133
12,84,finished,174,11147,135,Classic,26,FR,Louvel Matis,https://www.procyclingstats.com/rider/matis-louvel,NSN Cycling Team,,,",,",0,13133
12,85,finished,169,10712,132,Classic,25,GB,Askey Lewis,https://www.procyclingstats.com/rider/lewis-askey,NSN Cycling Team,,,",,",0,13133
12,86,finished,154,10226,213,Sprint,23,CZ,Bittner Pavel,https://www.procyclingstats.com/rider/pavel-bittner,Team Picnic PostNL,,,",,",0,13133
12,87,finished,108,8395,211,Climber,34,FR,Barguil Warren,https://www.procyclingstats.com/rider/warren-barguil,Team Picnic PostNL,,,",,",0,13133
12,88,finished,161,10439,217,Sprint,29,NL,van den Berg Julius,https://www.procyclingstats.com/rider/julius-van-den-berg,Team Picnic PostNL,,,",,",0,13133
12,89,finished,95,7725,175,GC,33,AU,Howson Damien,https://www.procyclingstats.com/rider/damien-howson,Pinarello Q36.5 Pro Cycling Team,,,",,",0,13133
12,90,finished,38,4167,32,Climber,28,CA,Gee-West Derek,https://www.procyclingstats.com/rider/derek-gee,Lidl - Trek,,,",,",0,13133
12,91,finished,119,8783,106,Classic,31,BE,Planckaert Edward,https://www.procyclingstats.com/rider/edward-planckaert,Alpecin - Premier Tech,,,",,",0,13133
12,92,finished,118,8782,15,Classic,23,NO,Hagenes Per Strand,https://www.procyclingstats.com/rider/per-strand-hagenes,Team Visma | Lease a Bike,,,",,",0,13133
12,93,finished,82,7357,146,TT,37,PT,Oliveira Nelson,https://www.procyclingstats.com/rider/nelson-oliveira,Movistar Team,,,",,",0,13133
12,94,finished,125,8978,67,Classic,30,IT,Velasco Simone,https://www.procyclingstats.com/rider/simone-velasco,XDS Astana Team,,,",,",0,13133
12,95,finished,74,6943,98,GC,32,BE,Vervaeke Louis,https://www.procyclingstats.com/rider/louis-vervaeke,Soudal Quick-Step,,,",,",0,13133
12,96,finished,41,4388,228,GC,29,ES,Parra José Félix,https://www.procyclingstats.com/rider/jose-felix-parra,Caja Rural - Seguros RGA,,,",,",0,13133
12,97,finished,75,6967,187,Hills,34,FR,Pacher Quentin,https://www.procyclingstats.com/rider/quentin-pacher,Groupama - FDJ United,,,",,",0,13133
12,98,finished,45,4793,144,Climber,25,ES,García Pierna Raúl,https://www.procyclingstats.com/rider/raul-garcia-pierna,Movistar Team,,,",,",0,13133
12,99,finished,56,5865,147,GC,27,ES,Romo Javier,https://www.procyclingstats.com/rider/javier-romo,Movistar Team,,,",,",0,13133
12,100,finished,97,7956,26,TT,36,SI,Tratnik Jan,https://www.procyclingstats.com/rider/jan-tratnik,Red Bull - BORA - hansgrohe,,,",,",0,13133
12,101,finished,172,10786,162,Classic,31,BE,Allegaert Piet,https://www.procyclingstats.com/rider/piet-allegaert,Cofidis,,,",,",0,13133
12,102,finished,128,9166,167,Classic,24,FR,Page Hugo,https://www.procyclingstats.com/rider/hugo-page,Cofidis,,,",,",0,13133
12,103,finished,61,6029,22,TT,35,IT,Cattaneo Mattia,https://www.procyclingstats.com/rider/mattia-cattaneo,Red Bull - BORA - hansgrohe,,,",,",0,13133
12,104,finished,170,10715,62,Classic,31,IT,Ballerini Davide,https://www.procyclingstats.com/rider/davide-ballerini,XDS Astana Team,,,",,",0,13133
12,105,finished,27,2813,38,GC,33,ES,Verona Carlos,https://www.procyclingstats.com/rider/carlos-verona,Lidl - Trek,,,",,",0,13133
12,106,finished,51,5525,111,GC,30,AU,O'Connor Ben,https://www.procyclingstats.com/rider/ben-o-connor,Team Jayco AlUla,,,",,",0,13133
12,107,finished,132,9346,128,Classic,26,NO,Wærenskjold Søren,https://www.procyclingstats.com/rider/soren-waerenskjold,Uno-X Mobility,,,",,",0,13133
12,108,finished,92,7573,125,GC,26,NO,Johannessen Anders Halland,https://www.procyclingstats.com/rider/anders-halland-johannessen,Uno-X Mobility,,,",,",0,13133
12,109,finished,9,394,71,Climber,23,FR,Martinez Lenny,https://www.procyclingstats.com/rider/lenny-martinez,Bahrain - Victorious,,,",,",0,13133
12,110,finished,167,10696,72,Sprint,32,DE,Bauhaus Phil,https://www.procyclingstats.com/rider/phil-bauhaus,Bahrain - Victorious,,,",,",0,13133
12,111,finished,163,10483,214,Classic,37,DE,Degenkolb John,https://www.procyclingstats.com/rider/john-degenkolb,Team Picnic PostNL,,,",,",0,13133
12,112,finished,62,6114,154,GC,24,BE,Craps Lars,https://www.procyclingstats.com/rider/lars-craps,Lotto Intermarché,,,",,",0,13133
12,113,finished,25,2326,156,Climber,24,BE,Van Eetvelt Lennert,https://www.procyclingstats.com/rider/lennert-van-eetvelt,Lotto Intermarché,,,",,",0,13133
12,114,finished,113,8597,113,TT,35,AU,Durbridge Luke,https://www.procyclingstats.com/rider/luke-durbridge,Team Jayco AlUla,,,",,",0,13133
12,115,finished,112,8585,134,Climber,26,IT,Frigo Marco,https://www.procyclingstats.com/rider/marco-frigo,NSN Cycling Team,,,",,",0,13133
12,116,finished,153,10149,104,Sprint,25,NL,Marsman Tim,https://www.procyclingstats.com/rider/tim-marsman,Alpecin - Premier Tech,,,",,",0,13133
12,117,finished,117,8745,168,TT,30,FR,Thomas Benjamin,https://www.procyclingstats.com/rider/benjamin-thomas-2,Cofidis,,,",,",0,13133
12,118,finished,71,6860,47,Classic,34,DK,Valgren Michael,https://www.procyclingstats.com/rider/michael-valgren-andersen,EF Education - EasyPost,,,",,",0,13133
12,119,finished,96,7913,13,TT,32,FR,Armirail Bruno,https://www.procyclingstats.com/rider/bruno-armirail,Team Visma | Lease a Bike,,,",,",0,13133
12,120,finished,73,6919,206,Hills,25,FR,Le Berre Mathis,https://www.procyclingstats.com/rider/mathis-le-berre,TotalEnergies,,,",,",0,13133
12,121,finished,93,7628,117,GC,25,AU,Plapp Luke,https://www.procyclingstats.com/rider/luke-plapp,Team Jayco AlUla,,,",,",0,13133
12,122,finished,34,3946,43,Climber,25,FR,Baudin Alex,https://www.procyclingstats.com/rider/alex-baudin,EF Education - EasyPost,,,",,",0,13133
12,123,finished,55,5758,222,GC,26,ES,Balderstone Abel,https://www.procyclingstats.com/rider/abel-balderstone-roumens,Caja Rural - Seguros RGA,,,",,",0,13133
12,124,finished,11,735,81,GC,29,CO,Bernal Egan,https://www.procyclingstats.com/rider/egan-bernal,Netcompany INEOS,,,",,",0,13133
12,125,finished,98,7972,122,Classic,30,NO,Abrahamsen Jonas,https://www.procyclingstats.com/rider/jonas-abrahamsen,Uno-X Mobility,,,",,",0,13133
12,126,finished,50,5455,126,Classic,31,NO,Skaarseth Anders,https://www.procyclingstats.com/rider/anders-skaarseth,Uno-X Mobility,,,",,",0,13133
12,127,finished,103,8159,48,TT,25,GB,Walker Max,https://www.procyclingstats.com/rider/max-walker,EF Education - EasyPost,,,",,",0,13133
12,128,finished,79,7033,163,Classic,30,ES,Aranburu Alex,https://www.procyclingstats.com/rider/alex-aranburu,Cofidis,,,",,",0,13133
12,129,finished,90,7554,44,Climber,25,IE,Healy Ben,https://www.procyclingstats.com/rider/ben-healy,EF Education - EasyPost,,,",,",0,13133
12,130,finished,39,4304,148,Climber,28,CO,Rubio Einer,https://www.procyclingstats.com/rider/einer-rubio,Movistar Team,,,",,",0,13133
12,131,finished,40,4323,61,Climber,28,CO,Higuita Sergio,https://www.procyclingstats.com/rider/sergio-higuita,XDS Astana Team,,,",,",0,13133
12,132,finished,123,8925,86,Classic,36,PL,Kwiatkowski Michał,https://www.procyclingstats.com/rider/michal-kwiatkowski,Netcompany INEOS,,,",,",0,13133
12,133,finished,80,7109,158,Classic,28,DE,Zimmermann Georg,https://www.procyclingstats.com/rider/georg-zimmermann,Lotto Intermarché,,,",,",0,13133
12,134,finished,28,3008,82,GC,26,NL,Arensman Thymen,https://www.procyclingstats.com/rider/thymen-arensman,Netcompany INEOS,,,",,",0,13133
12,135,finished,49,5318,83,TT,29,NO,Foss Tobias,https://www.procyclingstats.com/rider/tobias-foss,Netcompany INEOS,,,",,",0,13133
12,136,finished,149,10001,87,TT,22,GB,Tarling Joshua,https://www.procyclingstats.com/rider/joshua-tarling,Netcompany INEOS,,,",,",0,13133
12,137,finished,46,4889,194,Classic,27,CH,Hirschi Marc,https://www.procyclingstats.com/rider/marc-hirschi,Tudor Pro Cycling Team,,,",,",0,13133
12,138,finished,88,7508,14,TT,34,BE,Campenaerts Victor,https://www.procyclingstats.com/rider/victor-campenaerts,Team Visma | Lease a Bike,,,",,",0,13133
12,139,finished,131,9306,68,GC,24,KZ,Vinokurov Nicolas,https://www.procyclingstats.com/rider/nicolas-vinokurov,XDS Astana Team,,,",,",0,13133
12,140,finished,48,5089,202,GC,26,FR,Breuillard Nicolas,https://www.procyclingstats.com/rider/nicolas-breuillard,TotalEnergies,,,",,",0,13133
12,141,finished,78,6997,143,GC,30,EC,Cepeda Jefferson Alveiro,https://www.procyclingstats.com/rider/jefferson-cepeda-hernandez,Movistar Team,,,",,",0,13133
12,142,finished,44,4662,161,GC,37,ES,Izagirre Ion,https://www.procyclingstats.com/rider/ion-izagirre,Cofidis,,,",,",0,13133
12,143,finished,86,7427,218,GC,25,NL,van den Broek Frank,https://www.procyclingstats.com/rider/frank-van-den-broek,Team Picnic PostNL,,,",,",0,13133
12,144,finished,84,7405,78,Sprint,22,BE,Van Mechelen Vlad,https://www.procyclingstats.com/rider/vlad-van-mechelen,Bahrain - Victorious,,,",,",0,13133
12,145,finished,31,3255,65,Climber,29,CO,Tejada Harold,https://www.procyclingstats.com/rider/harold-tejada,XDS Astana Team,,,3:26,206,13339
12,146,finished,114,8607,196,Climber,29,AU,Storer Michael,https://www.procyclingstats.com/rider/michael-storer,Tudor Pro Cycling Team,,,",,",206,13339
12,147,finished,107,8348,223,GC,26,AU,Berwick Sebastian,https://www.procyclingstats.com/rider/sebastian-berwick,Caja Rural - Seguros RGA,,,",,",206,13339
12,148,finished,126,8979,85,Hills,30,FR,Godon Dorian,https://www.procyclingstats.com/rider/dorian-godon,Netcompany INEOS,,,*0:00,0,13133
12,149,finished,36,3976,88,GC,25,FR,Vauquelin Kévin,https://www.procyclingstats.com/rider/kevin-vauquelin,Netcompany INEOS,,,"*,,",0,13133
12,150,finished,121,8865,172,TT,27,ES,Azparren Xabier Mikel,https://www.procyclingstats.com/rider/xabier-mikel-azparren-irurzun,Pinarello Q36.5 Pro Cycling Team,,,3:53,233,13366
12,151,finished,165,10641,221,Sprint,31,CO,Gaviria Fernando,https://www.procyclingstats.com/rider/fernando-gaviria,Caja Rural - Seguros RGA,,,*0:00,0,13133
12,152,finished,136,9447,226,Hills,28,IT,Oldani Stefano,https://www.procyclingstats.com/rider/stefano-oldani,Caja Rural - Seguros RGA,,,"*,,",0,13133
12,153,finished,155,10268,215,GC,22,BE,Dhondt Robbe,https://www.procyclingstats.com/rider/robbe-dhondt,Team Picnic PostNL,,,4:16,256,13389
12,154,finished,143,9667,95,Classic,34,NL,van Baarle Dylan,https://www.procyclingstats.com/rider/dylan-van-baarle,Soudal Quick-Step,,,4:59,299,13432
12,155,finished,101,8111,153,Classic,25,BE,Berckmoes Jenno,https://www.procyclingstats.com/rider/jenno-berckmoes,Lotto Intermarché,,,*0:00,0,13133
12,156,finished,151,10066,155,GC,25,BE,Slock Liam,https://www.procyclingstats.com/rider/liam-slock,Lotto Intermarché,,,"*,,",0,13133
12,157,finished,47,5072,93,Climber,25,FR,Paret-Peintre Valentin,https://www.procyclingstats.com/rider/valentin-paret-peintre,Soudal Quick-Step,,,5:37,337,13470
12,158,finished,100,8039,23,Hills,32,DE,Denz Nico,https://www.procyclingstats.com/rider/nico-denz,Red Bull - BORA - hansgrohe,,,",,",337,13470
12,159,finished,138,9538,212,Classic,24,NL,Biesterbos Frits,https://www.procyclingstats.com/rider/frits-biesterbos,Team Picnic PostNL,,,",,",337,13470
12,160,finished,129,9233,84,TT,29,IT,Ganna Filippo,https://www.procyclingstats.com/rider/filippo-ganna,Netcompany INEOS,,,7:18,438,13571
12,161,finished,159,10396,157,Hills,26,FR,Veistroffer Baptiste,https://www.procyclingstats.com/rider/baptiste-veistroffer,Lotto Intermarché,,,7:46,466,13599
12,162,finished,57,5951,7,GC,35,BE,Wellens Tim,https://www.procyclingstats.com/rider/tim-wellens,UAE Team Emirates - XRG,,,",,",466,13599
12,163,finished,157,10370,216,Sprint,27,DE,Märkl Niklas,https://www.procyclingstats.com/rider/niklas-markl,Team Picnic PostNL,,,",,",466,13599
12,164,finished,134,9381,225,Hills,28,ES,Nicolau Joel,https://www.procyclingstats.com/rider/joel-nicolau,Caja Rural - Seguros RGA,,,",,",466,13599
12,165,finished,147,9868,191,Classic,34,FR,Alaphilippe Julian,https://www.procyclingstats.com/rider/julian-alaphilippe,Tudor Pro Cycling Team,,,",,",466,13599
12,166,finished,139,9570,46,Climber,24,DE,Steinhauser Georg,https://www.procyclingstats.com/rider/georg-steinhauser,EF Education - EasyPost,,,",,",466,13599
12,167,finished,32,3348,16,GC,27,US,Jorgenson Matteo,https://www.procyclingstats.com/rider/matteo-jorgenson,Team Visma | Lease a Bike,,,",,",466,13599
12,168,finished,127,9099,108,Climber,24,BE,Verstrynge Emiel,https://www.procyclingstats.com/rider/emiel-verstrynge,Alpecin - Premier Tech,,,",,",466,13599
12,169,finished,141,9600,136,Classic,31,LV,Neilands Krists,https://www.procyclingstats.com/rider/krists-neilands,NSN Cycling Team,,,",,",466,13599
12,170,finished,156,10343,103,Classic,35,CH,Dillier Silvan,https://www.procyclingstats.com/rider/silvan-dillier,Alpecin - Premier Tech,,,",,",466,13599
12,171,finished,135,9389,227,GC,28,CZ,Otruba Jakub,https://www.procyclingstats.com/rider/jakub-otruba,Caja Rural - Seguros RGA,,,",,",466,13599
12,172,finished,152,10144,92,Classic,29,NL,Eenkhoorn Pascal,https://www.procyclingstats.com/rider/pascal-eenkhoorn,Soudal Quick-Step,,,",,",466,13599
12,173,finished,76,6968,184,GC,23,FR,Costiou Ewen,https://www.procyclingstats.com/rider/ewen-costiou,Groupama - FDJ United,,,",,",466,13599
12,174,finished,91,7571,133,GC,36,NZ,Bennett George,https://www.procyclingstats.com/rider/george-bennett,NSN Cycling Team,,,",,",466,13599
13,1,finished,67,6813,118,Hills,26,CH,Schmid Mauro,https://www.procyclingstats.com/rider/mauro-schmid,Team Jayco AlUla,210.0,100.0,4:06:58,0,14818
13,2,finished,26,2797,65,Climber,29,CO,Tejada Harold,https://www.procyclingstats.com/rider/harold-tejada,XDS Astana Team,150.0,70.0,",,",0,14818
13,3,finished,4,255,171,Classic,26,GB,Pidcock Tom,https://www.procyclingstats.com/rider/tom-pidcock,Pinarello Q36.5 Pro Cycling Team,110.0,50.0,0:02,2,14820
13,4,finished,51,5186,28,Classic,26,BE,Van Gils Maxim,https://www.procyclingstats.com/rider/maxim-van-gils,Red Bull - BORA - hansgrohe,90.0,40.0,",,",2,14820
13,5,finished,21,1111,4,GC,28,US,McNulty Brandon,https://www.procyclingstats.com/rider/brandon-mcnulty,UAE Team Emirates - XRG,70.0,32.0,",,",2,14820
13,6,finished,31,3526,88,GC,25,FR,Vauquelin Kévin,https://www.procyclingstats.com/rider/kevin-vauquelin,Netcompany INEOS,55.0,26.0,",,",2,14820
13,7,finished,11,626,201,Climber,27,FR,Jegat Jordan,https://www.procyclingstats.com/rider/jordan-jegat,TotalEnergies,45.0,22.0,",,",2,14820
13,8,finished,50,5183,183,Climber,26,FR,Braz Afonso Clément,https://www.procyclingstats.com/rider/clement-braz-afonso,Groupama - FDJ United,40.0,18.0,",,",2,14820
13,9,finished,54,5501,7,GC,35,BE,Wellens Tim,https://www.procyclingstats.com/rider/tim-wellens,UAE Team Emirates - XRG,35.0,14.0,",,",2,14820
13,10,finished,76,7187,117,GC,25,AU,Plapp Luke,https://www.procyclingstats.com/rider/luke-plapp,Team Jayco AlUla,30.0,10.0,0:11,11,14829
13,11,finished,39,4398,144,Climber,25,ES,García Pierna Raúl,https://www.procyclingstats.com/rider/raul-garcia-pierna,Movistar Team,25.0,8.0,0:57,57,14875
13,12,finished,64,6467,47,Classic,34,DK,Valgren Michael,https://www.procyclingstats.com/rider/michael-valgren-andersen,EF Education - EasyPost,20.0,6.0,0:59,59,14877
13,13,finished,61,6346,115,Classic,35,AU,Matthews Michael,https://www.procyclingstats.com/rider/michael-matthews,Team Jayco AlUla,15.0,4.0,1:01,61,14879
13,14,finished,44,4698,202,GC,26,FR,Breuillard Nicolas,https://www.procyclingstats.com/rider/nicolas-breuillard,TotalEnergies,10.0,2.0,",,",61,14879
13,15,finished,40,4498,194,Classic,27,CH,Hirschi Marc,https://www.procyclingstats.com/rider/marc-hirschi,Tudor Pro Cycling Team,5.0,1.0,",,",61,14879
13,16,finished,74,7180,133,GC,36,NZ,Bennett George,https://www.procyclingstats.com/rider/george-bennett,NSN Cycling Team,,,",,",61,14879
13,17,finished,55,5723,154,GC,24,BE,Craps Lars,https://www.procyclingstats.com/rider/lars-craps,Lotto Intermarché,,,",,",61,14879
13,18,finished,38,4273,161,GC,37,ES,Izagirre Ion,https://www.procyclingstats.com/rider/ion-izagirre,Cofidis,,,1:03,63,14881
13,19,finished,48,5141,111,GC,30,AU,O'Connor Ben,https://www.procyclingstats.com/rider/ben-o-connor,Team Jayco AlUla,,,1:08,68,14886
13,20,finished,93,8190,124,Hills,33,DK,Cort Magnus,https://www.procyclingstats.com/rider/magnus-cort-nielsen,Uno-X Mobility,,,2:23,143,14961
13,21,finished,66,6724,163,Classic,30,ES,Aranburu Alex,https://www.procyclingstats.com/rider/alex-aranburu,Cofidis,,,",,",143,14961
13,22,finished,35,4079,228,GC,29,ES,Parra José Félix,https://www.procyclingstats.com/rider/jose-felix-parra,Caja Rural - Seguros RGA,,,",,",143,14961
13,23,finished,72,7104,195,Hills,25,NL,Pluimers Rick,https://www.procyclingstats.com/rider/rick-pluimers,Tudor Pro Cycling Team,,,",,",143,14961
13,24,finished,106,8792,108,Climber,24,BE,Verstrynge Emiel,https://www.procyclingstats.com/rider/emiel-verstrynge,Alpecin - Premier Tech,,,2:25,145,14963
13,25,finished,134,10015,215,GC,22,BE,Dhondt Robbe,https://www.procyclingstats.com/rider/robbe-dhondt,Team Picnic PostNL,,,3:19,199,15017
13,26,finished,56,5727,181,Classic,23,FR,Grégoire Romain,https://www.procyclingstats.com/rider/romain-gregoire,Groupama - FDJ United,,,",,",199,15017
13,27,finished,53,5326,203,GC,26,FR,Delbove Joris,https://www.procyclingstats.com/rider/joris-delbove,TotalEnergies,,,",,",199,15017
13,28,finished,116,9208,68,GC,24,KZ,Vinokurov Nicolas,https://www.procyclingstats.com/rider/nicolas-vinokurov,XDS Astana Team,,,5:54,354,15172
13,29,finished,102,8647,168,TT,30,FR,Thomas Benjamin,https://www.procyclingstats.com/rider/benjamin-thomas-2,Cofidis,,,",,",354,15172
13,30,finished,69,6893,208,Hills,25,FR,Vercher Mattéo,https://www.procyclingstats.com/rider/matheo-vercher,TotalEnergies,,,",,",354,15172
13,31,finished,81,7492,44,Climber,25,IE,Healy Ben,https://www.procyclingstats.com/rider/ben-healy,EF Education - EasyPost,,,6:30,390,15208
13,32,finished,70,6913,187,Hills,34,FR,Pacher Quentin,https://www.procyclingstats.com/rider/quentin-pacher,Groupama - FDJ United,,,6:38,398,15216
13,33,finished,36,4151,34,Hills,25,US,Simmons Quinn,https://www.procyclingstats.com/rider/quinn-simmons,Lidl - Trek,,,7:32,452,15270
13,34,finished,3,246,21,Climber,26,BE,Evenepoel Remco,https://www.procyclingstats.com/rider/remco-evenepoel,Red Bull - BORA - hansgrohe,,,",,",452,15270
13,35,finished,30,3144,24,Climber,30,AU,Hindley Jai,https://www.procyclingstats.com/rider/jai-hindley,Red Bull - BORA - hansgrohe,,,",,",452,15270
13,36,finished,7,284,25,GC,25,DE,Lipowitz Florian,https://www.procyclingstats.com/rider/florian-lipowitz,Red Bull - BORA - hansgrohe,,,",,",452,15270
13,37,finished,20,1106,8,Climber,33,GB,Yates Adam,https://www.procyclingstats.com/rider/adam-yates,UAE Team Emirates - XRG,,,",,",452,15270
13,38,finished,1,0,1,Climber,27,SI,Pogačar Tadej,https://www.procyclingstats.com/rider/tadej-pogacar,UAE Team Emirates - XRG,,,",,",452,15270
13,39,finished,8,308,2,Climber,22,MX,del Toro Isaac,https://www.procyclingstats.com/rider/isaac-del-toro,UAE Team Emirates - XRG,,,",,",452,15270
13,40,finished,105,8782,15,Classic,23,NO,Hagenes Per Strand,https://www.procyclingstats.com/rider/per-strand-hagenes,Team Visma | Lease a Bike,,,",,",452,15270
13,41,finished,2,216,11,GC,29,DK,Vingegaard Jonas,https://www.procyclingstats.com/rider/jonas-vingegaard,Team Visma | Lease a Bike,,,",,",452,15270
13,42,finished,84,7508,14,TT,34,BE,Campenaerts Victor,https://www.procyclingstats.com/rider/victor-campenaerts,Team Visma | Lease a Bike,,,",,",452,15270
13,43,finished,14,818,18,GC,24,IT,Piganzoli Davide,https://www.procyclingstats.com/rider/davide-piganzoli,Team Visma | Lease a Bike,,,",,",452,15270
13,44,finished,22,1252,17,Climber,31,US,Kuss Sepp,https://www.procyclingstats.com/rider/sepp-kuss,Team Visma | Lease a Bike,,,",,",452,15270
13,45,finished,37,4167,32,Climber,28,CA,Gee-West Derek,https://www.procyclingstats.com/rider/derek-gee,Lidl - Trek,,,",,",452,15270
13,46,finished,9,345,35,Climber,25,DK,Skjelmose Mattias,https://www.procyclingstats.com/rider/mattias-skjelmose-jensen,Lidl - Trek,,,",,",452,15270
13,47,finished,5,262,31,Climber,23,ES,Ayuso Juan,https://www.procyclingstats.com/rider/juan-ayuso-pesquera,Lidl - Trek,,,",,",452,15270
13,48,finished,27,2813,38,GC,33,ES,Verona Carlos,https://www.procyclingstats.com/rider/carlos-verona,Lidl - Trek,,,",,",452,15270
13,49,finished,24,1997,52,Classic,32,BE,Benoot Tiesj,https://www.procyclingstats.com/rider/tiesj-benoot,Decathlon CMA CGM Team,,,",,",452,15270
13,50,finished,25,2548,57,GC,29,FR,Prodhomme Nicolas,https://www.procyclingstats.com/rider/nicolas-prodhomme,Decathlon CMA CGM Team,,,",,",452,15270
13,51,finished,6,275,51,Climber,19,FR,Seixas Paul,https://www.procyclingstats.com/rider/paul-seixas,Decathlon CMA CGM Team,,,",,",452,15270
13,52,finished,58,5978,58,Climber,24,US,Riccitello Matthew,https://www.procyclingstats.com/rider/matthew-riccitello,Decathlon CMA CGM Team,,,",,",452,15270
13,53,finished,52,5318,83,TT,29,NO,Foss Tobias,https://www.procyclingstats.com/rider/tobias-foss,Netcompany INEOS,,,",,",452,15270
13,54,finished,29,3008,82,GC,26,NL,Arensman Thymen,https://www.procyclingstats.com/rider/thymen-arensman,Netcompany INEOS,,,",,",452,15270
13,55,finished,12,735,81,GC,29,CO,Bernal Egan,https://www.procyclingstats.com/rider/egan-bernal,Netcompany INEOS,,,",,",452,15270
13,56,finished,59,6029,22,TT,35,IT,Cattaneo Mattia,https://www.procyclingstats.com/rider/mattia-cattaneo,Red Bull - BORA - hansgrohe,,,",,",452,15270
13,57,finished,87,7573,125,GC,26,NO,Johannessen Anders Halland,https://www.procyclingstats.com/rider/anders-halland-johannessen,Uno-X Mobility,,,",,",452,15270
13,58,finished,15,890,121,Climber,26,NO,Johannessen Tobias Halland,https://www.procyclingstats.com/rider/tobias-halland-johannessen,Uno-X Mobility,,,",,",452,15270
13,59,finished,19,1063,41,Climber,33,EC,Carapaz Richard,https://www.procyclingstats.com/rider/richard-carapaz,EF Education - EasyPost,,,",,",452,15270
13,60,finished,13,763,97,GC,26,BE,Van Wilder Ilan,https://www.procyclingstats.com/rider/ilan-van-wilder,Soudal Quick-Step,,,",,",452,15270
13,61,finished,16,908,45,GC,26,US,Quinn Sean,https://www.procyclingstats.com/rider/sean-quinn,EF Education - EasyPost,,,",,",452,15270
13,62,finished,95,8316,75,Classic,31,SI,Mohorič Matej,https://www.procyclingstats.com/rider/matej-mohoric,Bahrain - Victorious,,,",,",452,15270
13,63,finished,17,936,198,GC,27,CH,Voisard Yannis,https://www.procyclingstats.com/rider/yannis-voisard,Tudor Pro Cycling Team,,,",,",452,15270
13,64,finished,10,394,71,Climber,23,FR,Martinez Lenny,https://www.procyclingstats.com/rider/lenny-martinez,Bahrain - Victorious,,,",,",452,15270
13,65,finished,62,6348,176,GC,34,BE,Meurisse Xandro,https://www.procyclingstats.com/rider/xandro-meurisse,Pinarello Q36.5 Pro Cycling Team,,,",,",452,15270
13,66,finished,57,5758,222,GC,26,ES,Balderstone Abel,https://www.procyclingstats.com/rider/abel-balderstone-roumens,Caja Rural - Seguros RGA,,,",,",452,15270
13,67,finished,18,973,102,Climber,23,BE,Debruyne Ramses,https://www.procyclingstats.com/rider/ramses-debruyne,Alpecin - Premier Tech,,,",,",452,15270
13,68,finished,79,7357,146,TT,37,PT,Oliveira Nelson,https://www.procyclingstats.com/rider/nelson-oliveira,Movistar Team,,,",,",452,15270
13,69,finished,43,4651,186,Climber,33,FR,Martin Guillaume,https://www.procyclingstats.com/rider/guillaume-martin,Groupama - FDJ United,,,",,",452,15270
13,70,finished,80,7420,78,Sprint,22,BE,Van Mechelen Vlad,https://www.procyclingstats.com/rider/vlad-van-mechelen,Bahrain - Victorious,,,7:47,467,15285
13,71,finished,124,9718,27,Classic,26,NL,van Dijke Tim,https://www.procyclingstats.com/rider/tim-van-dijke,Red Bull - BORA - hansgrohe,,,8:14,494,15312
13,72,finished,82,7501,42,TT,31,DK,Asgreen Kasper,https://www.procyclingstats.com/rider/kasper-asgreen,EF Education - EasyPost,,,8:21,501,15319
13,73,finished,32,3774,174,Hills,30,BE,Hermans Quinten,https://www.procyclingstats.com/rider/quinten-hermans,Pinarello Q36.5 Pro Cycling Team,,,8:37,517,15335
13,74,finished,120,9543,226,Hills,28,IT,Oldani Stefano,https://www.procyclingstats.com/rider/stefano-oldani,Caja Rural - Seguros RGA,,,9:08,548,15366
13,75,finished,49,5182,93,Climber,25,FR,Paret-Peintre Valentin,https://www.procyclingstats.com/rider/valentin-paret-peintre,Soudal Quick-Step,,,9:22,562,15380
13,76,finished,108,8934,145,Hills,25,DE,Hessmann Michel,https://www.procyclingstats.com/rider/michel-hessmann,Movistar Team,,,14:03,843,15661
13,77,finished,96,8363,122,Classic,30,NO,Abrahamsen Jonas,https://www.procyclingstats.com/rider/jonas-abrahamsen,Uno-X Mobility,,,",,",843,15661
13,78,finished,90,7923,188,Classic,31,FR,Russo Clément,https://www.procyclingstats.com/rider/clement-russo,Groupama - FDJ United,,,14:21,861,15679
13,79,finished,75,7184,185,GC,24,IT,Germani Lorenzo,https://www.procyclingstats.com/rider/lorenzo-germani,Groupama - FDJ United,,,",,",861,15679
13,80,finished,117,9269,106,Classic,31,BE,Planckaert Edward,https://www.procyclingstats.com/rider/edward-planckaert,Alpecin - Premier Tech,,,15:38,938,15756
13,81,finished,139,10190,131,Classic,26,ER,Girmay Biniam,https://www.procyclingstats.com/rider/biniam-girmay,NSN Cycling Team,,,17:14,1034,15852
13,82,finished,160,11297,62,Classic,31,IT,Ballerini Davide,https://www.procyclingstats.com/rider/davide-ballerini,XDS Astana Team,,,",,",1034,15852
13,83,finished,46,4907,61,Climber,28,CO,Higuita Sergio,https://www.procyclingstats.com/rider/sergio-higuita,XDS Astana Team,,,17:16,1036,15854
13,84,finished,68,6831,73,GC,38,IT,Caruso Damiano,https://www.procyclingstats.com/rider/damiano-caruso,Bahrain - Victorious,,,17:19,1039,15857
13,85,finished,137,10157,46,Climber,24,DE,Steinhauser Georg,https://www.procyclingstats.com/rider/georg-steinhauser,EF Education - EasyPost,,,",,",1039,15857
13,86,finished,63,6452,147,GC,27,ES,Romo Javier,https://www.procyclingstats.com/rider/javier-romo,Movistar Team,,,",,",1039,15857
13,87,finished,143,10453,12,TT,30,IT,Affini Edoardo,https://www.procyclingstats.com/rider/edoardo-affini,Team Visma | Lease a Bike,,,",,",1039,15857
13,88,finished,113,9172,134,Climber,26,IT,Frigo Marco,https://www.procyclingstats.com/rider/marco-frigo,NSN Cycling Team,,,",,",1039,15857
13,89,finished,99,8543,26,TT,36,SI,Tratnik Jan,https://www.procyclingstats.com/rider/jan-tratnik,Red Bull - BORA - hansgrohe,,,",,",1039,15857
13,90,finished,94,8312,175,GC,33,AU,Howson Damien,https://www.procyclingstats.com/rider/damien-howson,Pinarello Q36.5 Pro Cycling Team,,,",,",1039,15857
13,91,finished,131,9857,178,Hills,27,GB,Wright Fred,https://www.procyclingstats.com/rider/alfred-wright,Pinarello Q36.5 Pro Cycling Team,,,",,",1039,15857
13,92,finished,41,4533,43,Climber,25,FR,Baudin Alex,https://www.procyclingstats.com/rider/alex-baudin,EF Education - EasyPost,,,",,",1039,15857
13,93,finished,34,3935,16,GC,27,US,Jorgenson Matteo,https://www.procyclingstats.com/rider/matteo-jorgenson,Team Visma | Lease a Bike,,,",,",1039,15857
13,94,finished,47,4999,77,GC,25,IT,Tiberi Antonio,https://www.procyclingstats.com/rider/antonio-tiberi,Bahrain - Victorious,,,",,",1039,15857
13,95,finished,98,8500,13,TT,32,FR,Armirail Bruno,https://www.procyclingstats.com/rider/bruno-armirail,Team Visma | Lease a Bike,,,",,",1039,15857
13,96,finished,107,8865,114,Classic,25,DE,Engelhardt Felix,https://www.procyclingstats.com/rider/felix-engelhardt,Team Jayco AlUla,,,",,",1039,15857
13,97,finished,73,7105,204,Classic,28,FR,Delettre Alexandre,https://www.procyclingstats.com/rider/alexandre-delettre,TotalEnergies,,,",,",1039,15857
13,98,finished,85,7530,98,GC,32,BE,Vervaeke Louis,https://www.procyclingstats.com/rider/louis-vervaeke,Soudal Quick-Step,,,",,",1039,15857
13,99,finished,133,9976,227,GC,28,CZ,Otruba Jakub,https://www.procyclingstats.com/rider/jakub-otruba,Caja Rural - Seguros RGA,,,",,",1039,15857
13,100,finished,151,10813,213,Sprint,23,CZ,Bittner Pavel,https://www.procyclingstats.com/rider/pavel-bittner,Team Picnic PostNL,,,",,",1039,15857
13,101,finished,104,8746,48,TT,25,GB,Walker Max,https://www.procyclingstats.com/rider/max-walker,EF Education - EasyPost,,,",,",1039,15857
13,102,finished,110,8982,211,Climber,34,FR,Barguil Warren,https://www.procyclingstats.com/rider/warren-barguil,Team Picnic PostNL,,,",,",1039,15857
13,103,finished,154,10957,216,Sprint,27,DE,Märkl Niklas,https://www.procyclingstats.com/rider/niklas-markl,Team Picnic PostNL,,,",,",1039,15857
13,104,finished,92,7977,5,Classic,32,DE,Politt Nils,https://www.procyclingstats.com/rider/nils-politt,UAE Team Emirates - XRG,,,",,",1039,15857
13,105,finished,155,10975,112,Sprint,32,DE,Ackermann Pascal,https://www.procyclingstats.com/rider/pascal-ackermann,Team Jayco AlUla,,,",,",1039,15857
13,106,finished,157,11070,214,Classic,37,DE,Degenkolb John,https://www.procyclingstats.com/rider/john-degenkolb,Team Picnic PostNL,,,",,",1039,15857
13,107,finished,149,10731,92,Classic,29,NL,Eenkhoorn Pascal,https://www.procyclingstats.com/rider/pascal-eenkhoorn,Soudal Quick-Step,,,",,",1039,15857
13,108,finished,86,7555,184,GC,23,FR,Costiou Ewen,https://www.procyclingstats.com/rider/ewen-costiou,Groupama - FDJ United,,,",,",1039,15857
13,109,finished,65,6558,56,GC,30,FR,Paret-Peintre Aurélien,https://www.procyclingstats.com/rider/aurelien-paret-peintre,Decathlon CMA CGM Team,,,",,",1039,15857
13,110,finished,136,10043,54,TT,27,NL,Hoole Daan,https://www.procyclingstats.com/rider/daan-hoole,Decathlon CMA CGM Team,,,",,",1039,15857
13,111,finished,138,10187,136,Classic,31,LV,Neilands Krists,https://www.procyclingstats.com/rider/krists-neilands,NSN Cycling Team,,,",,",1039,15857
13,112,finished,147,10653,155,GC,25,BE,Slock Liam,https://www.procyclingstats.com/rider/liam-slock,Lotto Intermarché,,,",,",1039,15857
13,113,finished,28,2913,156,Climber,25,BE,Van Eetvelt Lennert,https://www.procyclingstats.com/rider/lennert-van-eetvelt,Lotto Intermarché,,,",,",1039,15857
13,114,finished,45,4891,148,Climber,28,CO,Rubio Einer,https://www.procyclingstats.com/rider/einer-rubio,Movistar Team,,,",,",1039,15857
13,115,finished,111,9142,205,TT,28,FR,Guernalec Thibault,https://www.procyclingstats.com/rider/thibault-guernalec,TotalEnergies,,,",,",1039,15857
13,116,finished,78,7273,94,Classic,34,BE,Stuyven Jasper,https://www.procyclingstats.com/rider/jasper-stuyven,Soudal Quick-Step,,,",,",1039,15857
13,117,finished,100,8566,177,Classic,28,BE,Van Moer Brent,https://www.procyclingstats.com/rider/brent-van-moer,Pinarello Q36.5 Pro Cycling Team,,,",,",1039,15857
13,118,finished,132,9968,225,Hills,28,ES,Nicolau Joel,https://www.procyclingstats.com/rider/joel-nicolau,Caja Rural - Seguros RGA,,,",,",1039,15857
13,119,finished,141,10350,138,Sprint,36,BE,Van Asbroeck Tom,https://www.procyclingstats.com/rider/tom-van-asbroeck,NSN Cycling Team,,,",,",1039,15857
13,120,finished,166,11734,135,Classic,26,FR,Louvel Matis,https://www.procyclingstats.com/rider/matis-louvel,NSN Cycling Team,,,",,",1039,15857
13,121,finished,122,9565,67,Classic,30,IT,Velasco Simone,https://www.procyclingstats.com/rider/simone-velasco,XDS Astana Team,,,",,",1039,15857
13,122,finished,88,7584,143,GC,30,EC,Cepeda Jefferson Alveiro,https://www.procyclingstats.com/rider/jefferson-cepeda-hernandez,Movistar Team,,,",,",1039,15857
13,123,finished,89,7696,158,Classic,28,DE,Zimmermann Georg,https://www.procyclingstats.com/rider/georg-zimmermann,Lotto Intermarché,,,",,",1039,15857
13,124,finished,144,10455,191,Classic,34,FR,Alaphilippe Julian,https://www.procyclingstats.com/rider/julian-alaphilippe,Tudor Pro Cycling Team,,,",,",1039,15857
13,125,finished,159,11117,193,Classic,35,AT,Haller Marco,https://www.procyclingstats.com/rider/marco-haller,Tudor Pro Cycling Team,,,",,",1039,15857
13,126,finished,109,8935,223,GC,26,AU,Berwick Sebastian,https://www.procyclingstats.com/rider/sebastian-berwick,Caja Rural - Seguros RGA,,,",,",1039,15857
13,127,finished,119,9452,172,TT,27,ES,Azparren Xabier Mikel,https://www.procyclingstats.com/rider/xabier-mikel-azparren-irurzun,Pinarello Q36.5 Pro Cycling Team,,,",,",1039,15857
13,128,finished,23,1819,142,Climber,25,ES,Castrillo Pablo,https://www.procyclingstats.com/rider/pablo-castrillo-zapater,Movistar Team,,,",,",1039,15857
13,129,finished,128,9820,84,TT,29,IT,Ganna Filippo,https://www.procyclingstats.com/rider/filippo-ganna,Netcompany INEOS,,,",,",1039,15857
13,130,finished,156,11058,137,Hills,26,GB,Stewart Jake,https://www.procyclingstats.com/rider/jake-stewart,NSN Cycling Team,,,",,",1039,15857
13,131,finished,114,9184,113,TT,35,AU,Durbridge Luke,https://www.procyclingstats.com/rider/luke-durbridge,Team Jayco AlUla,,,",,",1039,15857
13,132,finished,121,9547,107,Classic,32,BE,Rickaert Jonas,https://www.procyclingstats.com/rider/jonas-rickaert,Alpecin - Premier Tech,,,",,",1039,15857
13,133,finished,83,7506,36,Classic,35,LV,Skujiņš Toms,https://www.procyclingstats.com/rider/toms-skujins,Lidl - Trek,,,",,",1039,15857
13,134,finished,153,10930,103,Classic,35,CH,Dillier Silvan,https://www.procyclingstats.com/rider/silvan-dillier,Alpecin - Premier Tech,,,",,",1039,15857
13,135,finished,42,4549,3,GC,32,AT,Großschartner Felix,https://www.procyclingstats.com/rider/felix-grossschartner,UAE Team Emirates - XRG,,,",,",1039,15857
13,136,finished,33,3786,37,TT,24,CZ,Vacek Mathias,https://www.procyclingstats.com/rider/mathias-vacek,Lidl - Trek,,,",,",1039,15857
13,137,finished,101,8626,23,Hills,32,DE,Denz Nico,https://www.procyclingstats.com/rider/nico-denz,Red Bull - BORA - hansgrohe,,,",,",1039,15857
13,138,finished,77,7269,33,Classic,30,DK,Pedersen Mads,https://www.procyclingstats.com/rider/mads-pedersen,Lidl - Trek,,,",,",1039,15857
13,139,finished,150,10736,104,Sprint,25,NL,Marsman Tim,https://www.procyclingstats.com/rider/tim-marsman,Alpecin - Premier Tech,,,",,",1039,15857
13,140,finished,145,10507,105,Sprint,28,BE,Philipsen Jasper,https://www.procyclingstats.com/rider/jasper-philipsen,Alpecin - Premier Tech,,,",,",1039,15857
13,141,finished,71,6954,101,Classic,31,NL,van der Poel Mathieu,https://www.procyclingstats.com/rider/mathieu-van-der-poel,Alpecin - Premier Tech,,,",,",1039,15857
13,142,finished,115,9194,196,Climber,29,AU,Storer Michael,https://www.procyclingstats.com/rider/michael-storer,Tudor Pro Cycling Team,,,",,",1039,15857
13,143,finished,161,11373,162,Classic,31,BE,Allegaert Piet,https://www.procyclingstats.com/rider/piet-allegaert,Cofidis,,,",,",1039,15857
13,144,finished,126,9753,167,Classic,24,FR,Page Hugo,https://www.procyclingstats.com/rider/hugo-page,Cofidis,,,",,",1039,15857
13,145,finished,60,6042,126,Classic,31,NO,Skaarseth Anders,https://www.procyclingstats.com/rider/anders-skaarseth,Uno-X Mobility,,,",,",1039,15857
13,146,finished,129,9825,86,Classic,36,PL,Kwiatkowski Michał,https://www.procyclingstats.com/rider/michal-kwiatkowski,Netcompany INEOS,,,22:32,1352,16170
13,147,finished,127,9818,6,Classic,27,BE,Vermeersch Florian,https://www.procyclingstats.com/rider/florian-vermeersch,UAE Team Emirates - XRG,,,",,",1352,16170
13,148,finished,152,10901,87,TT,22,GB,Tarling Joshua,https://www.procyclingstats.com/rider/joshua-tarling,Netcompany INEOS,,,",,",1352,16170
13,149,finished,140,10246,128,Classic,26,NO,Wærenskjold Søren,https://www.procyclingstats.com/rider/soren-waerenskjold,Uno-X Mobility,,,",,",1352,16170
13,150,finished,148,10696,95,Classic,34,NL,van Baarle Dylan,https://www.procyclingstats.com/rider/dylan-van-baarle,Soudal Quick-Step,,,24:41,1481,16299
13,151,finished,171,11912,74,TT,35,PL,Gradek Kamil,https://www.procyclingstats.com/rider/kamil-gradek,Bahrain - Victorious,,,24:52,1492,16310
13,152,finished,112,9169,76,Hills,27,AU,Stannard Robert,https://www.procyclingstats.com/rider/robert-stannard,Bahrain - Victorious,,,",,",1492,16310
13,153,finished,142,10410,152,Hills,24,NL,Artz Huub,https://www.procyclingstats.com/rider/huub-artz,Lotto Intermarché,,,",,",1492,16310
13,154,finished,146,10622,64,Sprint,28,DE,Kanter Max,https://www.procyclingstats.com/rider/max-kanter,XDS Astana Team,,,",,",1492,16310
13,155,finished,169,11752,132,Classic,25,GB,Askey Lewis,https://www.procyclingstats.com/rider/lewis-askey,NSN Cycling Team,,,",,",1492,16310
13,156,finished,103,8700,123,GC,28,DK,Charmig Anthon,https://www.procyclingstats.com/rider/anthon-charmig,Uno-X Mobility,,,",,",1492,16310
13,157,finished,123,9667,66,Classic,33,NL,Teunissen Mike,https://www.procyclingstats.com/rider/mike-teunissen,XDS Astana Team,,,",,",1492,16310
13,158,finished,130,9849,63,GC,35,NZ,Gate Aaron,https://www.procyclingstats.com/rider/aaron-gate,XDS Astana Team,,,",,",1492,16310
13,159,finished,163,11441,165,Classic,25,BE,Fretin Milan,https://www.procyclingstats.com/rider/milan-fretin,Cofidis,,,",,",1492,16310
13,160,finished,170,11796,53,Sprint,30,NL,Bol Cees,https://www.procyclingstats.com/rider/cees-bol,Decathlon CMA CGM Team,,,",,",1492,16310
13,161,finished,164,11479,217,Sprint,29,NL,van den Berg Julius,https://www.procyclingstats.com/rider/julius-van-den-berg,Team Picnic PostNL,,,",,",1492,16310
13,162,finished,91,7959,206,Hills,25,FR,Le Berre Mathis,https://www.procyclingstats.com/rider/mathis-le-berre,TotalEnergies,,,",,",1492,16310
13,163,finished,125,9749,207,Classic,32,FR,Turgis Anthony,https://www.procyclingstats.com/rider/anthony-turgis,TotalEnergies,,,",,",1492,16310
13,164,finished,162,11436,157,Hills,26,FR,Veistroffer Baptiste,https://www.procyclingstats.com/rider/baptiste-veistroffer,Lotto Intermarché,,,",,",1492,16310
13,165,finished,168,11741,55,Sprint,24,NL,Kooij Olav,https://www.procyclingstats.com/rider/olav-kooij,Decathlon CMA CGM Team,,,",,",1492,16310
13,166,finished,97,8467,218,GC,25,NL,van den Broek Frank,https://www.procyclingstats.com/rider/frank-van-den-broek,Team Picnic PostNL,,,",,",1492,16310
13,167,finished,158,11092,164,Classic,30,BE,Biermans Jenthe,https://www.procyclingstats.com/rider/jenthe-biermans,Cofidis,,,",,",1492,16310
13,168,finished,165,11691,91,Sprint,33,BE,Merlier Tim,https://www.procyclingstats.com/rider/tim-merlier,Soudal Quick-Step,,,",,",1492,16310
13,169,finished,118,9382,166,TT,34,LU,Kirsch Alex,https://www.procyclingstats.com/rider/alex-kirsch,Cofidis,,,",,",1492,16310
13,170,finished,167,11736,72,Sprint,32,DE,Bauhaus Phil,https://www.procyclingstats.com/rider/phil-bauhaus,Bahrain - Victorious,,,",,",1492,16310
13,171,finished,135,10024,85,Hills,30,FR,Godon Dorian,https://www.procyclingstats.com/rider/dorian-godon,Netcompany INEOS,,,24:57,1497,16315
13,,DNS,,,221,Sprint,31,CO,Gaviria Fernando,https://www.procyclingstats.com/rider/fernando-gaviria,Caja Rural - Seguros RGA,,,,,
13,,DNS,,,212,Classic,24,NL,Biesterbos Frits,https://www.procyclingstats.com/rider/frits-biesterbos,Team Picnic PostNL,,,,,
13,,DNS,,,153,Classic,25,BE,Berckmoes Jenno,https://www.procyclingstats.com/rider/jenno-berckmoes,Lotto Intermarché,,,,,
14,1,finished,1,0,1,Climber,27,SI,Pogačar Tadej,https://www.procyclingstats.com/rider/tadej-pogacar,UAE Team Emirates - XRG,210.0,100.0,4:00:07,0,14407
14,2,finished,7,350,2,Climber,22,MX,del Toro Isaac,https://www.procyclingstats.com/rider/isaac-del-toro,UAE Team Emirates - XRG,150.0,70.0,0:38,38,14445
14,3,finished,4,319,51,Climber,19,FR,Seixas Paul,https://www.procyclingstats.com/rider/paul-seixas,Decathlon CMA CGM Team,110.0,50.0,",,",38,14445
14,4,finished,2,270,11,GC,29,DK,Vingegaard Jonas,https://www.procyclingstats.com/rider/jonas-vingegaard,Team Visma | Lease a Bike,90.0,40.0,0:44,44,14451
14,5,finished,3,304,21,Climber,26,BE,Evenepoel Remco,https://www.procyclingstats.com/rider/remco-evenepoel,Red Bull - BORA - hansgrohe,70.0,32.0,0:48,48,14455
14,6,finished,5,322,31,Climber,23,ES,Ayuso Juan,https://www.procyclingstats.com/rider/juan-ayuso-pesquera,Lidl - Trek,55.0,26.0,0:50,50,14457
14,7,finished,6,344,25,GC,25,DE,Lipowitz Florian,https://www.procyclingstats.com/rider/florian-lipowitz,Red Bull - BORA - hansgrohe,45.0,22.0,",,",50,14457
14,8,finished,15,1151,41,Climber,33,EC,Carapaz Richard,https://www.procyclingstats.com/rider/richard-carapaz,EF Education - EasyPost,40.0,18.0,1:18,78,14485
14,9,finished,14,1000,121,Climber,26,NO,Johannessen Tobias Halland,https://www.procyclingstats.com/rider/tobias-halland-johannessen,Uno-X Mobility,35.0,14.0,1:40,100,14507
14,10,finished,8,455,35,Climber,25,DK,Skjelmose Mattias,https://www.procyclingstats.com/rider/mattias-skjelmose-jensen,Lidl - Trek,30.0,10.0,",,",100,14507
14,11,finished,10,505,71,Climber,23,FR,Martinez Lenny,https://www.procyclingstats.com/rider/lenny-martinez,Bahrain - Victorious,25.0,8.0,1:41,101,14508
14,12,finished,13,983,97,GC,26,BE,Van Wilder Ilan,https://www.procyclingstats.com/rider/ilan-van-wilder,Soudal Quick-Step,20.0,6.0,3:30,210,14617
14,13,finished,17,1156,198,GC,27,CH,Voisard Yannis,https://www.procyclingstats.com/rider/yannis-voisard,Tudor Pro Cycling Team,15.0,4.0,",,",210,14617
14,14,finished,11,955,81,GC,29,CO,Bernal Egan,https://www.procyclingstats.com/rider/egan-bernal,Netcompany INEOS,10.0,2.0,",,",210,14617
14,15,finished,29,4387,32,Climber,28,CA,Gee-West Derek,https://www.procyclingstats.com/rider/derek-gee,Lidl - Trek,5.0,1.0,",,",210,14617
14,16,finished,18,1326,8,Climber,33,GB,Yates Adam,https://www.procyclingstats.com/rider/adam-yates,UAE Team Emirates - XRG,,,",,",210,14617
14,17,finished,19,1472,17,Climber,31,US,Kuss Sepp,https://www.procyclingstats.com/rider/sepp-kuss,Team Visma | Lease a Bike,,,",,",210,14617
14,18,finished,9,479,171,Classic,26,GB,Pidcock Tom,https://www.procyclingstats.com/rider/tom-pidcock,Pinarello Q36.5 Pro Cycling Team,,,3:34,214,14621
14,19,finished,12,963,201,Climber,27,FR,Jegat Jordan,https://www.procyclingstats.com/rider/jordan-jegat,TotalEnergies,,,5:27,327,14734
14,20,finished,16,1155,18,GC,24,IT,Piganzoli Davide,https://www.procyclingstats.com/rider/davide-piganzoli,Team Visma | Lease a Bike,,,",,",327,14734
14,21,finished,34,5228,148,Climber,28,CO,Rubio Einer,https://www.procyclingstats.com/rider/einer-rubio,Movistar Team,,,",,",327,14734
14,22,finished,23,3149,57,GC,29,FR,Prodhomme Nicolas,https://www.procyclingstats.com/rider/nicolas-prodhomme,Decathlon CMA CGM Team,,,9:51,591,14998
14,23,finished,24,3769,24,Climber,30,AU,Hindley Jai,https://www.procyclingstats.com/rider/jai-hindley,Red Bull - BORA - hansgrohe,,,10:15,615,15022
14,24,finished,30,4868,34,Hills,25,US,Simmons Quinn,https://www.procyclingstats.com/rider/quinn-simmons,Lidl - Trek,,,11:47,707,15114
14,25,finished,37,5913,93,Climber,25,FR,Paret-Peintre Valentin,https://www.procyclingstats.com/rider/valentin-paret-peintre,Soudal Quick-Step,,,12:01,721,15128
14,26,finished,39,5936,111,GC,30,AU,O'Connor Ben,https://www.procyclingstats.com/rider/ben-o-connor,Team Jayco AlUla,,,13:05,785,15192
14,27,finished,50,6773,58,Climber,24,US,Riccitello Matthew,https://www.procyclingstats.com/rider/matthew-riccitello,Decathlon CMA CGM Team,,,",,",785,15192
14,28,finished,59,7608,118,Hills,26,CH,Schmid Mauro,https://www.procyclingstats.com/rider/mauro-schmid,Team Jayco AlUla,,,",,",785,15192
14,29,finished,22,2792,52,Classic,32,BE,Benoot Tiesj,https://www.procyclingstats.com/rider/tiesj-benoot,Decathlon CMA CGM Team,,,",,",785,15192
14,30,finished,42,6221,28,Classic,26,BE,Van Gils Maxim,https://www.procyclingstats.com/rider/maxim-van-gils,Red Bull - BORA - hansgrohe,,,17:05,1025,15432
14,31,finished,20,2148,4,GC,28,US,McNulty Brandon,https://www.procyclingstats.com/rider/brandon-mcnulty,UAE Team Emirates - XRG,,,17:07,1027,15434
14,32,finished,54,7093,22,TT,35,IT,Cattaneo Mattia,https://www.procyclingstats.com/rider/mattia-cattaneo,Red Bull - BORA - hansgrohe,,,17:34,1054,15461
14,33,finished,25,3877,38,GC,33,ES,Verona Carlos,https://www.procyclingstats.com/rider/carlos-verona,Lidl - Trek,,,",,",1054,15461
14,34,finished,31,4999,16,GC,27,US,Jorgenson Matteo,https://www.procyclingstats.com/rider/matteo-jorgenson,Team Visma | Lease a Bike,,,",,",1054,15461
14,35,finished,45,6382,83,TT,29,NO,Foss Tobias,https://www.procyclingstats.com/rider/tobias-foss,Netcompany INEOS,,,",,",1054,15461
14,36,finished,55,7491,176,GC,34,BE,Meurisse Xandro,https://www.procyclingstats.com/rider/xandro-meurisse,Pinarello Q36.5 Pro Cycling Team,,,18:53,1133,15540
14,37,finished,36,5745,3,GC,32,AT,Großschartner Felix,https://www.procyclingstats.com/rider/felix-grossschartner,UAE Team Emirates - XRG,,,19:46,1186,15593
14,38,finished,70,8789,125,GC,26,NO,Johannessen Anders Halland,https://www.procyclingstats.com/rider/anders-halland-johannessen,Uno-X Mobility,,,20:06,1206,15613
14,39,finished,69,8775,44,Climber,25,IE,Healy Ben,https://www.procyclingstats.com/rider/ben-healy,EF Education - EasyPost,,,21:13,1273,15680
14,40,finished,27,4291,82,GC,26,NL,Arensman Thymen,https://www.procyclingstats.com/rider/thymen-arensman,Netcompany INEOS,,,",,",1273,15680
14,41,finished,28,4324,156,Climber,25,BE,Van Eetvelt Lennert,https://www.procyclingstats.com/rider/lennert-van-eetvelt,Lotto Intermarché,,,23:21,1401,15808
14,42,finished,91,9911,13,TT,32,FR,Armirail Bruno,https://www.procyclingstats.com/rider/bruno-armirail,Team Visma | Lease a Bike,,,",,",1401,15808
14,43,finished,62,7969,56,GC,30,FR,Paret-Peintre Aurélien,https://www.procyclingstats.com/rider/aurelien-paret-peintre,Decathlon CMA CGM Team,,,",,",1401,15808
14,44,finished,72,8941,98,GC,32,BE,Vervaeke Louis,https://www.procyclingstats.com/rider/louis-vervaeke,Soudal Quick-Step,,,",,",1401,15808
14,45,finished,52,6940,7,GC,35,BE,Wellens Tim,https://www.procyclingstats.com/rider/tim-wellens,UAE Team Emirates - XRG,,,23:49,1429,15836
14,46,finished,67,8544,204,Classic,28,FR,Delettre Alexandre,https://www.procyclingstats.com/rider/alexandre-delettre,TotalEnergies,,,",,",1429,15836
14,47,finished,48,6598,77,GC,25,IT,Tiberi Antonio,https://www.procyclingstats.com/rider/antonio-tiberi,Bahrain - Victorious,,,26:29,1589,15996
14,48,finished,66,8430,73,GC,38,IT,Caruso Damiano,https://www.procyclingstats.com/rider/damiano-caruso,Bahrain - Victorious,,,",,",1589,15996
14,49,finished,94,10142,26,TT,36,SI,Tratnik Jan,https://www.procyclingstats.com/rider/jan-tratnik,Red Bull - BORA - hansgrohe,,,",,",1589,15996
14,50,finished,103,10793,196,Climber,29,AU,Storer Michael,https://www.procyclingstats.com/rider/michael-storer,Tudor Pro Cycling Team,,,",,",1589,15996
14,51,finished,40,6097,194,Classic,27,CH,Hirschi Marc,https://www.procyclingstats.com/rider/marc-hirschi,Tudor Pro Cycling Team,,,",,",1589,15996
14,52,finished,63,8066,47,Classic,34,DK,Valgren Michael,https://www.procyclingstats.com/rider/michael-valgren-andersen,EF Education - EasyPost,,,",,",1589,15996
14,53,finished,21,2507,45,GC,26,US,Quinn Sean,https://www.procyclingstats.com/rider/sean-quinn,EF Education - EasyPost,,,",,",1589,15996
14,54,finished,60,7641,126,Classic,31,NO,Skaarseth Anders,https://www.procyclingstats.com/rider/anders-skaarseth,Uno-X Mobility,,,",,",1589,15996
14,55,finished,47,6506,61,Climber,28,CO,Higuita Sergio,https://www.procyclingstats.com/rider/sergio-higuita,XDS Astana Team,,,",,",1589,15996
14,56,finished,33,5125,88,GC,25,FR,Vauquelin Kévin,https://www.procyclingstats.com/rider/kevin-vauquelin,Netcompany INEOS,,,",,",1589,15996
14,57,finished,35,5442,174,Hills,30,BE,Hermans Quinten,https://www.procyclingstats.com/rider/quinten-hermans,Pinarello Q36.5 Pro Cycling Team,,,27:38,1658,16065
14,58,finished,93,10137,122,Classic,30,NO,Abrahamsen Jonas,https://www.procyclingstats.com/rider/jonas-abrahamsen,Uno-X Mobility,,,29:24,1764,16171
14,59,finished,68,8687,187,Hills,34,FR,Pacher Quentin,https://www.procyclingstats.com/rider/quentin-pacher,Groupama - FDJ United,,,",,",1764,16171
14,60,finished,101,10639,114,Classic,25,DE,Engelhardt Felix,https://www.procyclingstats.com/rider/felix-engelhardt,Team Jayco AlUla,,,",,",1764,16171
14,61,finished,125,11931,46,Climber,24,DE,Steinhauser Georg,https://www.procyclingstats.com/rider/georg-steinhauser,EF Education - EasyPost,,,",,",1764,16171
14,62,finished,41,6172,144,Climber,25,ES,García Pierna Raúl,https://www.procyclingstats.com/rider/raul-garcia-pierna,Movistar Team,,,",,",1764,16171
14,63,finished,64,8226,147,GC,27,ES,Romo Javier,https://www.procyclingstats.com/rider/javier-romo,Movistar Team,,,",,",1764,16171
14,64,finished,46,6425,186,Climber,33,FR,Martin Guillaume,https://www.procyclingstats.com/rider/guillaume-martin,Groupama - FDJ United,,,",,",1764,16171
14,65,finished,99,10566,108,Climber,24,BE,Verstrynge Emiel,https://www.procyclingstats.com/rider/emiel-verstrynge,Alpecin - Premier Tech,,,",,",1764,16171
14,66,finished,56,7501,181,Classic,23,FR,Grégoire Romain,https://www.procyclingstats.com/rider/romain-gregoire,Groupama - FDJ United,,,",,",1764,16171
14,67,finished,53,6957,183,Climber,26,FR,Braz Afonso Clément,https://www.procyclingstats.com/rider/clement-braz-afonso,Groupama - FDJ United,,,",,",1764,16171
14,68,finished,57,7569,154,GC,24,BE,Craps Lars,https://www.procyclingstats.com/rider/lars-craps,Lotto Intermarché,,,30:36,1836,16243
14,69,finished,77,9266,78,Sprint,22,BE,Van Mechelen Vlad,https://www.procyclingstats.com/rider/vlad-van-mechelen,Bahrain - Victorious,,,",,",1836,16243
14,70,finished,65,8231,115,Classic,35,AU,Matthews Michael,https://www.procyclingstats.com/rider/michael-matthews,Team Jayco AlUla,,,31:15,1875,16282
14,71,finished,87,9808,188,Classic,31,FR,Russo Clément,https://www.procyclingstats.com/rider/clement-russo,Groupama - FDJ United,,,",,",1875,16282
14,72,finished,90,9865,5,Classic,32,DE,Politt Nils,https://www.procyclingstats.com/rider/nils-politt,UAE Team Emirates - XRG,,,31:18,1878,16285
14,73,finished,98,10534,177,Classic,28,BE,Van Moer Brent,https://www.procyclingstats.com/rider/brent-van-moer,Pinarello Q36.5 Pro Cycling Team,,,32:38,1958,16365
14,74,finished,75,9241,94,Classic,34,BE,Stuyven Jasper,https://www.procyclingstats.com/rider/jasper-stuyven,Soudal Quick-Step,,,",,",1958,16365
14,75,finished,141,12621,155,GC,25,BE,Slock Liam,https://www.procyclingstats.com/rider/liam-slock,Lotto Intermarché,,,",,",1958,16365
14,76,finished,105,10903,223,GC,26,AU,Berwick Sebastian,https://www.procyclingstats.com/rider/sebastian-berwick,Caja Rural - Seguros RGA,,,",,",1958,16365
14,77,finished,95,10369,75,Classic,31,SI,Mohorič Matej,https://www.procyclingstats.com/rider/matej-mohoric,Bahrain - Victorious,,,34:03,2043,16450
14,78,finished,117,11618,67,Classic,30,IT,Velasco Simone,https://www.procyclingstats.com/rider/simone-velasco,XDS Astana Team,,,",,",2043,16450
14,79,finished,115,11539,172,TT,27,ES,Azparren Xabier Mikel,https://www.procyclingstats.com/rider/xabier-mikel-azparren-irurzun,Pinarello Q36.5 Pro Cycling Team,,,34:37,2077,16484
14,80,finished,96,10399,175,GC,33,AU,Howson Damien,https://www.procyclingstats.com/rider/damien-howson,Pinarello Q36.5 Pro Cycling Team,,,",,",2077,16484
14,81,finished,61,7845,222,GC,26,ES,Balderstone Abel,https://www.procyclingstats.com/rider/abel-balderstone-roumens,Caja Rural - Seguros RGA,,,",,",2077,16484
14,82,finished,112,11259,134,Climber,26,IT,Frigo Marco,https://www.procyclingstats.com/rider/marco-frigo,NSN Cycling Team,,,",,",2077,16484
14,83,finished,110,11229,205,TT,28,FR,Guernalec Thibault,https://www.procyclingstats.com/rider/thibault-guernalec,TotalEnergies,,,",,",2077,16484
14,84,finished,111,11256,76,Hills,27,AU,Stannard Robert,https://www.procyclingstats.com/rider/robert-stannard,Bahrain - Victorious,,,",,",2077,16484
14,85,finished,102,10713,23,Hills,32,DE,Denz Nico,https://www.procyclingstats.com/rider/nico-denz,Red Bull - BORA - hansgrohe,,,",,",2077,16484
14,86,finished,124,11912,86,Classic,36,PL,Kwiatkowski Michał,https://www.procyclingstats.com/rider/michal-kwiatkowski,Netcompany INEOS,,,",,",2077,16484
14,87,finished,71,8811,163,Classic,30,ES,Aranburu Alex,https://www.procyclingstats.com/rider/alex-aranburu,Cofidis,,,",,",2077,16484
14,88,finished,123,11907,84,TT,29,IT,Ganna Filippo,https://www.procyclingstats.com/rider/filippo-ganna,Netcompany INEOS,,,",,",2077,16484
14,89,finished,81,9444,146,TT,37,PT,Oliveira Nelson,https://www.procyclingstats.com/rider/nelson-oliveira,Movistar Team,,,",,",2077,16484
14,90,finished,84,9595,14,TT,34,BE,Campenaerts Victor,https://www.procyclingstats.com/rider/victor-campenaerts,Team Visma | Lease a Bike,,,",,",2077,16484
14,91,finished,83,9588,42,TT,31,DK,Asgreen Kasper,https://www.procyclingstats.com/rider/kasper-asgreen,EF Education - EasyPost,,,",,",2077,16484
14,92,finished,49,6620,43,Climber,25,FR,Baudin Alex,https://www.procyclingstats.com/rider/alex-baudin,EF Education - EasyPost,,,",,",2077,16484
14,93,finished,104,10833,48,TT,25,GB,Walker Max,https://www.procyclingstats.com/rider/max-walker,EF Education - EasyPost,,,",,",2077,16484
14,94,finished,44,6360,161,GC,37,ES,Izagirre Ion,https://www.procyclingstats.com/rider/ion-izagirre,Cofidis,,,",,",2077,16484
14,95,finished,145,12783,95,Classic,34,NL,van Baarle Dylan,https://www.procyclingstats.com/rider/dylan-van-baarle,Soudal Quick-Step,,,",,",2077,16484
14,96,finished,78,9274,117,GC,25,AU,Plapp Luke,https://www.procyclingstats.com/rider/luke-plapp,Team Jayco AlUla,,,",,",2077,16484
14,97,finished,114,11341,68,GC,24,KZ,Vinokurov Nicolas,https://www.procyclingstats.com/rider/nicolas-vinokurov,XDS Astana Team,,,35:23,2123,16530
14,98,finished,85,9639,36,Classic,35,LV,Skujiņš Toms,https://www.procyclingstats.com/rider/toms-skujins,Lidl - Trek,,,",,",2123,16530
14,99,finished,127,11990,178,Hills,27,GB,Wright Fred,https://www.procyclingstats.com/rider/alfred-wright,Pinarello Q36.5 Pro Cycling Team,,,",,",2123,16530
14,100,finished,38,5919,37,TT,24,CZ,Vacek Mathias,https://www.procyclingstats.com/rider/mathias-vacek,Lidl - Trek,,,",,",2123,16530
14,101,finished,139,12590,191,Classic,34,FR,Alaphilippe Julian,https://www.procyclingstats.com/rider/julian-alaphilippe,Tudor Pro Cycling Team,,,35:25,2125,16532
14,102,finished,80,9406,33,Classic,30,DK,Pedersen Mads,https://www.procyclingstats.com/rider/mads-pedersen,Lidl - Trek,,,35:27,2127,16534
14,103,finished,121,11858,27,Classic,26,NL,van Dijke Tim,https://www.procyclingstats.com/rider/tim-van-dijke,Red Bull - BORA - hansgrohe,,,35:30,2130,16537
14,104,finished,154,13270,193,Classic,35,AT,Haller Marco,https://www.procyclingstats.com/rider/marco-haller,Tudor Pro Cycling Team,,,35:43,2143,16550
14,105,finished,140,12606,12,TT,30,IT,Affini Edoardo,https://www.procyclingstats.com/rider/edoardo-affini,Team Visma | Lease a Bike,,,",,",2143,16550
14,106,finished,147,12889,104,Sprint,25,NL,Marsman Tim,https://www.procyclingstats.com/rider/tim-marsman,Alpecin - Premier Tech,,,",,",2143,16550
14,107,finished,149,12966,213,Sprint,23,CZ,Bittner Pavel,https://www.procyclingstats.com/rider/pavel-bittner,Team Picnic PostNL,,,",,",2143,16550
14,108,finished,79,9337,185,GC,24,IT,Germani Lorenzo,https://www.procyclingstats.com/rider/lorenzo-germani,Groupama - FDJ United,,,",,",2143,16550
14,109,finished,108,11087,145,Hills,25,DE,Hessmann Michel,https://www.procyclingstats.com/rider/michel-hessmann,Movistar Team,,,",,",2143,16550
14,110,finished,89,9849,158,Classic,28,DE,Zimmermann Georg,https://www.procyclingstats.com/rider/georg-zimmermann,Lotto Intermarché,,,",,",2143,16550
14,111,finished,92,10112,206,Hills,25,FR,Le Berre Mathis,https://www.procyclingstats.com/rider/mathis-le-berre,TotalEnergies,,,",,",2143,16550
14,112,finished,76,9257,195,Hills,25,NL,Pluimers Rick,https://www.procyclingstats.com/rider/rick-pluimers,Tudor Pro Cycling Team,,,",,",2143,16550
14,113,finished,107,10935,15,Classic,23,NO,Hagenes Per Strand,https://www.procyclingstats.com/rider/per-strand-hagenes,Team Visma | Lease a Bike,,,",,",2143,16550
14,114,finished,51,6851,202,GC,26,FR,Breuillard Nicolas,https://www.procyclingstats.com/rider/nicolas-breuillard,TotalEnergies,,,",,",2143,16550
14,115,finished,128,12002,63,GC,35,NZ,Gate Aaron,https://www.procyclingstats.com/rider/aaron-gate,XDS Astana Team,,,",,",2143,16550
14,116,finished,131,12168,215,GC,22,BE,Dhondt Robbe,https://www.procyclingstats.com/rider/robbe-dhondt,Team Picnic PostNL,,,",,",2143,16550
14,117,finished,43,6232,228,GC,29,ES,Parra José Félix,https://www.procyclingstats.com/rider/jose-felix-parra,Caja Rural - Seguros RGA,,,",,",2143,16550
14,118,finished,73,9107,101,Classic,31,NL,van der Poel Mathieu,https://www.procyclingstats.com/rider/mathieu-van-der-poel,Alpecin - Premier Tech,,,",,",2143,16550
14,119,finished,150,13110,216,Sprint,27,DE,Märkl Niklas,https://www.procyclingstats.com/rider/niklas-markl,Team Picnic PostNL,,,",,",2143,16550
14,120,finished,100,10620,218,GC,25,NL,van den Broek Frank,https://www.procyclingstats.com/rider/frank-van-den-broek,Team Picnic PostNL,,,",,",2143,16550
14,121,finished,26,3972,142,Climber,25,ES,Castrillo Pablo,https://www.procyclingstats.com/rider/pablo-castrillo-zapater,Movistar Team,,,",,",2143,16550
14,122,finished,86,9737,143,GC,30,EC,Cepeda Jefferson Alveiro,https://www.procyclingstats.com/rider/jefferson-cepeda-hernandez,Movistar Team,,,",,",2143,16550
14,123,finished,126,11971,6,Classic,27,BE,Vermeersch Florian,https://www.procyclingstats.com/rider/florian-vermeersch,UAE Team Emirates - XRG,,,",,",2143,16550
14,124,finished,113,11337,113,TT,35,AU,Durbridge Luke,https://www.procyclingstats.com/rider/luke-durbridge,Team Jayco AlUla,,,",,",2143,16550
14,125,finished,119,11700,107,Classic,32,BE,Rickaert Jonas,https://www.procyclingstats.com/rider/jonas-rickaert,Alpecin - Premier Tech,,,",,",2143,16550
14,126,finished,109,11135,211,Climber,34,FR,Barguil Warren,https://www.procyclingstats.com/rider/warren-barguil,Team Picnic PostNL,,,",,",2143,16550
14,127,finished,151,13120,87,TT,22,GB,Tarling Joshua,https://www.procyclingstats.com/rider/joshua-tarling,Netcompany INEOS,,,36:49,2209,16616
14,128,finished,160,13655,157,Hills,26,FR,Veistroffer Baptiste,https://www.procyclingstats.com/rider/baptiste-veistroffer,Lotto Intermarché,,,",,",2209,16616
14,129,finished,153,13198,112,Sprint,32,DE,Ackermann Pascal,https://www.procyclingstats.com/rider/pascal-ackermann,Team Jayco AlUla,,,36:53,2213,16620
14,130,finished,146,12848,64,Sprint,28,DE,Kanter Max,https://www.procyclingstats.com/rider/max-kanter,XDS Astana Team,,,36:56,2216,16623
14,131,finished,158,13523,62,Classic,31,IT,Ballerini Davide,https://www.procyclingstats.com/rider/davide-ballerini,XDS Astana Team,,,",,",2216,16623
14,132,finished,32,5023,65,Climber,29,CO,Tejada Harold,https://www.procyclingstats.com/rider/harold-tejada,XDS Astana Team,,,",,",2216,16623
14,133,finished,132,12200,225,Hills,28,ES,Nicolau Joel,https://www.procyclingstats.com/rider/joel-nicolau,Caja Rural - Seguros RGA,,,37:02,2222,16629
14,134,finished,120,11775,226,Hills,28,IT,Oldani Stefano,https://www.procyclingstats.com/rider/stefano-oldani,Caja Rural - Seguros RGA,,,",,",2222,16629
14,135,finished,133,12256,85,Hills,30,FR,Godon Dorian,https://www.procyclingstats.com/rider/dorian-godon,Netcompany INEOS,,,",,",2222,16629
14,136,finished,143,12642,152,Hills,24,NL,Artz Huub,https://www.procyclingstats.com/rider/huub-artz,Lotto Intermarché,,,",,",2222,16629
14,137,finished,163,13968,72,Sprint,32,DE,Bauhaus Phil,https://www.procyclingstats.com/rider/phil-bauhaus,Bahrain - Victorious,,,",,",2222,16629
14,138,finished,161,13711,217,Sprint,29,NL,van den Berg Julius,https://www.procyclingstats.com/rider/julius-van-den-berg,Team Picnic PostNL,,,",,",2222,16629
14,139,finished,155,13302,214,Classic,37,DE,Degenkolb John,https://www.procyclingstats.com/rider/john-degenkolb,Team Picnic PostNL,,,",,",2222,16629
14,140,finished,97,10422,124,Hills,33,DK,Cort Magnus,https://www.procyclingstats.com/rider/magnus-cort-nielsen,Uno-X Mobility,,,",,",2222,16629
14,141,finished,122,11899,66,Classic,33,NL,Teunissen Mike,https://www.procyclingstats.com/rider/mike-teunissen,XDS Astana Team,,,",,",2222,16629
14,142,finished,148,12963,92,Classic,29,NL,Eenkhoorn Pascal,https://www.procyclingstats.com/rider/pascal-eenkhoorn,Soudal Quick-Step,,,",,",2222,16629
14,143,finished,144,12739,105,Sprint,28,BE,Philipsen Jasper,https://www.procyclingstats.com/rider/jasper-philipsen,Alpecin - Premier Tech,,,",,",2222,16629
14,144,finished,136,12419,136,Classic,31,LV,Neilands Krists,https://www.procyclingstats.com/rider/krists-neilands,NSN Cycling Team,,,",,",2222,16629
14,145,finished,152,13162,103,Classic,35,CH,Dillier Silvan,https://www.procyclingstats.com/rider/silvan-dillier,Alpecin - Premier Tech,,,",,",2222,16629
14,146,finished,165,14011,135,Classic,26,FR,Louvel Matis,https://www.procyclingstats.com/rider/matis-louvel,NSN Cycling Team,,,37:47,2267,16674
14,147,finished,156,13335,137,Hills,26,GB,Stewart Jake,https://www.procyclingstats.com/rider/jake-stewart,NSN Cycling Team,,,",,",2267,16674
14,148,finished,129,12030,207,Classic,32,FR,Turgis Anthony,https://www.procyclingstats.com/rider/anthony-turgis,TotalEnergies,,,37:51,2271,16678
14,149,finished,138,12527,128,Classic,26,NO,Wærenskjold Søren,https://www.procyclingstats.com/rider/soren-waerenskjold,Uno-X Mobility,,,",,",2271,16678
14,150,finished,118,11663,166,TT,34,LU,Kirsch Alex,https://www.procyclingstats.com/rider/alex-kirsch,Cofidis,,,",,",2271,16678
14,151,finished,169,14193,74,TT,35,PL,Gradek Kamil,https://www.procyclingstats.com/rider/kamil-gradek,Bahrain - Victorious,,,",,",2271,16678
14,152,finished,166,14022,55,Sprint,24,NL,Kooij Olav,https://www.procyclingstats.com/rider/olav-kooij,Decathlon CMA CGM Team,,,",,",2271,16678
14,153,finished,135,12324,54,TT,27,NL,Hoole Daan,https://www.procyclingstats.com/rider/daan-hoole,Decathlon CMA CGM Team,,,",,",2271,16678
14,154,finished,164,13972,91,Sprint,33,BE,Merlier Tim,https://www.procyclingstats.com/rider/tim-merlier,Soudal Quick-Step,,,",,",2271,16678
14,155,finished,157,13373,164,Classic,30,BE,Biermans Jenthe,https://www.procyclingstats.com/rider/jenthe-biermans,Cofidis,,,",,",2271,16678
14,156,finished,162,13722,165,Classic,25,BE,Fretin Milan,https://www.procyclingstats.com/rider/milan-fretin,Cofidis,,,",,",2271,16678
14,157,finished,159,13654,162,Classic,31,BE,Allegaert Piet,https://www.procyclingstats.com/rider/piet-allegaert,Cofidis,,,",,",2271,16678
14,158,finished,116,11550,106,Classic,31,BE,Planckaert Edward,https://www.procyclingstats.com/rider/edward-planckaert,Alpecin - Premier Tech,,,",,",2271,16678
14,159,finished,137,12471,131,Classic,26,ER,Girmay Biniam,https://www.procyclingstats.com/rider/biniam-girmay,NSN Cycling Team,,,",,",2271,16678
14,160,finished,134,12257,227,GC,28,CZ,Otruba Jakub,https://www.procyclingstats.com/rider/jakub-otruba,Caja Rural - Seguros RGA,,,",,",2271,16678
14,161,finished,130,12034,167,Classic,24,FR,Page Hugo,https://www.procyclingstats.com/rider/hugo-page,Cofidis,,,",,",2271,16678
14,162,finished,167,14033,132,Classic,25,GB,Askey Lewis,https://www.procyclingstats.com/rider/lewis-askey,NSN Cycling Team,,,",,",2271,16678
14,163,finished,106,10928,168,TT,30,FR,Thomas Benjamin,https://www.procyclingstats.com/rider/benjamin-thomas-2,Cofidis,,,",,",2271,16678
14,164,finished,142,12631,138,Sprint,36,BE,Van Asbroeck Tom,https://www.procyclingstats.com/rider/tom-van-asbroeck,NSN Cycling Team,,,",,",2271,16678
14,165,finished,82,9461,133,GC,36,NZ,Bennett George,https://www.procyclingstats.com/rider/george-bennett,NSN Cycling Team,,,",,",2271,16678
14,166,finished,58,7607,203,GC,26,FR,Delbove Joris,https://www.procyclingstats.com/rider/joris-delbove,TotalEnergies,,,",,",2271,16678
14,167,finished,88,9836,184,GC,23,FR,Costiou Ewen,https://www.procyclingstats.com/rider/ewen-costiou,Groupama - FDJ United,,,",,",2271,16678
14,168,finished,168,14077,53,Sprint,30,NL,Bol Cees,https://www.procyclingstats.com/rider/cees-bol,Decathlon CMA CGM Team,,,",,",2271,16678
14,169,finished,74,9180,208,Hills,25,FR,Vercher Mattéo,https://www.procyclingstats.com/rider/matheo-vercher,TotalEnergies,,,37:57,2277,16684
14,,OTL,,,123,GC,28,DK,Charmig Anthon,https://www.procyclingstats.com/rider/anthon-charmig,Uno-X Mobility,,,58:17,,
14,,DNS,,,102,Climber,23,BE,Debruyne Ramses,https://www.procyclingstats.com/rider/ramses-debruyne,Alpecin - Premier Tech,,,,,
15,1,finished,2,300,21,Climber,26,BE,Evenepoel Remco,https://www.procyclingstats.com/rider/remco-evenepoel,Red Bull - BORA - hansgrohe,210.0,100.0,4:23:09,0,15789
15,2,finished,1,0,1,Climber,27,SI,Pogačar Tadej,https://www.procyclingstats.com/rider/tadej-pogacar,UAE Team Emirates - XRG,150.0,70.0,",,",0,15789
15,3,finished,3,358,2,Climber,22,MX,del Toro Isaac,https://www.procyclingstats.com/rider/isaac-del-toro,UAE Team Emirates - XRG,110.0,50.0,0:06,6,15795
15,4,finished,4,383,51,Climber,19,FR,Seixas Paul,https://www.procyclingstats.com/rider/paul-seixas,Decathlon CMA CGM Team,90.0,40.0,0:58,58,15847
15,5,finished,5,408,25,GC,25,DE,Lipowitz Florian,https://www.procyclingstats.com/rider/florian-lipowitz,Red Bull - BORA - hansgrohe,70.0,32.0,",,",58,15847
15,6,finished,8,628,71,Climber,23,FR,Martinez Lenny,https://www.procyclingstats.com/rider/lenny-martinez,Bahrain - Victorious,55.0,26.0,1:57,117,15906
15,7,finished,7,578,35,Climber,25,DK,Skjelmose Mattias,https://www.procyclingstats.com/rider/mattias-skjelmose-jensen,Lidl - Trek,45.0,22.0,",,",117,15906
15,8,finished,6,448,31,Climber,23,ES,Ayuso Juan,https://www.procyclingstats.com/rider/juan-ayuso-pesquera,Lidl - Trek,40.0,18.0,2:00,120,15909
15,9,finished,14,1452,8,Climber,33,GB,Yates Adam,https://www.procyclingstats.com/rider/adam-yates,UAE Team Emirates - XRG,35.0,14.0,",,",120,15909
15,10,finished,25,5010,34,Hills,25,US,Simmons Quinn,https://www.procyclingstats.com/rider/quinn-simmons,Lidl - Trek,30.0,10.0,2:16,136,15925
15,11,finished,11,1304,198,GC,27,CH,Voisard Yannis,https://www.procyclingstats.com/rider/yannis-voisard,Tudor Pro Cycling Team,25.0,8.0,2:22,142,15931
15,12,finished,12,1328,41,Climber,33,EC,Carapaz Richard,https://www.procyclingstats.com/rider/richard-carapaz,EF Education - EasyPost,20.0,6.0,2:51,171,15960
15,13,finished,9,679,171,Classic,26,GB,Pidcock Tom,https://www.procyclingstats.com/rider/tom-pidcock,Pinarello Q36.5 Pro Cycling Team,15.0,4.0,2:54,174,15963
15,14,finished,10,1166,201,Climber,27,FR,Jegat Jordan,https://www.procyclingstats.com/rider/jordan-jegat,TotalEnergies,10.0,2.0,3:17,197,15986
15,15,finished,35,6866,77,GC,25,IT,Tiberi Antonio,https://www.procyclingstats.com/rider/antonio-tiberi,Bahrain - Victorious,5.0,1.0,4:22,262,16051
15,16,finished,26,5529,148,Climber,28,CO,Rubio Einer,https://www.procyclingstats.com/rider/einer-rubio,Movistar Team,,,4:55,295,16084
15,17,finished,69,10159,184,GC,23,FR,Costiou Ewen,https://www.procyclingstats.com/rider/ewen-costiou,Groupama - FDJ United,,,5:17,317,16106
15,18,finished,15,1482,18,GC,24,IT,Piganzoli Davide,https://www.procyclingstats.com/rider/davide-piganzoli,Team Visma | Lease a Bike,,,5:21,321,16110
15,19,finished,13,1329,97,GC,26,BE,Van Wilder Ilan,https://www.procyclingstats.com/rider/ilan-van-wilder,Soudal Quick-Step,,,5:40,340,16129
15,20,finished,38,7119,58,Climber,24,US,Riccitello Matthew,https://www.procyclingstats.com/rider/matthew-riccitello,Decathlon CMA CGM Team,,,",,",340,16129
15,21,finished,49,8041,118,Hills,26,CH,Schmid Mauro,https://www.procyclingstats.com/rider/mauro-schmid,Team Jayco AlUla,,,7:07,427,16216
15,22,finished,53,8387,222,GC,26,ES,Balderstone Abel,https://www.procyclingstats.com/rider/abel-balderstone-roumens,Caja Rural - Seguros RGA,,,8:56,536,16325
15,23,finished,36,6967,186,Climber,33,FR,Martin Guillaume,https://www.procyclingstats.com/rider/guillaume-martin,Groupama - FDJ United,,,",,",536,16325
15,24,finished,96,11925,68,GC,24,KZ,Vinokurov Nicolas,https://www.procyclingstats.com/rider/nicolas-vinokurov,XDS Astana Team,,,9:38,578,16367
15,25,finished,34,6830,28,Classic,26,BE,Van Gils Maxim,https://www.procyclingstats.com/rider/maxim-van-gils,Red Bull - BORA - hansgrohe,,,10:03,603,16392
15,26,finished,23,4378,24,Climber,30,AU,Hindley Jai,https://www.procyclingstats.com/rider/jai-hindley,Red Bull - BORA - hansgrohe,,,",,",603,16392
15,27,finished,21,3807,57,GC,29,FR,Prodhomme Nicolas,https://www.procyclingstats.com/rider/nicolas-prodhomme,Decathlon CMA CGM Team,,,10:52,652,16441
15,28,finished,55,8627,56,GC,30,FR,Paret-Peintre Aurélien,https://www.procyclingstats.com/rider/aurelien-paret-peintre,Decathlon CMA CGM Team,,,",,",652,16441
15,29,finished,24,4535,38,GC,33,ES,Verona Carlos,https://www.procyclingstats.com/rider/carlos-verona,Lidl - Trek,,,",,",652,16441
15,30,finished,48,7958,22,TT,35,IT,Cattaneo Mattia,https://www.procyclingstats.com/rider/mattia-cattaneo,Red Bull - BORA - hansgrohe,,,14:19,859,16648
15,31,finished,33,6628,3,GC,32,AT,Großschartner Felix,https://www.procyclingstats.com/rider/felix-grossschartner,UAE Team Emirates - XRG,,,14:37,877,16666
15,32,finished,19,3031,4,GC,28,US,McNulty Brandon,https://www.procyclingstats.com/rider/brandon-mcnulty,UAE Team Emirates - XRG,,,",,",877,16666
15,33,finished,97,12149,134,Climber,26,IT,Frigo Marco,https://www.procyclingstats.com/rider/marco-frigo,NSN Cycling Team,,,14:44,884,16673
15,34,finished,40,7172,144,Climber,25,ES,García Pierna Raúl,https://www.procyclingstats.com/rider/raul-garcia-pierna,Movistar Team,,,16:34,994,16783
15,35,finished,45,7634,43,Climber,25,FR,Baudin Alex,https://www.procyclingstats.com/rider/alex-baudin,EF Education - EasyPost,,,16:48,1008,16797
15,36,finished,109,12894,27,Classic,26,NL,van Dijke Tim,https://www.procyclingstats.com/rider/tim-van-dijke,Red Bull - BORA - hansgrohe,,,17:10,1030,16819
15,37,finished,31,6197,88,GC,25,FR,Vauquelin Kévin,https://www.procyclingstats.com/rider/kevin-vauquelin,Netcompany INEOS,,,17:46,1066,16855
15,38,finished,86,11498,75,Classic,31,SI,Mohorič Matej,https://www.procyclingstats.com/rider/matej-mohoric,Bahrain - Victorious,,,18:43,1123,16912
15,39,finished,42,7511,83,TT,29,NO,Foss Tobias,https://www.procyclingstats.com/rider/tobias-foss,Netcompany INEOS,,,",,",1123,16912
15,40,finished,32,6265,16,GC,27,US,Jorgenson Matteo,https://www.procyclingstats.com/rider/matteo-jorgenson,Team Visma | Lease a Bike,,,21:00,1260,17049
15,41,finished,17,2738,17,Climber,31,US,Kuss Sepp,https://www.procyclingstats.com/rider/sepp-kuss,Team Visma | Lease a Bike,,,",,",1260,17049
15,42,finished,95,11800,177,Classic,28,BE,Van Moer Brent,https://www.procyclingstats.com/rider/brent-van-moer,Pinarello Q36.5 Pro Cycling Team,,,",,",1260,17049
15,43,finished,73,10861,14,TT,34,BE,Campenaerts Victor,https://www.procyclingstats.com/rider/victor-campenaerts,Team Visma | Lease a Bike,,,",,",1260,17049
15,44,finished,67,10064,44,Climber,25,IE,Healy Ben,https://www.procyclingstats.com/rider/ben-healy,EF Education - EasyPost,,,21:23,1283,17072
15,45,finished,27,5613,156,Climber,25,BE,Van Eetvelt Lennert,https://www.procyclingstats.com/rider/lennert-van-eetvelt,Lotto Intermarché,,,",,",1283,17072
15,46,finished,20,3796,45,GC,26,US,Quinn Sean,https://www.procyclingstats.com/rider/sean-quinn,EF Education - EasyPost,,,",,",1283,17072
15,47,finished,60,9355,47,Classic,34,DK,Valgren Michael,https://www.procyclingstats.com/rider/michael-valgren-andersen,EF Education - EasyPost,,,",,",1283,17072
15,48,finished,65,9833,204,Classic,28,FR,Delettre Alexandre,https://www.procyclingstats.com/rider/alexandre-delettre,TotalEnergies,,,",,",1283,17072
15,49,finished,79,11213,5,Classic,32,DE,Politt Nils,https://www.procyclingstats.com/rider/nils-politt,UAE Team Emirates - XRG,,,22:22,1342,17131
15,50,finished,52,8289,7,GC,35,BE,Wellens Tim,https://www.procyclingstats.com/rider/tim-wellens,UAE Team Emirates - XRG,,,22:23,1343,17132
15,51,finished,44,7581,228,GC,29,ES,Parra José Félix,https://www.procyclingstats.com/rider/jose-felix-parra,Caja Rural - Seguros RGA,,,",,",1343,17132
15,52,finished,82,11272,13,TT,32,FR,Armirail Bruno,https://www.procyclingstats.com/rider/bruno-armirail,Team Visma | Lease a Bike,,,22:35,1355,17144
15,53,finished,56,8926,176,GC,34,BE,Meurisse Xandro,https://www.procyclingstats.com/rider/xandro-meurisse,Pinarello Q36.5 Pro Cycling Team,,,23:49,1429,17218
15,54,finished,91,11572,122,Classic,30,NO,Abrahamsen Jonas,https://www.procyclingstats.com/rider/jonas-abrahamsen,Uno-X Mobility,,,",,",1429,17218
15,55,finished,22,4227,52,Classic,32,BE,Benoot Tiesj,https://www.procyclingstats.com/rider/tiesj-benoot,Decathlon CMA CGM Team,,,",,",1429,17218
15,56,finished,80,11243,188,Classic,31,FR,Russo Clément,https://www.procyclingstats.com/rider/clement-russo,Groupama - FDJ United,,,",,",1429,17218
15,57,finished,68,10122,187,Hills,34,FR,Pacher Quentin,https://www.procyclingstats.com/rider/quentin-pacher,Groupama - FDJ United,,,",,",1429,17218
15,58,finished,105,12570,211,Climber,34,FR,Barguil Warren,https://www.procyclingstats.com/rider/warren-barguil,Team Picnic PostNL,,,",,",1429,17218
15,59,finished,63,9661,147,GC,27,ES,Romo Javier,https://www.procyclingstats.com/rider/javier-romo,Movistar Team,,,",,",1429,17218
15,60,finished,46,7795,161,GC,37,ES,Izagirre Ion,https://www.procyclingstats.com/rider/ion-izagirre,Cofidis,,,",,",1429,17218
15,61,finished,66,9865,73,GC,38,IT,Caruso Damiano,https://www.procyclingstats.com/rider/damiano-caruso,Bahrain - Victorious,,,",,",1429,17218
15,62,finished,112,13053,67,Classic,30,IT,Velasco Simone,https://www.procyclingstats.com/rider/simone-velasco,XDS Astana Team,,,",,",1429,17218
15,63,finished,92,11577,26,TT,36,SI,Tratnik Jan,https://www.procyclingstats.com/rider/jan-tratnik,Red Bull - BORA - hansgrohe,,,",,",1429,17218
15,64,finished,47,7941,61,Climber,28,CO,Higuita Sergio,https://www.procyclingstats.com/rider/sergio-higuita,XDS Astana Team,,,",,",1429,17218
15,65,finished,41,7375,111,GC,30,AU,O'Connor Ben,https://www.procyclingstats.com/rider/ben-o-connor,Team Jayco AlUla,,,23:53,1433,17222
15,66,finished,58,9055,203,GC,26,FR,Delbove Joris,https://www.procyclingstats.com/rider/joris-delbove,TotalEnergies,,,24:02,1442,17231
15,67,finished,89,11560,206,Hills,25,FR,Le Berre Mathis,https://www.procyclingstats.com/rider/mathis-le-berre,TotalEnergies,,,",,",1442,17231
15,68,finished,29,5797,82,GC,26,NL,Arensman Thymen,https://www.procyclingstats.com/rider/thymen-arensman,Netcompany INEOS,,,25:00,1500,17289
15,69,finished,16,2461,81,GC,29,CO,Bernal Egan,https://www.procyclingstats.com/rider/egan-bernal,Netcompany INEOS,,,",,",1500,17289
15,70,finished,117,13448,46,Climber,24,DE,Steinhauser Georg,https://www.procyclingstats.com/rider/georg-steinhauser,EF Education - EasyPost,,,25:11,1511,17300
15,71,finished,30,5912,32,Climber,28,CA,Gee-West Derek,https://www.procyclingstats.com/rider/derek-gee,Lidl - Trek,,,25:19,1519,17308
15,72,finished,76,10976,146,TT,37,PT,Oliveira Nelson,https://www.procyclingstats.com/rider/nelson-oliveira,Movistar Team,,,25:26,1526,17315
15,73,finished,54,8489,183,Climber,26,FR,Braz Afonso Clément,https://www.procyclingstats.com/rider/clement-braz-afonso,Groupama - FDJ United,,,",,",1526,17315
15,74,finished,64,9778,115,Classic,35,AU,Matthews Michael,https://www.procyclingstats.com/rider/michael-matthews,Team Jayco AlUla,,,25:41,1541,17330
15,75,finished,37,6994,174,Hills,30,BE,Hermans Quinten,https://www.procyclingstats.com/rider/quinten-hermans,Pinarello Q36.5 Pro Cycling Team,,,25:46,1546,17335
15,76,finished,120,13523,6,Classic,27,BE,Vermeersch Florian,https://www.procyclingstats.com/rider/florian-vermeersch,UAE Team Emirates - XRG,,,",,",1546,17335
15,77,finished,124,13848,227,GC,28,CZ,Otruba Jakub,https://www.procyclingstats.com/rider/jakub-otruba,Caja Rural - Seguros RGA,,,26:25,1585,17374
15,78,finished,102,12494,223,GC,26,AU,Berwick Sebastian,https://www.procyclingstats.com/rider/sebastian-berwick,Caja Rural - Seguros RGA,,,",,",1585,17374
15,79,finished,43,7527,93,Climber,25,FR,Paret-Peintre Valentin,https://www.procyclingstats.com/rider/valentin-paret-peintre,Soudal Quick-Step,,,26:48,1608,17397
15,80,finished,59,9115,181,Classic,23,FR,Grégoire Romain,https://www.procyclingstats.com/rider/romain-gregoire,Groupama - FDJ United,,,",,",1608,17397
15,81,finished,75,10951,185,GC,24,IT,Germani Lorenzo,https://www.procyclingstats.com/rider/lorenzo-germani,Groupama - FDJ United,,,",,",1608,17397
15,82,finished,106,12594,15,Classic,23,NO,Hagenes Per Strand,https://www.procyclingstats.com/rider/per-strand-hagenes,Team Visma | Lease a Bike,,,27:33,1653,17442
15,83,finished,115,13210,172,TT,27,ES,Azparren Xabier Mikel,https://www.procyclingstats.com/rider/xabier-mikel-azparren-irurzun,Pinarello Q36.5 Pro Cycling Team,,,27:45,1665,17454
15,84,finished,28,5643,142,Climber,25,ES,Castrillo Pablo,https://www.procyclingstats.com/rider/pablo-castrillo-zapater,Movistar Team,,,",,",1665,17454
15,85,finished,136,14487,95,Classic,34,NL,van Baarle Dylan,https://www.procyclingstats.com/rider/dylan-van-baarle,Soudal Quick-Step,,,28:18,1698,17487
15,86,finished,72,10645,98,GC,32,BE,Vervaeke Louis,https://www.procyclingstats.com/rider/louis-vervaeke,Soudal Quick-Step,,,",,",1698,17487
15,87,finished,121,13747,207,Classic,32,FR,Turgis Anthony,https://www.procyclingstats.com/rider/anthony-turgis,TotalEnergies,,,28:31,1711,17500
15,88,finished,111,12973,76,Hills,27,AU,Stannard Robert,https://www.procyclingstats.com/rider/robert-stannard,Bahrain - Victorious,,,",,",1711,17500
15,89,finished,139,14649,104,Sprint,25,NL,Marsman Tim,https://www.procyclingstats.com/rider/tim-marsman,Alpecin - Premier Tech,,,29:14,1754,17543
15,90,finished,78,11017,195,Hills,25,NL,Pluimers Rick,https://www.procyclingstats.com/rider/rick-pluimers,Tudor Pro Cycling Team,,,",,",1754,17543
15,91,finished,74,10867,101,Classic,31,NL,van der Poel Mathieu,https://www.procyclingstats.com/rider/mathieu-van-der-poel,Alpecin - Premier Tech,,,",,",1754,17543
15,92,finished,77,11001,94,Classic,34,BE,Stuyven Jasper,https://www.procyclingstats.com/rider/jasper-stuyven,Soudal Quick-Step,,,",,",1754,17543
15,93,finished,104,12553,196,Climber,29,AU,Storer Michael,https://www.procyclingstats.com/rider/michael-storer,Tudor Pro Cycling Team,,,",,",1754,17543
15,94,finished,61,9401,126,Classic,31,NO,Skaarseth Anders,https://www.procyclingstats.com/rider/anders-skaarseth,Uno-X Mobility,,,",,",1754,17543
15,95,finished,18,2760,121,Climber,26,NO,Johannessen Tobias Halland,https://www.procyclingstats.com/rider/tobias-halland-johannessen,Uno-X Mobility,,,",,",1754,17543
15,96,finished,132,14381,155,GC,25,BE,Slock Liam,https://www.procyclingstats.com/rider/liam-slock,Lotto Intermarché,,,",,",1754,17543
15,97,finished,119,13486,107,Classic,32,BE,Rickaert Jonas,https://www.procyclingstats.com/rider/jonas-rickaert,Alpecin - Premier Tech,,,29:40,1780,17569
15,98,finished,101,12457,114,Classic,25,DE,Engelhardt Felix,https://www.procyclingstats.com/rider/felix-engelhardt,Team Jayco AlUla,,,30:12,1812,17601
15,99,finished,122,13808,178,Hills,27,GB,Wright Fred,https://www.procyclingstats.com/rider/alfred-wright,Pinarello Q36.5 Pro Cycling Team,,,",,",1812,17601
15,100,finished,98,12217,175,GC,33,AU,Howson Damien,https://www.procyclingstats.com/rider/damien-howson,Pinarello Q36.5 Pro Cycling Team,,,",,",1812,17601
15,101,finished,83,11279,133,GC,36,NZ,Bennett George,https://www.procyclingstats.com/rider/george-bennett,NSN Cycling Team,,,",,",1812,17601
15,102,finished,114,13155,113,TT,35,AU,Durbridge Luke,https://www.procyclingstats.com/rider/luke-durbridge,Team Jayco AlUla,,,",,",1812,17601
15,103,finished,147,14980,103,Classic,35,CH,Dillier Silvan,https://www.procyclingstats.com/rider/silvan-dillier,Alpecin - Premier Tech,,,",,",1812,17601
15,104,finished,110,12905,145,Hills,25,DE,Hessmann Michel,https://www.procyclingstats.com/rider/michel-hessmann,Movistar Team,,,",,",1812,17601
15,105,finished,100,12384,108,Climber,24,BE,Verstrynge Emiel,https://www.procyclingstats.com/rider/emiel-verstrynge,Alpecin - Premier Tech,,,",,",1812,17601
15,106,finished,71,10629,163,Classic,30,ES,Aranburu Alex,https://www.procyclingstats.com/rider/alex-aranburu,Cofidis,,,",,",1812,17601
15,107,finished,88,11555,143,GC,30,EC,Cepeda Jefferson Alveiro,https://www.procyclingstats.com/rider/jefferson-cepeda-hernandez,Movistar Team,,,",,",1812,17601
15,108,finished,103,12531,23,Hills,32,DE,Denz Nico,https://www.procyclingstats.com/rider/nico-denz,Red Bull - BORA - hansgrohe,,,",,",1812,17601
15,109,finished,70,10607,125,GC,26,NO,Johannessen Anders Halland,https://www.procyclingstats.com/rider/anders-halland-johannessen,Uno-X Mobility,,,",,",1812,17601
15,110,finished,151,15092,193,Classic,35,AT,Haller Marco,https://www.procyclingstats.com/rider/marco-haller,Tudor Pro Cycling Team,,,30:16,1816,17605
15,111,finished,133,14412,191,Classic,34,FR,Alaphilippe Julian,https://www.procyclingstats.com/rider/julian-alaphilippe,Tudor Pro Cycling Team,,,",,",1816,17605
15,112,finished,145,14964,216,Sprint,27,DE,Märkl Niklas,https://www.procyclingstats.com/rider/niklas-markl,Team Picnic PostNL,,,30:48,1848,17637
15,113,finished,150,15081,112,Sprint,32,DE,Ackermann Pascal,https://www.procyclingstats.com/rider/pascal-ackermann,Team Jayco AlUla,,,31:17,1877,17666
15,114,finished,93,11732,158,Classic,28,DE,Zimmermann Georg,https://www.procyclingstats.com/rider/georg-zimmermann,Lotto Intermarché,,,",,",1877,17666
15,115,finished,143,14882,213,Sprint,23,CZ,Bittner Pavel,https://www.procyclingstats.com/rider/pavel-bittner,Team Picnic PostNL,,,31:50,1910,17699
15,116,finished,118,13466,106,Classic,31,BE,Planckaert Edward,https://www.procyclingstats.com/rider/edward-planckaert,Alpecin - Premier Tech,,,",,",1910,17699
15,117,finished,157,15655,165,Classic,25,BE,Fretin Milan,https://www.procyclingstats.com/rider/milan-fretin,Cofidis,,,32:07,1927,17716
15,118,finished,107,12770,48,TT,25,GB,Walker Max,https://www.procyclingstats.com/rider/max-walker,EF Education - EasyPost,,,32:11,1931,17720
15,119,finished,87,11525,42,TT,31,DK,Asgreen Kasper,https://www.procyclingstats.com/rider/kasper-asgreen,EF Education - EasyPost,,,",,",1931,17720
15,120,finished,99,12379,124,Hills,33,DK,Cort Magnus,https://www.procyclingstats.com/rider/magnus-cort-nielsen,Uno-X Mobility,,,32:31,1951,17740
15,121,finished,153,15330,164,Classic,30,BE,Biermans Jenthe,https://www.procyclingstats.com/rider/jenthe-biermans,Cofidis,,,",,",1951,17740
15,122,finished,149,15079,87,TT,22,GB,Tarling Joshua,https://www.procyclingstats.com/rider/joshua-tarling,Netcompany INEOS,,,32:33,1953,17742
15,123,finished,51,8087,194,Classic,27,CH,Hirschi Marc,https://www.procyclingstats.com/rider/marc-hirschi,Tudor Pro Cycling Team,,,33:04,1984,17773
15,124,finished,125,13889,66,Classic,33,NL,Teunissen Mike,https://www.procyclingstats.com/rider/mike-teunissen,XDS Astana Team,,,",,",1984,17773
15,125,finished,62,9572,154,GC,24,BE,Craps Lars,https://www.procyclingstats.com/rider/lars-craps,Lotto Intermarché,,,33:17,1997,17786
15,126,finished,81,11269,78,Sprint,22,BE,Van Mechelen Vlad,https://www.procyclingstats.com/rider/vlad-van-mechelen,Bahrain - Victorious,,,",,",1997,17786
15,127,finished,158,15693,157,Hills,26,FR,Veistroffer Baptiste,https://www.procyclingstats.com/rider/baptiste-veistroffer,Lotto Intermarché,,,33:52,2032,17821
15,128,finished,129,14072,167,Classic,24,FR,Page Hugo,https://www.procyclingstats.com/rider/hugo-page,Cofidis,,,",,",2032,17821
15,129,finished,131,14316,85,Hills,30,FR,Godon Dorian,https://www.procyclingstats.com/rider/dorian-godon,Netcompany INEOS,,,34:14,2054,17843
15,130,finished,128,13972,86,Classic,36,PL,Kwiatkowski Michał,https://www.procyclingstats.com/rider/michal-kwiatkowski,Netcompany INEOS,,,",,",2054,17843
15,131,finished,127,13967,84,TT,29,IT,Ganna Filippo,https://www.procyclingstats.com/rider/filippo-ganna,Netcompany INEOS,,,",,",2054,17843
15,132,finished,130,14104,63,GC,35,NZ,Gate Aaron,https://www.procyclingstats.com/rider/aaron-gate,XDS Astana Team,,,34:56,2096,17885
15,133,finished,39,7125,65,Climber,29,CO,Tejada Harold,https://www.procyclingstats.com/rider/harold-tejada,XDS Astana Team,,,",,",2096,17885
15,134,finished,126,13904,226,Hills,28,IT,Oldani Stefano,https://www.procyclingstats.com/rider/stefano-oldani,Caja Rural - Seguros RGA,,,35:23,2123,17912
15,135,finished,156,15652,62,Classic,31,IT,Ballerini Davide,https://www.procyclingstats.com/rider/davide-ballerini,XDS Astana Team,,,",,",2123,17912
15,136,finished,141,14735,12,TT,30,IT,Affini Edoardo,https://www.procyclingstats.com/rider/edoardo-affini,Team Visma | Lease a Bike,,,",,",2123,17912
15,137,finished,146,14977,64,Sprint,28,DE,Kanter Max,https://www.procyclingstats.com/rider/max-kanter,XDS Astana Team,,,",,",2123,17912
15,138,finished,57,8984,202,GC,26,FR,Breuillard Nicolas,https://www.procyclingstats.com/rider/nicolas-breuillard,TotalEnergies,,,35:27,2127,17916
15,139,finished,123,13819,166,TT,34,LU,Kirsch Alex,https://www.procyclingstats.com/rider/alex-kirsch,Cofidis,,,35:50,2150,17939
15,140,finished,50,8075,37,TT,24,CZ,Vacek Mathias,https://www.procyclingstats.com/rider/mathias-vacek,Lidl - Trek,,,",,",2150,17939
15,141,finished,90,11562,33,Classic,30,DK,Pedersen Mads,https://www.procyclingstats.com/rider/mads-pedersen,Lidl - Trek,,,",,",2150,17939
15,142,finished,94,11795,36,Classic,35,LV,Skujiņš Toms,https://www.procyclingstats.com/rider/toms-skujins,Lidl - Trek,,,",,",2150,17939
15,143,finished,138,14575,136,Classic,31,LV,Neilands Krists,https://www.procyclingstats.com/rider/krists-neilands,NSN Cycling Team,,,",,",2150,17939
15,144,finished,166,16349,74,TT,35,PL,Gradek Kamil,https://www.procyclingstats.com/rider/kamil-gradek,Bahrain - Victorious,,,",,",2150,17939
15,145,finished,161,16124,72,Sprint,32,DE,Bauhaus Phil,https://www.procyclingstats.com/rider/phil-bauhaus,Bahrain - Victorious,,,",,",2150,17939
15,146,finished,159,15810,162,Classic,31,BE,Allegaert Piet,https://www.procyclingstats.com/rider/piet-allegaert,Cofidis,,,",,",2150,17939
15,147,finished,85,11430,117,GC,25,AU,Plapp Luke,https://www.procyclingstats.com/rider/luke-plapp,Team Jayco AlUla,,,",,",2150,17939
15,148,finished,162,16178,55,Sprint,24,NL,Kooij Olav,https://www.procyclingstats.com/rider/olav-kooij,Decathlon CMA CGM Team,,,",,",2150,17939
15,149,finished,137,14527,54,TT,27,NL,Hoole Daan,https://www.procyclingstats.com/rider/daan-hoole,Decathlon CMA CGM Team,,,36:37,2197,17986
15,150,finished,116,13448,205,TT,28,FR,Guernalec Thibault,https://www.procyclingstats.com/rider/thibault-guernalec,TotalEnergies,,,36:53,2213,18002
15,151,finished,163,16230,135,Classic,27,FR,Louvel Matis,https://www.procyclingstats.com/rider/matis-louvel,NSN Cycling Team,,,",,",2213,18002
15,152,finished,113,13147,168,TT,30,FR,Thomas Benjamin,https://www.procyclingstats.com/rider/benjamin-thomas-2,Cofidis,,,",,",2213,18002
15,153,finished,108,12850,218,GC,25,NL,van den Broek Frank,https://www.procyclingstats.com/rider/frank-van-den-broek,Team Picnic PostNL,,,37:04,2224,18013
15,154,finished,134,14417,215,GC,22,BE,Dhondt Robbe,https://www.procyclingstats.com/rider/robbe-dhondt,Team Picnic PostNL,,,37:23,2243,18032
15,155,finished,154,15551,214,Classic,37,DE,Degenkolb John,https://www.procyclingstats.com/rider/john-degenkolb,Team Picnic PostNL,,,",,",2243,18032
15,156,finished,160,15960,217,Sprint,29,NL,van den Berg Julius,https://www.procyclingstats.com/rider/julius-van-den-berg,Team Picnic PostNL,,,",,",2243,18032
15,157,finished,164,16326,53,Sprint,30,NL,Bol Cees,https://www.procyclingstats.com/rider/cees-bol,Decathlon CMA CGM Team,,,",,",2243,18032
15,158,finished,135,14449,225,Hills,28,ES,Nicolau Joel,https://www.procyclingstats.com/rider/joel-nicolau,Caja Rural - Seguros RGA,,,",,",2243,18032
15,159,finished,148,14988,105,Sprint,28,BE,Philipsen Jasper,https://www.procyclingstats.com/rider/jasper-philipsen,Alpecin - Premier Tech,,,",,",2243,18032
15,160,finished,144,14891,152,Hills,24,NL,Artz Huub,https://www.procyclingstats.com/rider/huub-artz,Lotto Intermarché,,,",,",2243,18032
15,161,finished,84,11429,208,Hills,25,FR,Vercher Mattéo,https://www.procyclingstats.com/rider/matheo-vercher,TotalEnergies,,,",,",2243,18032
15,162,finished,155,15588,137,Hills,26,GB,Stewart Jake,https://www.procyclingstats.com/rider/jake-stewart,NSN Cycling Team,,,37:27,2247,18036
15,163,finished,140,14724,131,Classic,26,ER,Girmay Biniam,https://www.procyclingstats.com/rider/biniam-girmay,NSN Cycling Team,,,",,",2247,18036
15,164,finished,165,16335,132,Classic,25,GB,Askey Lewis,https://www.procyclingstats.com/rider/lewis-askey,NSN Cycling Team,,,38:16,2296,18085
15,165,finished,152,15286,92,Classic,29,NL,Eenkhoorn Pascal,https://www.procyclingstats.com/rider/pascal-eenkhoorn,Soudal Quick-Step,,,38:37,2317,18106
15,166,finished,142,14853,128,Classic,26,NO,Wærenskjold Søren,https://www.procyclingstats.com/rider/soren-waerenskjold,Uno-X Mobility,,,38:40,2320,18109
15,,DNF,,,91,Sprint,33,BE,Merlier Tim,https://www.procyclingstats.com/rider/tim-merlier,Soudal Quick-Step,,,,,
15,,DNF,,,11,GC,29,DK,Vingegaard Jonas,https://www.procyclingstats.com/rider/jonas-vingegaard,Team Visma | Lease a Bike,,,,,
15,,DNF,,,138,Sprint,36,BE,Van Asbroeck Tom,https://www.procyclingstats.com/rider/tom-van-asbroeck,NSN Cycling Team,,,,,
16,1,finished,2,272,21,Climber,26,BE,Evenepoel Remco,https://www.procyclingstats.com/rider/remco-evenepoel,Red Bull - BORA - hansgrohe,210.0,100.0,",33",0,
16,2,finished,1,0,1,Climber,27,SI,Pogačar Tadej,https://www.procyclingstats.com/rider/tadej-pogacar,UAE Team Emirates - XRG,150.0,70.0,",36",,
16,3,finished,6,614,35,Climber,25,DK,Skjelmose Mattias,https://www.procyclingstats.com/rider/mattias-skjelmose-jensen,Lidl - Trek,110.0,50.0,",31",,
16,4,finished,4,431,51,Climber,19,FR,Seixas Paul,https://www.procyclingstats.com/rider/paul-seixas,Decathlon CMA CGM Team,90.0,40.0,",54",,
16,5,finished,3,411,2,Climber,22,MX,del Toro Isaac,https://www.procyclingstats.com/rider/isaac-del-toro,UAE Team Emirates - XRG,70.0,32.0,",35",,
16,6,finished,45,8032,22,TT,35,IT,Cattaneo Mattia,https://www.procyclingstats.com/rider/mattia-cattaneo,Red Bull - BORA - hansgrohe,55.0,26.0,",95",,
16,7,finished,27,5876,82,GC,26,NL,Arensman Thymen,https://www.procyclingstats.com/rider/thymen-arensman,Netcompany INEOS,45.0,22.0,",92",,
16,8,finished,77,11359,13,TT,32,FR,Armirail Bruno,https://www.procyclingstats.com/rider/bruno-armirail,Team Visma | Lease a Bike,40.0,18.0,",4",,
16,9,finished,25,5735,142,Climber,25,ES,Castrillo Pablo,https://www.procyclingstats.com/rider/pablo-castrillo-zapater,Movistar Team,35.0,14.0,",8",,
16,10,finished,141,15173,87,TT,22,GB,Tarling Joshua,https://www.procyclingstats.com/rider/joshua-tarling,Netcompany INEOS,30.0,10.0,",07",,
16,11,finished,120,14065,84,TT,29,IT,Ganna Filippo,https://www.procyclingstats.com/rider/filippo-ganna,Netcompany INEOS,25.0,8.0,",57",,
16,12,finished,8,778,171,Classic,26,GB,Pidcock Tom,https://www.procyclingstats.com/rider/tom-pidcock,Pinarello Q36.5 Pro Cycling Team,20.0,6.0,",35",,
16,13,finished,32,6727,3,GC,32,AT,Großschartner Felix,https://www.procyclingstats.com/rider/felix-grossschartner,UAE Team Emirates - XRG,15.0,4.0,",47",,
16,14,finished,30,6374,16,GC,27,US,Jorgenson Matteo,https://www.procyclingstats.com/rider/matteo-jorgenson,Team Visma | Lease a Bike,10.0,2.0,",15",,
16,15,finished,5,562,31,Climber,23,ES,Ayuso Juan,https://www.procyclingstats.com/rider/juan-ayuso-pesquera,Lidl - Trek,5.0,1.0,",29",,
16,16,finished,138,15013,152,Hills,24,NL,Artz Huub,https://www.procyclingstats.com/rider/huub-artz,Lotto Intermarché,,,",87",,
16,17,finished,130,14660,54,TT,27,NL,Hoole Daan,https://www.procyclingstats.com/rider/daan-hoole,Decathlon CMA CGM Team,,,",08",,
16,18,finished,114,13586,205,TT,28,FR,Guernalec Thibault,https://www.procyclingstats.com/rider/thibault-guernalec,TotalEnergies,,,",44",,
16,19,finished,65,10300,184,GC,23,FR,Costiou Ewen,https://www.procyclingstats.com/rider/ewen-costiou,Groupama - FDJ United,,,",01",,
16,20,finished,7,770,71,Climber,23,FR,Martinez Lenny,https://www.procyclingstats.com/rider/lenny-martinez,Bahrain - Victorious,,,",97",,
16,21,finished,54,8776,56,GC,30,FR,Paret-Peintre Aurélien,https://www.procyclingstats.com/rider/aurelien-paret-peintre,Decathlon CMA CGM Team,,,",15",,
16,22,finished,18,3184,4,GC,28,US,McNulty Brandon,https://www.procyclingstats.com/rider/brandon-mcnulty,UAE Team Emirates - XRG,,,",27",,
16,23,finished,10,1458,198,GC,27,CH,Voisard Yannis,https://www.procyclingstats.com/rider/yannis-voisard,Tudor Pro Cycling Team,,,",31",,
16,24,finished,47,8199,118,Hills,26,CH,Schmid Mauro,https://www.procyclingstats.com/rider/mauro-schmid,Team Jayco AlUla,,,",57",,
16,25,finished,13,1648,18,GC,24,IT,Piganzoli Davide,https://www.procyclingstats.com/rider/davide-piganzoli,Team Visma | Lease a Bike,,,",11",,
16,26,finished,11,1502,97,GC,26,BE,Van Wilder Ilan,https://www.procyclingstats.com/rider/ilan-van-wilder,Soudal Quick-Step,,,",55",,
16,27,finished,29,6090,32,Climber,28,CA,Gee-West Derek,https://www.procyclingstats.com/rider/derek-gee,Lidl - Trek,,,",77",,
16,28,finished,119,14029,227,GC,28,CZ,Otruba Jakub,https://www.procyclingstats.com/rider/jakub-otruba,Caja Rural - Seguros RGA,,,",6",,
16,29,finished,71,11159,146,TT,37,PT,Oliveira Nelson,https://www.procyclingstats.com/rider/nelson-oliveira,Movistar Team,,,",38",,
16,30,finished,37,7302,58,Climber,24,US,Riccitello Matthew,https://www.procyclingstats.com/rider/matthew-riccitello,Decathlon CMA CGM Team,,,",62",,
16,31,finished,52,8575,222,GC,26,ES,Balderstone Abel,https://www.procyclingstats.com/rider/abel-balderstone-roumens,Caja Rural - Seguros RGA,,,",84",,
16,32,finished,112,13399,172,TT,27,ES,Azparren Xabier Mikel,https://www.procyclingstats.com/rider/xabier-mikel-azparren-irurzun,Pinarello Q36.5 Pro Cycling Team,,,",82",,
16,33,finished,111,13338,168,TT,30,FR,Thomas Benjamin,https://www.procyclingstats.com/rider/benjamin-thomas-2,Cofidis,,,",34",,
16,34,finished,33,7026,28,Classic,26,BE,Van Gils Maxim,https://www.procyclingstats.com/rider/maxim-van-gils,Red Bull - BORA - hansgrohe,,,",95",,
16,35,finished,53,8689,183,Climber,26,FR,Braz Afonso Clément,https://www.procyclingstats.com/rider/clement-braz-afonso,Groupama - FDJ United,,,",11",,
16,36,finished,9,1370,201,Climber,27,FR,Jegat Jordan,https://www.procyclingstats.com/rider/jordan-jegat,TotalEnergies,,,",2",,
16,37,finished,38,7379,144,Climber,25,ES,García Pierna Raúl,https://www.procyclingstats.com/rider/raul-garcia-pierna,Movistar Team,,,",82",,
16,38,finished,57,9324,181,Classic,23,FR,Grégoire Romain,https://www.procyclingstats.com/rider/romain-gregoire,Groupama - FDJ United,,,",15",,
16,39,finished,19,4007,45,GC,26,US,Quinn Sean,https://www.procyclingstats.com/rider/sean-quinn,EF Education - EasyPost,,,",07",,
16,40,finished,97,12672,114,Classic,25,DE,Engelhardt Felix,https://www.procyclingstats.com/rider/felix-engelhardt,Team Jayco AlUla,,,",77",,
16,41,finished,12,1545,41,Climber,33,EC,Carapaz Richard,https://www.procyclingstats.com/rider/richard-carapaz,EF Education - EasyPost,,,",65",,
16,42,finished,41,7729,83,TT,29,NO,Foss Tobias,https://www.procyclingstats.com/rider/tobias-foss,Netcompany INEOS,,,",17",,
16,43,finished,64,10084,73,GC,38,IT,Caruso Damiano,https://www.procyclingstats.com/rider/damiano-caruso,Bahrain - Victorious,,,",9",,
16,44,finished,95,12440,175,GC,33,AU,Howson Damien,https://www.procyclingstats.com/rider/damien-howson,Pinarello Q36.5 Pro Cycling Team,,,",77",,
16,45,finished,78,11471,188,Classic,31,FR,Russo Clément,https://www.procyclingstats.com/rider/clement-russo,Groupama - FDJ United,,,",4",,
16,46,finished,124,14202,86,Classic,36,PL,Kwiatkowski Michał,https://www.procyclingstats.com/rider/michal-kwiatkowski,Netcompany INEOS,,,",08",,
16,47,finished,24,5245,34,Hills,25,US,Simmons Quinn,https://www.procyclingstats.com/rider/quinn-simmons,Lidl - Trek,,,",98",,
16,48,finished,109,13293,67,Classic,30,IT,Velasco Simone,https://www.procyclingstats.com/rider/simone-velasco,XDS Astana Team,,,",23",,
16,49,finished,63,10073,204,Classic,28,FR,Delettre Alexandre,https://www.procyclingstats.com/rider/alexandre-delettre,TotalEnergies,,,",64",,
16,50,finished,15,2703,81,GC,29,CO,Bernal Egan,https://www.procyclingstats.com/rider/egan-bernal,Netcompany INEOS,,,",53",,
16,51,finished,66,10365,187,Hills,34,FR,Pacher Quentin,https://www.procyclingstats.com/rider/quentin-pacher,Groupama - FDJ United,,,",17",,
16,52,finished,55,9170,176,GC,34,BE,Meurisse Xandro,https://www.procyclingstats.com/rider/xandro-meurisse,Pinarello Q36.5 Pro Cycling Team,,,",19",,
16,53,finished,134,14732,95,Classic,34,NL,van Baarle Dylan,https://www.procyclingstats.com/rider/dylan-van-baarle,Soudal Quick-Step,,,",03",,
16,54,finished,51,8535,7,GC,35,BE,Wellens Tim,https://www.procyclingstats.com/rider/tim-wellens,UAE Team Emirates - XRG,,,",29",,
16,55,finished,20,4059,57,GC,29,FR,Prodhomme Nicolas,https://www.procyclingstats.com/rider/nicolas-prodhomme,Decathlon CMA CGM Team,,,",08",,
16,56,finished,35,7219,186,Climber,33,FR,Martin Guillaume,https://www.procyclingstats.com/rider/guillaume-martin,Groupama - FDJ United,,,",56",,
16,57,finished,84,11812,206,Hills,25,FR,Le Berre Mathis,https://www.procyclingstats.com/rider/mathis-le-berre,TotalEnergies,,,",61",,
16,58,finished,40,7633,111,GC,30,AU,O'Connor Ben,https://www.procyclingstats.com/rider/ben-o-connor,Team Jayco AlUla,,,",28",,
16,59,finished,59,9614,47,Classic,34,DK,Valgren Michael,https://www.procyclingstats.com/rider/michael-valgren-andersen,EF Education - EasyPost,,,",87",,
16,60,finished,79,11472,5,Classic,32,DE,Politt Nils,https://www.procyclingstats.com/rider/nils-politt,UAE Team Emirates - XRG,,,",22",,
16,61,finished,132,14713,225,Hills,28,ES,Nicolau Joel,https://www.procyclingstats.com/rider/joel-nicolau,Caja Rural - Seguros RGA,,,",2",,
16,62,finished,34,7131,77,GC,25,IT,Tiberi Antonio,https://www.procyclingstats.com/rider/antonio-tiberi,Bahrain - Victorious,,,",55",,
16,63,finished,56,9252,202,GC,26,FR,Breuillard Nicolas,https://www.procyclingstats.com/rider/nicolas-breuillard,TotalEnergies,,,",54",,
16,64,finished,42,7803,93,Climber,25,FR,Paret-Peintre Valentin,https://www.procyclingstats.com/rider/valentin-paret-peintre,Soudal Quick-Step,,,",24",,
16,65,finished,136,14852,136,Classic,31,LV,Neilands Krists,https://www.procyclingstats.com/rider/krists-neilands,NSN Cycling Team,,,",55",,
16,66,finished,31,6476,88,GC,25,FR,Vauquelin Kévin,https://www.procyclingstats.com/rider/kevin-vauquelin,Netcompany INEOS,,,",05",,
16,67,finished,87,11853,122,Classic,30,NO,Abrahamsen Jonas,https://www.procyclingstats.com/rider/jonas-abrahamsen,Uno-X Mobility,,,",29",,
16,68,finished,49,8358,37,TT,24,CZ,Vacek Mathias,https://www.procyclingstats.com/rider/mathias-vacek,Lidl - Trek,,,",9",,
16,69,finished,86,11846,33,Classic,30,DK,Pedersen Mads,https://www.procyclingstats.com/rider/mads-pedersen,Lidl - Trek,,,",97",,
16,70,finished,22,4663,24,Climber,30,AU,Hindley Jai,https://www.procyclingstats.com/rider/jai-hindley,Red Bull - BORA - hansgrohe,,,",97",,
16,71,finished,62,10063,115,Classic,35,AU,Matthews Michael,https://www.procyclingstats.com/rider/michael-matthews,Team Jayco AlUla,,,",01",,
16,72,finished,131,14697,191,Classic,34,FR,Alaphilippe Julian,https://www.procyclingstats.com/rider/julian-alaphilippe,Tudor Pro Cycling Team,,,",62",,
16,73,finished,75,11302,195,Hills,25,NL,Pluimers Rick,https://www.procyclingstats.com/rider/rick-pluimers,Tudor Pro Cycling Team,,,",63",,
16,74,finished,44,7920,43,Climber,25,FR,Baudin Alex,https://www.procyclingstats.com/rider/alex-baudin,EF Education - EasyPost,,,",31",,
16,75,finished,36,7284,174,Hills,30,BE,Hermans Quinten,https://www.procyclingstats.com/rider/quinten-hermans,Pinarello Q36.5 Pro Cycling Team,,,",85",,
16,76,finished,43,7871,228,GC,29,ES,Parra José Félix,https://www.procyclingstats.com/rider/jose-felix-parra,Caja Rural - Seguros RGA,,,",32",,
16,77,finished,96,12442,134,Climber,26,IT,Frigo Marco,https://www.procyclingstats.com/rider/marco-frigo,NSN Cycling Team,,,",82",,
16,78,finished,74,11294,94,Classic,34,BE,Stuyven Jasper,https://www.procyclingstats.com/rider/jasper-stuyven,Soudal Quick-Step,,,",11",,
16,79,finished,153,15948,165,Classic,25,BE,Fretin Milan,https://www.procyclingstats.com/rider/milan-fretin,Cofidis,,,",38",,
16,80,finished,91,12026,158,Classic,28,DE,Zimmermann Georg,https://www.procyclingstats.com/rider/georg-zimmermann,Lotto Intermarché,,,",81",,
16,81,finished,94,12222,68,GC,24,KZ,Vinokurov Nicolas,https://www.procyclingstats.com/rider/nicolas-vinokurov,XDS Astana Team,,,",11",,
16,82,finished,82,11726,208,Hills,25,FR,Vercher Mattéo,https://www.procyclingstats.com/rider/matheo-vercher,TotalEnergies,,,",47",,
16,83,finished,48,8239,61,Climber,28,CO,Higuita Sergio,https://www.procyclingstats.com/rider/sergio-higuita,XDS Astana Team,,,",49",,
16,84,finished,26,5830,148,Climber,28,CO,Rubio Einer,https://www.procyclingstats.com/rider/einer-rubio,Movistar Team,,,",37",,
16,85,finished,14,1754,8,Climber,33,GB,Yates Adam,https://www.procyclingstats.com/rider/adam-yates,UAE Team Emirates - XRG,,,",1",,
16,86,finished,83,11733,117,GC,25,AU,Plapp Luke,https://www.procyclingstats.com/rider/luke-plapp,Team Jayco AlUla,,,",39",,
16,87,finished,129,14620,85,Hills,30,FR,Godon Dorian,https://www.procyclingstats.com/rider/dorian-godon,Netcompany INEOS,,,",39",,
16,88,finished,21,4532,52,Classic,32,BE,Benoot Tiesj,https://www.procyclingstats.com/rider/tiesj-benoot,Decathlon CMA CGM Team,,,",03",,
16,89,finished,127,14380,167,Classic,24,FR,Page Hugo,https://www.procyclingstats.com/rider/hugo-page,Cofidis,,,",82",,
16,90,finished,85,11833,42,TT,31,DK,Asgreen Kasper,https://www.procyclingstats.com/rider/kasper-asgreen,EF Education - EasyPost,,,",94",,
16,91,finished,122,14134,166,TT,34,LU,Kirsch Alex,https://www.procyclingstats.com/rider/alex-kirsch,Cofidis,,,",81",,
16,92,finished,58,9370,203,GC,26,FR,Delbove Joris,https://www.procyclingstats.com/rider/joris-delbove,TotalEnergies,,,",08",,
16,93,finished,116,13781,106,Classic,31,BE,Planckaert Edward,https://www.procyclingstats.com/rider/edward-planckaert,Alpecin - Premier Tech,,,",61",,
16,94,finished,117,13804,107,Classic,32,BE,Rickaert Jonas,https://www.procyclingstats.com/rider/jonas-rickaert,Alpecin - Premier Tech,,,",81",,
16,95,finished,100,12812,223,GC,26,AU,Berwick Sebastian,https://www.procyclingstats.com/rider/sebastian-berwick,Caja Rural - Seguros RGA,,,",96",,
16,96,finished,72,11186,101,Classic,31,NL,van der Poel Mathieu,https://www.procyclingstats.com/rider/mathieu-van-der-poel,Alpecin - Premier Tech,,,",67",,
16,97,finished,92,12119,177,Classic,28,BE,Van Moer Brent,https://www.procyclingstats.com/rider/brent-van-moer,Pinarello Q36.5 Pro Cycling Team,,,",0",,
16,98,finished,16,3079,121,Climber,26,NO,Johannessen Tobias Halland,https://www.procyclingstats.com/rider/tobias-halland-johannessen,Uno-X Mobility,,,",6",,
16,99,finished,46,8115,161,GC,37,ES,Izagirre Ion,https://www.procyclingstats.com/rider/ion-izagirre,Cofidis,,,",86",,
16,100,finished,139,15055,12,TT,30,IT,Affini Edoardo,https://www.procyclingstats.com/rider/edoardo-affini,Team Visma | Lease a Bike,,,",93",,
16,101,finished,105,13090,48,TT,25,GB,Walker Max,https://www.procyclingstats.com/rider/max-walker,EF Education - EasyPost,,,",2",,
16,102,finished,101,12853,23,Hills,32,DE,Denz Nico,https://www.procyclingstats.com/rider/nico-denz,Red Bull - BORA - hansgrohe,,,",17",,
16,103,finished,125,14227,226,Hills,28,IT,Oldani Stefano,https://www.procyclingstats.com/rider/stefano-oldani,Caja Rural - Seguros RGA,,,",22",,
16,104,finished,102,12879,196,Climber,29,AU,Storer Michael,https://www.procyclingstats.com/rider/michael-storer,Tudor Pro Cycling Team,,,",78",,
16,105,finished,69,10955,163,Classic,30,ES,Aranburu Alex,https://www.procyclingstats.com/rider/alex-aranburu,Cofidis,,,",05",,
16,106,finished,148,15408,112,Sprint,32,DE,Ackermann Pascal,https://www.procyclingstats.com/rider/pascal-ackermann,Team Jayco AlUla,,,",98",,
16,107,finished,123,14136,178,Hills,27,GB,Wright Fred,https://www.procyclingstats.com/rider/alfred-wright,Pinarello Q36.5 Pro Cycling Team,,,",95",,
16,108,finished,115,13776,46,Climber,24,DE,Steinhauser Georg,https://www.procyclingstats.com/rider/georg-steinhauser,EF Education - EasyPost,,,",21",,
16,109,finished,110,13303,76,Hills,27,AU,Stannard Robert,https://www.procyclingstats.com/rider/robert-stannard,Bahrain - Victorious,,,",52",,
16,110,finished,128,14436,63,GC,35,NZ,Gate Aaron,https://www.procyclingstats.com/rider/aaron-gate,XDS Astana Team,,,",35",,
16,111,finished,68,10939,125,GC,26,NO,Johannessen Anders Halland,https://www.procyclingstats.com/rider/anders-halland-johannessen,Uno-X Mobility,,,",61",,
16,112,finished,133,14714,155,GC,25,BE,Slock Liam,https://www.procyclingstats.com/rider/liam-slock,Lotto Intermarché,,,",57",,
16,113,finished,60,9736,126,Classic,31,NO,Skaarseth Anders,https://www.procyclingstats.com/rider/anders-skaarseth,Uno-X Mobility,,,",33",,
16,114,finished,113,13490,113,TT,35,AU,Durbridge Luke,https://www.procyclingstats.com/rider/luke-durbridge,Team Jayco AlUla,,,",56",,
16,115,finished,137,14985,104,Sprint,25,NL,Marsman Tim,https://www.procyclingstats.com/rider/tim-marsman,Alpecin - Premier Tech,,,",78",,
16,116,finished,158,16297,217,Sprint,29,NL,van den Berg Julius,https://www.procyclingstats.com/rider/julius-van-den-berg,Team Picnic PostNL,,,",62",,
16,117,finished,89,11915,26,TT,36,SI,Tratnik Jan,https://www.procyclingstats.com/rider/jan-tratnik,Red Bull - BORA - hansgrohe,,,",78",,
16,118,finished,67,10405,44,Climber,25,IE,Healy Ben,https://www.procyclingstats.com/rider/ben-healy,EF Education - EasyPost,,,",91",,
16,119,finished,93,12136,36,Classic,35,LV,Skujiņš Toms,https://www.procyclingstats.com/rider/toms-skujins,Lidl - Trek,,,",57",,
16,120,finished,50,8431,194,Classic,27,CH,Hirschi Marc,https://www.procyclingstats.com/rider/marc-hirschi,Tudor Pro Cycling Team,,,",65",,
16,121,finished,118,13868,6,Classic,27,BE,Vermeersch Florian,https://www.procyclingstats.com/rider/florian-vermeersch,UAE Team Emirates - XRG,,,",67",,
16,122,finished,103,12916,211,Climber,34,FR,Barguil Warren,https://www.procyclingstats.com/rider/warren-barguil,Team Picnic PostNL,,,",57",,
16,123,finished,80,11617,78,Sprint,22,BE,Van Mechelen Vlad,https://www.procyclingstats.com/rider/vlad-van-mechelen,Bahrain - Victorious,,,",13",,
16,124,finished,23,4885,38,GC,33,ES,Verona Carlos,https://www.procyclingstats.com/rider/carlos-verona,Lidl - Trek,,,",65",,
16,125,finished,17,3089,17,Climber,31,US,Kuss Sepp,https://www.procyclingstats.com/rider/sepp-kuss,Team Visma | Lease a Bike,,,",0",,
16,126,finished,107,13257,145,Hills,25,DE,Hessmann Michel,https://www.procyclingstats.com/rider/michel-hessmann,Movistar Team,,,",88",,
16,127,finished,150,15682,164,Classic,30,BE,Biermans Jenthe,https://www.procyclingstats.com/rider/jenthe-biermans,Cofidis,,,",91",,
16,128,finished,156,16045,157,Hills,26,FR,Veistroffer Baptiste,https://www.procyclingstats.com/rider/baptiste-veistroffer,Lotto Intermarché,,,",25",,
16,129,finished,76,11306,185,GC,24,IT,Germani Lorenzo,https://www.procyclingstats.com/rider/lorenzo-germani,Groupama - FDJ United,,,",37",,
16,130,finished,149,15447,193,Classic,35,AT,Haller Marco,https://www.procyclingstats.com/rider/marco-haller,Tudor Pro Cycling Team,,,",83",,
16,131,finished,121,14102,207,Classic,32,FR,Turgis Anthony,https://www.procyclingstats.com/rider/anthony-turgis,TotalEnergies,,,",88",,
16,132,finished,98,12743,108,Climber,24,BE,Verstrynge Emiel,https://www.procyclingstats.com/rider/emiel-verstrynge,Alpecin - Premier Tech,,,",1",,
16,133,finished,154,15950,137,Hills,26,GB,Stewart Jake,https://www.procyclingstats.com/rider/jake-stewart,NSN Cycling Team,,,",85",,
16,134,finished,155,16015,62,Classic,31,IT,Ballerini Davide,https://www.procyclingstats.com/rider/davide-ballerini,XDS Astana Team,,,",4",,
16,135,finished,163,16698,132,Classic,25,GB,Askey Lewis,https://www.procyclingstats.com/rider/lewis-askey,NSN Cycling Team,,,",56",,
16,136,finished,162,16690,53,Sprint,30,NL,Bol Cees,https://www.procyclingstats.com/rider/cees-bol,Decathlon CMA CGM Team,,,",58",,
16,137,finished,159,16489,72,Sprint,32,DE,Bauhaus Phil,https://www.procyclingstats.com/rider/phil-bauhaus,Bahrain - Victorious,,,",02",,
16,138,finished,135,14782,215,GC,22,BE,Dhondt Robbe,https://www.procyclingstats.com/rider/robbe-dhondt,Team Picnic PostNL,,,",49",,
16,139,finished,160,16544,55,Sprint,24,NL,Kooij Olav,https://www.procyclingstats.com/rider/olav-kooij,Decathlon CMA CGM Team,,,",39",,
16,140,finished,99,12746,124,Hills,33,DK,Cort Magnus,https://www.procyclingstats.com/rider/magnus-cort-nielsen,Uno-X Mobility,,,",79",,
16,141,finished,73,11231,14,TT,34,BE,Campenaerts Victor,https://www.procyclingstats.com/rider/victor-campenaerts,Team Visma | Lease a Bike,,,",91",,
16,142,finished,164,16719,74,TT,35,PL,Gradek Kamil,https://www.procyclingstats.com/rider/kamil-gradek,Bahrain - Victorious,,,",1",,
16,143,finished,61,10032,147,GC,27,ES,Romo Javier,https://www.procyclingstats.com/rider/javier-romo,Movistar Team,,,",88",,
16,144,finished,126,14260,66,Classic,33,NL,Teunissen Mike,https://www.procyclingstats.com/rider/mike-teunissen,XDS Astana Team,,,",56",,
16,145,finished,70,11017,98,GC,32,BE,Vervaeke Louis,https://www.procyclingstats.com/rider/louis-vervaeke,Soudal Quick-Step,,,",27",,
16,146,finished,88,11870,75,Classic,31,SI,Mohorič Matej,https://www.procyclingstats.com/rider/matej-mohoric,Bahrain - Victorious,,,",42",,
16,147,finished,152,15928,214,Classic,37,DE,Degenkolb John,https://www.procyclingstats.com/rider/john-degenkolb,Team Picnic PostNL,,,",29",,
16,148,finished,145,15355,64,Sprint,28,DE,Kanter Max,https://www.procyclingstats.com/rider/max-kanter,XDS Astana Team,,,",81",,
16,149,finished,161,16608,135,Classic,27,FR,Louvel Matis,https://www.procyclingstats.com/rider/matis-louvel,NSN Cycling Team,,,",96",,
16,150,finished,28,5992,156,Climber,25,BE,Van Eetvelt Lennert,https://www.procyclingstats.com/rider/lennert-van-eetvelt,Lotto Intermarché,,,",65",,
16,151,finished,104,12975,15,Classic,23,NO,Hagenes Per Strand,https://www.procyclingstats.com/rider/per-strand-hagenes,Team Visma | Lease a Bike,,,",24",,
16,152,finished,106,13234,218,GC,25,NL,van den Broek Frank,https://www.procyclingstats.com/rider/frank-van-den-broek,Team Picnic PostNL,,,",67",,
16,153,finished,147,15374,105,Sprint,28,BE,Philipsen Jasper,https://www.procyclingstats.com/rider/jasper-philipsen,Alpecin - Premier Tech,,,",27",,
16,154,finished,81,11666,133,GC,36,NZ,Bennett George,https://www.procyclingstats.com/rider/george-bennett,NSN Cycling Team,,,",04",,
16,155,finished,146,15369,103,Classic,35,CH,Dillier Silvan,https://www.procyclingstats.com/rider/silvan-dillier,Alpecin - Premier Tech,,,",47",,
16,156,finished,142,15242,128,Classic,26,NO,Wærenskjold Søren,https://www.procyclingstats.com/rider/soren-waerenskjold,Uno-X Mobility,,,",82",,
16,157,finished,108,13283,27,Classic,26,NL,van Dijke Tim,https://www.procyclingstats.com/rider/tim-van-dijke,Red Bull - BORA - hansgrohe,,,",61",,
16,158,finished,144,15354,216,Sprint,27,DE,Märkl Niklas,https://www.procyclingstats.com/rider/niklas-markl,Team Picnic PostNL,,,",94",,
16,159,finished,39,7520,65,Climber,29,CO,Tejada Harold,https://www.procyclingstats.com/rider/harold-tejada,XDS Astana Team,,,",87",,
16,160,finished,143,15278,213,Sprint,23,CZ,Bittner Pavel,https://www.procyclingstats.com/rider/pavel-bittner,Team Picnic PostNL,,,",12",,
16,161,finished,90,11964,143,GC,30,EC,Cepeda Jefferson Alveiro,https://www.procyclingstats.com/rider/jefferson-cepeda-hernandez,Movistar Team,,,",44",,
16,162,finished,140,15142,131,Classic,26,ER,Girmay Biniam,https://www.procyclingstats.com/rider/biniam-girmay,NSN Cycling Team,,,",15",,
16,163,finished,157,16234,162,Classic,31,BE,Allegaert Piet,https://www.procyclingstats.com/rider/piet-allegaert,Cofidis,,,",11",,
16,164,finished,151,15718,92,Classic,29,NL,Eenkhoorn Pascal,https://www.procyclingstats.com/rider/pascal-eenkhoorn,Soudal Quick-Step,,,",83",,
16,,DNF,,,25,GC,25,DE,Lipowitz Florian,https://www.procyclingstats.com/rider/florian-lipowitz,Red Bull - BORA - hansgrohe,,,,,
16,,DNS,,,154,GC,24,BE,Craps Lars,https://www.procyclingstats.com/rider/lars-craps,Lotto Intermarché,,,,,
17,1,finished,137,14838,105,Sprint,28,BE,Philipsen Jasper,https://www.procyclingstats.com/rider/jasper-philipsen,Alpecin - Premier Tech,210.0,100.0,3:41:13,0,13273
17,2,finished,42,7667,118,Hills,26,CH,Schmid Mauro,https://www.procyclingstats.com/rider/mauro-schmid,Team Jayco AlUla,150.0,70.0,",,",0,13273
17,3,finished,154,16014,55,Sprint,24,NL,Kooij Olav,https://www.procyclingstats.com/rider/olav-kooij,Decathlon CMA CGM Team,110.0,50.0,",,",0,13273
17,4,finished,158,16172,132,Classic,25,GB,Askey Lewis,https://www.procyclingstats.com/rider/lewis-askey,NSN Cycling Team,90.0,40.0,",,",0,13273
17,5,finished,69,10776,195,Hills,25,NL,Pluimers Rick,https://www.procyclingstats.com/rider/rick-pluimers,Tudor Pro Cycling Team,70.0,32.0,",,",0,13273
17,6,finished,71,10945,188,Classic,31,FR,Russo Clément,https://www.procyclingstats.com/rider/clement-russo,Groupama - FDJ United,55.0,26.0,",,",0,13273
17,7,finished,130,14487,152,Hills,24,NL,Artz Huub,https://www.procyclingstats.com/rider/huub-artz,Lotto Intermarché,45.0,22.0,",,",0,13273
17,8,finished,79,11320,33,Classic,30,DK,Pedersen Mads,https://www.procyclingstats.com/rider/mads-pedersen,Lidl - Trek,40.0,18.0,",,",0,13273
17,9,finished,59,9537,115,Classic,35,AU,Matthews Michael,https://www.procyclingstats.com/rider/michael-matthews,Team Jayco AlUla,35.0,14.0,",,",0,13273
17,10,finished,121,13910,63,GC,35,NZ,Gate Aaron,https://www.procyclingstats.com/rider/aaron-gate,XDS Astana Team,30.0,10.0,",,",0,13273
17,11,finished,68,10660,101,Classic,31,NL,van der Poel Mathieu,https://www.procyclingstats.com/rider/mathieu-van-der-poel,Alpecin - Premier Tech,25.0,8.0,",,",0,13273
17,12,finished,118,13854,167,Classic,24,FR,Page Hugo,https://www.procyclingstats.com/rider/hugo-page,Cofidis,20.0,6.0,",,",0,13273
17,13,finished,80,11344,75,Classic,31,SI,Mohorič Matej,https://www.procyclingstats.com/rider/matej-mohoric,Bahrain - Victorious,15.0,4.0,",,",0,13273
17,14,finished,9,844,201,Climber,27,FR,Jegat Jordan,https://www.procyclingstats.com/rider/jordan-jegat,TotalEnergies,10.0,2.0,",,",0,13273
17,15,finished,47,8049,222,GC,26,ES,Balderstone Abel,https://www.procyclingstats.com/rider/abel-balderstone-roumens,Caja Rural - Seguros RGA,5.0,1.0,",,",0,13273
17,16,finished,54,8844,203,GC,26,FR,Delbove Joris,https://www.procyclingstats.com/rider/joris-delbove,TotalEnergies,,,",,",0,13273
17,17,finished,35,6853,144,Climber,25,ES,García Pierna Raúl,https://www.procyclingstats.com/rider/raul-garcia-pierna,Movistar Team,,,",,",0,13273
17,18,finished,83,11500,158,Classic,28,DE,Zimmermann Georg,https://www.procyclingstats.com/rider/georg-zimmermann,Lotto Intermarché,,,",,",0,13273
17,19,finished,32,6693,186,Climber,33,FR,Martin Guillaume,https://www.procyclingstats.com/rider/guillaume-martin,Groupama - FDJ United,,,",,",0,13273
17,20,finished,34,6758,174,Hills,30,BE,Hermans Quinten,https://www.procyclingstats.com/rider/quinten-hermans,Pinarello Q36.5 Pro Cycling Team,,,",,",0,13273
17,21,finished,23,4719,34,Hills,25,US,Simmons Quinn,https://www.procyclingstats.com/rider/quinn-simmons,Lidl - Trek,,,",,",0,13273
17,22,finished,22,4137,24,Climber,30,AU,Hindley Jai,https://www.procyclingstats.com/rider/jai-hindley,Red Bull - BORA - hansgrohe,,,",,",0,13273
17,23,finished,94,12327,23,Hills,32,DE,Denz Nico,https://www.procyclingstats.com/rider/nico-denz,Red Bull - BORA - hansgrohe,,,",,",0,13273
17,24,finished,98,12449,15,Classic,23,NO,Hagenes Per Strand,https://www.procyclingstats.com/rider/per-strand-hagenes,Team Visma | Lease a Bike,,,",,",0,13273
17,25,finished,41,7394,43,Climber,25,FR,Baudin Alex,https://www.procyclingstats.com/rider/alex-baudin,EF Education - EasyPost,,,",,",0,13273
17,26,finished,132,14647,87,TT,22,GB,Tarling Joshua,https://www.procyclingstats.com/rider/joshua-tarling,Netcompany INEOS,,,",,",0,13273
17,27,finished,20,4022,52,Classic,32,BE,Benoot Tiesj,https://www.procyclingstats.com/rider/tiesj-benoot,Decathlon CMA CGM Team,,,0:16,16,13289
17,28,finished,55,9108,47,Classic,34,DK,Valgren Michael,https://www.procyclingstats.com/rider/michael-valgren-andersen,EF Education - EasyPost,,,0:20,20,13293
17,29,finished,25,5236,142,Climber,25,ES,Castrillo Pablo,https://www.procyclingstats.com/rider/pablo-castrillo-zapater,Movistar Team,,,0:27,27,13300
17,30,finished,27,5599,32,Climber,28,CA,Gee-West Derek,https://www.procyclingstats.com/rider/derek-gee,Lidl - Trek,,,0:35,35,13308
17,31,finished,129,14301,215,GC,22,BE,Dhondt Robbe,https://www.procyclingstats.com/rider/robbe-dhondt,Team Picnic PostNL,,,0:45,45,13318
17,32,finished,26,5349,148,Climber,28,CO,Rubio Einer,https://www.procyclingstats.com/rider/einer-rubio,Movistar Team,,,",,",45,13318
17,33,finished,73,10996,5,Classic,32,DE,Politt Nils,https://www.procyclingstats.com/rider/nils-politt,UAE Team Emirates - XRG,,,0:50,50,13323
17,34,finished,70,10880,94,Classic,34,BE,Stuyven Jasper,https://www.procyclingstats.com/rider/jasper-stuyven,Soudal Quick-Step,,,1:52,112,13385
17,35,finished,62,10000,44,Climber,25,IE,Healy Ben,https://www.procyclingstats.com/rider/ben-healy,EF Education - EasyPost,,,2:01,121,13394
17,36,finished,38,7171,65,Climber,29,CO,Tejada Harold,https://www.procyclingstats.com/rider/harold-tejada,XDS Astana Team,,,2:57,177,13450
17,37,finished,14,2354,81,GC,29,CO,Bernal Egan,https://www.procyclingstats.com/rider/egan-bernal,Netcompany INEOS,,,",,",177,13450
17,38,finished,30,6025,16,GC,27,US,Jorgenson Matteo,https://www.procyclingstats.com/rider/matteo-jorgenson,Team Visma | Lease a Bike,,,",,",177,13450
17,39,finished,77,11274,78,Sprint,22,BE,Van Mechelen Vlad,https://www.procyclingstats.com/rider/vlad-van-mechelen,Bahrain - Victorious,,,3:03,183,13456
17,40,finished,82,11474,206,Hills,25,FR,Le Berre Mathis,https://www.procyclingstats.com/rider/mathis-le-berre,TotalEnergies,,,3:08,188,13461
17,41,finished,51,8358,183,Climber,26,FR,Braz Afonso Clément,https://www.procyclingstats.com/rider/clement-braz-afonso,Groupama - FDJ United,,,3:15,195,13468
17,42,finished,120,13878,86,Classic,36,PL,Kwiatkowski Michał,https://www.procyclingstats.com/rider/michal-kwiatkowski,Netcompany INEOS,,,3:22,202,13475
17,43,finished,95,12348,114,Classic,25,DE,Engelhardt Felix,https://www.procyclingstats.com/rider/felix-engelhardt,Team Jayco AlUla,,,",,",202,13475
17,44,finished,40,7356,111,GC,30,AU,O'Connor Ben,https://www.procyclingstats.com/rider/ben-o-connor,Team Jayco AlUla,,,4:09,249,13522
17,45,finished,114,13541,106,Classic,31,BE,Planckaert Edward,https://www.procyclingstats.com/rider/edward-planckaert,Alpecin - Premier Tech,,,4:46,286,13559
17,46,finished,99,12503,108,Climber,24,BE,Verstrynge Emiel,https://www.procyclingstats.com/rider/emiel-verstrynge,Alpecin - Premier Tech,,,",,",286,13559
17,47,finished,74,11000,14,TT,34,BE,Campenaerts Victor,https://www.procyclingstats.com/rider/victor-campenaerts,Team Visma | Lease a Bike,,,4:55,295,13568
17,48,finished,119,13868,6,Classic,27,BE,Vermeersch Florian,https://www.procyclingstats.com/rider/florian-vermeersch,UAE Team Emirates - XRG,,,8:46,526,13799
17,49,finished,33,6727,3,GC,32,AT,Großschartner Felix,https://www.procyclingstats.com/rider/felix-grossschartner,UAE Team Emirates - XRG,,,",,",526,13799
17,50,finished,1,0,1,Climber,27,SI,Pogačar Tadej,https://www.procyclingstats.com/rider/tadej-pogacar,UAE Team Emirates - XRG,,,",,",526,13799
17,51,finished,18,3184,4,GC,28,US,McNulty Brandon,https://www.procyclingstats.com/rider/brandon-mcnulty,UAE Team Emirates - XRG,,,",,",526,13799
17,52,finished,3,411,2,Climber,22,MX,del Toro Isaac,https://www.procyclingstats.com/rider/isaac-del-toro,UAE Team Emirates - XRG,,,",,",526,13799
17,53,finished,107,13283,27,Classic,26,NL,van Dijke Tim,https://www.procyclingstats.com/rider/tim-van-dijke,Red Bull - BORA - hansgrohe,,,",,",526,13799
17,54,finished,89,11915,26,TT,36,SI,Tratnik Jan,https://www.procyclingstats.com/rider/jan-tratnik,Red Bull - BORA - hansgrohe,,,",,",526,13799
17,55,finished,36,7026,28,Classic,26,BE,Van Gils Maxim,https://www.procyclingstats.com/rider/maxim-van-gils,Red Bull - BORA - hansgrohe,,,",,",526,13799
17,56,finished,46,8032,22,TT,35,IT,Cattaneo Mattia,https://www.procyclingstats.com/rider/mattia-cattaneo,Red Bull - BORA - hansgrohe,,,",,",526,13799
17,57,finished,2,272,21,Climber,26,BE,Evenepoel Remco,https://www.procyclingstats.com/rider/remco-evenepoel,Red Bull - BORA - hansgrohe,,,",,",526,13799
17,58,finished,21,4059,57,GC,29,FR,Prodhomme Nicolas,https://www.procyclingstats.com/rider/nicolas-prodhomme,Decathlon CMA CGM Team,,,",,",526,13799
17,59,finished,4,431,51,Climber,19,FR,Seixas Paul,https://www.procyclingstats.com/rider/paul-seixas,Decathlon CMA CGM Team,,,",,",526,13799
17,60,finished,53,8776,56,GC,30,FR,Paret-Peintre Aurélien,https://www.procyclingstats.com/rider/aurelien-paret-peintre,Decathlon CMA CGM Team,,,",,",526,13799
17,61,finished,39,7302,58,Climber,24,US,Riccitello Matthew,https://www.procyclingstats.com/rider/matthew-riccitello,Decathlon CMA CGM Team,,,",,",526,13799
17,62,finished,6,614,35,Climber,25,DK,Skjelmose Mattias,https://www.procyclingstats.com/rider/mattias-skjelmose-jensen,Lidl - Trek,,,",,",526,13799
17,63,finished,92,12136,36,Classic,35,LV,Skujiņš Toms,https://www.procyclingstats.com/rider/toms-skujins,Lidl - Trek,,,",,",526,13799
17,64,finished,5,562,31,Climber,23,ES,Ayuso Juan,https://www.procyclingstats.com/rider/juan-ayuso-pesquera,Lidl - Trek,,,",,",526,13799
17,65,finished,50,8358,37,TT,24,CZ,Vacek Mathias,https://www.procyclingstats.com/rider/mathias-vacek,Lidl - Trek,,,",,",526,13799
17,66,finished,24,4885,38,GC,33,ES,Verona Carlos,https://www.procyclingstats.com/rider/carlos-verona,Lidl - Trek,,,",,",526,13799
17,67,finished,163,16719,74,TT,35,PL,Gradek Kamil,https://www.procyclingstats.com/rider/kamil-gradek,Bahrain - Victorious,,,",,",526,13799
17,68,finished,7,770,71,Climber,23,FR,Martinez Lenny,https://www.procyclingstats.com/rider/lenny-martinez,Bahrain - Victorious,,,",,",526,13799
17,69,finished,37,7131,77,GC,25,IT,Tiberi Antonio,https://www.procyclingstats.com/rider/antonio-tiberi,Bahrain - Victorious,,,",,",526,13799
17,70,finished,65,10084,73,GC,38,IT,Caruso Damiano,https://www.procyclingstats.com/rider/damiano-caruso,Bahrain - Victorious,,,",,",526,13799
17,71,finished,126,14136,178,Hills,27,GB,Wright Fred,https://www.procyclingstats.com/rider/alfred-wright,Pinarello Q36.5 Pro Cycling Team,,,",,",526,13799
17,72,finished,109,13303,76,Hills,27,AU,Stannard Robert,https://www.procyclingstats.com/rider/robert-stannard,Bahrain - Victorious,,,",,",526,13799
17,73,finished,8,778,171,Classic,26,GB,Pidcock Tom,https://www.procyclingstats.com/rider/tom-pidcock,Pinarello Q36.5 Pro Cycling Team,,,",,",526,13799
17,74,finished,91,12119,177,Classic,28,BE,Van Moer Brent,https://www.procyclingstats.com/rider/brent-van-moer,Pinarello Q36.5 Pro Cycling Team,,,",,",526,13799
17,75,finished,96,12440,175,GC,33,AU,Howson Damien,https://www.procyclingstats.com/rider/damien-howson,Pinarello Q36.5 Pro Cycling Team,,,",,",526,13799
17,76,finished,56,9170,176,GC,34,BE,Meurisse Xandro,https://www.procyclingstats.com/rider/xandro-meurisse,Pinarello Q36.5 Pro Cycling Team,,,",,",526,13799
17,77,finished,141,15055,12,TT,30,IT,Affini Edoardo,https://www.procyclingstats.com/rider/edoardo-affini,Team Visma | Lease a Bike,,,",,",526,13799
17,78,finished,145,15369,103,Classic,35,CH,Dillier Silvan,https://www.procyclingstats.com/rider/silvan-dillier,Alpecin - Premier Tech,,,",,",526,13799
17,79,finished,148,15447,193,Classic,35,AT,Haller Marco,https://www.procyclingstats.com/rider/marco-haller,Tudor Pro Cycling Team,,,",,",526,13799
17,80,finished,10,1458,198,GC,27,CH,Voisard Yannis,https://www.procyclingstats.com/rider/yannis-voisard,Tudor Pro Cycling Team,,,",,",526,13799
17,81,finished,52,8431,194,Classic,27,CH,Hirschi Marc,https://www.procyclingstats.com/rider/marc-hirschi,Tudor Pro Cycling Team,,,",,",526,13799
17,82,finished,133,14697,191,Classic,34,FR,Alaphilippe Julian,https://www.procyclingstats.com/rider/julian-alaphilippe,Tudor Pro Cycling Team,,,",,",526,13799
17,83,finished,151,15718,92,Classic,29,NL,Eenkhoorn Pascal,https://www.procyclingstats.com/rider/pascal-eenkhoorn,Soudal Quick-Step,,,",,",526,13799
17,84,finished,11,1502,97,GC,26,BE,Van Wilder Ilan,https://www.procyclingstats.com/rider/ilan-van-wilder,Soudal Quick-Step,,,",,",526,13799
17,85,finished,61,9736,126,Classic,31,NO,Skaarseth Anders,https://www.procyclingstats.com/rider/anders-skaarseth,Uno-X Mobility,,,",,",526,13799
17,86,finished,16,3079,121,Climber,26,NO,Johannessen Tobias Halland,https://www.procyclingstats.com/rider/tobias-halland-johannessen,Uno-X Mobility,,,",,",526,13799
17,87,finished,87,11833,42,TT,31,DK,Asgreen Kasper,https://www.procyclingstats.com/rider/kasper-asgreen,EF Education - EasyPost,,,",,",526,13799
17,88,finished,12,1545,41,Climber,33,EC,Carapaz Richard,https://www.procyclingstats.com/rider/richard-carapaz,EF Education - EasyPost,,,",,",526,13799
17,89,finished,152,15928,214,Classic,37,DE,Degenkolb John,https://www.procyclingstats.com/rider/john-degenkolb,Team Picnic PostNL,,,",,",526,13799
17,90,finished,144,15354,216,Sprint,27,DE,Märkl Niklas,https://www.procyclingstats.com/rider/niklas-markl,Team Picnic PostNL,,,",,",526,13799
17,91,finished,142,15142,131,Classic,26,ER,Girmay Biniam,https://www.procyclingstats.com/rider/biniam-girmay,NSN Cycling Team,,,",,",526,13799
17,92,finished,161,16608,135,Classic,27,FR,Louvel Matis,https://www.procyclingstats.com/rider/matis-louvel,NSN Cycling Team,,,",,",526,13799
17,93,finished,138,14852,136,Classic,31,LV,Neilands Krists,https://www.procyclingstats.com/rider/krists-neilands,NSN Cycling Team,,,",,",526,13799
17,94,finished,76,11159,146,TT,37,PT,Oliveira Nelson,https://www.procyclingstats.com/rider/nelson-oliveira,Movistar Team,,,",,",526,13799
17,95,finished,153,15948,165,Classic,25,BE,Fretin Milan,https://www.procyclingstats.com/rider/milan-fretin,Cofidis,,,",,",526,13799
17,96,finished,128,14260,66,Classic,33,NL,Teunissen Mike,https://www.procyclingstats.com/rider/mike-teunissen,XDS Astana Team,,,",,",526,13799
17,97,finished,150,15682,164,Classic,30,BE,Biermans Jenthe,https://www.procyclingstats.com/rider/jenthe-biermans,Cofidis,,,",,",526,13799
17,98,finished,97,12442,134,Climber,26,IT,Frigo Marco,https://www.procyclingstats.com/rider/marco-frigo,NSN Cycling Team,,,",,",526,13799
17,99,finished,17,3089,17,Climber,31,US,Kuss Sepp,https://www.procyclingstats.com/rider/sepp-kuss,Team Visma | Lease a Bike,,,",,",526,13799
17,100,finished,104,13090,48,TT,25,GB,Walker Max,https://www.procyclingstats.com/rider/max-walker,EF Education - EasyPost,,,",,",526,13799
17,101,finished,19,4007,45,GC,26,US,Quinn Sean,https://www.procyclingstats.com/rider/sean-quinn,EF Education - EasyPost,,,",,",526,13799
17,102,finished,124,14102,207,Classic,32,FR,Turgis Anthony,https://www.procyclingstats.com/rider/anthony-turgis,TotalEnergies,,,",,",526,13799
17,103,finished,13,1648,18,GC,24,IT,Piganzoli Davide,https://www.procyclingstats.com/rider/davide-piganzoli,Team Visma | Lease a Bike,,,",,",526,13799
17,104,finished,81,11359,13,TT,32,FR,Armirail Bruno,https://www.procyclingstats.com/rider/bruno-armirail,Team Visma | Lease a Bike,,,",,",526,13799
17,105,finished,63,10032,147,GC,27,ES,Romo Javier,https://www.procyclingstats.com/rider/javier-romo,Movistar Team,,,",,",526,13799
17,106,finished,28,5876,82,GC,26,NL,Arensman Thymen,https://www.procyclingstats.com/rider/thymen-arensman,Netcompany INEOS,,,",,",526,13799
17,107,finished,127,14227,226,Hills,28,IT,Oldani Stefano,https://www.procyclingstats.com/rider/stefano-oldani,Caja Rural - Seguros RGA,,,",,",526,13799
17,108,finished,106,13257,145,Hills,25,DE,Hessmann Michel,https://www.procyclingstats.com/rider/michel-hessmann,Movistar Team,,,",,",526,13799
17,109,finished,72,10955,163,Classic,30,ES,Aranburu Alex,https://www.procyclingstats.com/rider/alex-aranburu,Cofidis,,,",,",526,13799
17,110,finished,115,13586,205,TT,28,FR,Guernalec Thibault,https://www.procyclingstats.com/rider/thibault-guernalec,TotalEnergies,,,",,",526,13799
17,111,finished,116,13804,107,Classic,32,BE,Rickaert Jonas,https://www.procyclingstats.com/rider/jonas-rickaert,Alpecin - Premier Tech,,,",,",526,13799
17,112,finished,64,10073,204,Classic,28,FR,Delettre Alexandre,https://www.procyclingstats.com/rider/alexandre-delettre,TotalEnergies,,,",,",526,13799
17,113,finished,85,11726,208,Hills,25,FR,Vercher Mattéo,https://www.procyclingstats.com/rider/matheo-vercher,TotalEnergies,,,",,",526,13799
17,114,finished,159,16234,162,Classic,31,BE,Allegaert Piet,https://www.procyclingstats.com/rider/piet-allegaert,Cofidis,,,",,",526,13799
17,115,finished,140,14985,104,Sprint,25,NL,Marsman Tim,https://www.procyclingstats.com/rider/tim-marsman,Alpecin - Premier Tech,,,",,",526,13799
17,116,finished,75,11017,98,GC,32,BE,Vervaeke Louis,https://www.procyclingstats.com/rider/louis-vervaeke,Soudal Quick-Step,,,",,",526,13799
17,117,finished,123,14065,84,TT,29,IT,Ganna Filippo,https://www.procyclingstats.com/rider/filippo-ganna,Netcompany INEOS,,,",,",526,13799
17,118,finished,131,14620,85,Hills,30,FR,Godon Dorian,https://www.procyclingstats.com/rider/dorian-godon,Netcompany INEOS,,,",,",526,13799
17,119,finished,31,6476,88,GC,25,FR,Vauquelin Kévin,https://www.procyclingstats.com/rider/kevin-vauquelin,Netcompany INEOS,,,",,",526,13799
17,120,finished,67,10365,187,Hills,34,FR,Pacher Quentin,https://www.procyclingstats.com/rider/quentin-pacher,Groupama - FDJ United,,,",,",526,13799
17,121,finished,57,9324,181,Classic,23,FR,Grégoire Romain,https://www.procyclingstats.com/rider/romain-gregoire,Groupama - FDJ United,,,",,",526,13799
17,122,finished,112,13399,172,TT,27,ES,Azparren Xabier Mikel,https://www.procyclingstats.com/rider/xabier-mikel-azparren-irurzun,Pinarello Q36.5 Pro Cycling Team,,,",,",526,13799
17,123,finished,86,11733,117,GC,25,AU,Plapp Luke,https://www.procyclingstats.com/rider/luke-plapp,Team Jayco AlUla,,,",,",526,13799
17,124,finished,78,11306,185,GC,24,IT,Germani Lorenzo,https://www.procyclingstats.com/rider/lorenzo-germani,Groupama - FDJ United,,,",,",526,13799
17,125,finished,108,13293,67,Classic,30,IT,Velasco Simone,https://www.procyclingstats.com/rider/simone-velasco,XDS Astana Team,,,",,",526,13799
17,126,finished,84,11666,133,GC,36,NZ,Bennett George,https://www.procyclingstats.com/rider/george-bennett,NSN Cycling Team,,,",,",526,13799
17,127,finished,113,13490,113,TT,35,AU,Durbridge Luke,https://www.procyclingstats.com/rider/luke-durbridge,Team Jayco AlUla,,,",,",526,13799
17,128,finished,45,7871,228,GC,29,ES,Parra José Félix,https://www.procyclingstats.com/rider/jose-felix-parra,Caja Rural - Seguros RGA,,,",,",526,13799
17,129,finished,143,15278,213,Sprint,23,CZ,Bittner Pavel,https://www.procyclingstats.com/rider/pavel-bittner,Team Picnic PostNL,,,",,",526,13799
17,130,finished,122,14029,227,GC,28,CZ,Otruba Jakub,https://www.procyclingstats.com/rider/jakub-otruba,Caja Rural - Seguros RGA,,,",,",526,13799
17,131,finished,100,12812,223,GC,26,AU,Berwick Sebastian,https://www.procyclingstats.com/rider/sebastian-berwick,Caja Rural - Seguros RGA,,,",,",526,13799
17,132,finished,147,15408,112,Sprint,32,DE,Ackermann Pascal,https://www.procyclingstats.com/rider/pascal-ackermann,Team Jayco AlUla,,,",,",526,13799
17,133,finished,88,11853,122,Classic,30,NO,Abrahamsen Jonas,https://www.procyclingstats.com/rider/jonas-abrahamsen,Uno-X Mobility,,,",,",526,13799
17,134,finished,135,14732,95,Classic,34,NL,van Baarle Dylan,https://www.procyclingstats.com/rider/dylan-van-baarle,Soudal Quick-Step,,,",,",526,13799
17,135,finished,29,5992,156,Climber,25,BE,Van Eetvelt Lennert,https://www.procyclingstats.com/rider/lennert-van-eetvelt,Lotto Intermarché,,,",,",526,13799
17,136,finished,134,14714,155,GC,25,BE,Slock Liam,https://www.procyclingstats.com/rider/liam-slock,Lotto Intermarché,,,",,",526,13799
17,137,finished,103,12916,211,Climber,34,FR,Barguil Warren,https://www.procyclingstats.com/rider/warren-barguil,Team Picnic PostNL,,,",,",526,13799
17,138,finished,48,8115,161,GC,37,ES,Izagirre Ion,https://www.procyclingstats.com/rider/ion-izagirre,Cofidis,,,",,",526,13799
17,139,finished,49,8239,61,Climber,28,CO,Higuita Sergio,https://www.procyclingstats.com/rider/sergio-higuita,XDS Astana Team,,,",,",526,13799
17,140,finished,93,12222,68,GC,24,KZ,Vinokurov Nicolas,https://www.procyclingstats.com/rider/nicolas-vinokurov,XDS Astana Team,,,",,",526,13799
17,141,finished,155,16045,157,Hills,26,FR,Veistroffer Baptiste,https://www.procyclingstats.com/rider/baptiste-veistroffer,Lotto Intermarché,,,",,",526,13799
17,142,finished,125,14134,166,TT,34,LU,Kirsch Alex,https://www.procyclingstats.com/rider/alex-kirsch,Cofidis,,,",,",526,13799
17,143,finished,66,10327,184,GC,23,FR,Costiou Ewen,https://www.procyclingstats.com/rider/ewen-costiou,Groupama - FDJ United,,,9:13,553,13826
17,144,finished,43,7756,83,TT,29,NO,Foss Tobias,https://www.procyclingstats.com/rider/tobias-foss,Netcompany INEOS,,,",,",553,13826
17,145,finished,111,13370,168,TT,30,FR,Thomas Benjamin,https://www.procyclingstats.com/rider/benjamin-thomas-2,Cofidis,,,9:18,558,13831
17,146,finished,117,13808,46,Climber,24,DE,Steinhauser Georg,https://www.procyclingstats.com/rider/georg-steinhauser,EF Education - EasyPost,,,",,",558,13831
17,147,finished,102,12911,196,Climber,29,AU,Storer Michael,https://www.procyclingstats.com/rider/michael-storer,Tudor Pro Cycling Team,,,",,",558,13831
17,148,finished,44,7844,93,Climber,25,FR,Paret-Peintre Valentin,https://www.procyclingstats.com/rider/valentin-paret-peintre,Soudal Quick-Step,,,9:27,567,13840
17,149,finished,110,13315,218,GC,25,NL,van den Broek Frank,https://www.procyclingstats.com/rider/frank-van-den-broek,Team Picnic PostNL,,,10:07,607,13880
17,150,finished,58,9350,202,GC,26,FR,Breuillard Nicolas,https://www.procyclingstats.com/rider/nicolas-breuillard,TotalEnergies,,,10:24,624,13897
17,151,finished,162,16615,72,Sprint,32,DE,Bauhaus Phil,https://www.procyclingstats.com/rider/phil-bauhaus,Bahrain - Victorious,,,10:52,652,13925
17,152,finished,160,16428,217,Sprint,29,NL,van den Berg Julius,https://www.procyclingstats.com/rider/julius-van-den-berg,Team Picnic PostNL,,,10:57,657,13930
17,153,finished,136,14791,54,TT,27,NL,Hoole Daan,https://www.procyclingstats.com/rider/daan-hoole,Decathlon CMA CGM Team,,,",,",657,13930
17,154,finished,149,15486,64,Sprint,28,DE,Kanter Max,https://www.procyclingstats.com/rider/max-kanter,XDS Astana Team,,,",,",657,13930
17,155,finished,156,16081,137,Hills,26,GB,Stewart Jake,https://www.procyclingstats.com/rider/jake-stewart,NSN Cycling Team,,,",,",657,13930
17,156,finished,164,16821,53,Sprint,30,NL,Bol Cees,https://www.procyclingstats.com/rider/cees-bol,Decathlon CMA CGM Team,,,",,",657,13930
17,157,finished,157,16146,62,Classic,31,IT,Ballerini Davide,https://www.procyclingstats.com/rider/davide-ballerini,XDS Astana Team,,,",,",657,13930
17,158,finished,139,14854,225,Hills,28,ES,Nicolau Joel,https://www.procyclingstats.com/rider/joel-nicolau,Caja Rural - Seguros RGA,,,11:07,667,13940
17,159,finished,101,12887,124,Hills,33,DK,Cort Magnus,https://www.procyclingstats.com/rider/magnus-cort-nielsen,Uno-X Mobility,,,",,",667,13940
17,160,finished,146,15408,128,Classic,26,NO,Wærenskjold Søren,https://www.procyclingstats.com/rider/soren-waerenskjold,Uno-X Mobility,,,11:32,692,13965
17,161,finished,60,9605,7,GC,35,BE,Wellens Tim,https://www.procyclingstats.com/rider/tim-wellens,UAE Team Emirates - XRG,,,26:36,1596,14869
17,162,finished,15,2824,8,Climber,33,GB,Yates Adam,https://www.procyclingstats.com/rider/adam-yates,UAE Team Emirates - XRG,,,",,",1596,14869
17,163,finished,90,12009,125,GC,26,NO,Johannessen Anders Halland,https://www.procyclingstats.com/rider/anders-halland-johannessen,Uno-X Mobility,,,",,",1596,14869
17,164,finished,105,13147,143,GC,30,EC,Cepeda Jefferson Alveiro,https://www.procyclingstats.com/rider/jefferson-cepeda-hernandez,Movistar Team,,,28:29,1709,14982
18,1,finished,10,1260,41,Climber,33,EC,Carapaz Richard,https://www.procyclingstats.com/rider/richard-carapaz,EF Education - EasyPost,210.0,100.0,4:26:21,0,15981
18,2,finished,35,7431,118,Hills,26,CH,Schmid Mauro,https://www.procyclingstats.com/rider/mauro-schmid,Team Jayco AlUla,150.0,70.0,0:45,45,16026
18,3,finished,26,5791,16,GC,27,US,Jorgenson Matteo,https://www.procyclingstats.com/rider/matteo-jorgenson,Team Visma | Lease a Bike,110.0,50.0,",,",45,16026
18,4,finished,39,7643,93,Climber,25,FR,Paret-Peintre Valentin,https://www.procyclingstats.com/rider/valentin-paret-peintre,Soudal Quick-Step,90.0,40.0,1:14,74,16055
18,5,finished,14,2921,121,Climber,26,NO,Johannessen Tobias Halland,https://www.procyclingstats.com/rider/tobias-halland-johannessen,Uno-X Mobility,70.0,32.0,1:57,117,16098
18,6,finished,29,6710,144,Climber,25,ES,García Pierna Raúl,https://www.procyclingstats.com/rider/raul-garcia-pierna,Movistar Team,55.0,26.0,2:12,132,16113
18,7,finished,24,5231,142,Climber,25,ES,Castrillo Pablo,https://www.procyclingstats.com/rider/pablo-castrillo-zapater,Movistar Team,45.0,22.0,4:30,270,16251
18,8,finished,7,770,71,Climber,23,FR,Martinez Lenny,https://www.procyclingstats.com/rider/lenny-martinez,Bahrain - Victorious,40.0,18.0,4:35,275,16256
18,9,finished,2,272,21,Climber,26,BE,Evenepoel Remco,https://www.procyclingstats.com/rider/remco-evenepoel,Red Bull - BORA - hansgrohe,35.0,14.0,",,",275,16256
18,10,finished,8,778,171,Classic,26,GB,Pidcock Tom,https://www.procyclingstats.com/rider/tom-pidcock,Pinarello Q36.5 Pro Cycling Team,30.0,10.0,",,",275,16256
18,11,finished,9,844,201,Climber,27,FR,Jegat Jordan,https://www.procyclingstats.com/rider/jordan-jegat,TotalEnergies,25.0,8.0,",,",275,16256
18,12,finished,5,562,31,Climber,23,ES,Ayuso Juan,https://www.procyclingstats.com/rider/juan-ayuso-pesquera,Lidl - Trek,20.0,6.0,",,",275,16256
18,13,finished,1,0,1,Climber,27,SI,Pogačar Tadej,https://www.procyclingstats.com/rider/tadej-pogacar,UAE Team Emirates - XRG,15.0,4.0,",,",275,16256
18,14,finished,6,614,35,Climber,25,DK,Skjelmose Mattias,https://www.procyclingstats.com/rider/mattias-skjelmose-jensen,Lidl - Trek,10.0,2.0,",,",275,16256
18,15,finished,17,4059,57,GC,29,FR,Prodhomme Nicolas,https://www.procyclingstats.com/rider/nicolas-prodhomme,Decathlon CMA CGM Team,5.0,1.0,",,",275,16256
18,16,finished,4,431,51,Climber,19,FR,Seixas Paul,https://www.procyclingstats.com/rider/paul-seixas,Decathlon CMA CGM Team,,,",,",275,16256
18,17,finished,3,411,2,Climber,22,MX,del Toro Isaac,https://www.procyclingstats.com/rider/isaac-del-toro,UAE Team Emirates - XRG,,,",,",275,16256
18,18,finished,34,7302,58,Climber,24,US,Riccitello Matthew,https://www.procyclingstats.com/rider/matthew-riccitello,Decathlon CMA CGM Team,,,",,",275,16256
18,19,finished,11,1458,198,GC,27,CH,Voisard Yannis,https://www.procyclingstats.com/rider/yannis-voisard,Tudor Pro Cycling Team,,,",,",275,16256
18,20,finished,18,4141,24,Climber,30,AU,Hindley Jai,https://www.procyclingstats.com/rider/jai-hindley,Red Bull - BORA - hansgrohe,,,4:39,279,16260
18,21,finished,25,5628,32,Climber,28,CA,Gee-West Derek,https://www.procyclingstats.com/rider/derek-gee,Lidl - Trek,,,5:04,304,16285
18,22,finished,77,12389,114,Classic,25,DE,Engelhardt Felix,https://www.procyclingstats.com/rider/felix-engelhardt,Team Jayco AlUla,,,5:16,316,16297
18,23,finished,23,4941,38,GC,33,ES,Verona Carlos,https://www.procyclingstats.com/rider/carlos-verona,Lidl - Trek,,,5:31,331,16312
18,24,finished,44,8312,61,Climber,28,CO,Higuita Sergio,https://www.procyclingstats.com/rider/sergio-higuita,XDS Astana Team,,,5:48,348,16329
18,25,finished,22,4795,34,Hills,25,US,Simmons Quinn,https://www.procyclingstats.com/rider/quinn-simmons,Lidl - Trek,,,5:51,351,16332
18,26,finished,12,1590,97,GC,26,BE,Van Wilder Ilan,https://www.procyclingstats.com/rider/ilan-van-wilder,Soudal Quick-Step,,,6:03,363,16344
18,27,finished,32,7157,28,Classic,26,BE,Van Gils Maxim,https://www.procyclingstats.com/rider/maxim-van-gils,Red Bull - BORA - hansgrohe,,,6:46,406,16387
18,28,finished,30,6887,186,Climber,33,FR,Martin Guillaume,https://www.procyclingstats.com/rider/guillaume-martin,Groupama - FDJ United,,,7:49,469,16450
18,29,finished,58,10278,73,GC,38,IT,Caruso Damiano,https://www.procyclingstats.com/rider/damiano-caruso,Bahrain - Victorious,,,",,",469,16450
18,30,finished,60,10586,187,Hills,34,FR,Pacher Quentin,https://www.procyclingstats.com/rider/quentin-pacher,Groupama - FDJ United,,,8:16,496,16477
18,31,finished,52,9372,47,Classic,34,DK,Valgren Michael,https://www.procyclingstats.com/rider/michael-valgren-andersen,EF Education - EasyPost,,,8:59,539,16520
18,32,finished,31,6991,3,GC,32,AT,Großschartner Felix,https://www.procyclingstats.com/rider/felix-grossschartner,UAE Team Emirates - XRG,,,",,",539,16520
18,33,finished,43,8296,22,TT,35,IT,Cattaneo Mattia,https://www.procyclingstats.com/rider/mattia-cattaneo,Red Bull - BORA - hansgrohe,,,",,",539,16520
18,34,finished,54,9665,202,GC,26,FR,Breuillard Nicolas,https://www.procyclingstats.com/rider/nicolas-breuillard,TotalEnergies,,,9:50,590,16571
18,35,finished,37,7560,65,Climber,29,CO,Tejada Harold,https://www.procyclingstats.com/rider/harold-tejada,XDS Astana Team,,,11:04,664,16645
18,36,finished,51,9212,56,GC,30,FR,Paret-Peintre Aurélien,https://www.procyclingstats.com/rider/aurelien-paret-peintre,Decathlon CMA CGM Team,,,11:51,711,16692
18,37,finished,20,4458,52,Classic,32,BE,Benoot Tiesj,https://www.procyclingstats.com/rider/tiesj-benoot,Decathlon CMA CGM Team,,,",,",711,16692
18,38,finished,56,10012,115,Classic,35,AU,Matthews Michael,https://www.procyclingstats.com/rider/michael-matthews,Team Jayco AlUla,,,12:30,750,16731
18,39,finished,55,9811,181,Classic,23,FR,Grégoire Romain,https://www.procyclingstats.com/rider/romain-gregoire,Groupama - FDJ United,,,12:42,762,16743
18,40,finished,66,11769,78,Sprint,22,BE,Van Mechelen Vlad,https://www.procyclingstats.com/rider/vlad-van-mechelen,Bahrain - Victorious,,,12:50,770,16751
18,41,finished,61,10594,204,Classic,28,FR,Delettre Alexandre,https://www.procyclingstats.com/rider/alexandre-delettre,TotalEnergies,,,13:16,796,16777
18,42,finished,48,8879,37,TT,24,CZ,Vacek Mathias,https://www.procyclingstats.com/rider/mathias-vacek,Lidl - Trek,,,",,",796,16777
18,43,finished,71,11907,13,TT,32,FR,Armirail Bruno,https://www.procyclingstats.com/rider/bruno-armirail,Team Visma | Lease a Bike,,,13:43,823,16804
18,44,finished,16,3637,17,Climber,31,US,Kuss Sepp,https://www.procyclingstats.com/rider/sepp-kuss,Team Visma | Lease a Bike,,,",,",823,16804
18,45,finished,49,8906,183,Climber,26,FR,Braz Afonso Clément,https://www.procyclingstats.com/rider/clement-braz-afonso,Groupama - FDJ United,,,",,",823,16804
18,46,finished,27,5921,148,Climber,28,CO,Rubio Einer,https://www.procyclingstats.com/rider/einer-rubio,Movistar Team,,,14:07,847,16828
18,47,finished,15,2926,81,GC,29,CO,Bernal Egan,https://www.procyclingstats.com/rider/egan-bernal,Netcompany INEOS,,,",,",847,16828
18,48,finished,28,6448,82,GC,26,NL,Arensman Thymen,https://www.procyclingstats.com/rider/thymen-arensman,Netcompany INEOS,,,",,",847,16828
18,49,finished,46,8687,161,GC,37,ES,Izagirre Ion,https://www.procyclingstats.com/rider/ion-izagirre,Cofidis,,,",,",847,16828
18,50,finished,74,12046,206,Hills,25,FR,Le Berre Mathis,https://www.procyclingstats.com/rider/mathis-le-berre,TotalEnergies,,,",,",847,16828
18,51,finished,40,7938,111,GC,30,AU,O'Connor Ben,https://www.procyclingstats.com/rider/ben-o-connor,Team Jayco AlUla,,,14:17,857,16838
18,52,finished,41,8017,43,Climber,25,FR,Baudin Alex,https://www.procyclingstats.com/rider/alex-baudin,EF Education - EasyPost,,,14:58,898,16879
18,53,finished,53,9467,203,GC,26,FR,Delbove Joris,https://www.procyclingstats.com/rider/joris-delbove,TotalEnergies,,,",,",898,16879
18,54,finished,50,9088,194,Classic,27,CH,Hirschi Marc,https://www.procyclingstats.com/rider/marc-hirschi,Tudor Pro Cycling Team,,,15:32,932,16913
18,55,finished,47,8728,222,GC,26,ES,Balderstone Abel,https://www.procyclingstats.com/rider/abel-balderstone-roumens,Caja Rural - Seguros RGA,,,15:54,954,16935
18,56,finished,45,8464,83,TT,29,NO,Foss Tobias,https://www.procyclingstats.com/rider/tobias-foss,Netcompany INEOS,,,16:23,983,16964
18,57,finished,96,13619,196,Climber,29,AU,Storer Michael,https://www.procyclingstats.com/rider/michael-storer,Tudor Pro Cycling Team,,,",,",983,16964
18,58,finished,36,7466,174,Hills,30,BE,Hermans Quinten,https://www.procyclingstats.com/rider/quinten-hermans,Pinarello Q36.5 Pro Cycling Team,,,",,",983,16964
18,59,finished,94,13595,124,Hills,33,DK,Cort Magnus,https://www.procyclingstats.com/rider/magnus-cort-nielsen,Uno-X Mobility,,,",,",983,16964
18,60,finished,62,10708,44,Climber,25,IE,Healy Ben,https://www.procyclingstats.com/rider/ben-healy,EF Education - EasyPost,,,",,",983,16964
18,61,finished,79,12589,42,TT,31,DK,Asgreen Kasper,https://www.procyclingstats.com/rider/kasper-asgreen,EF Education - EasyPost,,,17:11,1031,17012
18,62,finished,21,4763,45,GC,26,US,Quinn Sean,https://www.procyclingstats.com/rider/sean-quinn,EF Education - EasyPost,,,",,",1031,17012
18,63,finished,65,11701,188,Classic,31,FR,Russo Clément,https://www.procyclingstats.com/rider/clement-russo,Groupama - FDJ United,,,",,",1031,17012
18,64,finished,78,12457,133,GC,36,NZ,Bennett George,https://www.procyclingstats.com/rider/george-bennett,NSN Cycling Team,,,17:46,1066,17047
18,65,finished,90,13233,134,Climber,26,IT,Frigo Marco,https://www.procyclingstats.com/rider/marco-frigo,NSN Cycling Team,,,",,",1066,17047
18,66,finished,95,13603,223,GC,26,AU,Berwick Sebastian,https://www.procyclingstats.com/rider/sebastian-berwick,Caja Rural - Seguros RGA,,,",,",1066,17047
18,67,finished,109,14820,227,GC,28,CZ,Otruba Jakub,https://www.procyclingstats.com/rider/jakub-otruba,Caja Rural - Seguros RGA,,,",,",1066,17047
18,68,finished,110,14893,207,Classic,32,FR,Turgis Anthony,https://www.procyclingstats.com/rider/anthony-turgis,TotalEnergies,,,",,",1066,17047
18,69,finished,33,7267,88,GC,25,FR,Vauquelin Kévin,https://www.procyclingstats.com/rider/kevin-vauquelin,Netcompany INEOS,,,",,",1066,17047
18,70,finished,73,11965,146,TT,37,PT,Oliveira Nelson,https://www.procyclingstats.com/rider/nelson-oliveira,Movistar Team,,,18:01,1081,17062
18,71,finished,64,11686,94,Classic,34,BE,Stuyven Jasper,https://www.procyclingstats.com/rider/jasper-stuyven,Soudal Quick-Step,,,",,",1081,17062
18,72,finished,67,11823,98,GC,32,BE,Vervaeke Louis,https://www.procyclingstats.com/rider/louis-vervaeke,Soudal Quick-Step,,,",,",1081,17062
18,73,finished,59,10570,126,Classic,31,NO,Skaarseth Anders,https://www.procyclingstats.com/rider/anders-skaarseth,Uno-X Mobility,,,18:29,1109,17090
18,74,finished,63,10893,147,GC,27,ES,Romo Javier,https://www.procyclingstats.com/rider/javier-romo,Movistar Team,,,18:56,1136,17117
18,75,finished,69,11868,5,Classic,32,DE,Politt Nils,https://www.procyclingstats.com/rider/nils-politt,UAE Team Emirates - XRG,,,19:07,1147,17128
18,76,finished,82,12741,122,Classic,30,NO,Abrahamsen Jonas,https://www.procyclingstats.com/rider/jonas-abrahamsen,Uno-X Mobility,,,19:23,1163,17144
18,77,finished,103,14291,172,TT,27,ES,Azparren Xabier Mikel,https://www.procyclingstats.com/rider/xabier-mikel-azparren-irurzun,Pinarello Q36.5 Pro Cycling Team,,,19:27,1167,17148
18,78,finished,57,10096,176,GC,34,BE,Meurisse Xandro,https://www.procyclingstats.com/rider/xandro-meurisse,Pinarello Q36.5 Pro Cycling Team,,,20:01,1201,17182
18,79,finished,86,13045,177,Classic,28,BE,Van Moer Brent,https://www.procyclingstats.com/rider/brent-van-moer,Pinarello Q36.5 Pro Cycling Team,,,",,",1201,17182
18,80,finished,108,14804,86,Classic,36,PL,Kwiatkowski Michał,https://www.procyclingstats.com/rider/michal-kwiatkowski,Netcompany INEOS,,,",,",1201,17182
18,81,finished,122,15573,87,TT,22,GB,Tarling Joshua,https://www.procyclingstats.com/rider/joshua-tarling,Netcompany INEOS,,,",,",1201,17182
18,82,finished,98,13842,211,Climber,34,FR,Barguil Warren,https://www.procyclingstats.com/rider/warren-barguil,Team Picnic PostNL,,,",,",1201,17182
18,83,finished,117,15276,215,GC,22,BE,Dhondt Robbe,https://www.procyclingstats.com/rider/robbe-dhondt,Team Picnic PostNL,,,20:50,1250,17231
18,84,finished,102,14290,218,GC,25,NL,van den Broek Frank,https://www.procyclingstats.com/rider/frank-van-den-broek,Team Picnic PostNL,,,",,",1250,17231
18,85,finished,124,15700,155,GC,25,BE,Slock Liam,https://www.procyclingstats.com/rider/liam-slock,Lotto Intermarché,,,21:01,1261,17242
18,86,finished,42,8181,77,GC,25,IT,Tiberi Antonio,https://www.procyclingstats.com/rider/antonio-tiberi,Bahrain - Victorious,,,22:05,1325,17306
18,87,finished,89,13204,36,Classic,35,LV,Skujiņš Toms,https://www.procyclingstats.com/rider/toms-skujins,Lidl - Trek,,,22:23,1343,17324
18,88,finished,85,12983,26,TT,36,SI,Tratnik Jan,https://www.procyclingstats.com/rider/jan-tratnik,Red Bull - BORA - hansgrohe,,,",,",1343,17324
18,89,finished,76,12388,33,Classic,30,DK,Pedersen Mads,https://www.procyclingstats.com/rider/mads-pedersen,Lidl - Trek,,,",,",1343,17324
18,90,finished,93,13395,23,Hills,32,DE,Denz Nico,https://www.procyclingstats.com/rider/nico-denz,Red Bull - BORA - hansgrohe,,,",,",1343,17324
18,91,finished,87,13077,125,GC,26,NO,Johannessen Anders Halland,https://www.procyclingstats.com/rider/anders-halland-johannessen,Uno-X Mobility,,,",,",1343,17324
18,92,finished,68,11850,195,Hills,25,NL,Pluimers Rick,https://www.procyclingstats.com/rider/rick-pluimers,Tudor Pro Cycling Team,,,22:29,1349,17330
18,93,finished,107,14792,205,TT,28,FR,Guernalec Thibault,https://www.procyclingstats.com/rider/thibault-guernalec,TotalEnergies,,,24:41,1481,17462
18,94,finished,139,16641,128,Classic,26,NO,Wærenskjold Søren,https://www.procyclingstats.com/rider/soren-waerenskjold,Uno-X Mobility,,,25:08,1508,17489
18,95,finished,70,11905,101,Classic,31,NL,van der Poel Mathieu,https://www.procyclingstats.com/rider/mathieu-van-der-poel,Alpecin - Premier Tech,,,25:20,1520,17501
18,96,finished,97,13748,108,Climber,24,BE,Verstrynge Emiel,https://www.procyclingstats.com/rider/emiel-verstrynge,Alpecin - Premier Tech,,,",,",1520,17501
18,97,finished,13,2893,18,GC,24,IT,Piganzoli Davide,https://www.procyclingstats.com/rider/davide-piganzoli,Team Visma | Lease a Bike,,,",,",1520,17501
18,98,finished,106,14746,113,TT,35,AU,Durbridge Luke,https://www.procyclingstats.com/rider/luke-durbridge,Team Jayco AlUla,,,25:31,1531,17512
18,99,finished,130,16085,54,TT,27,NL,Hoole Daan,https://www.procyclingstats.com/rider/daan-hoole,Decathlon CMA CGM Team,,,26:09,1569,17550
18,100,finished,104,14508,143,GC,30,EC,Cepeda Jefferson Alveiro,https://www.procyclingstats.com/rider/jefferson-cepeda-hernandez,Movistar Team,,,27:16,1636,17617
18,101,finished,99,13865,175,GC,33,AU,Howson Damien,https://www.procyclingstats.com/rider/damien-howson,Pinarello Q36.5 Pro Cycling Team,,,28:20,1700,17681
18,102,finished,19,4284,8,Climber,33,GB,Yates Adam,https://www.procyclingstats.com/rider/adam-yates,UAE Team Emirates - XRG,,,28:55,1735,17716
18,103,finished,81,12637,14,TT,34,BE,Campenaerts Victor,https://www.procyclingstats.com/rider/victor-campenaerts,Team Visma | Lease a Bike,,,31:52,1912,17893
18,104,finished,148,17355,92,Classic,29,NL,Eenkhoorn Pascal,https://www.procyclingstats.com/rider/pascal-eenkhoorn,Soudal Quick-Step,,,",,",1912,17893
18,105,finished,143,16991,216,Sprint,27,DE,Märkl Niklas,https://www.procyclingstats.com/rider/niklas-markl,Team Picnic PostNL,,,",,",1912,17893
18,106,finished,145,17045,112,Sprint,32,DE,Ackermann Pascal,https://www.procyclingstats.com/rider/pascal-ackermann,Team Jayco AlUla,,,",,",1912,17893
18,107,finished,134,16491,225,Hills,28,ES,Nicolau Joel,https://www.procyclingstats.com/rider/joel-nicolau,Caja Rural - Seguros RGA,,,",,",1912,17893
18,108,finished,88,13137,158,Classic,28,DE,Zimmermann Georg,https://www.procyclingstats.com/rider/georg-zimmermann,Lotto Intermarché,,,",,",1912,17893
18,109,finished,138,16622,104,Sprint,25,NL,Marsman Tim,https://www.procyclingstats.com/rider/tim-marsman,Alpecin - Premier Tech,,,",,",1912,17893
18,110,finished,144,17006,103,Classic,35,CH,Dillier Silvan,https://www.procyclingstats.com/rider/silvan-dillier,Alpecin - Premier Tech,,,",,",1912,17893
18,111,finished,119,15445,46,Climber,24,DE,Steinhauser Georg,https://www.procyclingstats.com/rider/georg-steinhauser,EF Education - EasyPost,,,",,",1912,17893
18,112,finished,133,16369,95,Classic,34,NL,van Baarle Dylan,https://www.procyclingstats.com/rider/dylan-van-baarle,Soudal Quick-Step,,,",,",1912,17893
18,113,finished,120,15505,6,Classic,27,BE,Vermeersch Florian,https://www.procyclingstats.com/rider/florian-vermeersch,UAE Team Emirates - XRG,,,",,",1912,17893
18,114,finished,121,15547,63,GC,35,NZ,Gate Aaron,https://www.procyclingstats.com/rider/aaron-gate,XDS Astana Team,,,",,",1912,17893
18,115,finished,84,12981,75,Classic,31,SI,Mohorič Matej,https://www.procyclingstats.com/rider/matej-mohoric,Bahrain - Victorious,,,",,",1912,17893
18,116,finished,159,18252,72,Sprint,32,DE,Bauhaus Phil,https://www.procyclingstats.com/rider/phil-bauhaus,Bahrain - Victorious,,,",,",1912,17893
18,117,finished,83,12943,185,GC,24,IT,Germani Lorenzo,https://www.procyclingstats.com/rider/lorenzo-germani,Groupama - FDJ United,,,",,",1912,17893
18,118,finished,118,15441,107,Classic,32,BE,Rickaert Jonas,https://www.procyclingstats.com/rider/jonas-rickaert,Alpecin - Premier Tech,,,",,",1912,17893
18,119,finished,126,15864,226,Hills,28,IT,Oldani Stefano,https://www.procyclingstats.com/rider/stefano-oldani,Caja Rural - Seguros RGA,,,",,",1912,17893
18,120,finished,111,14920,27,Classic,26,NL,van Dijke Tim,https://www.procyclingstats.com/rider/tim-van-dijke,Red Bull - BORA - hansgrohe,,,",,",1912,17893
18,121,finished,80,12592,163,Classic,30,ES,Aranburu Alex,https://www.procyclingstats.com/rider/alex-aranburu,Cofidis,,,",,",1912,17893
18,122,finished,125,15702,84,TT,29,IT,Ganna Filippo,https://www.procyclingstats.com/rider/filippo-ganna,Netcompany INEOS,,,",,",1912,17893
18,123,finished,140,16692,12,TT,30,IT,Affini Edoardo,https://www.procyclingstats.com/rider/edoardo-affini,Team Visma | Lease a Bike,,,",,",1912,17893
18,124,finished,101,14086,15,Classic,23,NO,Hagenes Per Strand,https://www.procyclingstats.com/rider/per-strand-hagenes,Team Visma | Lease a Bike,,,",,",1912,17893
18,125,finished,112,14930,67,Classic,30,IT,Velasco Simone,https://www.procyclingstats.com/rider/simone-velasco,XDS Astana Team,,,",,",1912,17893
18,126,finished,128,15897,66,Classic,33,NL,Teunissen Mike,https://www.procyclingstats.com/rider/mike-teunissen,XDS Astana Team,,,",,",1912,17893
18,127,finished,38,7629,156,Climber,25,BE,Van Eetvelt Lennert,https://www.procyclingstats.com/rider/lennert-van-eetvelt,Lotto Intermarché,,,",,",1912,17893
18,128,finished,151,17682,157,Hills,26,FR,Veistroffer Baptiste,https://www.procyclingstats.com/rider/baptiste-veistroffer,Lotto Intermarché,,,",,",1912,17893
18,129,finished,160,18356,74,TT,35,PL,Gradek Kamil,https://www.procyclingstats.com/rider/kamil-gradek,Bahrain - Victorious,,,",,",1912,17893
18,130,finished,91,13370,117,GC,25,AU,Plapp Luke,https://www.procyclingstats.com/rider/luke-plapp,Team Jayco AlUla,,,",,",1912,17893
18,131,finished,105,14727,48,TT,25,GB,Walker Max,https://www.procyclingstats.com/rider/max-walker,EF Education - EasyPost,,,",,",1912,17893
18,132,finished,150,17578,214,Classic,37,DE,Degenkolb John,https://www.procyclingstats.com/rider/john-degenkolb,Team Picnic PostNL,,,32:05,1925,17906
18,133,finished,142,16930,213,Sprint,23,CZ,Bittner Pavel,https://www.procyclingstats.com/rider/pavel-bittner,Team Picnic PostNL,,,32:07,1927,17908
18,134,finished,146,17140,64,Sprint,28,DE,Kanter Max,https://www.procyclingstats.com/rider/max-kanter,XDS Astana Team,,,32:09,1929,17910
18,135,finished,162,18476,53,Sprint,30,NL,Bol Cees,https://www.procyclingstats.com/rider/cees-bol,Decathlon CMA CGM Team,,,32:10,1930,17911
18,136,finished,135,16493,105,Sprint,28,BE,Philipsen Jasper,https://www.procyclingstats.com/rider/jasper-philipsen,Alpecin - Premier Tech,,,",,",1930,17911
18,137,finished,136,16507,136,Classic,31,LV,Neilands Krists,https://www.procyclingstats.com/rider/krists-neilands,NSN Cycling Team,,,",,",1930,17911
18,138,finished,92,13381,208,Hills,25,FR,Vercher Mattéo,https://www.procyclingstats.com/rider/matheo-vercher,TotalEnergies,,,",,",1930,17911
18,139,finished,131,16275,85,Hills,30,FR,Godon Dorian,https://www.procyclingstats.com/rider/dorian-godon,Netcompany INEOS,,,",,",1930,17911
18,140,finished,116,15196,106,Classic,31,BE,Planckaert Edward,https://www.procyclingstats.com/rider/edward-planckaert,Alpecin - Premier Tech,,,",,",1930,17911
18,141,finished,155,17889,162,Classic,31,BE,Allegaert Piet,https://www.procyclingstats.com/rider/piet-allegaert,Cofidis,,,",,",1930,17911
18,142,finished,149,17376,164,Classic,30,BE,Biermans Jenthe,https://www.procyclingstats.com/rider/jenthe-biermans,Cofidis,,,32:49,1969,17950
18,143,finished,153,17714,55,Sprint,24,NL,Kooij Olav,https://www.procyclingstats.com/rider/olav-kooij,Decathlon CMA CGM Team,,,32:55,1975,17956
18,144,finished,114,15003,76,Hills,27,AU,Stannard Robert,https://www.procyclingstats.com/rider/robert-stannard,Bahrain - Victorious,,,",,",1975,17956
18,145,finished,115,15108,168,TT,30,FR,Thomas Benjamin,https://www.procyclingstats.com/rider/benjamin-thomas-2,Cofidis,,,33:33,2013,17994
18,146,finished,123,15593,167,Classic,24,FR,Page Hugo,https://www.procyclingstats.com/rider/hugo-page,Cofidis,,,33:34,2014,17995
18,147,finished,127,15873,166,TT,34,LU,Kirsch Alex,https://www.procyclingstats.com/rider/alex-kirsch,Cofidis,,,",,",2014,17995
18,148,finished,152,17687,165,Classic,25,BE,Fretin Milan,https://www.procyclingstats.com/rider/milan-fretin,Cofidis,,,",,",2014,17995
18,149,finished,158,18167,217,Sprint,29,NL,van den Berg Julius,https://www.procyclingstats.com/rider/julius-van-den-berg,Team Picnic PostNL,,,",,",2014,17995
18,150,finished,141,16881,131,Classic,26,ER,Girmay Biniam,https://www.procyclingstats.com/rider/biniam-girmay,NSN Cycling Team,,,",,",2014,17995
18,151,finished,75,12066,184,GC,23,FR,Costiou Ewen,https://www.procyclingstats.com/rider/ewen-costiou,Groupama - FDJ United,,,",,",2014,17995
18,152,finished,100,13966,68,GC,24,KZ,Vinokurov Nicolas,https://www.procyclingstats.com/rider/nicolas-vinokurov,XDS Astana Team,,,33:39,2019,18000
18,153,finished,113,15001,145,Hills,25,DE,Hessmann Michel,https://www.procyclingstats.com/rider/michel-hessmann,Movistar Team,,,",,",2019,18000
18,154,finished,161,18373,135,Classic,27,FR,Louvel Matis,https://www.procyclingstats.com/rider/matis-louvel,NSN Cycling Team,,,34:00,2040,18021
18,155,finished,147,17225,193,Classic,35,AT,Haller Marco,https://www.procyclingstats.com/rider/marco-haller,Tudor Pro Cycling Team,,,34:13,2053,18034
18,156,finished,129,15914,178,Hills,27,GB,Wright Fred,https://www.procyclingstats.com/rider/alfred-wright,Pinarello Q36.5 Pro Cycling Team,,,",,",2053,18034
18,157,finished,154,17868,137,Hills,26,GB,Stewart Jake,https://www.procyclingstats.com/rider/jake-stewart,NSN Cycling Team,,,34:22,2062,18043
18,158,finished,137,16511,191,Classic,34,FR,Alaphilippe Julian,https://www.procyclingstats.com/rider/julian-alaphilippe,Tudor Pro Cycling Team,,,34:49,2089,18070
18,159,finished,156,17960,62,Classic,31,IT,Ballerini Davide,https://www.procyclingstats.com/rider/davide-ballerini,XDS Astana Team,,,",,",2089,18070
18,160,finished,157,17986,132,Classic,25,GB,Askey Lewis,https://www.procyclingstats.com/rider/lewis-askey,NSN Cycling Team,,,",,",2089,18070
18,161,finished,132,16305,152,Hills,24,NL,Artz Huub,https://www.procyclingstats.com/rider/huub-artz,Lotto Intermarché,,,34:53,2093,18074
18,162,finished,72,11912,7,GC,35,BE,Wellens Tim,https://www.procyclingstats.com/rider/tim-wellens,UAE Team Emirates - XRG,,,43:02,2582,18563
18,,DNF,,,4,GC,28,US,McNulty Brandon,https://www.procyclingstats.com/rider/brandon-mcnulty,UAE Team Emirates - XRG,,,,,
18,,DNS,,,228,GC,29,ES,Parra José Félix,https://www.procyclingstats.com/rider/jose-felix-parra,Caja Rural - Seguros RGA,,,,,
19,1,finished,1,0,1,Climber,27,SI,Pogačar Tadej,https://www.procyclingstats.com/rider/tadej-pogacar,UAE Team Emirates - XRG,210.0,100.0,3:17:57,0,11877
19,2,finished,5,780,71,Climber,23,FR,Martinez Lenny,https://www.procyclingstats.com/rider/lenny-martinez,Bahrain - Victorious,150.0,70.0,0:06,6,11883
19,3,finished,8,1275,41,Climber,33,EC,Carapaz Richard,https://www.procyclingstats.com/rider/richard-carapaz,EF Education - EasyPost,110.0,50.0,0:09,9,11886
19,4,finished,15,3721,17,Climber,31,US,Kuss Sepp,https://www.procyclingstats.com/rider/sepp-kuss,Team Visma | Lease a Bike,90.0,40.0,1:14,74,11951
19,5,finished,13,3058,121,Climber,26,NO,Johannessen Tobias Halland,https://www.procyclingstats.com/rider/tobias-halland-johannessen,Uno-X Mobility,70.0,32.0,2:07,127,12004
19,6,finished,2,431,21,Climber,26,BE,Evenepoel Remco,https://www.procyclingstats.com/rider/remco-evenepoel,Red Bull - BORA - hansgrohe,55.0,26.0,2:29,149,12026
19,7,finished,3,582,2,Climber,22,MX,del Toro Isaac,https://www.procyclingstats.com/rider/isaac-del-toro,UAE Team Emirates - XRG,45.0,22.0,2:41,161,12038
19,8,finished,6,789,35,Climber,25,DK,Skjelmose Mattias,https://www.procyclingstats.com/rider/mattias-skjelmose-jensen,Lidl - Trek,40.0,18.0,2:45,165,12042
19,9,finished,4,606,51,Climber,19,FR,Seixas Paul,https://www.procyclingstats.com/rider/paul-seixas,Decathlon CMA CGM Team,35.0,14.0,",,",165,12042
19,10,finished,30,7772,65,Climber,29,CO,Tejada Harold,https://www.procyclingstats.com/rider/harold-tejada,XDS Astana Team,30.0,10.0,3:22,202,12079
19,11,finished,28,7517,58,Climber,24,US,Riccitello Matthew,https://www.procyclingstats.com/rider/matthew-riccitello,Decathlon CMA CGM Team,25.0,8.0,3:25,205,12082
19,12,finished,26,6705,82,GC,26,NL,Arensman Thymen,https://www.procyclingstats.com/rider/thymen-arensman,Netcompany INEOS,20.0,6.0,4:07,247,12124
19,13,finished,11,1800,198,GC,27,CH,Voisard Yannis,https://www.procyclingstats.com/rider/yannis-voisard,Tudor Pro Cycling Team,15.0,4.0,5:32,332,12209
19,14,finished,54,11264,147,GC,27,ES,Romo Javier,https://www.procyclingstats.com/rider/javier-romo,Movistar Team,10.0,2.0,6:01,361,12238
19,15,finished,42,9286,183,Climber,26,FR,Braz Afonso Clément,https://www.procyclingstats.com/rider/clement-braz-afonso,Groupama - FDJ United,5.0,1.0,6:10,370,12247
19,16,finished,21,5191,34,Hills,25,US,Simmons Quinn,https://www.procyclingstats.com/rider/quinn-simmons,Lidl - Trek,,,6:26,386,12263
19,17,finished,7,958,31,Climber,23,ES,Ayuso Juan,https://www.procyclingstats.com/rider/juan-ayuso-pesquera,Lidl - Trek,,,",,",386,12263
19,18,finished,40,9090,161,GC,37,ES,Izagirre Ion,https://www.procyclingstats.com/rider/ion-izagirre,Cofidis,,,6:33,393,12270
19,19,finished,14,3357,18,GC,24,IT,Piganzoli Davide,https://www.procyclingstats.com/rider/davide-piganzoli,Team Visma | Lease a Bike,,,7:34,454,12331
19,20,finished,9,1290,171,Classic,26,GB,Pidcock Tom,https://www.procyclingstats.com/rider/tom-pidcock,Pinarello Q36.5 Pro Cycling Team,,,8:22,502,12379
19,21,finished,35,8457,111,GC,30,AU,O'Connor Ben,https://www.procyclingstats.com/rider/ben-o-connor,Team Jayco AlUla,,,8:29,509,12386
19,22,finished,10,1401,201,Climber,27,FR,Jegat Jordan,https://www.procyclingstats.com/rider/jordan-jegat,TotalEnergies,,,9:07,547,12424
19,23,finished,12,2147,97,GC,26,BE,Van Wilder Ilan,https://www.procyclingstats.com/rider/ilan-van-wilder,Soudal Quick-Step,,,",,",547,12424
19,24,finished,64,13050,133,GC,36,NZ,Bennett George,https://www.procyclingstats.com/rider/george-bennett,NSN Cycling Team,,,9:43,583,12460
19,25,finished,17,4675,57,GC,29,FR,Prodhomme Nicolas,https://www.procyclingstats.com/rider/nicolas-prodhomme,Decathlon CMA CGM Team,,,10:06,606,12483
19,26,finished,75,13711,125,GC,26,NO,Johannessen Anders Halland,https://www.procyclingstats.com/rider/anders-halland-johannessen,Uno-X Mobility,,,10:24,624,12501
19,27,finished,18,4918,8,Climber,33,GB,Yates Adam,https://www.procyclingstats.com/rider/adam-yates,UAE Team Emirates - XRG,,,",,",624,12501
19,28,finished,63,12561,13,TT,32,FR,Armirail Bruno,https://www.procyclingstats.com/rider/bruno-armirail,Team Visma | Lease a Bike,,,10:44,644,12521
19,29,finished,20,5112,52,Classic,32,BE,Benoot Tiesj,https://www.procyclingstats.com/rider/tiesj-benoot,Decathlon CMA CGM Team,,,",,",644,12521
19,30,finished,39,8950,22,TT,35,IT,Cattaneo Mattia,https://www.procyclingstats.com/rider/mattia-cattaneo,Red Bull - BORA - hansgrohe,,,",,",644,12521
19,31,finished,22,5442,45,GC,26,US,Quinn Sean,https://www.procyclingstats.com/rider/sean-quinn,EF Education - EasyPost,,,11:09,669,12546
19,32,finished,51,10732,115,Classic,35,AU,Matthews Michael,https://www.procyclingstats.com/rider/michael-matthews,Team Jayco AlUla,,,11:50,710,12587
19,33,finished,38,8901,77,GC,25,IT,Tiberi Antonio,https://www.procyclingstats.com/rider/antonio-tiberi,Bahrain - Victorious,,,",,",710,12587
19,34,finished,31,7954,28,Classic,26,BE,Van Gils Maxim,https://www.procyclingstats.com/rider/maxim-van-gils,Red Bull - BORA - hansgrohe,,,13:07,787,12664
19,35,finished,19,4938,24,Climber,30,AU,Hindley Jai,https://www.procyclingstats.com/rider/jai-hindley,Red Bull - BORA - hansgrohe,,,",,",787,12664
19,36,finished,29,7684,186,Climber,33,FR,Martin Guillaume,https://www.procyclingstats.com/rider/guillaume-martin,Groupama - FDJ United,,,",,",787,12664
19,37,finished,58,11506,187,Hills,34,FR,Pacher Quentin,https://www.procyclingstats.com/rider/quentin-pacher,Groupama - FDJ United,,,15:10,910,12787
19,38,finished,34,8393,118,Hills,26,CH,Schmid Mauro,https://www.procyclingstats.com/rider/mauro-schmid,Team Jayco AlUla,,,15:52,952,12829
19,39,finished,41,9274,61,Climber,28,CO,Higuita Sergio,https://www.procyclingstats.com/rider/sergio-higuita,XDS Astana Team,,,",,",952,12829
19,40,finished,91,14851,175,GC,33,AU,Howson Damien,https://www.procyclingstats.com/rider/damien-howson,Pinarello Q36.5 Pro Cycling Team,,,16:16,976,12853
19,41,finished,87,14619,196,Climber,29,AU,Storer Michael,https://www.procyclingstats.com/rider/michael-storer,Tudor Pro Cycling Team,,,16:30,990,12867
19,42,finished,32,8001,3,GC,32,AT,Großschartner Felix,https://www.procyclingstats.com/rider/felix-grossschartner,UAE Team Emirates - XRG,,,16:40,1000,12877
19,43,finished,23,5951,38,GC,33,ES,Verona Carlos,https://www.procyclingstats.com/rider/carlos-verona,Lidl - Trek,,,",,",1000,12877
19,44,finished,46,9479,83,TT,29,NO,Foss Tobias,https://www.procyclingstats.com/rider/tobias-foss,Netcompany INEOS,,,16:45,1005,12882
19,45,finished,85,14401,208,Hills,25,FR,Vercher Mattéo,https://www.procyclingstats.com/rider/matheo-vercher,TotalEnergies,,,16:50,1010,12887
19,46,finished,67,13428,114,Classic,25,DE,Engelhardt Felix,https://www.procyclingstats.com/rider/felix-engelhardt,Team Jayco AlUla,,,17:09,1029,12906
19,47,finished,25,6699,32,Climber,28,CA,Gee-West Derek,https://www.procyclingstats.com/rider/derek-gee,Lidl - Trek,,,17:41,1061,12938
19,48,finished,82,14308,134,Climber,26,IT,Frigo Marco,https://www.procyclingstats.com/rider/marco-frigo,NSN Cycling Team,,,17:45,1065,12942
19,49,finished,88,14721,223,GC,26,AU,Berwick Sebastian,https://www.procyclingstats.com/rider/sebastian-berwick,Caja Rural - Seguros RGA,,,18:28,1108,12985
19,50,finished,48,10413,56,GC,30,FR,Paret-Peintre Aurélien,https://www.procyclingstats.com/rider/aurelien-paret-peintre,Decathlon CMA CGM Team,,,19:51,1191,13068
19,51,finished,47,9943,222,GC,26,ES,Balderstone Abel,https://www.procyclingstats.com/rider/abel-balderstone-roumens,Caja Rural - Seguros RGA,,,20:05,1205,13082
19,52,finished,36,8554,88,GC,25,FR,Vauquelin Kévin,https://www.procyclingstats.com/rider/kevin-vauquelin,Netcompany INEOS,,,21:17,1277,13154
19,53,finished,43,9346,43,Climber,25,FR,Baudin Alex,https://www.procyclingstats.com/rider/alex-baudin,EF Education - EasyPost,,,21:59,1319,13196
19,54,finished,56,11430,176,GC,34,BE,Meurisse Xandro,https://www.procyclingstats.com/rider/xandro-meurisse,Pinarello Q36.5 Pro Cycling Team,,,22:04,1324,13201
19,55,finished,37,8800,174,Hills,30,BE,Hermans Quinten,https://www.procyclingstats.com/rider/quinten-hermans,Pinarello Q36.5 Pro Cycling Team,,,",,",1324,13201
19,56,finished,83,14339,26,TT,36,SI,Tratnik Jan,https://www.procyclingstats.com/rider/jan-tratnik,Red Bull - BORA - hansgrohe,,,22:26,1346,13223
19,57,finished,52,10743,47,Classic,34,DK,Valgren Michael,https://www.procyclingstats.com/rider/michael-valgren-andersen,EF Education - EasyPost,,,22:41,1361,13238
19,58,finished,27,7164,16,GC,27,US,Jorgenson Matteo,https://www.procyclingstats.com/rider/matteo-jorgenson,Team Visma | Lease a Bike,,,22:43,1363,13240
19,59,finished,50,10480,194,Classic,27,CH,Hirschi Marc,https://www.procyclingstats.com/rider/marc-hirschi,Tudor Pro Cycling Team,,,23:02,1382,13259
19,60,finished,104,16396,67,Classic,30,IT,Velasco Simone,https://www.procyclingstats.com/rider/simone-velasco,XDS Astana Team,,,24:16,1456,13333
19,61,finished,106,16469,76,Hills,27,AU,Stannard Robert,https://www.procyclingstats.com/rider/robert-stannard,Bahrain - Victorious,,,",,",1456,13333
19,62,finished,80,14207,122,Classic,30,NO,Abrahamsen Jonas,https://www.procyclingstats.com/rider/jonas-abrahamsen,Uno-X Mobility,,,",,",1456,13333
19,63,finished,86,14511,177,Classic,28,BE,Van Moer Brent,https://www.procyclingstats.com/rider/brent-van-moer,Pinarello Q36.5 Pro Cycling Team,,,",,",1456,13333
19,64,finished,96,15308,211,Climber,34,FR,Barguil Warren,https://www.procyclingstats.com/rider/warren-barguil,Team Picnic PostNL,,,",,",1456,13333
19,65,finished,24,6697,142,Climber,25,ES,Castrillo Pablo,https://www.procyclingstats.com/rider/pablo-castrillo-zapater,Movistar Team,,,",,",1456,13333
19,66,finished,68,13431,146,TT,37,PT,Oliveira Nelson,https://www.procyclingstats.com/rider/nelson-oliveira,Movistar Team,,,",,",1456,13333
19,67,finished,59,11744,73,GC,38,IT,Caruso Damiano,https://www.procyclingstats.com/rider/damiano-caruso,Bahrain - Victorious,,,",,",1456,13333
19,68,finished,66,13305,98,GC,32,BE,Vervaeke Louis,https://www.procyclingstats.com/rider/louis-vervaeke,Soudal Quick-Step,,,24:32,1472,13349
19,69,finished,139,18510,103,Classic,35,CH,Dillier Silvan,https://www.procyclingstats.com/rider/silvan-dillier,Alpecin - Premier Tech,,,24:54,1494,13371
19,70,finished,123,17399,166,TT,34,LU,Kirsch Alex,https://www.procyclingstats.com/rider/alex-kirsch,Cofidis,,,25:16,1516,13393
19,71,finished,111,16555,145,Hills,25,DE,Hessmann Michel,https://www.procyclingstats.com/rider/michel-hessmann,Movistar Team,,,25:44,1544,13421
19,72,finished,129,17927,95,Classic,34,NL,van Baarle Dylan,https://www.procyclingstats.com/rider/dylan-van-baarle,Soudal Quick-Step,,,25:48,1548,13425
19,73,finished,93,14928,117,GC,25,AU,Plapp Luke,https://www.procyclingstats.com/rider/luke-plapp,Team Jayco AlUla,,,",,",1548,13425
19,74,finished,79,14204,14,TT,34,BE,Campenaerts Victor,https://www.procyclingstats.com/rider/victor-campenaerts,Team Visma | Lease a Bike,,,25:57,1557,13434
19,75,finished,49,10470,37,TT,24,CZ,Vacek Mathias,https://www.procyclingstats.com/rider/mathias-vacek,Lidl - Trek,,,26:21,1581,13458
19,76,finished,77,13979,33,Classic,30,DK,Pedersen Mads,https://www.procyclingstats.com/rider/mads-pedersen,Lidl - Trek,,,",,",1581,13458
19,77,finished,53,11058,203,GC,26,FR,Delbove Joris,https://www.procyclingstats.com/rider/joris-delbove,TotalEnergies,,,",,",1581,13458
19,78,finished,65,13302,188,Classic,31,FR,Russo Clément,https://www.procyclingstats.com/rider/clement-russo,Groupama - FDJ United,,,26:31,1591,13468
19,79,finished,115,17046,46,Climber,24,DE,Steinhauser Georg,https://www.procyclingstats.com/rider/georg-steinhauser,EF Education - EasyPost,,,",,",1591,13468
19,80,finished,62,12309,44,Climber,25,IE,Healy Ben,https://www.procyclingstats.com/rider/ben-healy,EF Education - EasyPost,,,",,",1591,13468
19,81,finished,89,14738,158,Classic,28,DE,Zimmermann Georg,https://www.procyclingstats.com/rider/georg-zimmermann,Lotto Intermarché,,,",,",1591,13468
19,82,finished,81,14214,42,TT,31,DK,Asgreen Kasper,https://www.procyclingstats.com/rider/kasper-asgreen,EF Education - EasyPost,,,26:55,1615,13492
19,83,finished,33,8341,144,Climber,25,ES,García Pierna Raúl,https://www.procyclingstats.com/rider/raul-garcia-pierna,Movistar Team,,,27:01,1621,13498
19,84,finished,60,12234,204,Classic,28,FR,Delettre Alexandre,https://www.procyclingstats.com/rider/alexandre-delettre,TotalEnergies,,,27:10,1630,13507
19,85,finished,74,13686,206,Hills,25,FR,Le Berre Mathis,https://www.procyclingstats.com/rider/mathis-le-berre,TotalEnergies,,,",,",1630,13507
19,86,finished,109,16533,207,Classic,32,FR,Turgis Anthony,https://www.procyclingstats.com/rider/anthony-turgis,TotalEnergies,,,",,",1630,13507
19,87,finished,55,11305,202,GC,26,FR,Breuillard Nicolas,https://www.procyclingstats.com/rider/nicolas-breuillard,TotalEnergies,,,",,",1630,13507
19,88,finished,135,18268,104,Sprint,25,NL,Marsman Tim,https://www.procyclingstats.com/rider/tim-marsman,Alpecin - Premier Tech,,,27:16,1636,13513
19,89,finished,57,11477,181,Classic,23,FR,Grégoire Romain,https://www.procyclingstats.com/rider/romain-gregoire,Groupama - FDJ United,,,27:36,1656,13533
19,90,finished,108,16478,205,TT,28,FR,Guernalec Thibault,https://www.procyclingstats.com/rider/thibault-guernalec,TotalEnergies,,,27:56,1676,13553
19,91,finished,61,12264,126,Classic,31,NO,Skaarseth Anders,https://www.procyclingstats.com/rider/anders-skaarseth,Uno-X Mobility,,,28:04,1684,13561
19,92,finished,71,13548,195,Hills,25,NL,Pluimers Rick,https://www.procyclingstats.com/rider/rick-pluimers,Tudor Pro Cycling Team,,,28:08,1688,13565
19,93,finished,125,17595,66,Classic,33,NL,Teunissen Mike,https://www.procyclingstats.com/rider/mike-teunissen,XDS Astana Team,,,",,",1688,13565
19,94,finished,70,13471,78,Sprint,22,BE,Van Mechelen Vlad,https://www.procyclingstats.com/rider/vlad-van-mechelen,Bahrain - Victorious,,,28:12,1692,13569
19,95,finished,105,16429,48,TT,25,GB,Walker Max,https://www.procyclingstats.com/rider/max-walker,EF Education - EasyPost,,,",,",1692,13569
19,96,finished,131,18211,225,Hills,28,ES,Nicolau Joel,https://www.procyclingstats.com/rider/joel-nicolau,Caja Rural - Seguros RGA,,,28:30,1710,13587
19,97,finished,110,16533,86,Classic,36,PL,Kwiatkowski Michał,https://www.procyclingstats.com/rider/michal-kwiatkowski,Netcompany INEOS,,,28:39,1719,13596
19,98,finished,16,4655,81,GC,29,CO,Bernal Egan,https://www.procyclingstats.com/rider/egan-bernal,Netcompany INEOS,,,",,",1719,13596
19,99,finished,149,19411,157,Hills,26,FR,Veistroffer Baptiste,https://www.procyclingstats.com/rider/baptiste-veistroffer,Lotto Intermarché,,,",,",1719,13596
19,100,finished,120,17302,87,TT,22,GB,Tarling Joshua,https://www.procyclingstats.com/rider/joshua-tarling,Netcompany INEOS,,,",,",1719,13596
19,101,finished,103,16237,143,GC,30,EC,Cepeda Jefferson Alveiro,https://www.procyclingstats.com/rider/jefferson-cepeda-hernandez,Movistar Team,,,",,",1719,13596
19,102,finished,127,17643,178,Hills,27,GB,Wright Fred,https://www.procyclingstats.com/rider/alfred-wright,Pinarello Q36.5 Pro Cycling Team,,,",,",1719,13596
19,103,finished,107,16475,113,TT,35,AU,Durbridge Luke,https://www.procyclingstats.com/rider/luke-durbridge,Team Jayco AlUla,,,",,",1719,13596
19,104,finished,126,17610,226,Hills,28,IT,Oldani Stefano,https://www.procyclingstats.com/rider/stefano-oldani,Caja Rural - Seguros RGA,,,28:56,1736,13613
19,105,finished,44,9393,93,Climber,25,FR,Paret-Peintre Valentin,https://www.procyclingstats.com/rider/valentin-paret-peintre,Soudal Quick-Step,,,29:00,1740,13617
19,106,finished,124,17454,84,TT,29,IT,Ganna Filippo,https://www.procyclingstats.com/rider/filippo-ganna,Netcompany INEOS,,,29:02,1742,13619
19,107,finished,72,13628,5,Classic,32,DE,Politt Nils,https://www.procyclingstats.com/rider/nils-politt,UAE Team Emirates - XRG,,,29:10,1750,13627
19,108,finished,69,13446,94,Classic,34,BE,Stuyven Jasper,https://www.procyclingstats.com/rider/jasper-stuyven,Soudal Quick-Step,,,",,",1750,13627
19,109,finished,145,19115,92,Classic,29,NL,Eenkhoorn Pascal,https://www.procyclingstats.com/rider/pascal-eenkhoorn,Soudal Quick-Step,,,",,",1750,13627
19,110,finished,73,13665,101,Classic,31,NL,van der Poel Mathieu,https://www.procyclingstats.com/rider/mathieu-van-der-poel,Alpecin - Premier Tech,,,",,",1750,13627
19,111,finished,113,16680,27,Classic,26,NL,van Dijke Tim,https://www.procyclingstats.com/rider/tim-van-dijke,Red Bull - BORA - hansgrohe,,,",,",1750,13627
19,112,finished,84,14352,163,Classic,30,ES,Aranburu Alex,https://www.procyclingstats.com/rider/alex-aranburu,Cofidis,,,",,",1750,13627
19,113,finished,100,16050,218,GC,25,NL,van den Broek Frank,https://www.procyclingstats.com/rider/frank-van-den-broek,Team Picnic PostNL,,,",,",1750,13627
19,114,finished,119,17265,6,Classic,27,BE,Vermeersch Florian,https://www.procyclingstats.com/rider/florian-vermeersch,UAE Team Emirates - XRG,,,",,",1750,13627
19,115,finished,117,17201,107,Classic,32,BE,Rickaert Jonas,https://www.procyclingstats.com/rider/jonas-rickaert,Alpecin - Premier Tech,,,",,",1750,13627
19,116,finished,133,18253,105,Sprint,28,BE,Philipsen Jasper,https://www.procyclingstats.com/rider/jasper-philipsen,Alpecin - Premier Tech,,,",,",1750,13627
19,117,finished,122,17353,167,Classic,25,FR,Page Hugo,https://www.procyclingstats.com/rider/hugo-page,Cofidis,,,",,",1750,13627
19,118,finished,98,15508,108,Climber,24,BE,Verstrynge Emiel,https://www.procyclingstats.com/rider/emiel-verstrynge,Alpecin - Premier Tech,,,",,",1750,13627
19,119,finished,97,15355,124,Hills,33,DK,Cort Magnus,https://www.procyclingstats.com/rider/magnus-cort-nielsen,Uno-X Mobility,,,",,",1750,13627
19,120,finished,146,19136,164,Classic,30,BE,Biermans Jenthe,https://www.procyclingstats.com/rider/jenthe-biermans,Cofidis,,,",,",1750,13627
19,121,finished,140,18696,213,Sprint,23,CZ,Bittner Pavel,https://www.procyclingstats.com/rider/pavel-bittner,Team Picnic PostNL,,,29:16,1756,13633
19,122,finished,142,18757,216,Sprint,27,DE,Märkl Niklas,https://www.procyclingstats.com/rider/niklas-markl,Team Picnic PostNL,,,",,",1756,13633
19,123,finished,148,19344,214,Classic,37,DE,Degenkolb John,https://www.procyclingstats.com/rider/john-degenkolb,Team Picnic PostNL,,,",,",1756,13633
19,124,finished,90,14747,75,Classic,31,SI,Mohorič Matej,https://www.procyclingstats.com/rider/matej-mohoric,Bahrain - Victorious,,,",,",1756,13633
19,125,finished,137,18407,128,Classic,26,NO,Wærenskjold Søren,https://www.procyclingstats.com/rider/soren-waerenskjold,Uno-X Mobility,,,",,",1756,13633
19,126,finished,45,9395,156,Climber,25,BE,Van Eetvelt Lennert,https://www.procyclingstats.com/rider/lennert-van-eetvelt,Lotto Intermarché,,,",,",1756,13633
19,127,finished,94,14973,36,Classic,35,LV,Skujiņš Toms,https://www.procyclingstats.com/rider/toms-skujins,Lidl - Trek,,,29:19,1759,13636
19,128,finished,143,18923,64,Sprint,28,DE,Kanter Max,https://www.procyclingstats.com/rider/max-kanter,XDS Astana Team,,,29:33,1773,13650
19,129,finished,99,15749,68,GC,24,KZ,Vinokurov Nicolas,https://www.procyclingstats.com/rider/nicolas-vinokurov,XDS Astana Team,,,",,",1773,13650
19,130,finished,121,17330,63,GC,35,NZ,Gate Aaron,https://www.procyclingstats.com/rider/aaron-gate,XDS Astana Team,,,",,",1773,13650
19,131,finished,153,19776,132,Classic,25,GB,Askey Lewis,https://www.procyclingstats.com/rider/lewis-askey,NSN Cycling Team,,,29:40,1780,13657
19,132,finished,136,18315,136,Classic,31,LV,Neilands Krists,https://www.procyclingstats.com/rider/krists-neilands,NSN Cycling Team,,,29:58,1798,13675
19,133,finished,112,16628,227,GC,28,CZ,Otruba Jakub,https://www.procyclingstats.com/rider/jakub-otruba,Caja Rural - Seguros RGA,,,",,",1798,13675
19,134,finished,114,17007,106,Classic,31,BE,Planckaert Edward,https://www.procyclingstats.com/rider/edward-planckaert,Alpecin - Premier Tech,,,30:01,1801,13678
19,135,finished,158,20184,135,Classic,27,FR,Louvel Matis,https://www.procyclingstats.com/rider/matis-louvel,NSN Cycling Team,,,",,",1801,13678
19,136,finished,95,15213,23,Hills,32,DE,Denz Nico,https://www.procyclingstats.com/rider/nico-denz,Red Bull - BORA - hansgrohe,,,30:08,1808,13685
19,137,finished,152,19698,137,Hills,26,GB,Stewart Jake,https://www.procyclingstats.com/rider/jake-stewart,NSN Cycling Team,,,30:20,1820,13697
19,138,finished,141,18711,131,Classic,26,ER,Girmay Biniam,https://www.procyclingstats.com/rider/biniam-girmay,NSN Cycling Team,,,",,",1820,13697
19,139,finished,157,20106,72,Sprint,32,DE,Bauhaus Phil,https://www.procyclingstats.com/rider/phil-bauhaus,Bahrain - Victorious,,,30:44,1844,13721
19,140,finished,130,17961,54,TT,27,NL,Hoole Daan,https://www.procyclingstats.com/rider/daan-hoole,Decathlon CMA CGM Team,,,31:06,1866,13743
19,141,finished,144,18925,112,Sprint,32,DE,Ackermann Pascal,https://www.procyclingstats.com/rider/pascal-ackermann,Team Jayco AlUla,,,31:10,1870,13747
19,142,finished,102,16180,172,TT,27,ES,Azparren Xabier Mikel,https://www.procyclingstats.com/rider/xabier-mikel-azparren-irurzun,Pinarello Q36.5 Pro Cycling Team,,,31:19,1879,13756
19,143,finished,76,13803,7,GC,35,BE,Wellens Tim,https://www.procyclingstats.com/rider/tim-wellens,UAE Team Emirates - XRG,,,31:21,1881,13758
19,144,finished,159,20249,74,TT,35,PL,Gradek Kamil,https://www.procyclingstats.com/rider/kamil-gradek,Bahrain - Victorious,,,31:23,1883,13760
19,145,finished,154,19797,162,Classic,31,BE,Allegaert Piet,https://www.procyclingstats.com/rider/piet-allegaert,Cofidis,,,31:38,1898,13775
19,146,finished,155,19878,62,Classic,31,IT,Ballerini Davide,https://www.procyclingstats.com/rider/davide-ballerini,XDS Astana Team,,,31:48,1908,13785
19,147,finished,151,19632,55,Sprint,24,NL,Kooij Olav,https://www.procyclingstats.com/rider/olav-kooij,Decathlon CMA CGM Team,,,",,",1908,13785
19,148,finished,156,20093,217,Sprint,29,NL,van den Berg Julius,https://www.procyclingstats.com/rider/julius-van-den-berg,Team Picnic PostNL,,,31:56,1916,13793
19,149,finished,160,20402,53,Sprint,30,NL,Bol Cees,https://www.procyclingstats.com/rider/cees-bol,Decathlon CMA CGM Team,,,",,",1916,13793
19,150,finished,132,18231,152,Hills,24,NL,Artz Huub,https://www.procyclingstats.com/rider/huub-artz,Lotto Intermarché,,,",,",1916,13793
19,151,finished,118,17202,215,GC,22,BE,Dhondt Robbe,https://www.procyclingstats.com/rider/robbe-dhondt,Team Picnic PostNL,,,",,",1916,13793
19,152,finished,150,19624,165,Classic,25,BE,Fretin Milan,https://www.procyclingstats.com/rider/milan-fretin,Cofidis,,,32:07,1927,13804
19,153,finished,128,17649,155,GC,25,BE,Slock Liam,https://www.procyclingstats.com/rider/liam-slock,Lotto Intermarché,,,32:19,1939,13816
19,154,finished,116,17057,168,TT,30,FR,Thomas Benjamin,https://www.procyclingstats.com/rider/benjamin-thomas-2,Cofidis,,,",,",1939,13816
19,155,finished,92,14892,185,GC,24,IT,Germani Lorenzo,https://www.procyclingstats.com/rider/lorenzo-germani,Groupama - FDJ United,,,",,",1939,13816
19,156,finished,78,14020,184,GC,23,FR,Costiou Ewen,https://www.procyclingstats.com/rider/ewen-costiou,Groupama - FDJ United,,,32:24,1944,13821
19,157,finished,134,18256,85,Hills,30,FR,Godon Dorian,https://www.procyclingstats.com/rider/dorian-godon,Netcompany INEOS,,,32:51,1971,13848
19,158,finished,147,19206,193,Classic,35,AT,Haller Marco,https://www.procyclingstats.com/rider/marco-haller,Tudor Pro Cycling Team,,,",,",1971,13848
19,159,finished,138,18492,191,Classic,34,FR,Alaphilippe Julian,https://www.procyclingstats.com/rider/julian-alaphilippe,Tudor Pro Cycling Team,,,",,",1971,13848
19,160,finished,101,16077,15,Classic,23,NO,Hagenes Per Strand,https://www.procyclingstats.com/rider/per-strand-hagenes,Team Visma | Lease a Bike,,,33:01,1981,13858
19,,DNF,,,12,TT,30,IT,Affini Edoardo,https://www.procyclingstats.com/rider/edoardo-affini,Team Visma | Lease a Bike,,,,,
19,,DNF,,,148,Climber,28,CO,Rubio Einer,https://www.procyclingstats.com/rider/einer-rubio,Movistar Team,,,,,
20,1,finished,8,1200,41,Climber,33,EC,Carapaz Richard,https://www.procyclingstats.com/rider/richard-carapaz,EF Education - EasyPost,210.0,100.0,4:59:39,0,17979
20,2,finished,2,386,21,Climber,26,BE,Evenepoel Remco,https://www.procyclingstats.com/rider/remco-evenepoel,Red Bull - BORA - hansgrohe,150.0,70.0,0:26,26,18005
20,3,finished,13,3743,17,Climber,31,US,Kuss Sepp,https://www.procyclingstats.com/rider/sepp-kuss,Team Visma | Lease a Bike,110.0,50.0,0:31,31,18010
20,4,finished,1,0,1,Climber,27,SI,Pogačar Tadej,https://www.procyclingstats.com/rider/tadej-pogacar,UAE Team Emirates - XRG,90.0,40.0,1:05,65,18044
20,5,finished,3,582,2,Climber,22,MX,del Toro Isaac,https://www.procyclingstats.com/rider/isaac-del-toro,UAE Team Emirates - XRG,70.0,32.0,",,",65,18044
20,6,finished,5,782,71,Climber,23,FR,Martinez Lenny,https://www.procyclingstats.com/rider/lenny-martinez,Bahrain - Victorious,55.0,26.0,1:07,67,18046
20,7,finished,15,5008,24,Climber,30,AU,Hindley Jai,https://www.procyclingstats.com/rider/jai-hindley,Red Bull - BORA - hansgrohe,45.0,22.0,2:15,135,18114
20,8,finished,6,899,35,Climber,25,DK,Skjelmose Mattias,https://www.procyclingstats.com/rider/mattias-skjelmose-jensen,Lidl - Trek,40.0,18.0,2:55,175,18154
20,9,finished,7,1068,31,Climber,23,ES,Ayuso Juan,https://www.procyclingstats.com/rider/juan-ayuso-pesquera,Lidl - Trek,35.0,14.0,",,",175,18154
20,10,finished,4,716,51,Climber,19,FR,Seixas Paul,https://www.procyclingstats.com/rider/paul-seixas,Decathlon CMA CGM Team,30.0,10.0,",,",175,18154
20,11,finished,12,3397,121,Climber,26,NO,Johannessen Tobias Halland,https://www.procyclingstats.com/rider/tobias-halland-johannessen,Uno-X Mobility,25.0,8.0,6:44,404,18383
20,12,finished,24,7869,58,Climber,24,US,Riccitello Matthew,https://www.procyclingstats.com/rider/matthew-riccitello,Decathlon CMA CGM Team,20.0,6.0,6:57,417,18396
20,13,finished,16,5101,57,GC,29,FR,Prodhomme Nicolas,https://www.procyclingstats.com/rider/nicolas-prodhomme,Decathlon CMA CGM Team,15.0,4.0,8:11,491,18470
20,14,finished,17,5576,52,Classic,32,BE,Benoot Tiesj,https://www.procyclingstats.com/rider/tiesj-benoot,Decathlon CMA CGM Team,10.0,2.0,8:49,529,18508
20,15,finished,14,3823,18,GC,24,IT,Piganzoli Davide,https://www.procyclingstats.com/rider/davide-piganzoli,Team Visma | Lease a Bike,5.0,1.0,8:51,531,18510
20,16,finished,9,1768,171,Classic,26,GB,Pidcock Tom,https://www.procyclingstats.com/rider/tom-pidcock,Pinarello Q36.5 Pro Cycling Team,,,9:03,543,18522
20,17,finished,63,15097,196,Climber,29,AU,Storer Michael,https://www.procyclingstats.com/rider/michael-storer,Tudor Pro Cycling Team,,,",,",543,18522
20,18,finished,11,2282,198,GC,27,CH,Voisard Yannis,https://www.procyclingstats.com/rider/yannis-voisard,Tudor Pro Cycling Team,,,9:07,547,18526
20,19,finished,18,5728,34,Hills,25,US,Simmons Quinn,https://www.procyclingstats.com/rider/quinn-simmons,Lidl - Trek,,,10:02,602,18581
20,20,finished,10,2001,201,Climber,27,FR,Jegat Jordan,https://www.procyclingstats.com/rider/jordan-jegat,TotalEnergies,,,11:05,665,18644
20,21,finished,26,8387,65,Climber,29,CO,Tejada Harold,https://www.procyclingstats.com/rider/harold-tejada,XDS Astana Team,,,11:20,680,18659
20,22,finished,28,9098,111,GC,30,AU,O'Connor Ben,https://www.procyclingstats.com/rider/ben-o-connor,Team Jayco AlUla,,,11:46,706,18685
20,23,finished,22,7362,82,GC,26,NL,Arensman Thymen,https://www.procyclingstats.com/rider/thymen-arensman,Netcompany INEOS,,,12:02,722,18701
20,24,finished,27,8649,28,Classic,26,BE,Van Gils Maxim,https://www.procyclingstats.com/rider/maxim-van-gils,Red Bull - BORA - hansgrohe,,,12:40,760,18739
20,25,finished,42,11308,56,GC,30,FR,Paret-Peintre Aurélien,https://www.procyclingstats.com/rider/aurelien-paret-peintre,Decathlon CMA CGM Team,,,16:00,960,18939
20,26,finished,19,6425,45,GC,26,US,Quinn Sean,https://www.procyclingstats.com/rider/sean-quinn,EF Education - EasyPost,,,17:28,1048,19027
20,27,finished,25,7979,32,Climber,28,CA,Gee-West Derek,https://www.procyclingstats.com/rider/derek-gee,Lidl - Trek,,,22:25,1345,19324
20,28,finished,33,10279,22,TT,35,IT,Cattaneo Mattia,https://www.procyclingstats.com/rider/mattia-cattaneo,Red Bull - BORA - hansgrohe,,,23:14,1394,19373
20,29,finished,125,19987,191,Classic,34,FR,Alaphilippe Julian,https://www.procyclingstats.com/rider/julian-alaphilippe,Tudor Pro Cycling Team,,,26:00,1560,19539
20,30,finished,87,16803,211,Climber,34,FR,Barguil Warren,https://www.procyclingstats.com/rider/warren-barguil,Team Picnic PostNL,,,",,",1560,19539
20,31,finished,59,13863,44,Climber,25,IE,Healy Ben,https://www.procyclingstats.com/rider/ben-healy,EF Education - EasyPost,,,26:59,1619,19598
20,32,finished,23,7522,38,GC,33,ES,Verona Carlos,https://www.procyclingstats.com/rider/carlos-verona,Lidl - Trek,,,27:16,1636,19615
20,33,finished,64,15282,125,GC,26,NO,Johannessen Anders Halland,https://www.procyclingstats.com/rider/anders-halland-johannessen,Uno-X Mobility,,,",,",1636,19615
20,34,finished,31,9255,186,Climber,33,FR,Martin Guillaume,https://www.procyclingstats.com/rider/guillaume-martin,Groupama - FDJ United,,,",,",1636,19615
20,35,finished,50,12876,202,GC,26,FR,Breuillard Nicolas,https://www.procyclingstats.com/rider/nicolas-breuillard,TotalEnergies,,,",,",1636,19615
20,36,finished,32,9802,3,GC,32,AT,Großschartner Felix,https://www.procyclingstats.com/rider/felix-grossschartner,UAE Team Emirates - XRG,,,31:06,1866,19845
20,37,finished,21,6719,8,Climber,33,GB,Yates Adam,https://www.procyclingstats.com/rider/adam-yates,UAE Team Emirates - XRG,,,",,",1866,19845
20,38,finished,38,11075,61,Climber,28,CO,Higuita Sergio,https://www.procyclingstats.com/rider/sergio-higuita,XDS Astana Team,,,",,",1866,19845
20,39,finished,20,6478,81,GC,29,CO,Bernal Egan,https://www.procyclingstats.com/rider/egan-bernal,Netcompany INEOS,,,31:28,1888,19867
20,40,finished,43,11309,83,TT,29,NO,Foss Tobias,https://www.procyclingstats.com/rider/tobias-foss,Netcompany INEOS,,,31:35,1895,19874
20,41,finished,55,13603,73,GC,38,IT,Caruso Damiano,https://www.procyclingstats.com/rider/damiano-caruso,Bahrain - Victorious,,,32:04,1924,19903
20,42,finished,100,18255,67,Classic,30,IT,Velasco Simone,https://www.procyclingstats.com/rider/simone-velasco,XDS Astana Team,,,",,",1924,19903
20,43,finished,81,16394,177,Classic,28,BE,Van Moer Brent,https://www.procyclingstats.com/rider/brent-van-moer,Pinarello Q36.5 Pro Cycling Team,,,32:28,1948,19927
20,44,finished,40,11183,183,Climber,26,FR,Braz Afonso Clément,https://www.procyclingstats.com/rider/clement-braz-afonso,Groupama - FDJ United,,,32:42,1962,19941
20,45,finished,41,11302,156,Climber,25,BE,Van Eetvelt Lennert,https://www.procyclingstats.com/rider/lennert-van-eetvelt,Lotto Intermarché,,,32:52,1972,19951
20,46,finished,44,11361,93,Climber,25,FR,Paret-Peintre Valentin,https://www.procyclingstats.com/rider/valentin-paret-peintre,Soudal Quick-Step,,,33:53,2033,20012
20,47,finished,51,13026,203,GC,26,FR,Delbove Joris,https://www.procyclingstats.com/rider/joris-delbove,TotalEnergies,,,",,",2033,20012
20,48,finished,34,10352,144,Climber,25,ES,García Pierna Raúl,https://www.procyclingstats.com/rider/raul-garcia-pierna,Movistar Team,,,34:36,2076,20055
20,49,finished,129,20227,225,Hills,28,ES,Nicolau Joel,https://www.procyclingstats.com/rider/joel-nicolau,Caja Rural - Seguros RGA,,,34:41,2081,20060
20,50,finished,77,16223,122,Classic,30,NO,Abrahamsen Jonas,https://www.procyclingstats.com/rider/jonas-abrahamsen,Uno-X Mobility,,,",,",2081,20060
20,51,finished,66,15487,78,Sprint,22,BE,Van Mechelen Vlad,https://www.procyclingstats.com/rider/vlad-van-mechelen,Bahrain - Victorious,,,",,",2081,20060
20,52,finished,78,16324,134,Climber,26,IT,Frigo Marco,https://www.procyclingstats.com/rider/marco-frigo,NSN Cycling Team,,,",,",2081,20060
20,53,finished,35,10409,118,Hills,26,CH,Schmid Mauro,https://www.procyclingstats.com/rider/mauro-schmid,Team Jayco AlUla,,,",,",2081,20060
20,54,finished,65,15476,146,TT,37,PT,Oliveira Nelson,https://www.procyclingstats.com/rider/nelson-oliveira,Movistar Team,,,35:10,2110,20089
20,55,finished,62,14606,13,TT,32,FR,Armirail Bruno,https://www.procyclingstats.com/rider/bruno-armirail,Team Visma | Lease a Bike,,,",,",2110,20089
20,56,finished,30,9209,16,GC,27,US,Jorgenson Matteo,https://www.procyclingstats.com/rider/matteo-jorgenson,Team Visma | Lease a Bike,,,",,",2110,20089
20,57,finished,54,13309,147,GC,27,ES,Romo Javier,https://www.procyclingstats.com/rider/javier-romo,Movistar Team,,,",,",2110,20089
20,58,finished,101,18282,143,GC,30,EC,Cepeda Jefferson Alveiro,https://www.procyclingstats.com/rider/jefferson-cepeda-hernandez,Movistar Team,,,",,",2110,20089
20,59,finished,88,16898,175,GC,33,AU,Howson Damien,https://www.procyclingstats.com/rider/damien-howson,Pinarello Q36.5 Pro Cycling Team,,,35:12,2112,20091
20,60,finished,99,18227,172,TT,27,ES,Azparren Xabier Mikel,https://www.procyclingstats.com/rider/xabier-mikel-azparren-irurzun,Pinarello Q36.5 Pro Cycling Team,,,",,",2112,20091
20,61,finished,48,12599,194,Classic,27,CH,Hirschi Marc,https://www.procyclingstats.com/rider/marc-hirschi,Tudor Pro Cycling Team,,,36:24,2184,20163
20,62,finished,74,15928,7,GC,35,BE,Wellens Tim,https://www.procyclingstats.com/rider/tim-wellens,UAE Team Emirates - XRG,,,36:30,2190,20169
20,63,finished,83,16464,26,TT,36,SI,Tratnik Jan,https://www.procyclingstats.com/rider/jan-tratnik,Red Bull - BORA - hansgrohe,,,",,",2190,20169
20,64,finished,37,11032,77,GC,25,IT,Tiberi Antonio,https://www.procyclingstats.com/rider/antonio-tiberi,Bahrain - Victorious,,,36:36,2196,20175
20,65,finished,104,18688,145,Hills,25,DE,Hessmann Michel,https://www.procyclingstats.com/rider/michel-hessmann,Movistar Team,,,36:38,2198,20177
20,66,finished,113,19179,46,Climber,24,DE,Steinhauser Georg,https://www.procyclingstats.com/rider/georg-steinhauser,EF Education - EasyPost,,,",,",2198,20177
20,67,finished,91,17070,117,GC,25,AU,Plapp Luke,https://www.procyclingstats.com/rider/luke-plapp,Team Jayco AlUla,,,36:47,2207,20186
20,68,finished,46,11501,43,Climber,25,FR,Baudin Alex,https://www.procyclingstats.com/rider/alex-baudin,EF Education - EasyPost,,,37:00,2220,20199
20,69,finished,72,15810,5,Classic,32,DE,Politt Nils,https://www.procyclingstats.com/rider/nils-politt,UAE Team Emirates - XRG,,,37:27,2247,20226
20,70,finished,67,15518,98,GC,32,BE,Vervaeke Louis,https://www.procyclingstats.com/rider/louis-vervaeke,Soudal Quick-Step,,,37:58,2278,20257
20,71,finished,82,16457,14,TT,34,BE,Campenaerts Victor,https://www.procyclingstats.com/rider/victor-campenaerts,Team Visma | Lease a Bike,,,38:38,2318,20297
20,72,finished,115,19479,107,Classic,32,BE,Rickaert Jonas,https://www.procyclingstats.com/rider/jonas-rickaert,Alpecin - Premier Tech,,,39:03,2343,20322
20,73,finished,143,21438,92,Classic,29,NL,Eenkhoorn Pascal,https://www.procyclingstats.com/rider/pascal-eenkhoorn,Soudal Quick-Step,,,39:48,2388,20367
20,74,finished,71,15769,94,Classic,34,BE,Stuyven Jasper,https://www.procyclingstats.com/rider/jasper-stuyven,Soudal Quick-Step,,,",,",2388,20367
20,75,finished,130,20284,54,TT,27,NL,Hoole Daan,https://www.procyclingstats.com/rider/daan-hoole,Decathlon CMA CGM Team,,,",,",2388,20367
20,76,finished,56,13753,176,GC,34,BE,Meurisse Xandro,https://www.procyclingstats.com/rider/xandro-meurisse,Pinarello Q36.5 Pro Cycling Team,,,",,",2388,20367
20,77,finished,69,15625,188,Classic,31,FR,Russo Clément,https://www.procyclingstats.com/rider/clement-russo,Groupama - FDJ United,,,",,",2388,20367
20,78,finished,60,14587,126,Classic,31,NO,Skaarseth Anders,https://www.procyclingstats.com/rider/anders-skaarseth,Uno-X Mobility,,,",,",2388,20367
20,79,finished,133,20591,104,Sprint,25,NL,Marsman Tim,https://www.procyclingstats.com/rider/tim-marsman,Alpecin - Premier Tech,,,",,",2388,20367
20,80,finished,75,15988,101,Classic,31,NL,van der Poel Mathieu,https://www.procyclingstats.com/rider/mathieu-van-der-poel,Alpecin - Premier Tech,,,",,",2388,20367
20,81,finished,84,16537,42,TT,31,DK,Asgreen Kasper,https://www.procyclingstats.com/rider/kasper-asgreen,EF Education - EasyPost,,,",,",2388,20367
20,82,finished,98,18072,68,GC,24,KZ,Vinokurov Nicolas,https://www.procyclingstats.com/rider/nicolas-vinokurov,XDS Astana Team,,,",,",2388,20367
20,83,finished,76,16009,206,Hills,25,FR,Le Berre Mathis,https://www.procyclingstats.com/rider/mathis-le-berre,TotalEnergies,,,",,",2388,20367
20,84,finished,73,15871,195,Hills,25,NL,Pluimers Rick,https://www.procyclingstats.com/rider/rick-pluimers,Tudor Pro Cycling Team,,,",,",2388,20367
20,85,finished,124,19918,66,Classic,33,NL,Teunissen Mike,https://www.procyclingstats.com/rider/mike-teunissen,XDS Astana Team,,,",,",2388,20367
20,86,finished,111,19003,27,Classic,26,NL,van Dijke Tim,https://www.procyclingstats.com/rider/tim-van-dijke,Red Bull - BORA - hansgrohe,,,",,",2388,20367
20,87,finished,119,19676,167,Classic,25,FR,Page Hugo,https://www.procyclingstats.com/rider/hugo-page,Cofidis,,,",,",2388,20367
20,88,finished,47,12266,222,GC,26,ES,Balderstone Abel,https://www.procyclingstats.com/rider/abel-balderstone-roumens,Caja Rural - Seguros RGA,,,",,",2388,20367
20,89,finished,85,16675,163,Classic,30,ES,Aranburu Alex,https://www.procyclingstats.com/rider/alex-aranburu,Cofidis,,,",,",2388,20367
20,90,finished,96,17831,108,Climber,24,BE,Verstrynge Emiel,https://www.procyclingstats.com/rider/emiel-verstrynge,Alpecin - Premier Tech,,,",,",2388,20367
20,91,finished,39,11123,174,Hills,30,BE,Hermans Quinten,https://www.procyclingstats.com/rider/quinten-hermans,Pinarello Q36.5 Pro Cycling Team,,,",,",2388,20367
20,92,finished,45,11413,161,GC,37,ES,Izagirre Ion,https://www.procyclingstats.com/rider/ion-izagirre,Cofidis,,,",,",2388,20367
20,93,finished,155,22572,74,TT,35,PL,Gradek Kamil,https://www.procyclingstats.com/rider/kamil-gradek,Bahrain - Victorious,,,",,",2388,20367
20,94,finished,95,17536,23,Hills,32,DE,Denz Nico,https://www.procyclingstats.com/rider/nico-denz,Red Bull - BORA - hansgrohe,,,",,",2388,20367
20,95,finished,134,20638,136,Classic,31,LV,Neilands Krists,https://www.procyclingstats.com/rider/krists-neilands,NSN Cycling Team,,,",,",2388,20367
20,96,finished,154,22429,72,Sprint,32,DE,Bauhaus Phil,https://www.procyclingstats.com/rider/phil-bauhaus,Bahrain - Victorious,,,",,",2388,20367
20,97,finished,79,16343,184,GC,23,FR,Costiou Ewen,https://www.procyclingstats.com/rider/ewen-costiou,Groupama - FDJ United,,,",,",2388,20367
20,98,finished,36,10877,88,GC,25,FR,Vauquelin Kévin,https://www.procyclingstats.com/rider/kevin-vauquelin,Netcompany INEOS,,,",,",2388,20367
20,99,finished,58,13829,187,Hills,34,FR,Pacher Quentin,https://www.procyclingstats.com/rider/quentin-pacher,Groupama - FDJ United,,,",,",2388,20367
20,100,finished,57,13800,181,Classic,23,FR,Grégoire Romain,https://www.procyclingstats.com/rider/romain-gregoire,Groupama - FDJ United,,,",,",2388,20367
20,101,finished,86,16724,208,Hills,25,FR,Vercher Mattéo,https://www.procyclingstats.com/rider/matheo-vercher,TotalEnergies,,,",,",2388,20367
20,102,finished,92,17070,75,Classic,31,SI,Mohorič Matej,https://www.procyclingstats.com/rider/matej-mohoric,Bahrain - Victorious,,,",,",2388,20367
20,103,finished,105,18792,76,Hills,27,AU,Stannard Robert,https://www.procyclingstats.com/rider/robert-stannard,Bahrain - Victorious,,,",,",2388,20367
20,104,finished,70,15751,114,Classic,25,DE,Engelhardt Felix,https://www.procyclingstats.com/rider/felix-engelhardt,Team Jayco AlUla,,,",,",2388,20367
20,105,finished,52,13055,115,Classic,35,AU,Matthews Michael,https://www.procyclingstats.com/rider/michael-matthews,Team Jayco AlUla,,,",,",2388,20367
20,106,finished,132,20554,152,Hills,24,NL,Artz Huub,https://www.procyclingstats.com/rider/huub-artz,Lotto Intermarché,,,",,",2388,20367
20,107,finished,146,21734,157,Hills,26,FR,Veistroffer Baptiste,https://www.procyclingstats.com/rider/baptiste-veistroffer,Lotto Intermarché,,,",,",2388,20367
20,108,finished,90,17061,158,Classic,28,DE,Zimmermann Georg,https://www.procyclingstats.com/rider/georg-zimmermann,Lotto Intermarché,,,",,",2388,20367
20,109,finished,89,17044,223,GC,26,AU,Berwick Sebastian,https://www.procyclingstats.com/rider/sebastian-berwick,Caja Rural - Seguros RGA,,,",,",2388,20367
20,110,finished,107,18806,113,TT,35,AU,Durbridge Luke,https://www.procyclingstats.com/rider/luke-durbridge,Team Jayco AlUla,,,39:56,2396,20375
20,111,finished,139,21091,216,Sprint,27,DE,Märkl Niklas,https://www.procyclingstats.com/rider/niklas-markl,Team Picnic PostNL,,,39:59,2399,20378
20,112,finished,116,19609,6,Classic,27,BE,Vermeersch Florian,https://www.procyclingstats.com/rider/florian-vermeersch,UAE Team Emirates - XRG,,,40:09,2409,20388
20,113,finished,148,21970,165,Classic,25,BE,Fretin Milan,https://www.procyclingstats.com/rider/milan-fretin,Cofidis,,,40:11,2411,20390
20,114,finished,145,21704,214,Classic,37,DE,Degenkolb John,https://www.procyclingstats.com/rider/john-degenkolb,Team Picnic PostNL,,,40:25,2425,20404
20,115,finished,108,18895,207,Classic,32,FR,Turgis Anthony,https://www.procyclingstats.com/rider/anthony-turgis,TotalEnergies,,,40:27,2427,20406
20,116,finished,61,14596,204,Classic,28,FR,Delettre Alexandre,https://www.procyclingstats.com/rider/alexandre-delettre,TotalEnergies,,,",,",2427,20406
20,117,finished,106,18799,48,TT,25,GB,Walker Max,https://www.procyclingstats.com/rider/max-walker,EF Education - EasyPost,,,40:35,2435,20414
20,118,finished,103,18465,15,Classic,23,NO,Hagenes Per Strand,https://www.procyclingstats.com/rider/per-strand-hagenes,Team Visma | Lease a Bike,,,40:53,2453,20432
20,119,finished,126,20014,226,Hills,28,IT,Oldani Stefano,https://www.procyclingstats.com/rider/stefano-oldani,Caja Rural - Seguros RGA,,,41:09,2469,20448
20,120,finished,152,22282,62,Classic,31,IT,Ballerini Davide,https://www.procyclingstats.com/rider/davide-ballerini,XDS Astana Team,,,",,",2469,20448
20,121,finished,94,17379,36,Classic,35,LV,Skujiņš Toms,https://www.procyclingstats.com/rider/toms-skujins,Lidl - Trek,,,41:11,2471,20450
20,122,finished,49,12876,37,TT,24,CZ,Vacek Mathias,https://www.procyclingstats.com/rider/mathias-vacek,Lidl - Trek,,,",,",2471,20450
20,123,finished,121,19736,63,GC,35,NZ,Gate Aaron,https://www.procyclingstats.com/rider/aaron-gate,XDS Astana Team,,,",,",2471,20450
20,124,finished,80,16385,33,Classic,30,DK,Pedersen Mads,https://www.procyclingstats.com/rider/mads-pedersen,Lidl - Trek,,,",,",2471,20450
20,125,finished,122,19805,166,TT,34,LU,Kirsch Alex,https://www.procyclingstats.com/rider/alex-kirsch,Cofidis,,,",,",2471,20450
20,126,finished,123,19860,84,TT,30,IT,Ganna Filippo,https://www.procyclingstats.com/rider/filippo-ganna,Netcompany INEOS,,,",,",2471,20450
20,127,finished,120,19708,87,TT,22,GB,Tarling Joshua,https://www.procyclingstats.com/rider/joshua-tarling,Netcompany INEOS,,,",,",2471,20450
20,128,finished,29,9103,142,Climber,25,ES,Castrillo Pablo,https://www.procyclingstats.com/rider/pablo-castrillo-zapater,Movistar Team,,,",,",2471,20450
20,129,finished,109,18939,86,Classic,36,PL,Kwiatkowski Michał,https://www.procyclingstats.com/rider/michal-kwiatkowski,Netcompany INEOS,,,",,",2471,20450
20,130,finished,131,20333,95,Classic,34,NL,van Baarle Dylan,https://www.procyclingstats.com/rider/dylan-van-baarle,Soudal Quick-Step,,,",,",2471,20450
20,131,finished,137,20916,103,Classic,35,CH,Dillier Silvan,https://www.procyclingstats.com/rider/silvan-dillier,Alpecin - Premier Tech,,,",,",2471,20450
20,132,finished,53,13149,47,Classic,34,DK,Valgren Michael,https://www.procyclingstats.com/rider/michael-valgren-andersen,EF Education - EasyPost,,,",,",2471,20450
20,133,finished,142,21329,64,Sprint,28,DE,Kanter Max,https://www.procyclingstats.com/rider/max-kanter,XDS Astana Team,,,",,",2471,20450
20,134,finished,102,18456,218,GC,25,NL,van den Broek Frank,https://www.procyclingstats.com/rider/frank-van-den-broek,Team Picnic PostNL,,,",,",2471,20450
20,135,finished,93,17298,185,GC,24,IT,Germani Lorenzo,https://www.procyclingstats.com/rider/lorenzo-germani,Groupama - FDJ United,,,",,",2471,20450
20,136,finished,112,19043,227,GC,28,CZ,Otruba Jakub,https://www.procyclingstats.com/rider/jakub-otruba,Caja Rural - Seguros RGA,,,41:20,2480,20459
20,137,finished,140,21111,213,Sprint,23,CZ,Bittner Pavel,https://www.procyclingstats.com/rider/pavel-bittner,Team Picnic PostNL,,,",,",2480,20459
20,138,finished,135,20675,105,Sprint,28,BE,Philipsen Jasper,https://www.procyclingstats.com/rider/jasper-philipsen,Alpecin - Premier Tech,,,41:27,2487,20466
20,139,finished,118,19636,215,GC,22,BE,Dhondt Robbe,https://www.procyclingstats.com/rider/robbe-dhondt,Team Picnic PostNL,,,41:39,2499,20478
20,140,finished,114,19458,106,Classic,31,BE,Planckaert Edward,https://www.procyclingstats.com/rider/edward-planckaert,Alpecin - Premier Tech,,,41:56,2516,20495
20,141,finished,157,22656,135,Classic,27,FR,Louvel Matis,https://www.procyclingstats.com/rider/matis-louvel,NSN Cycling Team,,,42:17,2537,20516
20,142,finished,68,15522,133,GC,36,NZ,Bennett George,https://www.procyclingstats.com/rider/george-bennett,NSN Cycling Team,,,",,",2537,20516
20,143,finished,151,22248,132,Classic,25,GB,Askey Lewis,https://www.procyclingstats.com/rider/lewis-askey,NSN Cycling Team,,,",,",2537,20516
20,144,finished,110,18980,205,TT,28,FR,Guernalec Thibault,https://www.procyclingstats.com/rider/thibault-guernalec,TotalEnergies,,,42:47,2567,20546
20,145,finished,138,20918,128,Classic,26,NO,Wærenskjold Søren,https://www.procyclingstats.com/rider/soren-waerenskjold,Uno-X Mobility,,,42:56,2576,20555
20,146,finished,97,17877,124,Hills,33,DK,Cort Magnus,https://www.procyclingstats.com/rider/magnus-cort-nielsen,Uno-X Mobility,,,43:07,2587,20566
20,147,finished,158,22928,53,Sprint,30,NL,Bol Cees,https://www.procyclingstats.com/rider/cees-bol,Decathlon CMA CGM Team,,,43:11,2591,20570
20,148,finished,149,22158,55,Sprint,24,NL,Kooij Olav,https://www.procyclingstats.com/rider/olav-kooij,Decathlon CMA CGM Team,,,",,",2591,20570
20,149,finished,147,21740,193,Classic,35,AT,Haller Marco,https://www.procyclingstats.com/rider/marco-haller,Tudor Pro Cycling Team,,,43:19,2599,20578
20,150,finished,127,20181,178,Hills,27,GB,Wright Fred,https://www.procyclingstats.com/rider/alfred-wright,Pinarello Q36.5 Pro Cycling Team,,,43:23,2603,20582
20,151,finished,153,22342,162,Classic,31,BE,Allegaert Piet,https://www.procyclingstats.com/rider/piet-allegaert,Cofidis,,,43:30,2610,20589
20,152,finished,150,22247,137,Hills,26,GB,Stewart Jake,https://www.procyclingstats.com/rider/jake-stewart,NSN Cycling Team,,,43:34,2614,20593
20,153,finished,141,21260,131,Classic,26,ER,Girmay Biniam,https://www.procyclingstats.com/rider/biniam-girmay,NSN Cycling Team,,,",,",2614,20593
20,154,finished,128,20200,155,GC,25,BE,Slock Liam,https://www.procyclingstats.com/rider/liam-slock,Lotto Intermarché,,,43:36,2616,20595
20,155,finished,156,22646,217,Sprint,29,NL,van den Berg Julius,https://www.procyclingstats.com/rider/julius-van-den-berg,Team Picnic PostNL,,,43:38,2618,20597
20,156,finished,136,20814,85,Hills,30,FR,Godon Dorian,https://www.procyclingstats.com/rider/dorian-godon,Netcompany INEOS,,,43:43,2623,20602
20,157,finished,117,19625,168,TT,30,FR,Thomas Benjamin,https://www.procyclingstats.com/rider/benjamin-thomas-2,Cofidis,,,43:53,2633,20612
20,158,finished,144,21704,164,Classic,30,BE,Biermans Jenthe,https://www.procyclingstats.com/rider/jenthe-biermans,Cofidis,,,",,",2633,20612
20,,DNF,,,112,Sprint,32,DE,Ackermann Pascal,https://www.procyclingstats.com/rider/pascal-ackermann,Team Jayco AlUla,,,,,
20,,DNF,,,97,GC,26,BE,Van Wilder Ilan,https://www.procyclingstats.com/rider/ilan-van-wilder,Soudal Quick-Step,,,,,
21,1,finished,75,15988,101,Classic,31,NL,van der Poel Mathieu,https://www.procyclingstats.com/rider/mathieu-van-der-poel,Alpecin - Premier Tech,210.0,100.0,1:58:49,0,7129
21,2,finished,135,20675,105,Sprint,28,BE,Philipsen Jasper,https://www.procyclingstats.com/rider/jasper-philipsen,Alpecin - Premier Tech,150.0,70.0,",,",0,7129
21,3,finished,80,16385,33,Classic,30,DK,Pedersen Mads,https://www.procyclingstats.com/rider/mads-pedersen,Lidl - Trek,110.0,50.0,",,",0,7129
21,4,finished,142,21329,64,Sprint,28,DE,Kanter Max,https://www.procyclingstats.com/rider/max-kanter,XDS Astana Team,90.0,40.0,",,",0,7129
21,5,finished,149,22158,55,Sprint,24,NL,Kooij Olav,https://www.procyclingstats.com/rider/olav-kooij,Decathlon CMA CGM Team,70.0,32.0,",,",0,7129
21,6,finished,92,17070,75,Classic,31,SI,Mohorič Matej,https://www.procyclingstats.com/rider/matej-mohoric,Bahrain - Victorious,55.0,26.0,",,",0,7129
21,7,finished,73,15871,195,Hills,25,NL,Pluimers Rick,https://www.procyclingstats.com/rider/rick-pluimers,Tudor Pro Cycling Team,45.0,22.0,",,",0,7129
21,8,finished,108,18895,207,Classic,32,FR,Turgis Anthony,https://www.procyclingstats.com/rider/anthony-turgis,TotalEnergies,40.0,18.0,",,",0,7129
21,9,finished,148,21970,165,Classic,25,BE,Fretin Milan,https://www.procyclingstats.com/rider/milan-fretin,Cofidis,35.0,14.0,",,",0,7129
21,10,finished,69,15625,188,Classic,31,FR,Russo Clément,https://www.procyclingstats.com/rider/clement-russo,Groupama - FDJ United,30.0,10.0,",,",0,7129
21,11,finished,141,21260,131,Classic,26,ER,Girmay Biniam,https://www.procyclingstats.com/rider/biniam-girmay,NSN Cycling Team,25.0,8.0,",,",0,7129
21,12,finished,71,15769,94,Classic,34,BE,Stuyven Jasper,https://www.procyclingstats.com/rider/jasper-stuyven,Soudal Quick-Step,20.0,6.0,",,",0,7129
21,13,finished,52,13055,115,Classic,35,AU,Matthews Michael,https://www.procyclingstats.com/rider/michael-matthews,Team Jayco AlUla,15.0,4.0,",,",0,7129
21,14,finished,123,19860,84,TT,30,IT,Ganna Filippo,https://www.procyclingstats.com/rider/filippo-ganna,Netcompany INEOS,10.0,2.0,",,",0,7129
21,15,finished,132,20554,152,Hills,24,NL,Artz Huub,https://www.procyclingstats.com/rider/huub-artz,Lotto Intermarché,5.0,1.0,",,",0,7129
21,16,finished,147,21740,193,Classic,35,AT,Haller Marco,https://www.procyclingstats.com/rider/marco-haller,Tudor Pro Cycling Team,,,",,",0,7129
21,17,finished,12,3397,121,Climber,26,NO,Johannessen Tobias Halland,https://www.procyclingstats.com/rider/tobias-halland-johannessen,Uno-X Mobility,,,",,",0,7129
21,18,finished,54,13309,147,GC,27,ES,Romo Javier,https://www.procyclingstats.com/rider/javier-romo,Movistar Team,,,",,",0,7129
21,19,finished,61,14596,204,Classic,28,FR,Delettre Alexandre,https://www.procyclingstats.com/rider/alexandre-delettre,TotalEnergies,,,",,",0,7129
21,20,finished,81,16394,177,Classic,28,BE,Van Moer Brent,https://www.procyclingstats.com/rider/brent-van-moer,Pinarello Q36.5 Pro Cycling Team,,,",,",0,7129
21,21,finished,100,18255,67,Classic,30,IT,Velasco Simone,https://www.procyclingstats.com/rider/simone-velasco,XDS Astana Team,,,",,",0,7129
21,22,finished,122,19805,166,TT,34,LU,Kirsch Alex,https://www.procyclingstats.com/rider/alex-kirsch,Cofidis,,,",,",0,7129
21,23,finished,85,16675,163,Classic,30,ES,Aranburu Alex,https://www.procyclingstats.com/rider/alex-aranburu,Cofidis,,,0:08,8,7137
21,24,finished,124,19918,66,Classic,33,NL,Teunissen Mike,https://www.procyclingstats.com/rider/mike-teunissen,XDS Astana Team,,,",,",8,7137
21,25,finished,127,20181,178,Hills,27,GB,Wright Fred,https://www.procyclingstats.com/rider/alfred-wright,Pinarello Q36.5 Pro Cycling Team,,,",,",8,7137
21,26,finished,66,15487,78,Sprint,22,BE,Van Mechelen Vlad,https://www.procyclingstats.com/rider/vlad-van-mechelen,Bahrain - Victorious,,,",,",8,7137
21,27,finished,65,15476,146,TT,37,PT,Oliveira Nelson,https://www.procyclingstats.com/rider/nelson-oliveira,Movistar Team,,,",,",8,7137
21,28,finished,82,16457,14,TT,34,BE,Campenaerts Victor,https://www.procyclingstats.com/rider/victor-campenaerts,Team Visma | Lease a Bike,,,",,",8,7137
21,29,finished,77,16223,122,Classic,30,NO,Abrahamsen Jonas,https://www.procyclingstats.com/rider/jonas-abrahamsen,Uno-X Mobility,,,0:17,17,7146
21,30,finished,1,0,1,Climber,27,SI,Pogačar Tadej,https://www.procyclingstats.com/rider/tadej-pogacar,UAE Team Emirates - XRG,,,",,",17,7146
21,31,finished,84,16537,42,TT,31,DK,Asgreen Kasper,https://www.procyclingstats.com/rider/kasper-asgreen,EF Education - EasyPost,,,0:26,26,7155
21,32,finished,2,386,21,Climber,26,BE,Evenepoel Remco,https://www.procyclingstats.com/rider/remco-evenepoel,Red Bull - BORA - hansgrohe,,,0:29,29,7158
21,33,finished,27,8649,28,Classic,26,BE,Van Gils Maxim,https://www.procyclingstats.com/rider/maxim-van-gils,Red Bull - BORA - hansgrohe,,,",,",29,7158
21,34,finished,57,13800,181,Classic,23,FR,Grégoire Romain,https://www.procyclingstats.com/rider/romain-gregoire,Groupama - FDJ United,,,",,",29,7158
21,35,finished,128,20200,155,GC,25,BE,Slock Liam,https://www.procyclingstats.com/rider/liam-slock,Lotto Intermarché,,,0:42,42,7171
21,36,finished,17,5576,52,Classic,32,BE,Benoot Tiesj,https://www.procyclingstats.com/rider/tiesj-benoot,Decathlon CMA CGM Team,,,1:05,65,7194
21,37,finished,59,13863,44,Climber,25,IE,Healy Ben,https://www.procyclingstats.com/rider/ben-healy,EF Education - EasyPost,,,1:12,72,7201
21,38,finished,150,22247,137,Hills,26,GB,Stewart Jake,https://www.procyclingstats.com/rider/jake-stewart,NSN Cycling Team,,,",,",72,7201
21,39,finished,8,1200,41,Climber,33,EC,Carapaz Richard,https://www.procyclingstats.com/rider/richard-carapaz,EF Education - EasyPost,,,",,",72,7201
21,40,finished,103,18465,15,Classic,23,NO,Hagenes Per Strand,https://www.procyclingstats.com/rider/per-strand-hagenes,Team Visma | Lease a Bike,,,1:33,93,7222
21,41,finished,31,9255,186,Climber,33,FR,Martin Guillaume,https://www.procyclingstats.com/rider/guillaume-martin,Groupama - FDJ United,,,1:44,104,7233
21,42,finished,90,17061,158,Classic,28,DE,Zimmermann Georg,https://www.procyclingstats.com/rider/georg-zimmermann,Lotto Intermarché,,,",,",104,7233
21,43,finished,21,6719,8,Climber,33,GB,Yates Adam,https://www.procyclingstats.com/rider/adam-yates,UAE Team Emirates - XRG,,,1:50,110,7239
21,44,finished,42,11308,56,GC,30,FR,Paret-Peintre Aurélien,https://www.procyclingstats.com/rider/aurelien-paret-peintre,Decathlon CMA CGM Team,,,2:07,127,7256
21,45,finished,130,20284,54,TT,27,NL,Hoole Daan,https://www.procyclingstats.com/rider/daan-hoole,Decathlon CMA CGM Team,,,",,",127,7256
21,46,finished,16,5101,57,GC,29,FR,Prodhomme Nicolas,https://www.procyclingstats.com/rider/nicolas-prodhomme,Decathlon CMA CGM Team,,,",,",127,7256
21,47,finished,4,716,51,Climber,19,FR,Seixas Paul,https://www.procyclingstats.com/rider/paul-seixas,Decathlon CMA CGM Team,,,",,",127,7256
21,48,finished,14,3823,18,GC,24,IT,Piganzoli Davide,https://www.procyclingstats.com/rider/davide-piganzoli,Team Visma | Lease a Bike,,,2:10,130,7259
21,49,finished,30,9209,16,GC,27,US,Jorgenson Matteo,https://www.procyclingstats.com/rider/matteo-jorgenson,Team Visma | Lease a Bike,,,",,",130,7259
21,50,finished,10,2001,201,Climber,27,FR,Jegat Jordan,https://www.procyclingstats.com/rider/jordan-jegat,TotalEnergies,,,2:16,136,7265
21,51,finished,86,16724,208,Hills,25,FR,Vercher Mattéo,https://www.procyclingstats.com/rider/matheo-vercher,TotalEnergies,,,",,",136,7265
21,52,finished,133,20591,104,Sprint,25,NL,Marsman Tim,https://www.procyclingstats.com/rider/tim-marsman,Alpecin - Premier Tech,,,2:35,155,7284
21,53,finished,116,19609,6,Classic,27,BE,Vermeersch Florian,https://www.procyclingstats.com/rider/florian-vermeersch,UAE Team Emirates - XRG,,,",,",155,7284
21,54,finished,72,15810,5,Classic,32,DE,Politt Nils,https://www.procyclingstats.com/rider/nils-politt,UAE Team Emirates - XRG,,,",,",155,7284
21,55,finished,120,19708,87,TT,22,GB,Tarling Joshua,https://www.procyclingstats.com/rider/joshua-tarling,Netcompany INEOS,,,2:42,162,7291
21,56,finished,152,22282,62,Classic,31,IT,Ballerini Davide,https://www.procyclingstats.com/rider/davide-ballerini,XDS Astana Team,,,2:54,174,7303
21,57,finished,118,19636,215,GC,22,BE,Dhondt Robbe,https://www.procyclingstats.com/rider/robbe-dhondt,Team Picnic PostNL,,,3:18,198,7327
21,58,finished,140,21111,213,Sprint,23,CZ,Bittner Pavel,https://www.procyclingstats.com/rider/pavel-bittner,Team Picnic PostNL,,,3:53,233,7362
21,59,finished,40,11183,183,Climber,26,FR,Braz Afonso Clément,https://www.procyclingstats.com/rider/clement-braz-afonso,Groupama - FDJ United,,,4:53,293,7422
21,60,finished,39,11123,174,Hills,30,BE,Hermans Quinten,https://www.procyclingstats.com/rider/quinten-hermans,Pinarello Q36.5 Pro Cycling Team,,,4:57,297,7426
21,61,finished,131,20333,95,Classic,34,NL,van Baarle Dylan,https://www.procyclingstats.com/rider/dylan-van-baarle,Soudal Quick-Step,,,5:11,311,7440
21,62,finished,36,10877,88,GC,25,FR,Vauquelin Kévin,https://www.procyclingstats.com/rider/kevin-vauquelin,Netcompany INEOS,,,7:04,424,7553
21,63,finished,144,21704,164,Classic,30,BE,Biermans Jenthe,https://www.procyclingstats.com/rider/jenthe-biermans,Cofidis,,,",,",424,7553
21,64,finished,94,17379,36,Classic,35,LV,Skujiņš Toms,https://www.procyclingstats.com/rider/toms-skujins,Lidl - Trek,,,7:23,443,7572
21,65,finished,6,899,35,Climber,25,DK,Skjelmose Mattias,https://www.procyclingstats.com/rider/mattias-skjelmose-jensen,Lidl - Trek,,,",,",443,7572
21,66,finished,158,22928,53,Sprint,30,NL,Bol Cees,https://www.procyclingstats.com/rider/cees-bol,Decathlon CMA CGM Team,,,7:37,457,7586
21,67,finished,79,16343,184,GC,23,FR,Costiou Ewen,https://www.procyclingstats.com/rider/ewen-costiou,Groupama - FDJ United,,,7:43,463,7592
21,68,finished,58,13829,187,Hills,34,FR,Pacher Quentin,https://www.procyclingstats.com/rider/quentin-pacher,Groupama - FDJ United,,,",,",463,7592
21,69,finished,56,13753,176,GC,34,BE,Meurisse Xandro,https://www.procyclingstats.com/rider/xandro-meurisse,Pinarello Q36.5 Pro Cycling Team,,,",,",463,7592
21,70,finished,19,6425,45,GC,26,US,Quinn Sean,https://www.procyclingstats.com/rider/sean-quinn,EF Education - EasyPost,,,7:50,470,7599
21,71,finished,113,19179,46,Climber,24,DE,Steinhauser Georg,https://www.procyclingstats.com/rider/georg-steinhauser,EF Education - EasyPost,,,",,",470,7599
21,72,finished,53,13149,47,Classic,34,DK,Valgren Michael,https://www.procyclingstats.com/rider/michael-valgren-andersen,EF Education - EasyPost,,,",,",470,7599
21,73,finished,78,16324,134,Climber,26,IT,Frigo Marco,https://www.procyclingstats.com/rider/marco-frigo,NSN Cycling Team,,,8:21,501,7630
21,74,finished,37,11032,77,GC,25,IT,Tiberi Antonio,https://www.procyclingstats.com/rider/antonio-tiberi,Bahrain - Victorious,,,",,",501,7630
21,75,finished,87,16803,211,Climber,34,FR,Barguil Warren,https://www.procyclingstats.com/rider/warren-barguil,Team Picnic PostNL,,,",,",501,7630
21,76,finished,102,18456,218,GC,25,NL,van den Broek Frank,https://www.procyclingstats.com/rider/frank-van-den-broek,Team Picnic PostNL,,,",,",501,7630
21,77,finished,156,22646,217,Sprint,29,NL,van den Berg Julius,https://www.procyclingstats.com/rider/julius-van-den-berg,Team Picnic PostNL,,,",,",501,7630
21,78,finished,64,15282,125,GC,26,NO,Johannessen Anders Halland,https://www.procyclingstats.com/rider/anders-halland-johannessen,Uno-X Mobility,,,",,",501,7630
21,79,finished,60,14587,126,Classic,31,NO,Skaarseth Anders,https://www.procyclingstats.com/rider/anders-skaarseth,Uno-X Mobility,,,",,",501,7630
21,80,finished,46,11501,43,Climber,25,FR,Baudin Alex,https://www.procyclingstats.com/rider/alex-baudin,EF Education - EasyPost,,,8:31,511,7640
21,81,finished,70,15751,114,Classic,25,DE,Engelhardt Felix,https://www.procyclingstats.com/rider/felix-engelhardt,Team Jayco AlUla,,,",,",511,7640
21,82,finished,143,21438,92,Classic,29,NL,Eenkhoorn Pascal,https://www.procyclingstats.com/rider/pascal-eenkhoorn,Soudal Quick-Step,,,",,",511,7640
21,83,finished,44,11361,93,Climber,25,FR,Paret-Peintre Valentin,https://www.procyclingstats.com/rider/valentin-paret-peintre,Soudal Quick-Step,,,",,",511,7640
21,84,finished,45,11413,161,GC,37,ES,Izagirre Ion,https://www.procyclingstats.com/rider/ion-izagirre,Cofidis,,,10:12,612,7741
21,85,finished,117,19625,168,TT,30,FR,Thomas Benjamin,https://www.procyclingstats.com/rider/benjamin-thomas-2,Cofidis,,,",,",612,7741
21,86,finished,97,17877,124,Hills,33,DK,Cort Magnus,https://www.procyclingstats.com/rider/magnus-cort-nielsen,Uno-X Mobility,,,10:41,641,7770
21,87,finished,138,20918,128,Classic,26,NO,Wærenskjold Søren,https://www.procyclingstats.com/rider/soren-waerenskjold,Uno-X Mobility,,,",,",641,7770
21,88,finished,139,21091,216,Sprint,27,DE,Märkl Niklas,https://www.procyclingstats.com/rider/niklas-markl,Team Picnic PostNL,,,10:50,650,7779
21,89,finished,145,21704,214,Classic,37,DE,Degenkolb John,https://www.procyclingstats.com/rider/john-degenkolb,Team Picnic PostNL,,,",,",650,7779
21,90,finished,111,19003,27,Classic,26,NL,van Dijke Tim,https://www.procyclingstats.com/rider/tim-van-dijke,Red Bull - BORA - hansgrohe,,,10:54,654,7783
21,91,finished,126,20014,226,Hills,28,IT,Oldani Stefano,https://www.procyclingstats.com/rider/stefano-oldani,Caja Rural - Seguros RGA,,,",,",654,7783
21,92,finished,33,10279,22,TT,35,IT,Cattaneo Mattia,https://www.procyclingstats.com/rider/mattia-cattaneo,Red Bull - BORA - hansgrohe,,,",,",654,7783
21,93,finished,15,5008,24,Climber,30,AU,Hindley Jai,https://www.procyclingstats.com/rider/jai-hindley,Red Bull - BORA - hansgrohe,,,",,",654,7783
21,94,finished,62,14606,13,TT,32,FR,Armirail Bruno,https://www.procyclingstats.com/rider/bruno-armirail,Team Visma | Lease a Bike,,,",,",654,7783
21,95,finished,63,15097,196,Climber,29,AU,Storer Michael,https://www.procyclingstats.com/rider/michael-storer,Tudor Pro Cycling Team,,,",,",654,7783
21,96,finished,119,19676,167,Classic,25,FR,Page Hugo,https://www.procyclingstats.com/rider/hugo-page,Cofidis,,,",,",654,7783
21,97,finished,151,22248,132,Classic,25,GB,Askey Lewis,https://www.procyclingstats.com/rider/lewis-askey,NSN Cycling Team,,,",,",654,7783
21,98,finished,34,10352,144,Climber,25,ES,García Pierna Raúl,https://www.procyclingstats.com/rider/raul-garcia-pierna,Movistar Team,,,",,",654,7783
21,99,finished,29,9103,142,Climber,25,ES,Castrillo Pablo,https://www.procyclingstats.com/rider/pablo-castrillo-zapater,Movistar Team,,,",,",654,7783
21,100,finished,101,18282,143,GC,30,EC,Cepeda Jefferson Alveiro,https://www.procyclingstats.com/rider/jefferson-cepeda-hernandez,Movistar Team,,,",,",654,7783
21,101,finished,43,11309,83,TT,29,NO,Foss Tobias,https://www.procyclingstats.com/rider/tobias-foss,Netcompany INEOS,,,",,",654,7783
21,102,finished,104,18688,145,Hills,25,DE,Hessmann Michel,https://www.procyclingstats.com/rider/michel-hessmann,Movistar Team,,,",,",654,7783
21,103,finished,136,20814,85,Hills,30,FR,Godon Dorian,https://www.procyclingstats.com/rider/dorian-godon,Netcompany INEOS,,,",,",654,7783
21,104,finished,22,7362,82,GC,26,NL,Arensman Thymen,https://www.procyclingstats.com/rider/thymen-arensman,Netcompany INEOS,,,",,",654,7783
21,105,finished,110,18939,86,Classic,36,PL,Kwiatkowski Michał,https://www.procyclingstats.com/rider/michal-kwiatkowski,Netcompany INEOS,,,",,",654,7783
21,106,finished,134,20638,136,Classic,31,LV,Neilands Krists,https://www.procyclingstats.com/rider/krists-neilands,NSN Cycling Team,,,",,",654,7783
21,107,finished,24,7869,58,Climber,24,US,Riccitello Matthew,https://www.procyclingstats.com/rider/matthew-riccitello,Decathlon CMA CGM Team,,,",,",654,7783
21,108,finished,48,12599,194,Classic,27,CH,Hirschi Marc,https://www.procyclingstats.com/rider/marc-hirschi,Tudor Pro Cycling Team,,,",,",654,7783
21,109,finished,11,2282,198,GC,28,CH,Voisard Yannis,https://www.procyclingstats.com/rider/yannis-voisard,Tudor Pro Cycling Team,,,",,",654,7783
21,110,finished,26,8387,65,Climber,29,CO,Tejada Harold,https://www.procyclingstats.com/rider/harold-tejada,XDS Astana Team,,,",,",654,7783
21,111,finished,98,18072,68,GC,24,KZ,Vinokurov Nicolas,https://www.procyclingstats.com/rider/nicolas-vinokurov,XDS Astana Team,,,",,",654,7783
21,112,finished,55,13603,73,GC,38,IT,Caruso Damiano,https://www.procyclingstats.com/rider/damiano-caruso,Bahrain - Victorious,,,",,",654,7783
21,113,finished,154,22429,72,Sprint,32,DE,Bauhaus Phil,https://www.procyclingstats.com/rider/phil-bauhaus,Bahrain - Victorious,,,",,",654,7783
21,114,finished,105,18792,76,Hills,27,AU,Stannard Robert,https://www.procyclingstats.com/rider/robert-stannard,Bahrain - Victorious,,,",,",654,7783
21,115,finished,155,22572,74,TT,35,PL,Gradek Kamil,https://www.procyclingstats.com/rider/kamil-gradek,Bahrain - Victorious,,,",,",654,7783
21,116,finished,5,782,71,Climber,23,FR,Martinez Lenny,https://www.procyclingstats.com/rider/lenny-martinez,Bahrain - Victorious,,,",,",654,7783
21,117,finished,28,9098,111,GC,30,AU,O'Connor Ben,https://www.procyclingstats.com/rider/ben-o-connor,Team Jayco AlUla,,,",,",654,7783
21,118,finished,91,17070,117,GC,25,AU,Plapp Luke,https://www.procyclingstats.com/rider/luke-plapp,Team Jayco AlUla,,,",,",654,7783
21,119,finished,106,18799,48,TT,25,GB,Walker Max,https://www.procyclingstats.com/rider/max-walker,EF Education - EasyPost,,,",,",654,7783
21,120,finished,107,18806,113,TT,35,AU,Durbridge Luke,https://www.procyclingstats.com/rider/luke-durbridge,Team Jayco AlUla,,,",,",654,7783
21,121,finished,67,15518,98,GC,32,BE,Vervaeke Louis,https://www.procyclingstats.com/rider/louis-vervaeke,Soudal Quick-Step,,,",,",654,7783
21,122,finished,88,16898,175,GC,33,AU,Howson Damien,https://www.procyclingstats.com/rider/damien-howson,Pinarello Q36.5 Pro Cycling Team,,,",,",654,7783
21,123,finished,99,18174,172,TT,27,ES,Azparren Xabier Mikel,https://www.procyclingstats.com/rider/xabier-mikel-azparren-irurzun,Pinarello Q36.5 Pro Cycling Team,,,",,",654,7783
21,124,finished,13,3743,17,Climber,31,US,Kuss Sepp,https://www.procyclingstats.com/rider/sepp-kuss,Team Visma | Lease a Bike,,,",,",654,7783
21,125,finished,9,1768,171,Classic,26,GB,Pidcock Tom,https://www.procyclingstats.com/rider/tom-pidcock,Pinarello Q36.5 Pro Cycling Team,,,",,",654,7783
21,126,finished,121,19736,63,GC,35,NZ,Gate Aaron,https://www.procyclingstats.com/rider/aaron-gate,XDS Astana Team,,,",,",654,7783
21,127,finished,35,10409,118,Hills,26,CH,Schmid Mauro,https://www.procyclingstats.com/rider/mauro-schmid,Team Jayco AlUla,,,",,",654,7783
21,128,finished,41,11302,156,Climber,25,BE,Van Eetvelt Lennert,https://www.procyclingstats.com/rider/lennert-van-eetvelt,Lotto Intermarché,,,",,",654,7783
21,129,finished,47,12266,222,GC,26,ES,Balderstone Abel,https://www.procyclingstats.com/rider/abel-balderstone-roumens,Caja Rural - Seguros RGA,,,",,",654,7783
21,130,finished,89,17044,223,GC,26,AU,Berwick Sebastian,https://www.procyclingstats.com/rider/sebastian-berwick,Caja Rural - Seguros RGA,,,",,",654,7783
21,131,finished,153,22342,162,Classic,31,BE,Allegaert Piet,https://www.procyclingstats.com/rider/piet-allegaert,Cofidis,,,",,",654,7783
21,132,finished,38,11075,61,Climber,28,CO,Higuita Sergio,https://www.procyclingstats.com/rider/sergio-higuita,XDS Astana Team,,,",,",654,7783
21,133,finished,20,6478,81,GC,29,CO,Bernal Egan,https://www.procyclingstats.com/rider/egan-bernal,Netcompany INEOS,,,",,",654,7783
21,134,finished,95,17536,23,Hills,32,DE,Denz Nico,https://www.procyclingstats.com/rider/nico-denz,Red Bull - BORA - hansgrohe,,,",,",654,7783
21,135,finished,146,21734,157,Hills,26,FR,Veistroffer Baptiste,https://www.procyclingstats.com/rider/baptiste-veistroffer,Lotto Intermarché,,,",,",654,7783
21,136,finished,74,15928,7,GC,35,BE,Wellens Tim,https://www.procyclingstats.com/rider/tim-wellens,UAE Team Emirates - XRG,,,",,",654,7783
21,137,finished,68,15522,133,GC,36,NZ,Bennett George,https://www.procyclingstats.com/rider/george-bennett,NSN Cycling Team,,,",,",654,7783
21,138,finished,83,16464,26,TT,36,SI,Tratnik Jan,https://www.procyclingstats.com/rider/jan-tratnik,Red Bull - BORA - hansgrohe,,,",,",654,7783
21,139,finished,125,19987,191,Classic,34,FR,Alaphilippe Julian,https://www.procyclingstats.com/rider/julian-alaphilippe,Tudor Pro Cycling Team,,,",,",654,7783
21,140,finished,3,582,2,Climber,22,MX,del Toro Isaac,https://www.procyclingstats.com/rider/isaac-del-toro,UAE Team Emirates - XRG,,,",,",654,7783
21,141,finished,32,9802,3,GC,32,AT,Großschartner Felix,https://www.procyclingstats.com/rider/felix-grossschartner,UAE Team Emirates - XRG,,,",,",654,7783
21,142,finished,93,17298,185,GC,24,IT,Germani Lorenzo,https://www.procyclingstats.com/rider/lorenzo-germani,Groupama - FDJ United,,,",,",654,7783
21,143,finished,51,13026,203,GC,26,FR,Delbove Joris,https://www.procyclingstats.com/rider/joris-delbove,TotalEnergies,,,",,",654,7783
21,144,finished,76,16009,206,Hills,25,FR,Le Berre Mathis,https://www.procyclingstats.com/rider/mathis-le-berre,TotalEnergies,,,",,",654,7783
21,145,finished,109,18927,205,TT,28,FR,Guernalec Thibault,https://www.procyclingstats.com/rider/thibault-guernalec,TotalEnergies,,,",,",654,7783
21,146,finished,50,12876,202,GC,26,FR,Breuillard Nicolas,https://www.procyclingstats.com/rider/nicolas-breuillard,TotalEnergies,,,",,",654,7783
21,147,finished,137,20916,103,Classic,35,CH,Dillier Silvan,https://www.procyclingstats.com/rider/silvan-dillier,Alpecin - Premier Tech,,,10:57,657,7786
21,148,finished,96,17831,108,Climber,24,BE,Verstrynge Emiel,https://www.procyclingstats.com/rider/emiel-verstrynge,Alpecin - Premier Tech,,,",,",657,7786
21,149,finished,114,19458,106,Classic,31,BE,Planckaert Edward,https://www.procyclingstats.com/rider/edward-planckaert,Alpecin - Premier Tech,,,",,",657,7786
21,150,finished,115,19479,107,Classic,32,BE,Rickaert Jonas,https://www.procyclingstats.com/rider/jonas-rickaert,Alpecin - Premier Tech,,,",,",657,7786
21,151,finished,7,1068,31,Climber,23,ES,Ayuso Juan,https://www.procyclingstats.com/rider/juan-ayuso-pesquera,Lidl - Trek,,,13:13,793,7922
21,152,finished,18,5728,34,Hills,25,US,Simmons Quinn,https://www.procyclingstats.com/rider/quinn-simmons,Lidl - Trek,,,",,",793,7922
21,153,finished,23,7522,38,GC,33,ES,Verona Carlos,https://www.procyclingstats.com/rider/carlos-verona,Lidl - Trek,,,",,",793,7922
21,154,finished,49,12876,37,TT,24,CZ,Vacek Mathias,https://www.procyclingstats.com/rider/mathias-vacek,Lidl - Trek,,,",,",793,7922
21,155,finished,25,7979,32,Climber,28,CA,Gee-West Derek,https://www.procyclingstats.com/rider/derek-gee,Lidl - Trek,,,",,",793,7922
21,156,finished,112,19043,227,GC,28,CZ,Otruba Jakub,https://www.procyclingstats.com/rider/jakub-otruba,Caja Rural - Seguros RGA,,,13:16,796,7925
21,157,finished,129,20227,225,Hills,28,ES,Nicolau Joel,https://www.procyclingstats.com/rider/joel-nicolau,Caja Rural - Seguros RGA,,,-,0,7129
21,158,finished,157,22656,135,Classic,27,FR,Louvel Matis,https://www.procyclingstats.com/rider/matis-louvel,NSN Cycling Team,,,-,0,7129
