stage,stage_type,date,departure,arrival,distance_km,vertical_meters,profile_score,avg_speed_winner_kmh,won_how,rider,rider_url,date_of_birth,birth_year,nationality,height_m,weight_kg,bmi,place_of_birth,rank,status,gc_position,gc_timelag_seconds,bib,specialty,age,nationality_code,team,uci_points,pcs_points,time_raw,stage_gap_seconds,elapsed_seconds
1,RR,05 July 2025,Lille Métropole,Lille Métropole,184.9,1065,17,47.576,Sprint of small group,Philipsen Jasper,https://www.procyclingstats.com/rider/jasper-philipsen,1998-03-02,1998,Belgium,1.76,75.0,24.21,Mol,1,finished,1,0,101,Sprint,27,BE,Alpecin - Deceuninck,210.0,100.0,3:53:11,0,13991
1,RR,05 July 2025,Lille Métropole,Lille Métropole,184.9,1065,17,47.576,Sprint of small group,Girmay Biniam,https://www.procyclingstats.com/rider/biniam-girmay,2000-04-02,2000,Eritrea,1.84,70.0,20.68,Asmara,2,finished,2,4,41,Classic,25,ER,Intermarché - Wanty,150.0,70.0,",,",0,13991
1,RR,05 July 2025,Lille Métropole,Lille Métropole,184.9,1065,17,47.576,Sprint of small group,Wærenskjold Søren,https://www.procyclingstats.com/rider/soren-waerenskjold,2000-03-12,2000,Norway,1.95,92.0,24.19,Mandal,3,finished,3,6,228,Classic,25,NO,Uno-X Mobility,110.0,50.0,",,",0,13991
1,RR,05 July 2025,Lille Métropole,Lille Métropole,184.9,1065,17,47.576,Sprint of small group,Turgis Anthony,https://www.procyclingstats.com/rider/anthony-turgis,1994-05-16,1994,France,1.78,70.0,22.09,Bourg-la-Reine,4,finished,4,10,187,Classic,31,FR,TotalEnergies,90.0,40.0,",,",0,13991
1,RR,05 July 2025,Lille Métropole,Lille Métropole,184.9,1065,17,47.576,Sprint of small group,Trentin Matteo,https://www.procyclingstats.com/rider/matteo-trentin,1989-08-02,1989,Italy,1.79,74.0,23.1,Borgo Valsugana,5,finished,5,10,118,Classic,35,IT,Tudor Pro Cycling Team,70.0,32.0,",,",0,13991
1,RR,05 July 2025,Lille Métropole,Lille Métropole,184.9,1065,17,47.576,Sprint of small group,Russo Clément,https://www.procyclingstats.com/rider/clement-russo,1995-01-20,1995,France,1.87,74.0,21.16,Lyon,6,finished,6,10,98,Classic,30,FR,Groupama - FDJ,55.0,26.0,",,",0,13991
1,RR,05 July 2025,Lille Métropole,Lille Métropole,184.9,1065,17,47.576,Sprint of small group,Penhoët Paul,https://www.procyclingstats.com/rider/paul-penhoet,2001-12-28,2001,France,1.73,64.0,21.38,Clamart,7,finished,7,10,97,Classic,23,FR,Groupama - FDJ,45.0,22.0,",,",0,13991
1,RR,05 July 2025,Lille Métropole,Lille Métropole,184.9,1065,17,47.576,Sprint of small group,Jorgenson Matteo,https://www.procyclingstats.com/rider/matteo-jorgenson,1999-07-01,1999,United States,1.9,69.0,19.11,Walnut Creek,8,finished,8,10,15,GC,26,US,Team Visma | Lease a Bike,40.0,18.0,",,",0,13991
1,RR,05 July 2025,Lille Métropole,Lille Métropole,184.9,1065,17,47.576,Sprint of small group,Mayrhofer Marius,https://www.procyclingstats.com/rider/marius-mayrhofer,2000-09-18,2000,Germany,1.82,70.0,21.13,Tübingen,9,finished,9,10,116,Hills,24,DE,Tudor Pro Cycling Team,35.0,14.0,",,",0,13991
1,RR,05 July 2025,Lille Métropole,Lille Métropole,184.9,1065,17,47.576,Sprint of small group,Watson Samuel,https://www.procyclingstats.com/rider/samuel-watson,2001-09-24,2001,Great Britain,1.88,68.0,19.24,Leeds,10,finished,10,10,68,Hills,23,GB,INEOS Grenadiers,30.0,10.0,",,",0,13991
1,RR,05 July 2025,Lille Métropole,Lille Métropole,184.9,1065,17,47.576,Sprint of small group,Teunissen Mike,https://www.procyclingstats.com/rider/mike-teunissen,1992-08-25,1992,Netherlands,1.84,73.0,21.56,Ysselsteyn,11,finished,11,10,177,Classic,32,NL,XDS Astana Team,25.0,8.0,",,",0,13991
1,RR,05 July 2025,Lille Métropole,Lille Métropole,184.9,1065,17,47.576,Sprint of small group,García Cortina Iván,https://www.procyclingstats.com/rider/ivan-garcia-cortina,1995-11-20,1995,Spain,1.83,77.0,22.99,Gijón,12,finished,12,10,145,Classic,29,ES,Movistar Team,20.0,6.0,",,",0,13991
1,RR,05 July 2025,Lille Métropole,Lille Métropole,184.9,1065,17,47.576,Sprint of small group,Märkl Niklas,https://www.procyclingstats.com/rider/niklas-markl,1999-03-03,1999,Germany,1.85,70.0,20.45,Queidersbach,13,finished,13,10,196,Sprint,26,DE,Team Picnic PostNL,15.0,4.0,",,",0,13991
1,RR,05 July 2025,Lille Métropole,Lille Métropole,184.9,1065,17,47.576,Sprint of small group,Sweeny Harry,https://www.procyclingstats.com/rider/harry-sweeny,1998-07-09,1998,Australia,1.86,75.0,21.68,Warwick,14,finished,14,10,36,GC,26,AU,EF Education - EasyPost,10.0,2.0,",,",0,13991
1,RR,05 July 2025,Lille Métropole,Lille Métropole,184.9,1065,17,47.576,Sprint of small group,Neilands Krists,https://www.procyclingstats.com/rider/krists-neilands,1994-08-18,1994,Latvia,1.89,69.0,19.32,Kuldīga,15,finished,15,10,207,Classic,30,LV,Israel - Premier Tech,5.0,1.0,",,",0,13991
1,RR,05 July 2025,Lille Métropole,Lille Métropole,184.9,1065,17,47.576,Sprint of small group,Vauquelin Kévin,https://www.procyclingstats.com/rider/kevin-vauquelin,2001-04-26,2001,France,1.76,69.0,22.28,Bayeux,16,finished,16,10,131,GC,24,FR,Arkéa - B&B Hotels,,,",,",0,13991
1,RR,05 July 2025,Lille Métropole,Lille Métropole,184.9,1065,17,47.576,Sprint of small group,Touzé Damien,https://www.procyclingstats.com/rider/damien-touze,1996-07-07,1996,France,1.74,69.0,22.79,Iville,17,finished,17,10,168,Classic,28,FR,Cofidis,,,",,",0,13991
1,RR,05 July 2025,Lille Métropole,Lille Métropole,184.9,1065,17,47.576,Sprint of small group,Pogačar Tadej,https://www.procyclingstats.com/rider/tadej-pogacar,1998-09-21,1998,Slovenia,1.76,66.0,21.31,Klanec,18,finished,18,10,1,Climber,26,SI,UAE Team Emirates - XRG,,,",,",0,13991
1,RR,05 July 2025,Lille Métropole,Lille Métropole,184.9,1065,17,47.576,Sprint of small group,Ackermann Pascal,https://www.procyclingstats.com/rider/pascal-ackermann,1994-01-17,1994,Germany,1.8,78.0,24.07,Kandel,19,finished,19,10,202,Sprint,31,DE,Israel - Premier Tech,,,",,",0,13991
1,RR,05 July 2025,Lille Métropole,Lille Métropole,184.9,1065,17,47.576,Sprint of small group,Vingegaard Jonas,https://www.procyclingstats.com/rider/jonas-vingegaard,1996-12-10,1996,Denmark,1.75,58.0,18.94,Hillerslev,20,finished,20,10,11,GC,28,DK,Team Visma | Lease a Bike,,,",,",0,13991
1,RR,05 July 2025,Lille Métropole,Lille Métropole,184.9,1065,17,47.576,Sprint of small group,Stuyven Jasper,https://www.procyclingstats.com/rider/jasper-stuyven,1992-04-17,1992,Belgium,1.87,80.0,22.88,Leuven,21,finished,21,10,87,Classic,33,BE,Lidl - Trek,,,",,",0,13991
1,RR,05 July 2025,Lille Métropole,Lille Métropole,184.9,1065,17,47.576,Sprint of small group,Haller Marco,https://www.procyclingstats.com/rider/marco-haller,1991-04-01,1991,Austria,1.78,72.0,22.72,Sankt Veit an der Glan,22,finished,22,10,113,Classic,34,AT,Tudor Pro Cycling Team,,,",,",0,13991
1,RR,05 July 2025,Lille Métropole,Lille Métropole,184.9,1065,17,47.576,Sprint of small group,Groves Kaden,https://www.procyclingstats.com/rider/kaden-groves,1998-12-23,1998,Australia,1.76,76.0,24.54,Gympie,23,finished,23,10,103,Hills,26,AU,Alpecin - Deceuninck,,,",,",0,13991
1,RR,05 July 2025,Lille Métropole,Lille Métropole,184.9,1065,17,47.576,Sprint of small group,Asgreen Kasper,https://www.procyclingstats.com/rider/kasper-asgreen,1995-02-08,1995,Denmark,1.93,75.0,20.13,Kolding,24,finished,24,10,33,TT,30,DK,EF Education - EasyPost,,,",,",0,13991
1,RR,05 July 2025,Lille Métropole,Lille Métropole,184.9,1065,17,47.576,Sprint of small group,Blackmore Joseph,https://www.procyclingstats.com/rider/joseph-blackmore,2003-02-23,2003,Great Britain,1.81,66.0,20.15,Sidcup,25,finished,25,10,203,GC,22,GB,Israel - Premier Tech,,,",,",0,13991
1,RR,05 July 2025,Lille Métropole,Lille Métropole,184.9,1065,17,47.576,Sprint of small group,Mezgec Luka,https://www.procyclingstats.com/rider/luka-mezgec,1988-06-27,1988,Slovenia,1.83,72.0,21.5,Kranj,26,finished,26,10,125,Hills,37,SI,Team Jayco AlUla,,,",,",0,13991
1,RR,05 July 2025,Lille Métropole,Lille Métropole,184.9,1065,17,47.576,Sprint of small group,Benoot Tiesj,https://www.procyclingstats.com/rider/tiesj-benoot,1994-03-11,1994,Belgium,1.9,72.0,19.94,Ghent,27,finished,27,10,13,Classic,31,BE,Team Visma | Lease a Bike,,,",,",0,13991
1,RR,05 July 2025,Lille Métropole,Lille Métropole,184.9,1065,17,47.576,Sprint of small group,van der Poel Mathieu,https://www.procyclingstats.com/rider/mathieu-van-der-poel,1995-01-19,1995,Netherlands,1.84,75.0,22.15,Kapellen,28,finished,28,10,106,Classic,30,NL,Alpecin - Deceuninck,,,",,",0,13991
1,RR,05 July 2025,Lille Métropole,Lille Métropole,184.9,1065,17,47.576,Sprint of small group,Edvardsen-Fredheim Stian,https://www.procyclingstats.com/rider/stian-fredheim,2003-03-23,2003,Norway,1.84,72.0,21.27,Kristiansand,29,finished,29,10,224,Sprint,22,NO,Uno-X Mobility,,,",,",0,13991
1,RR,05 July 2025,Lille Métropole,Lille Métropole,184.9,1065,17,47.576,Sprint of small group,Johannessen Tobias Halland,https://www.procyclingstats.com/rider/tobias-halland-johannessen,1999-08-23,1999,Norway,1.76,62.0,20.02,Drøbak,30,finished,30,10,221,Climber,25,NO,Uno-X Mobility,,,",,",0,13991
1,RR,05 July 2025,Lille Métropole,Lille Métropole,184.9,1065,17,47.576,Sprint of small group,Mas Enric,https://www.procyclingstats.com/rider/enric-mas,1995-01-07,1995,Spain,1.77,61.0,19.47,Artà,31,finished,31,10,141,Climber,30,ES,Movistar Team,,,",,",0,13991
1,RR,05 July 2025,Lille Métropole,Lille Métropole,184.9,1065,17,47.576,Sprint of small group,Wellens Tim,https://www.procyclingstats.com/rider/tim-wellens,1991-05-10,1991,Belgium,1.82,71.0,21.43,Sint-Truiden,32,finished,32,10,7,GC,34,BE,UAE Team Emirates - XRG,,,",,",0,13991
1,RR,05 July 2025,Lille Métropole,Lille Métropole,184.9,1065,17,47.576,Sprint of small group,Barthe Cyril,https://www.procyclingstats.com/rider/cyril-barthe,1996-02-14,1996,France,1.84,70.0,20.68,Sauveterre-de-Béarn,33,finished,33,10,93,Hills,29,FR,Groupama - FDJ,,,",,",0,13991
1,RR,05 July 2025,Lille Métropole,Lille Métropole,184.9,1065,17,47.576,Sprint of small group,Abrahamsen Jonas,https://www.procyclingstats.com/rider/jonas-abrahamsen,1995-09-20,1995,Norway,1.83,78.0,23.29,Skien,34,finished,36,23,222,Classic,29,NO,Uno-X Mobility,,,0:13,13,14004
1,RR,05 July 2025,Lille Métropole,Lille Métropole,184.9,1065,17,47.576,Sprint of small group,Rickaert Jonas,https://www.procyclingstats.com/rider/jonas-rickaert,1994-02-07,1994,Belgium,1.9,88.0,24.38,Sint-Eloois-Vijve,35,finished,37,23,105,Classic,31,BE,Alpecin - Deceuninck,,,",,",13,14004
1,RR,05 July 2025,Lille Métropole,Lille Métropole,184.9,1065,17,47.576,Sprint of small group,Meurisse Xandro,https://www.procyclingstats.com/rider/xandro-meurisse,1992-01-31,1992,Belgium,1.81,68.0,20.76,Kortrijk,36,finished,38,23,104,GC,33,BE,Alpecin - Deceuninck,,,",,",13,14004
1,RR,05 July 2025,Lille Métropole,Lille Métropole,184.9,1065,17,47.576,Sprint of small group,Ballerini Davide,https://www.procyclingstats.com/rider/davide-ballerini,1994-09-21,1994,Italy,1.83,71.0,21.2,Cantù,37,finished,39,30,172,Classic,30,IT,XDS Astana Team,,,0:20,20,14011
1,RR,05 July 2025,Lille Métropole,Lille Métropole,184.9,1065,17,47.576,Sprint of small group,Affini Edoardo,https://www.procyclingstats.com/rider/edoardo-affini,1996-06-24,1996,Italy,1.9,85.0,23.55,Mantua,38,finished,40,35,12,TT,29,IT,Team Visma | Lease a Bike,,,0:25,25,14016
1,RR,05 July 2025,Lille Métropole,Lille Métropole,184.9,1065,17,47.576,Sprint of small group,Milan Jonathan,https://www.procyclingstats.com/rider/jonathan-milan,2000-10-01,2000,Italy,1.94,84.0,22.32,Tolmezzo,39,finished,41,49,81,Sprint,24,IT,Lidl - Trek,,,0:39,39,14030
1,RR,05 July 2025,Lille Métropole,Lille Métropole,184.9,1065,17,47.576,Sprint of small group,De Lie Arnaud,https://www.procyclingstats.com/rider/arnaud-de-lie,2002-03-16,2002,Belgium,1.82,78.0,23.55,Libramont,40,finished,42,49,211,Classic,23,BE,Lotto,,,",,",39,14030
1,RR,05 July 2025,Lille Métropole,Lille Métropole,184.9,1065,17,47.576,Sprint of small group,Coquard Bryan,https://www.procyclingstats.com/rider/bryan-coquard,1992-04-25,1992,France,1.71,59.0,20.18,Saint-Nazaire,41,finished,43,49,163,Sprint,33,FR,Cofidis,,,",,",39,14030
1,RR,05 July 2025,Lille Métropole,Lille Métropole,184.9,1065,17,47.576,Sprint of small group,Meeus Jordi,https://www.procyclingstats.com/rider/jordi-meeus,1998-07-01,1998,Belgium,1.9,80.0,22.16,Lommel,42,finished,44,49,73,Classic,27,BE,Red Bull - BORA - hansgrohe,,,",,",39,14030
1,RR,05 July 2025,Lille Métropole,Lille Métropole,184.9,1065,17,47.576,Sprint of small group,Bittner Pavel,https://www.procyclingstats.com/rider/pavel-bittner,2002-10-29,2002,Czech Republic,1.84,73.0,21.56,Olomouc,43,finished,45,49,193,Sprint,22,CZ,Team Picnic PostNL,,,",,",39,14030
1,RR,05 July 2025,Lille Métropole,Lille Métropole,184.9,1065,17,47.576,Sprint of small group,Dainese Alberto,https://www.procyclingstats.com/rider/alberto-dainese,1998-03-25,1998,Italy,1.75,72.0,23.51,Abano Terme,44,finished,46,49,112,Sprint,27,IT,Tudor Pro Cycling Team,,,",,",39,14030
1,RR,05 July 2025,Lille Métropole,Lille Métropole,184.9,1065,17,47.576,Sprint of small group,Stannard Robert,https://www.procyclingstats.com/rider/robert-stannard,1998-09-16,1998,Australia,1.79,74.0,23.1,Sydney Previous nationalities New Zealand until 2016,45,finished,47,49,57,Hills,26,AU,Bahrain - Victorious,,,",,",39,14030
1,RR,05 July 2025,Lille Métropole,Lille Métropole,184.9,1065,17,47.576,Sprint of small group,Bauhaus Phil,https://www.procyclingstats.com/rider/phil-bauhaus,1994-07-08,1994,Germany,1.84,75.0,22.15,Bocholt,46,finished,48,49,52,Sprint,30,DE,Bahrain - Victorious,,,",,",39,14030
1,RR,05 July 2025,Lille Métropole,Lille Métropole,184.9,1065,17,47.576,Sprint of small group,Merlier Tim,https://www.procyclingstats.com/rider/tim-merlier,1992-10-30,1992,Belgium,1.88,76.0,21.5,Wortegem-Petegem,47,finished,49,49,24,Sprint,32,BE,Soudal Quick-Step,,,",,",39,14030
1,RR,05 July 2025,Lille Métropole,Lille Métropole,184.9,1065,17,47.576,Sprint of small group,van Aert Wout,https://www.procyclingstats.com/rider/wout-van-aert,1994-09-15,1994,Belgium,1.9,78.0,21.61,Herentals,48,finished,50,49,17,Classic,30,BE,Team Visma | Lease a Bike,,,",,",39,14030
1,RR,05 July 2025,Lille Métropole,Lille Métropole,184.9,1065,17,47.576,Sprint of small group,van Poppel Danny,https://www.procyclingstats.com/rider/danny-van-poppel,1993-07-26,1993,Netherlands,1.84,82.0,24.22,Moergestel,49,finished,51,49,77,Sprint,31,NL,Red Bull - BORA - hansgrohe,,,",,",39,14030
1,RR,05 July 2025,Lille Métropole,Lille Métropole,184.9,1065,17,47.576,Sprint of small group,Powless Neilson,https://www.procyclingstats.com/rider/neilson-powless,1996-09-03,1996,United States,1.83,67.0,20.01,Eglin,50,finished,52,49,35,Classic,28,US,EF Education - EasyPost,,,",,",39,14030
1,RR,05 July 2025,Lille Métropole,Lille Métropole,184.9,1065,17,47.576,Sprint of small group,Hoelgaard Markus,https://www.procyclingstats.com/rider/markus-hoelgaard,1994-10-04,1994,Norway,1.88,74.0,20.94,Stavanger,51,finished,53,49,225,Classic,30,NO,Uno-X Mobility,,,",,",39,14030
1,RR,05 July 2025,Lille Métropole,Lille Métropole,184.9,1065,17,47.576,Sprint of small group,Berthet Clément,https://www.procyclingstats.com/rider/clement-berthet,1997-08-02,1997,France,1.84,68.0,20.09,Pierre Bénite,52,finished,54,49,153,Climber,27,FR,Decathlon AG2R La Mondiale Team,,,",,",39,14030
1,RR,05 July 2025,Lille Métropole,Lille Métropole,184.9,1065,17,47.576,Sprint of small group,Andresen Tobias Lund,https://www.procyclingstats.com/rider/tobias-lund-andresen,2002-08-20,2002,Denmark,1.81,69.0,21.06,Taastrup,53,finished,55,49,195,Classic,22,DK,Team Picnic PostNL,,,",,",39,14030
1,RR,05 July 2025,Lille Métropole,Lille Métropole,184.9,1065,17,47.576,Sprint of small group,Skjelmose Mattias,https://www.procyclingstats.com/rider/mattias-skjelmose-jensen,2000-09-26,2000,Denmark,1.8,65.0,20.06,Copenhagen,54,finished,56,49,85,Climber,24,DK,Lidl - Trek,,,",,",39,14030
1,RR,05 July 2025,Lille Métropole,Lille Métropole,184.9,1065,17,47.576,Sprint of small group,De Buyst Jasper,https://www.procyclingstats.com/rider/jasper-de-buyst,1993-11-24,1993,Belgium,1.79,72.0,22.47,Asse,55,finished,57,49,213,Classic,31,BE,Lotto,,,",,",39,14030
1,RR,05 July 2025,Lille Métropole,Lille Métropole,184.9,1065,17,47.576,Sprint of small group,Buchmann Emanuel,https://www.procyclingstats.com/rider/emanuel-buchmann,1992-11-18,1992,Germany,1.8,59.0,18.21,Ravensburg,56,finished,58,49,161,GC,32,DE,Cofidis,,,",,",39,14030
1,RR,05 July 2025,Lille Métropole,Lille Métropole,184.9,1065,17,47.576,Sprint of small group,Boivin Guillaume,https://www.procyclingstats.com/rider/guillaume-boivin,1989-05-25,1989,Canada,1.8,78.0,24.07,Montreal,57,finished,59,49,204,Classic,36,CA,Israel - Premier Tech,,,",,",39,14030
1,RR,05 July 2025,Lille Métropole,Lille Métropole,184.9,1065,17,47.576,Sprint of small group,Almeida João,https://www.procyclingstats.com/rider/joao-almeida,1998-08-05,1998,Portugal,1.78,63.0,19.88,Caldas da Rainha,58,finished,60,49,2,GC,26,PT,UAE Team Emirates - XRG,,,",,",39,14030
1,RR,05 July 2025,Lille Métropole,Lille Métropole,184.9,1065,17,47.576,Sprint of small group,Capiot Amaury,https://www.procyclingstats.com/rider/amaury-capiot,1993-06-25,1993,Belgium,1.86,69.0,19.94,Tongeren,59,finished,61,49,132,Classic,32,BE,Arkéa - B&B Hotels,,,",,",39,14030
1,RR,05 July 2025,Lille Métropole,Lille Métropole,184.9,1065,17,47.576,Sprint of small group,Groenewegen Dylan,https://www.procyclingstats.com/rider/dylan-groenewegen,1993-06-21,1993,Netherlands,1.77,70.0,22.34,Amsterdam,60,finished,62,49,124,Sprint,32,NL,Team Jayco AlUla,,,",,",39,14030
1,RR,05 July 2025,Lille Métropole,Lille Métropole,184.9,1065,17,47.576,Sprint of small group,Cort Magnus,https://www.procyclingstats.com/rider/magnus-cort-nielsen,1993-01-16,1993,Denmark,1.84,68.0,20.09,Rønne,61,finished,63,49,223,Hills,32,DK,Uno-X Mobility,,,",,",39,14030
1,RR,05 July 2025,Lille Métropole,Lille Métropole,184.9,1065,17,47.576,Sprint of small group,Démare Arnaud,https://www.procyclingstats.com/rider/arnaud-demare,1991-08-26,1991,France,1.81,76.0,23.2,Beauvais,62,finished,64,49,134,Classic,33,FR,Arkéa - B&B Hotels,,,",,",39,14030
1,RR,05 July 2025,Lille Métropole,Lille Métropole,184.9,1065,17,47.576,Sprint of small group,Renard Alexis,https://www.procyclingstats.com/rider/alexis-renard,1999-06-01,1999,France,1.86,74.0,21.39,Saint-Brieuc,63,finished,65,49,165,Classic,26,FR,Cofidis,,,",,",39,14030
1,RR,05 July 2025,Lille Métropole,Lille Métropole,184.9,1065,17,47.576,Sprint of small group,Healy Ben,https://www.procyclingstats.com/rider/ben-healy,2000-09-11,2000,Ireland,1.75,62.0,20.24,Kingswinford Previous nationalities Great Britain until 2016,64,finished,66,49,31,Climber,24,IE,EF Education - EasyPost,,,",,",39,14030
1,RR,05 July 2025,Lille Métropole,Lille Métropole,184.9,1065,17,47.576,Sprint of small group,Louvel Matis,https://www.procyclingstats.com/rider/matis-louvel,1999-07-19,1999,France,1.87,77.0,22.02,Mont Saint Aignan,65,finished,67,49,205,Classic,25,FR,Israel - Premier Tech,,,",,",39,14030
1,RR,05 July 2025,Lille Métropole,Lille Métropole,184.9,1065,17,47.576,Sprint of small group,Paret-Peintre Aurélien,https://www.procyclingstats.com/rider/aurelien-paret-peintre,1996-02-27,1996,France,1.84,64.0,18.9,Annemasse,66,finished,68,49,156,GC,29,FR,Decathlon AG2R La Mondiale Team,,,",,",39,14030
1,RR,05 July 2025,Lille Métropole,Lille Métropole,184.9,1065,17,47.576,Sprint of small group,Evenepoel Remco,https://www.procyclingstats.com/rider/remco-evenepoel,2000-01-25,2000,Belgium,1.71,63.0,21.55,Aalst,67,finished,69,49,21,Climber,25,BE,Soudal Quick-Step,,,",,",39,14030
1,RR,05 July 2025,Lille Métropole,Lille Métropole,184.9,1065,17,47.576,Sprint of small group,Jegat Jordan,https://www.procyclingstats.com/rider/jordan-jegat,1999-06-07,1999,France,1.76,59.0,19.05,Vannes,68,finished,70,49,186,Climber,26,FR,TotalEnergies,,,",,",39,14030
1,RR,05 July 2025,Lille Métropole,Lille Métropole,184.9,1065,17,47.576,Sprint of small group,Rodríguez Carlos,https://www.procyclingstats.com/rider/carlos-rodriguez-cano,2001-02-02,2001,Spain,1.83,67.0,20.01,Almuñécar,69,finished,71,49,66,GC,24,ES,INEOS Grenadiers,,,",,",39,14030
1,RR,05 July 2025,Lille Métropole,Lille Métropole,184.9,1065,17,47.576,Sprint of small group,Vermeersch Gianni,https://www.procyclingstats.com/rider/gianni-vermeersch,1992-11-19,1992,Belgium,1.73,68.0,22.72,Roeselare,70,finished,72,49,107,Classic,32,BE,Alpecin - Deceuninck,,,",,",39,14030
1,RR,05 July 2025,Lille Métropole,Lille Métropole,184.9,1065,17,47.576,Sprint of small group,Buitrago Santiago,https://www.procyclingstats.com/rider/santiago-buitrago-sanchez,1999-09-26,1999,Colombia,1.74,59.0,19.49,Bogotá,71,finished,73,49,51,Climber,25,CO,Bahrain - Victorious,,,",,",39,14030
1,RR,05 July 2025,Lille Métropole,Lille Métropole,184.9,1065,17,47.576,Sprint of small group,Valgren Michael,https://www.procyclingstats.com/rider/michael-valgren-andersen,1992-02-07,1992,Denmark,1.79,71.0,22.16,Østerild,72,finished,74,49,37,Classic,33,DK,EF Education - EasyPost,,,",,",39,14030
1,RR,05 July 2025,Lille Métropole,Lille Métropole,184.9,1065,17,47.576,Sprint of small group,Naesen Oliver,https://www.procyclingstats.com/rider/oliver-naesen,1990-09-16,1990,Belgium,1.84,74.0,21.86,Oostende,73,finished,75,49,155,Classic,34,BE,Decathlon AG2R La Mondiale Team,,,",,",39,14030
1,RR,05 July 2025,Lille Métropole,Lille Métropole,184.9,1065,17,47.576,Sprint of small group,Onley Oscar,https://www.procyclingstats.com/rider/oscar-onley,2002-10-13,2002,Great Britain,1.73,62.0,20.72,Kelso,74,finished,76,49,191,GC,22,GB,Team Picnic PostNL,,,",,",39,14030
1,RR,05 July 2025,Lille Métropole,Lille Métropole,184.9,1065,17,47.576,Sprint of small group,Gall Felix,https://www.procyclingstats.com/rider/felix-gall,1998-02-27,1998,Austria,1.8,66.0,20.37,Nußdorf-Debant,75,finished,77,49,151,Climber,27,AT,Decathlon AG2R La Mondiale Team,,,",,",39,14030
1,RR,05 July 2025,Lille Métropole,Lille Métropole,184.9,1065,17,47.576,Sprint of small group,Van Wilder Ilan,https://www.procyclingstats.com/rider/ilan-van-wilder,2000-05-14,2000,Belgium,1.71,64.0,21.89,Jette,76,finished,78,49,28,GC,25,BE,Soudal Quick-Step,,,",,",39,14030
1,RR,05 July 2025,Lille Métropole,Lille Métropole,184.9,1065,17,47.576,Sprint of small group,Eenkhoorn Pascal,https://www.procyclingstats.com/rider/pascal-eenkhoorn,1997-02-08,1997,Netherlands,1.85,72.0,21.04,Zwolle,77,finished,79,49,23,Classic,28,NL,Soudal Quick-Step,,,",,",39,14030
1,RR,05 July 2025,Lille Métropole,Lille Métropole,184.9,1065,17,47.576,Sprint of small group,Lipowitz Florian,https://www.procyclingstats.com/rider/florian-lipowitz,2000-09-21,2000,Germany,1.81,68.0,20.76,Laichingen,78,finished,80,49,72,GC,24,DE,Red Bull - BORA - hansgrohe,,,",,",39,14030
1,RR,05 July 2025,Lille Métropole,Lille Métropole,184.9,1065,17,47.576,Sprint of small group,Roglič Primož,https://www.procyclingstats.com/rider/primoz-roglic,1989-10-29,1989,Slovenia,1.77,65.0,20.75,Trbovlje,79,finished,81,49,71,Climber,35,SI,Red Bull - BORA - hansgrohe,,,",,",39,14030
1,RR,05 July 2025,Lille Métropole,Lille Métropole,184.9,1065,17,47.576,Sprint of small group,Van Eetvelt Lennert,https://www.procyclingstats.com/rider/lennert-van-eetvelt,2001-07-17,2001,Belgium,1.76,63.0,20.34,Binkom,80,finished,82,49,217,Climber,23,BE,Lotto,,,",,",39,14030
1,RR,05 July 2025,Lille Métropole,Lille Métropole,184.9,1065,17,47.576,Sprint of small group,Madouas Valentin,https://www.procyclingstats.com/rider/valentin-madouas,1996-07-12,1996,France,1.79,71.0,22.16,Brest,81,finished,83,49,95,Classic,28,FR,Groupama - FDJ,,,",,",39,14030
1,RR,05 July 2025,Lille Métropole,Lille Métropole,184.9,1065,17,47.576,Sprint of small group,Martin Guillaume,https://www.procyclingstats.com/rider/guillaume-martin,1993-06-09,1993,France,1.73,55.0,18.38,Paris,82,finished,84,49,91,Climber,32,FR,Groupama - FDJ,,,",,",39,14030
1,RR,05 July 2025,Lille Métropole,Lille Métropole,184.9,1065,17,47.576,Sprint of small group,Oliveira Nelson,https://www.procyclingstats.com/rider/nelson-oliveira,1989-03-06,1989,Portugal,1.8,67.0,20.68,Anadia,83,finished,85,49,144,TT,36,PT,Movistar Team,,,",,",39,14030
1,RR,05 July 2025,Lille Métropole,Lille Métropole,184.9,1065,17,47.576,Sprint of small group,Lienhard Fabian,https://www.procyclingstats.com/rider/fabian-lienhard,1993-09-03,1993,Switzerland,1.83,73.0,21.8,Steinmaur,84,finished,86,49,115,Classic,31,CH,Tudor Pro Cycling Team,,,",,",39,14030
1,RR,05 July 2025,Lille Métropole,Lille Métropole,184.9,1065,17,47.576,Sprint of small group,Flynn Sean,https://www.procyclingstats.com/rider/sean-flynn,2000-03-02,2000,Great Britain,1.77,67.0,21.39,Edinburgh,85,finished,87,49,194,GC,25,GB,Team Picnic PostNL,,,",,",39,14030
1,RR,05 July 2025,Lille Métropole,Lille Métropole,184.9,1065,17,47.576,Sprint of small group,Swift Connor,https://www.procyclingstats.com/rider/connor-swift,1995-10-30,1995,Great Britain,1.9,75.0,20.78,Thorne,86,finished,88,49,67,Classic,29,GB,INEOS Grenadiers,,,",,",39,14030
1,RR,05 July 2025,Lille Métropole,Lille Métropole,184.9,1065,17,47.576,Sprint of small group,Thomas Geraint,https://www.procyclingstats.com/rider/geraint-thomas,1986-05-25,1986,Great Britain,1.83,71.0,21.2,Cardiff,87,finished,89,49,61,GC,39,GB,INEOS Grenadiers,,,",,",39,14030
1,RR,05 July 2025,Lille Métropole,Lille Métropole,184.9,1065,17,47.576,Sprint of small group,Gachignard Thomas,https://www.procyclingstats.com/rider/thomas-gachignard,2000-08-17,2000,France,,,,Niort,88,finished,90,49,184,GC,24,FR,TotalEnergies,,,",,",39,14030
1,RR,05 July 2025,Lille Métropole,Lille Métropole,184.9,1065,17,47.576,Sprint of small group,Narváez Jhonatan,https://www.procyclingstats.com/rider/jhonatan-narvaez,1997-03-04,1997,Ecuador,1.74,65.0,21.47,El Playón de San Francisco,89,finished,91,49,3,Hills,28,EC,UAE Team Emirates - XRG,,,",,",39,14030
1,RR,05 July 2025,Lille Métropole,Lille Métropole,184.9,1065,17,47.576,Sprint of small group,Page Hugo,https://www.procyclingstats.com/rider/hugo-page,2001-07-24,2001,France,1.85,71.0,20.75,Chartres,90,finished,92,49,44,Classic,23,FR,Intermarché - Wanty,,,",,",39,14030
1,RR,05 July 2025,Lille Métropole,Lille Métropole,184.9,1065,17,47.576,Sprint of small group,Cras Steff,https://www.procyclingstats.com/rider/steff-cras,1996-02-13,1996,Belgium,1.83,67.0,20.01,Geel,91,finished,93,49,181,GC,29,BE,TotalEnergies,,,",,",39,14030
1,RR,05 July 2025,Lille Métropole,Lille Métropole,184.9,1065,17,47.576,Sprint of small group,Tronchon Bastien,https://www.procyclingstats.com/rider/bastien-tronchon,2002-03-29,2002,France,1.85,72.0,21.04,Chambéry,92,finished,94,49,158,Classic,23,FR,Decathlon AG2R La Mondiale Team,,,",,",39,14030
1,RR,05 July 2025,Lille Métropole,Lille Métropole,184.9,1065,17,47.576,Sprint of small group,Delettre Alexandre,https://www.procyclingstats.com/rider/alexandre-delettre,1997-10-25,1997,France,1.7,62.0,21.45,Gonesse,93,finished,95,49,183,Classic,27,FR,TotalEnergies,,,",,",39,14030
1,RR,05 July 2025,Lille Métropole,Lille Métropole,184.9,1065,17,47.576,Sprint of small group,Haig Jack,https://www.procyclingstats.com/rider/jack-haig,1993-09-06,1993,Australia,1.9,67.0,18.56,Southport,94,finished,96,49,54,GC,31,AU,Bahrain - Victorious,,,",,",39,14030
1,RR,05 July 2025,Lille Métropole,Lille Métropole,184.9,1065,17,47.576,Sprint of small group,Aranburu Alex,https://www.procyclingstats.com/rider/alex-aranburu,1995-09-19,1995,Spain,1.78,63.0,19.88,Ezkio-Itsaso,95,finished,97,49,162,Classic,29,ES,Cofidis,,,",,",39,14030
1,RR,05 July 2025,Lille Métropole,Lille Métropole,184.9,1065,17,47.576,Sprint of small group,Hirschi Marc,https://www.procyclingstats.com/rider/marc-hirschi,1998-08-24,1998,Switzerland,1.74,61.0,20.15,Bern,96,finished,98,49,114,Classic,26,CH,Tudor Pro Cycling Team,,,",,",39,14030
1,RR,05 July 2025,Lille Métropole,Lille Métropole,184.9,1065,17,47.576,Sprint of small group,Berckmoes Jenno,https://www.procyclingstats.com/rider/jenno-berckmoes,2001-02-04,2001,Belgium,1.77,61.0,19.47,Ghent,97,finished,99,49,212,Classic,24,BE,Lotto,,,",,",39,14030
1,RR,05 July 2025,Lille Métropole,Lille Métropole,184.9,1065,17,47.576,Sprint of small group,Teuns Dylan,https://www.procyclingstats.com/rider/dylan-teuns,1992-03-01,1992,Belgium,1.81,64.0,19.54,Diest,98,finished,100,49,166,GC,33,BE,Cofidis,,,",,",39,14030
1,RR,05 July 2025,Lille Métropole,Lille Métropole,184.9,1065,17,47.576,Sprint of small group,Van Moer Brent,https://www.procyclingstats.com/rider/brent-van-moer,1998-01-12,1998,Belgium,1.91,79.0,21.66,Beveren,99,finished,101,49,218,Classic,27,BE,Lotto,,,",,",39,14030
1,RR,05 July 2025,Lille Métropole,Lille Métropole,184.9,1065,17,47.576,Sprint of small group,Foss Tobias,https://www.procyclingstats.com/rider/tobias-foss,1997-05-25,1997,Norway,1.84,74.0,21.86,Vingrom,100,finished,102,49,63,TT,28,NO,INEOS Grenadiers,,,",,",39,14030
1,RR,05 July 2025,Lille Métropole,Lille Métropole,184.9,1065,17,47.576,Sprint of small group,Wright Fred,https://www.procyclingstats.com/rider/alfred-wright,1999-06-13,1999,Great Britain,1.84,75.0,22.15,London,101,finished,103,49,58,Hills,26,GB,Bahrain - Victorious,,,",,",39,14030
1,RR,05 July 2025,Lille Métropole,Lille Métropole,184.9,1065,17,47.576,Sprint of small group,Drizners Jarrad,https://www.procyclingstats.com/rider/jarrad-drizners,1999-05-31,1999,Australia,1.86,70.0,20.23,Adelaide,102,finished,104,49,214,GC,26,AU,Lotto,,,",,",39,14030
1,RR,05 July 2025,Lille Métropole,Lille Métropole,184.9,1065,17,47.576,Sprint of small group,Albanese Vincenzo,https://www.procyclingstats.com/rider/vincenzo-albanese,1996-11-12,1996,Italy,1.75,70.0,22.86,Oliveto Citra,103,finished,105,49,32,Hills,28,IT,EF Education - EasyPost,,,",,",39,14030
1,RR,05 July 2025,Lille Métropole,Lille Métropole,184.9,1065,17,47.576,Sprint of small group,Reinders Elmar,https://www.procyclingstats.com/rider/elmar-reinders,1992-03-14,1992,Netherlands,1.9,78.1,21.63,Emmen,104,finished,107,76,127,Classic,33,NL,Team Jayco AlUla,,,1:06,66,14057
1,RR,05 July 2025,Lille Métropole,Lille Métropole,184.9,1065,17,47.576,Sprint of small group,Vlasov Aleksandr,https://www.procyclingstats.com/rider/aleksandr-vlasov,1996-04-23,1996,Russia,1.86,68.0,19.66,Vyborg,105,finished,108,76,78,Climber,29,RU,Red Bull - BORA - hansgrohe,,,",,",66,14057
1,RR,05 July 2025,Lille Métropole,Lille Métropole,184.9,1065,17,47.576,Sprint of small group,Scotson Callum,https://www.procyclingstats.com/rider/callum-scotson,1996-08-10,1996,Australia,1.83,77.0,22.99,Campbelltown,106,finished,109,76,157,GC,28,AU,Decathlon AG2R La Mondiale Team,,,",,",66,14057
1,RR,05 July 2025,Lille Métropole,Lille Métropole,184.9,1065,17,47.576,Sprint of small group,Barguil Warren,https://www.procyclingstats.com/rider/warren-barguil,1991-10-28,1991,France,1.83,61.0,18.21,Hennebont,107,finished,110,76,192,Climber,33,FR,Team Picnic PostNL,,,",,",66,14057
1,RR,05 July 2025,Lille Métropole,Lille Métropole,184.9,1065,17,47.576,Sprint of small group,Mohorič Matej,https://www.procyclingstats.com/rider/matej-mohoric,1994-10-19,1994,Slovenia,1.86,71.0,20.52,Kranj,108,finished,111,76,56,Classic,30,SI,Bahrain - Victorious,,,",,",66,14057
1,RR,05 July 2025,Lille Métropole,Lille Métropole,184.9,1065,17,47.576,Sprint of small group,Baudin Alex,https://www.procyclingstats.com/rider/alex-baudin,2001-05-25,2001,France,1.83,64.0,19.11,Albertville,109,finished,112,76,34,Climber,24,FR,EF Education - EasyPost,,,",,",66,14057
1,RR,05 July 2025,Lille Métropole,Lille Métropole,184.9,1065,17,47.576,Sprint of small group,Venturini Clément,https://www.procyclingstats.com/rider/clement-venturini,1993-10-16,1993,France,1.65,60.0,22.04,Villeurbanne,110,finished,113,76,138,Classic,31,FR,Arkéa - B&B Hotels,,,",,",66,14057
1,RR,05 July 2025,Lille Métropole,Lille Métropole,184.9,1065,17,47.576,Sprint of small group,Van Lerberghe Bert,https://www.procyclingstats.com/rider/bert-van-lerberghe,1992-09-29,1992,Belgium,1.9,83.0,22.99,Kortrijk,111,finished,114,76,27,Classic,32,BE,Soudal Quick-Step,,,",,",66,14057
1,RR,05 July 2025,Lille Métropole,Lille Métropole,184.9,1065,17,47.576,Sprint of small group,Skujiņš Toms,https://www.procyclingstats.com/rider/toms-skujins,1991-06-15,1991,Latvia,1.81,72.0,21.98,Sigulda,112,finished,115,96,86,Classic,34,LV,Lidl - Trek,,,1:26,86,14077
1,RR,05 July 2025,Lille Métropole,Lille Métropole,184.9,1065,17,47.576,Sprint of small group,Theuns Edward,https://www.procyclingstats.com/rider/edward-theuns,1991-04-30,1991,Belgium,1.83,72.0,21.5,Ghent,113,finished,116,96,88,Classic,34,BE,Lidl - Trek,,,",,",86,14077
1,RR,05 July 2025,Lille Métropole,Lille Métropole,184.9,1065,17,47.576,Sprint of small group,Braet Vito,https://www.procyclingstats.com/rider/vito-braet,2000-11-02,2000,Belgium,1.84,68.0,20.09,Hulste,114,finished,117,96,43,Classic,24,BE,Intermarché - Wanty,,,",,",86,14077
1,RR,05 July 2025,Lille Métropole,Lille Métropole,184.9,1065,17,47.576,Sprint of small group,Pithie Laurence,https://www.procyclingstats.com/rider/laurence-pithie,2002-07-17,2002,New Zealand,1.85,74.0,21.62,Christchurch,115,finished,118,103,75,Classic,22,NZ,Red Bull - BORA - hansgrohe,,,1:33,93,14084
1,RR,05 July 2025,Lille Métropole,Lille Métropole,184.9,1065,17,47.576,Sprint of small group,Consonni Simone,https://www.procyclingstats.com/rider/simone-consonni,1994-09-12,1994,Italy,1.65,60.0,22.04,Ponte San Pietro,116,finished,119,103,82,Classic,30,IT,Lidl - Trek,,,",,",93,14084
1,RR,05 July 2025,Lille Métropole,Lille Métropole,184.9,1065,17,47.576,Sprint of small group,Cattaneo Mattia,https://www.procyclingstats.com/rider/mattia-cattaneo,1990-10-25,1990,Italy,1.84,67.0,19.79,Alzano Lombardo,117,finished,120,118,22,TT,34,IT,Soudal Quick-Step,,,1:48,108,14099
1,RR,05 July 2025,Lille Métropole,Lille Métropole,184.9,1065,17,47.576,Sprint of small group,Campenaerts Victor,https://www.procyclingstats.com/rider/victor-campenaerts,1991-10-28,1991,Belgium,1.73,68.0,22.72,Hoboken,118,finished,121,129,14,TT,33,BE,Team Visma | Lease a Bike,,,1:59,119,14110
1,RR,05 July 2025,Lille Métropole,Lille Métropole,184.9,1065,17,47.576,Sprint of small group,Kuss Sepp,https://www.procyclingstats.com/rider/sepp-kuss,1994-09-13,1994,United States,1.82,61.0,18.42,Durango,119,finished,106,49,16,Climber,30,US,Team Visma | Lease a Bike,,,*0:39,39,14030
1,RR,05 July 2025,Lille Métropole,Lille Métropole,184.9,1065,17,47.576,Sprint of small group,Moscon Gianni,https://www.procyclingstats.com/rider/gianni-moscon,1994-04-20,1994,Italy,1.8,71.0,21.91,Trento,120,finished,122,144,74,Classic,31,IT,Red Bull - BORA - hansgrohe,,,2:14,134,14125
1,RR,05 July 2025,Lille Métropole,Lille Métropole,184.9,1065,17,47.576,Sprint of small group,van Dijke Mick,https://www.procyclingstats.com/rider/mick-van-dijke,2000-03-15,2000,Netherlands,1.9,74.0,20.5,Goes,121,finished,123,144,76,Classic,25,NL,Red Bull - BORA - hansgrohe,,,",,",134,14125
1,RR,05 July 2025,Lille Métropole,Lille Métropole,184.9,1065,17,47.576,Sprint of small group,Izagirre Ion,https://www.procyclingstats.com/rider/ion-izagirre,1989-02-04,1989,Spain,1.73,60.0,20.05,Ormaiztegi,122,finished,124,144,164,GC,36,ES,Cofidis,,,",,",134,14125
1,RR,05 July 2025,Lille Métropole,Lille Métropole,184.9,1065,17,47.576,Sprint of small group,Soler Marc,https://www.procyclingstats.com/rider/marc-soler,1993-11-22,1993,Spain,1.86,68.0,19.66,Vilanova i la Geltrú,123,finished,125,156,6,Climber,31,ES,UAE Team Emirates - XRG,,,2:26,146,14137
1,RR,05 July 2025,Lille Métropole,Lille Métropole,184.9,1065,17,47.576,Sprint of small group,Gradek Kamil,https://www.procyclingstats.com/rider/kamil-gradek,1990-09-17,1990,Poland,1.94,83.0,22.05,Koziegłowy,124,finished,126,156,53,TT,34,PL,Bahrain - Victorious,,,",,",146,14137
1,RR,05 July 2025,Lille Métropole,Lille Métropole,184.9,1065,17,47.576,Sprint of small group,Politt Nils,https://www.procyclingstats.com/rider/nils-politt,1994-03-06,1994,Germany,1.92,80.0,21.7,Cologne,125,finished,127,328,4,Classic,31,DE,UAE Team Emirates - XRG,,,5:18,318,14309
1,RR,05 July 2025,Lille Métropole,Lille Métropole,184.9,1065,17,47.576,Sprint of small group,Leknessund Andreas,https://www.procyclingstats.com/rider/andreas-leknessund,1999-05-21,1999,Norway,1.86,72.0,20.81,Tromsø,126,finished,128,328,227,GC,26,NO,Uno-X Mobility,,,",,",318,14309
1,RR,05 July 2025,Lille Métropole,Lille Métropole,184.9,1065,17,47.576,Sprint of small group,Johannessen Anders Halland,https://www.procyclingstats.com/rider/anders-halland-johannessen,1999-08-23,1999,Norway,1.76,,,Drøbak,127,finished,129,328,226,GC,25,NO,Uno-X Mobility,,,",,",318,14309
1,RR,05 July 2025,Lille Métropole,Lille Métropole,184.9,1065,17,47.576,Sprint of small group,Pacher Quentin,https://www.procyclingstats.com/rider/quentin-pacher,1992-01-06,1992,France,1.79,62.0,19.35,Libourne,128,finished,130,328,96,Hills,33,FR,Groupama - FDJ,,,",,",318,14309
1,RR,05 July 2025,Lille Métropole,Lille Métropole,184.9,1065,17,47.576,Sprint of small group,Tejada Harold,https://www.procyclingstats.com/rider/harold-tejada,1997-04-27,1997,Colombia,1.8,63.0,19.44,Pitalito,129,finished,131,328,171,Climber,28,CO,XDS Astana Team,,,",,",318,14309
1,RR,05 July 2025,Lille Métropole,Lille Métropole,184.9,1065,17,47.576,Sprint of small group,Armirail Bruno,https://www.procyclingstats.com/rider/bruno-armirail,1994-04-11,1994,France,1.9,72.0,19.94,Bagnères-de-Bigorre,130,finished,132,328,152,TT,31,FR,Decathlon AG2R La Mondiale Team,,,",,",318,14309
1,RR,05 July 2025,Lille Métropole,Lille Métropole,184.9,1065,17,47.576,Sprint of small group,Grignard Sébastien,https://www.procyclingstats.com/rider/sebastien-grignard,1999-04-29,1999,Belgium,1.79,68.0,21.22,Mons,131,finished,133,328,215,Classic,26,BE,Lotto,,,",,",318,14309
1,RR,05 July 2025,Lille Métropole,Lille Métropole,184.9,1065,17,47.576,Sprint of small group,Le Berre Mathis,https://www.procyclingstats.com/rider/mathis-le-berre,2001-04-16,2001,France,1.76,68.0,21.95,Saint-Brieuc,132,finished,134,328,136,Hills,24,FR,Arkéa - B&B Hotels,,,",,",318,14309
1,RR,05 July 2025,Lille Métropole,Lille Métropole,184.9,1065,17,47.576,Sprint of small group,Arensman Thymen,https://www.procyclingstats.com/rider/thymen-arensman,1999-12-04,1999,Netherlands,1.9,68.0,18.84,Deil,133,finished,135,328,62,GC,25,NL,INEOS Grenadiers,,,",,",318,14309
1,RR,05 July 2025,Lille Métropole,Lille Métropole,184.9,1065,17,47.576,Sprint of small group,Rutsch Jonas,https://www.procyclingstats.com/rider/jonas-rutsch,1998-01-24,1998,Germany,1.97,82.0,21.13,Erbach im Odenwald,134,finished,136,328,46,Classic,27,DE,Intermarché - Wanty,,,",,",318,14309
1,RR,05 July 2025,Lille Métropole,Lille Métropole,184.9,1065,17,47.576,Sprint of small group,Sepúlveda Eduardo,https://www.procyclingstats.com/rider/eduardo-sepulveda,1991-06-13,1991,Argentina,1.73,59.0,19.71,Rawson,135,finished,137,328,216,GC,34,AR,Lotto,,,",,",318,14309
1,RR,05 July 2025,Lille Métropole,Lille Métropole,184.9,1065,17,47.576,Sprint of small group,Zimmermann Georg,https://www.procyclingstats.com/rider/georg-zimmermann,1997-10-11,1997,Germany,1.81,70.0,21.37,Augsburg,136,finished,138,328,48,Classic,27,DE,Intermarché - Wanty,,,",,",318,14309
1,RR,05 July 2025,Lille Métropole,Lille Métropole,184.9,1065,17,47.576,Sprint of small group,Mühlberger Gregor,https://www.procyclingstats.com/rider/gregor-muhlberger,1994-04-04,1994,Austria,1.8,64.0,19.75,Haidershofen,137,finished,139,328,146,GC,31,AT,Movistar Team,,,",,",318,14309
1,RR,05 July 2025,Lille Métropole,Lille Métropole,184.9,1065,17,47.576,Sprint of small group,Thomas Benjamin,https://www.procyclingstats.com/rider/benjamin-thomas-2,1995-09-12,1995,France,1.79,68.0,21.22,Lavaur,138,finished,140,328,167,TT,29,FR,Cofidis,,,",,",318,14309
1,RR,05 July 2025,Lille Métropole,Lille Métropole,184.9,1065,17,47.576,Sprint of small group,Rubio Einer,https://www.procyclingstats.com/rider/einer-rubio,1998-02-22,1998,Colombia,1.64,56.0,20.82,Chíquiza,139,finished,141,328,148,Climber,27,CO,Movistar Team,,,",,",318,14309
1,RR,05 July 2025,Lille Métropole,Lille Métropole,184.9,1065,17,47.576,Sprint of small group,Rodríguez Cristián,https://www.procyclingstats.com/rider/cristian-rodriguez,1995-03-03,1995,Spain,1.78,59.0,18.62,El Ejido,140,finished,142,328,137,GC,30,ES,Arkéa - B&B Hotels,,,",,",318,14309
1,RR,05 July 2025,Lille Métropole,Lille Métropole,184.9,1065,17,47.576,Sprint of small group,van den Broek Frank,https://www.procyclingstats.com/rider/frank-van-den-broek,2000-12-28,2000,Netherlands,1.78,70.0,22.09,Warmond,141,finished,143,328,198,GC,24,NL,Team Picnic PostNL,,,",,",318,14309
1,RR,05 July 2025,Lille Métropole,Lille Métropole,184.9,1065,17,47.576,Sprint of small group,Simmons Quinn,https://www.procyclingstats.com/rider/quinn-simmons,2001-05-08,2001,United States,1.85,73.0,21.33,Durango,142,finished,144,328,84,Hills,24,US,Lidl - Trek,,,",,",318,14309
1,RR,05 July 2025,Lille Métropole,Lille Métropole,184.9,1065,17,47.576,Sprint of small group,Naberman Tim,https://www.procyclingstats.com/rider/tim-naberman,1999-05-11,1999,Netherlands,1.87,70.0,20.02,Genemuiden,143,finished,145,328,197,GC,26,NL,Team Picnic PostNL,,,",,",318,14309
1,RR,05 July 2025,Lille Métropole,Lille Métropole,184.9,1065,17,47.576,Sprint of small group,Higuita Sergio,https://www.procyclingstats.com/rider/sergio-higuita,1997-08-01,1997,Colombia,1.66,57.0,20.69,Medellín,144,finished,146,328,176,Climber,27,CO,XDS Astana Team,,,",,",318,14309
1,RR,05 July 2025,Lille Métropole,Lille Métropole,184.9,1065,17,47.576,Sprint of small group,Champoussin Clément,https://www.procyclingstats.com/rider/clement-champoussin,1998-05-29,1998,France,1.8,61.0,18.83,Nice,145,finished,147,328,174,Climber,27,FR,XDS Astana Team,,,",,",318,14309
1,RR,05 July 2025,Lille Métropole,Lille Métropole,184.9,1065,17,47.576,Sprint of small group,Rex Laurenz,https://www.procyclingstats.com/rider/laurenz-rex,1999-12-15,1999,Belgium,1.93,83.0,22.28,Marburg,146,finished,148,328,45,Classic,25,BE,Intermarché - Wanty,,,",,",318,14309
1,RR,05 July 2025,Lille Métropole,Lille Métropole,184.9,1065,17,47.576,Sprint of small group,Castrillo Pablo,https://www.procyclingstats.com/rider/pablo-castrillo-zapater,2001-01-02,2001,Spain,1.83,74.0,22.1,Jaca,147,finished,149,328,143,Climber,24,ES,Movistar Team,,,",,",318,14309
1,RR,05 July 2025,Lille Métropole,Lille Métropole,184.9,1065,17,47.576,Sprint of small group,García Pierna Raúl,https://www.procyclingstats.com/rider/raul-garcia-pierna,2001-02-23,2001,Spain,1.75,67.0,21.88,Tres Cantos,148,finished,150,328,135,Climber,24,ES,Arkéa - B&B Hotels,,,",,",318,14309
1,RR,05 July 2025,Lille Métropole,Lille Métropole,184.9,1065,17,47.576,Sprint of small group,Grégoire Romain,https://www.procyclingstats.com/rider/romain-gregoire,2003-01-21,2003,France,1.76,64.0,20.66,Besançon,149,finished,151,328,94,Classic,22,FR,Groupama - FDJ,,,",,",318,14309
1,RR,05 July 2025,Lille Métropole,Lille Métropole,184.9,1065,17,47.576,Sprint of small group,Costiou Ewen,https://www.procyclingstats.com/rider/ewen-costiou,2002-11-10,2002,France,1.76,64.0,20.66,Brest,150,finished,152,328,133,GC,22,FR,Arkéa - B&B Hotels,,,",,",318,14309
1,RR,05 July 2025,Lille Métropole,Lille Métropole,184.9,1065,17,47.576,Sprint of small group,Paret-Peintre Valentin,https://www.procyclingstats.com/rider/valentin-paret-peintre,2001-01-14,2001,France,1.78,52.0,16.41,Annemasse,151,finished,153,328,25,Climber,24,FR,Soudal Quick-Step,,,",,",318,14309
1,RR,05 July 2025,Lille Métropole,Lille Métropole,184.9,1065,17,47.576,Sprint of small group,Jeannière Emilien,https://www.procyclingstats.com/rider/emilien-jeanniere,1998-09-26,1998,France,1.76,,,Saint-Paul-en-Pareds,152,finished,154,328,185,Classic,26,FR,TotalEnergies,,,",,",318,14309
1,RR,05 July 2025,Lille Métropole,Lille Métropole,184.9,1065,17,47.576,Sprint of small group,Storer Michael,https://www.procyclingstats.com/rider/michael-storer,1997-02-28,1997,Australia,1.77,63.0,20.11,Perth,153,finished,155,328,117,Climber,28,AU,Tudor Pro Cycling Team,,,",,",318,14309
1,RR,05 July 2025,Lille Métropole,Lille Métropole,184.9,1065,17,47.576,Sprint of small group,Dunbar Eddie,https://www.procyclingstats.com/rider/edward-irl-dunbar,1996-09-01,1996,Ireland,1.7,57.0,19.72,Banteer,154,finished,156,328,122,GC,28,IE,Team Jayco AlUla,,,",,",318,14309
1,RR,05 July 2025,Lille Métropole,Lille Métropole,184.9,1065,17,47.576,Sprint of small group,Sivakov Pavel,https://www.procyclingstats.com/rider/pavel-sivakov,1997-07-11,1997,France,1.88,70.0,19.81,San Donà di Piave Previous nationalities Russia until 2022,155,finished,157,328,5,GC,27,FR,UAE Team Emirates - XRG,,,",,",318,14309
1,RR,05 July 2025,Lille Métropole,Lille Métropole,184.9,1065,17,47.576,Sprint of small group,Yates Adam,https://www.procyclingstats.com/rider/adam-yates,1992-08-07,1992,Great Britain,1.73,58.0,19.38,Bury,156,finished,158,328,8,Climber,32,GB,UAE Team Emirates - XRG,,,",,",318,14309
1,RR,05 July 2025,Lille Métropole,Lille Métropole,184.9,1065,17,47.576,Sprint of small group,Verstrynge Emiel,https://www.procyclingstats.com/rider/emiel-verstrynge,2002-02-04,2002,Belgium,1.89,69.0,19.32,Eeklo,157,finished,159,328,108,Climber,23,BE,Alpecin - Deceuninck,,,",,",318,14309
1,RR,05 July 2025,Lille Métropole,Lille Métropole,184.9,1065,17,47.576,Sprint of small group,Stewart Jake,https://www.procyclingstats.com/rider/jake-stewart,1999-10-02,1999,Great Britain,1.79,66.0,20.6,Coventry,158,finished,160,328,208,Hills,25,GB,Israel - Premier Tech,,,",,",318,14309
1,RR,05 July 2025,Lille Métropole,Lille Métropole,184.9,1065,17,47.576,Sprint of small group,Lutsenko Alexey,https://www.procyclingstats.com/rider/aleksey-lutsenko,1992-09-07,1992,Kazakhstan,1.74,74.0,24.44,Petropavl,159,finished,161,328,206,GC,32,KZ,Israel - Premier Tech,,,",,",318,14309
1,RR,05 July 2025,Lille Métropole,Lille Métropole,184.9,1065,17,47.576,Sprint of small group,O'Connor Ben,https://www.procyclingstats.com/rider/ben-o-connor,1995-11-25,1995,Australia,1.88,67.0,18.96,Subiaco,160,finished,34,10,121,GC,29,AU,Team Jayco AlUla,,,*0:00,0,13991
1,RR,05 July 2025,Lille Métropole,Lille Métropole,184.9,1065,17,47.576,Sprint of small group,Schmid Mauro,https://www.procyclingstats.com/rider/mauro-schmid,1999-12-04,1999,Switzerland,1.87,70.0,20.02,Bülach,161,finished,162,337,128,Hills,25,CH,Team Jayco AlUla,,,5:27,327,14318
1,RR,05 July 2025,Lille Métropole,Lille Métropole,184.9,1065,17,47.576,Sprint of small group,van den Berg Marijn,https://www.procyclingstats.com/rider/marijn-van-den-berg,1999-07-19,1999,Netherlands,1.82,73.0,22.04,De Meern,162,finished,35,10,38,Hills,25,NL,EF Education - EasyPost,,,*0:00,0,13991
1,RR,05 July 2025,Lille Métropole,Lille Métropole,184.9,1065,17,47.576,Sprint of small group,Durbridge Luke,https://www.procyclingstats.com/rider/luke-durbridge,1991-04-09,1991,Australia,1.87,78.0,22.31,Greenmount,163,finished,163,401,123,TT,34,AU,Team Jayco AlUla,,,6:31,391,14382
1,RR,05 July 2025,Lille Métropole,Lille Métropole,184.9,1065,17,47.576,Sprint of small group,Yates Simon,https://www.procyclingstats.com/rider/simon-yates,1992-08-07,1992,Great Britain,1.72,58.0,19.61,Bury,164,finished,164,401,18,Climber,32,GB,Team Visma | Lease a Bike,,,",,",391,14382
1,RR,05 July 2025,Lille Métropole,Lille Métropole,184.9,1065,17,47.576,Sprint of small group,Laurance Axel,https://www.procyclingstats.com/rider/axel-laurance,2001-04-13,2001,France,1.79,63.0,19.66,Calan,165,finished,165,401,65,Hills,24,FR,INEOS Grenadiers,,,",,",391,14382
1,RR,05 July 2025,Lille Métropole,Lille Métropole,184.9,1065,17,47.576,Sprint of small group,Dillier Silvan,https://www.procyclingstats.com/rider/silvan-dillier,1990-08-03,1990,Switzerland,1.83,75.0,22.4,Aarau,166,finished,166,401,102,Classic,34,CH,Alpecin - Deceuninck,,,",,",391,14382
1,RR,05 July 2025,Lille Métropole,Lille Métropole,184.9,1065,17,47.576,Sprint of small group,Woods Michael,https://www.procyclingstats.com/rider/michael-woods,1986-10-12,1986,Canada,1.75,62.0,20.24,Toronto,167,finished,167,401,201,Climber,38,CA,Israel - Premier Tech,,,",,",391,14382
1,RR,05 July 2025,Lille Métropole,Lille Métropole,184.9,1065,17,47.576,Sprint of small group,Velasco Simone,https://www.procyclingstats.com/rider/simone-velasco,1995-12-02,1995,Italy,1.7,59.0,20.42,Bologna,168,finished,168,401,178,Classic,29,IT,XDS Astana Team,,,",,",391,14382
1,RR,05 July 2025,Lille Métropole,Lille Métropole,184.9,1065,17,47.576,Sprint of small group,Schachmann Maximilian,https://www.procyclingstats.com/rider/maximilian-schachmann,1994-01-09,1994,Germany,1.83,71.0,21.2,Berlin,169,finished,169,401,26,GC,31,DE,Soudal Quick-Step,,,",,",391,14382
1,RR,05 July 2025,Lille Métropole,Lille Métropole,184.9,1065,17,47.576,Sprint of small group,Plapp Luke,https://www.procyclingstats.com/rider/luke-plapp,2000-12-25,2000,Australia,1.81,72.0,21.98,Melbourne,170,finished,170,401,126,GC,24,AU,Team Jayco AlUla,,,",,",391,14382
1,RR,05 July 2025,Lille Métropole,Lille Métropole,184.9,1065,17,47.576,Sprint of small group,Fedorov Yevgeniy,https://www.procyclingstats.com/rider/yevgeniy-fedorov,2000-02-16,2000,Kazakhstan,1.93,80.0,21.48,Aktobe,171,finished,171,401,175,Classic,25,KZ,XDS Astana Team,,,",,",391,14382
1,RR,05 July 2025,Lille Métropole,Lille Métropole,184.9,1065,17,47.576,Sprint of small group,Bol Cees,https://www.procyclingstats.com/rider/cees-bol,1995-07-27,1995,Netherlands,1.94,83.0,22.05,Zaandam,172,finished,172,401,173,Sprint,29,NL,XDS Astana Team,,,",,",391,14382
1,RR,05 July 2025,Lille Métropole,Lille Métropole,184.9,1065,17,47.576,Sprint of small group,Alaphilippe Julian,https://www.procyclingstats.com/rider/julian-alaphilippe,1992-06-11,1992,France,1.73,62.0,20.72,Saint-Amand-Montrond,173,finished,173,401,111,Classic,33,FR,Tudor Pro Cycling Team,,,",,",391,14382
1,RR,05 July 2025,Lille Métropole,Lille Métropole,184.9,1065,17,47.576,Sprint of small group,van Sintmaartensdijk Roel,https://www.procyclingstats.com/rider/roel-van-sintmaartensdijk,2001-05-08,2001,Netherlands,1.97,77.0,19.84,Zuidland,174,finished,174,401,47,GC,24,NL,Intermarché - Wanty,,,",,",391,14382
1,RR,05 July 2025,Lille Métropole,Lille Métropole,184.9,1065,17,47.576,Sprint of small group,Barré Louis,https://www.procyclingstats.com/rider/louis-barre,2000-04-06,2000,France,1.84,68.0,20.09,Nantes,175,finished,175,401,42,Classic,25,FR,Intermarché - Wanty,,,",,",391,14382
1,RR,05 July 2025,Lille Métropole,Lille Métropole,184.9,1065,17,47.576,Sprint of small group,Romeo Iván,https://www.procyclingstats.com/rider/ivan-romeo,2003-08-16,2003,Spain,1.93,75.0,20.13,Valladolid,176,finished,176,401,147,GC,21,ES,Movistar Team,,,",,",391,14382
1,RR,05 July 2025,Lille Métropole,Lille Métropole,184.9,1065,17,47.576,Sprint of small group,Barta Will,https://www.procyclingstats.com/rider/william-barta,1996-01-04,1996,United States,1.8,61.0,18.83,Boise,177,finished,177,401,142,TT,29,US,Movistar Team,,,",,",391,14382
1,RR,05 July 2025,Lille Métropole,Lille Métropole,184.9,1065,17,47.576,Sprint of small group,Burgaudeau Mathieu,https://www.procyclingstats.com/rider/mathieu-burgaudeau,1998-11-17,1998,France,1.68,61.0,21.61,Noirmoutier-en-l'Île,178,finished,178,401,182,Hills,26,FR,TotalEnergies,,,",,",391,14382
1,RR,05 July 2025,Lille Métropole,Lille Métropole,184.9,1065,17,47.576,Sprint of small group,Vercher Mattéo,https://www.procyclingstats.com/rider/matheo-vercher,2001-01-26,2001,France,1.71,,,Lyon,179,finished,179,401,188,Hills,24,FR,TotalEnergies,,,",,",391,14382
1,RR,05 July 2025,Lille Métropole,Lille Métropole,184.9,1065,17,47.576,Sprint of small group,Nys Thibau,https://www.procyclingstats.com/rider/thibau-nys,2002-11-12,2002,Belgium,1.76,64.0,20.66,Bonheiden,180,finished,180,401,83,Hills,22,BE,Lidl - Trek,,,",,",391,14382
1,RR,05 July 2025,Lille Métropole,Lille Métropole,184.9,1065,17,47.576,Sprint of small group,Askey Lewis,https://www.procyclingstats.com/rider/lewis-askey,2001-05-04,2001,Great Britain,1.87,75.0,21.45,Cannock,181,finished,181,401,92,Classic,24,GB,Groupama - FDJ,,,",,",391,14382
1,RR,05 July 2025,Lille Métropole,Lille Métropole,184.9,1065,17,47.576,Sprint of small group,Martinez Lenny,https://www.procyclingstats.com/rider/lenny-martinez,2003-07-11,2003,France,1.68,52.0,18.42,Cannes,182,finished,182,561,55,Climber,21,FR,Bahrain - Victorious,,,9:11,551,14542
1,RR,05 July 2025,Lille Métropole,Lille Métropole,184.9,1065,17,47.576,Sprint of small group,Bissegger Stefan,https://www.procyclingstats.com/rider/stefan-bissegger,1998-09-13,1998,Switzerland,1.81,78.0,23.81,Weinfelden,,DNF,,,154,TT,26,CH,Decathlon AG2R La Mondiale Team,,,,,
1,RR,05 July 2025,Lille Métropole,Lille Métropole,184.9,1065,17,47.576,Sprint of small group,Ganna Filippo,https://www.procyclingstats.com/rider/filippo-ganna,1996-07-25,1996,Italy,1.93,83.0,22.28,Verbania,,DNF,,,64,TT,28,IT,INEOS Grenadiers,,,,,
2,RR,06 July 2025,Lauwin-Planque,Boulogne-sur-Mer,209.1,1953,73,43.916,Sprint of 26 riders,van der Poel Mathieu,https://www.procyclingstats.com/rider/mathieu-van-der-poel,1995-01-19,1995,Netherlands,1.84,75.0,22.15,Kapellen,1,finished,1,0,106,Classic,30,NL,Alpecin - Deceuninck,210.0,100.0,4:45:41,0,17141
2,RR,06 July 2025,Lauwin-Planque,Boulogne-sur-Mer,209.1,1953,73,43.916,Sprint of 26 riders,Pogačar Tadej,https://www.procyclingstats.com/rider/tadej-pogacar,1998-09-21,1998,Slovenia,1.76,66.0,21.31,Klanec,2,finished,2,4,1,Climber,26,SI,UAE Team Emirates - XRG,150.0,70.0,",,",0,17141
2,RR,06 July 2025,Lauwin-Planque,Boulogne-sur-Mer,209.1,1953,73,43.916,Sprint of 26 riders,Vingegaard Jonas,https://www.procyclingstats.com/rider/jonas-vingegaard,1996-12-10,1996,Denmark,1.75,58.0,18.94,Hillerslev,3,finished,3,6,11,GC,28,DK,Team Visma | Lease a Bike,110.0,50.0,",,",0,17141
2,RR,06 July 2025,Lauwin-Planque,Boulogne-sur-Mer,209.1,1953,73,43.916,Sprint of 26 riders,Grégoire Romain,https://www.procyclingstats.com/rider/romain-gregoire,2003-01-21,2003,France,1.76,64.0,20.66,Besançon,4,finished,68,328,94,Classic,22,FR,Groupama - FDJ,90.0,40.0,",,",0,17141
2,RR,06 July 2025,Lauwin-Planque,Boulogne-sur-Mer,209.1,1953,73,43.916,Sprint of 26 riders,Alaphilippe Julian,https://www.procyclingstats.com/rider/julian-alaphilippe,1992-06-11,1992,France,1.73,62.0,20.72,Saint-Amand-Montrond,5,finished,86,401,111,Classic,33,FR,Tudor Pro Cycling Team,70.0,32.0,",,",0,17141
2,RR,06 July 2025,Lauwin-Planque,Boulogne-sur-Mer,209.1,1953,73,43.916,Sprint of 26 riders,Onley Oscar,https://www.procyclingstats.com/rider/oscar-onley,2002-10-13,2002,Great Britain,1.73,62.0,20.72,Kelso,6,finished,16,49,191,GC,22,GB,Team Picnic PostNL,55.0,26.0,",,",0,17141
2,RR,06 July 2025,Lauwin-Planque,Boulogne-sur-Mer,209.1,1953,73,43.916,Sprint of 26 riders,Paret-Peintre Aurélien,https://www.procyclingstats.com/rider/aurelien-paret-peintre,1996-02-27,1996,France,1.84,64.0,18.9,Annemasse,7,finished,12,49,156,GC,29,FR,Decathlon AG2R La Mondiale Team,45.0,22.0,",,",0,17141
2,RR,06 July 2025,Lauwin-Planque,Boulogne-sur-Mer,209.1,1953,73,43.916,Sprint of 26 riders,Vauquelin Kévin,https://www.procyclingstats.com/rider/kevin-vauquelin,2001-04-26,2001,France,1.76,69.0,22.28,Bayeux,8,finished,4,10,131,GC,24,FR,Arkéa - B&B Hotels,40.0,18.0,",,",0,17141
2,RR,06 July 2025,Lauwin-Planque,Boulogne-sur-Mer,209.1,1953,73,43.916,Sprint of 26 riders,Velasco Simone,https://www.procyclingstats.com/rider/simone-velasco,1995-12-02,1995,Italy,1.7,59.0,20.42,Bologna,9,finished,85,401,178,Classic,29,IT,XDS Astana Team,35.0,14.0,",,",0,17141
2,RR,06 July 2025,Lauwin-Planque,Boulogne-sur-Mer,209.1,1953,73,43.916,Sprint of 26 riders,Berckmoes Jenno,https://www.procyclingstats.com/rider/jenno-berckmoes,2001-02-04,2001,Belgium,1.77,61.0,19.47,Ghent,10,finished,24,49,212,Classic,24,BE,Lotto,30.0,10.0,",,",0,17141
2,RR,06 July 2025,Lauwin-Planque,Boulogne-sur-Mer,209.1,1953,73,43.916,Sprint of 26 riders,Delettre Alexandre,https://www.procyclingstats.com/rider/alexandre-delettre,1997-10-25,1997,France,1.7,62.0,21.45,Gonesse,11,finished,23,49,183,Classic,27,FR,TotalEnergies,25.0,8.0,",,",0,17141
2,RR,06 July 2025,Lauwin-Planque,Boulogne-sur-Mer,209.1,1953,73,43.916,Sprint of 26 riders,Mas Enric,https://www.procyclingstats.com/rider/enric-mas,1995-01-07,1995,Spain,1.77,61.0,19.47,Artà,12,finished,6,10,141,Climber,30,ES,Movistar Team,20.0,6.0,",,",0,17141
2,RR,06 July 2025,Lauwin-Planque,Boulogne-sur-Mer,209.1,1953,73,43.916,Sprint of 26 riders,Buitrago Santiago,https://www.procyclingstats.com/rider/santiago-buitrago-sanchez,1999-09-26,1999,Colombia,1.74,59.0,19.49,Bogotá,13,finished,17,49,51,Climber,25,CO,Bahrain - Victorious,15.0,4.0,",,",0,17141
2,RR,06 July 2025,Lauwin-Planque,Boulogne-sur-Mer,209.1,1953,73,43.916,Sprint of 26 riders,Hirschi Marc,https://www.procyclingstats.com/rider/marc-hirschi,1998-08-24,1998,Switzerland,1.74,61.0,20.15,Bern,14,finished,25,49,114,Classic,26,CH,Tudor Pro Cycling Team,10.0,2.0,",,",0,17141
2,RR,06 July 2025,Lauwin-Planque,Boulogne-sur-Mer,209.1,1953,73,43.916,Sprint of 26 riders,Almeida João,https://www.procyclingstats.com/rider/joao-almeida,1998-08-05,1998,Portugal,1.78,63.0,19.88,Caldas da Rainha,15,finished,13,49,2,GC,26,PT,UAE Team Emirates - XRG,5.0,1.0,",,",0,17141
2,RR,06 July 2025,Lauwin-Planque,Boulogne-sur-Mer,209.1,1953,73,43.916,Sprint of 26 riders,Martin Guillaume,https://www.procyclingstats.com/rider/guillaume-martin,1993-06-09,1993,France,1.73,55.0,18.38,Paris,16,finished,20,49,91,Climber,32,FR,Groupama - FDJ,,,",,",0,17141
2,RR,06 July 2025,Lauwin-Planque,Boulogne-sur-Mer,209.1,1953,73,43.916,Sprint of 26 riders,Evenepoel Remco,https://www.procyclingstats.com/rider/remco-evenepoel,2000-01-25,2000,Belgium,1.71,63.0,21.55,Aalst,17,finished,18,49,21,Climber,25,BE,Soudal Quick-Step,,,",,",0,17141
2,RR,06 July 2025,Lauwin-Planque,Boulogne-sur-Mer,209.1,1953,73,43.916,Sprint of 26 riders,Jorgenson Matteo,https://www.procyclingstats.com/rider/matteo-jorgenson,1999-07-01,1999,United States,1.9,69.0,19.11,Walnut Creek,18,finished,5,10,15,GC,26,US,Team Visma | Lease a Bike,,,",,",0,17141
2,RR,06 July 2025,Lauwin-Planque,Boulogne-sur-Mer,209.1,1953,73,43.916,Sprint of 26 riders,Powless Neilson,https://www.procyclingstats.com/rider/neilson-powless,1996-09-03,1996,United States,1.83,67.0,20.01,Eglin,19,finished,11,49,35,Classic,28,US,EF Education - EasyPost,,,",,",0,17141
2,RR,06 July 2025,Lauwin-Planque,Boulogne-sur-Mer,209.1,1953,73,43.916,Sprint of 26 riders,Buchmann Emanuel,https://www.procyclingstats.com/rider/emanuel-buchmann,1992-11-18,1992,Germany,1.8,59.0,18.21,Ravensburg,20,finished,14,49,161,GC,32,DE,Cofidis,,,",,",0,17141
2,RR,06 July 2025,Lauwin-Planque,Boulogne-sur-Mer,209.1,1953,73,43.916,Sprint of 26 riders,Gall Felix,https://www.procyclingstats.com/rider/felix-gall,1998-02-27,1998,Austria,1.8,66.0,20.37,Nußdorf-Debant,21,finished,19,49,151,Climber,27,AT,Decathlon AG2R La Mondiale Team,,,",,",0,17141
2,RR,06 July 2025,Lauwin-Planque,Boulogne-sur-Mer,209.1,1953,73,43.916,Sprint of 26 riders,Roglič Primož,https://www.procyclingstats.com/rider/primoz-roglic,1989-10-29,1989,Slovenia,1.77,65.0,20.75,Trbovlje,22,finished,21,49,71,Climber,35,SI,Red Bull - BORA - hansgrohe,,,",,",0,17141
2,RR,06 July 2025,Lauwin-Planque,Boulogne-sur-Mer,209.1,1953,73,43.916,Sprint of 26 riders,Skjelmose Mattias,https://www.procyclingstats.com/rider/mattias-skjelmose-jensen,2000-09-26,2000,Denmark,1.8,65.0,20.06,Copenhagen,23,finished,15,49,85,Climber,24,DK,Lidl - Trek,,,",,",0,17141
2,RR,06 July 2025,Lauwin-Planque,Boulogne-sur-Mer,209.1,1953,73,43.916,Sprint of 26 riders,Lipowitz Florian,https://www.procyclingstats.com/rider/florian-lipowitz,2000-09-21,2000,Germany,1.81,68.0,20.76,Laichingen,24,finished,22,49,72,GC,24,DE,Red Bull - BORA - hansgrohe,,,",,",0,17141
2,RR,06 July 2025,Lauwin-Planque,Boulogne-sur-Mer,209.1,1953,73,43.916,Sprint of 26 riders,Lutsenko Alexey,https://www.procyclingstats.com/rider/aleksey-lutsenko,1992-09-07,1992,Kazakhstan,1.74,74.0,24.44,Petropavl,25,finished,70,328,206,GC,32,KZ,Israel - Premier Tech,,,",,",0,17141
2,RR,06 July 2025,Lauwin-Planque,Boulogne-sur-Mer,209.1,1953,73,43.916,Sprint of 26 riders,Pacher Quentin,https://www.procyclingstats.com/rider/quentin-pacher,1992-01-06,1992,France,1.79,62.0,19.35,Libourne,26,finished,69,328,96,Hills,33,FR,Groupama - FDJ,,,",,",0,17141
2,RR,06 July 2025,Lauwin-Planque,Boulogne-sur-Mer,209.1,1953,73,43.916,Sprint of 26 riders,Philipsen Jasper,https://www.procyclingstats.com/rider/jasper-philipsen,1998-03-02,1998,Belgium,1.76,75.0,24.21,Mol,27,finished,7,31,101,Sprint,27,BE,Alpecin - Deceuninck,,,0:31,31,17172
2,RR,06 July 2025,Lauwin-Planque,Boulogne-sur-Mer,209.1,1953,73,43.916,Sprint of 26 riders,Blackmore Joseph,https://www.procyclingstats.com/rider/joseph-blackmore,2003-02-23,2003,Great Britain,1.81,66.0,20.15,Sidcup,28,finished,8,41,203,GC,22,GB,Israel - Premier Tech,,,",,",31,17172
2,RR,06 July 2025,Lauwin-Planque,Boulogne-sur-Mer,209.1,1953,73,43.916,Sprint of 26 riders,Tejada Harold,https://www.procyclingstats.com/rider/harold-tejada,1997-04-27,1997,Colombia,1.8,63.0,19.44,Pitalito,29,finished,80,359,171,Climber,28,CO,XDS Astana Team,,,",,",31,17172
2,RR,06 July 2025,Lauwin-Planque,Boulogne-sur-Mer,209.1,1953,73,43.916,Sprint of 26 riders,Berthet Clément,https://www.procyclingstats.com/rider/clement-berthet,1997-08-02,1997,France,1.84,68.0,20.09,Pierre Bénite,30,finished,26,80,153,Climber,27,FR,Decathlon AG2R La Mondiale Team,,,",,",31,17172
2,RR,06 July 2025,Lauwin-Planque,Boulogne-sur-Mer,209.1,1953,73,43.916,Sprint of 26 riders,Rodríguez Carlos,https://www.procyclingstats.com/rider/carlos-rodriguez-cano,2001-02-02,2001,Spain,1.83,67.0,20.01,Almuñécar,31,finished,28,80,66,GC,24,ES,INEOS Grenadiers,,,",,",31,17172
2,RR,06 July 2025,Lauwin-Planque,Boulogne-sur-Mer,209.1,1953,73,43.916,Sprint of 26 riders,Rodríguez Cristián,https://www.procyclingstats.com/rider/cristian-rodriguez,1995-03-03,1995,Spain,1.78,59.0,18.62,El Ejido,32,finished,81,359,137,GC,30,ES,Arkéa - B&B Hotels,,,",,",31,17172
2,RR,06 July 2025,Lauwin-Planque,Boulogne-sur-Mer,209.1,1953,73,43.916,Sprint of 26 riders,Johannessen Tobias Halland,https://www.procyclingstats.com/rider/tobias-halland-johannessen,1999-08-23,1999,Norway,1.76,62.0,20.02,Drøbak,33,finished,9,41,221,Climber,25,NO,Uno-X Mobility,,,",,",31,17172
2,RR,06 July 2025,Lauwin-Planque,Boulogne-sur-Mer,209.1,1953,73,43.916,Sprint of 26 riders,Teuns Dylan,https://www.procyclingstats.com/rider/dylan-teuns,1992-03-01,1992,Belgium,1.81,64.0,19.54,Diest,34,finished,34,80,166,GC,33,BE,Cofidis,,,",,",31,17172
2,RR,06 July 2025,Lauwin-Planque,Boulogne-sur-Mer,209.1,1953,73,43.916,Sprint of 26 riders,Burgaudeau Mathieu,https://www.procyclingstats.com/rider/mathieu-burgaudeau,1998-11-17,1998,France,1.68,61.0,21.61,Noirmoutier-en-l'Île,35,finished,89,432,182,Hills,26,FR,TotalEnergies,,,",,",31,17172
2,RR,06 July 2025,Lauwin-Planque,Boulogne-sur-Mer,209.1,1953,73,43.916,Sprint of 26 riders,Haig Jack,https://www.procyclingstats.com/rider/jack-haig,1993-09-06,1993,Australia,1.9,67.0,18.56,Southport,36,finished,32,80,54,GC,31,AU,Bahrain - Victorious,,,",,",31,17172
2,RR,06 July 2025,Lauwin-Planque,Boulogne-sur-Mer,209.1,1953,73,43.916,Sprint of 26 riders,Thomas Geraint,https://www.procyclingstats.com/rider/geraint-thomas,1986-05-25,1986,Great Britain,1.83,71.0,21.2,Cardiff,37,finished,31,80,61,GC,39,GB,INEOS Grenadiers,,,",,",31,17172
2,RR,06 July 2025,Lauwin-Planque,Boulogne-sur-Mer,209.1,1953,73,43.916,Sprint of 26 riders,Schmid Mauro,https://www.procyclingstats.com/rider/mauro-schmid,1999-12-04,1999,Switzerland,1.87,70.0,20.02,Bülach,38,finished,82,368,128,Hills,25,CH,Team Jayco AlUla,,,",,",31,17172
2,RR,06 July 2025,Lauwin-Planque,Boulogne-sur-Mer,209.1,1953,73,43.916,Sprint of 26 riders,Cras Steff,https://www.procyclingstats.com/rider/steff-cras,1996-02-13,1996,Belgium,1.83,67.0,20.01,Geel,39,finished,33,80,181,GC,29,BE,TotalEnergies,,,",,",31,17172
2,RR,06 July 2025,Lauwin-Planque,Boulogne-sur-Mer,209.1,1953,73,43.916,Sprint of 26 riders,Wright Fred,https://www.procyclingstats.com/rider/alfred-wright,1999-06-13,1999,Great Britain,1.84,75.0,22.15,London,40,finished,35,80,58,Hills,26,GB,Bahrain - Victorious,,,",,",31,17172
2,RR,06 July 2025,Lauwin-Planque,Boulogne-sur-Mer,209.1,1953,73,43.916,Sprint of 26 riders,Jegat Jordan,https://www.procyclingstats.com/rider/jordan-jegat,1999-06-07,1999,France,1.76,59.0,19.05,Vannes,41,finished,29,80,186,Climber,26,FR,TotalEnergies,,,",,",31,17172
2,RR,06 July 2025,Lauwin-Planque,Boulogne-sur-Mer,209.1,1953,73,43.916,Sprint of 26 riders,Madouas Valentin,https://www.procyclingstats.com/rider/valentin-madouas,1996-07-12,1996,France,1.79,71.0,22.16,Brest,42,finished,30,80,95,Classic,28,FR,Groupama - FDJ,,,",,",31,17172
2,RR,06 July 2025,Lauwin-Planque,Boulogne-sur-Mer,209.1,1953,73,43.916,Sprint of 26 riders,O'Connor Ben,https://www.procyclingstats.com/rider/ben-o-connor,1995-11-25,1995,Australia,1.88,67.0,18.96,Subiaco,43,finished,10,41,121,GC,29,AU,Team Jayco AlUla,,,",,",31,17172
2,RR,06 July 2025,Lauwin-Planque,Boulogne-sur-Mer,209.1,1953,73,43.916,Sprint of 26 riders,Kuss Sepp,https://www.procyclingstats.com/rider/sepp-kuss,1994-09-13,1994,United States,1.82,61.0,18.42,Durango,44,finished,36,80,16,Climber,30,US,Team Visma | Lease a Bike,,,",,",31,17172
2,RR,06 July 2025,Lauwin-Planque,Boulogne-sur-Mer,209.1,1953,73,43.916,Sprint of 26 riders,Venturini Clément,https://www.procyclingstats.com/rider/clement-venturini,1993-10-16,1993,France,1.65,60.0,22.04,Villeurbanne,45,finished,41,107,138,Classic,31,FR,Arkéa - B&B Hotels,,,",,",31,17172
2,RR,06 July 2025,Lauwin-Planque,Boulogne-sur-Mer,209.1,1953,73,43.916,Sprint of 26 riders,Coquard Bryan,https://www.procyclingstats.com/rider/bryan-coquard,1992-04-25,1992,France,1.71,59.0,20.18,Saint-Nazaire,46,finished,27,80,163,Sprint,33,FR,Cofidis,,,",,",31,17172
2,RR,06 July 2025,Lauwin-Planque,Boulogne-sur-Mer,209.1,1953,73,43.916,Sprint of 26 riders,Laurance Axel,https://www.procyclingstats.com/rider/axel-laurance,2001-04-13,2001,France,1.79,63.0,19.66,Calan,47,finished,90,446,65,Hills,24,FR,INEOS Grenadiers,,,0:45,45,17186
2,RR,06 July 2025,Lauwin-Planque,Boulogne-sur-Mer,209.1,1953,73,43.916,Sprint of 26 riders,Dunbar Eddie,https://www.procyclingstats.com/rider/edward-irl-dunbar,1996-09-01,1996,Ireland,1.7,57.0,19.72,Banteer,48,finished,84,398,122,GC,28,IE,Team Jayco AlUla,,,1:10,70,17211
2,RR,06 July 2025,Lauwin-Planque,Boulogne-sur-Mer,209.1,1953,73,43.916,Sprint of 26 riders,Sweeny Harry,https://www.procyclingstats.com/rider/harry-sweeny,1998-07-09,1998,Australia,1.86,75.0,21.68,Warwick,49,finished,38,99,36,GC,26,AU,EF Education - EasyPost,,,1:29,89,17230
2,RR,06 July 2025,Lauwin-Planque,Boulogne-sur-Mer,209.1,1953,73,43.916,Sprint of 26 riders,Benoot Tiesj,https://www.procyclingstats.com/rider/tiesj-benoot,1994-03-11,1994,Belgium,1.9,72.0,19.94,Ghent,50,finished,40,99,13,Classic,31,BE,Team Visma | Lease a Bike,,,",,",89,17230
2,RR,06 July 2025,Lauwin-Planque,Boulogne-sur-Mer,209.1,1953,73,43.916,Sprint of 26 riders,Watson Samuel,https://www.procyclingstats.com/rider/samuel-watson,2001-09-24,2001,Great Britain,1.88,68.0,19.24,Leeds,51,finished,37,99,68,Hills,23,GB,INEOS Grenadiers,,,",,",89,17230
2,RR,06 July 2025,Lauwin-Planque,Boulogne-sur-Mer,209.1,1953,73,43.916,Sprint of 26 riders,Healy Ben,https://www.procyclingstats.com/rider/ben-healy,2000-09-11,2000,Ireland,1.75,62.0,20.24,Kingswinford Previous nationalities Great Britain until 2016,52,finished,42,138,31,Climber,24,IE,EF Education - EasyPost,,,",,",89,17230
2,RR,06 July 2025,Lauwin-Planque,Boulogne-sur-Mer,209.1,1953,73,43.916,Sprint of 26 riders,Groves Kaden,https://www.procyclingstats.com/rider/kaden-groves,1998-12-23,1998,Australia,1.76,76.0,24.54,Gympie,53,finished,39,99,103,Hills,26,AU,Alpecin - Deceuninck,,,",,",89,17230
2,RR,06 July 2025,Lauwin-Planque,Boulogne-sur-Mer,209.1,1953,73,43.916,Sprint of 26 riders,Yates Simon,https://www.procyclingstats.com/rider/simon-yates,1992-08-07,1992,Great Britain,1.72,58.0,19.61,Bury,54,finished,101,490,18,Climber,32,GB,Team Visma | Lease a Bike,,,",,",89,17230
2,RR,06 July 2025,Lauwin-Planque,Boulogne-sur-Mer,209.1,1953,73,43.916,Sprint of 26 riders,Van Wilder Ilan,https://www.procyclingstats.com/rider/ilan-van-wilder,2000-05-14,2000,Belgium,1.71,64.0,21.89,Jette,55,finished,43,138,28,GC,25,BE,Soudal Quick-Step,,,",,",89,17230
2,RR,06 July 2025,Lauwin-Planque,Boulogne-sur-Mer,209.1,1953,73,43.916,Sprint of 26 riders,Narváez Jhonatan,https://www.procyclingstats.com/rider/jhonatan-narvaez,1997-03-04,1997,Ecuador,1.74,65.0,21.47,El Playón de San Francisco,56,finished,44,138,3,Hills,28,EC,UAE Team Emirates - XRG,,,",,",89,17230
2,RR,06 July 2025,Lauwin-Planque,Boulogne-sur-Mer,209.1,1953,73,43.916,Sprint of 26 riders,Andresen Tobias Lund,https://www.procyclingstats.com/rider/tobias-lund-andresen,2002-08-20,2002,Denmark,1.81,69.0,21.06,Taastrup,57,finished,45,143,195,Classic,22,DK,Team Picnic PostNL,,,1:34,94,17235
2,RR,06 July 2025,Lauwin-Planque,Boulogne-sur-Mer,209.1,1953,73,43.916,Sprint of 26 riders,Valgren Michael,https://www.procyclingstats.com/rider/michael-valgren-andersen,1992-02-07,1992,Denmark,1.79,71.0,22.16,Østerild,58,finished,46,143,37,Classic,33,DK,EF Education - EasyPost,,,",,",94,17235
2,RR,06 July 2025,Lauwin-Planque,Boulogne-sur-Mer,209.1,1953,73,43.916,Sprint of 26 riders,Skujiņš Toms,https://www.procyclingstats.com/rider/toms-skujins,1991-06-15,1991,Latvia,1.81,72.0,21.98,Sigulda,59,finished,49,190,86,Classic,34,LV,Lidl - Trek,,,",,",94,17235
2,RR,06 July 2025,Lauwin-Planque,Boulogne-sur-Mer,209.1,1953,73,43.916,Sprint of 26 riders,Aranburu Alex,https://www.procyclingstats.com/rider/alex-aranburu,1995-09-19,1995,Spain,1.78,63.0,19.88,Ezkio-Itsaso,60,finished,51,202,162,Classic,29,ES,Cofidis,,,2:33,153,17294
2,RR,06 July 2025,Lauwin-Planque,Boulogne-sur-Mer,209.1,1953,73,43.916,Sprint of 26 riders,Touzé Damien,https://www.procyclingstats.com/rider/damien-touze,1996-07-07,1996,France,1.74,69.0,22.79,Iville,61,finished,47,163,168,Classic,28,FR,Cofidis,,,",,",153,17294
2,RR,06 July 2025,Lauwin-Planque,Boulogne-sur-Mer,209.1,1953,73,43.916,Sprint of 26 riders,Tronchon Bastien,https://www.procyclingstats.com/rider/bastien-tronchon,2002-03-29,2002,France,1.85,72.0,21.04,Chambéry,62,finished,50,202,158,Classic,23,FR,Decathlon AG2R La Mondiale Team,,,",,",153,17294
2,RR,06 July 2025,Lauwin-Planque,Boulogne-sur-Mer,209.1,1953,73,43.916,Sprint of 26 riders,van den Broek Frank,https://www.procyclingstats.com/rider/frank-van-den-broek,2000-12-28,2000,Netherlands,1.78,70.0,22.09,Warmond,63,finished,102,491,198,GC,24,NL,Team Picnic PostNL,,,2:43,163,17304
2,RR,06 July 2025,Lauwin-Planque,Boulogne-sur-Mer,209.1,1953,73,43.916,Sprint of 26 riders,Zimmermann Georg,https://www.procyclingstats.com/rider/georg-zimmermann,1997-10-11,1997,Germany,1.81,70.0,21.37,Augsburg,64,finished,104,501,48,Classic,27,DE,Intermarché - Wanty,,,2:53,173,17314
2,RR,06 July 2025,Lauwin-Planque,Boulogne-sur-Mer,209.1,1953,73,43.916,Sprint of 26 riders,Wellens Tim,https://www.procyclingstats.com/rider/tim-wellens,1991-05-10,1991,Belgium,1.82,71.0,21.43,Sint-Truiden,65,finished,48,188,7,GC,34,BE,UAE Team Emirates - XRG,,,2:58,178,17319
2,RR,06 July 2025,Lauwin-Planque,Boulogne-sur-Mer,209.1,1953,73,43.916,Sprint of 26 riders,Mühlberger Gregor,https://www.procyclingstats.com/rider/gregor-muhlberger,1994-04-04,1994,Austria,1.8,64.0,19.75,Haidershofen,66,finished,106,506,146,GC,31,AT,Movistar Team,,,",,",178,17319
2,RR,06 July 2025,Lauwin-Planque,Boulogne-sur-Mer,209.1,1953,73,43.916,Sprint of 26 riders,Meurisse Xandro,https://www.procyclingstats.com/rider/xandro-meurisse,1992-01-31,1992,Belgium,1.81,68.0,20.76,Kortrijk,67,finished,57,214,104,GC,33,BE,Alpecin - Deceuninck,,,3:11,191,17332
2,RR,06 July 2025,Lauwin-Planque,Boulogne-sur-Mer,209.1,1953,73,43.916,Sprint of 26 riders,Stannard Robert,https://www.procyclingstats.com/rider/robert-stannard,1998-09-16,1998,Australia,1.79,74.0,23.1,Sydney Previous nationalities New Zealand until 2016,68,finished,58,240,57,Hills,26,AU,Bahrain - Victorious,,,",,",191,17332
2,RR,06 July 2025,Lauwin-Planque,Boulogne-sur-Mer,209.1,1953,73,43.916,Sprint of 26 riders,Neilands Krists,https://www.procyclingstats.com/rider/krists-neilands,1994-08-18,1994,Latvia,1.89,69.0,19.32,Kuldīga,69,finished,54,212,207,Classic,30,LV,Israel - Premier Tech,,,3:22,202,17343
2,RR,06 July 2025,Lauwin-Planque,Boulogne-sur-Mer,209.1,1953,73,43.916,Sprint of 26 riders,Stewart Jake,https://www.procyclingstats.com/rider/jake-stewart,1999-10-02,1999,Great Britain,1.79,66.0,20.6,Coventry,70,finished,114,530,208,Hills,25,GB,Israel - Premier Tech,,,",,",202,17343
2,RR,06 July 2025,Lauwin-Planque,Boulogne-sur-Mer,209.1,1953,73,43.916,Sprint of 26 riders,Asgreen Kasper,https://www.procyclingstats.com/rider/kasper-asgreen,1995-02-08,1995,Denmark,1.93,75.0,20.13,Kolding,71,finished,56,212,33,TT,30,DK,EF Education - EasyPost,,,",,",202,17343
2,RR,06 July 2025,Lauwin-Planque,Boulogne-sur-Mer,209.1,1953,73,43.916,Sprint of 26 riders,Turgis Anthony,https://www.procyclingstats.com/rider/anthony-turgis,1994-05-16,1994,France,1.78,70.0,22.09,Bourg-la-Reine,72,finished,52,212,187,Classic,31,FR,TotalEnergies,,,",,",202,17343
2,RR,06 July 2025,Lauwin-Planque,Boulogne-sur-Mer,209.1,1953,73,43.916,Sprint of 26 riders,Penhoët Paul,https://www.procyclingstats.com/rider/paul-penhoet,2001-12-28,2001,France,1.73,64.0,21.38,Clamart,73,finished,53,212,97,Classic,23,FR,Groupama - FDJ,,,",,",202,17343
2,RR,06 July 2025,Lauwin-Planque,Boulogne-sur-Mer,209.1,1953,73,43.916,Sprint of 26 riders,Costiou Ewen,https://www.procyclingstats.com/rider/ewen-costiou,2002-11-10,2002,France,1.76,64.0,20.66,Brest,74,finished,112,530,133,GC,22,FR,Arkéa - B&B Hotels,,,",,",202,17343
2,RR,06 July 2025,Lauwin-Planque,Boulogne-sur-Mer,209.1,1953,73,43.916,Sprint of 26 riders,Barguil Warren,https://www.procyclingstats.com/rider/warren-barguil,1991-10-28,1991,France,1.83,61.0,18.21,Hennebont,75,finished,61,278,192,Climber,33,FR,Team Picnic PostNL,,,",,",202,17343
2,RR,06 July 2025,Lauwin-Planque,Boulogne-sur-Mer,209.1,1953,73,43.916,Sprint of 26 riders,Teunissen Mike,https://www.procyclingstats.com/rider/mike-teunissen,1992-08-25,1992,Netherlands,1.84,73.0,21.56,Ysselsteyn,76,finished,55,212,177,Classic,32,NL,XDS Astana Team,,,",,",202,17343
2,RR,06 July 2025,Lauwin-Planque,Boulogne-sur-Mer,209.1,1953,73,43.916,Sprint of 26 riders,García Pierna Raúl,https://www.procyclingstats.com/rider/raul-garcia-pierna,2001-02-23,2001,Spain,1.75,67.0,21.88,Tres Cantos,77,finished,113,530,135,Climber,24,ES,Arkéa - B&B Hotels,,,",,",202,17343
2,RR,06 July 2025,Lauwin-Planque,Boulogne-sur-Mer,209.1,1953,73,43.916,Sprint of 26 riders,Gachignard Thomas,https://www.procyclingstats.com/rider/thomas-gachignard,2000-08-17,2000,France,,,,Niort,78,finished,59,251,184,GC,24,FR,TotalEnergies,,,",,",202,17343
2,RR,06 July 2025,Lauwin-Planque,Boulogne-sur-Mer,209.1,1953,73,43.916,Sprint of 26 riders,Scotson Callum,https://www.procyclingstats.com/rider/callum-scotson,1996-08-10,1996,Australia,1.83,77.0,22.99,Campbelltown,79,finished,62,283,157,GC,28,AU,Decathlon AG2R La Mondiale Team,,,3:27,207,17348
2,RR,06 July 2025,Lauwin-Planque,Boulogne-sur-Mer,209.1,1953,73,43.916,Sprint of 26 riders,van Aert Wout,https://www.procyclingstats.com/rider/wout-van-aert,1994-09-15,1994,Belgium,1.9,78.0,21.61,Herentals,80,finished,60,258,17,Classic,30,BE,Team Visma | Lease a Bike,,,3:29,209,17350
2,RR,06 July 2025,Lauwin-Planque,Boulogne-sur-Mer,209.1,1953,73,43.916,Sprint of 26 riders,Bittner Pavel,https://www.procyclingstats.com/rider/pavel-bittner,2002-10-29,2002,Czech Republic,1.84,73.0,21.56,Olomouc,81,finished,63,296,193,Sprint,22,CZ,Team Picnic PostNL,,,4:07,247,17388
2,RR,06 July 2025,Lauwin-Planque,Boulogne-sur-Mer,209.1,1953,73,43.916,Sprint of 26 riders,Milan Jonathan,https://www.procyclingstats.com/rider/jonathan-milan,2000-10-01,2000,Italy,1.94,84.0,22.32,Tolmezzo,82,finished,72,343,81,Sprint,24,IT,Lidl - Trek,,,4:54,294,17435
2,RR,06 July 2025,Lauwin-Planque,Boulogne-sur-Mer,209.1,1953,73,43.916,Sprint of 26 riders,Soler Marc,https://www.procyclingstats.com/rider/marc-soler,1993-11-22,1993,Spain,1.86,68.0,19.66,Vilanova i la Geltrú,83,finished,97,459,6,Climber,31,ES,UAE Team Emirates - XRG,,,5:03,303,17444
2,RR,06 July 2025,Lauwin-Planque,Boulogne-sur-Mer,209.1,1953,73,43.916,Sprint of 26 riders,Vermeersch Gianni,https://www.procyclingstats.com/rider/gianni-vermeersch,1992-11-19,1992,Belgium,1.73,68.0,22.72,Roeselare,84,finished,75,352,107,Classic,32,BE,Alpecin - Deceuninck,,,",,",303,17444
2,RR,06 July 2025,Lauwin-Planque,Boulogne-sur-Mer,209.1,1953,73,43.916,Sprint of 26 riders,Trentin Matteo,https://www.procyclingstats.com/rider/matteo-trentin,1989-08-02,1989,Italy,1.79,74.0,23.1,Borgo Valsugana,85,finished,64,313,118,Classic,35,IT,Tudor Pro Cycling Team,,,",,",303,17444
2,RR,06 July 2025,Lauwin-Planque,Boulogne-sur-Mer,209.1,1953,73,43.916,Sprint of 26 riders,Louvel Matis,https://www.procyclingstats.com/rider/matis-louvel,1999-07-19,1999,France,1.87,77.0,22.02,Mont Saint Aignan,86,finished,74,352,205,Classic,25,FR,Israel - Premier Tech,,,",,",303,17444
2,RR,06 July 2025,Lauwin-Planque,Boulogne-sur-Mer,209.1,1953,73,43.916,Sprint of 26 riders,Russo Clément,https://www.procyclingstats.com/rider/clement-russo,1995-01-20,1995,France,1.87,74.0,21.16,Lyon,87,finished,65,313,98,Classic,30,FR,Groupama - FDJ,,,",,",303,17444
2,RR,06 July 2025,Lauwin-Planque,Boulogne-sur-Mer,209.1,1953,73,43.916,Sprint of 26 riders,Barthe Cyril,https://www.procyclingstats.com/rider/cyril-barthe,1996-02-14,1996,France,1.84,70.0,20.68,Sauveterre-de-Béarn,88,finished,67,313,93,Hills,29,FR,Groupama - FDJ,,,",,",303,17444
2,RR,06 July 2025,Lauwin-Planque,Boulogne-sur-Mer,209.1,1953,73,43.916,Sprint of 26 riders,Naesen Oliver,https://www.procyclingstats.com/rider/oliver-naesen,1990-09-16,1990,Belgium,1.84,74.0,21.86,Oostende,89,finished,76,352,155,Classic,34,BE,Decathlon AG2R La Mondiale Team,,,",,",303,17444
2,RR,06 July 2025,Lauwin-Planque,Boulogne-sur-Mer,209.1,1953,73,43.916,Sprint of 26 riders,Stuyven Jasper,https://www.procyclingstats.com/rider/jasper-stuyven,1992-04-17,1992,Belgium,1.87,80.0,22.88,Leuven,90,finished,66,313,87,Classic,33,BE,Lidl - Trek,,,",,",303,17444
2,RR,06 July 2025,Lauwin-Planque,Boulogne-sur-Mer,209.1,1953,73,43.916,Sprint of 26 riders,Martinez Lenny,https://www.procyclingstats.com/rider/lenny-martinez,2003-07-11,2003,France,1.68,52.0,18.42,Cannes,91,finished,167,864,55,Climber,21,FR,Bahrain - Victorious,,,",,",303,17444
2,RR,06 July 2025,Lauwin-Planque,Boulogne-sur-Mer,209.1,1953,73,43.916,Sprint of 26 riders,Jeannière Emilien,https://www.procyclingstats.com/rider/emilien-jeanniere,1998-09-26,1998,France,1.76,,,Saint-Paul-en-Pareds,92,finished,124,631,185,Classic,26,FR,TotalEnergies,,,",,",303,17444
2,RR,06 July 2025,Lauwin-Planque,Boulogne-sur-Mer,209.1,1953,73,43.916,Sprint of 26 riders,Le Berre Mathis,https://www.procyclingstats.com/rider/mathis-le-berre,2001-04-16,2001,France,1.76,68.0,21.95,Saint-Brieuc,93,finished,121,631,136,Hills,24,FR,Arkéa - B&B Hotels,,,",,",303,17444
2,RR,06 July 2025,Lauwin-Planque,Boulogne-sur-Mer,209.1,1953,73,43.916,Sprint of 26 riders,Woods Michael,https://www.procyclingstats.com/rider/michael-woods,1986-10-12,1986,Canada,1.75,62.0,20.24,Toronto,94,finished,137,704,201,Climber,38,CA,Israel - Premier Tech,,,",,",303,17444
2,RR,06 July 2025,Lauwin-Planque,Boulogne-sur-Mer,209.1,1953,73,43.916,Sprint of 26 riders,Arensman Thymen,https://www.procyclingstats.com/rider/thymen-arensman,1999-12-04,1999,Netherlands,1.9,68.0,18.84,Deil,95,finished,122,631,62,GC,25,NL,INEOS Grenadiers,,,",,",303,17444
2,RR,06 July 2025,Lauwin-Planque,Boulogne-sur-Mer,209.1,1953,73,43.916,Sprint of 26 riders,Yates Adam,https://www.procyclingstats.com/rider/adam-yates,1992-08-07,1992,Great Britain,1.73,58.0,19.38,Bury,96,finished,125,631,8,Climber,32,GB,UAE Team Emirates - XRG,,,",,",303,17444
2,RR,06 July 2025,Lauwin-Planque,Boulogne-sur-Mer,209.1,1953,73,43.916,Sprint of 26 riders,Izagirre Ion,https://www.procyclingstats.com/rider/ion-izagirre,1989-02-04,1989,Spain,1.73,60.0,20.05,Ormaiztegi,97,finished,91,447,164,GC,36,ES,Cofidis,,,",,",303,17444
2,RR,06 July 2025,Lauwin-Planque,Boulogne-sur-Mer,209.1,1953,73,43.916,Sprint of 26 riders,Hoelgaard Markus,https://www.procyclingstats.com/rider/markus-hoelgaard,1994-10-04,1994,Norway,1.88,74.0,20.94,Stavanger,98,finished,73,352,225,Classic,30,NO,Uno-X Mobility,,,",,",303,17444
2,RR,06 July 2025,Lauwin-Planque,Boulogne-sur-Mer,209.1,1953,73,43.916,Sprint of 26 riders,Foss Tobias,https://www.procyclingstats.com/rider/tobias-foss,1997-05-25,1997,Norway,1.84,74.0,21.86,Vingrom,99,finished,78,352,63,TT,28,NO,INEOS Grenadiers,,,",,",303,17444
2,RR,06 July 2025,Lauwin-Planque,Boulogne-sur-Mer,209.1,1953,73,43.916,Sprint of 26 riders,Barré Louis,https://www.procyclingstats.com/rider/louis-barre,2000-04-06,2000,France,1.84,68.0,20.09,Nantes,100,finished,138,704,42,Classic,25,FR,Intermarché - Wanty,,,",,",303,17444
2,RR,06 July 2025,Lauwin-Planque,Boulogne-sur-Mer,209.1,1953,73,43.916,Sprint of 26 riders,Thomas Benjamin,https://www.procyclingstats.com/rider/benjamin-thomas-2,1995-09-12,1995,France,1.79,68.0,21.22,Lavaur,101,finished,123,631,167,TT,29,FR,Cofidis,,,",,",303,17444
2,RR,06 July 2025,Lauwin-Planque,Boulogne-sur-Mer,209.1,1953,73,43.916,Sprint of 26 riders,Eenkhoorn Pascal,https://www.procyclingstats.com/rider/pascal-eenkhoorn,1997-02-08,1997,Netherlands,1.85,72.0,21.04,Zwolle,102,finished,77,352,23,Classic,28,NL,Soudal Quick-Step,,,",,",303,17444
2,RR,06 July 2025,Lauwin-Planque,Boulogne-sur-Mer,209.1,1953,73,43.916,Sprint of 26 riders,Moscon Gianni,https://www.procyclingstats.com/rider/gianni-moscon,1994-04-20,1994,Italy,1.8,71.0,21.91,Trento,103,finished,92,447,74,Classic,31,IT,Red Bull - BORA - hansgrohe,,,",,",303,17444
2,RR,06 July 2025,Lauwin-Planque,Boulogne-sur-Mer,209.1,1953,73,43.916,Sprint of 26 riders,Paret-Peintre Valentin,https://www.procyclingstats.com/rider/valentin-paret-peintre,2001-01-14,2001,France,1.78,52.0,16.41,Annemasse,104,finished,126,653,25,Climber,24,FR,Soudal Quick-Step,,,5:25,325,17466
2,RR,06 July 2025,Lauwin-Planque,Boulogne-sur-Mer,209.1,1953,73,43.916,Sprint of 26 riders,Campenaerts Victor,https://www.procyclingstats.com/rider/victor-campenaerts,1991-10-28,1991,Belgium,1.73,68.0,22.72,Hoboken,105,finished,96,454,14,TT,33,BE,Team Visma | Lease a Bike,,,",,",325,17466
2,RR,06 July 2025,Lauwin-Planque,Boulogne-sur-Mer,209.1,1953,73,43.916,Sprint of 26 riders,Page Hugo,https://www.procyclingstats.com/rider/hugo-page,2001-07-24,2001,France,1.85,71.0,20.75,Chartres,106,finished,83,374,44,Classic,23,FR,Intermarché - Wanty,,,",,",325,17466
2,RR,06 July 2025,Lauwin-Planque,Boulogne-sur-Mer,209.1,1953,73,43.916,Sprint of 26 riders,Girmay Biniam,https://www.procyclingstats.com/rider/biniam-girmay,2000-04-02,2000,Eritrea,1.84,70.0,20.68,Asmara,107,finished,71,329,41,Classic,25,ER,Intermarché - Wanty,,,",,",325,17466
2,RR,06 July 2025,Lauwin-Planque,Boulogne-sur-Mer,209.1,1953,73,43.916,Sprint of 26 riders,Simmons Quinn,https://www.procyclingstats.com/rider/quinn-simmons,2001-05-08,2001,United States,1.85,73.0,21.33,Durango,108,finished,128,663,84,Hills,24,US,Lidl - Trek,,,5:35,335,17476
2,RR,06 July 2025,Lauwin-Planque,Boulogne-sur-Mer,209.1,1953,73,43.916,Sprint of 26 riders,Cattaneo Mattia,https://www.procyclingstats.com/rider/mattia-cattaneo,1990-10-25,1990,Italy,1.84,67.0,19.79,Alzano Lombardo,109,finished,95,453,22,TT,34,IT,Soudal Quick-Step,,,",,",335,17476
2,RR,06 July 2025,Lauwin-Planque,Boulogne-sur-Mer,209.1,1953,73,43.916,Sprint of 26 riders,Abrahamsen Jonas,https://www.procyclingstats.com/rider/jonas-abrahamsen,1995-09-20,1995,Norway,1.83,78.0,23.29,Skien,110,finished,79,358,222,Classic,29,NO,Uno-X Mobility,,,",,",335,17476
2,RR,06 July 2025,Lauwin-Planque,Boulogne-sur-Mer,209.1,1953,73,43.916,Sprint of 26 riders,Baudin Alex,https://www.procyclingstats.com/rider/alex-baudin,2001-05-25,2001,France,1.83,64.0,19.11,Albertville,111,finished,88,411,34,Climber,24,FR,EF Education - EasyPost,,,",,",335,17476
2,RR,06 July 2025,Lauwin-Planque,Boulogne-sur-Mer,209.1,1953,73,43.916,Sprint of 26 riders,Askey Lewis,https://www.procyclingstats.com/rider/lewis-askey,2001-05-04,2001,Great Britain,1.87,75.0,21.45,Cannock,112,finished,152,736,92,Classic,24,GB,Groupama - FDJ,,,",,",335,17476
2,RR,06 July 2025,Lauwin-Planque,Boulogne-sur-Mer,209.1,1953,73,43.916,Sprint of 26 riders,Pithie Laurence,https://www.procyclingstats.com/rider/laurence-pithie,2002-07-17,2002,New Zealand,1.85,74.0,21.62,Christchurch,113,finished,105,502,75,Classic,22,NZ,Red Bull - BORA - hansgrohe,,,6:39,399,17540
2,RR,06 July 2025,Lauwin-Planque,Boulogne-sur-Mer,209.1,1953,73,43.916,Sprint of 26 riders,Swift Connor,https://www.procyclingstats.com/rider/connor-swift,1995-10-30,1995,Great Britain,1.9,75.0,20.78,Thorne,114,finished,93,448,67,Classic,29,GB,INEOS Grenadiers,,,",,",399,17540
2,RR,06 July 2025,Lauwin-Planque,Boulogne-sur-Mer,209.1,1953,73,43.916,Sprint of 26 riders,Durbridge Luke,https://www.procyclingstats.com/rider/luke-durbridge,1991-04-09,1991,Australia,1.87,78.0,22.31,Greenmount,115,finished,165,800,123,TT,34,AU,Team Jayco AlUla,,,",,",399,17540
2,RR,06 July 2025,Lauwin-Planque,Boulogne-sur-Mer,209.1,1953,73,43.916,Sprint of 26 riders,Albanese Vincenzo,https://www.procyclingstats.com/rider/vincenzo-albanese,1996-11-12,1996,Italy,1.75,70.0,22.86,Oliveto Citra,116,finished,94,448,32,Hills,28,IT,EF Education - EasyPost,,,",,",399,17540
2,RR,06 July 2025,Lauwin-Planque,Boulogne-sur-Mer,209.1,1953,73,43.916,Sprint of 26 riders,Mezgec Luka,https://www.procyclingstats.com/rider/luka-mezgec,1988-06-27,1988,Slovenia,1.83,72.0,21.5,Kranj,117,finished,87,409,125,Hills,37,SI,Team Jayco AlUla,,,",,",399,17540
2,RR,06 July 2025,Lauwin-Planque,Boulogne-sur-Mer,209.1,1953,73,43.916,Sprint of 26 riders,Johannessen Anders Halland,https://www.procyclingstats.com/rider/anders-halland-johannessen,1999-08-23,1999,Norway,1.76,,,Drøbak,118,finished,154,770,226,GC,25,NO,Uno-X Mobility,,,7:22,442,17583
2,RR,06 July 2025,Lauwin-Planque,Boulogne-sur-Mer,209.1,1953,73,43.916,Sprint of 26 riders,Rutsch Jonas,https://www.procyclingstats.com/rider/jonas-rutsch,1998-01-24,1998,Germany,1.97,82.0,21.13,Erbach im Odenwald,119,finished,156,797,46,Classic,27,DE,Intermarché - Wanty,,,7:49,469,17610
2,RR,06 July 2025,Lauwin-Planque,Boulogne-sur-Mer,209.1,1953,73,43.916,Sprint of 26 riders,Rex Laurenz,https://www.procyclingstats.com/rider/laurenz-rex,1999-12-15,1999,Belgium,1.93,83.0,22.28,Marburg,120,finished,158,797,45,Classic,25,BE,Intermarché - Wanty,,,",,",469,17610
2,RR,06 July 2025,Lauwin-Planque,Boulogne-sur-Mer,209.1,1953,73,43.916,Sprint of 26 riders,Schachmann Maximilian,https://www.procyclingstats.com/rider/maximilian-schachmann,1994-01-09,1994,Germany,1.83,71.0,21.2,Berlin,121,finished,168,870,26,GC,31,DE,Soudal Quick-Step,,,",,",469,17610
2,RR,06 July 2025,Lauwin-Planque,Boulogne-sur-Mer,209.1,1953,73,43.916,Sprint of 26 riders,van den Berg Marijn,https://www.procyclingstats.com/rider/marijn-van-den-berg,1999-07-19,1999,Netherlands,1.82,73.0,22.04,De Meern,122,finished,100,479,38,Hills,25,NL,EF Education - EasyPost,,,",,",469,17610
2,RR,06 July 2025,Lauwin-Planque,Boulogne-sur-Mer,209.1,1953,73,43.916,Sprint of 26 riders,Armirail Bruno,https://www.procyclingstats.com/rider/bruno-armirail,1994-04-11,1994,France,1.9,72.0,19.94,Bagnères-de-Bigorre,123,finished,157,797,152,TT,31,FR,Decathlon AG2R La Mondiale Team,,,",,",469,17610
2,RR,06 July 2025,Lauwin-Planque,Boulogne-sur-Mer,209.1,1953,73,43.916,Sprint of 26 riders,Reinders Elmar,https://www.procyclingstats.com/rider/elmar-reinders,1992-03-14,1992,Netherlands,1.9,78.1,21.63,Emmen,124,finished,115,545,127,Classic,33,NL,Team Jayco AlUla,,,",,",469,17610
2,RR,06 July 2025,Lauwin-Planque,Boulogne-sur-Mer,209.1,1953,73,43.916,Sprint of 26 riders,Politt Nils,https://www.procyclingstats.com/rider/nils-politt,1994-03-06,1994,Germany,1.92,80.0,21.7,Cologne,125,finished,155,797,4,Classic,31,DE,UAE Team Emirates - XRG,,,",,",469,17610
2,RR,06 July 2025,Lauwin-Planque,Boulogne-sur-Mer,209.1,1953,73,43.916,Sprint of 26 riders,Sivakov Pavel,https://www.procyclingstats.com/rider/pavel-sivakov,1997-07-11,1997,France,1.88,70.0,19.81,San Donà di Piave Previous nationalities Russia until 2022,126,finished,161,797,5,GC,27,FR,UAE Team Emirates - XRG,,,",,",469,17610
2,RR,06 July 2025,Lauwin-Planque,Boulogne-sur-Mer,209.1,1953,73,43.916,Sprint of 26 riders,Mayrhofer Marius,https://www.procyclingstats.com/rider/marius-mayrhofer,2000-09-18,2000,Germany,1.82,70.0,21.13,Tübingen,127,finished,98,479,116,Hills,24,DE,Tudor Pro Cycling Team,,,",,",469,17610
2,RR,06 July 2025,Lauwin-Planque,Boulogne-sur-Mer,209.1,1953,73,43.916,Sprint of 26 riders,Märkl Niklas,https://www.procyclingstats.com/rider/niklas-markl,1999-03-03,1999,Germany,1.85,70.0,20.45,Queidersbach,128,finished,99,479,196,Sprint,26,DE,Team Picnic PostNL,,,",,",469,17610
2,RR,06 July 2025,Lauwin-Planque,Boulogne-sur-Mer,209.1,1953,73,43.916,Sprint of 26 riders,Rickaert Jonas,https://www.procyclingstats.com/rider/jonas-rickaert,1994-02-07,1994,Belgium,1.9,88.0,24.38,Sint-Eloois-Vijve,129,finished,103,492,105,Classic,31,BE,Alpecin - Deceuninck,,,",,",469,17610
2,RR,06 July 2025,Lauwin-Planque,Boulogne-sur-Mer,209.1,1953,73,43.916,Sprint of 26 riders,Verstrynge Emiel,https://www.procyclingstats.com/rider/emiel-verstrynge,2002-02-04,2002,Belgium,1.89,69.0,19.32,Eeklo,130,finished,164,797,108,Climber,23,BE,Alpecin - Deceuninck,,,",,",469,17610
2,RR,06 July 2025,Lauwin-Planque,Boulogne-sur-Mer,209.1,1953,73,43.916,Sprint of 26 riders,Sepúlveda Eduardo,https://www.procyclingstats.com/rider/eduardo-sepulveda,1991-06-13,1991,Argentina,1.73,59.0,19.71,Rawson,131,finished,159,797,216,GC,34,AR,Lotto,,,",,",469,17610
2,RR,06 July 2025,Lauwin-Planque,Boulogne-sur-Mer,209.1,1953,73,43.916,Sprint of 26 riders,Plapp Luke,https://www.procyclingstats.com/rider/luke-plapp,2000-12-25,2000,Australia,1.81,72.0,21.98,Melbourne,132,finished,169,870,126,GC,24,AU,Team Jayco AlUla,,,",,",469,17610
2,RR,06 July 2025,Lauwin-Planque,Boulogne-sur-Mer,209.1,1953,73,43.916,Sprint of 26 riders,Vlasov Aleksandr,https://www.procyclingstats.com/rider/aleksandr-vlasov,1996-04-23,1996,Russia,1.86,68.0,19.66,Vyborg,133,finished,116,545,78,Climber,29,RU,Red Bull - BORA - hansgrohe,,,",,",469,17610
2,RR,06 July 2025,Lauwin-Planque,Boulogne-sur-Mer,209.1,1953,73,43.916,Sprint of 26 riders,Renard Alexis,https://www.procyclingstats.com/rider/alexis-renard,1999-06-01,1999,France,1.86,74.0,21.39,Saint-Brieuc,134,finished,108,518,165,Classic,26,FR,Cofidis,,,",,",469,17610
2,RR,06 July 2025,Lauwin-Planque,Boulogne-sur-Mer,209.1,1953,73,43.916,Sprint of 26 riders,Capiot Amaury,https://www.procyclingstats.com/rider/amaury-capiot,1993-06-25,1993,Belgium,1.86,69.0,19.94,Tongeren,135,finished,107,518,132,Classic,32,BE,Arkéa - B&B Hotels,,,",,",469,17610
2,RR,06 July 2025,Lauwin-Planque,Boulogne-sur-Mer,209.1,1953,73,43.916,Sprint of 26 riders,Grignard Sébastien,https://www.procyclingstats.com/rider/sebastien-grignard,1999-04-29,1999,Belgium,1.79,68.0,21.22,Mons,136,finished,160,797,215,Classic,26,BE,Lotto,,,",,",469,17610
2,RR,06 July 2025,Lauwin-Planque,Boulogne-sur-Mer,209.1,1953,73,43.916,Sprint of 26 riders,Mohorič Matej,https://www.procyclingstats.com/rider/matej-mohoric,1994-10-19,1994,Slovenia,1.86,71.0,20.52,Kranj,137,finished,117,545,56,Classic,30,SI,Bahrain - Victorious,,,",,",469,17610
2,RR,06 July 2025,Lauwin-Planque,Boulogne-sur-Mer,209.1,1953,73,43.916,Sprint of 26 riders,Oliveira Nelson,https://www.procyclingstats.com/rider/nelson-oliveira,1989-03-06,1989,Portugal,1.8,67.0,20.68,Anadia,138,finished,110,518,144,TT,36,PT,Movistar Team,,,",,",469,17610
2,RR,06 July 2025,Lauwin-Planque,Boulogne-sur-Mer,209.1,1953,73,43.916,Sprint of 26 riders,Higuita Sergio,https://www.procyclingstats.com/rider/sergio-higuita,1997-08-01,1997,Colombia,1.66,57.0,20.69,Medellín,139,finished,162,797,176,Climber,27,CO,XDS Astana Team,,,",,",469,17610
2,RR,06 July 2025,Lauwin-Planque,Boulogne-sur-Mer,209.1,1953,73,43.916,Sprint of 26 riders,van Dijke Mick,https://www.procyclingstats.com/rider/mick-van-dijke,2000-03-15,2000,Netherlands,1.9,74.0,20.5,Goes,140,finished,120,613,76,Classic,25,NL,Red Bull - BORA - hansgrohe,,,",,",469,17610
2,RR,06 July 2025,Lauwin-Planque,Boulogne-sur-Mer,209.1,1953,73,43.916,Sprint of 26 riders,Naberman Tim,https://www.procyclingstats.com/rider/tim-naberman,1999-05-11,1999,Netherlands,1.87,70.0,20.02,Genemuiden,141,finished,163,797,197,GC,26,NL,Team Picnic PostNL,,,",,",469,17610
2,RR,06 July 2025,Lauwin-Planque,Boulogne-sur-Mer,209.1,1953,73,43.916,Sprint of 26 riders,Nys Thibau,https://www.procyclingstats.com/rider/thibau-nys,2002-11-12,2002,Belgium,1.76,64.0,20.66,Bonheiden,142,finished,171,870,83,Hills,22,BE,Lidl - Trek,,,",,",469,17610
2,RR,06 July 2025,Lauwin-Planque,Boulogne-sur-Mer,209.1,1953,73,43.916,Sprint of 26 riders,Braet Vito,https://www.procyclingstats.com/rider/vito-braet,2000-11-02,2000,Belgium,1.84,68.0,20.09,Hulste,143,finished,118,565,43,Classic,24,BE,Intermarché - Wanty,,,",,",469,17610
2,RR,06 July 2025,Lauwin-Planque,Boulogne-sur-Mer,209.1,1953,73,43.916,Sprint of 26 riders,De Buyst Jasper,https://www.procyclingstats.com/rider/jasper-de-buyst,1993-11-24,1993,Belgium,1.79,72.0,22.47,Asse,144,finished,109,518,213,Classic,31,BE,Lotto,,,",,",469,17610
2,RR,06 July 2025,Lauwin-Planque,Boulogne-sur-Mer,209.1,1953,73,43.916,Sprint of 26 riders,Van Eetvelt Lennert,https://www.procyclingstats.com/rider/lennert-van-eetvelt,2001-07-17,2001,Belgium,1.76,63.0,20.34,Binkom,145,finished,111,518,217,Climber,23,BE,Lotto,,,",,",469,17610
2,RR,06 July 2025,Lauwin-Planque,Boulogne-sur-Mer,209.1,1953,73,43.916,Sprint of 26 riders,van Sintmaartensdijk Roel,https://www.procyclingstats.com/rider/roel-van-sintmaartensdijk,2001-05-08,2001,Netherlands,1.97,77.0,19.84,Zuidland,146,finished,170,870,47,GC,24,NL,Intermarché - Wanty,,,",,",469,17610
2,RR,06 July 2025,Lauwin-Planque,Boulogne-sur-Mer,209.1,1953,73,43.916,Sprint of 26 riders,Flynn Sean,https://www.procyclingstats.com/rider/sean-flynn,2000-03-02,2000,Great Britain,1.77,67.0,21.39,Edinburgh,147,finished,119,577,194,GC,25,GB,Team Picnic PostNL,,,8:48,528,17669
2,RR,06 July 2025,Lauwin-Planque,Boulogne-sur-Mer,209.1,1953,73,43.916,Sprint of 26 riders,Vercher Mattéo,https://www.procyclingstats.com/rider/matheo-vercher,2001-01-26,2001,France,1.71,,,Lyon,148,finished,172,929,188,Hills,24,FR,TotalEnergies,,,",,",528,17669
2,RR,06 July 2025,Lauwin-Planque,Boulogne-sur-Mer,209.1,1953,73,43.916,Sprint of 26 riders,Romeo Iván,https://www.procyclingstats.com/rider/ivan-romeo,2003-08-16,2003,Spain,1.93,75.0,20.13,Valladolid,149,finished,173,943,147,GC,21,ES,Movistar Team,,,9:02,542,17683
2,RR,06 July 2025,Lauwin-Planque,Boulogne-sur-Mer,209.1,1953,73,43.916,Sprint of 26 riders,Storer Michael,https://www.procyclingstats.com/rider/michael-storer,1997-02-28,1997,Australia,1.77,63.0,20.11,Perth,150,finished,174,950,117,Climber,28,AU,Tudor Pro Cycling Team,,,10:22,622,17763
2,RR,06 July 2025,Lauwin-Planque,Boulogne-sur-Mer,209.1,1953,73,43.916,Sprint of 26 riders,Consonni Simone,https://www.procyclingstats.com/rider/simone-consonni,1994-09-12,1994,Italy,1.65,60.0,22.04,Ponte San Pietro,151,finished,150,725,82,Classic,30,IT,Lidl - Trek,,,",,",622,17763
2,RR,06 July 2025,Lauwin-Planque,Boulogne-sur-Mer,209.1,1953,73,43.916,Sprint of 26 riders,Lienhard Fabian,https://www.procyclingstats.com/rider/fabian-lienhard,1993-09-03,1993,Switzerland,1.83,73.0,21.8,Steinmaur,152,finished,135,703,115,Classic,31,CH,Tudor Pro Cycling Team,,,10:54,654,17795
2,RR,06 July 2025,Lauwin-Planque,Boulogne-sur-Mer,209.1,1953,73,43.916,Sprint of 26 riders,Dillier Silvan,https://www.procyclingstats.com/rider/silvan-dillier,1990-08-03,1990,Switzerland,1.83,75.0,22.4,Aarau,153,finished,179,1055,102,Classic,34,CH,Alpecin - Deceuninck,,,",,",654,17795
2,RR,06 July 2025,Lauwin-Planque,Boulogne-sur-Mer,209.1,1953,73,43.916,Sprint of 26 riders,Démare Arnaud,https://www.procyclingstats.com/rider/arnaud-demare,1991-08-26,1991,France,1.81,76.0,23.2,Beauvais,154,finished,134,703,134,Classic,33,FR,Arkéa - B&B Hotels,,,",,",654,17795
2,RR,06 July 2025,Lauwin-Planque,Boulogne-sur-Mer,209.1,1953,73,43.916,Sprint of 26 riders,Rubio Einer,https://www.procyclingstats.com/rider/einer-rubio,1998-02-22,1998,Colombia,1.64,56.0,20.82,Chíquiza,155,finished,175,982,148,Climber,27,CO,Movistar Team,,,",,",654,17795
2,RR,06 July 2025,Lauwin-Planque,Boulogne-sur-Mer,209.1,1953,73,43.916,Sprint of 26 riders,Van Moer Brent,https://www.procyclingstats.com/rider/brent-van-moer,1998-01-12,1998,Belgium,1.91,79.0,21.66,Beveren,156,finished,136,703,218,Classic,27,BE,Lotto,,,",,",654,17795
2,RR,06 July 2025,Lauwin-Planque,Boulogne-sur-Mer,209.1,1953,73,43.916,Sprint of 26 riders,García Cortina Iván,https://www.procyclingstats.com/rider/ivan-garcia-cortina,1995-11-20,1995,Spain,1.83,77.0,22.99,Gijón,157,finished,129,667,145,Classic,29,ES,Movistar Team,,,10:57,657,17798
2,RR,06 July 2025,Lauwin-Planque,Boulogne-sur-Mer,209.1,1953,73,43.916,Sprint of 26 riders,Theuns Edward,https://www.procyclingstats.com/rider/edward-theuns,1991-04-30,1991,Belgium,1.83,72.0,21.5,Ghent,158,finished,153,753,88,Classic,34,BE,Lidl - Trek,,,",,",657,17798
2,RR,06 July 2025,Lauwin-Planque,Boulogne-sur-Mer,209.1,1953,73,43.916,Sprint of 26 riders,Merlier Tim,https://www.procyclingstats.com/rider/tim-merlier,1992-10-30,1992,Belgium,1.88,76.0,21.5,Wortegem-Petegem,159,finished,139,706,24,Sprint,32,BE,Soudal Quick-Step,,,",,",657,17798
2,RR,06 July 2025,Lauwin-Planque,Boulogne-sur-Mer,209.1,1953,73,43.916,Sprint of 26 riders,Edvardsen-Fredheim Stian,https://www.procyclingstats.com/rider/stian-fredheim,2003-03-23,2003,Norway,1.84,72.0,21.27,Kristiansand,160,finished,130,667,224,Sprint,22,NO,Uno-X Mobility,,,",,",657,17798
2,RR,06 July 2025,Lauwin-Planque,Boulogne-sur-Mer,209.1,1953,73,43.916,Sprint of 26 riders,Van Lerberghe Bert,https://www.procyclingstats.com/rider/bert-van-lerberghe,1992-09-29,1992,Belgium,1.9,83.0,22.99,Kortrijk,161,finished,151,733,27,Classic,32,BE,Soudal Quick-Step,,,",,",657,17798
2,RR,06 July 2025,Lauwin-Planque,Boulogne-sur-Mer,209.1,1953,73,43.916,Sprint of 26 riders,Groenewegen Dylan,https://www.procyclingstats.com/rider/dylan-groenewegen,1993-06-21,1993,Netherlands,1.77,70.0,22.34,Amsterdam,162,finished,146,706,124,Sprint,32,NL,Team Jayco AlUla,,,",,",657,17798
2,RR,06 July 2025,Lauwin-Planque,Boulogne-sur-Mer,209.1,1953,73,43.916,Sprint of 26 riders,Gradek Kamil,https://www.procyclingstats.com/rider/kamil-gradek,1990-09-17,1990,Poland,1.94,83.0,22.05,Koziegłowy,163,finished,166,813,53,TT,34,PL,Bahrain - Victorious,,,",,",657,17798
2,RR,06 July 2025,Lauwin-Planque,Boulogne-sur-Mer,209.1,1953,73,43.916,Sprint of 26 riders,Champoussin Clément,https://www.procyclingstats.com/rider/clement-champoussin,1998-05-29,1998,France,1.8,61.0,18.83,Nice,164,finished,177,985,174,Climber,27,FR,XDS Astana Team,,,",,",657,17798
2,RR,06 July 2025,Lauwin-Planque,Boulogne-sur-Mer,209.1,1953,73,43.916,Sprint of 26 riders,van Poppel Danny,https://www.procyclingstats.com/rider/danny-van-poppel,1993-07-26,1993,Netherlands,1.84,82.0,24.22,Moergestel,165,finished,141,706,77,Sprint,31,NL,Red Bull - BORA - hansgrohe,,,",,",657,17798
2,RR,06 July 2025,Lauwin-Planque,Boulogne-sur-Mer,209.1,1953,73,43.916,Sprint of 26 riders,Affini Edoardo,https://www.procyclingstats.com/rider/edoardo-affini,1996-06-24,1996,Italy,1.9,85.0,23.55,Mantua,166,finished,133,692,12,TT,29,IT,Team Visma | Lease a Bike,,,",,",657,17798
2,RR,06 July 2025,Lauwin-Planque,Boulogne-sur-Mer,209.1,1953,73,43.916,Sprint of 26 riders,Barta Will,https://www.procyclingstats.com/rider/william-barta,1996-01-04,1996,United States,1.8,61.0,18.83,Boise,167,finished,180,1058,142,TT,29,US,Movistar Team,,,",,",657,17798
2,RR,06 July 2025,Lauwin-Planque,Boulogne-sur-Mer,209.1,1953,73,43.916,Sprint of 26 riders,De Lie Arnaud,https://www.procyclingstats.com/rider/arnaud-de-lie,2002-03-16,2002,Belgium,1.82,78.0,23.55,Libramont,168,finished,140,706,211,Classic,23,BE,Lotto,,,",,",657,17798
2,RR,06 July 2025,Lauwin-Planque,Boulogne-sur-Mer,209.1,1953,73,43.916,Sprint of 26 riders,Drizners Jarrad,https://www.procyclingstats.com/rider/jarrad-drizners,1999-05-31,1999,Australia,1.86,70.0,20.23,Adelaide,169,finished,149,706,214,GC,26,AU,Lotto,,,",,",657,17798
2,RR,06 July 2025,Lauwin-Planque,Boulogne-sur-Mer,209.1,1953,73,43.916,Sprint of 26 riders,Boivin Guillaume,https://www.procyclingstats.com/rider/guillaume-boivin,1989-05-25,1989,Canada,1.8,78.0,24.07,Montreal,170,finished,147,706,204,Classic,36,CA,Israel - Premier Tech,,,",,",657,17798
2,RR,06 July 2025,Lauwin-Planque,Boulogne-sur-Mer,209.1,1953,73,43.916,Sprint of 26 riders,Castrillo Pablo,https://www.procyclingstats.com/rider/pablo-castrillo-zapater,2001-01-02,2001,Spain,1.83,74.0,22.1,Jaca,171,finished,178,985,143,Climber,24,ES,Movistar Team,,,",,",657,17798
2,RR,06 July 2025,Lauwin-Planque,Boulogne-sur-Mer,209.1,1953,73,43.916,Sprint of 26 riders,Ackermann Pascal,https://www.procyclingstats.com/rider/pascal-ackermann,1994-01-17,1994,Germany,1.8,78.0,24.07,Kandel,172,finished,131,667,202,Sprint,31,DE,Israel - Premier Tech,,,",,",657,17798
2,RR,06 July 2025,Lauwin-Planque,Boulogne-sur-Mer,209.1,1953,73,43.916,Sprint of 26 riders,Meeus Jordi,https://www.procyclingstats.com/rider/jordi-meeus,1998-07-01,1998,Belgium,1.9,80.0,22.16,Lommel,173,finished,142,706,73,Classic,27,BE,Red Bull - BORA - hansgrohe,,,",,",657,17798
2,RR,06 July 2025,Lauwin-Planque,Boulogne-sur-Mer,209.1,1953,73,43.916,Sprint of 26 riders,Bauhaus Phil,https://www.procyclingstats.com/rider/phil-bauhaus,1994-07-08,1994,Germany,1.84,75.0,22.15,Bocholt,174,finished,144,706,52,Sprint,30,DE,Bahrain - Victorious,,,",,",657,17798
2,RR,06 July 2025,Lauwin-Planque,Boulogne-sur-Mer,209.1,1953,73,43.916,Sprint of 26 riders,Cort Magnus,https://www.procyclingstats.com/rider/magnus-cort-nielsen,1993-01-16,1993,Denmark,1.84,68.0,20.09,Rønne,175,finished,148,706,223,Hills,32,DK,Uno-X Mobility,,,",,",657,17798
2,RR,06 July 2025,Lauwin-Planque,Boulogne-sur-Mer,209.1,1953,73,43.916,Sprint of 26 riders,Dainese Alberto,https://www.procyclingstats.com/rider/alberto-dainese,1998-03-25,1998,Italy,1.75,72.0,23.51,Abano Terme,176,finished,145,706,112,Sprint,27,IT,Tudor Pro Cycling Team,,,",,",657,17798
2,RR,06 July 2025,Lauwin-Planque,Boulogne-sur-Mer,209.1,1953,73,43.916,Sprint of 26 riders,Leknessund Andreas,https://www.procyclingstats.com/rider/andreas-leknessund,1999-05-21,1999,Norway,1.86,72.0,20.81,Tromsø,177,finished,176,985,227,GC,26,NO,Uno-X Mobility,,,",,",657,17798
2,RR,06 July 2025,Lauwin-Planque,Boulogne-sur-Mer,209.1,1953,73,43.916,Sprint of 26 riders,Haller Marco,https://www.procyclingstats.com/rider/marco-haller,1991-04-01,1991,Austria,1.78,72.0,22.72,Sankt Veit an der Glan,178,finished,132,667,113,Classic,34,AT,Tudor Pro Cycling Team,,,",,",657,17798
2,RR,06 July 2025,Lauwin-Planque,Boulogne-sur-Mer,209.1,1953,73,43.916,Sprint of 26 riders,Fedorov Yevgeniy,https://www.procyclingstats.com/rider/yevgeniy-fedorov,2000-02-16,2000,Kazakhstan,1.93,80.0,21.48,Aktobe,179,finished,181,1058,175,Classic,25,KZ,XDS Astana Team,,,",,",657,17798
2,RR,06 July 2025,Lauwin-Planque,Boulogne-sur-Mer,209.1,1953,73,43.916,Sprint of 26 riders,Wærenskjold Søren,https://www.procyclingstats.com/rider/soren-waerenskjold,2000-03-12,2000,Norway,1.95,92.0,24.19,Mandal,180,finished,127,663,228,Classic,25,NO,Uno-X Mobility,,,",,",657,17798
2,RR,06 July 2025,Lauwin-Planque,Boulogne-sur-Mer,209.1,1953,73,43.916,Sprint of 26 riders,Bol Cees,https://www.procyclingstats.com/rider/cees-bol,1995-07-27,1995,Netherlands,1.94,83.0,22.05,Zaandam,181,finished,182,1077,173,Sprint,29,NL,XDS Astana Team,,,11:16,676,17817
2,RR,06 July 2025,Lauwin-Planque,Boulogne-sur-Mer,209.1,1953,73,43.916,Sprint of 26 riders,Ballerini Davide,https://www.procyclingstats.com/rider/davide-ballerini,1994-09-21,1994,Italy,1.83,71.0,21.2,Cantù,182,finished,143,706,172,Classic,30,IT,XDS Astana Team,,,",,",676,17817
3,RR,07 July 2025,Valenciennes,Dunkerque,178.3,792,9,41.64,Sprint of large group,Merlier Tim,https://www.procyclingstats.com/rider/tim-merlier,1992-10-30,1992,Belgium,1.88,76.0,21.5,Wortegem-Petegem,1,finished,133,696,24,Sprint,32,BE,Soudal Quick-Step,210.0,100.0,4:16:55,0,15415
3,RR,07 July 2025,Valenciennes,Dunkerque,178.3,792,9,41.64,Sprint of large group,Milan Jonathan,https://www.procyclingstats.com/rider/jonathan-milan,2000-10-01,2000,Italy,1.94,84.0,22.32,Tolmezzo,2,finished,71,337,81,Sprint,24,IT,Lidl - Trek,150.0,70.0,",,",0,15415
3,RR,07 July 2025,Valenciennes,Dunkerque,178.3,792,9,41.64,Sprint of large group,Bauhaus Phil,https://www.procyclingstats.com/rider/phil-bauhaus,1994-07-08,1994,Germany,1.84,75.0,22.15,Bocholt,3,finished,134,702,52,Sprint,30,DE,Bahrain - Victorious,110.0,50.0,",,",0,15415
3,RR,07 July 2025,Valenciennes,Dunkerque,178.3,792,9,41.64,Sprint of large group,Wærenskjold Søren,https://www.procyclingstats.com/rider/soren-waerenskjold,2000-03-12,2000,Norway,1.95,92.0,24.19,Mandal,4,finished,126,663,228,Classic,25,NO,Uno-X Mobility,90.0,40.0,",,",0,15415
3,RR,07 July 2025,Valenciennes,Dunkerque,178.3,792,9,41.64,Sprint of large group,Bittner Pavel,https://www.procyclingstats.com/rider/pavel-bittner,2002-10-29,2002,Czech Republic,1.84,73.0,21.56,Olomouc,5,finished,62,296,193,Sprint,22,CZ,Team Picnic PostNL,70.0,32.0,",,",0,15415
3,RR,07 July 2025,Valenciennes,Dunkerque,178.3,792,9,41.64,Sprint of large group,Girmay Biniam,https://www.procyclingstats.com/rider/biniam-girmay,2000-04-02,2000,Eritrea,1.84,70.0,20.68,Asmara,6,finished,70,329,41,Classic,25,ER,Intermarché - Wanty,55.0,26.0,",,",0,15415
3,RR,07 July 2025,Valenciennes,Dunkerque,178.3,792,9,41.64,Sprint of large group,Groves Kaden,https://www.procyclingstats.com/rider/kaden-groves,1998-12-23,1998,Australia,1.76,76.0,24.54,Gympie,7,finished,36,99,103,Hills,26,AU,Alpecin - Deceuninck,45.0,22.0,",,",0,15415
3,RR,07 July 2025,Valenciennes,Dunkerque,178.3,792,9,41.64,Sprint of large group,Ackermann Pascal,https://www.procyclingstats.com/rider/pascal-ackermann,1994-01-17,1994,Germany,1.8,78.0,24.07,Kandel,8,finished,128,667,202,Sprint,31,DE,Israel - Premier Tech,40.0,18.0,",,",0,15415
3,RR,07 July 2025,Valenciennes,Dunkerque,178.3,792,9,41.64,Sprint of large group,Capiot Amaury,https://www.procyclingstats.com/rider/amaury-capiot,1993-06-25,1993,Belgium,1.86,69.0,19.94,Tongeren,9,finished,106,518,132,Classic,32,BE,Arkéa - B&B Hotels,35.0,14.0,",,",0,15415
3,RR,07 July 2025,Valenciennes,Dunkerque,178.3,792,9,41.64,Sprint of large group,Dainese Alberto,https://www.procyclingstats.com/rider/alberto-dainese,1998-03-25,1998,Italy,1.75,72.0,23.51,Abano Terme,10,finished,140,706,112,Sprint,27,IT,Tudor Pro Cycling Team,30.0,10.0,",,",0,15415
3,RR,07 July 2025,Valenciennes,Dunkerque,178.3,792,9,41.64,Sprint of large group,Andresen Tobias Lund,https://www.procyclingstats.com/rider/tobias-lund-andresen,2002-08-20,2002,Denmark,1.81,69.0,21.06,Taastrup,11,finished,44,143,195,Classic,22,DK,Team Picnic PostNL,25.0,8.0,",,",0,15415
3,RR,07 July 2025,Valenciennes,Dunkerque,178.3,792,9,41.64,Sprint of large group,Tronchon Bastien,https://www.procyclingstats.com/rider/bastien-tronchon,2002-03-29,2002,France,1.85,72.0,21.04,Chambéry,12,finished,49,202,158,Classic,23,FR,Decathlon AG2R La Mondiale Team,20.0,6.0,",,",0,15415
3,RR,07 July 2025,Valenciennes,Dunkerque,178.3,792,9,41.64,Sprint of large group,Groenewegen Dylan,https://www.procyclingstats.com/rider/dylan-groenewegen,1993-06-21,1993,Netherlands,1.77,70.0,22.34,Amsterdam,13,finished,141,706,124,Sprint,32,NL,Team Jayco AlUla,15.0,4.0,",,",0,15415
3,RR,07 July 2025,Valenciennes,Dunkerque,178.3,792,9,41.64,Sprint of large group,Stewart Jake,https://www.procyclingstats.com/rider/jake-stewart,1999-10-02,1999,Great Britain,1.79,66.0,20.6,Coventry,14,finished,111,530,208,Hills,25,GB,Israel - Premier Tech,10.0,2.0,",,",0,15415
3,RR,07 July 2025,Valenciennes,Dunkerque,178.3,792,9,41.64,Sprint of large group,Touzé Damien,https://www.procyclingstats.com/rider/damien-touze,1996-07-07,1996,France,1.74,69.0,22.79,Iville,15,finished,46,163,168,Classic,29,FR,Cofidis,5.0,1.0,",,",0,15415
3,RR,07 July 2025,Valenciennes,Dunkerque,178.3,792,9,41.64,Sprint of large group,Fedorov Yevgeniy,https://www.procyclingstats.com/rider/yevgeniy-fedorov,2000-02-16,2000,Kazakhstan,1.93,80.0,21.48,Aktobe,16,finished,179,1058,175,Classic,25,KZ,XDS Astana Team,,,",,",0,15415
3,RR,07 July 2025,Valenciennes,Dunkerque,178.3,792,9,41.64,Sprint of large group,Turgis Anthony,https://www.procyclingstats.com/rider/anthony-turgis,1994-05-16,1994,France,1.78,70.0,22.09,Bourg-la-Reine,17,finished,51,212,187,Classic,31,FR,TotalEnergies,,,",,",0,15415
3,RR,07 July 2025,Valenciennes,Dunkerque,178.3,792,9,41.64,Sprint of large group,Märkl Niklas,https://www.procyclingstats.com/rider/niklas-markl,1999-03-03,1999,Germany,1.85,70.0,20.45,Queidersbach,18,finished,97,479,196,Sprint,26,DE,Team Picnic PostNL,,,",,",0,15415
3,RR,07 July 2025,Valenciennes,Dunkerque,178.3,792,9,41.64,Sprint of large group,Asgreen Kasper,https://www.procyclingstats.com/rider/kasper-asgreen,1995-02-08,1995,Denmark,1.93,75.0,20.13,Kolding,19,finished,52,212,33,TT,30,DK,EF Education - EasyPost,,,",,",0,15415
3,RR,07 July 2025,Valenciennes,Dunkerque,178.3,792,9,41.64,Sprint of large group,Russo Clément,https://www.procyclingstats.com/rider/clement-russo,1995-01-20,1995,France,1.87,74.0,21.16,Lyon,20,finished,63,313,98,Classic,30,FR,Groupama - FDJ,,,",,",0,15415
3,RR,07 July 2025,Valenciennes,Dunkerque,178.3,792,9,41.64,Sprint of large group,Barthe Cyril,https://www.procyclingstats.com/rider/cyril-barthe,1996-02-14,1996,France,1.84,70.0,20.68,Sauveterre-de-Béarn,21,finished,65,313,93,Hills,29,FR,Groupama - FDJ,,,",,",0,15415
3,RR,07 July 2025,Valenciennes,Dunkerque,178.3,792,9,41.64,Sprint of large group,Rickaert Jonas,https://www.procyclingstats.com/rider/jonas-rickaert,1994-02-07,1994,Belgium,1.9,88.0,24.38,Sint-Eloois-Vijve,22,finished,102,492,105,Classic,31,BE,Alpecin - Deceuninck,,,",,",0,15415
3,RR,07 July 2025,Valenciennes,Dunkerque,178.3,792,9,41.64,Sprint of large group,van der Poel Mathieu,https://www.procyclingstats.com/rider/mathieu-van-der-poel,1995-01-19,1995,Netherlands,1.84,75.0,22.15,Kapellen,23,finished,1,0,106,Classic,30,NL,Alpecin - Deceuninck,,,",,",0,15415
3,RR,07 July 2025,Valenciennes,Dunkerque,178.3,792,9,41.64,Sprint of large group,Watson Samuel,https://www.procyclingstats.com/rider/samuel-watson,2001-09-24,2001,Great Britain,1.88,68.0,19.24,Leeds,24,finished,37,99,68,Hills,23,GB,INEOS Grenadiers,,,",,",0,15415
3,RR,07 July 2025,Valenciennes,Dunkerque,178.3,792,9,41.64,Sprint of large group,Abrahamsen Jonas,https://www.procyclingstats.com/rider/jonas-abrahamsen,1995-09-20,1995,Norway,1.83,78.0,23.29,Skien,25,finished,78,358,222,Classic,29,NO,Uno-X Mobility,,,",,",0,15415
3,RR,07 July 2025,Valenciennes,Dunkerque,178.3,792,9,41.64,Sprint of large group,Venturini Clément,https://www.procyclingstats.com/rider/clement-venturini,1993-10-16,1993,France,1.65,60.0,22.04,Villeurbanne,26,finished,40,107,138,Classic,31,FR,Arkéa - B&B Hotels,,,",,",0,15415
3,RR,07 July 2025,Valenciennes,Dunkerque,178.3,792,9,41.64,Sprint of large group,Trentin Matteo,https://www.procyclingstats.com/rider/matteo-trentin,1989-08-02,1989,Italy,1.79,74.0,23.1,Borgo Valsugana,27,finished,64,313,118,Classic,35,IT,Tudor Pro Cycling Team,,,",,",0,15415
3,RR,07 July 2025,Valenciennes,Dunkerque,178.3,792,9,41.64,Sprint of large group,Consonni Simone,https://www.procyclingstats.com/rider/simone-consonni,1994-09-12,1994,Italy,1.65,60.0,22.04,Ponte San Pietro,28,finished,149,725,82,Classic,30,IT,Lidl - Trek,,,",,",0,15415
3,RR,07 July 2025,Valenciennes,Dunkerque,178.3,792,9,41.64,Sprint of large group,Edvardsen-Fredheim Stian,https://www.procyclingstats.com/rider/stian-fredheim,2003-03-23,2003,Norway,1.84,72.0,21.27,Kristiansand,29,finished,129,667,224,Sprint,22,NO,Uno-X Mobility,,,",,",0,15415
3,RR,07 July 2025,Valenciennes,Dunkerque,178.3,792,9,41.64,Sprint of large group,Wright Fred,https://www.procyclingstats.com/rider/alfred-wright,1999-06-13,1999,Great Britain,1.84,75.0,22.15,London,30,finished,26,80,58,Hills,26,GB,Bahrain - Victorious,,,",,",0,15415
3,RR,07 July 2025,Valenciennes,Dunkerque,178.3,792,9,41.64,Sprint of large group,Lienhard Fabian,https://www.procyclingstats.com/rider/fabian-lienhard,1993-09-03,1993,Switzerland,1.83,73.0,21.8,Steinmaur,31,finished,135,703,115,Classic,31,CH,Tudor Pro Cycling Team,,,",,",0,15415
3,RR,07 July 2025,Valenciennes,Dunkerque,178.3,792,9,41.64,Sprint of large group,Albanese Vincenzo,https://www.procyclingstats.com/rider/vincenzo-albanese,1996-11-12,1996,Italy,1.75,70.0,22.86,Oliveto Citra,32,finished,92,448,32,Hills,28,IT,EF Education - EasyPost,,,",,",0,15415
3,RR,07 July 2025,Valenciennes,Dunkerque,178.3,792,9,41.64,Sprint of large group,van den Broek Frank,https://www.procyclingstats.com/rider/frank-van-den-broek,2000-12-28,2000,Netherlands,1.78,70.0,22.09,Warmond,33,finished,101,491,198,GC,24,NL,Team Picnic PostNL,,,",,",0,15415
3,RR,07 July 2025,Valenciennes,Dunkerque,178.3,792,9,41.64,Sprint of large group,Reinders Elmar,https://www.procyclingstats.com/rider/elmar-reinders,1992-03-14,1992,Netherlands,1.9,78.1,21.63,Emmen,34,finished,114,545,127,Classic,33,NL,Team Jayco AlUla,,,",,",0,15415
3,RR,07 July 2025,Valenciennes,Dunkerque,178.3,792,9,41.64,Sprint of large group,Laurance Axel,https://www.procyclingstats.com/rider/axel-laurance,2001-04-13,2001,France,1.79,63.0,19.66,Calan,35,finished,89,446,65,Hills,24,FR,INEOS Grenadiers,,,",,",0,15415
3,RR,07 July 2025,Valenciennes,Dunkerque,178.3,792,9,41.64,Sprint of large group,van Poppel Danny,https://www.procyclingstats.com/rider/danny-van-poppel,1993-07-26,1993,Netherlands,1.84,82.0,24.22,Moergestel,36,finished,142,706,77,Sprint,31,NL,Red Bull - BORA - hansgrohe,,,",,",0,15415
3,RR,07 July 2025,Valenciennes,Dunkerque,178.3,792,9,41.64,Sprint of large group,Braet Vito,https://www.procyclingstats.com/rider/vito-braet,2000-11-02,2000,Belgium,1.84,68.0,20.09,Hulste,37,finished,117,565,43,Classic,24,BE,Intermarché - Wanty,,,",,",0,15415
3,RR,07 July 2025,Valenciennes,Dunkerque,178.3,792,9,41.64,Sprint of large group,Theuns Edward,https://www.procyclingstats.com/rider/edward-theuns,1991-04-30,1991,Belgium,1.83,72.0,21.5,Ghent,38,finished,152,753,88,Classic,34,BE,Lidl - Trek,,,",,",0,15415
3,RR,07 July 2025,Valenciennes,Dunkerque,178.3,792,9,41.64,Sprint of large group,Stuyven Jasper,https://www.procyclingstats.com/rider/jasper-stuyven,1992-04-17,1992,Belgium,1.87,80.0,22.88,Leuven,39,finished,66,313,87,Classic,33,BE,Lidl - Trek,,,",,",0,15415
3,RR,07 July 2025,Valenciennes,Dunkerque,178.3,792,9,41.64,Sprint of large group,De Buyst Jasper,https://www.procyclingstats.com/rider/jasper-de-buyst,1993-11-24,1993,Belgium,1.79,72.0,22.47,Asse,40,finished,107,518,213,Classic,31,BE,Lotto,,,",,",0,15415
3,RR,07 July 2025,Valenciennes,Dunkerque,178.3,792,9,41.64,Sprint of large group,Van Lerberghe Bert,https://www.procyclingstats.com/rider/bert-van-lerberghe,1992-09-29,1992,Belgium,1.9,83.0,22.99,Kortrijk,41,finished,150,733,27,Classic,32,BE,Soudal Quick-Step,,,",,",0,15415
3,RR,07 July 2025,Valenciennes,Dunkerque,178.3,792,9,41.64,Sprint of large group,Page Hugo,https://www.procyclingstats.com/rider/hugo-page,2001-07-24,2001,France,1.85,71.0,20.75,Chartres,42,finished,82,374,44,Classic,23,FR,Intermarché - Wanty,,,",,",0,15415
3,RR,07 July 2025,Valenciennes,Dunkerque,178.3,792,9,41.64,Sprint of large group,Boivin Guillaume,https://www.procyclingstats.com/rider/guillaume-boivin,1989-05-25,1989,Canada,1.8,78.0,24.07,Montreal,43,finished,144,706,204,Classic,36,CA,Israel - Premier Tech,,,",,",0,15415
3,RR,07 July 2025,Valenciennes,Dunkerque,178.3,792,9,41.64,Sprint of large group,Foss Tobias,https://www.procyclingstats.com/rider/tobias-foss,1997-05-25,1997,Norway,1.84,74.0,21.86,Vingrom,44,finished,74,352,63,TT,28,NO,INEOS Grenadiers,,,",,",0,15415
3,RR,07 July 2025,Valenciennes,Dunkerque,178.3,792,9,41.64,Sprint of large group,Mezgec Luka,https://www.procyclingstats.com/rider/luka-mezgec,1988-06-27,1988,Slovenia,1.83,72.0,21.5,Kranj,45,finished,86,409,125,Hills,37,SI,Team Jayco AlUla,-25.0,,",,",0,15415
3,RR,07 July 2025,Valenciennes,Dunkerque,178.3,792,9,41.64,Sprint of large group,Louvel Matis,https://www.procyclingstats.com/rider/matis-louvel,1999-07-19,1999,France,1.87,77.0,22.02,Mont Saint Aignan,46,finished,72,352,205,Classic,25,FR,Israel - Premier Tech,,,",,",0,15415
3,RR,07 July 2025,Valenciennes,Dunkerque,178.3,792,9,41.64,Sprint of large group,Stannard Robert,https://www.procyclingstats.com/rider/robert-stannard,1998-09-16,1998,Australia,1.79,74.0,23.1,Sydney Previous nationalities New Zealand until 2016,47,finished,57,240,57,Hills,26,AU,Bahrain - Victorious,,,",,",0,15415
3,RR,07 July 2025,Valenciennes,Dunkerque,178.3,792,9,41.64,Sprint of large group,Skujiņš Toms,https://www.procyclingstats.com/rider/toms-skujins,1991-06-15,1991,Latvia,1.81,72.0,21.98,Sigulda,48,finished,48,190,86,Classic,34,LV,Lidl - Trek,,,",,",0,15415
3,RR,07 July 2025,Valenciennes,Dunkerque,178.3,792,9,41.64,Sprint of large group,Askey Lewis,https://www.procyclingstats.com/rider/lewis-askey,2001-05-04,2001,Great Britain,1.87,75.0,21.45,Cannock,49,finished,151,736,92,Classic,24,GB,Groupama - FDJ,,,",,",0,15415
3,RR,07 July 2025,Valenciennes,Dunkerque,178.3,792,9,41.64,Sprint of large group,De Lie Arnaud,https://www.procyclingstats.com/rider/arnaud-de-lie,2002-03-16,2002,Belgium,1.82,78.0,23.55,Libramont,50,finished,143,706,211,Classic,23,BE,Lotto,,,",,",0,15415
3,RR,07 July 2025,Valenciennes,Dunkerque,178.3,792,9,41.64,Sprint of large group,Naesen Oliver,https://www.procyclingstats.com/rider/oliver-naesen,1990-09-16,1990,Belgium,1.84,74.0,21.86,Oostende,51,finished,73,352,155,Classic,34,BE,Decathlon AG2R La Mondiale Team,,,",,",0,15415
3,RR,07 July 2025,Valenciennes,Dunkerque,178.3,792,9,41.64,Sprint of large group,Van Moer Brent,https://www.procyclingstats.com/rider/brent-van-moer,1998-01-12,1998,Belgium,1.91,79.0,21.66,Beveren,52,finished,137,703,218,Classic,27,BE,Lotto,,,",,",0,15415
3,RR,07 July 2025,Valenciennes,Dunkerque,178.3,792,9,41.64,Sprint of large group,Flynn Sean,https://www.procyclingstats.com/rider/sean-flynn,2000-03-02,2000,Great Britain,1.77,67.0,21.39,Edinburgh,53,finished,118,577,194,GC,25,GB,Team Picnic PostNL,,,",,",0,15415
3,RR,07 July 2025,Valenciennes,Dunkerque,178.3,792,9,41.64,Sprint of large group,Gradek Kamil,https://www.procyclingstats.com/rider/kamil-gradek,1990-09-17,1990,Poland,1.94,83.0,22.05,Koziegłowy,54,finished,165,813,53,TT,34,PL,Bahrain - Victorious,,,",,",0,15415
3,RR,07 July 2025,Valenciennes,Dunkerque,178.3,792,9,41.64,Sprint of large group,Le Berre Mathis,https://www.procyclingstats.com/rider/mathis-le-berre,2001-04-16,2001,France,1.76,68.0,21.95,Saint-Brieuc,55,finished,120,631,136,Hills,24,FR,Arkéa - B&B Hotels,,,",,",0,15415
3,RR,07 July 2025,Valenciennes,Dunkerque,178.3,792,9,41.64,Sprint of large group,Thomas Benjamin,https://www.procyclingstats.com/rider/benjamin-thomas-2,1995-09-12,1995,France,1.79,68.0,21.22,Lavaur,56,finished,121,631,167,TT,29,FR,Cofidis,,,",,",0,15415
3,RR,07 July 2025,Valenciennes,Dunkerque,178.3,792,9,41.64,Sprint of large group,Drizners Jarrad,https://www.procyclingstats.com/rider/jarrad-drizners,1999-05-31,1999,Australia,1.86,70.0,20.23,Adelaide,57,finished,145,706,214,GC,26,AU,Lotto,,,",,",0,15415
3,RR,07 July 2025,Valenciennes,Dunkerque,178.3,792,9,41.64,Sprint of large group,Neilands Krists,https://www.procyclingstats.com/rider/krists-neilands,1994-08-18,1994,Latvia,1.89,69.0,19.32,Kuldīga,58,finished,53,212,207,Classic,30,LV,Israel - Premier Tech,,,",,",0,15415
3,RR,07 July 2025,Valenciennes,Dunkerque,178.3,792,9,41.64,Sprint of large group,Politt Nils,https://www.procyclingstats.com/rider/nils-politt,1994-03-06,1994,Germany,1.92,80.0,21.7,Cologne,59,finished,154,797,4,Classic,31,DE,UAE Team Emirates - XRG,,,",,",0,15415
3,RR,07 July 2025,Valenciennes,Dunkerque,178.3,792,9,41.64,Sprint of large group,Rutsch Jonas,https://www.procyclingstats.com/rider/jonas-rutsch,1998-01-24,1998,Germany,1.97,82.0,21.13,Erbach im Odenwald,60,finished,155,797,46,Classic,27,DE,Intermarché - Wanty,,,",,",0,15415
3,RR,07 July 2025,Valenciennes,Dunkerque,178.3,792,9,41.64,Sprint of large group,Schachmann Maximilian,https://www.procyclingstats.com/rider/maximilian-schachmann,1994-01-09,1994,Germany,1.83,71.0,21.2,Berlin,61,finished,167,870,26,GC,31,DE,Soudal Quick-Step,,,",,",0,15415
3,RR,07 July 2025,Valenciennes,Dunkerque,178.3,792,9,41.64,Sprint of large group,Mayrhofer Marius,https://www.procyclingstats.com/rider/marius-mayrhofer,2000-09-18,2000,Germany,1.82,70.0,21.13,Tübingen,62,finished,98,479,116,Hills,24,DE,Tudor Pro Cycling Team,,,",,",0,15415
3,RR,07 July 2025,Valenciennes,Dunkerque,178.3,792,9,41.64,Sprint of large group,Rodríguez Carlos,https://www.procyclingstats.com/rider/carlos-rodriguez-cano,2001-02-02,2001,Spain,1.83,67.0,20.01,Almuñécar,63,finished,25,80,66,GC,24,ES,INEOS Grenadiers,,,",,",0,15415
3,RR,07 July 2025,Valenciennes,Dunkerque,178.3,792,9,41.64,Sprint of large group,Blackmore Joseph,https://www.procyclingstats.com/rider/joseph-blackmore,2003-02-23,2003,Great Britain,1.81,66.0,20.15,Sidcup,64,finished,7,41,203,GC,22,GB,Israel - Premier Tech,,,",,",0,15415
3,RR,07 July 2025,Valenciennes,Dunkerque,178.3,792,9,41.64,Sprint of large group,van den Berg Marijn,https://www.procyclingstats.com/rider/marijn-van-den-berg,1999-07-19,1999,Netherlands,1.82,73.0,22.04,De Meern,65,finished,99,479,38,Hills,25,NL,EF Education - EasyPost,,,",,",0,15415
3,RR,07 July 2025,Valenciennes,Dunkerque,178.3,792,9,41.64,Sprint of large group,Benoot Tiesj,https://www.procyclingstats.com/rider/tiesj-benoot,1994-03-11,1994,Belgium,1.9,72.0,19.94,Ghent,66,finished,38,99,13,Classic,31,BE,Team Visma | Lease a Bike,,,",,",0,15415
3,RR,07 July 2025,Valenciennes,Dunkerque,178.3,792,9,41.64,Sprint of large group,Buchmann Emanuel,https://www.procyclingstats.com/rider/emanuel-buchmann,1992-11-18,1992,Germany,1.8,59.0,18.21,Ravensburg,67,finished,10,49,161,GC,32,DE,Cofidis,,,",,",0,15415
3,RR,07 July 2025,Valenciennes,Dunkerque,178.3,792,9,41.64,Sprint of large group,Rodríguez Cristián,https://www.procyclingstats.com/rider/cristian-rodriguez,1995-03-03,1995,Spain,1.78,59.0,18.62,El Ejido,68,finished,79,359,137,GC,30,ES,Arkéa - B&B Hotels,,,",,",0,15415
3,RR,07 July 2025,Valenciennes,Dunkerque,178.3,792,9,41.64,Sprint of large group,Martin Guillaume,https://www.procyclingstats.com/rider/guillaume-martin,1993-06-09,1993,France,1.73,55.0,18.38,Paris,69,finished,14,49,91,Climber,32,FR,Groupama - FDJ,,,",,",0,15415
3,RR,07 July 2025,Valenciennes,Dunkerque,178.3,792,9,41.64,Sprint of large group,Vingegaard Jonas,https://www.procyclingstats.com/rider/jonas-vingegaard,1996-12-10,1996,Denmark,1.75,58.0,18.94,Hillerslev,70,finished,3,6,11,GC,28,DK,Team Visma | Lease a Bike,,,",,",0,15415
3,RR,07 July 2025,Valenciennes,Dunkerque,178.3,792,9,41.64,Sprint of large group,Pogačar Tadej,https://www.procyclingstats.com/rider/tadej-pogacar,1998-09-21,1998,Slovenia,1.76,66.0,21.31,Klanec,71,finished,2,4,1,Climber,26,SI,UAE Team Emirates - XRG,,,",,",0,15415
3,RR,07 July 2025,Valenciennes,Dunkerque,178.3,792,9,41.64,Sprint of large group,Pacher Quentin,https://www.procyclingstats.com/rider/quentin-pacher,1992-01-06,1992,France,1.79,62.0,19.35,Libourne,72,finished,67,328,96,Hills,33,FR,Groupama - FDJ,,,",,",0,15415
3,RR,07 July 2025,Valenciennes,Dunkerque,178.3,792,9,41.64,Sprint of large group,Madouas Valentin,https://www.procyclingstats.com/rider/valentin-madouas,1996-07-12,1996,France,1.79,71.0,22.16,Brest,73,finished,27,80,95,Classic,28,FR,Groupama - FDJ,,,",,",0,15415
3,RR,07 July 2025,Valenciennes,Dunkerque,178.3,792,9,41.64,Sprint of large group,Sepúlveda Eduardo,https://www.procyclingstats.com/rider/eduardo-sepulveda,1991-06-13,1991,Argentina,1.73,59.0,19.71,Rawson,74,finished,156,797,216,GC,34,AR,Lotto,,,",,",0,15415
3,RR,07 July 2025,Valenciennes,Dunkerque,178.3,792,9,41.64,Sprint of large group,Paret-Peintre Aurélien,https://www.procyclingstats.com/rider/aurelien-paret-peintre,1996-02-27,1996,France,1.84,64.0,18.9,Annemasse,75,finished,11,49,156,GC,29,FR,Decathlon AG2R La Mondiale Team,,,",,",0,15415
3,RR,07 July 2025,Valenciennes,Dunkerque,178.3,792,9,41.64,Sprint of large group,Grégoire Romain,https://www.procyclingstats.com/rider/romain-gregoire,2003-01-21,2003,France,1.76,64.0,20.66,Besançon,76,finished,68,328,94,Classic,22,FR,Groupama - FDJ,,,",,",0,15415
3,RR,07 July 2025,Valenciennes,Dunkerque,178.3,792,9,41.64,Sprint of large group,Martinez Lenny,https://www.procyclingstats.com/rider/lenny-martinez,2003-07-11,2003,France,1.68,52.0,18.42,Cannes,77,finished,166,864,55,Climber,21,FR,Bahrain - Victorious,,,",,",0,15415
3,RR,07 July 2025,Valenciennes,Dunkerque,178.3,792,9,41.64,Sprint of large group,Barguil Warren,https://www.procyclingstats.com/rider/warren-barguil,1991-10-28,1991,France,1.83,61.0,18.21,Hennebont,78,finished,60,278,192,Climber,33,FR,Team Picnic PostNL,,,",,",0,15415
3,RR,07 July 2025,Valenciennes,Dunkerque,178.3,792,9,41.64,Sprint of large group,Powless Neilson,https://www.procyclingstats.com/rider/neilson-powless,1996-09-03,1996,United States,1.83,67.0,20.01,Eglin,79,finished,12,49,35,Classic,28,US,EF Education - EasyPost,,,",,",0,15415
3,RR,07 July 2025,Valenciennes,Dunkerque,178.3,792,9,41.64,Sprint of large group,van Sintmaartensdijk Roel,https://www.procyclingstats.com/rider/roel-van-sintmaartensdijk,2001-05-08,2001,Netherlands,1.97,77.0,19.84,Zuidland,80,finished,168,870,47,GC,24,NL,Intermarché - Wanty,,,",,",0,15415
3,RR,07 July 2025,Valenciennes,Dunkerque,178.3,792,9,41.64,Sprint of large group,Onley Oscar,https://www.procyclingstats.com/rider/oscar-onley,2002-10-13,2002,Great Britain,1.73,62.0,20.72,Kelso,81,finished,13,49,191,GC,22,GB,Team Picnic PostNL,,,",,",0,15415
3,RR,07 July 2025,Valenciennes,Dunkerque,178.3,792,9,41.64,Sprint of large group,García Pierna Raúl,https://www.procyclingstats.com/rider/raul-garcia-pierna,2001-02-23,2001,Spain,1.75,67.0,21.88,Tres Cantos,82,finished,112,530,135,Climber,24,ES,Arkéa - B&B Hotels,,,",,",0,15415
3,RR,07 July 2025,Valenciennes,Dunkerque,178.3,792,9,41.64,Sprint of large group,Grignard Sébastien,https://www.procyclingstats.com/rider/sebastien-grignard,1999-04-29,1999,Belgium,1.79,68.0,21.22,Mons,83,finished,157,797,215,Classic,26,BE,Lotto,,,",,",0,15415
3,RR,07 July 2025,Valenciennes,Dunkerque,178.3,792,9,41.64,Sprint of large group,Démare Arnaud,https://www.procyclingstats.com/rider/arnaud-demare,1991-08-26,1991,France,1.81,76.0,23.2,Beauvais,84,finished,136,703,134,Classic,33,FR,Arkéa - B&B Hotels,,,",,",0,15415
3,RR,07 July 2025,Valenciennes,Dunkerque,178.3,792,9,41.64,Sprint of large group,Barré Louis,https://www.procyclingstats.com/rider/louis-barre,2000-04-06,2000,France,1.84,68.0,20.09,Nantes,85,finished,138,704,42,Classic,25,FR,Intermarché - Wanty,,,",,",0,15415
3,RR,07 July 2025,Valenciennes,Dunkerque,178.3,792,9,41.64,Sprint of large group,Vauquelin Kévin,https://www.procyclingstats.com/rider/kevin-vauquelin,2001-04-26,2001,France,1.76,69.0,22.28,Bayeux,86,finished,4,10,131,GC,24,FR,Arkéa - B&B Hotels,,,",,",0,15415
3,RR,07 July 2025,Valenciennes,Dunkerque,178.3,792,9,41.64,Sprint of large group,Cras Steff,https://www.procyclingstats.com/rider/steff-cras,1996-02-13,1996,Belgium,1.83,67.0,20.01,Geel,87,finished,29,80,181,GC,29,BE,TotalEnergies,,,",,",0,15415
3,RR,07 July 2025,Valenciennes,Dunkerque,178.3,792,9,41.64,Sprint of large group,Mohorič Matej,https://www.procyclingstats.com/rider/matej-mohoric,1994-10-19,1994,Slovenia,1.86,71.0,20.52,Kranj,88,finished,116,545,56,Classic,30,SI,Bahrain - Victorious,,,",,",0,15415
3,RR,07 July 2025,Valenciennes,Dunkerque,178.3,792,9,41.64,Sprint of large group,Alaphilippe Julian,https://www.procyclingstats.com/rider/julian-alaphilippe,1992-06-11,1992,France,1.73,62.0,20.72,Saint-Amand-Montrond,89,finished,84,401,111,Classic,33,FR,Tudor Pro Cycling Team,,,",,",0,15415
3,RR,07 July 2025,Valenciennes,Dunkerque,178.3,792,9,41.64,Sprint of large group,Affini Edoardo,https://www.procyclingstats.com/rider/edoardo-affini,1996-06-24,1996,Italy,1.9,85.0,23.55,Mantua,90,finished,132,692,12,TT,29,IT,Team Visma | Lease a Bike,,,",,",0,15415
3,RR,07 July 2025,Valenciennes,Dunkerque,178.3,792,9,41.64,Sprint of large group,Berckmoes Jenno,https://www.procyclingstats.com/rider/jenno-berckmoes,2001-02-04,2001,Belgium,1.77,61.0,19.47,Ghent,91,finished,17,49,212,Classic,24,BE,Lotto,,,",,",0,15415
3,RR,07 July 2025,Valenciennes,Dunkerque,178.3,792,9,41.64,Sprint of large group,Vlasov Aleksandr,https://www.procyclingstats.com/rider/aleksandr-vlasov,1996-04-23,1996,Russia,1.86,68.0,19.66,Vyborg,92,finished,115,545,78,Climber,29,RU,Red Bull - BORA - hansgrohe,,,",,",0,15415
3,RR,07 July 2025,Valenciennes,Dunkerque,178.3,792,9,41.64,Sprint of large group,Buitrago Santiago,https://www.procyclingstats.com/rider/santiago-buitrago-sanchez,1999-09-26,1999,Colombia,1.74,59.0,19.49,Bogotá,93,finished,16,49,51,Climber,25,CO,Bahrain - Victorious,,,",,",0,15415
3,RR,07 July 2025,Valenciennes,Dunkerque,178.3,792,9,41.64,Sprint of large group,Jegat Jordan,https://www.procyclingstats.com/rider/jordan-jegat,1999-06-07,1999,France,1.76,59.0,19.05,Vannes,94,finished,28,80,186,Climber,26,FR,TotalEnergies,,,",,",0,15415
3,RR,07 July 2025,Valenciennes,Dunkerque,178.3,792,9,41.64,Sprint of large group,Healy Ben,https://www.procyclingstats.com/rider/ben-healy,2000-09-11,2000,Ireland,1.75,62.0,20.24,Kingswinford Previous nationalities Great Britain until 2016,95,finished,41,138,31,Climber,24,IE,EF Education - EasyPost,,,",,",0,15415
3,RR,07 July 2025,Valenciennes,Dunkerque,178.3,792,9,41.64,Sprint of large group,Wellens Tim,https://www.procyclingstats.com/rider/tim-wellens,1991-05-10,1991,Belgium,1.82,71.0,21.43,Sint-Truiden,96,finished,47,188,7,GC,34,BE,UAE Team Emirates - XRG,,,",,",0,15415
3,RR,07 July 2025,Valenciennes,Dunkerque,178.3,792,9,41.64,Sprint of large group,Gachignard Thomas,https://www.procyclingstats.com/rider/thomas-gachignard,2000-08-17,2000,France,,,,Niort,97,finished,58,251,184,GC,24,FR,TotalEnergies,,,",,",0,15415
3,RR,07 July 2025,Valenciennes,Dunkerque,178.3,792,9,41.64,Sprint of large group,Delettre Alexandre,https://www.procyclingstats.com/rider/alexandre-delettre,1997-10-25,1997,France,1.7,62.0,21.45,Gonesse,98,finished,19,49,183,Classic,27,FR,TotalEnergies,,,",,",0,15415
3,RR,07 July 2025,Valenciennes,Dunkerque,178.3,792,9,41.64,Sprint of large group,Soler Marc,https://www.procyclingstats.com/rider/marc-soler,1993-11-22,1993,Spain,1.86,68.0,19.66,Vilanova i la Geltrú,99,finished,96,459,6,Climber,31,ES,UAE Team Emirates - XRG,,,",,",0,15415
3,RR,07 July 2025,Valenciennes,Dunkerque,178.3,792,9,41.64,Sprint of large group,Oliveira Nelson,https://www.procyclingstats.com/rider/nelson-oliveira,1989-03-06,1989,Portugal,1.8,67.0,20.68,Anadia,100,finished,108,518,144,TT,36,PT,Movistar Team,,,",,",0,15415
3,RR,07 July 2025,Valenciennes,Dunkerque,178.3,792,9,41.64,Sprint of large group,Almeida João,https://www.procyclingstats.com/rider/joao-almeida,1998-08-05,1998,Portugal,1.78,63.0,19.88,Caldas da Rainha,101,finished,15,49,2,GC,26,PT,UAE Team Emirates - XRG,,,",,",0,15415
3,RR,07 July 2025,Valenciennes,Dunkerque,178.3,792,9,41.64,Sprint of large group,Johannessen Tobias Halland,https://www.procyclingstats.com/rider/tobias-halland-johannessen,1999-08-23,1999,Norway,1.76,62.0,20.02,Drøbak,102,finished,8,41,221,Climber,25,NO,Uno-X Mobility,,,",,",0,15415
3,RR,07 July 2025,Valenciennes,Dunkerque,178.3,792,9,41.64,Sprint of large group,Haig Jack,https://www.procyclingstats.com/rider/jack-haig,1993-09-06,1993,Australia,1.9,67.0,18.56,Southport,103,finished,30,80,54,GC,31,AU,Bahrain - Victorious,,,",,",0,15415
3,RR,07 July 2025,Valenciennes,Dunkerque,178.3,792,9,41.64,Sprint of large group,Sivakov Pavel,https://www.procyclingstats.com/rider/pavel-sivakov,1997-07-11,1997,France,1.88,70.0,19.81,San Donà di Piave Previous nationalities Russia until 2022,104,finished,158,797,5,GC,27,FR,UAE Team Emirates - XRG,,,",,",0,15415
3,RR,07 July 2025,Valenciennes,Dunkerque,178.3,792,9,41.64,Sprint of large group,van Aert Wout,https://www.procyclingstats.com/rider/wout-van-aert,1994-09-15,1994,Belgium,1.9,78.0,21.61,Herentals,105,finished,59,258,17,Classic,30,BE,Team Visma | Lease a Bike,,,",,",0,15415
3,RR,07 July 2025,Valenciennes,Dunkerque,178.3,792,9,41.64,Sprint of large group,Campenaerts Victor,https://www.procyclingstats.com/rider/victor-campenaerts,1991-10-28,1991,Belgium,1.73,68.0,22.72,Hoboken,106,finished,95,454,14,TT,33,BE,Team Visma | Lease a Bike,,,",,",0,15415
3,RR,07 July 2025,Valenciennes,Dunkerque,178.3,792,9,41.64,Sprint of large group,Hoelgaard Markus,https://www.procyclingstats.com/rider/markus-hoelgaard,1994-10-04,1994,Norway,1.88,74.0,20.94,Stavanger,107,finished,75,352,225,Classic,30,NO,Uno-X Mobility,,,",,",0,15415
3,RR,07 July 2025,Valenciennes,Dunkerque,178.3,792,9,41.64,Sprint of large group,Yates Simon,https://www.procyclingstats.com/rider/simon-yates,1992-08-07,1992,Great Britain,1.72,58.0,19.61,Bury,108,finished,100,490,18,Climber,32,GB,Team Visma | Lease a Bike,,,",,",0,15415
3,RR,07 July 2025,Valenciennes,Dunkerque,178.3,792,9,41.64,Sprint of large group,Kuss Sepp,https://www.procyclingstats.com/rider/sepp-kuss,1994-09-13,1994,United States,1.82,61.0,18.42,Durango,109,finished,34,80,16,Climber,30,US,Team Visma | Lease a Bike,,,",,",0,15415
3,RR,07 July 2025,Valenciennes,Dunkerque,178.3,792,9,41.64,Sprint of large group,Valgren Michael,https://www.procyclingstats.com/rider/michael-valgren-andersen,1992-02-07,1992,Denmark,1.79,71.0,22.16,Østerild,110,finished,45,143,37,Classic,33,DK,EF Education - EasyPost,,,",,",0,15415
3,RR,07 July 2025,Valenciennes,Dunkerque,178.3,792,9,41.64,Sprint of large group,Schmid Mauro,https://www.procyclingstats.com/rider/mauro-schmid,1999-12-04,1999,Switzerland,1.87,70.0,20.02,Bülach,111,finished,81,368,128,Hills,25,CH,Team Jayco AlUla,,,",,",0,15415
3,RR,07 July 2025,Valenciennes,Dunkerque,178.3,792,9,41.64,Sprint of large group,Teuns Dylan,https://www.procyclingstats.com/rider/dylan-teuns,1992-03-01,1992,Belgium,1.81,64.0,19.54,Diest,112,finished,31,80,166,GC,33,BE,Cofidis,,,",,",0,15415
3,RR,07 July 2025,Valenciennes,Dunkerque,178.3,792,9,41.64,Sprint of large group,Champoussin Clément,https://www.procyclingstats.com/rider/clement-champoussin,1998-05-29,1998,France,1.8,61.0,18.83,Nice,113,finished,175,985,174,Climber,27,FR,XDS Astana Team,,,",,",0,15415
3,RR,07 July 2025,Valenciennes,Dunkerque,178.3,792,9,41.64,Sprint of large group,Costiou Ewen,https://www.procyclingstats.com/rider/ewen-costiou,2002-11-10,2002,France,1.76,64.0,20.66,Brest,114,finished,113,530,133,GC,22,FR,Arkéa - B&B Hotels,,,",,",0,15415
3,RR,07 July 2025,Valenciennes,Dunkerque,178.3,792,9,41.64,Sprint of large group,Eenkhoorn Pascal,https://www.procyclingstats.com/rider/pascal-eenkhoorn,1997-02-08,1997,Netherlands,1.85,72.0,21.04,Zwolle,115,finished,77,352,23,Classic,28,NL,Soudal Quick-Step,,,",,",0,15415
3,RR,07 July 2025,Valenciennes,Dunkerque,178.3,792,9,41.64,Sprint of large group,Gall Felix,https://www.procyclingstats.com/rider/felix-gall,1998-02-27,1998,Austria,1.8,66.0,20.37,Nußdorf-Debant,116,finished,20,49,151,Climber,27,AT,Decathlon AG2R La Mondiale Team,,,",,",0,15415
3,RR,07 July 2025,Valenciennes,Dunkerque,178.3,792,9,41.64,Sprint of large group,Storer Michael,https://www.procyclingstats.com/rider/michael-storer,1997-02-28,1997,Australia,1.77,63.0,20.11,Perth,117,finished,173,950,117,Climber,28,AU,Tudor Pro Cycling Team,,,",,",0,15415
3,RR,07 July 2025,Valenciennes,Dunkerque,178.3,792,9,41.64,Sprint of large group,Haller Marco,https://www.procyclingstats.com/rider/marco-haller,1991-04-01,1991,Austria,1.78,72.0,22.72,Sankt Veit an der Glan,118,finished,131,667,113,Classic,34,AT,Tudor Pro Cycling Team,,,",,",0,15415
3,RR,07 July 2025,Valenciennes,Dunkerque,178.3,792,9,41.64,Sprint of large group,Izagirre Ion,https://www.procyclingstats.com/rider/ion-izagirre,1989-02-04,1989,Spain,1.73,60.0,20.05,Ormaiztegi,119,finished,90,447,164,GC,36,ES,Cofidis,,,",,",0,15415
3,RR,07 July 2025,Valenciennes,Dunkerque,178.3,792,9,41.64,Sprint of large group,Vercher Mattéo,https://www.procyclingstats.com/rider/matheo-vercher,2001-01-26,2001,France,1.71,,,Lyon,120,finished,171,929,188,Hills,24,FR,TotalEnergies,,,",,",0,15415
3,RR,07 July 2025,Valenciennes,Dunkerque,178.3,792,9,41.64,Sprint of large group,Lutsenko Alexey,https://www.procyclingstats.com/rider/aleksey-lutsenko,1992-09-07,1992,Kazakhstan,1.74,74.0,24.44,Petropavl,121,finished,69,328,206,GC,32,KZ,Israel - Premier Tech,,,",,",0,15415
3,RR,07 July 2025,Valenciennes,Dunkerque,178.3,792,9,41.64,Sprint of large group,Mühlberger Gregor,https://www.procyclingstats.com/rider/gregor-muhlberger,1994-04-04,1994,Austria,1.8,64.0,19.75,Haidershofen,122,finished,105,506,146,GC,31,AT,Movistar Team,,,",,",0,15415
3,RR,07 July 2025,Valenciennes,Dunkerque,178.3,792,9,41.64,Sprint of large group,Yates Adam,https://www.procyclingstats.com/rider/adam-yates,1992-08-07,1992,Great Britain,1.73,58.0,19.38,Bury,123,finished,122,631,8,Climber,32,GB,UAE Team Emirates - XRG,,,",,",0,15415
3,RR,07 July 2025,Valenciennes,Dunkerque,178.3,792,9,41.64,Sprint of large group,Skjelmose Mattias,https://www.procyclingstats.com/rider/mattias-skjelmose-jensen,2000-09-26,2000,Denmark,1.8,65.0,20.06,Copenhagen,124,finished,18,49,85,Climber,24,DK,Lidl - Trek,,,",,",0,15415
3,RR,07 July 2025,Valenciennes,Dunkerque,178.3,792,9,41.64,Sprint of large group,Nys Thibau,https://www.procyclingstats.com/rider/thibau-nys,2002-11-12,2002,Belgium,1.76,64.0,20.66,Bonheiden,125,finished,169,870,83,Hills,22,BE,Lidl - Trek,,,",,",0,15415
3,RR,07 July 2025,Valenciennes,Dunkerque,178.3,792,9,41.64,Sprint of large group,Johannessen Anders Halland,https://www.procyclingstats.com/rider/anders-halland-johannessen,1999-08-23,1999,Norway,1.76,,,Drøbak,126,finished,153,770,226,GC,25,NO,Uno-X Mobility,,,",,",0,15415
3,RR,07 July 2025,Valenciennes,Dunkerque,178.3,792,9,41.64,Sprint of large group,Leknessund Andreas,https://www.procyclingstats.com/rider/andreas-leknessund,1999-05-21,1999,Norway,1.86,72.0,20.81,Tromsø,127,finished,176,985,227,GC,26,NO,Uno-X Mobility,,,",,",0,15415
3,RR,07 July 2025,Valenciennes,Dunkerque,178.3,792,9,41.64,Sprint of large group,Simmons Quinn,https://www.procyclingstats.com/rider/quinn-simmons,2001-05-08,2001,United States,1.85,73.0,21.33,Durango,128,finished,127,663,84,Hills,24,US,Lidl - Trek,,,",,",0,15415
3,RR,07 July 2025,Valenciennes,Dunkerque,178.3,792,9,41.64,Sprint of large group,Dunbar Eddie,https://www.procyclingstats.com/rider/edward-irl-dunbar,1996-09-01,1996,Ireland,1.7,57.0,19.72,Banteer,129,finished,83,398,122,GC,28,IE,Team Jayco AlUla,,,",,",0,15415
3,RR,07 July 2025,Valenciennes,Dunkerque,178.3,792,9,41.64,Sprint of large group,O'Connor Ben,https://www.procyclingstats.com/rider/ben-o-connor,1995-11-25,1995,Australia,1.88,67.0,18.96,Subiaco,130,finished,9,41,121,GC,29,AU,Team Jayco AlUla,,,",,",0,15415
3,RR,07 July 2025,Valenciennes,Dunkerque,178.3,792,9,41.64,Sprint of large group,Mas Enric,https://www.procyclingstats.com/rider/enric-mas,1995-01-07,1995,Spain,1.77,61.0,19.47,Artà,131,finished,6,10,141,Climber,30,ES,Movistar Team,,,",,",0,15415
3,RR,07 July 2025,Valenciennes,Dunkerque,178.3,792,9,41.64,Sprint of large group,Narváez Jhonatan,https://www.procyclingstats.com/rider/jhonatan-narvaez,1997-03-04,1997,Ecuador,1.74,65.0,21.47,El Playón de San Francisco,132,finished,42,138,3,Hills,28,EC,UAE Team Emirates - XRG,,,",,",0,15415
3,RR,07 July 2025,Valenciennes,Dunkerque,178.3,792,9,41.64,Sprint of large group,García Cortina Iván,https://www.procyclingstats.com/rider/ivan-garcia-cortina,1995-11-20,1995,Spain,1.83,77.0,22.99,Gijón,133,finished,130,667,145,Classic,29,ES,Movistar Team,,,",,",0,15415
3,RR,07 July 2025,Valenciennes,Dunkerque,178.3,792,9,41.64,Sprint of large group,Meurisse Xandro,https://www.procyclingstats.com/rider/xandro-meurisse,1992-01-31,1992,Belgium,1.81,68.0,20.76,Kortrijk,134,finished,56,214,104,GC,33,BE,Alpecin - Deceuninck,,,",,",0,15415
3,RR,07 July 2025,Valenciennes,Dunkerque,178.3,792,9,41.64,Sprint of large group,Vermeersch Gianni,https://www.procyclingstats.com/rider/gianni-vermeersch,1992-11-19,1992,Belgium,1.73,68.0,22.72,Roeselare,135,finished,76,352,107,Classic,32,BE,Alpecin - Deceuninck,,,",,",0,15415
3,RR,07 July 2025,Valenciennes,Dunkerque,178.3,792,9,41.64,Sprint of large group,Sweeny Harry,https://www.procyclingstats.com/rider/harry-sweeny,1998-07-09,1998,Australia,1.86,75.0,21.68,Warwick,136,finished,39,99,36,GC,26,AU,EF Education - EasyPost,,,",,",0,15415
3,RR,07 July 2025,Valenciennes,Dunkerque,178.3,792,9,41.64,Sprint of large group,Verstrynge Emiel,https://www.procyclingstats.com/rider/emiel-verstrynge,2002-02-04,2002,Belgium,1.89,69.0,19.32,Eeklo,137,finished,160,797,108,Climber,23,BE,Alpecin - Deceuninck,,,",,",0,15415
3,RR,07 July 2025,Valenciennes,Dunkerque,178.3,792,9,41.64,Sprint of large group,Jorgenson Matteo,https://www.procyclingstats.com/rider/matteo-jorgenson,1999-07-01,1999,United States,1.9,69.0,19.11,Walnut Creek,138,finished,5,10,15,GC,26,US,Team Visma | Lease a Bike,,,",,",0,15415
3,RR,07 July 2025,Valenciennes,Dunkerque,178.3,792,9,41.64,Sprint of large group,Barta Will,https://www.procyclingstats.com/rider/william-barta,1996-01-04,1996,United States,1.8,61.0,18.83,Boise,139,finished,180,1058,142,TT,29,US,Movistar Team,,,",,",0,15415
3,RR,07 July 2025,Valenciennes,Dunkerque,178.3,792,9,41.64,Sprint of large group,Dillier Silvan,https://www.procyclingstats.com/rider/silvan-dillier,1990-08-03,1990,Switzerland,1.83,75.0,22.4,Aarau,140,finished,178,1055,102,Classic,34,CH,Alpecin - Deceuninck,,,",,",0,15415
3,RR,07 July 2025,Valenciennes,Dunkerque,178.3,792,9,41.64,Sprint of large group,Baudin Alex,https://www.procyclingstats.com/rider/alex-baudin,2001-05-25,2001,France,1.83,64.0,19.11,Albertville,141,finished,87,411,34,Climber,24,FR,EF Education - EasyPost,,,",,",0,15415
3,RR,07 July 2025,Valenciennes,Dunkerque,178.3,792,9,41.64,Sprint of large group,Paret-Peintre Valentin,https://www.procyclingstats.com/rider/valentin-paret-peintre,2001-01-14,2001,France,1.78,52.0,16.41,Annemasse,142,finished,125,653,25,Climber,24,FR,Soudal Quick-Step,,,",,",0,15415
3,RR,07 July 2025,Valenciennes,Dunkerque,178.3,792,9,41.64,Sprint of large group,Woods Michael,https://www.procyclingstats.com/rider/michael-woods,1986-10-12,1986,Canada,1.75,62.0,20.24,Toronto,143,finished,139,704,201,Climber,38,CA,Israel - Premier Tech,,,",,",0,15415
3,RR,07 July 2025,Valenciennes,Dunkerque,178.3,792,9,41.64,Sprint of large group,Cort Magnus,https://www.procyclingstats.com/rider/magnus-cort-nielsen,1993-01-16,1993,Denmark,1.84,68.0,20.09,Rønne,144,finished,147,706,223,Hills,32,DK,Uno-X Mobility,,,",,",0,15415
3,RR,07 July 2025,Valenciennes,Dunkerque,178.3,792,9,41.64,Sprint of large group,Lipowitz Florian,https://www.procyclingstats.com/rider/florian-lipowitz,2000-09-21,2000,Germany,1.81,68.0,20.76,Laichingen,145,finished,22,49,72,GC,24,DE,Red Bull - BORA - hansgrohe,,,",,",0,15415
3,RR,07 July 2025,Valenciennes,Dunkerque,178.3,792,9,41.64,Sprint of large group,Van Eetvelt Lennert,https://www.procyclingstats.com/rider/lennert-van-eetvelt,2001-07-17,2001,Belgium,1.76,63.0,20.34,Binkom,146,finished,109,518,217,Climber,23,BE,Lotto,,,",,",0,15415
3,RR,07 July 2025,Valenciennes,Dunkerque,178.3,792,9,41.64,Sprint of large group,Hirschi Marc,https://www.procyclingstats.com/rider/marc-hirschi,1998-08-24,1998,Switzerland,1.74,61.0,20.15,Bern,147,finished,24,49,114,Classic,26,CH,Tudor Pro Cycling Team,,,",,",0,15415
3,RR,07 July 2025,Valenciennes,Dunkerque,178.3,792,9,41.64,Sprint of large group,Plapp Luke,https://www.procyclingstats.com/rider/luke-plapp,2000-12-25,2000,Australia,1.81,72.0,21.98,Melbourne,148,finished,170,870,126,GC,24,AU,Team Jayco AlUla,,,",,",0,15415
3,RR,07 July 2025,Valenciennes,Dunkerque,178.3,792,9,41.64,Sprint of large group,Roglič Primož,https://www.procyclingstats.com/rider/primoz-roglic,1989-10-29,1989,Slovenia,1.77,65.0,20.75,Trbovlje,149,finished,23,49,71,Climber,35,SI,Red Bull - BORA - hansgrohe,,,",,",0,15415
3,RR,07 July 2025,Valenciennes,Dunkerque,178.3,792,9,41.64,Sprint of large group,van Dijke Mick,https://www.procyclingstats.com/rider/mick-van-dijke,2000-03-15,2000,Netherlands,1.9,74.0,20.5,Goes,150,finished,119,613,76,Classic,25,NL,Red Bull - BORA - hansgrohe,,,",,",0,15415
3,RR,07 July 2025,Valenciennes,Dunkerque,178.3,792,9,41.64,Sprint of large group,Romeo Iván,https://www.procyclingstats.com/rider/ivan-romeo,2003-08-16,2003,Spain,1.93,75.0,20.13,Valladolid,151,finished,172,943,147,GC,21,ES,Movistar Team,,,",,",0,15415
3,RR,07 July 2025,Valenciennes,Dunkerque,178.3,792,9,41.64,Sprint of large group,Rubio Einer,https://www.procyclingstats.com/rider/einer-rubio,1998-02-22,1998,Colombia,1.64,56.0,20.82,Chíquiza,152,finished,174,982,148,Climber,27,CO,Movistar Team,,,",,",0,15415
3,RR,07 July 2025,Valenciennes,Dunkerque,178.3,792,9,41.64,Sprint of large group,Castrillo Pablo,https://www.procyclingstats.com/rider/pablo-castrillo-zapater,2001-01-02,2001,Spain,1.83,74.0,22.1,Jaca,153,finished,177,985,143,Climber,24,ES,Movistar Team,,,",,",0,15415
3,RR,07 July 2025,Valenciennes,Dunkerque,178.3,792,9,41.64,Sprint of large group,Burgaudeau Mathieu,https://www.procyclingstats.com/rider/mathieu-burgaudeau,1998-11-17,1998,France,1.68,61.0,21.61,Noirmoutier-en-l'Île,154,finished,88,432,182,Hills,26,FR,TotalEnergies,,,",,",0,15415
3,RR,07 July 2025,Valenciennes,Dunkerque,178.3,792,9,41.64,Sprint of large group,Van Wilder Ilan,https://www.procyclingstats.com/rider/ilan-van-wilder,2000-05-14,2000,Belgium,1.71,64.0,21.89,Jette,155,finished,43,138,28,GC,25,BE,Soudal Quick-Step,,,",,",0,15415
3,RR,07 July 2025,Valenciennes,Dunkerque,178.3,792,9,41.64,Sprint of large group,Durbridge Luke,https://www.procyclingstats.com/rider/luke-durbridge,1991-04-09,1991,Australia,1.87,78.0,22.31,Greenmount,156,finished,164,800,123,TT,34,AU,Team Jayco AlUla,,,",,",0,15415
3,RR,07 July 2025,Valenciennes,Dunkerque,178.3,792,9,41.64,Sprint of large group,Cattaneo Mattia,https://www.procyclingstats.com/rider/mattia-cattaneo,1990-10-25,1990,Italy,1.84,67.0,19.79,Alzano Lombardo,157,finished,94,453,22,TT,34,IT,Soudal Quick-Step,,,",,",0,15415
3,RR,07 July 2025,Valenciennes,Dunkerque,178.3,792,9,41.64,Sprint of large group,Evenepoel Remco,https://www.procyclingstats.com/rider/remco-evenepoel,2000-01-25,2000,Belgium,1.71,63.0,21.55,Aalst,158,finished,21,49,21,Climber,25,BE,Soudal Quick-Step,,,",,",0,15415
3,RR,07 July 2025,Valenciennes,Dunkerque,178.3,792,9,41.64,Sprint of large group,Ballerini Davide,https://www.procyclingstats.com/rider/davide-ballerini,1994-09-21,1994,Italy,1.83,71.0,21.2,Cantù,159,finished,146,706,172,Classic,30,IT,XDS Astana Team,,,",,",0,15415
3,RR,07 July 2025,Valenciennes,Dunkerque,178.3,792,9,41.64,Sprint of large group,Bol Cees,https://www.procyclingstats.com/rider/cees-bol,1995-07-27,1995,Netherlands,1.94,83.0,22.05,Zaandam,160,finished,181,1077,173,Sprint,29,NL,XDS Astana Team,,,",,",0,15415
3,RR,07 July 2025,Valenciennes,Dunkerque,178.3,792,9,41.64,Sprint of large group,Teunissen Mike,https://www.procyclingstats.com/rider/mike-teunissen,1992-08-25,1992,Netherlands,1.84,73.0,21.56,Ysselsteyn,161,finished,54,212,177,Classic,32,NL,XDS Astana Team,,,",,",0,15415
3,RR,07 July 2025,Valenciennes,Dunkerque,178.3,792,9,41.64,Sprint of large group,Tejada Harold,https://www.procyclingstats.com/rider/harold-tejada,1997-04-27,1997,Colombia,1.8,63.0,19.44,Pitalito,162,finished,80,359,171,Climber,28,CO,XDS Astana Team,,,",,",0,15415
3,RR,07 July 2025,Valenciennes,Dunkerque,178.3,792,9,41.64,Sprint of large group,Velasco Simone,https://www.procyclingstats.com/rider/simone-velasco,1995-12-02,1995,Italy,1.7,59.0,20.42,Bologna,163,finished,85,401,178,Classic,29,IT,XDS Astana Team,,,",,",0,15415
3,RR,07 July 2025,Valenciennes,Dunkerque,178.3,792,9,41.64,Sprint of large group,Higuita Sergio,https://www.procyclingstats.com/rider/sergio-higuita,1997-08-01,1997,Colombia,1.66,57.0,20.69,Medellín,164,finished,162,797,176,Climber,27,CO,XDS Astana Team,,,",,",0,15415
3,RR,07 July 2025,Valenciennes,Dunkerque,178.3,792,9,41.64,Sprint of large group,Scotson Callum,https://www.procyclingstats.com/rider/callum-scotson,1996-08-10,1996,Australia,1.83,77.0,22.99,Campbelltown,165,finished,61,283,157,GC,28,AU,Decathlon AG2R La Mondiale Team,,,",,",0,15415
3,RR,07 July 2025,Valenciennes,Dunkerque,178.3,792,9,41.64,Sprint of large group,Moscon Gianni,https://www.procyclingstats.com/rider/gianni-moscon,1994-04-20,1994,Italy,1.8,71.0,21.91,Trento,166,finished,91,447,74,Classic,31,IT,Red Bull - BORA - hansgrohe,,,",,",0,15415
3,RR,07 July 2025,Valenciennes,Dunkerque,178.3,792,9,41.64,Sprint of large group,Aranburu Alex,https://www.procyclingstats.com/rider/alex-aranburu,1995-09-19,1995,Spain,1.78,63.0,19.88,Ezkio-Itsaso,167,finished,50,202,162,Classic,29,ES,Cofidis,,,",,",0,15415
3,RR,07 July 2025,Valenciennes,Dunkerque,178.3,792,9,41.64,Sprint of large group,Berthet Clément,https://www.procyclingstats.com/rider/clement-berthet,1997-08-02,1997,France,1.84,68.0,20.09,Pierre Bénite,168,finished,32,80,153,Climber,27,FR,Decathlon AG2R La Mondiale Team,,,",,",0,15415
3,RR,07 July 2025,Valenciennes,Dunkerque,178.3,792,9,41.64,Sprint of large group,Armirail Bruno,https://www.procyclingstats.com/rider/bruno-armirail,1994-04-11,1994,France,1.9,72.0,19.94,Bagnères-de-Bigorre,169,finished,159,797,152,TT,31,FR,Decathlon AG2R La Mondiale Team,,,",,",0,15415
3,RR,07 July 2025,Valenciennes,Dunkerque,178.3,792,9,41.64,Sprint of large group,Naberman Tim,https://www.procyclingstats.com/rider/tim-naberman,1999-05-11,1999,Netherlands,1.87,70.0,20.02,Genemuiden,170,finished,163,797,197,GC,26,NL,Team Picnic PostNL,,,",,",0,15415
3,RR,07 July 2025,Valenciennes,Dunkerque,178.3,792,9,41.64,Sprint of large group,Thomas Geraint,https://www.procyclingstats.com/rider/geraint-thomas,1986-05-25,1986,Great Britain,1.83,71.0,21.2,Cardiff,171,finished,35,80,61,GC,39,GB,INEOS Grenadiers,,,",,",0,15415
3,RR,07 July 2025,Valenciennes,Dunkerque,178.3,792,9,41.64,Sprint of large group,Arensman Thymen,https://www.procyclingstats.com/rider/thymen-arensman,1999-12-04,1999,Netherlands,1.9,68.0,18.84,Deil,172,finished,123,631,62,GC,25,NL,INEOS Grenadiers,,,",,",0,15415
3,RR,07 July 2025,Valenciennes,Dunkerque,178.3,792,9,41.64,Sprint of large group,Swift Connor,https://www.procyclingstats.com/rider/connor-swift,1995-10-30,1995,Great Britain,1.9,75.0,20.78,Thorne,173,finished,93,448,67,Classic,29,GB,INEOS Grenadiers,,,",,",0,15415
3,RR,07 July 2025,Valenciennes,Dunkerque,178.3,792,9,41.64,Sprint of large group,Renard Alexis,https://www.procyclingstats.com/rider/alexis-renard,1999-06-01,1999,France,1.86,74.0,21.39,Saint-Brieuc,174,finished,110,518,165,Classic,26,FR,Cofidis,,,",,",0,15415
3,RR,07 July 2025,Valenciennes,Dunkerque,178.3,792,9,41.64,Sprint of large group,Coquard Bryan,https://www.procyclingstats.com/rider/bryan-coquard,1992-04-25,1992,France,1.71,59.0,20.18,Saint-Nazaire,175,finished,33,80,163,Sprint,33,FR,Cofidis,,,",,",0,15415
3,RR,07 July 2025,Valenciennes,Dunkerque,178.3,792,9,41.64,Sprint of large group,Penhoët Paul,https://www.procyclingstats.com/rider/paul-penhoet,2001-12-28,2001,France,1.73,64.0,21.38,Clamart,176,finished,55,212,97,Classic,23,FR,Groupama - FDJ,,,",,",0,15415
3,RR,07 July 2025,Valenciennes,Dunkerque,178.3,792,9,41.64,Sprint of large group,Zimmermann Georg,https://www.procyclingstats.com/rider/georg-zimmermann,1997-10-11,1997,Germany,1.81,70.0,21.37,Augsburg,177,finished,103,501,48,Classic,27,DE,Intermarché - Wanty,,,",,",0,15415
3,RR,07 July 2025,Valenciennes,Dunkerque,178.3,792,9,41.64,Sprint of large group,Rex Laurenz,https://www.procyclingstats.com/rider/laurenz-rex,1999-12-15,1999,Belgium,1.93,83.0,22.28,Marburg,178,finished,161,797,45,Classic,25,BE,Intermarché - Wanty,,,",,",0,15415
3,RR,07 July 2025,Valenciennes,Dunkerque,178.3,792,9,41.64,Sprint of large group,Pithie Laurence,https://www.procyclingstats.com/rider/laurence-pithie,2002-07-17,2002,New Zealand,1.85,74.0,21.62,Christchurch,179,finished,104,502,75,Classic,22,NZ,Red Bull - BORA - hansgrohe,,,",,",0,15415
3,RR,07 July 2025,Valenciennes,Dunkerque,178.3,792,9,41.64,Sprint of large group,Meeus Jordi,https://www.procyclingstats.com/rider/jordi-meeus,1998-07-01,1998,Belgium,1.9,80.0,22.16,Lommel,180,finished,148,706,73,Classic,27,BE,Red Bull - BORA - hansgrohe,,,",,",0,15415
3,RR,07 July 2025,Valenciennes,Dunkerque,178.3,792,9,41.64,Sprint of large group,Jeannière Emilien,https://www.procyclingstats.com/rider/emilien-jeanniere,1998-09-26,1998,France,1.76,,,Saint-Paul-en-Pareds,181,finished,124,631,185,Classic,26,FR,TotalEnergies,,,",,",0,15415
3,RR,07 July 2025,Valenciennes,Dunkerque,178.3,792,9,41.64,Sprint of large group,Philipsen Jasper,https://www.procyclingstats.com/rider/jasper-philipsen,1998-03-02,1998,Belgium,1.76,75.0,24.21,Mol,,DNF,,,101,Sprint,27,BE,Alpecin - Deceuninck,,,,,
4,RR,08 July 2025,Amiens Métropole,Rouen,174.2,1745,81,45.348,Sprint of 6 riders,Pogačar Tadej,https://www.procyclingstats.com/rider/tadej-pogacar,1998-09-21,1998,Slovenia,1.76,66.0,21.31,Klanec,1,finished,2,0,1,Climber,26,SI,UAE Team Emirates - XRG,210.0,100.0,3:50:29,0,13829
4,RR,08 July 2025,Amiens Métropole,Rouen,174.2,1745,81,45.348,Sprint of 6 riders,van der Poel Mathieu,https://www.procyclingstats.com/rider/mathieu-van-der-poel,1995-01-19,1995,Netherlands,1.84,75.0,22.15,Kapellen,2,finished,1,0,106,Classic,30,NL,Alpecin - Deceuninck,150.0,70.0,",,",0,13829
4,RR,08 July 2025,Amiens Métropole,Rouen,174.2,1745,81,45.348,Sprint of 6 riders,Vingegaard Jonas,https://www.procyclingstats.com/rider/jonas-vingegaard,1996-12-10,1996,Denmark,1.75,58.0,18.94,Hillerslev,3,finished,3,8,11,GC,28,DK,Team Visma | Lease a Bike,110.0,50.0,",,",0,13829
4,RR,08 July 2025,Amiens Métropole,Rouen,174.2,1745,81,45.348,Sprint of 6 riders,Onley Oscar,https://www.procyclingstats.com/rider/oscar-onley,2002-10-13,2002,Great Britain,1.73,62.0,20.72,Kelso,4,finished,7,55,191,GC,22,GB,Team Picnic PostNL,90.0,40.0,",,",0,13829
4,RR,08 July 2025,Amiens Métropole,Rouen,174.2,1745,81,45.348,Sprint of 6 riders,Grégoire Romain,https://www.procyclingstats.com/rider/romain-gregoire,2003-01-21,2003,France,1.76,64.0,20.66,Besançon,5,finished,40,334,94,Classic,22,FR,Groupama - FDJ,70.0,32.0,",,",0,13829
4,RR,08 July 2025,Amiens Métropole,Rouen,174.2,1745,81,45.348,Sprint of 6 riders,Almeida João,https://www.procyclingstats.com/rider/joao-almeida,1998-08-05,1998,Portugal,1.78,63.0,19.88,Caldas da Rainha,6,finished,8,55,2,GC,26,PT,UAE Team Emirates - XRG,55.0,26.0,",,",0,13829
4,RR,08 July 2025,Amiens Métropole,Rouen,174.2,1745,81,45.348,Sprint of 6 riders,Evenepoel Remco,https://www.procyclingstats.com/rider/remco-evenepoel,2000-01-25,2000,Belgium,1.71,63.0,21.55,Aalst,7,finished,9,58,21,Climber,25,BE,Soudal Quick-Step,45.0,22.0,0:03,3,13832
4,RR,08 July 2025,Amiens Métropole,Rouen,174.2,1745,81,45.348,Sprint of 6 riders,Jorgenson Matteo,https://www.procyclingstats.com/rider/matteo-jorgenson,1999-07-01,1999,United States,1.9,69.0,19.11,Walnut Creek,8,finished,4,19,15,GC,26,US,Team Visma | Lease a Bike,40.0,18.0,",,",3,13832
4,RR,08 July 2025,Amiens Métropole,Rouen,174.2,1745,81,45.348,Sprint of 6 riders,Skjelmose Mattias,https://www.procyclingstats.com/rider/mattias-skjelmose-jensen,2000-09-26,2000,Denmark,1.8,65.0,20.06,Copenhagen,9,finished,10,62,85,Climber,24,DK,Lidl - Trek,35.0,14.0,0:07,7,13836
4,RR,08 July 2025,Amiens Métropole,Rouen,174.2,1745,81,45.348,Sprint of 6 riders,Vauquelin Kévin,https://www.procyclingstats.com/rider/kevin-vauquelin,2001-04-26,2001,France,1.76,69.0,22.28,Bayeux,10,finished,5,26,131,GC,24,FR,Arkéa - B&B Hotels,30.0,10.0,0:10,10,13839
4,RR,08 July 2025,Amiens Métropole,Rouen,174.2,1745,81,45.348,Sprint of 6 riders,van Aert Wout,https://www.procyclingstats.com/rider/wout-van-aert,1994-09-15,1994,Belgium,1.9,78.0,21.61,Herentals,11,finished,37,294,17,Classic,30,BE,Team Visma | Lease a Bike,25.0,8.0,0:30,30,13859
4,RR,08 July 2025,Amiens Métropole,Rouen,174.2,1745,81,45.348,Sprint of 6 riders,Paret-Peintre Aurélien,https://www.procyclingstats.com/rider/aurelien-paret-peintre,1996-02-27,1996,France,1.84,64.0,18.9,Annemasse,12,finished,12,85,156,GC,29,FR,Decathlon AG2R La Mondiale Team,20.0,6.0,",,",30,13859
4,RR,08 July 2025,Amiens Métropole,Rouen,174.2,1745,81,45.348,Sprint of 6 riders,Baudin Alex,https://www.procyclingstats.com/rider/alex-baudin,2001-05-25,2001,France,1.83,64.0,19.11,Albertville,13,finished,46,447,34,Climber,24,FR,EF Education - EasyPost,15.0,4.0,",,",30,13859
4,RR,08 July 2025,Amiens Métropole,Rouen,174.2,1745,81,45.348,Sprint of 6 riders,Narváez Jhonatan,https://www.procyclingstats.com/rider/jhonatan-narvaez,1997-03-04,1997,Ecuador,1.74,65.0,21.47,El Playón de San Francisco,14,finished,30,174,3,Hills,28,EC,UAE Team Emirates - XRG,10.0,2.0,",,",30,13859
4,RR,08 July 2025,Amiens Métropole,Rouen,174.2,1745,81,45.348,Sprint of 6 riders,Johannessen Tobias Halland,https://www.procyclingstats.com/rider/tobias-halland-johannessen,1999-08-23,1999,Norway,1.76,62.0,20.02,Drøbak,15,finished,11,77,221,Climber,25,NO,Uno-X Mobility,5.0,1.0,",,",30,13859
4,RR,08 July 2025,Amiens Métropole,Rouen,174.2,1745,81,45.348,Sprint of 6 riders,Benoot Tiesj,https://www.procyclingstats.com/rider/tiesj-benoot,1994-03-11,1994,Belgium,1.9,72.0,19.94,Ghent,16,finished,26,137,13,Classic,31,BE,Team Visma | Lease a Bike,,,0:32,32,13861
4,RR,08 July 2025,Amiens Métropole,Rouen,174.2,1745,81,45.348,Sprint of 6 riders,Mas Enric,https://www.procyclingstats.com/rider/enric-mas,1995-01-07,1995,Spain,1.77,61.0,19.47,Artà,17,finished,6,48,141,Climber,30,ES,Movistar Team,,,",,",32,13861
4,RR,08 July 2025,Amiens Métropole,Rouen,174.2,1745,81,45.348,Sprint of 6 riders,Roglič Primož,https://www.procyclingstats.com/rider/primoz-roglic,1989-10-29,1989,Slovenia,1.77,65.0,20.75,Trbovlje,18,finished,13,87,71,Climber,35,SI,Red Bull - BORA - hansgrohe,,,",,",32,13861
4,RR,08 July 2025,Amiens Métropole,Rouen,174.2,1745,81,45.348,Sprint of 6 riders,Lutsenko Alexey,https://www.procyclingstats.com/rider/aleksey-lutsenko,1992-09-07,1992,Kazakhstan,1.74,74.0,24.44,Petropavl,19,finished,43,366,206,GC,32,KZ,Israel - Premier Tech,,,",,",32,13861
4,RR,08 July 2025,Amiens Métropole,Rouen,174.2,1745,81,45.348,Sprint of 6 riders,Hirschi Marc,https://www.procyclingstats.com/rider/marc-hirschi,1998-08-24,1998,Switzerland,1.74,61.0,20.15,Bern,20,finished,14,90,114,Classic,26,CH,Tudor Pro Cycling Team,,,0:35,35,13864
4,RR,08 July 2025,Amiens Métropole,Rouen,174.2,1745,81,45.348,Sprint of 6 riders,Aranburu Alex,https://www.procyclingstats.com/rider/alex-aranburu,1995-09-19,1995,Spain,1.78,63.0,19.88,Ezkio-Itsaso,21,finished,34,246,162,Classic,29,ES,Cofidis,,,0:38,38,13867
4,RR,08 July 2025,Amiens Métropole,Rouen,174.2,1745,81,45.348,Sprint of 6 riders,Jegat Jordan,https://www.procyclingstats.com/rider/jordan-jegat,1999-06-07,1999,France,1.76,59.0,19.05,Vannes,22,finished,21,124,186,Climber,26,FR,TotalEnergies,,,",,",38,13867
4,RR,08 July 2025,Amiens Métropole,Rouen,174.2,1745,81,45.348,Sprint of 6 riders,Laurance Axel,https://www.procyclingstats.com/rider/axel-laurance,2001-04-13,2001,France,1.79,63.0,19.66,Calan,23,finished,53,491,65,Hills,24,FR,INEOS Grenadiers,,,0:39,39,13868
4,RR,08 July 2025,Amiens Métropole,Rouen,174.2,1745,81,45.348,Sprint of 6 riders,Meurisse Xandro,https://www.procyclingstats.com/rider/xandro-meurisse,1992-01-31,1992,Belgium,1.81,68.0,20.76,Kortrijk,24,finished,36,259,104,GC,33,BE,Alpecin - Deceuninck,,,",,",39,13868
4,RR,08 July 2025,Amiens Métropole,Rouen,174.2,1745,81,45.348,Sprint of 6 riders,Champoussin Clément,https://www.procyclingstats.com/rider/clement-champoussin,1998-05-29,1998,France,1.8,61.0,18.83,Nice,25,finished,89,1030,174,Climber,27,FR,XDS Astana Team,,,",,",39,13868
4,RR,08 July 2025,Amiens Métropole,Rouen,174.2,1745,81,45.348,Sprint of 6 riders,Teuns Dylan,https://www.procyclingstats.com/rider/dylan-teuns,1992-03-01,1992,Belgium,1.81,64.0,19.54,Diest,26,finished,24,125,166,GC,33,BE,Cofidis,,,",,",39,13868
4,RR,08 July 2025,Amiens Métropole,Rouen,174.2,1745,81,45.348,Sprint of 6 riders,Rodríguez Carlos,https://www.procyclingstats.com/rider/carlos-rodriguez-cano,2001-02-02,2001,Spain,1.83,67.0,20.01,Almuñécar,27,finished,22,125,66,GC,24,ES,INEOS Grenadiers,,,",,",39,13868
4,RR,08 July 2025,Amiens Métropole,Rouen,174.2,1745,81,45.348,Sprint of 6 riders,Haig Jack,https://www.procyclingstats.com/rider/jack-haig,1993-09-06,1993,Australia,1.9,67.0,18.56,Southport,28,finished,23,125,54,GC,31,AU,Bahrain - Victorious,,,",,",39,13868
4,RR,08 July 2025,Amiens Métropole,Rouen,174.2,1745,81,45.348,Sprint of 6 riders,Berckmoes Jenno,https://www.procyclingstats.com/rider/jenno-berckmoes,2001-02-04,2001,Belgium,1.77,61.0,19.47,Ghent,29,finished,18,109,212,Classic,24,BE,Lotto,,,0:54,54,13883
4,RR,08 July 2025,Amiens Métropole,Rouen,174.2,1745,81,45.348,Sprint of 6 riders,Blackmore Joseph,https://www.procyclingstats.com/rider/joseph-blackmore,2003-02-23,2003,Great Britain,1.81,66.0,20.15,Sidcup,30,finished,15,101,203,GC,22,GB,Israel - Premier Tech,,,",,",54,13883
4,RR,08 July 2025,Amiens Métropole,Rouen,174.2,1745,81,45.348,Sprint of 6 riders,Rodríguez Cristián,https://www.procyclingstats.com/rider/cristian-rodriguez,1995-03-03,1995,Spain,1.78,59.0,18.62,El Ejido,31,finished,45,419,137,GC,30,ES,Arkéa - B&B Hotels,,,",,",54,13883
4,RR,08 July 2025,Amiens Métropole,Rouen,174.2,1745,81,45.348,Sprint of 6 riders,Gall Felix,https://www.procyclingstats.com/rider/felix-gall,1998-02-27,1998,Austria,1.8,66.0,20.37,Nußdorf-Debant,32,finished,19,109,151,Climber,27,AT,Decathlon AG2R La Mondiale Team,,,",,",54,13883
4,RR,08 July 2025,Amiens Métropole,Rouen,174.2,1745,81,45.348,Sprint of 6 riders,Lipowitz Florian,https://www.procyclingstats.com/rider/florian-lipowitz,2000-09-21,2000,Germany,1.81,68.0,20.76,Laichingen,33,finished,20,109,72,GC,24,DE,Red Bull - BORA - hansgrohe,,,",,",54,13883
4,RR,08 July 2025,Amiens Métropole,Rouen,174.2,1745,81,45.348,Sprint of 6 riders,Buitrago Santiago,https://www.procyclingstats.com/rider/santiago-buitrago-sanchez,1999-09-26,1999,Colombia,1.74,59.0,19.49,Bogotá,34,finished,17,109,51,Climber,25,CO,Bahrain - Victorious,,,",,",54,13883
4,RR,08 July 2025,Amiens Métropole,Rouen,174.2,1745,81,45.348,Sprint of 6 riders,Cras Steff,https://www.procyclingstats.com/rider/steff-cras,1996-02-13,1996,Belgium,1.83,67.0,20.01,Geel,35,finished,28,140,181,GC,29,BE,TotalEnergies,,,",,",54,13883
4,RR,08 July 2025,Amiens Métropole,Rouen,174.2,1745,81,45.348,Sprint of 6 riders,Velasco Simone,https://www.procyclingstats.com/rider/simone-velasco,1995-12-02,1995,Italy,1.7,59.0,20.42,Bologna,36,finished,48,461,178,Classic,29,IT,XDS Astana Team,,,",,",54,13883
4,RR,08 July 2025,Amiens Métropole,Rouen,174.2,1745,81,45.348,Sprint of 6 riders,Martin Guillaume,https://www.procyclingstats.com/rider/guillaume-martin,1993-06-09,1993,France,1.73,55.0,18.38,Paris,37,finished,16,109,91,Climber,32,FR,Groupama - FDJ,,,",,",54,13883
4,RR,08 July 2025,Amiens Métropole,Rouen,174.2,1745,81,45.348,Sprint of 6 riders,Madouas Valentin,https://www.procyclingstats.com/rider/valentin-madouas,1996-07-12,1996,France,1.79,71.0,22.16,Brest,38,finished,27,140,95,Classic,28,FR,Groupama - FDJ,,,",,",54,13883
4,RR,08 July 2025,Amiens Métropole,Rouen,174.2,1745,81,45.348,Sprint of 6 riders,Barguil Warren,https://www.procyclingstats.com/rider/warren-barguil,1991-10-28,1991,France,1.83,61.0,18.21,Hennebont,39,finished,41,352,192,Climber,33,FR,Team Picnic PostNL,,,1:08,68,13897
4,RR,08 July 2025,Amiens Métropole,Rouen,174.2,1745,81,45.348,Sprint of 6 riders,Buchmann Emanuel,https://www.procyclingstats.com/rider/emanuel-buchmann,1992-11-18,1992,Germany,1.8,59.0,18.21,Ravensburg,40,finished,25,136,161,GC,32,DE,Cofidis,,,1:21,81,13910
4,RR,08 July 2025,Amiens Métropole,Rouen,174.2,1745,81,45.348,Sprint of 6 riders,Schmid Mauro,https://www.procyclingstats.com/rider/mauro-schmid,1999-12-04,1999,Switzerland,1.87,70.0,20.02,Bülach,41,finished,52,483,128,Hills,25,CH,Team Jayco AlUla,,,1:49,109,13938
4,RR,08 July 2025,Amiens Métropole,Rouen,174.2,1745,81,45.348,Sprint of 6 riders,Dunbar Eddie,https://www.procyclingstats.com/rider/edward-irl-dunbar,1996-09-01,1996,Ireland,1.7,57.0,19.72,Banteer,42,finished,55,513,122,GC,28,IE,Team Jayco AlUla,,,",,",109,13938
4,RR,08 July 2025,Amiens Métropole,Rouen,174.2,1745,81,45.348,Sprint of 6 riders,O'Connor Ben,https://www.procyclingstats.com/rider/ben-o-connor,1995-11-25,1995,Australia,1.88,67.0,18.96,Subiaco,43,finished,29,156,121,GC,29,AU,Team Jayco AlUla,,,",,",109,13938
4,RR,08 July 2025,Amiens Métropole,Rouen,174.2,1745,81,45.348,Sprint of 6 riders,Barré Louis,https://www.procyclingstats.com/rider/louis-barre,2000-04-06,2000,France,1.84,68.0,20.09,Nantes,44,finished,76,819,42,Classic,25,FR,Intermarché - Wanty,,,",,",109,13938
4,RR,08 July 2025,Amiens Métropole,Rouen,174.2,1745,81,45.348,Sprint of 6 riders,Healy Ben,https://www.procyclingstats.com/rider/ben-healy,2000-09-11,2000,Ireland,1.75,62.0,20.24,Kingswinford Previous nationalities Great Britain until 2016,45,finished,35,257,31,Climber,24,IE,EF Education - EasyPost,,,1:53,113,13942
4,RR,08 July 2025,Amiens Métropole,Rouen,174.2,1745,81,45.348,Sprint of 6 riders,Tronchon Bastien,https://www.procyclingstats.com/rider/bastien-tronchon,2002-03-29,2002,France,1.85,72.0,21.04,Chambéry,46,finished,38,321,158,Classic,23,FR,Decathlon AG2R La Mondiale Team,,,",,",113,13942
4,RR,08 July 2025,Amiens Métropole,Rouen,174.2,1745,81,45.348,Sprint of 6 riders,Trentin Matteo,https://www.procyclingstats.com/rider/matteo-trentin,1989-08-02,1989,Italy,1.79,74.0,23.1,Borgo Valsugana,47,finished,47,456,118,Classic,35,IT,Tudor Pro Cycling Team,,,2:17,137,13966
4,RR,08 July 2025,Amiens Métropole,Rouen,174.2,1745,81,45.348,Sprint of 6 riders,Burgaudeau Mathieu,https://www.procyclingstats.com/rider/mathieu-burgaudeau,1998-11-17,1998,France,1.68,61.0,21.61,Noirmoutier-en-l'Île,48,finished,59,575,182,Hills,26,FR,TotalEnergies,,,",,",137,13966
4,RR,08 July 2025,Amiens Métropole,Rouen,174.2,1745,81,45.348,Sprint of 6 riders,Delettre Alexandre,https://www.procyclingstats.com/rider/alexandre-delettre,1997-10-25,1997,France,1.7,62.0,21.45,Gonesse,49,finished,31,192,183,Classic,27,FR,TotalEnergies,,,",,",137,13966
4,RR,08 July 2025,Amiens Métropole,Rouen,174.2,1745,81,45.348,Sprint of 6 riders,Powless Neilson,https://www.procyclingstats.com/rider/neilson-powless,1996-09-03,1996,United States,1.83,67.0,20.01,Eglin,50,finished,32,205,35,Classic,28,US,EF Education - EasyPost,,,2:30,150,13979
4,RR,08 July 2025,Amiens Métropole,Rouen,174.2,1745,81,45.348,Sprint of 6 riders,Kuss Sepp,https://www.procyclingstats.com/rider/sepp-kuss,1994-09-13,1994,United States,1.82,61.0,18.42,Durango,51,finished,33,236,16,Climber,30,US,Team Visma | Lease a Bike,,,",,",150,13979
4,RR,08 July 2025,Amiens Métropole,Rouen,174.2,1745,81,45.348,Sprint of 6 riders,Izagirre Ion,https://www.procyclingstats.com/rider/ion-izagirre,1989-02-04,1989,Spain,1.73,60.0,20.05,Ormaiztegi,52,finished,60,607,164,GC,36,ES,Cofidis,,,2:34,154,13983
4,RR,08 July 2025,Amiens Métropole,Rouen,174.2,1745,81,45.348,Sprint of 6 riders,Nys Thibau,https://www.procyclingstats.com/rider/thibau-nys,2002-11-12,2002,Belgium,1.76,64.0,20.66,Bonheiden,53,finished,90,1030,83,Hills,22,BE,Lidl - Trek,,,",,",154,13983
4,RR,08 July 2025,Amiens Métropole,Rouen,174.2,1745,81,45.348,Sprint of 6 riders,Vlasov Aleksandr,https://www.procyclingstats.com/rider/aleksandr-vlasov,1996-04-23,1996,Russia,1.86,68.0,19.66,Vyborg,54,finished,69,739,78,Climber,29,RU,Red Bull - BORA - hansgrohe,,,3:08,188,14017
4,RR,08 July 2025,Amiens Métropole,Rouen,174.2,1745,81,45.348,Sprint of 6 riders,Costiou Ewen,https://www.procyclingstats.com/rider/ewen-costiou,2002-11-10,2002,France,1.76,64.0,20.66,Brest,55,finished,71,747,133,GC,22,FR,Arkéa - B&B Hotels,,,3:31,211,14040
4,RR,08 July 2025,Amiens Métropole,Rouen,174.2,1745,81,45.348,Sprint of 6 riders,Venturini Clément,https://www.procyclingstats.com/rider/clement-venturini,1993-10-16,1993,France,1.65,60.0,22.04,Villeurbanne,56,finished,39,324,138,Classic,31,FR,Arkéa - B&B Hotels,,,",,",211,14040
4,RR,08 July 2025,Amiens Métropole,Rouen,174.2,1745,81,45.348,Sprint of 6 riders,Eenkhoorn Pascal,https://www.procyclingstats.com/rider/pascal-eenkhoorn,1997-02-08,1997,Netherlands,1.85,72.0,21.04,Zwolle,57,finished,58,569,23,Classic,28,NL,Soudal Quick-Step,,,",,",211,14040
4,RR,08 July 2025,Amiens Métropole,Rouen,174.2,1745,81,45.348,Sprint of 6 riders,Johannessen Anders Halland,https://www.procyclingstats.com/rider/anders-halland-johannessen,1999-08-23,1999,Norway,1.76,,,Drøbak,58,finished,82,987,226,GC,25,NO,Uno-X Mobility,,,",,",211,14040
4,RR,08 July 2025,Amiens Métropole,Rouen,174.2,1745,81,45.348,Sprint of 6 riders,Higuita Sergio,https://www.procyclingstats.com/rider/sergio-higuita,1997-08-01,1997,Colombia,1.66,57.0,20.69,Medellín,59,finished,86,1014,176,Climber,27,CO,XDS Astana Team,,,",,",211,14040
4,RR,08 July 2025,Amiens Métropole,Rouen,174.2,1745,81,45.348,Sprint of 6 riders,Yates Simon,https://www.procyclingstats.com/rider/simon-yates,1992-08-07,1992,Great Britain,1.72,58.0,19.61,Bury,60,finished,67,707,18,Climber,32,GB,Team Visma | Lease a Bike,,,",,",211,14040
4,RR,08 July 2025,Amiens Métropole,Rouen,174.2,1745,81,45.348,Sprint of 6 riders,Hoelgaard Markus,https://www.procyclingstats.com/rider/markus-hoelgaard,1994-10-04,1994,Norway,1.88,74.0,20.94,Stavanger,61,finished,57,569,225,Classic,30,NO,Uno-X Mobility,,,",,",211,14040
4,RR,08 July 2025,Amiens Métropole,Rouen,174.2,1745,81,45.348,Sprint of 6 riders,Andresen Tobias Lund,https://www.procyclingstats.com/rider/tobias-lund-andresen,2002-08-20,2002,Denmark,1.81,69.0,21.06,Taastrup,62,finished,42,360,195,Classic,22,DK,Team Picnic PostNL,,,",,",211,14040
4,RR,08 July 2025,Amiens Métropole,Rouen,174.2,1745,81,45.348,Sprint of 6 riders,Pacher Quentin,https://www.procyclingstats.com/rider/quentin-pacher,1992-01-06,1992,France,1.79,62.0,19.35,Libourne,63,finished,56,558,96,Hills,33,FR,Groupama - FDJ,,,3:44,224,14053
4,RR,08 July 2025,Amiens Métropole,Rouen,174.2,1745,81,45.348,Sprint of 6 riders,Neilands Krists,https://www.procyclingstats.com/rider/krists-neilands,1994-08-18,1994,Latvia,1.89,69.0,19.32,Kuldīga,64,finished,49,464,207,Classic,30,LV,Israel - Premier Tech,,,4:06,246,14075
4,RR,08 July 2025,Amiens Métropole,Rouen,174.2,1745,81,45.348,Sprint of 6 riders,Oliveira Nelson,https://www.procyclingstats.com/rider/nelson-oliveira,1989-03-06,1989,Portugal,1.8,67.0,20.68,Anadia,65,finished,74,778,144,TT,36,PT,Movistar Team,,,4:14,254,14083
4,RR,08 July 2025,Amiens Métropole,Rouen,174.2,1745,81,45.348,Sprint of 6 riders,Sweeny Harry,https://www.procyclingstats.com/rider/harry-sweeny,1998-07-09,1998,Australia,1.86,75.0,21.68,Warwick,66,finished,44,370,36,GC,26,AU,EF Education - EasyPost,,,4:25,265,14094
4,RR,08 July 2025,Amiens Métropole,Rouen,174.2,1745,81,45.348,Sprint of 6 riders,Wellens Tim,https://www.procyclingstats.com/rider/tim-wellens,1991-05-10,1991,Belgium,1.82,71.0,21.43,Sint-Truiden,67,finished,51,479,7,GC,34,BE,UAE Team Emirates - XRG,,,4:45,285,14114
4,RR,08 July 2025,Amiens Métropole,Rouen,174.2,1745,81,45.348,Sprint of 6 riders,Campenaerts Victor,https://www.procyclingstats.com/rider/victor-campenaerts,1991-10-28,1991,Belgium,1.73,68.0,22.72,Hoboken,68,finished,70,745,14,TT,33,BE,Team Visma | Lease a Bike,,,",,",285,14114
4,RR,08 July 2025,Amiens Métropole,Rouen,174.2,1745,81,45.348,Sprint of 6 riders,Leknessund Andreas,https://www.procyclingstats.com/rider/andreas-leknessund,1999-05-21,1999,Norway,1.86,72.0,20.81,Tromsø,69,finished,117,1276,227,GC,26,NO,Uno-X Mobility,,,",,",285,14114
4,RR,08 July 2025,Amiens Métropole,Rouen,174.2,1745,81,45.348,Sprint of 6 riders,Simmons Quinn,https://www.procyclingstats.com/rider/quinn-simmons,2001-05-08,2001,United States,1.85,73.0,21.33,Durango,70,finished,91,1036,84,Hills,24,US,Lidl - Trek,,,6:07,367,14196
4,RR,08 July 2025,Amiens Métropole,Rouen,174.2,1745,81,45.348,Sprint of 6 riders,Stuyven Jasper,https://www.procyclingstats.com/rider/jasper-stuyven,1992-04-17,1992,Belgium,1.87,80.0,22.88,Leuven,71,finished,66,691,87,Classic,33,BE,Lidl - Trek,,,6:12,372,14201
4,RR,08 July 2025,Amiens Métropole,Rouen,174.2,1745,81,45.348,Sprint of 6 riders,Mühlberger Gregor,https://www.procyclingstats.com/rider/gregor-muhlberger,1994-04-04,1994,Austria,1.8,64.0,19.75,Haidershofen,72,finished,79,884,146,GC,31,AT,Movistar Team,,,",,",372,14201
4,RR,08 July 2025,Amiens Métropole,Rouen,174.2,1745,81,45.348,Sprint of 6 riders,Alaphilippe Julian,https://www.procyclingstats.com/rider/julian-alaphilippe,1992-06-11,1992,France,1.73,62.0,20.72,Saint-Amand-Montrond,73,finished,75,798,111,Classic,33,FR,Tudor Pro Cycling Team,,,6:31,391,14220
4,RR,08 July 2025,Amiens Métropole,Rouen,174.2,1745,81,45.348,Sprint of 6 riders,Thomas Geraint,https://www.procyclingstats.com/rider/geraint-thomas,1986-05-25,1986,Great Britain,1.83,71.0,21.2,Cardiff,74,finished,50,477,61,GC,39,GB,INEOS Grenadiers,,,",,",391,14220
4,RR,08 July 2025,Amiens Métropole,Rouen,174.2,1745,81,45.348,Sprint of 6 riders,Arensman Thymen,https://www.procyclingstats.com/rider/thymen-arensman,1999-12-04,1999,Netherlands,1.9,68.0,18.84,Deil,75,finished,88,1028,62,GC,25,NL,INEOS Grenadiers,,,",,",391,14220
4,RR,08 July 2025,Amiens Métropole,Rouen,174.2,1745,81,45.348,Sprint of 6 riders,Rutsch Jonas,https://www.procyclingstats.com/rider/jonas-rutsch,1998-01-24,1998,Germany,1.97,82.0,21.13,Erbach im Odenwald,76,finished,103,1194,46,Classic,27,DE,Intermarché - Wanty,,,",,",391,14220
4,RR,08 July 2025,Amiens Métropole,Rouen,174.2,1745,81,45.348,Sprint of 6 riders,Yates Adam,https://www.procyclingstats.com/rider/adam-yates,1992-08-07,1992,Great Britain,1.73,58.0,19.38,Bury,77,finished,87,1028,8,Climber,32,GB,UAE Team Emirates - XRG,,,",,",391,14220
4,RR,08 July 2025,Amiens Métropole,Rouen,174.2,1745,81,45.348,Sprint of 6 riders,Schachmann Maximilian,https://www.procyclingstats.com/rider/maximilian-schachmann,1994-01-09,1994,Germany,1.83,71.0,21.2,Berlin,78,finished,116,1267,26,GC,31,DE,Soudal Quick-Step,,,",,",391,14220
4,RR,08 July 2025,Amiens Métropole,Rouen,174.2,1745,81,45.348,Sprint of 6 riders,Sivakov Pavel,https://www.procyclingstats.com/rider/pavel-sivakov,1997-07-11,1997,France,1.88,70.0,19.81,San Donà di Piave Previous nationalities Russia until 2022,79,finished,105,1194,5,GC,27,FR,UAE Team Emirates - XRG,,,",,",391,14220
4,RR,08 July 2025,Amiens Métropole,Rouen,174.2,1745,81,45.348,Sprint of 6 riders,Armirail Bruno,https://www.procyclingstats.com/rider/bruno-armirail,1994-04-11,1994,France,1.9,72.0,19.94,Bagnères-de-Bigorre,80,finished,106,1194,152,TT,31,FR,Decathlon AG2R La Mondiale Team,,,",,",391,14220
4,RR,08 July 2025,Amiens Métropole,Rouen,174.2,1745,81,45.348,Sprint of 6 riders,Foss Tobias,https://www.procyclingstats.com/rider/tobias-foss,1997-05-25,1997,Norway,1.84,74.0,21.86,Vingrom,81,finished,72,749,63,TT,28,NO,INEOS Grenadiers,,,",,",391,14220
4,RR,08 July 2025,Amiens Métropole,Rouen,174.2,1745,81,45.348,Sprint of 6 riders,Scotson Callum,https://www.procyclingstats.com/rider/callum-scotson,1996-08-10,1996,Australia,1.83,77.0,22.99,Campbelltown,82,finished,64,680,157,GC,28,AU,Decathlon AG2R La Mondiale Team,,,",,",391,14220
4,RR,08 July 2025,Amiens Métropole,Rouen,174.2,1745,81,45.348,Sprint of 6 riders,Groves Kaden,https://www.procyclingstats.com/rider/kaden-groves,1998-12-23,1998,Australia,1.76,76.0,24.54,Gympie,83,finished,54,496,103,Hills,26,AU,Alpecin - Deceuninck,,,",,",391,14220
4,RR,08 July 2025,Amiens Métropole,Rouen,174.2,1745,81,45.348,Sprint of 6 riders,Vermeersch Gianni,https://www.procyclingstats.com/rider/gianni-vermeersch,1992-11-19,1992,Belgium,1.73,68.0,22.72,Roeselare,84,finished,77,852,107,Classic,32,BE,Alpecin - Deceuninck,,,8:14,494,14323
4,RR,08 July 2025,Amiens Métropole,Rouen,174.2,1745,81,45.348,Sprint of 6 riders,Louvel Matis,https://www.procyclingstats.com/rider/matis-louvel,1999-07-19,1999,France,1.87,77.0,22.02,Mont Saint Aignan,85,finished,78,855,205,Classic,25,FR,Israel - Premier Tech,,,8:17,497,14326
4,RR,08 July 2025,Amiens Métropole,Rouen,174.2,1745,81,45.348,Sprint of 6 riders,Haller Marco,https://www.procyclingstats.com/rider/marco-haller,1991-04-01,1991,Austria,1.78,72.0,22.72,Sankt Veit an der Glan,86,finished,104,1194,113,Classic,34,AT,Tudor Pro Cycling Team,,,8:41,521,14350
4,RR,08 July 2025,Amiens Métropole,Rouen,174.2,1745,81,45.348,Sprint of 6 riders,Berthet Clément,https://www.procyclingstats.com/rider/clement-berthet,1997-08-02,1997,France,1.84,68.0,20.09,Pierre Bénite,87,finished,62,628,153,Climber,27,FR,Decathlon AG2R La Mondiale Team,,,9:02,542,14371
4,RR,08 July 2025,Amiens Métropole,Rouen,174.2,1745,81,45.348,Sprint of 6 riders,Edvardsen-Fredheim Stian,https://www.procyclingstats.com/rider/stian-fredheim,2003-03-23,2003,Norway,1.84,72.0,21.27,Kristiansand,88,finished,109,1215,224,Sprint,22,NO,Uno-X Mobility,,,",,",542,14371
4,RR,08 July 2025,Amiens Métropole,Rouen,174.2,1745,81,45.348,Sprint of 6 riders,Thomas Benjamin,https://www.procyclingstats.com/rider/benjamin-thomas-2,1995-09-12,1995,France,1.79,68.0,21.22,Lavaur,89,finished,102,1179,167,TT,29,FR,Cofidis,,,",,",542,14371
4,RR,08 July 2025,Amiens Métropole,Rouen,174.2,1745,81,45.348,Sprint of 6 riders,Naesen Oliver,https://www.procyclingstats.com/rider/oliver-naesen,1990-09-16,1990,Belgium,1.84,74.0,21.86,Oostende,90,finished,80,900,155,Classic,34,BE,Decathlon AG2R La Mondiale Team,,,",,",542,14371
4,RR,08 July 2025,Amiens Métropole,Rouen,174.2,1745,81,45.348,Sprint of 6 riders,Politt Nils,https://www.procyclingstats.com/rider/nils-politt,1994-03-06,1994,Germany,1.92,80.0,21.7,Cologne,91,finished,124,1345,4,Classic,31,DE,UAE Team Emirates - XRG,,,",,",542,14371
4,RR,08 July 2025,Amiens Métropole,Rouen,174.2,1745,81,45.348,Sprint of 6 riders,Wright Fred,https://www.procyclingstats.com/rider/alfred-wright,1999-06-13,1999,Great Britain,1.84,75.0,22.15,London,92,finished,61,628,58,Hills,26,GB,Bahrain - Victorious,,,",,",542,14371
4,RR,08 July 2025,Amiens Métropole,Rouen,174.2,1745,81,45.348,Sprint of 6 riders,Van Wilder Ilan,https://www.procyclingstats.com/rider/ilan-van-wilder,2000-05-14,2000,Belgium,1.71,64.0,21.89,Jette,93,finished,65,686,28,GC,25,BE,Soudal Quick-Step,,,",,",542,14371
4,RR,08 July 2025,Amiens Métropole,Rouen,174.2,1745,81,45.348,Sprint of 6 riders,Woods Michael,https://www.procyclingstats.com/rider/michael-woods,1986-10-12,1986,Canada,1.75,62.0,20.24,Toronto,94,finished,113,1252,201,Climber,38,CA,Israel - Premier Tech,,,",,",542,14371
4,RR,08 July 2025,Amiens Métropole,Rouen,174.2,1745,81,45.348,Sprint of 6 riders,Soler Marc,https://www.procyclingstats.com/rider/marc-soler,1993-11-22,1993,Spain,1.86,68.0,19.66,Vilanova i la Geltrú,95,finished,85,1007,6,Climber,31,ES,UAE Team Emirates - XRG,,,",,",542,14371
4,RR,08 July 2025,Amiens Métropole,Rouen,174.2,1745,81,45.348,Sprint of 6 riders,Zimmermann Georg,https://www.procyclingstats.com/rider/georg-zimmermann,1997-10-11,1997,Germany,1.81,70.0,21.37,Augsburg,96,finished,93,1049,48,Classic,27,DE,Intermarché - Wanty,,,",,",542,14371
4,RR,08 July 2025,Amiens Métropole,Rouen,174.2,1745,81,45.348,Sprint of 6 riders,Swift Connor,https://www.procyclingstats.com/rider/connor-swift,1995-10-30,1995,Great Britain,1.9,75.0,20.78,Thorne,97,finished,84,996,67,Classic,29,GB,INEOS Grenadiers,,,",,",542,14371
4,RR,08 July 2025,Amiens Métropole,Rouen,174.2,1745,81,45.348,Sprint of 6 riders,Touzé Damien,https://www.procyclingstats.com/rider/damien-touze,1996-07-07,1996,France,1.74,69.0,22.79,Iville,98,finished,68,711,168,Classic,29,FR,Cofidis,,,",,",542,14371
4,RR,08 July 2025,Amiens Métropole,Rouen,174.2,1745,81,45.348,Sprint of 6 riders,Coquard Bryan,https://www.procyclingstats.com/rider/bryan-coquard,1992-04-25,1992,France,1.71,59.0,20.18,Saint-Nazaire,99,finished,63,628,163,Sprint,33,FR,Cofidis,,,",,",542,14371
4,RR,08 July 2025,Amiens Métropole,Rouen,174.2,1745,81,45.348,Sprint of 6 riders,Askey Lewis,https://www.procyclingstats.com/rider/lewis-askey,2001-05-04,2001,Great Britain,1.87,75.0,21.45,Cannock,100,finished,121,1306,92,Classic,24,GB,Groupama - FDJ,,,9:24,564,14393
4,RR,08 July 2025,Amiens Métropole,Rouen,174.2,1745,81,45.348,Sprint of 6 riders,Skujiņš Toms,https://www.procyclingstats.com/rider/toms-skujins,1991-06-15,1991,Latvia,1.81,72.0,21.98,Sigulda,101,finished,73,770,86,Classic,34,LV,Lidl - Trek,,,9:34,574,14403
4,RR,08 July 2025,Amiens Métropole,Rouen,174.2,1745,81,45.348,Sprint of 6 riders,Van Moer Brent,https://www.procyclingstats.com/rider/brent-van-moer,1998-01-12,1998,Belgium,1.91,79.0,21.66,Beveren,102,finished,119,1283,218,Classic,27,BE,Lotto,,,",,",574,14403
4,RR,08 July 2025,Amiens Métropole,Rouen,174.2,1745,81,45.348,Sprint of 6 riders,Moscon Gianni,https://www.procyclingstats.com/rider/gianni-moscon,1994-04-20,1994,Italy,1.8,71.0,21.91,Trento,103,finished,92,1041,74,Classic,31,IT,Red Bull - BORA - hansgrohe,,,9:48,588,14417
4,RR,08 July 2025,Amiens Métropole,Rouen,174.2,1745,81,45.348,Sprint of 6 riders,van den Broek Frank,https://www.procyclingstats.com/rider/frank-van-den-broek,2000-12-28,2000,Netherlands,1.78,70.0,22.09,Warmond,104,finished,99,1154,198,GC,24,NL,Team Picnic PostNL,,,10:57,657,14486
4,RR,08 July 2025,Amiens Métropole,Rouen,174.2,1745,81,45.348,Sprint of 6 riders,Stewart Jake,https://www.procyclingstats.com/rider/jake-stewart,1999-10-02,1999,Great Britain,1.79,66.0,20.6,Coventry,105,finished,107,1206,208,Hills,25,GB,Israel - Premier Tech,,,11:10,670,14499
4,RR,08 July 2025,Amiens Métropole,Rouen,174.2,1745,81,45.348,Sprint of 6 riders,Martinez Lenny,https://www.procyclingstats.com/rider/lenny-martinez,2003-07-11,2003,France,1.68,52.0,18.42,Cannes,106,finished,150,1606,55,Climber,21,FR,Bahrain - Victorious,,,12:16,736,14565
4,RR,08 July 2025,Amiens Métropole,Rouen,174.2,1745,81,45.348,Sprint of 6 riders,Abrahamsen Jonas,https://www.procyclingstats.com/rider/jonas-abrahamsen,1995-09-20,1995,Norway,1.83,78.0,23.29,Skien,107,finished,96,1113,222,Classic,29,NO,Uno-X Mobility,,,12:29,749,14578
4,RR,08 July 2025,Amiens Métropole,Rouen,174.2,1745,81,45.348,Sprint of 6 riders,van den Berg Marijn,https://www.procyclingstats.com/rider/marijn-van-den-berg,1999-07-19,1999,Netherlands,1.82,73.0,22.04,De Meern,108,finished,112,1234,38,Hills,25,NL,EF Education - EasyPost,,,",,",749,14578
4,RR,08 July 2025,Amiens Métropole,Rouen,174.2,1745,81,45.348,Sprint of 6 riders,Naberman Tim,https://www.procyclingstats.com/rider/tim-naberman,1999-05-11,1999,Netherlands,1.87,70.0,20.02,Genemuiden,109,finished,145,1556,197,GC,26,NL,Team Picnic PostNL,,,12:33,753,14582
4,RR,08 July 2025,Amiens Métropole,Rouen,174.2,1745,81,45.348,Sprint of 6 riders,Affini Edoardo,https://www.procyclingstats.com/rider/edoardo-affini,1996-06-24,1996,Italy,1.9,85.0,23.55,Mantua,110,finished,137,1451,12,TT,29,IT,Team Visma | Lease a Bike,,,",,",753,14582
4,RR,08 July 2025,Amiens Métropole,Rouen,174.2,1745,81,45.348,Sprint of 6 riders,García Cortina Iván,https://www.procyclingstats.com/rider/ivan-garcia-cortina,1995-11-20,1995,Spain,1.83,77.0,22.99,Gijón,111,finished,131,1426,145,Classic,29,ES,Movistar Team,,,",,",753,14582
4,RR,08 July 2025,Amiens Métropole,Rouen,174.2,1745,81,45.348,Sprint of 6 riders,Asgreen Kasper,https://www.procyclingstats.com/rider/kasper-asgreen,1995-02-08,1995,Denmark,1.93,75.0,20.13,Kolding,112,finished,83,996,33,TT,30,DK,EF Education - EasyPost,,,12:58,778,14607
4,RR,08 July 2025,Amiens Métropole,Rouen,174.2,1745,81,45.348,Sprint of 6 riders,Sepúlveda Eduardo,https://www.procyclingstats.com/rider/eduardo-sepulveda,1991-06-13,1991,Argentina,1.73,59.0,19.71,Rawson,113,finished,149,1603,216,GC,34,AR,Lotto,,,13:20,800,14629
4,RR,08 July 2025,Amiens Métropole,Rouen,174.2,1745,81,45.348,Sprint of 6 riders,Mayrhofer Marius,https://www.procyclingstats.com/rider/marius-mayrhofer,2000-09-18,2000,Germany,1.82,70.0,21.13,Tübingen,114,finished,122,1320,116,Hills,24,DE,Tudor Pro Cycling Team,,,13:55,835,14664
4,RR,08 July 2025,Amiens Métropole,Rouen,174.2,1745,81,45.348,Sprint of 6 riders,Watson Samuel,https://www.procyclingstats.com/rider/samuel-watson,2001-09-24,2001,Great Britain,1.88,68.0,19.24,Leeds,115,finished,81,942,68,Hills,23,GB,INEOS Grenadiers,,,13:57,837,14666
4,RR,08 July 2025,Amiens Métropole,Rouen,174.2,1745,81,45.348,Sprint of 6 riders,Pithie Laurence,https://www.procyclingstats.com/rider/laurence-pithie,2002-07-17,2002,New Zealand,1.85,74.0,21.62,Christchurch,116,finished,125,1345,75,Classic,22,NZ,Red Bull - BORA - hansgrohe,,,",,",837,14666
4,RR,08 July 2025,Amiens Métropole,Rouen,174.2,1745,81,45.348,Sprint of 6 riders,Storer Michael,https://www.procyclingstats.com/rider/michael-storer,1997-02-28,1997,Australia,1.77,63.0,20.11,Perth,117,finished,172,1793,117,Climber,28,AU,Tudor Pro Cycling Team,,,",,",837,14666
4,RR,08 July 2025,Amiens Métropole,Rouen,174.2,1745,81,45.348,Sprint of 6 riders,Durbridge Luke,https://www.procyclingstats.com/rider/luke-durbridge,1991-04-09,1991,Australia,1.87,78.0,22.31,Greenmount,118,finished,162,1643,123,TT,34,AU,Team Jayco AlUla,,,",,",837,14666
4,RR,08 July 2025,Amiens Métropole,Rouen,174.2,1745,81,45.348,Sprint of 6 riders,Reinders Elmar,https://www.procyclingstats.com/rider/elmar-reinders,1992-03-14,1992,Netherlands,1.9,78.1,21.63,Emmen,119,finished,127,1388,127,Classic,33,NL,Team Jayco AlUla,,,",,",837,14666
4,RR,08 July 2025,Amiens Métropole,Rouen,174.2,1745,81,45.348,Sprint of 6 riders,Groenewegen Dylan,https://www.procyclingstats.com/rider/dylan-groenewegen,1993-06-21,1993,Netherlands,1.77,70.0,22.34,Amsterdam,120,finished,143,1549,124,Sprint,32,NL,Team Jayco AlUla,,,",,",837,14666
4,RR,08 July 2025,Amiens Métropole,Rouen,174.2,1745,81,45.348,Sprint of 6 riders,De Lie Arnaud,https://www.procyclingstats.com/rider/arnaud-de-lie,2002-03-16,2002,Belgium,1.82,78.0,23.55,Libramont,121,finished,146,1576,211,Classic,23,BE,Lotto,,,14:24,864,14693
4,RR,08 July 2025,Amiens Métropole,Rouen,174.2,1745,81,45.348,Sprint of 6 riders,Turgis Anthony,https://www.procyclingstats.com/rider/anthony-turgis,1994-05-16,1994,France,1.78,70.0,22.09,Bourg-la-Reine,122,finished,95,1093,187,Classic,31,FR,TotalEnergies,,,14:35,875,14704
4,RR,08 July 2025,Amiens Métropole,Rouen,174.2,1745,81,45.348,Sprint of 6 riders,Le Berre Mathis,https://www.procyclingstats.com/rider/mathis-le-berre,2001-04-16,2001,France,1.76,68.0,21.95,Saint-Brieuc,123,finished,141,1512,136,Hills,24,FR,Arkéa - B&B Hotels,,,",,",875,14704
4,RR,08 July 2025,Amiens Métropole,Rouen,174.2,1745,81,45.348,Sprint of 6 riders,Page Hugo,https://www.procyclingstats.com/rider/hugo-page,2001-07-24,2001,France,1.85,71.0,20.75,Chartres,124,finished,115,1255,44,Classic,23,FR,Intermarché - Wanty,,,",,",875,14704
4,RR,08 July 2025,Amiens Métropole,Rouen,174.2,1745,81,45.348,Sprint of 6 riders,Russo Clément,https://www.procyclingstats.com/rider/clement-russo,1995-01-20,1995,France,1.87,74.0,21.16,Lyon,125,finished,110,1231,98,Classic,30,FR,Groupama - FDJ,,,15:12,912,14741
4,RR,08 July 2025,Amiens Métropole,Rouen,174.2,1745,81,45.348,Sprint of 6 riders,Barthe Cyril,https://www.procyclingstats.com/rider/cyril-barthe,1996-02-14,1996,France,1.84,70.0,20.68,Sauveterre-de-Béarn,126,finished,111,1231,93,Hills,29,FR,Groupama - FDJ,,,",,",912,14741
4,RR,08 July 2025,Amiens Métropole,Rouen,174.2,1745,81,45.348,Sprint of 6 riders,Penhoët Paul,https://www.procyclingstats.com/rider/paul-penhoet,2001-12-28,2001,France,1.73,64.0,21.38,Clamart,127,finished,98,1130,97,Classic,23,FR,Groupama - FDJ,,,",,",912,14741
4,RR,08 July 2025,Amiens Métropole,Rouen,174.2,1745,81,45.348,Sprint of 6 riders,De Buyst Jasper,https://www.procyclingstats.com/rider/jasper-de-buyst,1993-11-24,1993,Belgium,1.79,72.0,22.47,Asse,128,finished,133,1436,213,Classic,31,BE,Lotto,,,",,",912,14741
4,RR,08 July 2025,Amiens Métropole,Rouen,174.2,1745,81,45.348,Sprint of 6 riders,Teunissen Mike,https://www.procyclingstats.com/rider/mike-teunissen,1992-08-25,1992,Netherlands,1.84,73.0,21.56,Ysselsteyn,129,finished,97,1130,177,Classic,32,NL,XDS Astana Team,,,",,",912,14741
4,RR,08 July 2025,Amiens Métropole,Rouen,174.2,1745,81,45.348,Sprint of 6 riders,Rex Laurenz,https://www.procyclingstats.com/rider/laurenz-rex,1999-12-15,1999,Belgium,1.93,83.0,22.28,Marburg,130,finished,168,1715,45,Classic,25,BE,Intermarché - Wanty,,,",,",912,14741
4,RR,08 July 2025,Amiens Métropole,Rouen,174.2,1745,81,45.348,Sprint of 6 riders,Flynn Sean,https://www.procyclingstats.com/rider/sean-flynn,2000-03-02,2000,Great Britain,1.77,67.0,21.39,Edinburgh,131,finished,140,1495,194,GC,25,GB,Team Picnic PostNL,,,",,",912,14741
4,RR,08 July 2025,Amiens Métropole,Rouen,174.2,1745,81,45.348,Sprint of 6 riders,Bittner Pavel,https://www.procyclingstats.com/rider/pavel-bittner,2002-10-29,2002,Czech Republic,1.84,73.0,21.56,Olomouc,132,finished,108,1214,193,Sprint,22,CZ,Team Picnic PostNL,,,",,",912,14741
4,RR,08 July 2025,Amiens Métropole,Rouen,174.2,1745,81,45.348,Sprint of 6 riders,Mohorič Matej,https://www.procyclingstats.com/rider/matej-mohoric,1994-10-19,1994,Slovenia,1.86,71.0,20.52,Kranj,133,finished,138,1463,56,Classic,30,SI,Bahrain - Victorious,,,",,",912,14741
4,RR,08 July 2025,Amiens Métropole,Rouen,174.2,1745,81,45.348,Sprint of 6 riders,Merlier Tim,https://www.procyclingstats.com/rider/tim-merlier,1992-10-30,1992,Belgium,1.88,76.0,21.5,Wortegem-Petegem,134,finished,151,1614,24,Sprint,32,BE,Soudal Quick-Step,,,",,",912,14741
4,RR,08 July 2025,Amiens Métropole,Rouen,174.2,1745,81,45.348,Sprint of 6 riders,Van Lerberghe Bert,https://www.procyclingstats.com/rider/bert-van-lerberghe,1992-09-29,1992,Belgium,1.9,83.0,22.99,Kortrijk,135,finished,163,1651,27,Classic,32,BE,Soudal Quick-Step,,,",,",912,14741
4,RR,08 July 2025,Amiens Métropole,Rouen,174.2,1745,81,45.348,Sprint of 6 riders,Démare Arnaud,https://www.procyclingstats.com/rider/arnaud-demare,1991-08-26,1991,France,1.81,76.0,23.2,Beauvais,136,finished,155,1621,134,Classic,33,FR,Arkéa - B&B Hotels,,,",,",912,14741
4,RR,08 July 2025,Amiens Métropole,Rouen,174.2,1745,81,45.348,Sprint of 6 riders,Capiot Amaury,https://www.procyclingstats.com/rider/amaury-capiot,1993-06-25,1993,Belgium,1.86,69.0,19.94,Tongeren,137,finished,132,1436,132,Classic,32,BE,Arkéa - B&B Hotels,,,",,",912,14741
4,RR,08 July 2025,Amiens Métropole,Rouen,174.2,1745,81,45.348,Sprint of 6 riders,Grignard Sébastien,https://www.procyclingstats.com/rider/sebastien-grignard,1999-04-29,1999,Belgium,1.79,68.0,21.22,Mons,138,finished,167,1715,215,Classic,26,BE,Lotto,,,",,",912,14741
4,RR,08 July 2025,Amiens Métropole,Rouen,174.2,1745,81,45.348,Sprint of 6 riders,Gachignard Thomas,https://www.procyclingstats.com/rider/thomas-gachignard,2000-08-17,2000,France,,,,Niort,139,finished,101,1169,184,GC,24,FR,TotalEnergies,,,",,",912,14741
4,RR,08 July 2025,Amiens Métropole,Rouen,174.2,1745,81,45.348,Sprint of 6 riders,Renard Alexis,https://www.procyclingstats.com/rider/alexis-renard,1999-06-01,1999,France,1.86,74.0,21.39,Saint-Brieuc,140,finished,134,1436,165,Classic,26,FR,Cofidis,,,",,",912,14741
4,RR,08 July 2025,Amiens Métropole,Rouen,174.2,1745,81,45.348,Sprint of 6 riders,van Poppel Danny,https://www.procyclingstats.com/rider/danny-van-poppel,1993-07-26,1993,Netherlands,1.84,82.0,24.22,Moergestel,141,finished,157,1624,77,Sprint,31,NL,Red Bull - BORA - hansgrohe,,,",,",912,14741
4,RR,08 July 2025,Amiens Métropole,Rouen,174.2,1745,81,45.348,Sprint of 6 riders,Albanese Vincenzo,https://www.procyclingstats.com/rider/vincenzo-albanese,1996-11-12,1996,Italy,1.75,70.0,22.86,Oliveto Citra,142,finished,126,1366,32,Hills,28,IT,EF Education - EasyPost,,,",,",912,14741
4,RR,08 July 2025,Amiens Métropole,Rouen,174.2,1745,81,45.348,Sprint of 6 riders,Valgren Michael,https://www.procyclingstats.com/rider/michael-valgren-andersen,1992-02-07,1992,Denmark,1.79,71.0,22.16,Østerild,143,finished,94,1061,37,Classic,33,DK,EF Education - EasyPost,,,",,",912,14741
4,RR,08 July 2025,Amiens Métropole,Rouen,174.2,1745,81,45.348,Sprint of 6 riders,Bauhaus Phil,https://www.procyclingstats.com/rider/phil-bauhaus,1994-07-08,1994,Germany,1.84,75.0,22.15,Bocholt,144,finished,153,1620,52,Sprint,31,DE,Bahrain - Victorious,,,",,",912,14741
4,RR,08 July 2025,Amiens Métropole,Rouen,174.2,1745,81,45.348,Sprint of 6 riders,van Dijke Mick,https://www.procyclingstats.com/rider/mick-van-dijke,2000-03-15,2000,Netherlands,1.9,74.0,20.5,Goes,145,finished,142,1531,76,Classic,25,NL,Red Bull - BORA - hansgrohe,,,",,",912,14741
4,RR,08 July 2025,Amiens Métropole,Rouen,174.2,1745,81,45.348,Sprint of 6 riders,García Pierna Raúl,https://www.procyclingstats.com/rider/raul-garcia-pierna,2001-02-23,2001,Spain,1.75,67.0,21.88,Tres Cantos,146,finished,136,1448,135,Climber,24,ES,Arkéa - B&B Hotels,,,",,",912,14741
4,RR,08 July 2025,Amiens Métropole,Rouen,174.2,1745,81,45.348,Sprint of 6 riders,Jeannière Emilien,https://www.procyclingstats.com/rider/emilien-jeanniere,1998-09-26,1998,France,1.76,,,Saint-Paul-en-Pareds,147,finished,144,1549,185,Classic,26,FR,TotalEnergies,,,",,",912,14741
4,RR,08 July 2025,Amiens Métropole,Rouen,174.2,1745,81,45.348,Sprint of 6 riders,Rubio Einer,https://www.procyclingstats.com/rider/einer-rubio,1998-02-22,1998,Colombia,1.64,56.0,20.82,Chíquiza,148,finished,175,1900,148,Climber,27,CO,Movistar Team,,,",,",912,14741
4,RR,08 July 2025,Amiens Métropole,Rouen,174.2,1745,81,45.348,Sprint of 6 riders,Romeo Iván,https://www.procyclingstats.com/rider/ivan-romeo,2003-08-16,2003,Spain,1.93,75.0,20.13,Valladolid,149,finished,174,1861,147,GC,21,ES,Movistar Team,,,",,",912,14741
4,RR,08 July 2025,Amiens Métropole,Rouen,174.2,1745,81,45.348,Sprint of 6 riders,Castrillo Pablo,https://www.procyclingstats.com/rider/pablo-castrillo-zapater,2001-01-02,2001,Spain,1.83,74.0,22.1,Jaca,150,finished,176,1903,143,Climber,24,ES,Movistar Team,,,",,",912,14741
4,RR,08 July 2025,Amiens Métropole,Rouen,174.2,1745,81,45.348,Sprint of 6 riders,Van Eetvelt Lennert,https://www.procyclingstats.com/rider/lennert-van-eetvelt,2001-07-17,2001,Belgium,1.76,63.0,20.34,Binkom,151,finished,135,1436,217,Climber,23,BE,Lotto,,,",,",912,14741
4,RR,08 July 2025,Amiens Métropole,Rouen,174.2,1745,81,45.348,Sprint of 6 riders,Cort Magnus,https://www.procyclingstats.com/rider/magnus-cort-nielsen,1993-01-16,1993,Denmark,1.84,68.0,20.09,Rønne,152,finished,160,1624,223,Hills,32,DK,Uno-X Mobility,,,",,",912,14741
4,RR,08 July 2025,Amiens Métropole,Rouen,174.2,1745,81,45.348,Sprint of 6 riders,Gradek Kamil,https://www.procyclingstats.com/rider/kamil-gradek,1990-09-17,1990,Poland,1.94,83.0,22.05,Koziegłowy,153,finished,170,1731,53,TT,34,PL,Bahrain - Victorious,,,",,",912,14741
4,RR,08 July 2025,Amiens Métropole,Rouen,174.2,1745,81,45.348,Sprint of 6 riders,Stannard Robert,https://www.procyclingstats.com/rider/robert-stannard,1998-09-16,1998,Australia,1.79,74.0,23.1,Sydney Previous nationalities New Zealand until 2016,154,finished,100,1158,57,Hills,26,AU,Bahrain - Victorious,,,",,",912,14741
4,RR,08 July 2025,Amiens Métropole,Rouen,174.2,1745,81,45.348,Sprint of 6 riders,Mezgec Luka,https://www.procyclingstats.com/rider/luka-mezgec,1988-06-27,1988,Slovenia,1.83,72.0,21.5,Kranj,155,finished,123,1327,125,Hills,37,SI,Team Jayco AlUla,,,",,",912,14741
4,RR,08 July 2025,Amiens Métropole,Rouen,174.2,1745,81,45.348,Sprint of 6 riders,Rickaert Jonas,https://www.procyclingstats.com/rider/jonas-rickaert,1994-02-07,1994,Belgium,1.9,88.0,24.38,Sint-Eloois-Vijve,156,finished,130,1410,105,Classic,31,BE,Alpecin - Deceuninck,,,",,",912,14741
4,RR,08 July 2025,Amiens Métropole,Rouen,174.2,1745,81,45.348,Sprint of 6 riders,Verstrynge Emiel,https://www.procyclingstats.com/rider/emiel-verstrynge,2002-02-04,2002,Belgium,1.89,69.0,19.32,Eeklo,157,finished,169,1715,108,Climber,23,BE,Alpecin - Deceuninck,,,",,",912,14741
4,RR,08 July 2025,Amiens Métropole,Rouen,174.2,1745,81,45.348,Sprint of 6 riders,Dainese Alberto,https://www.procyclingstats.com/rider/alberto-dainese,1998-03-25,1998,Italy,1.75,72.0,23.51,Abano Terme,158,finished,156,1624,112,Sprint,27,IT,Tudor Pro Cycling Team,,,",,",912,14741
4,RR,08 July 2025,Amiens Métropole,Rouen,174.2,1745,81,45.348,Sprint of 6 riders,Lienhard Fabian,https://www.procyclingstats.com/rider/fabian-lienhard,1993-09-03,1993,Switzerland,1.83,73.0,21.8,Steinmaur,159,finished,154,1621,115,Classic,31,CH,Tudor Pro Cycling Team,,,",,",912,14741
4,RR,08 July 2025,Amiens Métropole,Rouen,174.2,1745,81,45.348,Sprint of 6 riders,Barta Will,https://www.procyclingstats.com/rider/william-barta,1996-01-04,1996,United States,1.8,61.0,18.83,Boise,160,finished,178,1976,142,TT,29,US,Movistar Team,,,",,",912,14741
4,RR,08 July 2025,Amiens Métropole,Rouen,174.2,1745,81,45.348,Sprint of 6 riders,Dillier Silvan,https://www.procyclingstats.com/rider/silvan-dillier,1990-08-03,1990,Switzerland,1.83,75.0,22.4,Aarau,161,finished,177,1973,102,Classic,34,CH,Alpecin - Deceuninck,,,",,",912,14741
4,RR,08 July 2025,Amiens Métropole,Rouen,174.2,1745,81,45.348,Sprint of 6 riders,Plapp Luke,https://www.procyclingstats.com/rider/luke-plapp,2000-12-25,2000,Australia,1.81,72.0,21.98,Melbourne,162,finished,171,1788,126,GC,24,AU,Team Jayco AlUla,,,",,",912,14741
4,RR,08 July 2025,Amiens Métropole,Rouen,174.2,1745,81,45.348,Sprint of 6 riders,Drizners Jarrad,https://www.procyclingstats.com/rider/jarrad-drizners,1999-05-31,1999,Australia,1.86,70.0,20.23,Adelaide,163,finished,159,1624,214,GC,26,AU,Lotto,,,",,",912,14741
4,RR,08 July 2025,Amiens Métropole,Rouen,174.2,1745,81,45.348,Sprint of 6 riders,Boivin Guillaume,https://www.procyclingstats.com/rider/guillaume-boivin,1989-05-25,1989,Canada,1.8,78.0,24.07,Montreal,164,finished,158,1624,204,Classic,36,CA,Israel - Premier Tech,,,",,",912,14741
4,RR,08 July 2025,Amiens Métropole,Rouen,174.2,1745,81,45.348,Sprint of 6 riders,Wærenskjold Søren,https://www.procyclingstats.com/rider/soren-waerenskjold,2000-03-12,2000,Norway,1.95,92.0,24.19,Mandal,165,finished,147,1581,228,Classic,25,NO,Uno-X Mobility,,,",,",912,14741
4,RR,08 July 2025,Amiens Métropole,Rouen,174.2,1745,81,45.348,Sprint of 6 riders,Ackermann Pascal,https://www.procyclingstats.com/rider/pascal-ackermann,1994-01-17,1994,Germany,1.8,78.0,24.07,Kandel,166,finished,148,1585,202,Sprint,31,DE,Israel - Premier Tech,,,",,",912,14741
4,RR,08 July 2025,Amiens Métropole,Rouen,174.2,1745,81,45.348,Sprint of 6 riders,Milan Jonathan,https://www.procyclingstats.com/rider/jonathan-milan,2000-10-01,2000,Italy,1.94,84.0,22.32,Tolmezzo,167,finished,114,1255,81,Sprint,24,IT,Lidl - Trek,,,",,",912,14741
4,RR,08 July 2025,Amiens Métropole,Rouen,174.2,1745,81,45.348,Sprint of 6 riders,Märkl Niklas,https://www.procyclingstats.com/rider/niklas-markl,1999-03-03,1999,Germany,1.85,70.0,20.45,Queidersbach,168,finished,128,1397,196,Sprint,26,DE,Team Picnic PostNL,,,",,",912,14741
4,RR,08 July 2025,Amiens Métropole,Rouen,174.2,1745,81,45.348,Sprint of 6 riders,Tejada Harold,https://www.procyclingstats.com/rider/harold-tejada,1997-04-27,1997,Colombia,1.8,63.0,19.44,Pitalito,169,finished,118,1277,171,Climber,28,CO,XDS Astana Team,,,",,",912,14741
4,RR,08 July 2025,Amiens Métropole,Rouen,174.2,1745,81,45.348,Sprint of 6 riders,Braet Vito,https://www.procyclingstats.com/rider/vito-braet,2000-11-02,2000,Belgium,1.84,68.0,20.09,Hulste,170,finished,139,1483,43,Classic,24,BE,Intermarché - Wanty,,,",,",912,14741
4,RR,08 July 2025,Amiens Métropole,Rouen,174.2,1745,81,45.348,Sprint of 6 riders,Bol Cees,https://www.procyclingstats.com/rider/cees-bol,1995-07-27,1995,Netherlands,1.94,83.0,22.05,Zaandam,171,finished,179,1995,173,Sprint,29,NL,XDS Astana Team,,,",,",912,14741
4,RR,08 July 2025,Amiens Métropole,Rouen,174.2,1745,81,45.348,Sprint of 6 riders,Consonni Simone,https://www.procyclingstats.com/rider/simone-consonni,1994-09-12,1994,Italy,1.65,60.0,22.04,Ponte San Pietro,172,finished,161,1643,82,Classic,30,IT,Lidl - Trek,,,",,",912,14741
4,RR,08 July 2025,Amiens Métropole,Rouen,174.2,1745,81,45.348,Sprint of 6 riders,Ballerini Davide,https://www.procyclingstats.com/rider/davide-ballerini,1994-09-21,1994,Italy,1.83,71.0,21.2,Cantù,173,finished,164,1656,172,Classic,30,IT,XDS Astana Team,,,15:44,944,14773
4,RR,08 July 2025,Amiens Métropole,Rouen,174.2,1745,81,45.348,Sprint of 6 riders,Cattaneo Mattia,https://www.procyclingstats.com/rider/mattia-cattaneo,1990-10-25,1990,Italy,1.84,67.0,19.79,Alzano Lombardo,174,finished,129,1405,22,TT,34,IT,Soudal Quick-Step,,,15:46,946,14775
4,RR,08 July 2025,Amiens Métropole,Rouen,174.2,1745,81,45.348,Sprint of 6 riders,Fedorov Yevgeniy,https://www.procyclingstats.com/rider/yevgeniy-fedorov,2000-02-16,2000,Kazakhstan,1.93,80.0,21.48,Aktobe,175,finished,181,2010,175,Classic,25,KZ,XDS Astana Team,,,",,",946,14775
4,RR,08 July 2025,Amiens Métropole,Rouen,174.2,1745,81,45.348,Sprint of 6 riders,Theuns Edward,https://www.procyclingstats.com/rider/edward-theuns,1991-04-30,1991,Belgium,1.83,72.0,21.5,Ghent,176,finished,166,1705,88,Classic,34,BE,Lidl - Trek,,,",,",946,14775
4,RR,08 July 2025,Amiens Métropole,Rouen,174.2,1745,81,45.348,Sprint of 6 riders,Paret-Peintre Valentin,https://www.procyclingstats.com/rider/valentin-paret-peintre,2001-01-14,2001,France,1.78,52.0,16.41,Annemasse,177,finished,152,1615,25,Climber,24,FR,Soudal Quick-Step,,,15:56,956,14785
4,RR,08 July 2025,Amiens Métropole,Rouen,174.2,1745,81,45.348,Sprint of 6 riders,van Sintmaartensdijk Roel,https://www.procyclingstats.com/rider/roel-van-sintmaartensdijk,2001-05-08,2001,Netherlands,1.97,77.0,19.84,Zuidland,178,finished,173,1845,47,GC,24,NL,Intermarché - Wanty,,,16:09,969,14798
4,RR,08 July 2025,Amiens Métropole,Rouen,174.2,1745,81,45.348,Sprint of 6 riders,Girmay Biniam,https://www.procyclingstats.com/rider/biniam-girmay,2000-04-02,2000,Eritrea,1.84,70.0,20.68,Asmara,179,finished,120,1304,41,Classic,25,ER,Intermarché - Wanty,,,",,",969,14798
4,RR,08 July 2025,Amiens Métropole,Rouen,174.2,1745,81,45.348,Sprint of 6 riders,Meeus Jordi,https://www.procyclingstats.com/rider/jordi-meeus,1998-07-01,1998,Belgium,1.9,80.0,22.16,Lommel,180,finished,165,1681,73,Classic,27,BE,Red Bull - BORA - hansgrohe,,,",,",969,14798
4,RR,08 July 2025,Amiens Métropole,Rouen,174.2,1745,81,45.348,Sprint of 6 riders,Vercher Mattéo,https://www.procyclingstats.com/rider/matheo-vercher,2001-01-26,2001,France,1.71,,,Lyon,181,finished,180,1999,188,Hills,24,FR,TotalEnergies,,,17:44,1064,14893
5,ITT,09 July 2025,Caen,Caen,33.0,191,1,53.951,Time trial,Evenepoel Remco,https://www.procyclingstats.com/rider/remco-evenepoel,2000-01-25,2000,Belgium,1.71,63.0,21.55,Aalst,1,finished,2,42,21,Climber,25,BE,Soudal Quick-Step,210.0,100.0,",02",0,
5,ITT,09 July 2025,Caen,Caen,33.0,191,1,53.951,Time trial,Pogačar Tadej,https://www.procyclingstats.com/rider/tadej-pogacar,1998-09-21,1998,Slovenia,1.76,66.0,21.31,Klanec,2,finished,1,0,1,Climber,26,SI,UAE Team Emirates - XRG,150.0,70.0,",68",,
5,ITT,09 July 2025,Caen,Caen,33.0,191,1,53.951,Time trial,Affini Edoardo,https://www.procyclingstats.com/rider/edoardo-affini,1996-06-24,1996,Italy,1.9,85.0,23.55,Mantua,3,finished,110,1468,12,TT,29,IT,Team Visma | Lease a Bike,110.0,50.0,",06",,
5,ITT,09 July 2025,Caen,Caen,33.0,191,1,53.951,Time trial,Armirail Bruno,https://www.procyclingstats.com/rider/bruno-armirail,1994-04-11,1994,France,1.9,72.0,19.94,Bagnères-de-Bigorre,4,finished,84,1213,152,TT,31,FR,Decathlon AG2R La Mondiale Team,90.0,40.0,",53",,
5,ITT,09 July 2025,Caen,Caen,33.0,191,1,53.951,Time trial,Vauquelin Kévin,https://www.procyclingstats.com/rider/kevin-vauquelin,2001-04-26,2001,France,1.76,69.0,22.28,Bayeux,5,finished,3,59,131,GC,24,FR,Arkéa - B&B Hotels,70.0,32.0,",8",,
5,ITT,09 July 2025,Caen,Caen,33.0,191,1,53.951,Time trial,Lipowitz Florian,https://www.procyclingstats.com/rider/florian-lipowitz,2000-09-21,2000,Germany,1.81,68.0,20.76,Laichingen,6,finished,9,151,72,GC,24,DE,Red Bull - BORA - hansgrohe,55.0,26.0,",51",,
5,ITT,09 July 2025,Caen,Caen,33.0,191,1,53.951,Time trial,Romeo Iván,https://www.procyclingstats.com/rider/ivan-romeo,2003-08-16,2003,Spain,1.93,75.0,20.13,Valladolid,7,finished,159,1907,147,GC,21,ES,Movistar Team,45.0,22.0,",92",,
5,ITT,09 July 2025,Caen,Caen,33.0,191,1,53.951,Time trial,Almeida João,https://www.procyclingstats.com/rider/joao-almeida,1998-08-05,1998,Portugal,1.78,63.0,19.88,Caldas da Rainha,8,finished,7,113,2,GC,26,PT,UAE Team Emirates - XRG,40.0,18.0,",9",,
5,ITT,09 July 2025,Caen,Caen,33.0,191,1,53.951,Time trial,Plapp Luke,https://www.procyclingstats.com/rider/luke-plapp,2000-12-25,2000,Australia,1.81,72.0,21.98,Melbourne,9,finished,147,1849,126,GC,24,AU,Team Jayco AlUla,35.0,14.0,",94",,
5,ITT,09 July 2025,Caen,Caen,33.0,191,1,53.951,Time trial,Castrillo Pablo,https://www.procyclingstats.com/rider/pablo-castrillo-zapater,2001-01-02,2001,Spain,1.83,74.0,22.1,Jaca,10,finished,166,1965,143,Climber,24,ES,Movistar Team,30.0,10.0,",58",,
5,ITT,09 July 2025,Caen,Caen,33.0,191,1,53.951,Time trial,Jorgenson Matteo,https://www.procyclingstats.com/rider/matteo-jorgenson,1999-07-01,1999,United States,1.9,69.0,19.11,Walnut Creek,11,finished,5,82,15,GC,26,US,Team Visma | Lease a Bike,25.0,8.0,",2",,
5,ITT,09 July 2025,Caen,Caen,33.0,191,1,53.951,Time trial,Roglič Primož,https://www.procyclingstats.com/rider/primoz-roglic,1989-10-29,1989,Slovenia,1.77,65.0,20.75,Trbovlje,12,finished,8,150,71,Climber,35,SI,Red Bull - BORA - hansgrohe,20.0,6.0,",25",,
5,ITT,09 July 2025,Caen,Caen,33.0,191,1,53.951,Time trial,Vingegaard Jonas,https://www.procyclingstats.com/rider/jonas-vingegaard,1996-12-10,1996,Denmark,1.75,58.0,18.94,Hillerslev,13,finished,4,73,11,GC,28,DK,Team Visma | Lease a Bike,15.0,4.0,",78",,
5,ITT,09 July 2025,Caen,Caen,33.0,191,1,53.951,Time trial,Foss Tobias,https://www.procyclingstats.com/rider/tobias-foss,1997-05-25,1997,Norway,1.84,74.0,21.86,Vingrom,14,finished,59,818,63,TT,28,NO,INEOS Grenadiers,10.0,2.0,",85",,
5,ITT,09 July 2025,Caen,Caen,33.0,191,1,53.951,Time trial,Oliveira Nelson,https://www.procyclingstats.com/rider/nelson-oliveira,1989-03-06,1989,Portugal,1.8,67.0,20.68,Anadia,15,finished,62,859,144,TT,36,PT,Movistar Team,5.0,1.0,",04",,
5,ITT,09 July 2025,Caen,Caen,33.0,191,1,53.951,Time trial,Politt Nils,https://www.procyclingstats.com/rider/nils-politt,1994-03-06,1994,Germany,1.92,80.0,21.7,Cologne,16,finished,107,1426,4,Classic,31,DE,UAE Team Emirates - XRG,,,",64",,
5,ITT,09 July 2025,Caen,Caen,33.0,191,1,53.951,Time trial,García Pierna Raúl,https://www.procyclingstats.com/rider/raul-garcia-pierna,2001-02-23,2001,Spain,1.75,67.0,21.88,Tres Cantos,17,finished,118,1530,135,Climber,24,ES,Arkéa - B&B Hotels,,,",06",,
5,ITT,09 July 2025,Caen,Caen,33.0,191,1,53.951,Time trial,van der Poel Mathieu,https://www.procyclingstats.com/rider/mathieu-van-der-poel,1995-01-19,1995,Netherlands,1.84,75.0,22.15,Kapellen,18,finished,6,88,106,Classic,30,NL,Alpecin - Deceuninck,,,",51",,
5,ITT,09 July 2025,Caen,Caen,33.0,191,1,53.951,Time trial,Skjelmose Mattias,https://www.procyclingstats.com/rider/mattias-skjelmose-jensen,2000-09-26,2000,Denmark,1.8,65.0,20.06,Copenhagen,19,finished,10,152,85,Climber,24,DK,Lidl - Trek,,,",54",,
5,ITT,09 July 2025,Caen,Caen,33.0,191,1,53.951,Time trial,Schmid Mauro,https://www.procyclingstats.com/rider/mauro-schmid,1999-12-04,1999,Switzerland,1.87,70.0,20.02,Bülach,20,finished,39,573,128,Hills,25,CH,Team Jayco AlUla,,,",97",,
5,ITT,09 July 2025,Caen,Caen,33.0,191,1,53.951,Time trial,O'Connor Ben,https://www.procyclingstats.com/rider/ben-o-connor,1995-11-25,1995,Australia,1.88,67.0,18.96,Subiaco,21,finished,17,247,121,GC,29,AU,Team Jayco AlUla,,,",49",,
5,ITT,09 July 2025,Caen,Caen,33.0,191,1,53.951,Time trial,Gachignard Thomas,https://www.procyclingstats.com/rider/thomas-gachignard,2000-08-17,2000,France,,,,Niort,22,finished,86,1274,184,GC,24,FR,TotalEnergies,,,",61",,
5,ITT,09 July 2025,Caen,Caen,33.0,191,1,53.951,Time trial,Onley Oscar,https://www.procyclingstats.com/rider/oscar-onley,2002-10-13,2002,Great Britain,1.73,62.0,20.72,Kelso,23,finished,11,161,191,GC,22,GB,Team Picnic PostNL,,,",91",,
5,ITT,09 July 2025,Caen,Caen,33.0,191,1,53.951,Time trial,Asgreen Kasper,https://www.procyclingstats.com/rider/kasper-asgreen,1995-02-08,1995,Denmark,1.93,75.0,20.13,Kolding,24,finished,78,1106,33,TT,30,DK,EF Education - EasyPost,,,",61",,
5,ITT,09 July 2025,Caen,Caen,33.0,191,1,53.951,Time trial,Rickaert Jonas,https://www.procyclingstats.com/rider/jonas-rickaert,1994-02-07,1994,Belgium,1.9,88.0,24.38,Sint-Eloois-Vijve,25,finished,117,1522,105,Classic,31,BE,Alpecin - Deceuninck,,,",98",,
5,ITT,09 July 2025,Caen,Caen,33.0,191,1,53.951,Time trial,Paret-Peintre Aurélien,https://www.procyclingstats.com/rider/aurelien-paret-peintre,1996-02-27,1996,France,1.84,64.0,18.9,Annemasse,26,finished,12,202,156,GC,29,FR,Decathlon AG2R La Mondiale Team,,,",81",,
5,ITT,09 July 2025,Caen,Caen,33.0,191,1,53.951,Time trial,Rodríguez Carlos,https://www.procyclingstats.com/rider/carlos-rodriguez-cano,2001-02-02,2001,Spain,1.83,67.0,20.01,Almuñécar,27,finished,16,244,66,GC,24,ES,INEOS Grenadiers,,,",06",,
5,ITT,09 July 2025,Caen,Caen,33.0,191,1,53.951,Time trial,Buitrago Santiago,https://www.procyclingstats.com/rider/santiago-buitrago-sanchez,1999-09-26,1999,Colombia,1.74,59.0,19.49,Bogotá,28,finished,14,231,51,Climber,25,CO,Bahrain - Victorious,,,",54",,
5,ITT,09 July 2025,Caen,Caen,33.0,191,1,53.951,Time trial,Thomas Benjamin,https://www.procyclingstats.com/rider/benjamin-thomas-2,1995-09-12,1995,France,1.79,68.0,21.22,Lavaur,29,finished,93,1310,167,TT,29,FR,Cofidis,,,",96",,
5,ITT,09 July 2025,Caen,Caen,33.0,191,1,53.951,Time trial,Dunbar Eddie,https://www.procyclingstats.com/rider/edward-irl-dunbar,1996-09-01,1996,Ireland,1.7,57.0,19.72,Banteer,30,finished,46,646,122,GC,28,IE,Team Jayco AlUla,,,",62",,
5,ITT,09 July 2025,Caen,Caen,33.0,191,1,53.951,Time trial,Thomas Geraint,https://www.procyclingstats.com/rider/geraint-thomas,1986-05-25,1986,Great Britain,1.83,71.0,21.2,Cardiff,31,finished,44,614,61,GC,39,GB,INEOS Grenadiers,,,",46",,
5,ITT,09 July 2025,Caen,Caen,33.0,191,1,53.951,Time trial,Arensman Thymen,https://www.procyclingstats.com/rider/thymen-arensman,1999-12-04,1999,Netherlands,1.9,68.0,18.84,Deil,32,finished,83,1167,62,GC,25,NL,INEOS Grenadiers,,,",85",,
5,ITT,09 July 2025,Caen,Caen,33.0,191,1,53.951,Time trial,Russo Clément,https://www.procyclingstats.com/rider/clement-russo,1995-01-20,1995,France,1.87,74.0,21.16,Lyon,33,finished,99,1373,98,Classic,30,FR,Groupama - FDJ,,,",68",,
5,ITT,09 July 2025,Caen,Caen,33.0,191,1,53.951,Time trial,Cras Steff,https://www.procyclingstats.com/rider/steff-cras,1996-02-13,1996,Belgium,1.83,67.0,20.01,Geel,34,finished,19,294,181,GC,29,BE,TotalEnergies,,,",33",,
5,ITT,09 July 2025,Caen,Caen,33.0,191,1,53.951,Time trial,Johannessen Tobias Halland,https://www.procyclingstats.com/rider/tobias-halland-johannessen,1999-08-23,1999,Norway,1.76,62.0,20.02,Drøbak,35,finished,15,232,221,Climber,25,NO,Uno-X Mobility,,,",28",,
5,ITT,09 July 2025,Caen,Caen,33.0,191,1,53.951,Time trial,Swift Connor,https://www.procyclingstats.com/rider/connor-swift,1995-10-30,1995,Great Britain,1.9,75.0,20.78,Thorne,36,finished,81,1154,67,Classic,29,GB,INEOS Grenadiers,,,",99",,
5,ITT,09 July 2025,Caen,Caen,33.0,191,1,53.951,Time trial,Mas Enric,https://www.procyclingstats.com/rider/enric-mas,1995-01-07,1995,Spain,1.77,61.0,19.47,Artà,37,finished,13,209,141,Climber,30,ES,Movistar Team,,,",35",,
5,ITT,09 July 2025,Caen,Caen,33.0,191,1,53.951,Time trial,Rodríguez Cristián,https://www.procyclingstats.com/rider/cristian-rodriguez,1995-03-03,1995,Spain,1.78,59.0,18.62,El Ejido,38,finished,42,586,137,GC,30,ES,Arkéa - B&B Hotels,,,",53",,
5,ITT,09 July 2025,Caen,Caen,33.0,191,1,53.951,Time trial,Gall Felix,https://www.procyclingstats.com/rider/felix-gall,1998-02-27,1998,Austria,1.8,66.0,20.37,Nußdorf-Debant,39,finished,18,277,151,Climber,27,AT,Decathlon AG2R La Mondiale Team,,,",56",,
5,ITT,09 July 2025,Caen,Caen,33.0,191,1,53.951,Time trial,Haig Jack,https://www.procyclingstats.com/rider/jack-haig,1993-09-06,1993,Australia,1.9,67.0,18.56,Southport,40,finished,20,295,54,GC,31,AU,Bahrain - Victorious,,,",82",,
5,ITT,09 July 2025,Caen,Caen,33.0,191,1,53.951,Time trial,Cattaneo Mattia,https://www.procyclingstats.com/rider/mattia-cattaneo,1990-10-25,1990,Italy,1.84,67.0,19.79,Alzano Lombardo,41,finished,128,1577,22,TT,34,IT,Soudal Quick-Step,,,",58",,
5,ITT,09 July 2025,Caen,Caen,33.0,191,1,53.951,Time trial,Durbridge Luke,https://www.procyclingstats.com/rider/luke-durbridge,1991-04-09,1991,Australia,1.87,78.0,22.31,Greenmount,42,finished,142,1817,123,TT,34,AU,Team Jayco AlUla,,,",36",,
5,ITT,09 July 2025,Caen,Caen,33.0,191,1,53.951,Time trial,Jegat Jordan,https://www.procyclingstats.com/rider/jordan-jegat,1999-06-07,1999,France,1.76,59.0,19.05,Vannes,43,finished,21,303,186,Climber,26,FR,TotalEnergies,,,",59",,
5,ITT,09 July 2025,Caen,Caen,33.0,191,1,53.951,Time trial,Teuns Dylan,https://www.procyclingstats.com/rider/dylan-teuns,1992-03-01,1992,Belgium,1.81,64.0,19.54,Diest,44,finished,22,306,166,GC,33,BE,Cofidis,,,",81",,
5,ITT,09 July 2025,Caen,Caen,33.0,191,1,53.951,Time trial,Wellens Tim,https://www.procyclingstats.com/rider/tim-wellens,1991-05-10,1991,Belgium,1.82,71.0,21.43,Sint-Truiden,45,finished,48,662,7,GC,34,BE,UAE Team Emirates - XRG,,,",61",,
5,ITT,09 July 2025,Caen,Caen,33.0,191,1,53.951,Time trial,Albanese Vincenzo,https://www.procyclingstats.com/rider/vincenzo-albanese,1996-11-12,1996,Italy,1.75,70.0,22.86,Oliveto Citra,46,finished,123,1557,32,Hills,28,IT,EF Education - EasyPost,,,",0",,
5,ITT,09 July 2025,Caen,Caen,33.0,191,1,53.951,Time trial,Haller Marco,https://www.procyclingstats.com/rider/marco-haller,1991-04-01,1991,Austria,1.78,72.0,22.72,Sankt Veit an der Glan,47,finished,101,1387,113,Classic,34,AT,Tudor Pro Cycling Team,,,",6",,
5,ITT,09 July 2025,Caen,Caen,33.0,191,1,53.951,Time trial,Eenkhoorn Pascal,https://www.procyclingstats.com/rider/pascal-eenkhoorn,1997-02-08,1997,Netherlands,1.85,72.0,21.04,Zwolle,48,finished,54,763,23,Classic,28,NL,Soudal Quick-Step,,,",21",,
5,ITT,09 July 2025,Caen,Caen,33.0,191,1,53.951,Time trial,Madouas Valentin,https://www.procyclingstats.com/rider/valentin-madouas,1996-07-12,1996,France,1.79,71.0,22.16,Brest,49,finished,24,334,95,Classic,28,FR,Groupama - FDJ,,,",67",,
5,ITT,09 July 2025,Caen,Caen,33.0,191,1,53.951,Time trial,Meurisse Xandro,https://www.procyclingstats.com/rider/xandro-meurisse,1992-01-31,1992,Belgium,1.81,68.0,20.76,Kortrijk,50,finished,32,456,104,GC,33,BE,Alpecin - Deceuninck,,,",03",,
5,ITT,09 July 2025,Caen,Caen,33.0,191,1,53.951,Time trial,Grégoire Romain,https://www.procyclingstats.com/rider/romain-gregoire,2003-01-21,2003,France,1.76,64.0,20.66,Besançon,51,finished,37,533,94,Classic,22,FR,Groupama - FDJ,,,",99",,
5,ITT,09 July 2025,Caen,Caen,33.0,191,1,53.951,Time trial,Rutsch Jonas,https://www.procyclingstats.com/rider/jonas-rutsch,1998-01-24,1998,Germany,1.97,82.0,21.13,Erbach im Odenwald,52,finished,103,1393,46,Classic,27,DE,Intermarché - Wanty,,,",07",,
5,ITT,09 July 2025,Caen,Caen,33.0,191,1,53.951,Time trial,Healy Ben,https://www.procyclingstats.com/rider/ben-healy,2000-09-11,2000,Ireland,1.75,62.0,20.24,Kingswinford Previous nationalities Great Britain until 2016,53,finished,33,457,31,Climber,24,IE,EF Education - EasyPost,,,",28",,
5,ITT,09 July 2025,Caen,Caen,33.0,191,1,53.951,Time trial,Pithie Laurence,https://www.procyclingstats.com/rider/laurence-pithie,2002-07-17,2002,New Zealand,1.85,74.0,21.62,Christchurch,54,finished,120,1549,75,Classic,22,NZ,Red Bull - BORA - hansgrohe,,,",59",,
5,ITT,09 July 2025,Caen,Caen,33.0,191,1,53.951,Time trial,Alaphilippe Julian,https://www.procyclingstats.com/rider/julian-alaphilippe,1992-06-11,1992,France,1.73,62.0,20.72,Saint-Amand-Montrond,55,finished,71,1002,111,Classic,33,FR,Tudor Pro Cycling Team,,,",8",,
5,ITT,09 July 2025,Caen,Caen,33.0,191,1,53.951,Time trial,Reinders Elmar,https://www.procyclingstats.com/rider/elmar-reinders,1992-03-14,1992,Netherlands,1.9,78.1,21.63,Emmen,56,finished,131,1593,127,Classic,33,NL,Team Jayco AlUla,,,",77",,
5,ITT,09 July 2025,Caen,Caen,33.0,191,1,53.951,Time trial,Berthet Clément,https://www.procyclingstats.com/rider/clement-berthet,1997-08-02,1997,France,1.84,68.0,20.09,Pierre Bénite,57,finished,60,836,153,Climber,27,FR,Decathlon AG2R La Mondiale Team,,,",2",,
5,ITT,09 July 2025,Caen,Caen,33.0,191,1,53.951,Time trial,Groves Kaden,https://www.procyclingstats.com/rider/kaden-groves,1998-12-23,1998,Australia,1.76,76.0,24.54,Gympie,58,finished,52,705,103,Hills,26,AU,Alpecin - Deceuninck,,,",01",,
5,ITT,09 July 2025,Caen,Caen,33.0,191,1,53.951,Time trial,Rex Laurenz,https://www.procyclingstats.com/rider/laurenz-rex,1999-12-15,1999,Belgium,1.93,83.0,22.28,Marburg,59,finished,162,1924,45,Classic,25,BE,Intermarché - Wanty,,,",15",,
5,ITT,09 July 2025,Caen,Caen,33.0,191,1,53.951,Time trial,Sivakov Pavel,https://www.procyclingstats.com/rider/pavel-sivakov,1997-07-11,1997,France,1.88,70.0,19.81,San Donà di Piave Previous nationalities Russia until 2022,60,finished,104,1403,5,GC,27,FR,UAE Team Emirates - XRG,,,",27",,
5,ITT,09 July 2025,Caen,Caen,33.0,191,1,53.951,Time trial,Girmay Biniam,https://www.procyclingstats.com/rider/biniam-girmay,2000-04-02,2000,Eritrea,1.84,70.0,20.68,Asmara,61,finished,115,1515,41,Classic,25,ER,Intermarché - Wanty,,,",64",,
5,ITT,09 July 2025,Caen,Caen,33.0,191,1,53.951,Time trial,Naesen Oliver,https://www.procyclingstats.com/rider/oliver-naesen,1990-09-16,1990,Belgium,1.84,74.0,21.86,Oostende,62,finished,79,1115,155,Classic,34,BE,Decathlon AG2R La Mondiale Team,,,",52",,
5,ITT,09 July 2025,Caen,Caen,33.0,191,1,53.951,Time trial,Martin Guillaume,https://www.procyclingstats.com/rider/guillaume-martin,1993-06-09,1993,France,1.73,55.0,18.38,Paris,63,finished,23,325,91,Climber,32,FR,Groupama - FDJ,,,",27",,
5,ITT,09 July 2025,Caen,Caen,33.0,191,1,53.951,Time trial,Buchmann Emanuel,https://www.procyclingstats.com/rider/emanuel-buchmann,1992-11-18,1992,Germany,1.8,59.0,18.21,Ravensburg,64,finished,25,352,161,GC,32,DE,Cofidis,,,",49",,
5,ITT,09 July 2025,Caen,Caen,33.0,191,1,53.951,Time trial,Valgren Michael,https://www.procyclingstats.com/rider/michael-valgren-andersen,1992-02-07,1992,Denmark,1.79,71.0,22.16,Østerild,65,finished,89,1278,37,Classic,33,DK,EF Education - EasyPost,,,",75",,
5,ITT,09 July 2025,Caen,Caen,33.0,191,1,53.951,Time trial,Capiot Amaury,https://www.procyclingstats.com/rider/amaury-capiot,1993-06-25,1993,Belgium,1.86,69.0,19.94,Tongeren,66,finished,133,1653,132,Classic,32,BE,Arkéa - B&B Hotels,,,",81",,
5,ITT,09 July 2025,Caen,Caen,33.0,191,1,53.951,Time trial,Stuyven Jasper,https://www.procyclingstats.com/rider/jasper-stuyven,1992-04-17,1992,Belgium,1.87,80.0,22.88,Leuven,67,finished,64,909,87,Classic,33,BE,Lidl - Trek,,,",24",,
5,ITT,09 July 2025,Caen,Caen,33.0,191,1,53.951,Time trial,Barthe Cyril,https://www.procyclingstats.com/rider/cyril-barthe,1996-02-14,1996,France,1.84,70.0,20.68,Sauveterre-de-Béarn,68,finished,109,1452,93,Hills,29,FR,Groupama - FDJ,,,",32",,
5,ITT,09 July 2025,Caen,Caen,33.0,191,1,53.951,Time trial,Touzé Damien,https://www.procyclingstats.com/rider/damien-touze,1996-07-07,1996,France,1.74,69.0,22.79,Iville,69,finished,67,932,168,Classic,29,FR,Cofidis,,,",7",,
5,ITT,09 July 2025,Caen,Caen,33.0,191,1,53.951,Time trial,Burgaudeau Mathieu,https://www.procyclingstats.com/rider/mathieu-burgaudeau,1998-11-17,1998,France,1.68,61.0,21.61,Noirmoutier-en-l'Île,70,finished,56,797,182,Hills,26,FR,TotalEnergies,,,",68",,
5,ITT,09 July 2025,Caen,Caen,33.0,191,1,53.951,Time trial,Consonni Simone,https://www.procyclingstats.com/rider/simone-consonni,1994-09-12,1994,Italy,1.65,60.0,22.04,Ponte San Pietro,71,finished,150,1867,82,Classic,30,IT,Lidl - Trek,,,",78",,
5,ITT,09 July 2025,Caen,Caen,33.0,191,1,53.951,Time trial,Dainese Alberto,https://www.procyclingstats.com/rider/alberto-dainese,1998-03-25,1998,Italy,1.75,72.0,23.51,Abano Terme,72,finished,146,1849,112,Sprint,27,IT,Tudor Pro Cycling Team,,,",27",,
5,ITT,09 July 2025,Caen,Caen,33.0,191,1,53.951,Time trial,Powless Neilson,https://www.procyclingstats.com/rider/neilson-powless,1996-09-03,1996,United States,1.83,67.0,20.01,Eglin,73,finished,31,432,35,Classic,28,US,EF Education - EasyPost,,,",78",,
5,ITT,09 July 2025,Caen,Caen,33.0,191,1,53.951,Time trial,Trentin Matteo,https://www.procyclingstats.com/rider/matteo-trentin,1989-08-02,1989,Italy,1.79,74.0,23.1,Borgo Valsugana,74,finished,50,684,118,Classic,35,IT,Tudor Pro Cycling Team,,,",45",,
5,ITT,09 July 2025,Caen,Caen,33.0,191,1,53.951,Time trial,van Poppel Danny,https://www.procyclingstats.com/rider/danny-van-poppel,1993-07-26,1993,Netherlands,1.84,82.0,24.22,Moergestel,75,finished,148,1853,77,Sprint,31,NL,Red Bull - BORA - hansgrohe,,,",76",,
5,ITT,09 July 2025,Caen,Caen,33.0,191,1,53.951,Time trial,Märkl Niklas,https://www.procyclingstats.com/rider/niklas-markl,1999-03-03,1999,Germany,1.85,70.0,20.45,Queidersbach,76,finished,132,1628,196,Sprint,26,DE,Team Picnic PostNL,,,",68",,
5,ITT,09 July 2025,Caen,Caen,33.0,191,1,53.951,Time trial,Narváez Jhonatan,https://www.procyclingstats.com/rider/jhonatan-narvaez,1997-03-04,1997,Ecuador,1.74,65.0,21.47,El Playón de San Francisco,77,finished,29,405,3,Hills,28,EC,UAE Team Emirates - XRG,,,",75",,
5,ITT,09 July 2025,Caen,Caen,33.0,191,1,53.951,Time trial,Barguil Warren,https://www.procyclingstats.com/rider/warren-barguil,1991-10-28,1991,France,1.83,61.0,18.21,Hennebont,78,finished,41,584,192,Climber,33,FR,Team Picnic PostNL,,,",39",,
5,ITT,09 July 2025,Caen,Caen,33.0,191,1,53.951,Time trial,Page Hugo,https://www.procyclingstats.com/rider/hugo-page,2001-07-24,2001,France,1.85,71.0,20.75,Chartres,79,finished,112,1488,44,Classic,23,FR,Intermarché - Wanty,,,",51",,
5,ITT,09 July 2025,Caen,Caen,33.0,191,1,53.951,Time trial,Van Lerberghe Bert,https://www.procyclingstats.com/rider/bert-van-lerberghe,1992-09-29,1992,Belgium,1.9,83.0,22.99,Kortrijk,80,finished,156,1886,27,Classic,32,BE,Soudal Quick-Step,,,",98",,
5,ITT,09 July 2025,Caen,Caen,33.0,191,1,53.951,Time trial,Van Eetvelt Lennert,https://www.procyclingstats.com/rider/lennert-van-eetvelt,2001-07-17,2001,Belgium,1.76,63.0,20.34,Binkom,81,finished,134,1672,217,Climber,23,BE,Lotto,,,",85",,
5,ITT,09 July 2025,Caen,Caen,33.0,191,1,53.951,Time trial,Vlasov Aleksandr,https://www.procyclingstats.com/rider/aleksandr-vlasov,1996-04-23,1996,Russia,1.86,68.0,19.66,Vyborg,82,finished,70,977,78,Climber,29,RU,Red Bull - BORA - hansgrohe,,,",92",,
5,ITT,09 July 2025,Caen,Caen,33.0,191,1,53.951,Time trial,Flynn Sean,https://www.procyclingstats.com/rider/sean-flynn,2000-03-02,2000,Great Britain,1.77,67.0,21.39,Edinburgh,83,finished,137,1736,194,GC,25,GB,Team Picnic PostNL,,,",31",,
5,ITT,09 July 2025,Caen,Caen,33.0,191,1,53.951,Time trial,Mayrhofer Marius,https://www.procyclingstats.com/rider/marius-mayrhofer,2000-09-18,2000,Germany,1.82,70.0,21.13,Tübingen,84,finished,124,1563,116,Hills,24,DE,Tudor Pro Cycling Team,,,",17",,
5,ITT,09 July 2025,Caen,Caen,33.0,191,1,53.951,Time trial,Zimmermann Georg,https://www.procyclingstats.com/rider/georg-zimmermann,1997-10-11,1997,Germany,1.81,70.0,21.37,Augsburg,85,finished,92,1293,48,Classic,27,DE,Intermarché - Wanty,,,",13",,
5,ITT,09 July 2025,Caen,Caen,33.0,191,1,53.951,Time trial,Skujiņš Toms,https://www.procyclingstats.com/rider/toms-skujins,1991-06-15,1991,Latvia,1.81,72.0,21.98,Sigulda,86,finished,74,1014,86,Classic,34,LV,Lidl - Trek,,,",42",,
5,ITT,09 July 2025,Caen,Caen,33.0,191,1,53.951,Time trial,Merlier Tim,https://www.procyclingstats.com/rider/tim-merlier,1992-10-30,1992,Belgium,1.88,76.0,21.5,Wortegem-Petegem,87,finished,149,1859,24,Sprint,32,BE,Soudal Quick-Step,,,",04",,
5,ITT,09 July 2025,Caen,Caen,33.0,191,1,53.951,Time trial,Verstrynge Emiel,https://www.procyclingstats.com/rider/emiel-verstrynge,2002-02-04,2002,Belgium,1.89,69.0,19.32,Eeklo,88,finished,165,1960,108,Climber,23,BE,Alpecin - Deceuninck,,,",78",,
5,ITT,09 July 2025,Caen,Caen,33.0,191,1,53.951,Time trial,Drizners Jarrad,https://www.procyclingstats.com/rider/jarrad-drizners,1999-05-31,1999,Australia,1.86,70.0,20.23,Adelaide,89,finished,151,1870,214,GC,26,AU,Lotto,,,",27",,
5,ITT,09 July 2025,Caen,Caen,33.0,191,1,53.951,Time trial,Boivin Guillaume,https://www.procyclingstats.com/rider/guillaume-boivin,1989-05-25,1989,Canada,1.8,78.0,24.07,Montreal,90,finished,152,1870,204,Classic,36,CA,Israel - Premier Tech,,,",51",,
5,ITT,09 July 2025,Caen,Caen,33.0,191,1,53.951,Time trial,Vermeersch Gianni,https://www.procyclingstats.com/rider/gianni-vermeersch,1992-11-19,1992,Belgium,1.73,68.0,22.72,Roeselare,91,finished,76,1099,107,Classic,32,BE,Alpecin - Deceuninck,,,",19",,
5,ITT,09 July 2025,Caen,Caen,33.0,191,1,53.951,Time trial,van den Berg Marijn,https://www.procyclingstats.com/rider/marijn-van-den-berg,1999-07-19,1999,Netherlands,1.82,73.0,22.04,De Meern,92,finished,111,1485,38,Hills,25,NL,EF Education - EasyPost,,,",49",,
5,ITT,09 July 2025,Caen,Caen,33.0,191,1,53.951,Time trial,Izagirre Ion,https://www.procyclingstats.com/rider/ion-izagirre,1989-02-04,1989,Spain,1.73,60.0,20.05,Ormaiztegi,93,finished,61,858,164,GC,36,ES,Cofidis,,,",78",,
5,ITT,09 July 2025,Caen,Caen,33.0,191,1,53.951,Time trial,Turgis Anthony,https://www.procyclingstats.com/rider/anthony-turgis,1994-05-16,1994,France,1.78,70.0,22.09,Bourg-la-Reine,94,finished,98,1345,187,Classic,31,FR,TotalEnergies,,,",6",,
5,ITT,09 July 2025,Caen,Caen,33.0,191,1,53.951,Time trial,Sweeny Harry,https://www.procyclingstats.com/rider/harry-sweeny,1998-07-09,1998,Australia,1.86,75.0,21.68,Warwick,95,finished,45,622,36,GC,27,AU,EF Education - EasyPost,,,",83",,
5,ITT,09 July 2025,Caen,Caen,33.0,191,1,53.951,Time trial,Van Moer Brent,https://www.procyclingstats.com/rider/brent-van-moer,1998-01-12,1998,Belgium,1.91,79.0,21.66,Beveren,96,finished,119,1537,218,Classic,27,BE,Lotto,,,",12",,
5,ITT,09 July 2025,Caen,Caen,33.0,191,1,53.951,Time trial,Aranburu Alex,https://www.procyclingstats.com/rider/alex-aranburu,1995-09-19,1995,Spain,1.78,63.0,19.88,Ezkio-Itsaso,97,finished,35,501,162,Classic,29,ES,Cofidis,,,",07",,
5,ITT,09 July 2025,Caen,Caen,33.0,191,1,53.951,Time trial,Barta Will,https://www.procyclingstats.com/rider/william-barta,1996-01-04,1996,United States,1.8,61.0,18.83,Boise,98,finished,175,2231,142,TT,29,US,Movistar Team,,,",64",,
5,ITT,09 July 2025,Caen,Caen,33.0,191,1,53.951,Time trial,van Sintmaartensdijk Roel,https://www.procyclingstats.com/rider/roel-van-sintmaartensdijk,2001-05-08,2001,Netherlands,1.97,77.0,19.84,Zuidland,99,finished,172,2101,47,GC,24,NL,Intermarché - Wanty,,,",11",,
5,ITT,09 July 2025,Caen,Caen,33.0,191,1,53.951,Time trial,van Aert Wout,https://www.procyclingstats.com/rider/wout-van-aert,1994-09-15,1994,Belgium,1.9,78.0,21.61,Herentals,100,finished,38,550,17,Classic,30,BE,Team Visma | Lease a Bike,,,",38",,
5,ITT,09 July 2025,Caen,Caen,33.0,191,1,53.951,Time trial,Yates Adam,https://www.procyclingstats.com/rider/adam-yates,1992-08-07,1992,Great Britain,1.73,58.0,19.38,Bury,101,finished,91,1284,8,Climber,32,GB,UAE Team Emirates - XRG,,,",54",,
5,ITT,09 July 2025,Caen,Caen,33.0,191,1,53.951,Time trial,Baudin Alex,https://www.procyclingstats.com/rider/alex-baudin,2001-05-25,2001,France,1.83,64.0,19.11,Albertville,102,finished,51,703,34,Climber,24,FR,EF Education - EasyPost,,,",85",,
5,ITT,09 July 2025,Caen,Caen,33.0,191,1,53.951,Time trial,Pacher Quentin,https://www.procyclingstats.com/rider/quentin-pacher,1992-01-06,1992,France,1.79,62.0,19.35,Libourne,103,finished,58,815,96,Hills,33,FR,Groupama - FDJ,,,",16",,
5,ITT,09 July 2025,Caen,Caen,33.0,191,1,53.951,Time trial,Braet Vito,https://www.procyclingstats.com/rider/vito-braet,2000-11-02,2000,Belgium,1.84,68.0,20.09,Hulste,104,finished,138,1740,43,Classic,24,BE,Intermarché - Wanty,,,",61",,
5,ITT,09 July 2025,Caen,Caen,33.0,191,1,53.951,Time trial,van Dijke Mick,https://www.procyclingstats.com/rider/mick-van-dijke,2000-03-15,2000,Netherlands,1.9,74.0,20.5,Goes,105,finished,141,1789,76,Classic,25,NL,Red Bull - BORA - hansgrohe,,,",0",,
5,ITT,09 July 2025,Caen,Caen,33.0,191,1,53.951,Time trial,Ackermann Pascal,https://www.procyclingstats.com/rider/pascal-ackermann,1994-01-17,1994,Germany,1.8,78.0,24.07,Kandel,106,finished,145,1843,202,Sprint,31,DE,Israel - Premier Tech,,,",69",,
5,ITT,09 July 2025,Caen,Caen,33.0,191,1,53.951,Time trial,Blackmore Joseph,https://www.procyclingstats.com/rider/joseph-blackmore,2003-02-23,2003,Great Britain,1.81,66.0,20.15,Sidcup,107,finished,27,359,203,GC,22,GB,Israel - Premier Tech,,,",8",,
5,ITT,09 July 2025,Caen,Caen,33.0,191,1,53.951,Time trial,Mezgec Luka,https://www.procyclingstats.com/rider/luka-mezgec,1988-06-27,1988,Slovenia,1.83,72.0,21.5,Kranj,108,finished,130,1586,125,Hills,37,SI,Team Jayco AlUla,,,",06",,
5,ITT,09 July 2025,Caen,Caen,33.0,191,1,53.951,Time trial,Démare Arnaud,https://www.procyclingstats.com/rider/arnaud-demare,1991-08-26,1991,France,1.81,76.0,23.2,Beauvais,109,finished,154,1881,134,Classic,33,FR,Arkéa - B&B Hotels,,,",54",,
5,ITT,09 July 2025,Caen,Caen,33.0,191,1,53.951,Time trial,Cort Magnus,https://www.procyclingstats.com/rider/magnus-cort-nielsen,1993-01-16,1993,Denmark,1.84,68.0,20.09,Rønne,110,finished,155,1884,223,Hills,32,DK,Uno-X Mobility,,,",62",,
5,ITT,09 July 2025,Caen,Caen,33.0,191,1,53.951,Time trial,Tronchon Bastien,https://www.procyclingstats.com/rider/bastien-tronchon,2002-03-29,2002,France,1.85,72.0,21.04,Chambéry,111,finished,40,581,158,Classic,23,FR,Decathlon AG2R La Mondiale Team,,,",76",,
5,ITT,09 July 2025,Caen,Caen,33.0,191,1,53.951,Time trial,Penhoët Paul,https://www.procyclingstats.com/rider/paul-penhoet,2001-12-28,2001,France,1.73,64.0,21.38,Clamart,112,finished,102,1390,97,Classic,23,FR,Groupama - FDJ,,,",77",,
5,ITT,09 July 2025,Caen,Caen,33.0,191,1,53.951,Time trial,Naberman Tim,https://www.procyclingstats.com/rider/tim-naberman,1999-05-11,1999,Netherlands,1.87,70.0,20.02,Genemuiden,113,finished,143,1817,197,GC,26,NL,Team Picnic PostNL,,,",97",,
5,ITT,09 July 2025,Caen,Caen,33.0,191,1,53.951,Time trial,Milan Jonathan,https://www.procyclingstats.com/rider/jonathan-milan,2000-10-01,2000,Italy,1.94,84.0,22.32,Tolmezzo,114,finished,116,1517,81,Sprint,24,IT,Lidl - Trek,,,",06",,
5,ITT,09 July 2025,Caen,Caen,33.0,191,1,53.951,Time trial,Costiou Ewen,https://www.procyclingstats.com/rider/ewen-costiou,2002-11-10,2002,France,1.76,64.0,20.66,Brest,115,finished,72,1009,133,GC,22,FR,Arkéa - B&B Hotels,,,",12",,
5,ITT,09 July 2025,Caen,Caen,33.0,191,1,53.951,Time trial,Renard Alexis,https://www.procyclingstats.com/rider/alexis-renard,1999-06-01,1999,France,1.86,74.0,21.39,Saint-Brieuc,116,finished,136,1698,165,Classic,26,FR,Cofidis,,,",5",,
5,ITT,09 July 2025,Caen,Caen,33.0,191,1,53.951,Time trial,Scotson Callum,https://www.procyclingstats.com/rider/callum-scotson,1996-08-10,1996,Australia,1.83,77.0,22.99,Campbelltown,117,finished,68,942,157,GC,28,AU,Decathlon AG2R La Mondiale Team,,,",62",,
5,ITT,09 July 2025,Caen,Caen,33.0,191,1,53.951,Time trial,Le Berre Mathis,https://www.procyclingstats.com/rider/mathis-le-berre,2001-04-16,2001,France,1.76,68.0,21.95,Saint-Brieuc,118,finished,139,1775,136,Hills,24,FR,Arkéa - B&B Hotels,,,",26",,
5,ITT,09 July 2025,Caen,Caen,33.0,191,1,53.951,Time trial,Higuita Sergio,https://www.procyclingstats.com/rider/sergio-higuita,1997-08-01,1997,Colombia,1.66,57.0,20.69,Medellín,119,finished,88,1278,176,Climber,27,CO,XDS Astana Team,,,",22",,
5,ITT,09 July 2025,Caen,Caen,33.0,191,1,53.951,Time trial,Yates Simon,https://www.procyclingstats.com/rider/simon-yates,1992-08-07,1992,Great Britain,1.72,58.0,19.61,Bury,120,finished,69,971,18,Climber,32,GB,Team Visma | Lease a Bike,,,",39",,
5,ITT,09 July 2025,Caen,Caen,33.0,191,1,53.951,Time trial,Abrahamsen Jonas,https://www.procyclingstats.com/rider/jonas-abrahamsen,1995-09-20,1995,Norway,1.83,78.0,23.29,Skien,121,finished,100,1377,222,Classic,29,NO,Uno-X Mobility,,,",62",,
5,ITT,09 July 2025,Caen,Caen,33.0,191,1,53.951,Time trial,Rubio Einer,https://www.procyclingstats.com/rider/einer-rubio,1998-02-22,1998,Colombia,1.64,56.0,20.82,Chíquiza,122,finished,174,2164,148,Climber,27,CO,Movistar Team,,,",73",,
5,ITT,09 July 2025,Caen,Caen,33.0,191,1,53.951,Time trial,Stannard Robert,https://www.procyclingstats.com/rider/robert-stannard,1998-09-16,1998,Australia,1.79,74.0,23.1,Sydney Previous nationalities New Zealand until 2016,123,finished,105,1423,57,Hills,26,AU,Bahrain - Victorious,,,",55",,
5,ITT,09 July 2025,Caen,Caen,33.0,191,1,53.951,Time trial,García Cortina Iván,https://www.procyclingstats.com/rider/ivan-garcia-cortina,1995-11-20,1995,Spain,1.83,77.0,22.99,Gijón,124,finished,135,1693,145,Classic,29,ES,Movistar Team,,,",04",,
5,ITT,09 July 2025,Caen,Caen,33.0,191,1,53.951,Time trial,Berckmoes Jenno,https://www.procyclingstats.com/rider/jenno-berckmoes,2001-02-04,2001,Belgium,1.77,61.0,19.47,Ghent,125,finished,28,376,212,Classic,24,BE,Lotto,,,",6",,
5,ITT,09 July 2025,Caen,Caen,33.0,191,1,53.951,Time trial,Soler Marc,https://www.procyclingstats.com/rider/marc-soler,1993-11-22,1993,Spain,1.86,68.0,19.66,Vilanova i la Geltrú,126,finished,87,1274,6,Climber,31,ES,UAE Team Emirates - XRG,,,",76",,
5,ITT,09 July 2025,Caen,Caen,33.0,191,1,53.951,Time trial,Hirschi Marc,https://www.procyclingstats.com/rider/marc-hirschi,1998-08-24,1998,Switzerland,1.74,61.0,20.15,Bern,127,finished,26,359,114,Classic,26,CH,Tudor Pro Cycling Team,,,",3",,
5,ITT,09 July 2025,Caen,Caen,33.0,191,1,53.951,Time trial,Askey Lewis,https://www.procyclingstats.com/rider/lewis-askey,2001-05-04,2001,Great Britain,1.87,75.0,21.45,Cannock,128,finished,126,1575,92,Classic,24,GB,Groupama - FDJ,,,",44",,
5,ITT,09 July 2025,Caen,Caen,33.0,191,1,53.951,Time trial,Louvel Matis,https://www.procyclingstats.com/rider/matis-louvel,1999-07-19,1999,France,1.87,77.0,22.02,Mont Saint Aignan,129,finished,80,1125,205,Classic,25,FR,Israel - Premier Tech,,,",36",,
5,ITT,09 July 2025,Caen,Caen,33.0,191,1,53.951,Time trial,Groenewegen Dylan,https://www.procyclingstats.com/rider/dylan-groenewegen,1993-06-21,1993,Netherlands,1.77,70.0,22.34,Amsterdam,130,finished,144,1822,124,Sprint,32,NL,Team Jayco AlUla,,,",51",,
5,ITT,09 July 2025,Caen,Caen,33.0,191,1,53.951,Time trial,Neilands Krists,https://www.procyclingstats.com/rider/krists-neilands,1994-08-18,1994,Latvia,1.89,69.0,19.32,Kuldīga,131,finished,53,739,207,Classic,30,LV,Israel - Premier Tech,,,",44",,
5,ITT,09 July 2025,Caen,Caen,33.0,191,1,53.951,Time trial,Benoot Tiesj,https://www.procyclingstats.com/rider/tiesj-benoot,1994-03-11,1994,Belgium,1.9,72.0,19.94,Ghent,132,finished,30,413,13,Classic,31,BE,Team Visma | Lease a Bike,,,",11",,
5,ITT,09 July 2025,Caen,Caen,33.0,191,1,53.951,Time trial,Delettre Alexandre,https://www.procyclingstats.com/rider/alexandre-delettre,1997-10-25,1997,France,1.7,62.0,21.45,Gonesse,133,finished,34,469,183,Classic,27,FR,TotalEnergies,,,",03",,
5,ITT,09 July 2025,Caen,Caen,33.0,191,1,53.951,Time trial,Edvardsen-Fredheim Stian,https://www.procyclingstats.com/rider/stian-fredheim,2003-03-23,2003,Norway,1.84,72.0,21.27,Kristiansand,134,finished,113,1494,224,Sprint,22,NO,Uno-X Mobility,,,",99",,
5,ITT,09 July 2025,Caen,Caen,33.0,191,1,53.951,Time trial,Grignard Sébastien,https://www.procyclingstats.com/rider/sebastien-grignard,1999-04-29,1999,Belgium,1.79,68.0,21.22,Mons,135,finished,169,1994,215,Classic,26,BE,Lotto,,,",11",,
5,ITT,09 July 2025,Caen,Caen,33.0,191,1,53.951,Time trial,Venturini Clément,https://www.procyclingstats.com/rider/clement-venturini,1993-10-16,1993,France,1.65,60.0,22.04,Villeurbanne,136,finished,43,605,138,Classic,31,FR,Arkéa - B&B Hotels,,,",75",,
5,ITT,09 July 2025,Caen,Caen,33.0,191,1,53.951,Time trial,Wright Fred,https://www.procyclingstats.com/rider/alfred-wright,1999-06-13,1999,Great Britain,1.84,75.0,22.15,London,137,finished,65,910,58,Hills,26,GB,Bahrain - Victorious,,,",43",,
5,ITT,09 July 2025,Caen,Caen,33.0,191,1,53.951,Time trial,Mühlberger Gregor,https://www.procyclingstats.com/rider/gregor-muhlberger,1994-04-04,1994,Austria,1.8,64.0,19.75,Haidershofen,138,finished,82,1167,146,GC,31,AT,Movistar Team,,,",62",,
5,ITT,09 July 2025,Caen,Caen,33.0,191,1,53.951,Time trial,Moscon Gianni,https://www.procyclingstats.com/rider/gianni-moscon,1994-04-20,1994,Italy,1.8,71.0,21.91,Trento,139,finished,95,1325,74,Classic,31,IT,Red Bull - BORA - hansgrohe,,,",03",,
5,ITT,09 July 2025,Caen,Caen,33.0,191,1,53.951,Time trial,Lutsenko Alexey,https://www.procyclingstats.com/rider/aleksey-lutsenko,1992-09-07,1992,Kazakhstan,1.74,74.0,24.44,Petropavl,140,finished,47,650,206,GC,32,KZ,Israel - Premier Tech,,,",13",,
5,ITT,09 July 2025,Caen,Caen,33.0,191,1,53.951,Time trial,Barré Louis,https://www.procyclingstats.com/rider/louis-barre,2000-04-06,2000,France,1.84,68.0,20.09,Nantes,141,finished,77,1104,42,Classic,25,FR,Intermarché - Wanty,,,",63",,
5,ITT,09 July 2025,Caen,Caen,33.0,191,1,53.951,Time trial,Dillier Silvan,https://www.procyclingstats.com/rider/silvan-dillier,1990-08-03,1990,Switzerland,1.83,75.0,22.4,Aarau,142,finished,176,2258,102,Classic,34,CH,Alpecin - Deceuninck,,,",84",,
5,ITT,09 July 2025,Caen,Caen,33.0,191,1,53.951,Time trial,Lienhard Fabian,https://www.procyclingstats.com/rider/fabian-lienhard,1993-09-03,1993,Switzerland,1.83,73.0,21.8,Steinmaur,143,finished,158,1907,115,Classic,31,CH,Tudor Pro Cycling Team,,,",63",,
5,ITT,09 July 2025,Caen,Caen,33.0,191,1,53.951,Time trial,Tejada Harold,https://www.procyclingstats.com/rider/harold-tejada,1997-04-27,1997,Colombia,1.8,63.0,19.44,Pitalito,144,finished,125,1563,171,Climber,28,CO,XDS Astana Team,,,",94",,
5,ITT,09 July 2025,Caen,Caen,33.0,191,1,53.951,Time trial,Simmons Quinn,https://www.procyclingstats.com/rider/quinn-simmons,2001-05-08,2001,United States,1.85,73.0,21.33,Durango,145,finished,94,1324,84,Hills,24,US,Lidl - Trek,,,",28",,
5,ITT,09 July 2025,Caen,Caen,33.0,191,1,53.951,Time trial,Wærenskjold Søren,https://www.procyclingstats.com/rider/soren-waerenskjold,2000-03-12,2000,Norway,1.95,92.0,24.19,Mandal,146,finished,153,1870,228,Classic,25,NO,Uno-X Mobility,,,",9",,
5,ITT,09 July 2025,Caen,Caen,33.0,191,1,53.951,Time trial,Kuss Sepp,https://www.procyclingstats.com/rider/sepp-kuss,1994-09-13,1994,United States,1.82,61.0,18.42,Durango,147,finished,36,526,16,Climber,30,US,Team Visma | Lease a Bike,,,",49",,
5,ITT,09 July 2025,Caen,Caen,33.0,191,1,53.951,Time trial,van den Broek Frank,https://www.procyclingstats.com/rider/frank-van-den-broek,2000-12-28,2000,Netherlands,1.78,70.0,22.09,Warmond,148,finished,108,1444,198,GC,24,NL,Team Picnic PostNL,,,",5",,
5,ITT,09 July 2025,Caen,Caen,33.0,191,1,53.951,Time trial,Johannessen Anders Halland,https://www.procyclingstats.com/rider/anders-halland-johannessen,1999-08-23,1999,Norway,1.76,,,Drøbak,149,finished,90,1279,226,GC,25,NO,Uno-X Mobility,,,",06",,
5,ITT,09 July 2025,Caen,Caen,33.0,191,1,53.951,Time trial,Stewart Jake,https://www.procyclingstats.com/rider/jake-stewart,1999-10-02,1999,Great Britain,1.79,66.0,20.6,Coventry,150,finished,114,1499,208,Hills,25,GB,Israel - Premier Tech,,,",78",,
5,ITT,09 July 2025,Caen,Caen,33.0,191,1,53.951,Time trial,Ballerini Davide,https://www.procyclingstats.com/rider/davide-ballerini,1994-09-21,1994,Italy,1.83,71.0,21.2,Cantù,151,finished,164,1951,172,Classic,30,IT,XDS Astana Team,,,",19",,
5,ITT,09 July 2025,Caen,Caen,33.0,191,1,53.951,Time trial,Teunissen Mike,https://www.procyclingstats.com/rider/mike-teunissen,1992-08-25,1992,Netherlands,1.84,73.0,21.56,Ysselsteyn,152,finished,106,1426,177,Classic,32,NL,XDS Astana Team,,,",08",,
5,ITT,09 July 2025,Caen,Caen,33.0,191,1,53.951,Time trial,Sepúlveda Eduardo,https://www.procyclingstats.com/rider/eduardo-sepulveda,1991-06-13,1991,Argentina,1.73,59.0,19.71,Rawson,153,finished,157,1899,216,GC,34,AR,Lotto,,,",85",,
5,ITT,09 July 2025,Caen,Caen,33.0,191,1,53.951,Time trial,Coquard Bryan,https://www.procyclingstats.com/rider/bryan-coquard,1992-04-25,1992,France,1.71,59.0,20.18,Saint-Nazaire,154,finished,66,926,163,Sprint,33,FR,Cofidis,,,",82",,
5,ITT,09 July 2025,Caen,Caen,33.0,191,1,53.951,Time trial,Nys Thibau,https://www.procyclingstats.com/rider/thibau-nys,2002-11-12,2002,Belgium,1.76,64.0,20.66,Bonheiden,155,finished,96,1329,83,Hills,22,BE,Lidl - Trek,,,",96",,
5,ITT,09 July 2025,Caen,Caen,33.0,191,1,53.951,Time trial,Leknessund Andreas,https://www.procyclingstats.com/rider/andreas-leknessund,1999-05-21,1999,Norway,1.86,72.0,20.81,Tromsø,156,finished,127,1576,227,GC,26,NO,Uno-X Mobility,,,",27",,
5,ITT,09 July 2025,Caen,Caen,33.0,191,1,53.951,Time trial,Vercher Mattéo,https://www.procyclingstats.com/rider/matheo-vercher,2001-01-26,2001,France,1.71,,,Lyon,157,finished,177,2300,188,Hills,24,FR,TotalEnergies,,,",46",,
5,ITT,09 July 2025,Caen,Caen,33.0,191,1,53.951,Time trial,Woods Michael,https://www.procyclingstats.com/rider/michael-woods,1986-10-12,1986,Canada,1.75,62.0,20.24,Toronto,158,finished,122,1554,201,Climber,38,CA,Israel - Premier Tech,,,",57",,
5,ITT,09 July 2025,Caen,Caen,33.0,191,1,53.951,Time trial,Paret-Peintre Valentin,https://www.procyclingstats.com/rider/valentin-paret-peintre,2001-01-14,2001,France,1.78,52.0,16.41,Annemasse,159,finished,160,1920,25,Climber,24,FR,Soudal Quick-Step,,,",55",,
5,ITT,09 July 2025,Caen,Caen,33.0,191,1,53.951,Time trial,Meeus Jordi,https://www.procyclingstats.com/rider/jordi-meeus,1998-07-01,1998,Belgium,1.9,80.0,22.16,Lommel,160,finished,168,1986,73,Classic,27,BE,Red Bull - BORA - hansgrohe,,,",71",,
5,ITT,09 July 2025,Caen,Caen,33.0,191,1,53.951,Time trial,Champoussin Clément,https://www.procyclingstats.com/rider/clement-champoussin,1998-05-29,1998,France,1.8,61.0,18.83,Nice,161,finished,97,1341,174,Climber,27,FR,XDS Astana Team,,,",16",,
5,ITT,09 July 2025,Caen,Caen,33.0,191,1,53.951,Time trial,Theuns Edward,https://www.procyclingstats.com/rider/edward-theuns,1991-04-30,1991,Belgium,1.83,72.0,21.5,Ghent,162,finished,170,2019,88,Classic,34,BE,Lidl - Trek,,,",77",,
5,ITT,09 July 2025,Caen,Caen,33.0,191,1,53.951,Time trial,Bauhaus Phil,https://www.procyclingstats.com/rider/phil-bauhaus,1994-07-08,1994,Germany,1.84,75.0,22.15,Bocholt,163,finished,163,1934,52,Sprint,31,DE,Bahrain - Victorious,,,",84",,
5,ITT,09 July 2025,Caen,Caen,33.0,191,1,53.951,Time trial,Hoelgaard Markus,https://www.procyclingstats.com/rider/markus-hoelgaard,1994-10-04,1994,Norway,1.88,74.0,20.94,Stavanger,164,finished,63,884,225,Classic,30,NO,Uno-X Mobility,,,",43",,
5,ITT,09 July 2025,Caen,Caen,33.0,191,1,53.951,Time trial,Laurance Axel,https://www.procyclingstats.com/rider/axel-laurance,2001-04-13,2001,France,1.79,63.0,19.66,Calan,165,finished,57,807,65,Hills,24,FR,INEOS Grenadiers,,,",85",,
5,ITT,09 July 2025,Caen,Caen,33.0,191,1,53.951,Time trial,Martinez Lenny,https://www.procyclingstats.com/rider/lenny-martinez,2003-07-11,2003,France,1.68,52.0,18.42,Cannes,166,finished,161,1923,55,Climber,21,FR,Bahrain - Victorious,,,",29",,
5,ITT,09 July 2025,Caen,Caen,33.0,191,1,53.951,Time trial,Velasco Simone,https://www.procyclingstats.com/rider/simone-velasco,1995-12-02,1995,Italy,1.7,59.0,20.42,Bologna,167,finished,55,778,178,Classic,29,IT,XDS Astana Team,,,",78",,
5,ITT,09 July 2025,Caen,Caen,33.0,191,1,53.951,Time trial,Schachmann Maximilian,https://www.procyclingstats.com/rider/maximilian-schachmann,1994-01-09,1994,Germany,1.83,71.0,21.2,Berlin,168,finished,129,1585,26,GC,31,DE,Soudal Quick-Step,,,",25",,
5,ITT,09 July 2025,Caen,Caen,33.0,191,1,53.951,Time trial,Mohorič Matej,https://www.procyclingstats.com/rider/matej-mohoric,1994-10-19,1994,Slovenia,1.86,71.0,20.52,Kranj,169,finished,140,1782,56,Classic,30,SI,Bahrain - Victorious,,,",12",,
5,ITT,09 July 2025,Caen,Caen,33.0,191,1,53.951,Time trial,Andresen Tobias Lund,https://www.procyclingstats.com/rider/tobias-lund-andresen,2002-08-20,2002,Denmark,1.81,69.0,21.06,Taastrup,170,finished,49,681,195,Classic,22,DK,Team Picnic PostNL,,,",19",,
5,ITT,09 July 2025,Caen,Caen,33.0,191,1,53.951,Time trial,Watson Samuel,https://www.procyclingstats.com/rider/samuel-watson,2001-09-24,2001,Great Britain,1.88,68.0,19.24,Leeds,171,finished,85,1264,68,Hills,23,GB,INEOS Grenadiers,,,",28",,
5,ITT,09 July 2025,Caen,Caen,33.0,191,1,53.951,Time trial,Bol Cees,https://www.procyclingstats.com/rider/cees-bol,1995-07-27,1995,Netherlands,1.94,83.0,22.05,Zaandam,172,finished,178,2318,173,Sprint,29,NL,XDS Astana Team,,,",22",,
5,ITT,09 July 2025,Caen,Caen,33.0,191,1,53.951,Time trial,Van Wilder Ilan,https://www.procyclingstats.com/rider/ilan-van-wilder,2000-05-14,2000,Belgium,1.71,64.0,21.89,Jette,173,finished,73,1009,28,GC,25,BE,Soudal Quick-Step,,,",79",,
5,ITT,09 July 2025,Caen,Caen,33.0,191,1,53.951,Time trial,Fedorov Yevgeniy,https://www.procyclingstats.com/rider/yevgeniy-fedorov,2000-02-16,2000,Kazakhstan,1.93,80.0,21.48,Aktobe,174,finished,179,2336,175,Classic,25,KZ,XDS Astana Team,,,",19",,
5,ITT,09 July 2025,Caen,Caen,33.0,191,1,53.951,Time trial,Gradek Kamil,https://www.procyclingstats.com/rider/kamil-gradek,1990-09-17,1990,Poland,1.94,83.0,22.05,Koziegłowy,175,finished,171,2062,53,TT,34,PL,Bahrain - Victorious,,,",4",,
5,ITT,09 July 2025,Caen,Caen,33.0,191,1,53.951,Time trial,Bittner Pavel,https://www.procyclingstats.com/rider/pavel-bittner,2002-10-29,2002,Czech Republic,1.84,73.0,21.56,Olomouc,176,finished,121,1550,193,Sprint,22,CZ,Team Picnic PostNL,,,",16",,
5,ITT,09 July 2025,Caen,Caen,33.0,191,1,53.951,Time trial,Campenaerts Victor,https://www.procyclingstats.com/rider/victor-campenaerts,1991-10-28,1991,Belgium,1.73,68.0,22.72,Hoboken,177,finished,75,1099,14,TT,33,BE,Team Visma | Lease a Bike,,,",01",,
5,ITT,09 July 2025,Caen,Caen,33.0,191,1,53.951,Time trial,Storer Michael,https://www.procyclingstats.com/rider/michael-storer,1997-02-28,1997,Australia,1.77,63.0,20.11,Perth,178,finished,173,2157,117,Climber,28,AU,Tudor Pro Cycling Team,,,",81",,
5,ITT,09 July 2025,Caen,Caen,33.0,191,1,53.951,Time trial,De Lie Arnaud,https://www.procyclingstats.com/rider/arnaud-de-lie,2002-03-16,2002,Belgium,1.82,78.0,23.55,Libramont,179,finished,167,1975,211,Classic,23,BE,Lotto,,,",2",,
5,ITT,09 July 2025,Caen,Caen,33.0,191,1,53.951,Time trial,Jeannière Emilien,https://www.procyclingstats.com/rider/emilien-jeanniere,1998-09-26,1998,France,1.76,,,Saint-Paul-en-Pareds,,DNS,,,185,Classic,26,FR,TotalEnergies,,,,,
5,ITT,09 July 2025,Caen,Caen,33.0,191,1,53.951,Time trial,De Buyst Jasper,https://www.procyclingstats.com/rider/jasper-de-buyst,1993-11-24,1993,Belgium,1.79,72.0,22.47,Asse,,DNS,,,213,Classic,31,BE,Lotto,,,,,
6,RR,10 July 2025,Bayeux,Vire Normandie,201.5,3309,143,45.767,42.5 km solo,Healy Ben,https://www.procyclingstats.com/rider/ben-healy,2000-09-11,2000,Ireland,1.75,62.0,20.24,Kingswinford Previous nationalities Great Britain until 2016,1,finished,8,121,31,Climber,24,IE,EF Education - EasyPost,210.0,100.0,4:24:10,0,15850
6,RR,10 July 2025,Bayeux,Vire Normandie,201.5,3309,143,45.767,42.5 km solo,Simmons Quinn,https://www.procyclingstats.com/rider/quinn-simmons,2001-05-08,2001,United States,1.85,73.0,21.33,Durango,2,finished,61,1156,84,Hills,24,US,Lidl - Trek,150.0,70.0,2:44,164,16014
6,RR,10 July 2025,Bayeux,Vire Normandie,201.5,3309,143,45.767,42.5 km solo,Storer Michael,https://www.procyclingstats.com/rider/michael-storer,1997-02-28,1997,Australia,1.77,63.0,20.11,Perth,3,finished,105,1998,117,Climber,28,AU,Tudor Pro Cycling Team,110.0,50.0,2:51,171,16021
6,RR,10 July 2025,Bayeux,Vire Normandie,201.5,3309,143,45.767,42.5 km solo,Dunbar Eddie,https://www.procyclingstats.com/rider/edward-irl-dunbar,1996-09-01,1996,Ireland,1.7,57.0,19.72,Banteer,4,finished,29,521,122,GC,28,IE,Team Jayco AlUla,90.0,40.0,3:21,201,16051
6,RR,10 July 2025,Bayeux,Vire Normandie,201.5,3309,143,45.767,42.5 km solo,Yates Simon,https://www.procyclingstats.com/rider/simon-yates,1992-08-07,1992,Great Britain,1.72,58.0,19.61,Bury,5,finished,40,849,18,Climber,32,GB,Team Visma | Lease a Bike,70.0,32.0,3:24,204,16054
6,RR,10 July 2025,Bayeux,Vire Normandie,201.5,3309,143,45.767,42.5 km solo,Barta Will,https://www.procyclingstats.com/rider/william-barta,1996-01-04,1996,United States,1.8,61.0,18.83,Boise,6,finished,109,2114,142,TT,29,US,Movistar Team,55.0,26.0,3:29,209,16059
6,RR,10 July 2025,Bayeux,Vire Normandie,201.5,3309,143,45.767,42.5 km solo,Tejada Harold,https://www.procyclingstats.com/rider/harold-tejada,1997-04-27,1997,Colombia,1.8,63.0,19.44,Pitalito,7,finished,77,1469,171,Climber,28,CO,XDS Astana Team,45.0,22.0,3:52,232,16082
6,RR,10 July 2025,Bayeux,Vire Normandie,201.5,3309,143,45.767,42.5 km solo,van der Poel Mathieu,https://www.procyclingstats.com/rider/mathieu-van-der-poel,1995-01-19,1995,Netherlands,1.84,75.0,22.15,Kapellen,8,finished,1,0,106,Classic,30,NL,Alpecin - Deceuninck,40.0,18.0,3:58,238,16088
6,RR,10 July 2025,Bayeux,Vire Normandie,201.5,3309,143,45.767,42.5 km solo,Pogačar Tadej,https://www.procyclingstats.com/rider/tadej-pogacar,1998-09-21,1998,Slovenia,1.76,66.0,21.31,Klanec,9,finished,2,1,1,Climber,26,SI,UAE Team Emirates - XRG,35.0,14.0,5:27,327,16177
6,RR,10 July 2025,Bayeux,Vire Normandie,201.5,3309,143,45.767,42.5 km solo,Vingegaard Jonas,https://www.procyclingstats.com/rider/jonas-vingegaard,1996-12-10,1996,Denmark,1.75,58.0,18.94,Hillerslev,10,finished,5,74,11,GC,28,DK,Team Visma | Lease a Bike,30.0,10.0,",,",327,16177
6,RR,10 July 2025,Bayeux,Vire Normandie,201.5,3309,143,45.767,42.5 km solo,Jorgenson Matteo,https://www.procyclingstats.com/rider/matteo-jorgenson,1999-07-01,1999,United States,1.9,69.0,19.11,Walnut Creek,11,finished,6,83,15,GC,26,US,Team Visma | Lease a Bike,25.0,8.0,",,",327,16177
6,RR,10 July 2025,Bayeux,Vire Normandie,201.5,3309,143,45.767,42.5 km solo,Evenepoel Remco,https://www.procyclingstats.com/rider/remco-evenepoel,2000-01-25,2000,Belgium,1.71,63.0,21.55,Aalst,12,finished,3,43,21,Climber,25,BE,Soudal Quick-Step,20.0,6.0,",,",327,16177
6,RR,10 July 2025,Bayeux,Vire Normandie,201.5,3309,143,45.767,42.5 km solo,Onley Oscar,https://www.procyclingstats.com/rider/oscar-onley,2002-10-13,2002,Great Britain,1.73,62.0,20.72,Kelso,13,finished,11,162,191,GC,22,GB,Team Picnic PostNL,15.0,4.0,",,",327,16177
6,RR,10 July 2025,Bayeux,Vire Normandie,201.5,3309,143,45.767,42.5 km solo,Vauquelin Kévin,https://www.procyclingstats.com/rider/kevin-vauquelin,2001-04-26,2001,France,1.76,69.0,22.28,Bayeux,14,finished,4,60,131,GC,24,FR,Arkéa - B&B Hotels,10.0,2.0,",,",327,16177
6,RR,10 July 2025,Bayeux,Vire Normandie,201.5,3309,143,45.767,42.5 km solo,Lipowitz Florian,https://www.procyclingstats.com/rider/florian-lipowitz,2000-09-21,2000,Germany,1.81,68.0,20.76,Laichingen,15,finished,9,152,72,GC,24,DE,Red Bull - BORA - hansgrohe,5.0,1.0,",,",327,16177
6,RR,10 July 2025,Bayeux,Vire Normandie,201.5,3309,143,45.767,42.5 km solo,Gall Felix,https://www.procyclingstats.com/rider/felix-gall,1998-02-27,1998,Austria,1.8,66.0,20.37,Nußdorf-Debant,16,finished,18,278,151,Climber,27,AT,Decathlon AG2R La Mondiale Team,,,",,",327,16177
6,RR,10 July 2025,Bayeux,Vire Normandie,201.5,3309,143,45.767,42.5 km solo,Buitrago Santiago,https://www.procyclingstats.com/rider/santiago-buitrago-sanchez,1999-09-26,1999,Colombia,1.74,59.0,19.49,Bogotá,17,finished,14,237,51,Climber,25,CO,Bahrain - Victorious,,,5:32,332,16182
6,RR,10 July 2025,Bayeux,Vire Normandie,201.5,3309,143,45.767,42.5 km solo,Mas Enric,https://www.procyclingstats.com/rider/enric-mas,1995-01-07,1995,Spain,1.77,61.0,19.47,Artà,18,finished,13,215,141,Climber,30,ES,Movistar Team,,,",,",332,16182
6,RR,10 July 2025,Bayeux,Vire Normandie,201.5,3309,143,45.767,42.5 km solo,Roglič Primož,https://www.procyclingstats.com/rider/primoz-roglic,1989-10-29,1989,Slovenia,1.77,65.0,20.75,Trbovlje,19,finished,10,156,71,Climber,35,SI,Red Bull - BORA - hansgrohe,,,",,",332,16182
6,RR,10 July 2025,Bayeux,Vire Normandie,201.5,3309,143,45.767,42.5 km solo,Jegat Jordan,https://www.procyclingstats.com/rider/jordan-jegat,1999-06-07,1999,France,1.76,59.0,19.05,Vannes,20,finished,19,309,186,Climber,26,FR,TotalEnergies,,,",,",332,16182
6,RR,10 July 2025,Bayeux,Vire Normandie,201.5,3309,143,45.767,42.5 km solo,Higuita Sergio,https://www.procyclingstats.com/rider/sergio-higuita,1997-08-01,1997,Colombia,1.66,57.0,20.69,Medellín,21,finished,66,1284,176,Climber,27,CO,XDS Astana Team,,,",,",332,16182
6,RR,10 July 2025,Bayeux,Vire Normandie,201.5,3309,143,45.767,42.5 km solo,Johannessen Tobias Halland,https://www.procyclingstats.com/rider/tobias-halland-johannessen,1999-08-23,1999,Norway,1.76,62.0,20.02,Drøbak,22,finished,15,238,221,Climber,25,NO,Uno-X Mobility,,,",,",332,16182
6,RR,10 July 2025,Bayeux,Vire Normandie,201.5,3309,143,45.767,42.5 km solo,Almeida João,https://www.procyclingstats.com/rider/joao-almeida,1998-08-05,1998,Portugal,1.78,63.0,19.88,Caldas da Rainha,23,finished,7,119,2,GC,26,PT,UAE Team Emirates - XRG,,,",,",332,16182
6,RR,10 July 2025,Bayeux,Vire Normandie,201.5,3309,143,45.767,42.5 km solo,Haig Jack,https://www.procyclingstats.com/rider/jack-haig,1993-09-06,1993,Australia,1.9,67.0,18.56,Southport,24,finished,20,309,54,GC,31,AU,Bahrain - Victorious,,,5:40,340,16190
6,RR,10 July 2025,Bayeux,Vire Normandie,201.5,3309,143,45.767,42.5 km solo,Rodríguez Carlos,https://www.procyclingstats.com/rider/carlos-rodriguez-cano,2001-02-02,2001,Spain,1.83,67.0,20.01,Almuñécar,25,finished,17,261,66,GC,24,ES,INEOS Grenadiers,,,5:43,343,16193
6,RR,10 July 2025,Bayeux,Vire Normandie,201.5,3309,143,45.767,42.5 km solo,Buchmann Emanuel,https://www.procyclingstats.com/rider/emanuel-buchmann,1992-11-18,1992,Germany,1.8,59.0,18.21,Ravensburg,26,finished,24,369,161,GC,32,DE,Cofidis,,,",,",343,16193
6,RR,10 July 2025,Bayeux,Vire Normandie,201.5,3309,143,45.767,42.5 km solo,Rodríguez Cristián,https://www.procyclingstats.com/rider/cristian-rodriguez,1995-03-03,1995,Spain,1.78,59.0,18.62,El Ejido,27,finished,32,608,137,GC,30,ES,Arkéa - B&B Hotels,,,5:48,348,16198
6,RR,10 July 2025,Bayeux,Vire Normandie,201.5,3309,143,45.767,42.5 km solo,Martin Guillaume,https://www.procyclingstats.com/rider/guillaume-martin,1993-06-09,1993,France,1.73,55.0,18.38,Paris,28,finished,23,347,91,Climber,32,FR,Groupama - FDJ,,,",,",348,16198
6,RR,10 July 2025,Bayeux,Vire Normandie,201.5,3309,143,45.767,42.5 km solo,Grégoire Romain,https://www.procyclingstats.com/rider/romain-gregoire,2003-01-21,2003,France,1.76,64.0,20.66,Besançon,29,finished,30,569,94,Classic,22,FR,Groupama - FDJ,,,6:02,362,16212
6,RR,10 July 2025,Bayeux,Vire Normandie,201.5,3309,143,45.767,42.5 km solo,Madouas Valentin,https://www.procyclingstats.com/rider/valentin-madouas,1996-07-12,1996,France,1.79,71.0,22.16,Brest,30,finished,25,370,95,Classic,28,FR,Groupama - FDJ,,,",,",362,16212
6,RR,10 July 2025,Bayeux,Vire Normandie,201.5,3309,143,45.767,42.5 km solo,Benoot Tiesj,https://www.procyclingstats.com/rider/tiesj-benoot,1994-03-11,1994,Belgium,1.9,72.0,19.94,Ghent,31,finished,27,454,13,Classic,31,BE,Team Visma | Lease a Bike,,,6:07,367,16217
6,RR,10 July 2025,Bayeux,Vire Normandie,201.5,3309,143,45.767,42.5 km solo,Pacher Quentin,https://www.procyclingstats.com/rider/quentin-pacher,1992-01-06,1992,France,1.79,62.0,19.35,Libourne,32,finished,41,856,96,Hills,33,FR,Groupama - FDJ,,,",,",367,16217
6,RR,10 July 2025,Bayeux,Vire Normandie,201.5,3309,143,45.767,42.5 km solo,Skjelmose Mattias,https://www.procyclingstats.com/rider/mattias-skjelmose-jensen,2000-09-26,2000,Denmark,1.8,65.0,20.06,Copenhagen,33,finished,12,193,85,Climber,24,DK,Lidl - Trek,,,",,",367,16217
6,RR,10 July 2025,Bayeux,Vire Normandie,201.5,3309,143,45.767,42.5 km solo,Cras Steff,https://www.procyclingstats.com/rider/steff-cras,1996-02-13,1996,Belgium,1.83,67.0,20.01,Geel,34,finished,22,338,181,GC,29,BE,TotalEnergies,,,6:10,370,16220
6,RR,10 July 2025,Bayeux,Vire Normandie,201.5,3309,143,45.767,42.5 km solo,Paret-Peintre Aurélien,https://www.procyclingstats.com/rider/aurelien-paret-peintre,1996-02-27,1996,France,1.84,64.0,18.9,Annemasse,35,finished,16,251,156,GC,29,FR,Decathlon AG2R La Mondiale Team,,,6:15,375,16225
6,RR,10 July 2025,Bayeux,Vire Normandie,201.5,3309,143,45.767,42.5 km solo,Blackmore Joseph,https://www.procyclingstats.com/rider/joseph-blackmore,2003-02-23,2003,Great Britain,1.81,66.0,20.15,Sidcup,36,finished,26,408,203,GC,22,GB,Israel - Premier Tech,,,",,",375,16225
6,RR,10 July 2025,Bayeux,Vire Normandie,201.5,3309,143,45.767,42.5 km solo,Berthet Clément,https://www.procyclingstats.com/rider/clement-berthet,1997-08-02,1997,France,1.84,68.0,20.09,Pierre Bénite,37,finished,45,896,153,Climber,27,FR,Decathlon AG2R La Mondiale Team,,,6:26,386,16236
6,RR,10 July 2025,Bayeux,Vire Normandie,201.5,3309,143,45.767,42.5 km solo,Narváez Jhonatan,https://www.procyclingstats.com/rider/jhonatan-narvaez,1997-03-04,1997,Ecuador,1.74,65.0,21.47,El Playón de San Francisco,38,finished,28,475,3,Hills,28,EC,UAE Team Emirates - XRG,,,6:36,396,16246
6,RR,10 July 2025,Bayeux,Vire Normandie,201.5,3309,143,45.767,42.5 km solo,Arensman Thymen,https://www.procyclingstats.com/rider/thymen-arensman,1999-12-04,1999,Netherlands,1.9,68.0,18.84,Deil,39,finished,65,1237,62,GC,25,NL,INEOS Grenadiers,,,",,",396,16246
6,RR,10 July 2025,Bayeux,Vire Normandie,201.5,3309,143,45.767,42.5 km solo,Leknessund Andreas,https://www.procyclingstats.com/rider/andreas-leknessund,1999-05-21,1999,Norway,1.86,72.0,20.81,Tromsø,40,finished,85,1646,227,GC,26,NO,Uno-X Mobility,,,",,",396,16246
6,RR,10 July 2025,Bayeux,Vire Normandie,201.5,3309,143,45.767,42.5 km solo,Barguil Warren,https://www.procyclingstats.com/rider/warren-barguil,1991-10-28,1991,France,1.83,61.0,18.21,Hennebont,41,finished,35,667,192,Climber,33,FR,Team Picnic PostNL,,,6:49,409,16259
6,RR,10 July 2025,Bayeux,Vire Normandie,201.5,3309,143,45.767,42.5 km solo,O'Connor Ben,https://www.procyclingstats.com/rider/ben-o-connor,1995-11-25,1995,Australia,1.88,67.0,18.96,Subiaco,42,finished,21,330,121,GC,29,AU,Team Jayco AlUla,,,",,",409,16259
6,RR,10 July 2025,Bayeux,Vire Normandie,201.5,3309,143,45.767,42.5 km solo,Le Berre Mathis,https://www.procyclingstats.com/rider/mathis-le-berre,2001-04-16,2001,France,1.76,68.0,21.95,Saint-Brieuc,43,finished,98,1906,136,Hills,24,FR,Arkéa - B&B Hotels,,,7:37,457,16307
6,RR,10 July 2025,Bayeux,Vire Normandie,201.5,3309,143,45.767,42.5 km solo,Velasco Simone,https://www.procyclingstats.com/rider/simone-velasco,1995-12-02,1995,Italy,1.7,59.0,20.42,Bologna,44,finished,47,909,178,Classic,29,IT,XDS Astana Team,,,",,",457,16307
6,RR,10 July 2025,Bayeux,Vire Normandie,201.5,3309,143,45.767,42.5 km solo,Mühlberger Gregor,https://www.procyclingstats.com/rider/gregor-muhlberger,1994-04-04,1994,Austria,1.8,64.0,19.75,Haidershofen,45,finished,68,1304,146,GC,31,AT,Movistar Team,,,7:43,463,16313
6,RR,10 July 2025,Bayeux,Vire Normandie,201.5,3309,143,45.767,42.5 km solo,Venturini Clément,https://www.procyclingstats.com/rider/clement-venturini,1993-10-16,1993,France,1.65,60.0,22.04,Villeurbanne,46,finished,38,754,138,Classic,31,FR,Arkéa - B&B Hotels,,,7:55,475,16325
6,RR,10 July 2025,Bayeux,Vire Normandie,201.5,3309,143,45.767,42.5 km solo,Vlasov Aleksandr,https://www.procyclingstats.com/rider/aleksandr-vlasov,1996-04-23,1996,Russia,1.86,68.0,19.66,Vyborg,47,finished,60,1132,78,Climber,29,RU,Red Bull - BORA - hansgrohe,,,8:01,481,16331
6,RR,10 July 2025,Bayeux,Vire Normandie,201.5,3309,143,45.767,42.5 km solo,Plapp Luke,https://www.procyclingstats.com/rider/luke-plapp,2000-12-25,2000,Australia,1.81,72.0,21.98,Melbourne,48,finished,106,2004,126,GC,24,AU,Team Jayco AlUla,,,",,",481,16331
6,RR,10 July 2025,Bayeux,Vire Normandie,201.5,3309,143,45.767,42.5 km solo,Haller Marco,https://www.procyclingstats.com/rider/marco-haller,1991-04-01,1991,Austria,1.78,72.0,22.72,Sankt Veit an der Glan,49,finished,80,1542,113,Classic,34,AT,Tudor Pro Cycling Team,,,",,",481,16331
6,RR,10 July 2025,Bayeux,Vire Normandie,201.5,3309,143,45.767,42.5 km solo,Delettre Alexandre,https://www.procyclingstats.com/rider/alexandre-delettre,1997-10-25,1997,France,1.7,62.0,21.45,Gonesse,50,finished,34,629,183,Classic,27,FR,TotalEnergies,,,8:06,486,16336
6,RR,10 July 2025,Bayeux,Vire Normandie,201.5,3309,143,45.767,42.5 km solo,Meurisse Xandro,https://www.procyclingstats.com/rider/xandro-meurisse,1992-01-31,1992,Belgium,1.81,68.0,20.76,Kortrijk,51,finished,33,619,104,GC,33,BE,Alpecin - Deceuninck,,,8:09,489,16339
6,RR,10 July 2025,Bayeux,Vire Normandie,201.5,3309,143,45.767,42.5 km solo,Barthe Cyril,https://www.procyclingstats.com/rider/cyril-barthe,1996-02-14,1996,France,1.84,70.0,20.68,Sauveterre-de-Béarn,52,finished,82,1615,93,Hills,29,FR,Groupama - FDJ,,,",,",489,16339
6,RR,10 July 2025,Bayeux,Vire Normandie,201.5,3309,143,45.767,42.5 km solo,Yates Adam,https://www.procyclingstats.com/rider/adam-yates,1992-08-07,1992,Great Britain,1.73,58.0,19.38,Bury,53,finished,76,1457,8,Climber,32,GB,UAE Team Emirates - XRG,,,8:19,499,16349
6,RR,10 July 2025,Bayeux,Vire Normandie,201.5,3309,143,45.767,42.5 km solo,Scotson Callum,https://www.procyclingstats.com/rider/callum-scotson,1996-08-10,1996,Australia,1.83,77.0,22.99,Campbelltown,54,finished,59,1127,157,GC,28,AU,Decathlon AG2R La Mondiale Team,,,8:31,511,16361
6,RR,10 July 2025,Bayeux,Vire Normandie,201.5,3309,143,45.767,42.5 km solo,Schachmann Maximilian,https://www.procyclingstats.com/rider/maximilian-schachmann,1994-01-09,1994,Germany,1.83,71.0,21.2,Berlin,55,finished,91,1788,26,GC,31,DE,Soudal Quick-Step,,,8:49,529,16379
6,RR,10 July 2025,Bayeux,Vire Normandie,201.5,3309,143,45.767,42.5 km solo,Wellens Tim,https://www.procyclingstats.com/rider/tim-wellens,1991-05-10,1991,Belgium,1.82,71.0,21.43,Sint-Truiden,56,finished,43,871,7,GC,34,BE,UAE Team Emirates - XRG,,,8:55,535,16385
6,RR,10 July 2025,Bayeux,Vire Normandie,201.5,3309,143,45.767,42.5 km solo,Armirail Bruno,https://www.procyclingstats.com/rider/bruno-armirail,1994-04-11,1994,France,1.9,72.0,19.94,Bagnères-de-Bigorre,57,finished,73,1422,152,TT,31,FR,Decathlon AG2R La Mondiale Team,,,",,",535,16385
6,RR,10 July 2025,Bayeux,Vire Normandie,201.5,3309,143,45.767,42.5 km solo,Hoelgaard Markus,https://www.procyclingstats.com/rider/markus-hoelgaard,1994-10-04,1994,Norway,1.88,74.0,20.94,Stavanger,58,finished,55,1093,225,Classic,30,NO,Uno-X Mobility,,,",,",535,16385
6,RR,10 July 2025,Bayeux,Vire Normandie,201.5,3309,143,45.767,42.5 km solo,Gachignard Thomas,https://www.procyclingstats.com/rider/thomas-gachignard,2000-08-17,2000,France,,,,Niort,59,finished,78,1483,184,GC,24,FR,TotalEnergies,,,",,",535,16385
6,RR,10 July 2025,Bayeux,Vire Normandie,201.5,3309,143,45.767,42.5 km solo,Stuyven Jasper,https://www.procyclingstats.com/rider/jasper-stuyven,1992-04-17,1992,Belgium,1.87,80.0,22.88,Leuven,60,finished,57,1120,87,Classic,33,BE,Lidl - Trek,,,8:57,537,16387
6,RR,10 July 2025,Bayeux,Vire Normandie,201.5,3309,143,45.767,42.5 km solo,Naesen Oliver,https://www.procyclingstats.com/rider/oliver-naesen,1990-09-16,1990,Belgium,1.84,74.0,21.86,Oostende,61,finished,70,1326,155,Classic,34,BE,Decathlon AG2R La Mondiale Team,,,",,",537,16387
6,RR,10 July 2025,Bayeux,Vire Normandie,201.5,3309,143,45.767,42.5 km solo,Eenkhoorn Pascal,https://www.procyclingstats.com/rider/pascal-eenkhoorn,1997-02-08,1997,Netherlands,1.85,72.0,21.04,Zwolle,62,finished,51,974,23,Classic,28,NL,Soudal Quick-Step,,,",,",537,16387
6,RR,10 July 2025,Bayeux,Vire Normandie,201.5,3309,143,45.767,42.5 km solo,Van Wilder Ilan,https://www.procyclingstats.com/rider/ilan-van-wilder,2000-05-14,2000,Belgium,1.71,64.0,21.89,Jette,63,finished,63,1223,28,GC,25,BE,Soudal Quick-Step,,,9:00,540,16390
6,RR,10 July 2025,Bayeux,Vire Normandie,201.5,3309,143,45.767,42.5 km solo,Rubio Einer,https://www.procyclingstats.com/rider/einer-rubio,1998-02-22,1998,Colombia,1.64,56.0,20.82,Chíquiza,64,finished,123,2378,148,Climber,27,CO,Movistar Team,,,",,",540,16390
6,RR,10 July 2025,Bayeux,Vire Normandie,201.5,3309,143,45.767,42.5 km solo,Neilands Krists,https://www.procyclingstats.com/rider/krists-neilands,1994-08-18,1994,Latvia,1.89,69.0,19.32,Kuldīga,65,finished,50,953,207,Classic,30,LV,Israel - Premier Tech,,,",,",540,16390
6,RR,10 July 2025,Bayeux,Vire Normandie,201.5,3309,143,45.767,42.5 km solo,Woods Michael,https://www.procyclingstats.com/rider/michael-woods,1986-10-12,1986,Canada,1.75,62.0,20.24,Toronto,66,finished,90,1768,201,Climber,38,CA,Israel - Premier Tech,,,",,",540,16390
6,RR,10 July 2025,Bayeux,Vire Normandie,201.5,3309,143,45.767,42.5 km solo,Berckmoes Jenno,https://www.procyclingstats.com/rider/jenno-berckmoes,2001-02-04,2001,Belgium,1.77,61.0,19.47,Ghent,67,finished,31,590,212,Classic,24,BE,Lotto,,,",,",540,16390
6,RR,10 July 2025,Bayeux,Vire Normandie,201.5,3309,143,45.767,42.5 km solo,Oliveira Nelson,https://www.procyclingstats.com/rider/nelson-oliveira,1989-03-06,1989,Portugal,1.8,67.0,20.68,Anadia,68,finished,54,1073,144,TT,36,PT,Movistar Team,,,",,",540,16390
6,RR,10 July 2025,Bayeux,Vire Normandie,201.5,3309,143,45.767,42.5 km solo,Cattaneo Mattia,https://www.procyclingstats.com/rider/mattia-cattaneo,1990-10-25,1990,Italy,1.84,67.0,19.79,Alzano Lombardo,69,finished,92,1791,22,TT,34,IT,Soudal Quick-Step,,,",,",540,16390
6,RR,10 July 2025,Bayeux,Vire Normandie,201.5,3309,143,45.767,42.5 km solo,van den Broek Frank,https://www.procyclingstats.com/rider/frank-van-den-broek,2000-12-28,2000,Netherlands,1.78,70.0,22.09,Warmond,70,finished,86,1658,198,GC,24,NL,Team Picnic PostNL,,,",,",540,16390
6,RR,10 July 2025,Bayeux,Vire Normandie,201.5,3309,143,45.767,42.5 km solo,Champoussin Clément,https://www.procyclingstats.com/rider/clement-champoussin,1998-05-29,1998,France,1.8,61.0,18.83,Nice,71,finished,81,1555,174,Climber,27,FR,XDS Astana Team,,,",,",540,16390
6,RR,10 July 2025,Bayeux,Vire Normandie,201.5,3309,143,45.767,42.5 km solo,Burgaudeau Mathieu,https://www.procyclingstats.com/rider/mathieu-burgaudeau,1998-11-17,1998,France,1.68,61.0,21.61,Noirmoutier-en-l'Île,72,finished,52,1011,182,Hills,26,FR,TotalEnergies,,,",,",540,16390
6,RR,10 July 2025,Bayeux,Vire Normandie,201.5,3309,143,45.767,42.5 km solo,Stannard Robert,https://www.procyclingstats.com/rider/robert-stannard,1998-09-16,1998,Australia,1.79,74.0,23.1,Sydney Previous nationalities New Zealand until 2016,73,finished,84,1637,57,Hills,26,AU,Bahrain - Victorious,,,",,",540,16390
6,RR,10 July 2025,Bayeux,Vire Normandie,201.5,3309,143,45.767,42.5 km solo,Alaphilippe Julian,https://www.procyclingstats.com/rider/julian-alaphilippe,1992-06-11,1992,France,1.73,62.0,20.72,Saint-Amand-Montrond,74,finished,62,1216,111,Classic,33,FR,Tudor Pro Cycling Team,,,",,",540,16390
6,RR,10 July 2025,Bayeux,Vire Normandie,201.5,3309,143,45.767,42.5 km solo,Andresen Tobias Lund,https://www.procyclingstats.com/rider/tobias-lund-andresen,2002-08-20,2002,Denmark,1.81,69.0,21.06,Taastrup,75,finished,46,901,195,Classic,22,DK,Team Picnic PostNL,,,9:06,546,16396
6,RR,10 July 2025,Bayeux,Vire Normandie,201.5,3309,143,45.767,42.5 km solo,Castrillo Pablo,https://www.procyclingstats.com/rider/pablo-castrillo-zapater,2001-01-02,2001,Spain,1.83,74.0,22.1,Jaca,76,finished,113,2185,143,Climber,24,ES,Movistar Team,,,",,",546,16396
6,RR,10 July 2025,Bayeux,Vire Normandie,201.5,3309,143,45.767,42.5 km solo,García Pierna Raúl,https://www.procyclingstats.com/rider/raul-garcia-pierna,2001-02-23,2001,Spain,1.75,67.0,21.88,Tres Cantos,77,finished,89,1750,135,Climber,24,ES,Arkéa - B&B Hotels,,,",,",546,16396
6,RR,10 July 2025,Bayeux,Vire Normandie,201.5,3309,143,45.767,42.5 km solo,Kuss Sepp,https://www.procyclingstats.com/rider/sepp-kuss,1994-09-13,1994,United States,1.82,61.0,18.42,Durango,78,finished,37,752,16,Climber,30,US,Team Visma | Lease a Bike,,,9:12,552,16402
6,RR,10 July 2025,Bayeux,Vire Normandie,201.5,3309,143,45.767,42.5 km solo,Campenaerts Victor,https://www.procyclingstats.com/rider/victor-campenaerts,1991-10-28,1991,Belgium,1.73,68.0,22.72,Hoboken,79,finished,69,1325,14,TT,33,BE,Team Visma | Lease a Bike,,,",,",552,16402
6,RR,10 July 2025,Bayeux,Vire Normandie,201.5,3309,143,45.767,42.5 km solo,Thomas Geraint,https://www.procyclingstats.com/rider/geraint-thomas,1986-05-25,1986,Great Britain,1.83,71.0,21.2,Cardiff,80,finished,39,840,61,GC,39,GB,INEOS Grenadiers,,,",,",552,16402
6,RR,10 July 2025,Bayeux,Vire Normandie,201.5,3309,143,45.767,42.5 km solo,Foss Tobias,https://www.procyclingstats.com/rider/tobias-foss,1997-05-25,1997,Norway,1.84,74.0,21.86,Vingrom,81,finished,53,1047,63,TT,28,NO,INEOS Grenadiers,,,9:15,555,16405
6,RR,10 July 2025,Bayeux,Vire Normandie,201.5,3309,143,45.767,42.5 km solo,Verstrynge Emiel,https://www.procyclingstats.com/rider/emiel-verstrynge,2002-02-04,2002,Belgium,1.89,69.0,19.32,Eeklo,82,finished,114,2198,108,Climber,23,BE,Alpecin - Deceuninck,,,9:24,564,16414
6,RR,10 July 2025,Bayeux,Vire Normandie,201.5,3309,143,45.767,42.5 km solo,Powless Neilson,https://www.procyclingstats.com/rider/neilson-powless,1996-09-03,1996,United States,1.83,67.0,20.01,Eglin,83,finished,36,676,35,Classic,28,US,EF Education - EasyPost,,,9:30,570,16420
6,RR,10 July 2025,Bayeux,Vire Normandie,201.5,3309,143,45.767,42.5 km solo,Baudin Alex,https://www.procyclingstats.com/rider/alex-baudin,2001-05-25,2001,France,1.83,64.0,19.11,Albertville,84,finished,49,947,34,Climber,24,FR,EF Education - EasyPost,,,",,",570,16420
6,RR,10 July 2025,Bayeux,Vire Normandie,201.5,3309,143,45.767,42.5 km solo,Sweeny Harry,https://www.procyclingstats.com/rider/harry-sweeny,1998-07-09,1998,Australia,1.86,75.0,21.68,Warwick,85,finished,42,866,36,GC,27,AU,EF Education - EasyPost,,,",,",570,16420
6,RR,10 July 2025,Bayeux,Vire Normandie,201.5,3309,143,45.767,42.5 km solo,Asgreen Kasper,https://www.procyclingstats.com/rider/kasper-asgreen,1995-02-08,1995,Denmark,1.93,75.0,20.13,Kolding,86,finished,71,1360,33,TT,30,DK,EF Education - EasyPost,,,9:40,580,16430
6,RR,10 July 2025,Bayeux,Vire Normandie,201.5,3309,143,45.767,42.5 km solo,Valgren Michael,https://www.procyclingstats.com/rider/michael-valgren-andersen,1992-02-07,1992,Denmark,1.79,71.0,22.16,Østerild,87,finished,79,1534,37,Classic,33,DK,EF Education - EasyPost,,,9:42,582,16432
6,RR,10 July 2025,Bayeux,Vire Normandie,201.5,3309,143,45.767,42.5 km solo,Skujiņš Toms,https://www.procyclingstats.com/rider/toms-skujins,1991-06-15,1991,Latvia,1.81,72.0,21.98,Sigulda,88,finished,67,1292,86,Classic,34,LV,Lidl - Trek,,,10:04,604,16454
6,RR,10 July 2025,Bayeux,Vire Normandie,201.5,3309,143,45.767,42.5 km solo,Lutsenko Alexey,https://www.procyclingstats.com/rider/aleksey-lutsenko,1992-09-07,1992,Kazakhstan,1.74,74.0,24.44,Petropavl,89,finished,48,928,206,GC,32,KZ,Israel - Premier Tech,,,",,",604,16454
6,RR,10 July 2025,Bayeux,Vire Normandie,201.5,3309,143,45.767,42.5 km solo,García Cortina Iván,https://www.procyclingstats.com/rider/ivan-garcia-cortina,1995-11-20,1995,Spain,1.83,77.0,22.99,Gijón,90,finished,103,1992,145,Classic,29,ES,Movistar Team,,,10:25,625,16475
6,RR,10 July 2025,Bayeux,Vire Normandie,201.5,3309,143,45.767,42.5 km solo,Mohorič Matej,https://www.procyclingstats.com/rider/matej-mohoric,1994-10-19,1994,Slovenia,1.86,71.0,20.52,Kranj,91,finished,108,2086,56,Classic,30,SI,Bahrain - Victorious,,,10:30,630,16480
6,RR,10 July 2025,Bayeux,Vire Normandie,201.5,3309,143,45.767,42.5 km solo,Laurance Axel,https://www.procyclingstats.com/rider/axel-laurance,2001-04-13,2001,France,1.79,63.0,19.66,Calan,92,finished,56,1113,65,Hills,24,FR,INEOS Grenadiers,,,10:32,632,16482
6,RR,10 July 2025,Bayeux,Vire Normandie,201.5,3309,143,45.767,42.5 km solo,Moscon Gianni,https://www.procyclingstats.com/rider/gianni-moscon,1994-04-20,1994,Italy,1.8,71.0,21.91,Trento,93,finished,83,1631,74,Classic,31,IT,Red Bull - BORA - hansgrohe,,,",,",632,16482
6,RR,10 July 2025,Bayeux,Vire Normandie,201.5,3309,143,45.767,42.5 km solo,Pithie Laurence,https://www.procyclingstats.com/rider/laurence-pithie,2002-07-17,2002,New Zealand,1.85,74.0,21.62,Christchurch,94,finished,96,1859,75,Classic,22,NZ,Red Bull - BORA - hansgrohe,,,10:36,636,16486
6,RR,10 July 2025,Bayeux,Vire Normandie,201.5,3309,143,45.767,42.5 km solo,Paret-Peintre Valentin,https://www.procyclingstats.com/rider/valentin-paret-peintre,2001-01-14,2001,France,1.78,52.0,16.41,Annemasse,95,finished,117,2230,25,Climber,24,FR,Soudal Quick-Step,,,",,",636,16486
6,RR,10 July 2025,Bayeux,Vire Normandie,201.5,3309,143,45.767,42.5 km solo,Martinez Lenny,https://www.procyclingstats.com/rider/lenny-martinez,2003-07-11,2003,France,1.68,52.0,18.42,Cannes,96,finished,118,2239,55,Climber,21,FR,Bahrain - Victorious,,,10:42,642,16492
6,RR,10 July 2025,Bayeux,Vire Normandie,201.5,3309,143,45.767,42.5 km solo,Nys Thibau,https://www.procyclingstats.com/rider/thibau-nys,2002-11-12,2002,Belgium,1.76,64.0,20.66,Bonheiden,97,finished,87,1715,83,Hills,22,BE,Lidl - Trek,,,11:52,712,16562
6,RR,10 July 2025,Bayeux,Vire Normandie,201.5,3309,143,45.767,42.5 km solo,Aranburu Alex,https://www.procyclingstats.com/rider/alex-aranburu,1995-09-19,1995,Spain,1.78,63.0,19.88,Ezkio-Itsaso,98,finished,44,887,162,Classic,29,ES,Cofidis,,,",,",712,16562
6,RR,10 July 2025,Bayeux,Vire Normandie,201.5,3309,143,45.767,42.5 km solo,Romeo Iván,https://www.procyclingstats.com/rider/ivan-romeo,2003-08-16,2003,Spain,1.93,75.0,20.13,Valladolid,99,finished,121,2293,147,GC,21,ES,Movistar Team,,,",,",712,16562
6,RR,10 July 2025,Bayeux,Vire Normandie,201.5,3309,143,45.767,42.5 km solo,Trentin Matteo,https://www.procyclingstats.com/rider/matteo-trentin,1989-08-02,1989,Italy,1.79,74.0,23.1,Borgo Valsugana,100,finished,58,1120,118,Classic,35,IT,Tudor Pro Cycling Team,,,12:42,762,16612
6,RR,10 July 2025,Bayeux,Vire Normandie,201.5,3309,143,45.767,42.5 km solo,Soler Marc,https://www.procyclingstats.com/rider/marc-soler,1993-11-22,1993,Spain,1.86,68.0,19.66,Vilanova i la Geltrú,101,finished,93,1791,6,Climber,31,ES,UAE Team Emirates - XRG,,,14:03,843,16693
6,RR,10 July 2025,Bayeux,Vire Normandie,201.5,3309,143,45.767,42.5 km solo,Sivakov Pavel,https://www.procyclingstats.com/rider/pavel-sivakov,1997-07-11,1997,France,1.88,70.0,19.81,San Donà di Piave Previous nationalities Russia until 2022,102,finished,100,1920,5,GC,27,FR,UAE Team Emirates - XRG,,,",,",843,16693
6,RR,10 July 2025,Bayeux,Vire Normandie,201.5,3309,143,45.767,42.5 km solo,Politt Nils,https://www.procyclingstats.com/rider/nils-politt,1994-03-06,1994,Germany,1.92,80.0,21.7,Cologne,103,finished,116,2227,4,Classic,31,DE,UAE Team Emirates - XRG,,,18:47,1127,16977
6,RR,10 July 2025,Bayeux,Vire Normandie,201.5,3309,143,45.767,42.5 km solo,Turgis Anthony,https://www.procyclingstats.com/rider/anthony-turgis,1994-05-16,1994,France,1.78,70.0,22.09,Bourg-la-Reine,104,finished,115,2213,187,Classic,31,FR,TotalEnergies,,,19:54,1194,17044
6,RR,10 July 2025,Bayeux,Vire Normandie,201.5,3309,143,45.767,42.5 km solo,Tronchon Bastien,https://www.procyclingstats.com/rider/bastien-tronchon,2002-03-29,2002,France,1.85,72.0,21.04,Chambéry,105,finished,75,1449,158,Classic,23,FR,Decathlon AG2R La Mondiale Team,,,",,",1194,17044
6,RR,10 July 2025,Bayeux,Vire Normandie,201.5,3309,143,45.767,42.5 km solo,Abrahamsen Jonas,https://www.procyclingstats.com/rider/jonas-abrahamsen,1995-09-20,1995,Norway,1.83,78.0,23.29,Skien,106,finished,119,2245,222,Classic,29,NO,Uno-X Mobility,,,",,",1194,17044
6,RR,10 July 2025,Bayeux,Vire Normandie,201.5,3309,143,45.767,42.5 km solo,Rutsch Jonas,https://www.procyclingstats.com/rider/jonas-rutsch,1998-01-24,1998,Germany,1.97,82.0,21.13,Erbach im Odenwald,107,finished,120,2261,46,Classic,27,DE,Intermarché - Wanty,,,",,",1194,17044
6,RR,10 July 2025,Bayeux,Vire Normandie,201.5,3309,143,45.767,42.5 km solo,Märkl Niklas,https://www.procyclingstats.com/rider/niklas-markl,1999-03-03,1999,Germany,1.85,70.0,20.45,Queidersbach,108,finished,130,2496,196,Sprint,26,DE,Team Picnic PostNL,,,",,",1194,17044
6,RR,10 July 2025,Bayeux,Vire Normandie,201.5,3309,143,45.767,42.5 km solo,Zimmermann Georg,https://www.procyclingstats.com/rider/georg-zimmermann,1997-10-11,1997,Germany,1.81,70.0,21.37,Augsburg,109,finished,110,2161,48,Classic,27,DE,Intermarché - Wanty,,,",,",1194,17044
6,RR,10 July 2025,Bayeux,Vire Normandie,201.5,3309,143,45.767,42.5 km solo,Mayrhofer Marius,https://www.procyclingstats.com/rider/marius-mayrhofer,2000-09-18,2000,Germany,1.82,70.0,21.13,Tübingen,110,finished,128,2431,116,Hills,24,DE,Tudor Pro Cycling Team,,,",,",1194,17044
6,RR,10 July 2025,Bayeux,Vire Normandie,201.5,3309,143,45.767,42.5 km solo,van Poppel Danny,https://www.procyclingstats.com/rider/danny-van-poppel,1993-07-26,1993,Netherlands,1.84,82.0,24.22,Moergestel,111,finished,135,2721,77,Sprint,31,NL,Red Bull - BORA - hansgrohe,,,",,",1194,17044
6,RR,10 July 2025,Bayeux,Vire Normandie,201.5,3309,143,45.767,42.5 km solo,Schmid Mauro,https://www.procyclingstats.com/rider/mauro-schmid,1999-12-04,1999,Switzerland,1.87,70.0,20.02,Bülach,112,finished,74,1441,128,Hills,25,CH,Team Jayco AlUla,,,",,",1194,17044
6,RR,10 July 2025,Bayeux,Vire Normandie,201.5,3309,143,45.767,42.5 km solo,Van Moer Brent,https://www.procyclingstats.com/rider/brent-van-moer,1998-01-12,1998,Belgium,1.91,79.0,21.66,Beveren,113,finished,125,2405,218,Classic,27,BE,Lotto,,,",,",1194,17044
6,RR,10 July 2025,Bayeux,Vire Normandie,201.5,3309,143,45.767,42.5 km solo,Sepúlveda Eduardo,https://www.procyclingstats.com/rider/eduardo-sepulveda,1991-06-13,1991,Argentina,1.73,59.0,19.71,Rawson,114,finished,137,2767,216,GC,34,AR,Lotto,,,",,",1194,17044
6,RR,10 July 2025,Bayeux,Vire Normandie,201.5,3309,143,45.767,42.5 km solo,Izagirre Ion,https://www.procyclingstats.com/rider/ion-izagirre,1989-02-04,1989,Spain,1.73,60.0,20.05,Ormaiztegi,115,finished,88,1726,164,GC,36,ES,Cofidis,,,",,",1194,17044
6,RR,10 July 2025,Bayeux,Vire Normandie,201.5,3309,143,45.767,42.5 km solo,Swift Connor,https://www.procyclingstats.com/rider/connor-swift,1995-10-30,1995,Great Britain,1.9,75.0,20.78,Thorne,116,finished,107,2022,67,Classic,29,GB,INEOS Grenadiers,,,",,",1194,17044
6,RR,10 July 2025,Bayeux,Vire Normandie,201.5,3309,143,45.767,42.5 km solo,van Aert Wout,https://www.procyclingstats.com/rider/wout-van-aert,1994-09-15,1994,Belgium,1.9,78.0,21.61,Herentals,117,finished,72,1418,17,Classic,30,BE,Team Visma | Lease a Bike,,,",,",1194,17044
6,RR,10 July 2025,Bayeux,Vire Normandie,201.5,3309,143,45.767,42.5 km solo,Rickaert Jonas,https://www.procyclingstats.com/rider/jonas-rickaert,1994-02-07,1994,Belgium,1.9,88.0,24.38,Sint-Eloois-Vijve,118,finished,124,2390,105,Classic,31,BE,Alpecin - Deceuninck,,,",,",1194,17044
6,RR,10 July 2025,Bayeux,Vire Normandie,201.5,3309,143,45.767,42.5 km solo,Dainese Alberto,https://www.procyclingstats.com/rider/alberto-dainese,1998-03-25,1998,Italy,1.75,72.0,23.51,Abano Terme,119,finished,134,2717,112,Sprint,27,IT,Tudor Pro Cycling Team,,,",,",1194,17044
6,RR,10 July 2025,Bayeux,Vire Normandie,201.5,3309,143,45.767,42.5 km solo,Ackermann Pascal,https://www.procyclingstats.com/rider/pascal-ackermann,1994-01-17,1994,Germany,1.8,78.0,24.07,Kandel,120,finished,133,2711,202,Sprint,31,DE,Israel - Premier Tech,,,",,",1194,17044
6,RR,10 July 2025,Bayeux,Vire Normandie,201.5,3309,143,45.767,42.5 km solo,Vermeersch Gianni,https://www.procyclingstats.com/rider/gianni-vermeersch,1992-11-19,1992,Belgium,1.73,68.0,22.72,Roeselare,121,finished,101,1967,107,Classic,32,BE,Alpecin - Deceuninck,,,",,",1194,17044
6,RR,10 July 2025,Bayeux,Vire Normandie,201.5,3309,143,45.767,42.5 km solo,Hirschi Marc,https://www.procyclingstats.com/rider/marc-hirschi,1998-08-24,1998,Switzerland,1.74,61.0,20.15,Bern,122,finished,64,1227,114,Classic,26,CH,Tudor Pro Cycling Team,,,",,",1194,17044
6,RR,10 July 2025,Bayeux,Vire Normandie,201.5,3309,143,45.767,42.5 km solo,Barré Louis,https://www.procyclingstats.com/rider/louis-barre,2000-04-06,2000,France,1.84,68.0,20.09,Nantes,123,finished,102,1972,42,Classic,25,FR,Intermarché - Wanty,,,",,",1194,17044
6,RR,10 July 2025,Bayeux,Vire Normandie,201.5,3309,143,45.767,42.5 km solo,Louvel Matis,https://www.procyclingstats.com/rider/matis-louvel,1999-07-19,1999,France,1.87,77.0,22.02,Mont Saint Aignan,124,finished,104,1993,205,Classic,25,FR,Israel - Premier Tech,,,",,",1194,17044
6,RR,10 July 2025,Bayeux,Vire Normandie,201.5,3309,143,45.767,42.5 km solo,Naberman Tim,https://www.procyclingstats.com/rider/tim-naberman,1999-05-11,1999,Netherlands,1.87,70.0,20.02,Genemuiden,125,finished,131,2685,197,GC,26,NL,Team Picnic PostNL,,,",,",1194,17044
6,RR,10 July 2025,Bayeux,Vire Normandie,201.5,3309,143,45.767,42.5 km solo,Albanese Vincenzo,https://www.procyclingstats.com/rider/vincenzo-albanese,1996-11-12,1996,Italy,1.75,70.0,22.86,Oliveto Citra,126,finished,127,2425,32,Hills,28,IT,EF Education - EasyPost,,,",,",1194,17044
6,RR,10 July 2025,Bayeux,Vire Normandie,201.5,3309,143,45.767,42.5 km solo,Johannessen Anders Halland,https://www.procyclingstats.com/rider/anders-halland-johannessen,1999-08-23,1999,Norway,1.76,,,Drøbak,127,finished,112,2168,226,GC,25,NO,Uno-X Mobility,,,20:15,1215,17065
6,RR,10 July 2025,Bayeux,Vire Normandie,201.5,3309,143,45.767,42.5 km solo,Wærenskjold Søren,https://www.procyclingstats.com/rider/soren-waerenskjold,2000-03-12,2000,Norway,1.95,92.0,24.19,Mandal,128,finished,136,2762,228,Classic,25,NO,Uno-X Mobility,,,20:18,1218,17068
6,RR,10 July 2025,Bayeux,Vire Normandie,201.5,3309,143,45.767,42.5 km solo,Touzé Damien,https://www.procyclingstats.com/rider/damien-touze,1996-07-07,1996,France,1.74,69.0,22.79,Iville,129,finished,95,1831,168,Classic,29,FR,Cofidis,,,20:25,1225,17075
6,RR,10 July 2025,Bayeux,Vire Normandie,201.5,3309,143,45.767,42.5 km solo,Wright Fred,https://www.procyclingstats.com/rider/alfred-wright,1999-06-13,1999,Great Britain,1.84,75.0,22.15,London,130,finished,97,1896,58,Hills,26,GB,Bahrain - Victorious,,,21:52,1312,17162
6,RR,10 July 2025,Bayeux,Vire Normandie,201.5,3309,143,45.767,42.5 km solo,Teunissen Mike,https://www.procyclingstats.com/rider/mike-teunissen,1992-08-25,1992,Netherlands,1.84,73.0,21.56,Ysselsteyn,131,finished,126,2412,177,Classic,32,NL,XDS Astana Team,,,",,",1312,17162
6,RR,10 July 2025,Bayeux,Vire Normandie,201.5,3309,143,45.767,42.5 km solo,Bol Cees,https://www.procyclingstats.com/rider/cees-bol,1995-07-27,1995,Netherlands,1.94,83.0,22.05,Zaandam,132,finished,160,3307,173,Sprint,29,NL,XDS Astana Team,,,21:55,1315,17165
6,RR,10 July 2025,Bayeux,Vire Normandie,201.5,3309,143,45.767,42.5 km solo,Coquard Bryan,https://www.procyclingstats.com/rider/bryan-coquard,1992-04-25,1992,France,1.71,59.0,20.18,Saint-Nazaire,133,finished,99,1919,163,Sprint,33,FR,Cofidis,,,21:59,1319,17169
6,RR,10 July 2025,Bayeux,Vire Normandie,201.5,3309,143,45.767,42.5 km solo,Thomas Benjamin,https://www.procyclingstats.com/rider/benjamin-thomas-2,1995-09-12,1995,France,1.79,68.0,21.22,Lavaur,134,finished,122,2303,167,TT,29,FR,Cofidis,,,",,",1319,17169
6,RR,10 July 2025,Bayeux,Vire Normandie,201.5,3309,143,45.767,42.5 km solo,Russo Clément,https://www.procyclingstats.com/rider/clement-russo,1995-01-20,1995,France,1.87,74.0,21.16,Lyon,135,finished,138,2814,98,Classic,30,FR,Groupama - FDJ,,,29:27,1767,17617
6,RR,10 July 2025,Bayeux,Vire Normandie,201.5,3309,143,45.767,42.5 km solo,Dillier Silvan,https://www.procyclingstats.com/rider/silvan-dillier,1990-08-03,1990,Switzerland,1.83,75.0,22.4,Aarau,136,finished,177,3699,102,Classic,34,CH,Alpecin - Deceuninck,,,",,",1767,17617
6,RR,10 July 2025,Bayeux,Vire Normandie,201.5,3309,143,45.767,42.5 km solo,Askey Lewis,https://www.procyclingstats.com/rider/lewis-askey,2001-05-04,2001,Great Britain,1.87,75.0,21.45,Cannock,137,finished,148,3016,92,Classic,24,GB,Groupama - FDJ,,,",,",1767,17617
6,RR,10 July 2025,Bayeux,Vire Normandie,201.5,3309,143,45.767,42.5 km solo,Rex Laurenz,https://www.procyclingstats.com/rider/laurenz-rex,1999-12-15,1999,Belgium,1.93,83.0,22.28,Marburg,138,finished,168,3365,45,Classic,25,BE,Intermarché - Wanty,,,",,",1767,17617
6,RR,10 July 2025,Bayeux,Vire Normandie,201.5,3309,143,45.767,42.5 km solo,Costiou Ewen,https://www.procyclingstats.com/rider/ewen-costiou,2002-11-10,2002,France,1.76,64.0,20.66,Brest,139,finished,129,2450,133,GC,22,FR,Arkéa - B&B Hotels,,,",,",1767,17617
6,RR,10 July 2025,Bayeux,Vire Normandie,201.5,3309,143,45.767,42.5 km solo,Flynn Sean,https://www.procyclingstats.com/rider/sean-flynn,2000-03-02,2000,Great Britain,1.77,67.0,21.39,Edinburgh,140,finished,154,3177,194,GC,25,GB,Team Picnic PostNL,,,",,",1767,17617
6,RR,10 July 2025,Bayeux,Vire Normandie,201.5,3309,143,45.767,42.5 km solo,Braet Vito,https://www.procyclingstats.com/rider/vito-braet,2000-11-02,2000,Belgium,1.84,68.0,20.09,Hulste,141,finished,155,3181,43,Classic,24,BE,Intermarché - Wanty,,,",,",1767,17617
6,RR,10 July 2025,Bayeux,Vire Normandie,201.5,3309,143,45.767,42.5 km solo,Reinders Elmar,https://www.procyclingstats.com/rider/elmar-reinders,1992-03-14,1992,Netherlands,1.9,78.1,21.63,Emmen,142,finished,150,3034,127,Classic,33,NL,Team Jayco AlUla,,,",,",1767,17617
6,RR,10 July 2025,Bayeux,Vire Normandie,201.5,3309,143,45.767,42.5 km solo,Penhoët Paul,https://www.procyclingstats.com/rider/paul-penhoet,2001-12-28,2001,France,1.73,64.0,21.38,Clamart,143,finished,139,2831,97,Classic,23,FR,Groupama - FDJ,,,",,",1767,17617
6,RR,10 July 2025,Bayeux,Vire Normandie,201.5,3309,143,45.767,42.5 km solo,Bittner Pavel,https://www.procyclingstats.com/rider/pavel-bittner,2002-10-29,2002,Czech Republic,1.84,73.0,21.56,Olomouc,144,finished,147,2991,193,Sprint,22,CZ,Team Picnic PostNL,,,",,",1767,17617
6,RR,10 July 2025,Bayeux,Vire Normandie,201.5,3309,143,45.767,42.5 km solo,Fedorov Yevgeniy,https://www.procyclingstats.com/rider/yevgeniy-fedorov,2000-02-16,2000,Kazakhstan,1.93,80.0,21.48,Aktobe,145,finished,178,3777,175,Classic,25,KZ,XDS Astana Team,,,",,",1767,17617
6,RR,10 July 2025,Bayeux,Vire Normandie,201.5,3309,143,45.767,42.5 km solo,Boivin Guillaume,https://www.procyclingstats.com/rider/guillaume-boivin,1989-05-25,1989,Canada,1.8,78.0,24.07,Montreal,146,finished,161,3311,204,Classic,36,CA,Israel - Premier Tech,,,",,",1767,17617
6,RR,10 July 2025,Bayeux,Vire Normandie,201.5,3309,143,45.767,42.5 km solo,van den Berg Marijn,https://www.procyclingstats.com/rider/marijn-van-den-berg,1999-07-19,1999,Netherlands,1.82,73.0,22.04,De Meern,147,finished,141,2926,38,Hills,25,NL,EF Education - EasyPost,,,",,",1767,17617
6,RR,10 July 2025,Bayeux,Vire Normandie,201.5,3309,143,45.767,42.5 km solo,Gradek Kamil,https://www.procyclingstats.com/rider/kamil-gradek,1990-09-17,1990,Poland,1.94,83.0,22.05,Koziegłowy,148,finished,175,3503,53,TT,34,PL,Bahrain - Victorious,,,",,",1767,17617
6,RR,10 July 2025,Bayeux,Vire Normandie,201.5,3309,143,45.767,42.5 km solo,van Sintmaartensdijk Roel,https://www.procyclingstats.com/rider/roel-van-sintmaartensdijk,2001-05-08,2001,Netherlands,1.97,77.0,19.84,Zuidland,149,finished,176,3542,47,GC,24,NL,Intermarché - Wanty,,,",,",1767,17617
6,RR,10 July 2025,Bayeux,Vire Normandie,201.5,3309,143,45.767,42.5 km solo,Stewart Jake,https://www.procyclingstats.com/rider/jake-stewart,1999-10-02,1999,Great Britain,1.79,66.0,20.6,Coventry,150,finished,144,2946,208,Hills,25,GB,Israel - Premier Tech,,,29:33,1773,17623
6,RR,10 July 2025,Bayeux,Vire Normandie,201.5,3309,143,45.767,42.5 km solo,van Dijke Mick,https://www.procyclingstats.com/rider/mick-van-dijke,2000-03-15,2000,Netherlands,1.9,74.0,20.5,Goes,151,finished,156,3236,76,Classic,25,NL,Red Bull - BORA - hansgrohe,,,",,",1773,17623
6,RR,10 July 2025,Bayeux,Vire Normandie,201.5,3309,143,45.767,42.5 km solo,Affini Edoardo,https://www.procyclingstats.com/rider/edoardo-affini,1996-06-24,1996,Italy,1.9,85.0,23.55,Mantua,152,finished,140,2915,12,TT,29,IT,Team Visma | Lease a Bike,,,",,",1773,17623
6,RR,10 July 2025,Bayeux,Vire Normandie,201.5,3309,143,45.767,42.5 km solo,Edvardsen-Fredheim Stian,https://www.procyclingstats.com/rider/stian-fredheim,2003-03-23,2003,Norway,1.84,72.0,21.27,Kristiansand,153,finished,143,2941,224,Sprint,22,NO,Uno-X Mobility,,,",,",1773,17623
6,RR,10 July 2025,Bayeux,Vire Normandie,201.5,3309,143,45.767,42.5 km solo,Watson Samuel,https://www.procyclingstats.com/rider/samuel-watson,2001-09-24,2001,Great Britain,1.88,68.0,19.24,Leeds,154,finished,132,2711,68,Hills,23,GB,INEOS Grenadiers,,,",,",1773,17623
6,RR,10 July 2025,Bayeux,Vire Normandie,201.5,3309,143,45.767,42.5 km solo,Bauhaus Phil,https://www.procyclingstats.com/rider/phil-bauhaus,1994-07-08,1994,Germany,1.84,75.0,22.15,Bocholt,155,finished,169,3381,52,Sprint,31,DE,Bahrain - Victorious,,,",,",1773,17623
6,RR,10 July 2025,Bayeux,Vire Normandie,201.5,3309,143,45.767,42.5 km solo,Capiot Amaury,https://www.procyclingstats.com/rider/amaury-capiot,1993-06-25,1993,Belgium,1.86,69.0,19.94,Tongeren,156,finished,151,3100,132,Classic,32,BE,Arkéa - B&B Hotels,,,",,",1773,17623
6,RR,10 July 2025,Bayeux,Vire Normandie,201.5,3309,143,45.767,42.5 km solo,Durbridge Luke,https://www.procyclingstats.com/rider/luke-durbridge,1991-04-09,1991,Australia,1.87,78.0,22.31,Greenmount,157,finished,157,3264,123,TT,34,AU,Team Jayco AlUla,,,",,",1773,17623
6,RR,10 July 2025,Bayeux,Vire Normandie,201.5,3309,143,45.767,42.5 km solo,Renard Alexis,https://www.procyclingstats.com/rider/alexis-renard,1999-06-01,1999,France,1.86,74.0,21.39,Saint-Brieuc,158,finished,153,3145,165,Classic,26,FR,Cofidis,,,",,",1773,17623
6,RR,10 July 2025,Bayeux,Vire Normandie,201.5,3309,143,45.767,42.5 km solo,Groenewegen Dylan,https://www.procyclingstats.com/rider/dylan-groenewegen,1993-06-21,1993,Netherlands,1.77,70.0,22.34,Amsterdam,159,finished,158,3269,124,Sprint,32,NL,Team Jayco AlUla,,,",,",1773,17623
6,RR,10 July 2025,Bayeux,Vire Normandie,201.5,3309,143,45.767,42.5 km solo,Lienhard Fabian,https://www.procyclingstats.com/rider/fabian-lienhard,1993-09-03,1993,Switzerland,1.83,73.0,21.8,Steinmaur,160,finished,167,3354,115,Classic,31,CH,Tudor Pro Cycling Team,,,",,",1773,17623
6,RR,10 July 2025,Bayeux,Vire Normandie,201.5,3309,143,45.767,42.5 km solo,Démare Arnaud,https://www.procyclingstats.com/rider/arnaud-demare,1991-08-26,1991,France,1.81,76.0,23.2,Beauvais,161,finished,163,3328,134,Classic,33,FR,Arkéa - B&B Hotels,,,",,",1773,17623
6,RR,10 July 2025,Bayeux,Vire Normandie,201.5,3309,143,45.767,42.5 km solo,Grignard Sébastien,https://www.procyclingstats.com/rider/sebastien-grignard,1999-04-29,1999,Belgium,1.79,68.0,21.22,Mons,162,finished,172,3441,215,Classic,26,BE,Lotto,,,",,",1773,17623
6,RR,10 July 2025,Bayeux,Vire Normandie,201.5,3309,143,45.767,42.5 km solo,Van Lerberghe Bert,https://www.procyclingstats.com/rider/bert-van-lerberghe,1992-09-29,1992,Belgium,1.9,83.0,22.99,Kortrijk,163,finished,165,3333,27,Classic,32,BE,Soudal Quick-Step,,,",,",1773,17623
6,RR,10 July 2025,Bayeux,Vire Normandie,201.5,3309,143,45.767,42.5 km solo,Milan Jonathan,https://www.procyclingstats.com/rider/jonathan-milan,2000-10-01,2000,Italy,1.94,84.0,22.32,Tolmezzo,164,finished,146,2964,81,Sprint,24,IT,Lidl - Trek,,,",,",1773,17623
6,RR,10 July 2025,Bayeux,Vire Normandie,201.5,3309,143,45.767,42.5 km solo,Merlier Tim,https://www.procyclingstats.com/rider/tim-merlier,1992-10-30,1992,Belgium,1.88,76.0,21.5,Wortegem-Petegem,165,finished,159,3306,24,Sprint,32,BE,Soudal Quick-Step,,,",,",1773,17623
6,RR,10 July 2025,Bayeux,Vire Normandie,201.5,3309,143,45.767,42.5 km solo,Page Hugo,https://www.procyclingstats.com/rider/hugo-page,2001-07-24,2001,France,1.85,71.0,20.75,Chartres,166,finished,142,2935,44,Classic,23,FR,Intermarché - Wanty,,,",,",1773,17623
6,RR,10 July 2025,Bayeux,Vire Normandie,201.5,3309,143,45.767,42.5 km solo,Girmay Biniam,https://www.procyclingstats.com/rider/biniam-girmay,2000-04-02,2000,Eritrea,1.84,70.0,20.68,Asmara,167,finished,145,2962,41,Classic,25,ER,Intermarché - Wanty,,,",,",1773,17623
6,RR,10 July 2025,Bayeux,Vire Normandie,201.5,3309,143,45.767,42.5 km solo,Mezgec Luka,https://www.procyclingstats.com/rider/luka-mezgec,1988-06-27,1988,Slovenia,1.83,72.0,21.5,Kranj,168,finished,149,3033,125,Hills,37,SI,Team Jayco AlUla,,,",,",1773,17623
6,RR,10 July 2025,Bayeux,Vire Normandie,201.5,3309,143,45.767,42.5 km solo,Theuns Edward,https://www.procyclingstats.com/rider/edward-theuns,1991-04-30,1991,Belgium,1.83,72.0,21.5,Ghent,169,finished,173,3466,88,Classic,34,BE,Lidl - Trek,,,",,",1773,17623
6,RR,10 July 2025,Bayeux,Vire Normandie,201.5,3309,143,45.767,42.5 km solo,Van Eetvelt Lennert,https://www.procyclingstats.com/rider/lennert-van-eetvelt,2001-07-17,2001,Belgium,1.76,63.0,20.34,Binkom,170,finished,152,3119,217,Climber,23,BE,Lotto,,,",,",1773,17623
6,RR,10 July 2025,Bayeux,Vire Normandie,201.5,3309,143,45.767,42.5 km solo,Cort Magnus,https://www.procyclingstats.com/rider/magnus-cort-nielsen,1993-01-16,1993,Denmark,1.84,68.0,20.09,Rønne,171,finished,164,3331,223,Hills,32,DK,Uno-X Mobility,,,",,",1773,17623
6,RR,10 July 2025,Bayeux,Vire Normandie,201.5,3309,143,45.767,42.5 km solo,Drizners Jarrad,https://www.procyclingstats.com/rider/jarrad-drizners,1999-05-31,1999,Australia,1.86,70.0,20.23,Adelaide,172,finished,162,3328,214,GC,26,AU,Lotto,,,29:44,1784,17634
6,RR,10 July 2025,Bayeux,Vire Normandie,201.5,3309,143,45.767,42.5 km solo,Groves Kaden,https://www.procyclingstats.com/rider/kaden-groves,1998-12-23,1998,Australia,1.76,76.0,24.54,Gympie,173,finished,111,2163,103,Hills,26,AU,Alpecin - Deceuninck,,,",,",1784,17634
6,RR,10 July 2025,Bayeux,Vire Normandie,201.5,3309,143,45.767,42.5 km solo,De Lie Arnaud,https://www.procyclingstats.com/rider/arnaud-de-lie,2002-03-16,2002,Belgium,1.82,78.0,23.55,Libramont,174,finished,171,3437,211,Classic,23,BE,Lotto,,,29:48,1788,17638
6,RR,10 July 2025,Bayeux,Vire Normandie,201.5,3309,143,45.767,42.5 km solo,Consonni Simone,https://www.procyclingstats.com/rider/simone-consonni,1994-09-12,1994,Italy,1.65,60.0,22.04,Ponte San Pietro,175,finished,166,3338,82,Classic,30,IT,Lidl - Trek,,,29:57,1797,17647
6,RR,10 July 2025,Bayeux,Vire Normandie,201.5,3309,143,45.767,42.5 km solo,Ballerini Davide,https://www.procyclingstats.com/rider/davide-ballerini,1994-09-21,1994,Italy,1.83,71.0,21.2,Cantù,176,finished,170,3422,172,Classic,30,IT,XDS Astana Team,,,",,",1797,17647
6,RR,10 July 2025,Bayeux,Vire Normandie,201.5,3309,143,45.767,42.5 km solo,Vercher Mattéo,https://www.procyclingstats.com/rider/matheo-vercher,2001-01-26,2001,France,1.71,,,Lyon,177,finished,179,3781,188,Hills,24,FR,TotalEnergies,,,30:07,1807,17657
6,RR,10 July 2025,Bayeux,Vire Normandie,201.5,3309,143,45.767,42.5 km solo,Meeus Jordi,https://www.procyclingstats.com/rider/jordi-meeus,1998-07-01,1998,Belgium,1.9,80.0,22.16,Lommel,178,finished,174,3467,73,Classic,27,BE,Red Bull - BORA - hansgrohe,,,",,",1807,17657
6,RR,10 July 2025,Bayeux,Vire Normandie,201.5,3309,143,45.767,42.5 km solo,Teuns Dylan,https://www.procyclingstats.com/rider/dylan-teuns,1992-03-01,1992,Belgium,1.81,64.0,19.54,Diest,179,finished,94,1795,166,GC,33,BE,Cofidis,,,30:15,1815,17665
7,RR,11 July 2025,Saint-Malo,Mûr-de-Bretagne (Guerlédan),197.0,2096,80,48.117,Sprint of small group,Pogačar Tadej,https://www.procyclingstats.com/rider/tadej-pogacar,1998-09-21,1998,Slovenia,1.76,66.0,21.31,Klanec,1,finished,1,0,1,Climber,26,SI,UAE Team Emirates - XRG,210.0,100.0,4:05:39,0,14739
7,RR,11 July 2025,Saint-Malo,Mûr-de-Bretagne (Guerlédan),197.0,2096,80,48.117,Sprint of small group,Vingegaard Jonas,https://www.procyclingstats.com/rider/jonas-vingegaard,1996-12-10,1996,Denmark,1.75,58.0,18.94,Hillerslev,2,finished,4,77,11,GC,28,DK,Team Visma | Lease a Bike,150.0,70.0,",,",0,14739
7,RR,11 July 2025,Saint-Malo,Mûr-de-Bretagne (Guerlédan),197.0,2096,80,48.117,Sprint of small group,Onley Oscar,https://www.procyclingstats.com/rider/oscar-onley,2002-10-13,2002,Great Britain,1.73,62.0,20.72,Kelso,3,finished,7,169,191,GC,22,GB,Team Picnic PostNL,110.0,50.0,0:02,2,14741
7,RR,11 July 2025,Saint-Malo,Mûr-de-Bretagne (Guerlédan),197.0,2096,80,48.117,Sprint of small group,Gall Felix,https://www.procyclingstats.com/rider/felix-gall,1998-02-27,1998,Austria,1.8,66.0,20.37,Nußdorf-Debant,4,finished,14,289,151,Climber,27,AT,Decathlon AG2R La Mondiale Team,90.0,40.0,",,",2,14741
7,RR,11 July 2025,Saint-Malo,Mûr-de-Bretagne (Guerlédan),197.0,2096,80,48.117,Sprint of small group,Jorgenson Matteo,https://www.procyclingstats.com/rider/matteo-jorgenson,1999-07-01,1999,United States,1.9,69.0,19.11,Walnut Creek,5,finished,6,94,15,GC,26,US,Team Visma | Lease a Bike,70.0,32.0,",,",2,14741
7,RR,11 July 2025,Saint-Malo,Mûr-de-Bretagne (Guerlédan),197.0,2096,80,48.117,Sprint of small group,Evenepoel Remco,https://www.procyclingstats.com/rider/remco-evenepoel,2000-01-25,2000,Belgium,1.71,63.0,21.55,Aalst,6,finished,2,54,21,Climber,25,BE,Soudal Quick-Step,55.0,26.0,",,",2,14741
7,RR,11 July 2025,Saint-Malo,Mûr-de-Bretagne (Guerlédan),197.0,2096,80,48.117,Sprint of small group,Vauquelin Kévin,https://www.procyclingstats.com/rider/kevin-vauquelin,2001-04-26,2001,France,1.76,69.0,22.28,Bayeux,7,finished,3,71,131,GC,24,FR,Arkéa - B&B Hotels,45.0,22.0,",,",2,14741
7,RR,11 July 2025,Saint-Malo,Mûr-de-Bretagne (Guerlédan),197.0,2096,80,48.117,Sprint of small group,Narváez Jhonatan,https://www.procyclingstats.com/rider/jhonatan-narvaez,1997-03-04,1997,Ecuador,1.74,65.0,21.47,El Playón de San Francisco,8,finished,19,491,3,Hills,28,EC,UAE Team Emirates - XRG,40.0,18.0,0:07,7,14746
7,RR,11 July 2025,Saint-Malo,Mûr-de-Bretagne (Guerlédan),197.0,2096,80,48.117,Sprint of small group,Laurance Axel,https://www.procyclingstats.com/rider/axel-laurance,2001-04-13,2001,France,1.79,63.0,19.66,Calan,9,finished,39,1137,65,Hills,24,FR,INEOS Grenadiers,35.0,14.0,0:15,15,14754
7,RR,11 July 2025,Saint-Malo,Mûr-de-Bretagne (Guerlédan),197.0,2096,80,48.117,Sprint of small group,Johannessen Tobias Halland,https://www.procyclingstats.com/rider/tobias-halland-johannessen,1999-08-23,1999,Norway,1.76,62.0,20.02,Drøbak,10,finished,12,268,221,Climber,25,NO,Uno-X Mobility,30.0,10.0,0:21,21,14760
7,RR,11 July 2025,Saint-Malo,Mûr-de-Bretagne (Guerlédan),197.0,2096,80,48.117,Sprint of small group,Jegat Jordan,https://www.procyclingstats.com/rider/jordan-jegat,1999-06-07,1999,France,1.76,59.0,19.05,Vannes,11,finished,16,339,186,Climber,26,FR,TotalEnergies,25.0,8.0,",,",21,14760
7,RR,11 July 2025,Saint-Malo,Mûr-de-Bretagne (Guerlédan),197.0,2096,80,48.117,Sprint of small group,Skjelmose Mattias,https://www.procyclingstats.com/rider/mattias-skjelmose-jensen,2000-09-26,2000,Denmark,1.8,65.0,20.06,Copenhagen,12,finished,10,223,85,Climber,24,DK,Lidl - Trek,20.0,6.0,",,",21,14760
7,RR,11 July 2025,Saint-Malo,Mûr-de-Bretagne (Guerlédan),197.0,2096,80,48.117,Sprint of small group,Grégoire Romain,https://www.procyclingstats.com/rider/romain-gregoire,2003-01-21,2003,France,1.76,64.0,20.66,Besançon,13,finished,24,599,94,Classic,22,FR,Groupama - FDJ,15.0,4.0,",,",21,14760
7,RR,11 July 2025,Saint-Malo,Mûr-de-Bretagne (Guerlédan),197.0,2096,80,48.117,Sprint of small group,Lipowitz Florian,https://www.procyclingstats.com/rider/florian-lipowitz,2000-09-21,2000,Germany,1.81,68.0,20.76,Laichingen,14,finished,8,182,72,GC,24,DE,Red Bull - BORA - hansgrohe,10.0,2.0,",,",21,14760
7,RR,11 July 2025,Saint-Malo,Mûr-de-Bretagne (Guerlédan),197.0,2096,80,48.117,Sprint of small group,Rodríguez Carlos,https://www.procyclingstats.com/rider/carlos-rodriguez-cano,2001-02-02,2001,Spain,1.83,67.0,20.01,Almuñécar,15,finished,15,291,66,GC,24,ES,INEOS Grenadiers,5.0,1.0,",,",21,14760
7,RR,11 July 2025,Saint-Malo,Mûr-de-Bretagne (Guerlédan),197.0,2096,80,48.117,Sprint of small group,Roglič Primož,https://www.procyclingstats.com/rider/primoz-roglic,1989-10-29,1989,Slovenia,1.77,65.0,20.75,Trbovlje,16,finished,9,186,71,Climber,35,SI,Red Bull - BORA - hansgrohe,,,",,",21,14760
7,RR,11 July 2025,Saint-Malo,Mûr-de-Bretagne (Guerlédan),197.0,2096,80,48.117,Sprint of small group,Rodríguez Cristián,https://www.procyclingstats.com/rider/cristian-rodriguez,1995-03-03,1995,Spain,1.78,59.0,18.62,El Ejido,17,finished,25,652,137,GC,30,ES,Arkéa - B&B Hotels,,,0:35,35,14774
7,RR,11 July 2025,Saint-Malo,Mûr-de-Bretagne (Guerlédan),197.0,2096,80,48.117,Sprint of small group,Meurisse Xandro,https://www.procyclingstats.com/rider/xandro-meurisse,1992-01-31,1992,Belgium,1.81,68.0,20.76,Kortrijk,18,finished,27,677,104,GC,33,BE,Alpecin - Deceuninck,,,0:49,49,14788
7,RR,11 July 2025,Saint-Malo,Mûr-de-Bretagne (Guerlédan),197.0,2096,80,48.117,Sprint of small group,Mas Enric,https://www.procyclingstats.com/rider/enric-mas,1995-01-07,1995,Spain,1.77,61.0,19.47,Artà,19,finished,13,275,141,Climber,30,ES,Movistar Team,,,0:51,51,14790
7,RR,11 July 2025,Saint-Malo,Mûr-de-Bretagne (Guerlédan),197.0,2096,80,48.117,Sprint of small group,Higuita Sergio,https://www.procyclingstats.com/rider/sergio-higuita,1997-08-01,1997,Colombia,1.66,57.0,20.69,Medellín,20,finished,48,1354,176,Climber,27,CO,XDS Astana Team,,,1:01,61,14800
7,RR,11 July 2025,Saint-Malo,Mûr-de-Bretagne (Guerlédan),197.0,2096,80,48.117,Sprint of small group,Berckmoes Jenno,https://www.procyclingstats.com/rider/jenno-berckmoes,2001-02-04,2001,Belgium,1.77,61.0,19.47,Ghent,21,finished,26,660,212,Classic,24,BE,Lotto,,,",,",61,14800
7,RR,11 July 2025,Saint-Malo,Mûr-de-Bretagne (Guerlédan),197.0,2096,80,48.117,Sprint of small group,van der Poel Mathieu,https://www.procyclingstats.com/rider/mathieu-van-der-poel,1995-01-19,1995,Netherlands,1.84,75.0,22.15,Kapellen,22,finished,5,89,106,Classic,30,NL,Alpecin - Deceuninck,,,1:20,80,14819
7,RR,11 July 2025,Saint-Malo,Mûr-de-Bretagne (Guerlédan),197.0,2096,80,48.117,Sprint of small group,Pacher Quentin,https://www.procyclingstats.com/rider/quentin-pacher,1992-01-06,1992,France,1.79,62.0,19.35,Libourne,23,finished,30,948,96,Hills,33,FR,Groupama - FDJ,,,1:23,83,14822
7,RR,11 July 2025,Saint-Malo,Mûr-de-Bretagne (Guerlédan),197.0,2096,80,48.117,Sprint of small group,Benoot Tiesj,https://www.procyclingstats.com/rider/tiesj-benoot,1994-03-11,1994,Belgium,1.9,72.0,19.94,Ghent,24,finished,22,546,13,Classic,31,BE,Team Visma | Lease a Bike,,,",,",83,14822
7,RR,11 July 2025,Saint-Malo,Mûr-de-Bretagne (Guerlédan),197.0,2096,80,48.117,Sprint of small group,van den Broek Frank,https://www.procyclingstats.com/rider/frank-van-den-broek,2000-12-28,2000,Netherlands,1.78,70.0,22.09,Warmond,25,finished,68,1750,198,GC,24,NL,Team Picnic PostNL,,,",,",83,14822
7,RR,11 July 2025,Saint-Malo,Mûr-de-Bretagne (Guerlédan),197.0,2096,80,48.117,Sprint of small group,Healy Ben,https://www.procyclingstats.com/rider/ben-healy,2000-09-11,2000,Ireland,1.75,62.0,20.24,Kingswinford Previous nationalities Great Britain until 2016,26,finished,11,235,31,Climber,24,IE,EF Education - EasyPost,,,1:45,105,14844
7,RR,11 July 2025,Saint-Malo,Mûr-de-Bretagne (Guerlédan),197.0,2096,80,48.117,Sprint of small group,Yates Adam,https://www.procyclingstats.com/rider/adam-yates,1992-08-07,1992,Great Britain,1.73,58.0,19.38,Bury,27,finished,59,1592,8,Climber,32,GB,UAE Team Emirates - XRG,,,2:06,126,14865
7,RR,11 July 2025,Saint-Malo,Mûr-de-Bretagne (Guerlédan),197.0,2096,80,48.117,Sprint of small group,Buchmann Emanuel,https://www.procyclingstats.com/rider/emanuel-buchmann,1992-11-18,1992,Germany,1.8,59.0,18.21,Ravensburg,28,finished,21,515,161,GC,32,DE,Cofidis,,,2:17,137,14876
7,RR,11 July 2025,Saint-Malo,Mûr-de-Bretagne (Guerlédan),197.0,2096,80,48.117,Sprint of small group,Martin Guillaume,https://www.procyclingstats.com/rider/guillaume-martin,1993-06-09,1993,France,1.73,55.0,18.38,Paris,29,finished,20,493,91,Climber,32,FR,Groupama - FDJ,,,",,",137,14876
7,RR,11 July 2025,Saint-Malo,Mûr-de-Bretagne (Guerlédan),197.0,2096,80,48.117,Sprint of small group,Van Wilder Ilan,https://www.procyclingstats.com/rider/ilan-van-wilder,2000-05-14,2000,Belgium,1.71,64.0,21.89,Jette,30,finished,50,1383,28,GC,25,BE,Soudal Quick-Step,,,2:31,151,14890
7,RR,11 July 2025,Saint-Malo,Mûr-de-Bretagne (Guerlédan),197.0,2096,80,48.117,Sprint of small group,Yates Simon,https://www.procyclingstats.com/rider/simon-yates,1992-08-07,1992,Great Britain,1.72,58.0,19.61,Bury,31,finished,35,1009,18,Climber,32,GB,Team Visma | Lease a Bike,,,",,",151,14890
7,RR,11 July 2025,Saint-Malo,Mûr-de-Bretagne (Guerlédan),197.0,2096,80,48.117,Sprint of small group,Wellens Tim,https://www.procyclingstats.com/rider/tim-wellens,1991-05-10,1991,Belgium,1.82,71.0,21.43,Sint-Truiden,32,finished,37,1031,7,GC,34,BE,UAE Team Emirates - XRG,,,",,",151,14890
7,RR,11 July 2025,Saint-Malo,Mûr-de-Bretagne (Guerlédan),197.0,2096,80,48.117,Sprint of small group,O'Connor Ben,https://www.procyclingstats.com/rider/ben-o-connor,1995-11-25,1995,Australia,1.88,67.0,18.96,Subiaco,33,finished,18,490,121,GC,29,AU,Team Jayco AlUla,,,",,",151,14890
7,RR,11 July 2025,Saint-Malo,Mûr-de-Bretagne (Guerlédan),197.0,2096,80,48.117,Sprint of small group,García Pierna Raúl,https://www.procyclingstats.com/rider/raul-garcia-pierna,2001-02-23,2001,Spain,1.75,67.0,21.88,Tres Cantos,34,finished,73,1919,135,Climber,24,ES,Arkéa - B&B Hotels,,,2:40,160,14899
7,RR,11 July 2025,Saint-Malo,Mûr-de-Bretagne (Guerlédan),197.0,2096,80,48.117,Sprint of small group,van Aert Wout,https://www.procyclingstats.com/rider/wout-van-aert,1994-09-15,1994,Belgium,1.9,78.0,21.61,Herentals,35,finished,60,1596,17,Classic,30,BE,Team Visma | Lease a Bike,,,2:49,169,14908
7,RR,11 July 2025,Saint-Malo,Mûr-de-Bretagne (Guerlédan),197.0,2096,80,48.117,Sprint of small group,Soler Marc,https://www.procyclingstats.com/rider/marc-soler,1993-11-22,1993,Spain,1.86,68.0,19.66,Vilanova i la Geltrú,36,finished,77,1979,6,Climber,31,ES,UAE Team Emirates - XRG,,,2:59,179,14918
7,RR,11 July 2025,Saint-Malo,Mûr-de-Bretagne (Guerlédan),197.0,2096,80,48.117,Sprint of small group,Paret-Peintre Aurélien,https://www.procyclingstats.com/rider/aurelien-paret-peintre,1996-02-27,1996,France,1.84,64.0,18.9,Annemasse,37,finished,17,443,156,GC,29,FR,Decathlon AG2R La Mondiale Team,,,3:03,183,14922
7,RR,11 July 2025,Saint-Malo,Mûr-de-Bretagne (Guerlédan),197.0,2096,80,48.117,Sprint of small group,Baudin Alex,https://www.procyclingstats.com/rider/alex-baudin,2001-05-25,2001,France,1.83,64.0,19.11,Albertville,38,finished,42,1152,34,Climber,24,FR,EF Education - EasyPost,,,3:16,196,14935
7,RR,11 July 2025,Saint-Malo,Mûr-de-Bretagne (Guerlédan),197.0,2096,80,48.117,Sprint of small group,Madouas Valentin,https://www.procyclingstats.com/rider/valentin-madouas,1996-07-12,1996,France,1.79,71.0,22.16,Brest,39,finished,23,575,95,Classic,28,FR,Groupama - FDJ,,,",,",196,14935
7,RR,11 July 2025,Saint-Malo,Mûr-de-Bretagne (Guerlédan),197.0,2096,80,48.117,Sprint of small group,Hoelgaard Markus,https://www.procyclingstats.com/rider/markus-hoelgaard,1994-10-04,1994,Norway,1.88,74.0,20.94,Stavanger,40,finished,45,1298,225,Classic,30,NO,Uno-X Mobility,,,",,",196,14935
7,RR,11 July 2025,Saint-Malo,Mûr-de-Bretagne (Guerlédan),197.0,2096,80,48.117,Sprint of small group,Vlasov Aleksandr,https://www.procyclingstats.com/rider/aleksandr-vlasov,1996-04-23,1996,Russia,1.86,68.0,19.66,Vyborg,41,finished,49,1361,78,Climber,29,RU,Red Bull - BORA - hansgrohe,,,3:40,220,14959
7,RR,11 July 2025,Saint-Malo,Mûr-de-Bretagne (Guerlédan),197.0,2096,80,48.117,Sprint of small group,Skujiņš Toms,https://www.procyclingstats.com/rider/toms-skujins,1991-06-15,1991,Latvia,1.81,72.0,21.98,Sigulda,42,finished,56,1539,86,Classic,34,LV,Lidl - Trek,,,3:58,238,14977
7,RR,11 July 2025,Saint-Malo,Mûr-de-Bretagne (Guerlédan),197.0,2096,80,48.117,Sprint of small group,Berthet Clément,https://www.procyclingstats.com/rider/clement-berthet,1997-08-02,1997,France,1.84,68.0,20.09,Pierre Bénite,43,finished,41,1149,153,Climber,27,FR,Decathlon AG2R La Mondiale Team,,,4:04,244,14983
7,RR,11 July 2025,Saint-Malo,Mûr-de-Bretagne (Guerlédan),197.0,2096,80,48.117,Sprint of small group,Kuss Sepp,https://www.procyclingstats.com/rider/sepp-kuss,1994-09-13,1994,United States,1.82,61.0,18.42,Durango,44,finished,34,1005,16,Climber,30,US,Team Visma | Lease a Bike,,,",,",244,14983
7,RR,11 July 2025,Saint-Malo,Mûr-de-Bretagne (Guerlédan),197.0,2096,80,48.117,Sprint of small group,Arensman Thymen,https://www.procyclingstats.com/rider/thymen-arensman,1999-12-04,1999,Netherlands,1.9,68.0,18.84,Deil,45,finished,55,1490,62,GC,25,NL,INEOS Grenadiers,,,",,",244,14983
7,RR,11 July 2025,Saint-Malo,Mûr-de-Bretagne (Guerlédan),197.0,2096,80,48.117,Sprint of small group,Eenkhoorn Pascal,https://www.procyclingstats.com/rider/pascal-eenkhoorn,1997-02-08,1997,Netherlands,1.85,72.0,21.04,Zwolle,46,finished,43,1227,23,Classic,28,NL,Soudal Quick-Step,,,",,",244,14983
7,RR,11 July 2025,Saint-Malo,Mûr-de-Bretagne (Guerlédan),197.0,2096,80,48.117,Sprint of small group,Izagirre Ion,https://www.procyclingstats.com/rider/ion-izagirre,1989-02-04,1989,Spain,1.73,60.0,20.05,Ormaiztegi,47,finished,78,1979,164,GC,36,ES,Cofidis,,,",,",244,14983
7,RR,11 July 2025,Saint-Malo,Mûr-de-Bretagne (Guerlédan),197.0,2096,80,48.117,Sprint of small group,Mühlberger Gregor,https://www.procyclingstats.com/rider/gregor-muhlberger,1994-04-04,1994,Austria,1.8,64.0,19.75,Haidershofen,48,finished,57,1557,146,GC,31,AT,Movistar Team,,,",,",244,14983
7,RR,11 July 2025,Saint-Malo,Mûr-de-Bretagne (Guerlédan),197.0,2096,80,48.117,Sprint of small group,Schachmann Maximilian,https://www.procyclingstats.com/rider/maximilian-schachmann,1994-01-09,1994,Germany,1.83,71.0,21.2,Berlin,49,finished,79,2044,26,GC,31,DE,Soudal Quick-Step,,,4:07,247,14986
7,RR,11 July 2025,Saint-Malo,Mûr-de-Bretagne (Guerlédan),197.0,2096,80,48.117,Sprint of small group,Mayrhofer Marius,https://www.procyclingstats.com/rider/marius-mayrhofer,2000-09-18,2000,Germany,1.82,70.0,21.13,Tübingen,50,finished,104,2696,116,Hills,24,DE,Tudor Pro Cycling Team,,,4:16,256,14995
7,RR,11 July 2025,Saint-Malo,Mûr-de-Bretagne (Guerlédan),197.0,2096,80,48.117,Sprint of small group,Alaphilippe Julian,https://www.procyclingstats.com/rider/julian-alaphilippe,1992-06-11,1992,France,1.73,62.0,20.72,Saint-Amand-Montrond,51,finished,54,1481,111,Classic,33,FR,Tudor Pro Cycling Team,,,",,",256,14995
7,RR,11 July 2025,Saint-Malo,Mûr-de-Bretagne (Guerlédan),197.0,2096,80,48.117,Sprint of small group,Barguil Warren,https://www.procyclingstats.com/rider/warren-barguil,1991-10-28,1991,France,1.83,61.0,18.21,Hennebont,52,finished,31,968,192,Climber,33,FR,Team Picnic PostNL,,,4:52,292,15031
7,RR,11 July 2025,Saint-Malo,Mûr-de-Bretagne (Guerlédan),197.0,2096,80,48.117,Sprint of small group,Powless Neilson,https://www.procyclingstats.com/rider/neilson-powless,1996-09-03,1996,United States,1.83,67.0,20.01,Eglin,53,finished,32,977,35,Classic,28,US,EF Education - EasyPost,,,",,",292,15031
7,RR,11 July 2025,Saint-Malo,Mûr-de-Bretagne (Guerlédan),197.0,2096,80,48.117,Sprint of small group,Romeo Iván,https://www.procyclingstats.com/rider/ivan-romeo,2003-08-16,2003,Spain,1.93,75.0,20.13,Valladolid,54,finished,100,2598,147,GC,21,ES,Movistar Team,,,4:56,296,15035
7,RR,11 July 2025,Saint-Malo,Mûr-de-Bretagne (Guerlédan),197.0,2096,80,48.117,Sprint of small group,Champoussin Clément,https://www.procyclingstats.com/rider/clement-champoussin,1998-05-29,1998,France,1.8,61.0,18.83,Nice,55,finished,72,1865,174,Climber,27,FR,XDS Astana Team,,,5:01,301,15040
7,RR,11 July 2025,Saint-Malo,Mûr-de-Bretagne (Guerlédan),197.0,2096,80,48.117,Sprint of small group,Costiou Ewen,https://www.procyclingstats.com/rider/ewen-costiou,2002-11-10,2002,France,1.76,64.0,20.66,Brest,56,finished,110,2760,133,GC,22,FR,Arkéa - B&B Hotels,,,",,",301,15040
7,RR,11 July 2025,Saint-Malo,Mûr-de-Bretagne (Guerlédan),197.0,2096,80,48.117,Sprint of small group,Scotson Callum,https://www.procyclingstats.com/rider/callum-scotson,1996-08-10,1996,Australia,1.83,77.0,22.99,Campbelltown,57,finished,51,1452,157,GC,28,AU,Decathlon AG2R La Mondiale Team,,,5:16,316,15055
7,RR,11 July 2025,Saint-Malo,Mûr-de-Bretagne (Guerlédan),197.0,2096,80,48.117,Sprint of small group,Tronchon Bastien,https://www.procyclingstats.com/rider/bastien-tronchon,2002-03-29,2002,France,1.85,72.0,21.04,Chambéry,58,finished,71,1836,158,Classic,23,FR,Decathlon AG2R La Mondiale Team,,,6:18,378,15117
7,RR,11 July 2025,Saint-Malo,Mûr-de-Bretagne (Guerlédan),197.0,2096,80,48.117,Sprint of small group,Flynn Sean,https://www.procyclingstats.com/rider/sean-flynn,2000-03-02,2000,Great Britain,1.77,67.0,21.39,Edinburgh,59,finished,131,3564,194,GC,25,GB,Team Picnic PostNL,,,",,",378,15117
7,RR,11 July 2025,Saint-Malo,Mûr-de-Bretagne (Guerlédan),197.0,2096,80,48.117,Sprint of small group,Delettre Alexandre,https://www.procyclingstats.com/rider/alexandre-delettre,1997-10-25,1997,France,1.7,62.0,21.45,Gonesse,60,finished,36,1016,183,Classic,27,FR,TotalEnergies,,,",,",378,15117
7,RR,11 July 2025,Saint-Malo,Mûr-de-Bretagne (Guerlédan),197.0,2096,80,48.117,Sprint of small group,Venturini Clément,https://www.procyclingstats.com/rider/clement-venturini,1993-10-16,1993,France,1.65,60.0,22.04,Villeurbanne,61,finished,40,1141,138,Classic,31,FR,Arkéa - B&B Hotels,,,",,",378,15117
7,RR,11 July 2025,Saint-Malo,Mûr-de-Bretagne (Guerlédan),197.0,2096,80,48.117,Sprint of small group,Swift Connor,https://www.procyclingstats.com/rider/connor-swift,1995-10-30,1995,Great Britain,1.9,75.0,20.78,Thorne,62,finished,90,2409,67,Classic,29,GB,INEOS Grenadiers,,,",,",378,15117
7,RR,11 July 2025,Saint-Malo,Mûr-de-Bretagne (Guerlédan),197.0,2096,80,48.117,Sprint of small group,Naesen Oliver,https://www.procyclingstats.com/rider/oliver-naesen,1990-09-16,1990,Belgium,1.84,74.0,21.86,Oostende,63,finished,66,1713,155,Classic,34,BE,Decathlon AG2R La Mondiale Team,,,",,",378,15117
7,RR,11 July 2025,Saint-Malo,Mûr-de-Bretagne (Guerlédan),197.0,2096,80,48.117,Sprint of small group,Johannessen Anders Halland,https://www.procyclingstats.com/rider/anders-halland-johannessen,1999-08-23,1999,Norway,1.76,,,Drøbak,64,finished,101,2599,226,GC,25,NO,Uno-X Mobility,,,7:02,422,15161
7,RR,11 July 2025,Saint-Malo,Mûr-de-Bretagne (Guerlédan),197.0,2096,80,48.117,Sprint of small group,Sweeny Harry,https://www.procyclingstats.com/rider/harry-sweeny,1998-07-09,1998,Australia,1.86,75.0,21.68,Warwick,65,finished,47,1321,36,GC,27,AU,EF Education - EasyPost,,,7:26,446,15185
7,RR,11 July 2025,Saint-Malo,Mûr-de-Bretagne (Guerlédan),197.0,2096,80,48.117,Sprint of small group,Burgaudeau Mathieu,https://www.procyclingstats.com/rider/mathieu-burgaudeau,1998-11-17,1998,France,1.68,61.0,21.61,Noirmoutier-en-l'Île,66,finished,52,1466,182,Hills,26,FR,TotalEnergies,,,",,",446,15185
7,RR,11 July 2025,Saint-Malo,Mûr-de-Bretagne (Guerlédan),197.0,2096,80,48.117,Sprint of small group,Gachignard Thomas,https://www.procyclingstats.com/rider/thomas-gachignard,2000-08-17,2000,France,,,,Niort,67,finished,75,1938,184,GC,24,FR,TotalEnergies,,,",,",446,15185
7,RR,11 July 2025,Saint-Malo,Mûr-de-Bretagne (Guerlédan),197.0,2096,80,48.117,Sprint of small group,Barthe Cyril,https://www.procyclingstats.com/rider/cyril-barthe,1996-02-14,1996,France,1.84,70.0,20.68,Sauveterre-de-Béarn,68,finished,80,2070,93,Hills,29,FR,Groupama - FDJ,,,",,",446,15185
7,RR,11 July 2025,Saint-Malo,Mûr-de-Bretagne (Guerlédan),197.0,2096,80,48.117,Sprint of small group,Abrahamsen Jonas,https://www.procyclingstats.com/rider/jonas-abrahamsen,1995-09-20,1995,Norway,1.83,78.0,23.29,Skien,69,finished,106,2700,222,Classic,29,NO,Uno-X Mobility,,,",,",446,15185
7,RR,11 July 2025,Saint-Malo,Mûr-de-Bretagne (Guerlédan),197.0,2096,80,48.117,Sprint of small group,Russo Clément,https://www.procyclingstats.com/rider/clement-russo,1995-01-20,1995,France,1.87,74.0,21.16,Lyon,70,finished,129,3269,98,Classic,30,FR,Groupama - FDJ,,,",,",446,15185
7,RR,11 July 2025,Saint-Malo,Mûr-de-Bretagne (Guerlédan),197.0,2096,80,48.117,Sprint of small group,Paret-Peintre Valentin,https://www.procyclingstats.com/rider/valentin-paret-peintre,2001-01-14,2001,France,1.78,52.0,16.41,Annemasse,71,finished,105,2697,25,Climber,24,FR,Soudal Quick-Step,,,7:38,458,15197
7,RR,11 July 2025,Saint-Malo,Mûr-de-Bretagne (Guerlédan),197.0,2096,80,48.117,Sprint of small group,Trentin Matteo,https://www.procyclingstats.com/rider/matteo-trentin,1989-08-02,1989,Italy,1.79,74.0,23.1,Borgo Valsugana,72,finished,58,1588,118,Classic,35,IT,Tudor Pro Cycling Team,,,7:39,459,15198
7,RR,11 July 2025,Saint-Malo,Mûr-de-Bretagne (Guerlédan),197.0,2096,80,48.117,Sprint of small group,Dunbar Eddie,https://www.procyclingstats.com/rider/edward-irl-dunbar,1996-09-01,1996,Ireland,1.7,57.0,19.72,Banteer,73,finished,33,989,122,GC,28,IE,Team Jayco AlUla,,,",,",459,15198
7,RR,11 July 2025,Saint-Malo,Mûr-de-Bretagne (Guerlédan),197.0,2096,80,48.117,Sprint of small group,Thomas Geraint,https://www.procyclingstats.com/rider/geraint-thomas,1986-05-25,1986,Great Britain,1.83,71.0,21.2,Cardiff,74,finished,46,1308,61,GC,39,GB,INEOS Grenadiers,,,",,",459,15198
7,RR,11 July 2025,Saint-Malo,Mûr-de-Bretagne (Guerlédan),197.0,2096,80,48.117,Sprint of small group,Teunissen Mike,https://www.procyclingstats.com/rider/mike-teunissen,1992-08-25,1992,Netherlands,1.84,73.0,21.56,Ysselsteyn,75,finished,116,2880,177,Classic,32,NL,XDS Astana Team,,,",,",459,15198
7,RR,11 July 2025,Saint-Malo,Mûr-de-Bretagne (Guerlédan),197.0,2096,80,48.117,Sprint of small group,Verstrynge Emiel,https://www.procyclingstats.com/rider/emiel-verstrynge,2002-02-04,2002,Belgium,1.89,69.0,19.32,Eeklo,76,finished,103,2669,108,Climber,23,BE,Alpecin - Deceuninck,,,7:42,462,15201
7,RR,11 July 2025,Saint-Malo,Mûr-de-Bretagne (Guerlédan),197.0,2096,80,48.117,Sprint of small group,Campenaerts Victor,https://www.procyclingstats.com/rider/victor-campenaerts,1991-10-28,1991,Belgium,1.73,68.0,22.72,Hoboken,77,finished,70,1809,14,TT,33,BE,Team Visma | Lease a Bike,,,7:55,475,15214
7,RR,11 July 2025,Saint-Malo,Mûr-de-Bretagne (Guerlédan),197.0,2096,80,48.117,Sprint of small group,Simmons Quinn,https://www.procyclingstats.com/rider/quinn-simmons,2001-05-08,2001,United States,1.85,73.0,21.33,Durango,78,finished,61,1657,84,Hills,24,US,Lidl - Trek,,,8:12,492,15231
7,RR,11 July 2025,Saint-Malo,Mûr-de-Bretagne (Guerlédan),197.0,2096,80,48.117,Sprint of small group,Barré Louis,https://www.procyclingstats.com/rider/louis-barre,2000-04-06,2000,France,1.84,68.0,20.09,Nantes,79,finished,95,2473,42,Classic,25,FR,Intermarché - Wanty,,,",,",492,15231
7,RR,11 July 2025,Saint-Malo,Mûr-de-Bretagne (Guerlédan),197.0,2096,80,48.117,Sprint of small group,García Cortina Iván,https://www.procyclingstats.com/rider/ivan-garcia-cortina,1995-11-20,1995,Spain,1.83,77.0,22.99,Gijón,80,finished,97,2523,145,Classic,29,ES,Movistar Team,,,8:42,522,15261
7,RR,11 July 2025,Saint-Malo,Mûr-de-Bretagne (Guerlédan),197.0,2096,80,48.117,Sprint of small group,Capiot Amaury,https://www.procyclingstats.com/rider/amaury-capiot,1993-06-25,1993,Belgium,1.86,69.0,19.94,Tongeren,81,finished,138,3651,132,Classic,32,BE,Arkéa - B&B Hotels,,,9:02,542,15281
7,RR,11 July 2025,Saint-Malo,Mûr-de-Bretagne (Guerlédan),197.0,2096,80,48.117,Sprint of small group,Rutsch Jonas,https://www.procyclingstats.com/rider/jonas-rutsch,1998-01-24,1998,Germany,1.97,82.0,21.13,Erbach im Odenwald,82,finished,112,2812,46,Classic,27,DE,Intermarché - Wanty,,,",,",542,15281
7,RR,11 July 2025,Saint-Malo,Mûr-de-Bretagne (Guerlédan),197.0,2096,80,48.117,Sprint of small group,Le Berre Mathis,https://www.procyclingstats.com/rider/mathis-le-berre,2001-04-16,2001,France,1.76,68.0,21.95,Saint-Brieuc,83,finished,93,2457,136,Hills,24,FR,Arkéa - B&B Hotels,,,",,",542,15281
7,RR,11 July 2025,Saint-Malo,Mûr-de-Bretagne (Guerlédan),197.0,2096,80,48.117,Sprint of small group,Woods Michael,https://www.procyclingstats.com/rider/michael-woods,1986-10-12,1986,Canada,1.75,62.0,20.24,Toronto,84,finished,87,2319,201,Climber,38,CA,Israel - Premier Tech,,,",,",542,15281
7,RR,11 July 2025,Saint-Malo,Mûr-de-Bretagne (Guerlédan),197.0,2096,80,48.117,Sprint of small group,Armirail Bruno,https://www.procyclingstats.com/rider/bruno-armirail,1994-04-11,1994,France,1.9,72.0,19.94,Bagnères-de-Bigorre,85,finished,76,1973,152,TT,31,FR,Decathlon AG2R La Mondiale Team,,,",,",542,15281
7,RR,11 July 2025,Saint-Malo,Mûr-de-Bretagne (Guerlédan),197.0,2096,80,48.117,Sprint of small group,Touzé Damien,https://www.procyclingstats.com/rider/damien-touze,1996-07-07,1996,France,1.74,69.0,22.79,Iville,86,finished,89,2382,168,Classic,29,FR,Cofidis,,,",,",542,15281
7,RR,11 July 2025,Saint-Malo,Mûr-de-Bretagne (Guerlédan),197.0,2096,80,48.117,Sprint of small group,Stuyven Jasper,https://www.procyclingstats.com/rider/jasper-stuyven,1992-04-17,1992,Belgium,1.87,80.0,22.88,Leuven,87,finished,63,1677,87,Classic,33,BE,Lidl - Trek,,,9:08,548,15287
7,RR,11 July 2025,Saint-Malo,Mûr-de-Bretagne (Guerlédan),197.0,2096,80,48.117,Sprint of small group,Van Moer Brent,https://www.procyclingstats.com/rider/brent-van-moer,1998-01-12,1998,Belgium,1.91,79.0,21.66,Beveren,88,finished,119,2962,218,Classic,27,BE,Lotto,,,",,",548,15287
7,RR,11 July 2025,Saint-Malo,Mûr-de-Bretagne (Guerlédan),197.0,2096,80,48.117,Sprint of small group,Cras Steff,https://www.procyclingstats.com/rider/steff-cras,1996-02-13,1996,Belgium,1.83,67.0,20.01,Geel,89,finished,29,895,181,GC,29,BE,TotalEnergies,,,",,",548,15287
7,RR,11 July 2025,Saint-Malo,Mûr-de-Bretagne (Guerlédan),197.0,2096,80,48.117,Sprint of small group,Penhoët Paul,https://www.procyclingstats.com/rider/paul-penhoet,2001-12-28,2001,France,1.73,64.0,21.38,Clamart,90,finished,130,3388,97,Classic,23,FR,Groupama - FDJ,,,",,",548,15287
7,RR,11 July 2025,Saint-Malo,Mûr-de-Bretagne (Guerlédan),197.0,2096,80,48.117,Sprint of small group,Velasco Simone,https://www.procyclingstats.com/rider/simone-velasco,1995-12-02,1995,Italy,1.7,59.0,20.42,Bologna,91,finished,53,1466,178,Classic,29,IT,XDS Astana Team,,,",,",548,15287
7,RR,11 July 2025,Saint-Malo,Mûr-de-Bretagne (Guerlédan),197.0,2096,80,48.117,Sprint of small group,Rubio Einer,https://www.procyclingstats.com/rider/einer-rubio,1998-02-22,1998,Colombia,1.64,56.0,20.82,Chíquiza,92,finished,118,2935,148,Climber,27,CO,Movistar Team,,,",,",548,15287
7,RR,11 July 2025,Saint-Malo,Mûr-de-Bretagne (Guerlédan),197.0,2096,80,48.117,Sprint of small group,Leknessund Andreas,https://www.procyclingstats.com/rider/andreas-leknessund,1999-05-21,1999,Norway,1.86,72.0,20.81,Tromsø,93,finished,83,2225,227,GC,26,NO,Uno-X Mobility,,,9:30,570,15309
7,RR,11 July 2025,Saint-Malo,Mûr-de-Bretagne (Guerlédan),197.0,2096,80,48.117,Sprint of small group,Nys Thibau,https://www.procyclingstats.com/rider/thibau-nys,2002-11-12,2002,Belgium,1.76,64.0,20.66,Bonheiden,94,finished,85,2295,83,Hills,22,BE,Lidl - Trek,,,9:31,571,15310
7,RR,11 July 2025,Saint-Malo,Mûr-de-Bretagne (Guerlédan),197.0,2096,80,48.117,Sprint of small group,Albanese Vincenzo,https://www.procyclingstats.com/rider/vincenzo-albanese,1996-11-12,1996,Italy,1.75,70.0,22.86,Oliveto Citra,95,finished,121,3028,32,Hills,28,IT,EF Education - EasyPost,,,9:54,594,15333
7,RR,11 July 2025,Saint-Malo,Mûr-de-Bretagne (Guerlédan),197.0,2096,80,48.117,Sprint of small group,Pithie Laurence,https://www.procyclingstats.com/rider/laurence-pithie,2002-07-17,2002,New Zealand,1.85,74.0,21.62,Christchurch,96,finished,94,2462,75,Classic,22,NZ,Red Bull - BORA - hansgrohe,,,",,",594,15333
7,RR,11 July 2025,Saint-Malo,Mûr-de-Bretagne (Guerlédan),197.0,2096,80,48.117,Sprint of small group,Moscon Gianni,https://www.procyclingstats.com/rider/gianni-moscon,1994-04-20,1994,Italy,1.8,71.0,21.91,Trento,97,finished,84,2234,74,Classic,31,IT,Red Bull - BORA - hansgrohe,,,",,",594,15333
7,RR,11 July 2025,Saint-Malo,Mûr-de-Bretagne (Guerlédan),197.0,2096,80,48.117,Sprint of small group,Oliveira Nelson,https://www.procyclingstats.com/rider/nelson-oliveira,1989-03-06,1989,Portugal,1.8,67.0,20.68,Anadia,98,finished,65,1695,144,TT,36,PT,Movistar Team,,,10:13,613,15352
7,RR,11 July 2025,Saint-Malo,Mûr-de-Bretagne (Guerlédan),197.0,2096,80,48.117,Sprint of small group,Almeida João,https://www.procyclingstats.com/rider/joao-almeida,1998-08-05,1998,Portugal,1.78,63.0,19.88,Caldas da Rainha,99,finished,28,741,2,GC,26,PT,UAE Team Emirates - XRG,,,",,",613,15352
7,RR,11 July 2025,Saint-Malo,Mûr-de-Bretagne (Guerlédan),197.0,2096,80,48.117,Sprint of small group,Vermeersch Gianni,https://www.procyclingstats.com/rider/gianni-vermeersch,1992-11-19,1992,Belgium,1.73,68.0,22.72,Roeselare,100,finished,98,2593,107,Classic,32,BE,Alpecin - Deceuninck,,,10:17,617,15356
7,RR,11 July 2025,Saint-Malo,Mûr-de-Bretagne (Guerlédan),197.0,2096,80,48.117,Sprint of small group,Groves Kaden,https://www.procyclingstats.com/rider/kaden-groves,1998-12-23,1998,Australia,1.76,76.0,24.54,Gympie,101,finished,111,2789,103,Hills,26,AU,Alpecin - Deceuninck,,,",,",617,15356
7,RR,11 July 2025,Saint-Malo,Mûr-de-Bretagne (Guerlédan),197.0,2096,80,48.117,Sprint of small group,Cort Magnus,https://www.procyclingstats.com/rider/magnus-cort-nielsen,1993-01-16,1993,Denmark,1.84,68.0,20.09,Rønne,102,finished,150,3999,223,Hills,32,DK,Uno-X Mobility,,,10:59,659,15398
7,RR,11 July 2025,Saint-Malo,Mûr-de-Bretagne (Guerlédan),197.0,2096,80,48.117,Sprint of small group,Rickaert Jonas,https://www.procyclingstats.com/rider/jonas-rickaert,1994-02-07,1994,Belgium,1.9,88.0,24.38,Sint-Eloois-Vijve,103,finished,125,3105,105,Classic,31,BE,Alpecin - Deceuninck,,,11:46,706,15445
7,RR,11 July 2025,Saint-Malo,Mûr-de-Bretagne (Guerlédan),197.0,2096,80,48.117,Sprint of small group,Affini Edoardo,https://www.procyclingstats.com/rider/edoardo-affini,1996-06-24,1996,Italy,1.9,85.0,23.55,Mantua,104,finished,137,3630,12,TT,29,IT,Team Visma | Lease a Bike,,,",,",706,15445
7,RR,11 July 2025,Saint-Malo,Mûr-de-Bretagne (Guerlédan),197.0,2096,80,48.117,Sprint of small group,Teuns Dylan,https://www.procyclingstats.com/rider/dylan-teuns,1992-03-01,1992,Belgium,1.81,64.0,19.54,Diest,105,finished,96,2510,166,GC,33,BE,Cofidis,,,",,",706,15445
7,RR,11 July 2025,Saint-Malo,Mûr-de-Bretagne (Guerlédan),197.0,2096,80,48.117,Sprint of small group,Reinders Elmar,https://www.procyclingstats.com/rider/elmar-reinders,1992-03-14,1992,Netherlands,1.9,78.1,21.63,Emmen,106,finished,140,3749,127,Classic,33,NL,Team Jayco AlUla,,,",,",706,15445
7,RR,11 July 2025,Saint-Malo,Mûr-de-Bretagne (Guerlédan),197.0,2096,80,48.117,Sprint of small group,Zimmermann Georg,https://www.procyclingstats.com/rider/georg-zimmermann,1997-10-11,1997,Germany,1.81,70.0,21.37,Augsburg,107,finished,115,2876,48,Classic,27,DE,Intermarché - Wanty,,,",,",706,15445
7,RR,11 July 2025,Saint-Malo,Mûr-de-Bretagne (Guerlédan),197.0,2096,80,48.117,Sprint of small group,Rex Laurenz,https://www.procyclingstats.com/rider/laurenz-rex,1999-12-15,1999,Belgium,1.93,83.0,22.28,Marburg,108,finished,159,4080,45,Classic,25,BE,Intermarché - Wanty,,,",,",706,15445
7,RR,11 July 2025,Saint-Malo,Mûr-de-Bretagne (Guerlédan),197.0,2096,80,48.117,Sprint of small group,Merlier Tim,https://www.procyclingstats.com/rider/tim-merlier,1992-10-30,1992,Belgium,1.88,76.0,21.5,Wortegem-Petegem,109,finished,154,4021,24,Sprint,32,BE,Soudal Quick-Step,,,",,",706,15445
7,RR,11 July 2025,Saint-Malo,Mûr-de-Bretagne (Guerlédan),197.0,2096,80,48.117,Sprint of small group,Van Lerberghe Bert,https://www.procyclingstats.com/rider/bert-van-lerberghe,1992-09-29,1992,Belgium,1.9,83.0,22.99,Kortrijk,110,finished,155,4048,27,Classic,32,BE,Soudal Quick-Step,,,",,",706,15445
7,RR,11 July 2025,Saint-Malo,Mûr-de-Bretagne (Guerlédan),197.0,2096,80,48.117,Sprint of small group,Sivakov Pavel,https://www.procyclingstats.com/rider/pavel-sivakov,1997-07-11,1997,France,1.88,70.0,19.81,San Donà di Piave Previous nationalities Russia until 2022,111,finished,102,2635,5,GC,28,FR,UAE Team Emirates - XRG,,,",,",706,15445
7,RR,11 July 2025,Saint-Malo,Mûr-de-Bretagne (Guerlédan),197.0,2096,80,48.117,Sprint of small group,Louvel Matis,https://www.procyclingstats.com/rider/matis-louvel,1999-07-19,1999,France,1.87,77.0,22.02,Mont Saint Aignan,112,finished,107,2725,205,Classic,25,FR,Israel - Premier Tech,,,12:03,723,15462
7,RR,11 July 2025,Saint-Malo,Mûr-de-Bretagne (Guerlédan),197.0,2096,80,48.117,Sprint of small group,Neilands Krists,https://www.procyclingstats.com/rider/krists-neilands,1994-08-18,1994,Latvia,1.89,69.0,19.32,Kuldīga,113,finished,64,1685,207,Classic,30,LV,Israel - Premier Tech,,,",,",723,15462
7,RR,11 July 2025,Saint-Malo,Mûr-de-Bretagne (Guerlédan),197.0,2096,80,48.117,Sprint of small group,Lutsenko Alexey,https://www.procyclingstats.com/rider/aleksey-lutsenko,1992-09-07,1992,Kazakhstan,1.74,74.0,24.44,Petropavl,114,finished,62,1660,206,GC,32,KZ,Israel - Premier Tech,,,",,",723,15462
7,RR,11 July 2025,Saint-Malo,Mûr-de-Bretagne (Guerlédan),197.0,2096,80,48.117,Sprint of small group,Märkl Niklas,https://www.procyclingstats.com/rider/niklas-markl,1999-03-03,1999,Germany,1.85,70.0,20.45,Queidersbach,115,finished,128,3249,196,Sprint,26,DE,Team Picnic PostNL,,,12:24,744,15483
7,RR,11 July 2025,Saint-Malo,Mûr-de-Bretagne (Guerlédan),197.0,2096,80,48.117,Sprint of small group,Durbridge Luke,https://www.procyclingstats.com/rider/luke-durbridge,1991-04-09,1991,Australia,1.87,78.0,22.31,Greenmount,116,finished,156,4048,123,TT,34,AU,Team Jayco AlUla,,,12:55,775,15514
7,RR,11 July 2025,Saint-Malo,Mûr-de-Bretagne (Guerlédan),197.0,2096,80,48.117,Sprint of small group,Mezgec Luka,https://www.procyclingstats.com/rider/luka-mezgec,1988-06-27,1988,Slovenia,1.83,72.0,21.5,Kranj,117,finished,144,3835,125,Hills,37,SI,Team Jayco AlUla,,,13:13,793,15532
7,RR,11 July 2025,Saint-Malo,Mûr-de-Bretagne (Guerlédan),197.0,2096,80,48.117,Sprint of small group,Mohorič Matej,https://www.procyclingstats.com/rider/matej-mohoric,1994-10-19,1994,Slovenia,1.86,71.0,20.52,Kranj,118,finished,117,2888,56,Classic,30,SI,Bahrain - Victorious,,,",,",793,15532
7,RR,11 July 2025,Saint-Malo,Mûr-de-Bretagne (Guerlédan),197.0,2096,80,48.117,Sprint of small group,Stannard Robert,https://www.procyclingstats.com/rider/robert-stannard,1998-09-16,1998,Australia,1.79,74.0,23.1,Sydney Previous nationalities New Zealand until 2016,119,finished,91,2439,57,Hills,26,AU,Bahrain - Victorious,,,",,",793,15532
7,RR,11 July 2025,Saint-Malo,Mûr-de-Bretagne (Guerlédan),197.0,2096,80,48.117,Sprint of small group,Buitrago Santiago,https://www.procyclingstats.com/rider/santiago-buitrago-sanchez,1999-09-26,1999,Colombia,1.74,59.0,19.49,Bogotá,120,finished,38,1039,51,Climber,25,CO,Bahrain - Victorious,,,",,",793,15532
7,RR,11 July 2025,Saint-Malo,Mûr-de-Bretagne (Guerlédan),197.0,2096,80,48.117,Sprint of small group,Groenewegen Dylan,https://www.procyclingstats.com/rider/dylan-groenewegen,1993-06-21,1993,Netherlands,1.77,70.0,22.34,Amsterdam,121,finished,157,4071,124,Sprint,32,NL,Team Jayco AlUla,,,",,",793,15532
7,RR,11 July 2025,Saint-Malo,Mûr-de-Bretagne (Guerlédan),197.0,2096,80,48.117,Sprint of small group,Coquard Bryan,https://www.procyclingstats.com/rider/bryan-coquard,1992-04-25,1992,France,1.71,59.0,20.18,Saint-Nazaire,122,finished,108,2737,163,Sprint,33,FR,Cofidis,,,13:29,809,15548
7,RR,11 July 2025,Saint-Malo,Mûr-de-Bretagne (Guerlédan),197.0,2096,80,48.117,Sprint of small group,Turgis Anthony,https://www.procyclingstats.com/rider/anthony-turgis,1994-05-16,1994,France,1.78,70.0,22.09,Bourg-la-Reine,123,finished,123,3051,187,Classic,31,FR,TotalEnergies,,,13:49,829,15568
7,RR,11 July 2025,Saint-Malo,Mûr-de-Bretagne (Guerlédan),197.0,2096,80,48.117,Sprint of small group,Vercher Mattéo,https://www.procyclingstats.com/rider/matheo-vercher,2001-01-26,2001,France,1.71,,,Lyon,124,finished,176,4619,188,Hills,24,FR,TotalEnergies,,,",,",829,15568
7,RR,11 July 2025,Saint-Malo,Mûr-de-Bretagne (Guerlédan),197.0,2096,80,48.117,Sprint of small group,Politt Nils,https://www.procyclingstats.com/rider/nils-politt,1994-03-06,1994,Germany,1.92,80.0,21.7,Cologne,125,finished,124,3065,4,Classic,31,DE,UAE Team Emirates - XRG,,,",,",829,15568
7,RR,11 July 2025,Saint-Malo,Mûr-de-Bretagne (Guerlédan),197.0,2096,80,48.117,Sprint of small group,Ackermann Pascal,https://www.procyclingstats.com/rider/pascal-ackermann,1994-01-17,1994,Germany,1.8,78.0,24.07,Kandel,126,finished,132,3565,202,Sprint,31,DE,Israel - Premier Tech,,,14:05,845,15584
7,RR,11 July 2025,Saint-Malo,Mûr-de-Bretagne (Guerlédan),197.0,2096,80,48.117,Sprint of small group,Sepúlveda Eduardo,https://www.procyclingstats.com/rider/eduardo-sepulveda,1991-06-13,1991,Argentina,1.73,59.0,19.71,Rawson,127,finished,136,3621,216,GC,34,AR,Lotto,,,",,",845,15584
7,RR,11 July 2025,Saint-Malo,Mûr-de-Bretagne (Guerlédan),197.0,2096,80,48.117,Sprint of small group,Asgreen Kasper,https://www.procyclingstats.com/rider/kasper-asgreen,1995-02-08,1995,Denmark,1.93,75.0,20.13,Kolding,128,finished,82,2214,33,TT,30,DK,EF Education - EasyPost,,,",,",845,15584
7,RR,11 July 2025,Saint-Malo,Mûr-de-Bretagne (Guerlédan),197.0,2096,80,48.117,Sprint of small group,Renard Alexis,https://www.procyclingstats.com/rider/alexis-renard,1999-06-01,1999,France,1.86,74.0,21.39,Saint-Brieuc,129,finished,151,4007,165,Classic,26,FR,Cofidis,,,14:13,853,15592
7,RR,11 July 2025,Saint-Malo,Mûr-de-Bretagne (Guerlédan),197.0,2096,80,48.117,Sprint of small group,Boivin Guillaume,https://www.procyclingstats.com/rider/guillaume-boivin,1989-05-25,1989,Canada,1.8,78.0,24.07,Montreal,130,finished,161,4173,204,Classic,36,CA,Israel - Premier Tech,,,",,",853,15592
7,RR,11 July 2025,Saint-Malo,Mûr-de-Bretagne (Guerlédan),197.0,2096,80,48.117,Sprint of small group,Stewart Jake,https://www.procyclingstats.com/rider/jake-stewart,1999-10-02,1999,Great Britain,1.79,66.0,20.6,Coventry,131,finished,142,3808,208,Hills,25,GB,Israel - Premier Tech,,,",,",853,15592
7,RR,11 July 2025,Saint-Malo,Mûr-de-Bretagne (Guerlédan),197.0,2096,80,48.117,Sprint of small group,Tejada Harold,https://www.procyclingstats.com/rider/harold-tejada,1997-04-27,1997,Colombia,1.8,63.0,19.44,Pitalito,132,finished,88,2331,171,Climber,28,CO,XDS Astana Team,,,",,",853,15592
7,RR,11 July 2025,Saint-Malo,Mûr-de-Bretagne (Guerlédan),197.0,2096,80,48.117,Sprint of small group,Lienhard Fabian,https://www.procyclingstats.com/rider/fabian-lienhard,1993-09-03,1993,Switzerland,1.83,73.0,21.8,Steinmaur,133,finished,165,4216,115,Classic,31,CH,Tudor Pro Cycling Team,,,",,",853,15592
7,RR,11 July 2025,Saint-Malo,Mûr-de-Bretagne (Guerlédan),197.0,2096,80,48.117,Sprint of small group,Dillier Silvan,https://www.procyclingstats.com/rider/silvan-dillier,1990-08-03,1990,Switzerland,1.83,75.0,22.4,Aarau,134,finished,174,4561,102,Classic,34,CH,Alpecin - Deceuninck,,,",,",853,15592
7,RR,11 July 2025,Saint-Malo,Mûr-de-Bretagne (Guerlédan),197.0,2096,80,48.117,Sprint of small group,Schmid Mauro,https://www.procyclingstats.com/rider/mauro-schmid,1999-12-04,1999,Switzerland,1.87,70.0,20.02,Bülach,135,finished,86,2303,128,Hills,25,CH,Team Jayco AlUla,,,",,",853,15592
7,RR,11 July 2025,Saint-Malo,Mûr-de-Bretagne (Guerlédan),197.0,2096,80,48.117,Sprint of small group,Hirschi Marc,https://www.procyclingstats.com/rider/marc-hirschi,1998-08-24,1998,Switzerland,1.74,61.0,20.15,Bern,136,finished,81,2089,114,Classic,26,CH,Tudor Pro Cycling Team,,,",,",853,15592
7,RR,11 July 2025,Saint-Malo,Mûr-de-Bretagne (Guerlédan),197.0,2096,80,48.117,Sprint of small group,Blackmore Joseph,https://www.procyclingstats.com/rider/joseph-blackmore,2003-02-23,2003,Great Britain,1.81,66.0,20.15,Sidcup,137,finished,44,1270,203,GC,22,GB,Israel - Premier Tech,,,",,",853,15592
7,RR,11 July 2025,Saint-Malo,Mûr-de-Bretagne (Guerlédan),197.0,2096,80,48.117,Sprint of small group,Aranburu Alex,https://www.procyclingstats.com/rider/alex-aranburu,1995-09-19,1995,Spain,1.78,63.0,19.88,Ezkio-Itsaso,138,finished,67,1749,162,Classic,29,ES,Cofidis,,,",,",853,15592
7,RR,11 July 2025,Saint-Malo,Mûr-de-Bretagne (Guerlédan),197.0,2096,80,48.117,Sprint of small group,van Poppel Danny,https://www.procyclingstats.com/rider/danny-van-poppel,1993-07-26,1993,Netherlands,1.84,82.0,24.22,Moergestel,139,finished,133,3583,77,Sprint,31,NL,Red Bull - BORA - hansgrohe,,,",,",853,15592
7,RR,11 July 2025,Saint-Malo,Mûr-de-Bretagne (Guerlédan),197.0,2096,80,48.117,Sprint of small group,Wright Fred,https://www.procyclingstats.com/rider/alfred-wright,1999-06-13,1999,Great Britain,1.84,75.0,22.15,London,140,finished,109,2758,58,Hills,26,GB,Bahrain - Victorious,,,",,",853,15592
7,RR,11 July 2025,Saint-Malo,Mûr-de-Bretagne (Guerlédan),197.0,2096,80,48.117,Sprint of small group,Bauhaus Phil,https://www.procyclingstats.com/rider/phil-bauhaus,1994-07-08,1994,Germany,1.84,75.0,22.15,Bocholt,141,finished,166,4243,52,Sprint,31,DE,Bahrain - Victorious,,,",,",853,15592
7,RR,11 July 2025,Saint-Malo,Mûr-de-Bretagne (Guerlédan),197.0,2096,80,48.117,Sprint of small group,Gradek Kamil,https://www.procyclingstats.com/rider/kamil-gradek,1990-09-17,1990,Poland,1.94,83.0,22.05,Koziegłowy,142,finished,169,4365,53,TT,34,PL,Bahrain - Victorious,,,",,",853,15592
7,RR,11 July 2025,Saint-Malo,Mûr-de-Bretagne (Guerlédan),197.0,2096,80,48.117,Sprint of small group,Drizners Jarrad,https://www.procyclingstats.com/rider/jarrad-drizners,1999-05-31,1999,Australia,1.86,70.0,20.23,Adelaide,143,finished,162,4190,214,GC,26,AU,Lotto,,,",,",853,15592
7,RR,11 July 2025,Saint-Malo,Mûr-de-Bretagne (Guerlédan),197.0,2096,80,48.117,Sprint of small group,Plapp Luke,https://www.procyclingstats.com/rider/luke-plapp,2000-12-25,2000,Australia,1.81,72.0,21.98,Melbourne,144,finished,114,2866,126,GC,24,AU,Team Jayco AlUla,,,",,",853,15592
7,RR,11 July 2025,Saint-Malo,Mûr-de-Bretagne (Guerlédan),197.0,2096,80,48.117,Sprint of small group,Grignard Sébastien,https://www.procyclingstats.com/rider/sebastien-grignard,1999-04-29,1999,Belgium,1.79,68.0,21.22,Mons,145,finished,167,4303,215,Classic,26,BE,Lotto,,,",,",853,15592
7,RR,11 July 2025,Saint-Malo,Mûr-de-Bretagne (Guerlédan),197.0,2096,80,48.117,Sprint of small group,Van Eetvelt Lennert,https://www.procyclingstats.com/rider/lennert-van-eetvelt,2001-07-17,2001,Belgium,1.76,63.0,20.34,Binkom,146,finished,148,3981,217,Climber,23,BE,Lotto,,,",,",853,15592
7,RR,11 July 2025,Saint-Malo,Mûr-de-Bretagne (Guerlédan),197.0,2096,80,48.117,Sprint of small group,Démare Arnaud,https://www.procyclingstats.com/rider/arnaud-demare,1991-08-26,1991,France,1.81,76.0,23.2,Beauvais,147,finished,163,4190,134,Classic,33,FR,Arkéa - B&B Hotels,,,",,",853,15592
7,RR,11 July 2025,Saint-Malo,Mûr-de-Bretagne (Guerlédan),197.0,2096,80,48.117,Sprint of small group,van den Berg Marijn,https://www.procyclingstats.com/rider/marijn-van-den-berg,1999-07-19,1999,Netherlands,1.82,73.0,22.04,De Meern,148,finished,141,3788,38,Hills,25,NL,EF Education - EasyPost,,,",,",853,15592
7,RR,11 July 2025,Saint-Malo,Mûr-de-Bretagne (Guerlédan),197.0,2096,80,48.117,Sprint of small group,Castrillo Pablo,https://www.procyclingstats.com/rider/pablo-castrillo-zapater,2001-01-02,2001,Spain,1.83,74.0,22.1,Jaca,149,finished,122,3047,143,Climber,24,ES,Movistar Team,,,",,",853,15592
7,RR,11 July 2025,Saint-Malo,Mûr-de-Bretagne (Guerlédan),197.0,2096,80,48.117,Sprint of small group,Barta Will,https://www.procyclingstats.com/rider/william-barta,1996-01-04,1996,United States,1.8,61.0,18.83,Boise,150,finished,120,2976,142,TT,29,US,Movistar Team,,,",,",853,15592
7,RR,11 July 2025,Saint-Malo,Mûr-de-Bretagne (Guerlédan),197.0,2096,80,48.117,Sprint of small group,Storer Michael,https://www.procyclingstats.com/rider/michael-storer,1997-02-28,1997,Australia,1.77,63.0,20.11,Perth,151,finished,113,2860,117,Climber,28,AU,Tudor Pro Cycling Team,,,",,",853,15592
7,RR,11 July 2025,Saint-Malo,Mûr-de-Bretagne (Guerlédan),197.0,2096,80,48.117,Sprint of small group,Foss Tobias,https://www.procyclingstats.com/rider/tobias-foss,1997-05-25,1997,Norway,1.84,74.0,21.86,Vingrom,152,finished,74,1925,63,TT,28,NO,INEOS Grenadiers,,,14:29,869,15608
7,RR,11 July 2025,Saint-Malo,Mûr-de-Bretagne (Guerlédan),197.0,2096,80,48.117,Sprint of small group,Fedorov Yevgeniy,https://www.procyclingstats.com/rider/yevgeniy-fedorov,2000-02-16,2000,Kazakhstan,1.93,80.0,21.48,Aktobe,153,finished,177,4655,175,Classic,25,KZ,XDS Astana Team,,,",,",869,15608
7,RR,11 July 2025,Saint-Malo,Mûr-de-Bretagne (Guerlédan),197.0,2096,80,48.117,Sprint of small group,Martinez Lenny,https://www.procyclingstats.com/rider/lenny-martinez,2003-07-11,2003,France,1.68,52.0,18.42,Cannes,154,finished,126,3126,55,Climber,22,FR,Bahrain - Victorious,,,14:38,878,15617
7,RR,11 July 2025,Saint-Malo,Mûr-de-Bretagne (Guerlédan),197.0,2096,80,48.117,Sprint of small group,van Dijke Mick,https://www.procyclingstats.com/rider/mick-van-dijke,2000-03-15,2000,Netherlands,1.9,74.0,20.5,Goes,155,finished,160,4124,76,Classic,25,NL,Red Bull - BORA - hansgrohe,,,14:39,879,15618
7,RR,11 July 2025,Saint-Malo,Mûr-de-Bretagne (Guerlédan),197.0,2096,80,48.117,Sprint of small group,Bittner Pavel,https://www.procyclingstats.com/rider/pavel-bittner,2002-10-29,2002,Czech Republic,1.84,73.0,21.56,Olomouc,156,finished,145,3882,193,Sprint,22,CZ,Team Picnic PostNL,,,14:42,882,15621
7,RR,11 July 2025,Saint-Malo,Mûr-de-Bretagne (Guerlédan),197.0,2096,80,48.117,Sprint of small group,Braet Vito,https://www.procyclingstats.com/rider/vito-braet,2000-11-02,2000,Belgium,1.84,68.0,20.09,Hulste,157,finished,158,4072,43,Classic,24,BE,Intermarché - Wanty,,,",,",882,15621
7,RR,11 July 2025,Saint-Malo,Mûr-de-Bretagne (Guerlédan),197.0,2096,80,48.117,Sprint of small group,Naberman Tim,https://www.procyclingstats.com/rider/tim-naberman,1999-05-11,1999,Netherlands,1.87,70.0,20.02,Genemuiden,158,finished,134,3590,197,GC,26,NL,Team Picnic PostNL,,,14:56,896,15635
7,RR,11 July 2025,Saint-Malo,Mûr-de-Bretagne (Guerlédan),197.0,2096,80,48.117,Sprint of small group,Andresen Tobias Lund,https://www.procyclingstats.com/rider/tobias-lund-andresen,2002-08-20,2002,Denmark,1.81,69.0,21.06,Taastrup,159,finished,69,1806,195,Classic,22,DK,Team Picnic PostNL,,,",,",896,15635
7,RR,11 July 2025,Saint-Malo,Mûr-de-Bretagne (Guerlédan),197.0,2096,80,48.117,Sprint of small group,Bol Cees,https://www.procyclingstats.com/rider/cees-bol,1995-07-27,1995,Netherlands,1.94,83.0,22.05,Zaandam,160,finished,164,4212,173,Sprint,29,NL,XDS Astana Team,,,",,",896,15635
7,RR,11 July 2025,Saint-Malo,Mûr-de-Bretagne (Guerlédan),197.0,2096,80,48.117,Sprint of small group,Ballerini Davide,https://www.procyclingstats.com/rider/davide-ballerini,1994-09-21,1994,Italy,1.83,71.0,21.2,Cantù,161,finished,168,4327,172,Classic,30,IT,XDS Astana Team,,,",,",896,15635
7,RR,11 July 2025,Saint-Malo,Mûr-de-Bretagne (Guerlédan),197.0,2096,80,48.117,Sprint of small group,Watson Samuel,https://www.procyclingstats.com/rider/samuel-watson,2001-09-24,2001,Great Britain,1.88,68.0,19.24,Leeds,162,finished,135,3616,68,Hills,23,GB,INEOS Grenadiers,,,",,",896,15635
7,RR,11 July 2025,Saint-Malo,Mûr-de-Bretagne (Guerlédan),197.0,2096,80,48.117,Sprint of small group,Askey Lewis,https://www.procyclingstats.com/rider/lewis-askey,2001-05-04,2001,Great Britain,1.87,75.0,21.45,Cannock,163,finished,146,3921,92,Classic,24,GB,Groupama - FDJ,,,",,",896,15635
7,RR,11 July 2025,Saint-Malo,Mûr-de-Bretagne (Guerlédan),197.0,2096,80,48.117,Sprint of small group,Valgren Michael,https://www.procyclingstats.com/rider/michael-valgren-andersen,1992-02-07,1992,Denmark,1.79,71.0,22.16,Østerild,164,finished,92,2439,37,Classic,33,DK,EF Education - EasyPost,,,",,",896,15635
7,RR,11 July 2025,Saint-Malo,Mûr-de-Bretagne (Guerlédan),197.0,2096,80,48.117,Sprint of small group,Thomas Benjamin,https://www.procyclingstats.com/rider/benjamin-thomas-2,1995-09-12,1995,France,1.79,68.0,21.22,Lavaur,165,finished,127,3208,167,TT,29,FR,Cofidis,,,",,",896,15635
7,RR,11 July 2025,Saint-Malo,Mûr-de-Bretagne (Guerlédan),197.0,2096,80,48.117,Sprint of small group,Edvardsen-Fredheim Stian,https://www.procyclingstats.com/rider/stian-fredheim,2003-03-23,2003,Norway,1.84,72.0,21.27,Kristiansand,166,finished,147,3966,224,Sprint,22,NO,Uno-X Mobility,,,16:56,1016,15755
7,RR,11 July 2025,Saint-Malo,Mûr-de-Bretagne (Guerlédan),197.0,2096,80,48.117,Sprint of small group,Dainese Alberto,https://www.procyclingstats.com/rider/alberto-dainese,1998-03-25,1998,Italy,1.75,72.0,23.51,Abano Terme,167,finished,139,3742,112,Sprint,27,IT,Tudor Pro Cycling Team,,,",,",1016,15755
7,RR,11 July 2025,Saint-Malo,Mûr-de-Bretagne (Guerlédan),197.0,2096,80,48.117,Sprint of small group,van Sintmaartensdijk Roel,https://www.procyclingstats.com/rider/roel-van-sintmaartensdijk,2001-05-08,2001,Netherlands,1.97,77.0,19.84,Zuidland,168,finished,175,4594,47,GC,24,NL,Intermarché - Wanty,,,17:23,1043,15782
7,RR,11 July 2025,Saint-Malo,Mûr-de-Bretagne (Guerlédan),197.0,2096,80,48.117,Sprint of small group,Page Hugo,https://www.procyclingstats.com/rider/hugo-page,2001-07-24,2001,France,1.85,71.0,20.75,Chartres,169,finished,149,3987,44,Classic,23,FR,Intermarché - Wanty,,,",,",1043,15782
7,RR,11 July 2025,Saint-Malo,Mûr-de-Bretagne (Guerlédan),197.0,2096,80,48.117,Sprint of small group,Girmay Biniam,https://www.procyclingstats.com/rider/biniam-girmay,2000-04-02,2000,Eritrea,1.84,70.0,20.68,Asmara,170,finished,152,4014,41,Classic,25,ER,Intermarché - Wanty,,,",,",1043,15782
7,RR,11 July 2025,Saint-Malo,Mûr-de-Bretagne (Guerlédan),197.0,2096,80,48.117,Sprint of small group,Haller Marco,https://www.procyclingstats.com/rider/marco-haller,1991-04-01,1991,Austria,1.78,72.0,22.72,Sankt Veit an der Glan,171,finished,99,2594,113,Classic,34,AT,Tudor Pro Cycling Team,,,",,",1043,15782
7,RR,11 July 2025,Saint-Malo,Mûr-de-Bretagne (Guerlédan),197.0,2096,80,48.117,Sprint of small group,Wærenskjold Søren,https://www.procyclingstats.com/rider/soren-waerenskjold,2000-03-12,2000,Norway,1.95,92.0,24.19,Mandal,172,finished,143,3814,228,Classic,25,NO,Uno-X Mobility,,,",,",1043,15782
7,RR,11 July 2025,Saint-Malo,Mûr-de-Bretagne (Guerlédan),197.0,2096,80,48.117,Sprint of small group,Meeus Jordi,https://www.procyclingstats.com/rider/jordi-meeus,1998-07-01,1998,Belgium,1.9,80.0,22.16,Lommel,173,finished,172,4519,73,Classic,27,BE,Red Bull - BORA - hansgrohe,,,",,",1043,15782
7,RR,11 July 2025,Saint-Malo,Mûr-de-Bretagne (Guerlédan),197.0,2096,80,48.117,Sprint of small group,Milan Jonathan,https://www.procyclingstats.com/rider/jonathan-milan,2000-10-01,2000,Italy,1.94,84.0,22.32,Tolmezzo,174,finished,153,4016,81,Sprint,24,IT,Lidl - Trek,,,",,",1043,15782
7,RR,11 July 2025,Saint-Malo,Mûr-de-Bretagne (Guerlédan),197.0,2096,80,48.117,Sprint of small group,De Lie Arnaud,https://www.procyclingstats.com/rider/arnaud-de-lie,2002-03-16,2002,Belgium,1.82,78.0,23.55,Libramont,175,finished,171,4500,211,Classic,23,BE,Lotto,,,17:34,1054,15793
7,RR,11 July 2025,Saint-Malo,Mûr-de-Bretagne (Guerlédan),197.0,2096,80,48.117,Sprint of small group,Consonni Simone,https://www.procyclingstats.com/rider/simone-consonni,1994-09-12,1994,Italy,1.65,60.0,22.04,Ponte San Pietro,176,finished,170,4407,82,Classic,30,IT,Lidl - Trek,,,17:40,1060,15799
7,RR,11 July 2025,Saint-Malo,Mûr-de-Bretagne (Guerlédan),197.0,2096,80,48.117,Sprint of small group,Theuns Edward,https://www.procyclingstats.com/rider/edward-theuns,1991-04-30,1991,Belgium,1.83,72.0,21.5,Ghent,177,finished,173,4535,88,Classic,34,BE,Lidl - Trek,,,",,",1060,15799
7,RR,11 July 2025,Saint-Malo,Mûr-de-Bretagne (Guerlédan),197.0,2096,80,48.117,Sprint of small group,Cattaneo Mattia,https://www.procyclingstats.com/rider/mattia-cattaneo,1990-10-25,1990,Italy,1.84,67.0,19.79,Alzano Lombardo,,DNF,,,22,TT,34,IT,Soudal Quick-Step,,,,,
7,RR,11 July 2025,Saint-Malo,Mûr-de-Bretagne (Guerlédan),197.0,2096,80,48.117,Sprint of small group,Haig Jack,https://www.procyclingstats.com/rider/jack-haig,1993-09-06,1993,Australia,1.9,67.0,18.56,Southport,,DNF,,,54,GC,31,AU,Bahrain - Victorious,,,,,
8,RR,12 July 2025,Saint-Méen-le-Grand,Laval (Espace Mayenne),171.4,1257,10,44.629,Sprint of large group,Milan Jonathan,https://www.procyclingstats.com/rider/jonathan-milan,2000-10-01,2000,Italy,1.94,84.0,22.32,Tolmezzo,1,finished,149,4016,81,Sprint,24,IT,Lidl - Trek,210.0,100.0,3:50:26,0,13826
8,RR,12 July 2025,Saint-Méen-le-Grand,Laval (Espace Mayenne),171.4,1257,10,44.629,Sprint of large group,van Aert Wout,https://www.procyclingstats.com/rider/wout-van-aert,1994-09-15,1994,Belgium,1.9,78.0,21.61,Herentals,2,finished,53,1590,17,Classic,30,BE,Team Visma | Lease a Bike,150.0,70.0,",,",0,13826
8,RR,12 July 2025,Saint-Méen-le-Grand,Laval (Espace Mayenne),171.4,1257,10,44.629,Sprint of large group,Groves Kaden,https://www.procyclingstats.com/rider/kaden-groves,1998-12-23,1998,Australia,1.76,76.0,24.54,Gympie,3,finished,103,2785,103,Hills,26,AU,Alpecin - Deceuninck,110.0,50.0,",,",0,13826
8,RR,12 July 2025,Saint-Méen-le-Grand,Laval (Espace Mayenne),171.4,1257,10,44.629,Sprint of large group,Ackermann Pascal,https://www.procyclingstats.com/rider/pascal-ackermann,1994-01-17,1994,Germany,1.8,78.0,24.07,Kandel,4,finished,128,3565,202,Sprint,31,DE,Israel - Premier Tech,90.0,40.0,",,",0,13826
8,RR,12 July 2025,Saint-Méen-le-Grand,Laval (Espace Mayenne),171.4,1257,10,44.629,Sprint of large group,De Lie Arnaud,https://www.procyclingstats.com/rider/arnaud-de-lie,2002-03-16,2002,Belgium,1.82,78.0,23.55,Libramont,5,finished,168,4500,211,Classic,23,BE,Lotto,70.0,32.0,",,",0,13826
8,RR,12 July 2025,Saint-Méen-le-Grand,Laval (Espace Mayenne),171.4,1257,10,44.629,Sprint of large group,Andresen Tobias Lund,https://www.procyclingstats.com/rider/tobias-lund-andresen,2002-08-20,2002,Denmark,1.81,69.0,21.06,Taastrup,6,finished,62,1806,195,Classic,22,DK,Team Picnic PostNL,55.0,26.0,",,",0,13826
8,RR,12 July 2025,Saint-Méen-le-Grand,Laval (Espace Mayenne),171.4,1257,10,44.629,Sprint of large group,Coquard Bryan,https://www.procyclingstats.com/rider/bryan-coquard,1992-04-25,1992,France,1.71,59.0,20.18,Saint-Nazaire,7,finished,97,2737,163,Sprint,33,FR,Cofidis,45.0,22.0,",,",0,13826
8,RR,12 July 2025,Saint-Méen-le-Grand,Laval (Espace Mayenne),171.4,1257,10,44.629,Sprint of large group,Dainese Alberto,https://www.procyclingstats.com/rider/alberto-dainese,1998-03-25,1998,Italy,1.75,72.0,23.51,Abano Terme,8,finished,137,3742,112,Sprint,27,IT,Tudor Pro Cycling Team,40.0,18.0,",,",0,13826
8,RR,12 July 2025,Saint-Méen-le-Grand,Laval (Espace Mayenne),171.4,1257,10,44.629,Sprint of large group,Albanese Vincenzo,https://www.procyclingstats.com/rider/vincenzo-albanese,1996-11-12,1996,Italy,1.75,70.0,22.86,Oliveto Citra,9,finished,112,3028,32,Hills,28,IT,EF Education - EasyPost,35.0,14.0,",,",0,13826
8,RR,12 July 2025,Saint-Méen-le-Grand,Laval (Espace Mayenne),171.4,1257,10,44.629,Sprint of large group,Edvardsen-Fredheim Stian,https://www.procyclingstats.com/rider/stian-fredheim,2003-03-23,2003,Norway,1.84,72.0,21.27,Kristiansand,10,finished,146,3966,224,Sprint,22,NO,Uno-X Mobility,30.0,10.0,",,",0,13826
8,RR,12 July 2025,Saint-Méen-le-Grand,Laval (Espace Mayenne),171.4,1257,10,44.629,Sprint of large group,van Poppel Danny,https://www.procyclingstats.com/rider/danny-van-poppel,1993-07-26,1993,Netherlands,1.84,82.0,24.22,Moergestel,11,finished,129,3583,77,Sprint,31,NL,Red Bull - BORA - hansgrohe,25.0,8.0,",,",0,13826
8,RR,12 July 2025,Saint-Méen-le-Grand,Laval (Espace Mayenne),171.4,1257,10,44.629,Sprint of large group,Bauhaus Phil,https://www.procyclingstats.com/rider/phil-bauhaus,1994-07-08,1994,Germany,1.84,75.0,22.15,Bocholt,12,finished,160,4243,52,Sprint,31,DE,Bahrain - Victorious,20.0,6.0,",,",0,13826
8,RR,12 July 2025,Saint-Méen-le-Grand,Laval (Espace Mayenne),171.4,1257,10,44.629,Sprint of large group,Askey Lewis,https://www.procyclingstats.com/rider/lewis-askey,2001-05-04,2001,Great Britain,1.87,75.0,21.45,Cannock,13,finished,145,3921,92,Classic,24,GB,Groupama - FDJ,15.0,4.0,",,",0,13826
8,RR,12 July 2025,Saint-Méen-le-Grand,Laval (Espace Mayenne),171.4,1257,10,44.629,Sprint of large group,Tronchon Bastien,https://www.procyclingstats.com/rider/bastien-tronchon,2002-03-29,2002,France,1.85,72.0,21.04,Chambéry,14,finished,66,1836,158,Classic,23,FR,Decathlon AG2R La Mondiale Team,10.0,2.0,",,",0,13826
8,RR,12 July 2025,Saint-Méen-le-Grand,Laval (Espace Mayenne),171.4,1257,10,44.629,Sprint of large group,Watson Samuel,https://www.procyclingstats.com/rider/samuel-watson,2001-09-24,2001,Great Britain,1.88,68.0,19.24,Leeds,15,finished,131,3616,68,Hills,23,GB,INEOS Grenadiers,5.0,1.0,",,",0,13826
8,RR,12 July 2025,Saint-Méen-le-Grand,Laval (Espace Mayenne),171.4,1257,10,44.629,Sprint of large group,Groenewegen Dylan,https://www.procyclingstats.com/rider/dylan-groenewegen,1993-06-21,1993,Netherlands,1.77,70.0,22.34,Amsterdam,16,finished,152,4071,124,Sprint,32,NL,Team Jayco AlUla,,,",,",0,13826
8,RR,12 July 2025,Saint-Méen-le-Grand,Laval (Espace Mayenne),171.4,1257,10,44.629,Sprint of large group,Turgis Anthony,https://www.procyclingstats.com/rider/anthony-turgis,1994-05-16,1994,France,1.78,70.0,22.09,Bourg-la-Reine,17,finished,116,3051,187,Classic,31,FR,TotalEnergies,,,",,",0,13826
8,RR,12 July 2025,Saint-Méen-le-Grand,Laval (Espace Mayenne),171.4,1257,10,44.629,Sprint of large group,Bol Cees,https://www.procyclingstats.com/rider/cees-bol,1995-07-27,1995,Netherlands,1.94,83.0,22.05,Zaandam,18,finished,158,4212,173,Sprint,29,NL,XDS Astana Team,,,",,",0,13826
8,RR,12 July 2025,Saint-Méen-le-Grand,Laval (Espace Mayenne),171.4,1257,10,44.629,Sprint of large group,Girmay Biniam,https://www.procyclingstats.com/rider/biniam-girmay,2000-04-02,2000,Eritrea,1.84,70.0,20.68,Asmara,19,finished,148,4014,41,Classic,25,ER,Intermarché - Wanty,,,",,",0,13826
8,RR,12 July 2025,Saint-Méen-le-Grand,Laval (Espace Mayenne),171.4,1257,10,44.629,Sprint of large group,Démare Arnaud,https://www.procyclingstats.com/rider/arnaud-demare,1991-08-26,1991,France,1.81,76.0,23.2,Beauvais,20,finished,156,4190,134,Classic,33,FR,Arkéa - B&B Hotels,,,",,",0,13826
8,RR,12 July 2025,Saint-Méen-le-Grand,Laval (Espace Mayenne),171.4,1257,10,44.629,Sprint of large group,van der Poel Mathieu,https://www.procyclingstats.com/rider/mathieu-van-der-poel,1995-01-19,1995,Netherlands,1.84,75.0,22.15,Kapellen,21,finished,5,89,106,Classic,30,NL,Alpecin - Deceuninck,,,",,",0,13826
8,RR,12 July 2025,Saint-Méen-le-Grand,Laval (Espace Mayenne),171.4,1257,10,44.629,Sprint of large group,Renard Alexis,https://www.procyclingstats.com/rider/alexis-renard,1999-06-01,1999,France,1.86,74.0,21.39,Saint-Brieuc,22,finished,147,4007,165,Classic,26,FR,Cofidis,,,",,",0,13826
8,RR,12 July 2025,Saint-Méen-le-Grand,Laval (Espace Mayenne),171.4,1257,10,44.629,Sprint of large group,Vauquelin Kévin,https://www.procyclingstats.com/rider/kevin-vauquelin,2001-04-26,2001,France,1.76,69.0,22.28,Bayeux,23,finished,3,71,131,GC,24,FR,Arkéa - B&B Hotels,,,",,",0,13826
8,RR,12 July 2025,Saint-Méen-le-Grand,Laval (Espace Mayenne),171.4,1257,10,44.629,Sprint of large group,Fedorov Yevgeniy,https://www.procyclingstats.com/rider/yevgeniy-fedorov,2000-02-16,2000,Kazakhstan,1.93,80.0,21.48,Aktobe,24,finished,173,4655,175,Classic,25,KZ,XDS Astana Team,,,",,",0,13826
8,RR,12 July 2025,Saint-Méen-le-Grand,Laval (Espace Mayenne),171.4,1257,10,44.629,Sprint of large group,Johannessen Tobias Halland,https://www.procyclingstats.com/rider/tobias-halland-johannessen,1999-08-23,1999,Norway,1.76,62.0,20.02,Drøbak,25,finished,12,268,221,Climber,25,NO,Uno-X Mobility,,,",,",0,13826
8,RR,12 July 2025,Saint-Méen-le-Grand,Laval (Espace Mayenne),171.4,1257,10,44.629,Sprint of large group,Buchmann Emanuel,https://www.procyclingstats.com/rider/emanuel-buchmann,1992-11-18,1992,Germany,1.8,59.0,18.21,Ravensburg,26,finished,21,515,161,GC,32,DE,Cofidis,,,",,",0,13826
8,RR,12 July 2025,Saint-Méen-le-Grand,Laval (Espace Mayenne),171.4,1257,10,44.629,Sprint of large group,Martin Guillaume,https://www.procyclingstats.com/rider/guillaume-martin,1993-06-09,1993,France,1.73,55.0,18.38,Paris,27,finished,19,493,91,Climber,32,FR,Groupama - FDJ,,,",,",0,13826
8,RR,12 July 2025,Saint-Méen-le-Grand,Laval (Espace Mayenne),171.4,1257,10,44.629,Sprint of large group,Healy Ben,https://www.procyclingstats.com/rider/ben-healy,2000-09-11,2000,Ireland,1.75,62.0,20.24,Kingswinford Previous nationalities Great Britain until 2016,28,finished,11,235,31,Climber,24,IE,EF Education - EasyPost,,,",,",0,13826
8,RR,12 July 2025,Saint-Méen-le-Grand,Laval (Espace Mayenne),171.4,1257,10,44.629,Sprint of large group,Evenepoel Remco,https://www.procyclingstats.com/rider/remco-evenepoel,2000-01-25,2000,Belgium,1.71,63.0,21.55,Aalst,29,finished,2,54,21,Climber,25,BE,Soudal Quick-Step,,,",,",0,13826
8,RR,12 July 2025,Saint-Méen-le-Grand,Laval (Espace Mayenne),171.4,1257,10,44.629,Sprint of large group,Paret-Peintre Aurélien,https://www.procyclingstats.com/rider/aurelien-paret-peintre,1996-02-27,1996,France,1.84,64.0,18.9,Annemasse,30,finished,17,443,156,GC,29,FR,Decathlon AG2R La Mondiale Team,,,",,",0,13826
8,RR,12 July 2025,Saint-Méen-le-Grand,Laval (Espace Mayenne),171.4,1257,10,44.629,Sprint of large group,Berthet Clément,https://www.procyclingstats.com/rider/clement-berthet,1997-08-02,1997,France,1.84,68.0,20.09,Pierre Bénite,31,finished,38,1149,153,Climber,27,FR,Decathlon AG2R La Mondiale Team,,,",,",0,13826
8,RR,12 July 2025,Saint-Méen-le-Grand,Laval (Espace Mayenne),171.4,1257,10,44.629,Sprint of large group,Wellens Tim,https://www.procyclingstats.com/rider/tim-wellens,1991-05-10,1991,Belgium,1.82,71.0,21.43,Sint-Truiden,32,finished,32,1031,7,GC,34,BE,UAE Team Emirates - XRG,,,",,",0,13826
8,RR,12 July 2025,Saint-Méen-le-Grand,Laval (Espace Mayenne),171.4,1257,10,44.629,Sprint of large group,Mas Enric,https://www.procyclingstats.com/rider/enric-mas,1995-01-07,1995,Spain,1.77,61.0,19.47,Artà,33,finished,13,275,141,Climber,30,ES,Movistar Team,,,",,",0,13826
8,RR,12 July 2025,Saint-Méen-le-Grand,Laval (Espace Mayenne),171.4,1257,10,44.629,Sprint of large group,Narváez Jhonatan,https://www.procyclingstats.com/rider/jhonatan-narvaez,1997-03-04,1997,Ecuador,1.74,65.0,21.47,El Playón de San Francisco,34,finished,18,491,3,Hills,28,EC,UAE Team Emirates - XRG,,,",,",0,13826
8,RR,12 July 2025,Saint-Méen-le-Grand,Laval (Espace Mayenne),171.4,1257,10,44.629,Sprint of large group,Jegat Jordan,https://www.procyclingstats.com/rider/jordan-jegat,1999-06-07,1999,France,1.76,59.0,19.05,Vannes,35,finished,16,339,186,Climber,26,FR,TotalEnergies,,,",,",0,13826
8,RR,12 July 2025,Saint-Méen-le-Grand,Laval (Espace Mayenne),171.4,1257,10,44.629,Sprint of large group,Onley Oscar,https://www.procyclingstats.com/rider/oscar-onley,2002-10-13,2002,Great Britain,1.73,62.0,20.72,Kelso,36,finished,7,169,191,GC,22,GB,Team Picnic PostNL,,,",,",0,13826
8,RR,12 July 2025,Saint-Méen-le-Grand,Laval (Espace Mayenne),171.4,1257,10,44.629,Sprint of large group,Skjelmose Mattias,https://www.procyclingstats.com/rider/mattias-skjelmose-jensen,2000-09-26,2000,Denmark,1.8,65.0,20.06,Copenhagen,37,finished,10,223,85,Climber,24,DK,Lidl - Trek,,,",,",0,13826
8,RR,12 July 2025,Saint-Méen-le-Grand,Laval (Espace Mayenne),171.4,1257,10,44.629,Sprint of large group,Vingegaard Jonas,https://www.procyclingstats.com/rider/jonas-vingegaard,1996-12-10,1996,Denmark,1.75,58.0,18.94,Hillerslev,38,finished,4,77,11,GC,28,DK,Team Visma | Lease a Bike,,,",,",0,13826
8,RR,12 July 2025,Saint-Méen-le-Grand,Laval (Espace Mayenne),171.4,1257,10,44.629,Sprint of large group,Jorgenson Matteo,https://www.procyclingstats.com/rider/matteo-jorgenson,1999-07-01,1999,United States,1.9,69.0,19.11,Walnut Creek,39,finished,6,94,15,GC,26,US,Team Visma | Lease a Bike,,,",,",0,13826
8,RR,12 July 2025,Saint-Méen-le-Grand,Laval (Espace Mayenne),171.4,1257,10,44.629,Sprint of large group,Rodríguez Carlos,https://www.procyclingstats.com/rider/carlos-rodriguez-cano,2001-02-02,2001,Spain,1.83,67.0,20.01,Almuñécar,40,finished,15,291,66,GC,24,ES,INEOS Grenadiers,,,",,",0,13826
8,RR,12 July 2025,Saint-Méen-le-Grand,Laval (Espace Mayenne),171.4,1257,10,44.629,Sprint of large group,Barthe Cyril,https://www.procyclingstats.com/rider/cyril-barthe,1996-02-14,1996,France,1.84,70.0,20.68,Sauveterre-de-Béarn,41,finished,73,2070,93,Hills,29,FR,Groupama - FDJ,,,",,",0,13826
8,RR,12 July 2025,Saint-Méen-le-Grand,Laval (Espace Mayenne),171.4,1257,10,44.629,Sprint of large group,Pogačar Tadej,https://www.procyclingstats.com/rider/tadej-pogacar,1998-09-21,1998,Slovenia,1.76,66.0,21.31,Klanec,42,finished,1,0,1,Climber,26,SI,UAE Team Emirates - XRG,,,",,",0,13826
8,RR,12 July 2025,Saint-Méen-le-Grand,Laval (Espace Mayenne),171.4,1257,10,44.629,Sprint of large group,Lipowitz Florian,https://www.procyclingstats.com/rider/florian-lipowitz,2000-09-21,2000,Germany,1.81,68.0,20.76,Laichingen,43,finished,8,182,72,GC,24,DE,Red Bull - BORA - hansgrohe,,,",,",0,13826
8,RR,12 July 2025,Saint-Méen-le-Grand,Laval (Espace Mayenne),171.4,1257,10,44.629,Sprint of large group,Stewart Jake,https://www.procyclingstats.com/rider/jake-stewart,1999-10-02,1999,Great Britain,1.79,66.0,20.6,Coventry,44,finished,139,3808,208,Hills,25,GB,Israel - Premier Tech,,,",,",0,13826
8,RR,12 July 2025,Saint-Méen-le-Grand,Laval (Espace Mayenne),171.4,1257,10,44.629,Sprint of large group,Rodríguez Cristián,https://www.procyclingstats.com/rider/cristian-rodriguez,1995-03-03,1995,Spain,1.78,59.0,18.62,El Ejido,45,finished,25,652,137,GC,30,ES,Arkéa - B&B Hotels,,,",,",0,13826
8,RR,12 July 2025,Saint-Méen-le-Grand,Laval (Espace Mayenne),171.4,1257,10,44.629,Sprint of large group,Pithie Laurence,https://www.procyclingstats.com/rider/laurence-pithie,2002-07-17,2002,New Zealand,1.85,74.0,21.62,Christchurch,46,finished,85,2462,75,Classic,22,NZ,Red Bull - BORA - hansgrohe,,,",,",0,13826
8,RR,12 July 2025,Saint-Méen-le-Grand,Laval (Espace Mayenne),171.4,1257,10,44.629,Sprint of large group,Roglič Primož,https://www.procyclingstats.com/rider/primoz-roglic,1989-10-29,1989,Slovenia,1.77,65.0,20.75,Trbovlje,47,finished,9,186,71,Climber,35,SI,Red Bull - BORA - hansgrohe,,,",,",0,13826
8,RR,12 July 2025,Saint-Méen-le-Grand,Laval (Espace Mayenne),171.4,1257,10,44.629,Sprint of large group,Van Wilder Ilan,https://www.procyclingstats.com/rider/ilan-van-wilder,2000-05-14,2000,Belgium,1.71,64.0,21.89,Jette,48,finished,44,1383,28,GC,25,BE,Soudal Quick-Step,,,",,",0,13826
8,RR,12 July 2025,Saint-Méen-le-Grand,Laval (Espace Mayenne),171.4,1257,10,44.629,Sprint of large group,Campenaerts Victor,https://www.procyclingstats.com/rider/victor-campenaerts,1991-10-28,1991,Belgium,1.73,68.0,22.72,Hoboken,49,finished,63,1809,14,TT,33,BE,Team Visma | Lease a Bike,,,",,",0,13826
8,RR,12 July 2025,Saint-Méen-le-Grand,Laval (Espace Mayenne),171.4,1257,10,44.629,Sprint of large group,Gall Felix,https://www.procyclingstats.com/rider/felix-gall,1998-02-27,1998,Austria,1.8,66.0,20.37,Nußdorf-Debant,50,finished,14,289,151,Climber,27,AT,Decathlon AG2R La Mondiale Team,,,",,",0,13826
8,RR,12 July 2025,Saint-Méen-le-Grand,Laval (Espace Mayenne),171.4,1257,10,44.629,Sprint of large group,Velasco Simone,https://www.procyclingstats.com/rider/simone-velasco,1995-12-02,1995,Italy,1.7,59.0,20.42,Bologna,51,finished,50,1466,178,Classic,29,IT,XDS Astana Team,,,",,",0,13826
8,RR,12 July 2025,Saint-Méen-le-Grand,Laval (Espace Mayenne),171.4,1257,10,44.629,Sprint of large group,Gachignard Thomas,https://www.procyclingstats.com/rider/thomas-gachignard,2000-08-17,2000,France,,,,Niort,52,finished,70,1953,184,GC,24,FR,TotalEnergies,,,0:15,15,13841
8,RR,12 July 2025,Saint-Méen-le-Grand,Laval (Espace Mayenne),171.4,1257,10,44.629,Sprint of large group,Naesen Oliver,https://www.procyclingstats.com/rider/oliver-naesen,1990-09-16,1990,Belgium,1.84,74.0,21.86,Oostende,53,finished,59,1728,155,Classic,34,BE,Decathlon AG2R La Mondiale Team,,,",,",15,13841
8,RR,12 July 2025,Saint-Méen-le-Grand,Laval (Espace Mayenne),171.4,1257,10,44.629,Sprint of large group,Teunissen Mike,https://www.procyclingstats.com/rider/mike-teunissen,1992-08-25,1992,Netherlands,1.84,73.0,21.56,Ysselsteyn,54,finished,110,2895,177,Classic,32,NL,XDS Astana Team,,,",,",15,13841
8,RR,12 July 2025,Saint-Méen-le-Grand,Laval (Espace Mayenne),171.4,1257,10,44.629,Sprint of large group,O'Connor Ben,https://www.procyclingstats.com/rider/ben-o-connor,1995-11-25,1995,Australia,1.88,67.0,18.96,Subiaco,55,finished,20,505,121,GC,29,AU,Team Jayco AlUla,,,",,",15,13841
8,RR,12 July 2025,Saint-Méen-le-Grand,Laval (Espace Mayenne),171.4,1257,10,44.629,Sprint of large group,Merlier Tim,https://www.procyclingstats.com/rider/tim-merlier,1992-10-30,1992,Belgium,1.88,76.0,21.5,Wortegem-Petegem,56,finished,150,4044,24,Sprint,32,BE,Soudal Quick-Step,,,0:23,23,13849
8,RR,12 July 2025,Saint-Méen-le-Grand,Laval (Espace Mayenne),171.4,1257,10,44.629,Sprint of large group,Berckmoes Jenno,https://www.procyclingstats.com/rider/jenno-berckmoes,2001-02-04,2001,Belgium,1.77,61.0,19.47,Ghent,57,finished,26,683,212,Classic,24,BE,Lotto,,,",,",23,13849
8,RR,12 July 2025,Saint-Méen-le-Grand,Laval (Espace Mayenne),171.4,1257,10,44.629,Sprint of large group,van den Berg Marijn,https://www.procyclingstats.com/rider/marijn-van-den-berg,1999-07-19,1999,Netherlands,1.82,73.0,22.04,De Meern,58,finished,140,3811,38,Hills,25,NL,EF Education - EasyPost,,,",,",23,13849
8,RR,12 July 2025,Saint-Méen-le-Grand,Laval (Espace Mayenne),171.4,1257,10,44.629,Sprint of large group,Bittner Pavel,https://www.procyclingstats.com/rider/pavel-bittner,2002-10-29,2002,Czech Republic,1.84,73.0,21.56,Olomouc,59,finished,144,3915,193,Sprint,22,CZ,Team Picnic PostNL,,,0:33,33,13859
8,RR,12 July 2025,Saint-Méen-le-Grand,Laval (Espace Mayenne),171.4,1257,10,44.629,Sprint of large group,Venturini Clément,https://www.procyclingstats.com/rider/clement-venturini,1993-10-16,1993,France,1.65,60.0,22.04,Villeurbanne,60,finished,39,1174,138,Classic,31,FR,Arkéa - B&B Hotels,,,",,",33,13859
8,RR,12 July 2025,Saint-Méen-le-Grand,Laval (Espace Mayenne),171.4,1257,10,44.629,Sprint of large group,Moscon Gianni,https://www.procyclingstats.com/rider/gianni-moscon,1994-04-20,1994,Italy,1.8,71.0,21.91,Trento,61,finished,81,2267,74,Classic,31,IT,Red Bull - BORA - hansgrohe,,,",,",33,13859
8,RR,12 July 2025,Saint-Méen-le-Grand,Laval (Espace Mayenne),171.4,1257,10,44.629,Sprint of large group,Laurance Axel,https://www.procyclingstats.com/rider/axel-laurance,2001-04-13,2001,France,1.79,63.0,19.66,Calan,62,finished,40,1178,65,Hills,24,FR,INEOS Grenadiers,,,0:41,41,13867
8,RR,12 July 2025,Saint-Méen-le-Grand,Laval (Espace Mayenne),171.4,1257,10,44.629,Sprint of large group,Pacher Quentin,https://www.procyclingstats.com/rider/quentin-pacher,1992-01-06,1992,France,1.79,62.0,19.35,Libourne,63,finished,29,989,96,Hills,33,FR,Groupama - FDJ,,,",,",41,13867
8,RR,12 July 2025,Saint-Méen-le-Grand,Laval (Espace Mayenne),171.4,1257,10,44.629,Sprint of large group,Powless Neilson,https://www.procyclingstats.com/rider/neilson-powless,1996-09-03,1996,United States,1.83,67.0,20.01,Eglin,64,finished,30,1018,35,Classic,28,US,EF Education - EasyPost,,,",,",41,13867
8,RR,12 July 2025,Saint-Méen-le-Grand,Laval (Espace Mayenne),171.4,1257,10,44.629,Sprint of large group,Eenkhoorn Pascal,https://www.procyclingstats.com/rider/pascal-eenkhoorn,1997-02-08,1997,Netherlands,1.85,72.0,21.04,Zwolle,65,finished,41,1268,23,Classic,28,NL,Soudal Quick-Step,,,",,",41,13867
8,RR,12 July 2025,Saint-Méen-le-Grand,Laval (Espace Mayenne),171.4,1257,10,44.629,Sprint of large group,Politt Nils,https://www.procyclingstats.com/rider/nils-politt,1994-03-06,1994,Germany,1.92,80.0,21.7,Cologne,66,finished,117,3106,4,Classic,31,DE,UAE Team Emirates - XRG,,,",,",41,13867
8,RR,12 July 2025,Saint-Méen-le-Grand,Laval (Espace Mayenne),171.4,1257,10,44.629,Sprint of large group,Stuyven Jasper,https://www.procyclingstats.com/rider/jasper-stuyven,1992-04-17,1992,Belgium,1.87,80.0,22.88,Leuven,67,finished,57,1718,87,Classic,33,BE,Lidl - Trek,,,",,",41,13867
8,RR,12 July 2025,Saint-Méen-le-Grand,Laval (Espace Mayenne),171.4,1257,10,44.629,Sprint of large group,Hoelgaard Markus,https://www.procyclingstats.com/rider/markus-hoelgaard,1994-10-04,1994,Norway,1.88,74.0,20.94,Stavanger,68,finished,43,1346,225,Classic,30,NO,Uno-X Mobility,,,0:48,48,13874
8,RR,12 July 2025,Saint-Méen-le-Grand,Laval (Espace Mayenne),171.4,1257,10,44.629,Sprint of large group,Märkl Niklas,https://www.procyclingstats.com/rider/niklas-markl,1999-03-03,1999,Germany,1.85,70.0,20.45,Queidersbach,69,finished,122,3302,196,Sprint,26,DE,Team Picnic PostNL,,,0:53,53,13879
8,RR,12 July 2025,Saint-Méen-le-Grand,Laval (Espace Mayenne),171.4,1257,10,44.629,Sprint of large group,Barguil Warren,https://www.procyclingstats.com/rider/warren-barguil,1991-10-28,1991,France,1.83,61.0,18.21,Hennebont,70,finished,31,1021,192,Climber,33,FR,Team Picnic PostNL,,,",,",53,13879
8,RR,12 July 2025,Saint-Méen-le-Grand,Laval (Espace Mayenne),171.4,1257,10,44.629,Sprint of large group,Madouas Valentin,https://www.procyclingstats.com/rider/valentin-madouas,1996-07-12,1996,France,1.79,71.0,22.16,Brest,71,finished,23,628,95,Classic,29,FR,Groupama - FDJ,,,",,",53,13879
8,RR,12 July 2025,Saint-Méen-le-Grand,Laval (Espace Mayenne),171.4,1257,10,44.629,Sprint of large group,Arensman Thymen,https://www.procyclingstats.com/rider/thymen-arensman,1999-12-04,1999,Netherlands,1.9,68.0,18.84,Deil,72,finished,52,1543,62,GC,25,NL,INEOS Grenadiers,,,",,",53,13879
8,RR,12 July 2025,Saint-Méen-le-Grand,Laval (Espace Mayenne),171.4,1257,10,44.629,Sprint of large group,Grégoire Romain,https://www.procyclingstats.com/rider/romain-gregoire,2003-01-21,2003,France,1.76,64.0,20.66,Besançon,73,finished,24,652,94,Classic,22,FR,Groupama - FDJ,,,",,",53,13879
8,RR,12 July 2025,Saint-Méen-le-Grand,Laval (Espace Mayenne),171.4,1257,10,44.629,Sprint of large group,Sepúlveda Eduardo,https://www.procyclingstats.com/rider/eduardo-sepulveda,1991-06-13,1991,Argentina,1.73,59.0,19.71,Rawson,74,finished,134,3674,216,GC,34,AR,Lotto,,,",,",53,13879
8,RR,12 July 2025,Saint-Méen-le-Grand,Laval (Espace Mayenne),171.4,1257,10,44.629,Sprint of large group,Benoot Tiesj,https://www.procyclingstats.com/rider/tiesj-benoot,1994-03-11,1994,Belgium,1.9,72.0,19.94,Ghent,75,finished,22,599,13,Classic,31,BE,Team Visma | Lease a Bike,,,",,",53,13879
8,RR,12 July 2025,Saint-Méen-le-Grand,Laval (Espace Mayenne),171.4,1257,10,44.629,Sprint of large group,Sivakov Pavel,https://www.procyclingstats.com/rider/pavel-sivakov,1997-07-11,1997,France,1.88,70.0,19.81,San Donà di Piave Previous nationalities Russia until 2022,76,finished,94,2688,5,GC,28,FR,UAE Team Emirates - XRG,,,",,",53,13879
8,RR,12 July 2025,Saint-Méen-le-Grand,Laval (Espace Mayenne),171.4,1257,10,44.629,Sprint of large group,Higuita Sergio,https://www.procyclingstats.com/rider/sergio-higuita,1997-08-01,1997,Colombia,1.66,57.0,20.69,Medellín,77,finished,46,1407,176,Climber,27,CO,XDS Astana Team,,,",,",53,13879
8,RR,12 July 2025,Saint-Méen-le-Grand,Laval (Espace Mayenne),171.4,1257,10,44.629,Sprint of large group,Trentin Matteo,https://www.procyclingstats.com/rider/matteo-trentin,1989-08-02,1989,Italy,1.79,74.0,23.1,Borgo Valsugana,78,finished,55,1641,118,Classic,35,IT,Tudor Pro Cycling Team,,,",,",53,13879
8,RR,12 July 2025,Saint-Méen-le-Grand,Laval (Espace Mayenne),171.4,1257,10,44.629,Sprint of large group,Consonni Simone,https://www.procyclingstats.com/rider/simone-consonni,1994-09-12,1994,Italy,1.65,60.0,22.04,Ponte San Pietro,79,finished,167,4460,82,Classic,30,IT,Lidl - Trek,,,",,",53,13879
8,RR,12 July 2025,Saint-Méen-le-Grand,Laval (Espace Mayenne),171.4,1257,10,44.629,Sprint of large group,Delettre Alexandre,https://www.procyclingstats.com/rider/alexandre-delettre,1997-10-25,1997,France,1.7,62.0,21.45,Gonesse,80,finished,33,1069,183,Classic,27,FR,TotalEnergies,,,",,",53,13879
8,RR,12 July 2025,Saint-Méen-le-Grand,Laval (Espace Mayenne),171.4,1257,10,44.629,Sprint of large group,Cras Steff,https://www.procyclingstats.com/rider/steff-cras,1996-02-13,1996,Belgium,1.83,67.0,20.01,Geel,81,finished,28,948,181,GC,29,BE,TotalEnergies,,,",,",53,13879
8,RR,12 July 2025,Saint-Méen-le-Grand,Laval (Espace Mayenne),171.4,1257,10,44.629,Sprint of large group,Van Lerberghe Bert,https://www.procyclingstats.com/rider/bert-van-lerberghe,1992-09-29,1992,Belgium,1.9,83.0,22.99,Kortrijk,82,finished,153,4101,27,Classic,32,BE,Soudal Quick-Step,,,",,",53,13879
8,RR,12 July 2025,Saint-Méen-le-Grand,Laval (Espace Mayenne),171.4,1257,10,44.629,Sprint of large group,Armirail Bruno,https://www.procyclingstats.com/rider/bruno-armirail,1994-04-11,1994,France,1.9,72.0,19.94,Bagnères-de-Bigorre,83,finished,72,2026,152,TT,31,FR,Decathlon AG2R La Mondiale Team,,,",,",53,13879
8,RR,12 July 2025,Saint-Méen-le-Grand,Laval (Espace Mayenne),171.4,1257,10,44.629,Sprint of large group,Mayrhofer Marius,https://www.procyclingstats.com/rider/marius-mayrhofer,2000-09-18,2000,Germany,1.82,70.0,21.13,Tübingen,84,finished,98,2749,116,Hills,24,DE,Tudor Pro Cycling Team,,,",,",53,13879
8,RR,12 July 2025,Saint-Méen-le-Grand,Laval (Espace Mayenne),171.4,1257,10,44.629,Sprint of large group,Scotson Callum,https://www.procyclingstats.com/rider/callum-scotson,1996-08-10,1996,Australia,1.83,77.0,22.99,Campbelltown,85,finished,51,1505,157,GC,28,AU,Decathlon AG2R La Mondiale Team,,,",,",53,13879
8,RR,12 July 2025,Saint-Méen-le-Grand,Laval (Espace Mayenne),171.4,1257,10,44.629,Sprint of large group,Yates Adam,https://www.procyclingstats.com/rider/adam-yates,1992-08-07,1992,Great Britain,1.73,58.0,19.38,Bury,86,finished,56,1645,8,Climber,32,GB,UAE Team Emirates - XRG,,,",,",53,13879
8,RR,12 July 2025,Saint-Méen-le-Grand,Laval (Espace Mayenne),171.4,1257,10,44.629,Sprint of large group,Braet Vito,https://www.procyclingstats.com/rider/vito-braet,2000-11-02,2000,Belgium,1.84,68.0,20.09,Hulste,87,finished,154,4143,43,Classic,24,BE,Intermarché - Wanty,,,1:11,71,13897
8,RR,12 July 2025,Saint-Méen-le-Grand,Laval (Espace Mayenne),171.4,1257,10,44.629,Sprint of large group,Blackmore Joseph,https://www.procyclingstats.com/rider/joseph-blackmore,2003-02-23,2003,Great Britain,1.81,66.0,20.15,Sidcup,88,finished,42,1341,203,GC,22,GB,Israel - Premier Tech,,,",,",71,13897
8,RR,12 July 2025,Saint-Méen-le-Grand,Laval (Espace Mayenne),171.4,1257,10,44.629,Sprint of large group,Asgreen Kasper,https://www.procyclingstats.com/rider/kasper-asgreen,1995-02-08,1995,Denmark,1.93,75.0,20.13,Kolding,89,finished,82,2285,33,TT,30,DK,EF Education - EasyPost,,,",,",71,13897
8,RR,12 July 2025,Saint-Méen-le-Grand,Laval (Espace Mayenne),171.4,1257,10,44.629,Sprint of large group,Wærenskjold Søren,https://www.procyclingstats.com/rider/soren-waerenskjold,2000-03-12,2000,Norway,1.95,92.0,24.19,Mandal,90,finished,142,3885,228,Classic,25,NO,Uno-X Mobility,,,",,",71,13897
8,RR,12 July 2025,Saint-Méen-le-Grand,Laval (Espace Mayenne),171.4,1257,10,44.629,Sprint of large group,Cort Magnus,https://www.procyclingstats.com/rider/magnus-cort-nielsen,1993-01-16,1993,Denmark,1.84,68.0,20.09,Rønne,91,finished,151,4070,223,Hills,32,DK,Uno-X Mobility,,,",,",71,13897
8,RR,12 July 2025,Saint-Méen-le-Grand,Laval (Espace Mayenne),171.4,1257,10,44.629,Sprint of large group,Flynn Sean,https://www.procyclingstats.com/rider/sean-flynn,2000-03-02,2000,Great Britain,1.77,67.0,21.39,Edinburgh,92,finished,132,3635,194,GC,25,GB,Team Picnic PostNL,,,",,",71,13897
8,RR,12 July 2025,Saint-Méen-le-Grand,Laval (Espace Mayenne),171.4,1257,10,44.629,Sprint of large group,Johannessen Anders Halland,https://www.procyclingstats.com/rider/anders-halland-johannessen,1999-08-23,1999,Norway,1.76,,,Drøbak,93,finished,93,2670,226,GC,25,NO,Uno-X Mobility,,,",,",71,13897
8,RR,12 July 2025,Saint-Méen-le-Grand,Laval (Espace Mayenne),171.4,1257,10,44.629,Sprint of large group,van den Broek Frank,https://www.procyclingstats.com/rider/frank-van-den-broek,2000-12-28,2000,Netherlands,1.78,70.0,22.09,Warmond,94,finished,65,1821,198,GC,24,NL,Team Picnic PostNL,,,",,",71,13897
8,RR,12 July 2025,Saint-Méen-le-Grand,Laval (Espace Mayenne),171.4,1257,10,44.629,Sprint of large group,Vlasov Aleksandr,https://www.procyclingstats.com/rider/aleksandr-vlasov,1996-04-23,1996,Russia,1.86,68.0,19.66,Vyborg,95,finished,48,1432,78,Climber,29,RU,Red Bull - BORA - hansgrohe,,,",,",71,13897
8,RR,12 July 2025,Saint-Méen-le-Grand,Laval (Espace Mayenne),171.4,1257,10,44.629,Sprint of large group,Capiot Amaury,https://www.procyclingstats.com/rider/amaury-capiot,1993-06-25,1993,Belgium,1.86,69.0,19.94,Tongeren,96,finished,135,3722,132,Classic,32,BE,Arkéa - B&B Hotels,,,",,",71,13897
8,RR,12 July 2025,Saint-Méen-le-Grand,Laval (Espace Mayenne),171.4,1257,10,44.629,Sprint of large group,Kuss Sepp,https://www.procyclingstats.com/rider/sepp-kuss,1994-09-13,1994,United States,1.82,61.0,18.42,Durango,97,finished,34,1076,16,Climber,30,US,Team Visma | Lease a Bike,,,",,",71,13897
8,RR,12 July 2025,Saint-Méen-le-Grand,Laval (Espace Mayenne),171.4,1257,10,44.629,Sprint of large group,Abrahamsen Jonas,https://www.procyclingstats.com/rider/jonas-abrahamsen,1995-09-20,1995,Norway,1.83,78.0,23.29,Skien,98,finished,101,2771,222,Classic,29,NO,Uno-X Mobility,,,",,",71,13897
8,RR,12 July 2025,Saint-Méen-le-Grand,Laval (Espace Mayenne),171.4,1257,10,44.629,Sprint of large group,Yates Simon,https://www.procyclingstats.com/rider/simon-yates,1992-08-07,1992,Great Britain,1.72,58.0,19.61,Bury,99,finished,35,1080,18,Climber,32,GB,Team Visma | Lease a Bike,,,",,",71,13897
8,RR,12 July 2025,Saint-Méen-le-Grand,Laval (Espace Mayenne),171.4,1257,10,44.629,Sprint of large group,Schachmann Maximilian,https://www.procyclingstats.com/rider/maximilian-schachmann,1994-01-09,1994,Germany,1.83,71.0,21.2,Berlin,100,finished,77,2115,26,GC,31,DE,Soudal Quick-Step,,,",,",71,13897
8,RR,12 July 2025,Saint-Méen-le-Grand,Laval (Espace Mayenne),171.4,1257,10,44.629,Sprint of large group,Van Moer Brent,https://www.procyclingstats.com/rider/brent-van-moer,1998-01-12,1998,Belgium,1.91,79.0,21.66,Beveren,101,finished,115,3033,218,Classic,27,BE,Lotto,,,",,",71,13897
8,RR,12 July 2025,Saint-Méen-le-Grand,Laval (Espace Mayenne),171.4,1257,10,44.629,Sprint of large group,Paret-Peintre Valentin,https://www.procyclingstats.com/rider/valentin-paret-peintre,2001-01-14,2001,France,1.78,52.0,16.41,Annemasse,102,finished,100,2768,25,Climber,24,FR,Soudal Quick-Step,,,",,",71,13897
8,RR,12 July 2025,Saint-Méen-le-Grand,Laval (Espace Mayenne),171.4,1257,10,44.629,Sprint of large group,Buitrago Santiago,https://www.procyclingstats.com/rider/santiago-buitrago-sanchez,1999-09-26,1999,Colombia,1.74,59.0,19.49,Bogotá,103,finished,36,1110,51,Climber,25,CO,Bahrain - Victorious,,,",,",71,13897
8,RR,12 July 2025,Saint-Méen-le-Grand,Laval (Espace Mayenne),171.4,1257,10,44.629,Sprint of large group,Dillier Silvan,https://www.procyclingstats.com/rider/silvan-dillier,1990-08-03,1990,Switzerland,1.83,75.0,22.4,Aarau,104,finished,171,4632,102,Classic,34,CH,Alpecin - Deceuninck,,,",,",71,13897
8,RR,12 July 2025,Saint-Méen-le-Grand,Laval (Espace Mayenne),171.4,1257,10,44.629,Sprint of large group,Mezgec Luka,https://www.procyclingstats.com/rider/luka-mezgec,1988-06-27,1988,Slovenia,1.83,72.0,21.5,Kranj,105,finished,143,3906,125,Hills,37,SI,Team Jayco AlUla,,,",,",71,13897
8,RR,12 July 2025,Saint-Méen-le-Grand,Laval (Espace Mayenne),171.4,1257,10,44.629,Sprint of large group,Reinders Elmar,https://www.procyclingstats.com/rider/elmar-reinders,1992-03-14,1992,Netherlands,1.9,78.1,21.63,Emmen,106,finished,141,3820,127,Classic,33,NL,Team Jayco AlUla,,,",,",71,13897
8,RR,12 July 2025,Saint-Méen-le-Grand,Laval (Espace Mayenne),171.4,1257,10,44.629,Sprint of large group,Skujiņš Toms,https://www.procyclingstats.com/rider/toms-skujins,1991-06-15,1991,Latvia,1.81,72.0,21.98,Sigulda,107,finished,54,1610,86,Classic,34,LV,Lidl - Trek,,,",,",71,13897
8,RR,12 July 2025,Saint-Méen-le-Grand,Laval (Espace Mayenne),171.4,1257,10,44.629,Sprint of large group,Oliveira Nelson,https://www.procyclingstats.com/rider/nelson-oliveira,1989-03-06,1989,Portugal,1.8,67.0,20.68,Anadia,108,finished,60,1766,144,TT,36,PT,Movistar Team,,,",,",71,13897
8,RR,12 July 2025,Saint-Méen-le-Grand,Laval (Espace Mayenne),171.4,1257,10,44.629,Sprint of large group,García Cortina Iván,https://www.procyclingstats.com/rider/ivan-garcia-cortina,1995-11-20,1995,Spain,1.83,77.0,22.99,Gijón,109,finished,90,2594,145,Classic,29,ES,Movistar Team,,,",,",71,13897
8,RR,12 July 2025,Saint-Méen-le-Grand,Laval (Espace Mayenne),171.4,1257,10,44.629,Sprint of large group,van Dijke Mick,https://www.procyclingstats.com/rider/mick-van-dijke,2000-03-15,2000,Netherlands,1.9,74.0,20.5,Goes,110,finished,157,4195,76,Classic,25,NL,Red Bull - BORA - hansgrohe,,,",,",71,13897
8,RR,12 July 2025,Saint-Méen-le-Grand,Laval (Espace Mayenne),171.4,1257,10,44.629,Sprint of large group,García Pierna Raúl,https://www.procyclingstats.com/rider/raul-garcia-pierna,2001-02-23,2001,Spain,1.75,67.0,21.88,Tres Cantos,111,finished,71,1990,135,Climber,24,ES,Arkéa - B&B Hotels,,,",,",71,13897
8,RR,12 July 2025,Saint-Méen-le-Grand,Laval (Espace Mayenne),171.4,1257,10,44.629,Sprint of large group,Theuns Edward,https://www.procyclingstats.com/rider/edward-theuns,1991-04-30,1991,Belgium,1.83,72.0,21.5,Ghent,112,finished,170,4630,88,Classic,34,BE,Lidl - Trek,,,1:35,95,13921
8,RR,12 July 2025,Saint-Méen-le-Grand,Laval (Espace Mayenne),171.4,1257,10,44.629,Sprint of large group,Wright Fred,https://www.procyclingstats.com/rider/alfred-wright,1999-06-13,1999,Great Britain,1.84,75.0,22.15,London,113,finished,106,2860,58,Hills,26,GB,Bahrain - Victorious,,,1:42,102,13928
8,RR,12 July 2025,Saint-Méen-le-Grand,Laval (Espace Mayenne),171.4,1257,10,44.629,Sprint of large group,Stannard Robert,https://www.procyclingstats.com/rider/robert-stannard,1998-09-16,1998,Australia,1.79,74.0,23.1,Sydney Previous nationalities New Zealand until 2016,114,finished,87,2541,57,Hills,26,AU,Bahrain - Victorious,,,",,",102,13928
8,RR,12 July 2025,Saint-Méen-le-Grand,Laval (Espace Mayenne),171.4,1257,10,44.629,Sprint of large group,Sweeny Harry,https://www.procyclingstats.com/rider/harry-sweeny,1998-07-09,1998,Australia,1.86,75.0,21.68,Warwick,115,finished,47,1423,36,GC,27,AU,EF Education - EasyPost,,,",,",102,13928
8,RR,12 July 2025,Saint-Méen-le-Grand,Laval (Espace Mayenne),171.4,1257,10,44.629,Sprint of large group,Rickaert Jonas,https://www.procyclingstats.com/rider/jonas-rickaert,1994-02-07,1994,Belgium,1.9,88.0,24.38,Sint-Eloois-Vijve,116,finished,120,3218,105,Classic,31,BE,Alpecin - Deceuninck,,,1:53,113,13939
8,RR,12 July 2025,Saint-Méen-le-Grand,Laval (Espace Mayenne),171.4,1257,10,44.629,Sprint of large group,Meurisse Xandro,https://www.procyclingstats.com/rider/xandro-meurisse,1992-01-31,1992,Belgium,1.81,68.0,20.76,Kortrijk,117,finished,27,790,104,GC,33,BE,Alpecin - Deceuninck,,,",,",113,13939
8,RR,12 July 2025,Saint-Méen-le-Grand,Laval (Espace Mayenne),171.4,1257,10,44.629,Sprint of large group,Lutsenko Alexey,https://www.procyclingstats.com/rider/aleksey-lutsenko,1992-09-07,1992,Kazakhstan,1.74,74.0,24.44,Petropavl,118,finished,61,1773,206,GC,32,KZ,Israel - Premier Tech,,,",,",113,13939
8,RR,12 July 2025,Saint-Méen-le-Grand,Laval (Espace Mayenne),171.4,1257,10,44.629,Sprint of large group,Verstrynge Emiel,https://www.procyclingstats.com/rider/emiel-verstrynge,2002-02-04,2002,Belgium,1.89,69.0,19.32,Eeklo,119,finished,102,2782,108,Climber,23,BE,Alpecin - Deceuninck,,,",,",113,13939
8,RR,12 July 2025,Saint-Méen-le-Grand,Laval (Espace Mayenne),171.4,1257,10,44.629,Sprint of large group,Izagirre Ion,https://www.procyclingstats.com/rider/ion-izagirre,1989-02-04,1989,Spain,1.73,60.0,20.05,Ormaiztegi,120,finished,76,2092,164,GC,36,ES,Cofidis,,,",,",113,13939
8,RR,12 July 2025,Saint-Méen-le-Grand,Laval (Espace Mayenne),171.4,1257,10,44.629,Sprint of large group,Grignard Sébastien,https://www.procyclingstats.com/rider/sebastien-grignard,1999-04-29,1999,Belgium,1.79,68.0,21.22,Mons,121,finished,164,4416,215,Classic,26,BE,Lotto,,,",,",113,13939
8,RR,12 July 2025,Saint-Méen-le-Grand,Laval (Espace Mayenne),171.4,1257,10,44.629,Sprint of large group,Aranburu Alex,https://www.procyclingstats.com/rider/alex-aranburu,1995-09-19,1995,Spain,1.78,63.0,19.88,Ezkio-Itsaso,122,finished,67,1862,162,Classic,29,ES,Cofidis,,,",,",113,13939
8,RR,12 July 2025,Saint-Méen-le-Grand,Laval (Espace Mayenne),171.4,1257,10,44.629,Sprint of large group,Soler Marc,https://www.procyclingstats.com/rider/marc-soler,1993-11-22,1993,Spain,1.86,68.0,19.66,Vilanova i la Geltrú,123,finished,75,2092,6,Climber,31,ES,UAE Team Emirates - XRG,,,",,",113,13939
8,RR,12 July 2025,Saint-Méen-le-Grand,Laval (Espace Mayenne),171.4,1257,10,44.629,Sprint of large group,Affini Edoardo,https://www.procyclingstats.com/rider/edoardo-affini,1996-06-24,1996,Italy,1.9,85.0,23.55,Mantua,124,finished,138,3752,12,TT,29,IT,Team Visma | Lease a Bike,,,2:02,122,13948
8,RR,12 July 2025,Saint-Méen-le-Grand,Laval (Espace Mayenne),171.4,1257,10,44.629,Sprint of large group,Leknessund Andreas,https://www.procyclingstats.com/rider/andreas-leknessund,1999-05-21,1999,Norway,1.86,72.0,20.81,Tromsø,125,finished,83,2347,227,GC,26,NO,Uno-X Mobility,,,",,",122,13948
8,RR,12 July 2025,Saint-Méen-le-Grand,Laval (Espace Mayenne),171.4,1257,10,44.629,Sprint of large group,Nys Thibau,https://www.procyclingstats.com/rider/thibau-nys,2002-11-12,2002,Belgium,1.76,64.0,20.66,Bonheiden,126,finished,84,2417,83,Hills,22,BE,Lidl - Trek,,,",,",122,13948
8,RR,12 July 2025,Saint-Méen-le-Grand,Laval (Espace Mayenne),171.4,1257,10,44.629,Sprint of large group,Touzé Damien,https://www.procyclingstats.com/rider/damien-touze,1996-07-07,1996,France,1.74,69.0,22.79,Iville,127,finished,86,2515,168,Classic,29,FR,Cofidis,,,2:13,133,13959
8,RR,12 July 2025,Saint-Méen-le-Grand,Laval (Espace Mayenne),171.4,1257,10,44.629,Sprint of large group,Penhoët Paul,https://www.procyclingstats.com/rider/paul-penhoet,2001-12-28,2001,France,1.73,64.0,21.38,Clamart,128,finished,127,3541,97,Classic,23,FR,Groupama - FDJ,,,",,",133,13959
8,RR,12 July 2025,Saint-Méen-le-Grand,Laval (Espace Mayenne),171.4,1257,10,44.629,Sprint of large group,Naberman Tim,https://www.procyclingstats.com/rider/tim-naberman,1999-05-11,1999,Netherlands,1.87,70.0,20.02,Genemuiden,129,finished,136,3731,197,GC,26,NL,Team Picnic PostNL,,,2:21,141,13967
8,RR,12 July 2025,Saint-Méen-le-Grand,Laval (Espace Mayenne),171.4,1257,10,44.629,Sprint of large group,Louvel Matis,https://www.procyclingstats.com/rider/matis-louvel,1999-07-19,1999,France,1.87,77.0,22.02,Mont Saint Aignan,130,finished,107,2866,205,Classic,25,FR,Israel - Premier Tech,,,",,",141,13967
8,RR,12 July 2025,Saint-Méen-le-Grand,Laval (Espace Mayenne),171.4,1257,10,44.629,Sprint of large group,Teuns Dylan,https://www.procyclingstats.com/rider/dylan-teuns,1992-03-01,1992,Belgium,1.81,64.0,19.54,Diest,131,finished,92,2651,166,GC,33,BE,Cofidis,,,",,",141,13967
8,RR,12 July 2025,Saint-Méen-le-Grand,Laval (Espace Mayenne),171.4,1257,10,44.629,Sprint of large group,Drizners Jarrad,https://www.procyclingstats.com/rider/jarrad-drizners,1999-05-31,1999,Australia,1.86,70.0,20.23,Adelaide,132,finished,163,4331,214,GC,26,AU,Lotto,,,",,",141,13967
8,RR,12 July 2025,Saint-Méen-le-Grand,Laval (Espace Mayenne),171.4,1257,10,44.629,Sprint of large group,Zimmermann Georg,https://www.procyclingstats.com/rider/georg-zimmermann,1997-10-11,1997,Germany,1.81,70.0,21.37,Augsburg,133,finished,111,3017,48,Classic,27,DE,Intermarché - Wanty,,,",,",141,13967
8,RR,12 July 2025,Saint-Méen-le-Grand,Laval (Espace Mayenne),171.4,1257,10,44.629,Sprint of large group,Haller Marco,https://www.procyclingstats.com/rider/marco-haller,1991-04-01,1991,Austria,1.78,72.0,22.72,Sankt Veit an der Glan,134,finished,96,2735,113,Classic,34,AT,Tudor Pro Cycling Team,,,",,",141,13967
8,RR,12 July 2025,Saint-Méen-le-Grand,Laval (Espace Mayenne),171.4,1257,10,44.629,Sprint of large group,Barta Will,https://www.procyclingstats.com/rider/william-barta,1996-01-04,1996,United States,1.8,61.0,18.83,Boise,135,finished,118,3117,142,TT,29,US,Movistar Team,,,",,",141,13967
8,RR,12 July 2025,Saint-Méen-le-Grand,Laval (Espace Mayenne),171.4,1257,10,44.629,Sprint of large group,Thomas Geraint,https://www.procyclingstats.com/rider/geraint-thomas,1986-05-25,1986,Great Britain,1.83,71.0,21.2,Cardiff,136,finished,49,1449,61,GC,39,GB,INEOS Grenadiers,,,",,",141,13967
8,RR,12 July 2025,Saint-Méen-le-Grand,Laval (Espace Mayenne),171.4,1257,10,44.629,Sprint of large group,Mohorič Matej,https://www.procyclingstats.com/rider/matej-mohoric,1994-10-19,1994,Slovenia,1.86,71.0,20.52,Kranj,137,finished,114,3029,56,Classic,30,SI,Bahrain - Victorious,,,",,",141,13967
8,RR,12 July 2025,Saint-Méen-le-Grand,Laval (Espace Mayenne),171.4,1257,10,44.629,Sprint of large group,van Sintmaartensdijk Roel,https://www.procyclingstats.com/rider/roel-van-sintmaartensdijk,2001-05-08,2001,Netherlands,1.97,77.0,19.84,Zuidland,138,finished,174,4735,47,GC,24,NL,Intermarché - Wanty,,,",,",141,13967
8,RR,12 July 2025,Saint-Méen-le-Grand,Laval (Espace Mayenne),171.4,1257,10,44.629,Sprint of large group,Foss Tobias,https://www.procyclingstats.com/rider/tobias-foss,1997-05-25,1997,Norway,1.84,74.0,21.86,Vingrom,139,finished,74,2090,63,TT,28,NO,INEOS Grenadiers,,,2:45,165,13991
8,RR,12 July 2025,Saint-Méen-le-Grand,Laval (Espace Mayenne),171.4,1257,10,44.629,Sprint of large group,Hirschi Marc,https://www.procyclingstats.com/rider/marc-hirschi,1998-08-24,1998,Switzerland,1.74,61.0,20.15,Bern,140,finished,80,2261,114,Classic,26,CH,Tudor Pro Cycling Team,,,2:52,172,13998
8,RR,12 July 2025,Saint-Méen-le-Grand,Laval (Espace Mayenne),171.4,1257,10,44.629,Sprint of large group,Rex Laurenz,https://www.procyclingstats.com/rider/laurenz-rex,1999-12-15,1999,Belgium,1.93,83.0,22.28,Marburg,141,finished,162,4263,45,Classic,25,BE,Intermarché - Wanty,,,3:03,183,14009
8,RR,12 July 2025,Saint-Méen-le-Grand,Laval (Espace Mayenne),171.4,1257,10,44.629,Sprint of large group,Page Hugo,https://www.procyclingstats.com/rider/hugo-page,2001-07-24,2001,France,1.85,71.0,20.75,Chartres,142,finished,155,4170,44,Classic,23,FR,Intermarché - Wanty,,,",,",183,14009
8,RR,12 July 2025,Saint-Méen-le-Grand,Laval (Espace Mayenne),171.4,1257,10,44.629,Sprint of large group,Swift Connor,https://www.procyclingstats.com/rider/connor-swift,1995-10-30,1995,Great Britain,1.9,75.0,20.78,Thorne,143,finished,89,2592,67,Classic,29,GB,INEOS Grenadiers,,,",,",183,14009
8,RR,12 July 2025,Saint-Méen-le-Grand,Laval (Espace Mayenne),171.4,1257,10,44.629,Sprint of large group,Lienhard Fabian,https://www.procyclingstats.com/rider/fabian-lienhard,1993-09-03,1993,Switzerland,1.83,73.0,21.8,Steinmaur,144,finished,165,4420,115,Classic,31,CH,Tudor Pro Cycling Team,,,3:24,204,14030
8,RR,12 July 2025,Saint-Méen-le-Grand,Laval (Espace Mayenne),171.4,1257,10,44.629,Sprint of large group,Durbridge Luke,https://www.procyclingstats.com/rider/luke-durbridge,1991-04-09,1991,Australia,1.87,78.0,22.31,Greenmount,145,finished,161,4252,123,TT,34,AU,Team Jayco AlUla,,,",,",204,14030
8,RR,12 July 2025,Saint-Méen-le-Grand,Laval (Espace Mayenne),171.4,1257,10,44.629,Sprint of large group,Gradek Kamil,https://www.procyclingstats.com/rider/kamil-gradek,1990-09-17,1990,Poland,1.94,83.0,22.05,Koziegłowy,146,finished,169,4580,53,TT,34,PL,Bahrain - Victorious,,,3:35,215,14041
8,RR,12 July 2025,Saint-Méen-le-Grand,Laval (Espace Mayenne),171.4,1257,10,44.629,Sprint of large group,Martinez Lenny,https://www.procyclingstats.com/rider/lenny-martinez,2003-07-11,2003,France,1.68,52.0,18.42,Cannes,147,finished,125,3341,55,Climber,22,FR,Bahrain - Victorious,,,",,",215,14041
8,RR,12 July 2025,Saint-Méen-le-Grand,Laval (Espace Mayenne),171.4,1257,10,44.629,Sprint of large group,Meeus Jordi,https://www.procyclingstats.com/rider/jordi-meeus,1998-07-01,1998,Belgium,1.9,80.0,22.16,Lommel,148,finished,175,4770,73,Classic,27,BE,Red Bull - BORA - hansgrohe,,,4:11,251,14077
8,RR,12 July 2025,Saint-Méen-le-Grand,Laval (Espace Mayenne),171.4,1257,10,44.629,Sprint of large group,Vermeersch Gianni,https://www.procyclingstats.com/rider/gianni-vermeersch,1992-11-19,1992,Belgium,1.73,68.0,22.72,Roeselare,149,finished,105,2844,107,Classic,32,BE,Alpecin - Deceuninck,,,",,",251,14077
8,RR,12 July 2025,Saint-Méen-le-Grand,Laval (Espace Mayenne),171.4,1257,10,44.629,Sprint of large group,Baudin Alex,https://www.procyclingstats.com/rider/alex-baudin,2001-05-25,2001,France,1.83,64.0,19.11,Albertville,150,finished,45,1403,34,Climber,24,FR,EF Education - EasyPost,,,",,",251,14077
8,RR,12 July 2025,Saint-Méen-le-Grand,Laval (Espace Mayenne),171.4,1257,10,44.629,Sprint of large group,Russo Clément,https://www.procyclingstats.com/rider/clement-russo,1995-01-20,1995,France,1.87,74.0,21.16,Lyon,151,finished,126,3530,98,Classic,30,FR,Groupama - FDJ,,,4:21,261,14087
8,RR,12 July 2025,Saint-Méen-le-Grand,Laval (Espace Mayenne),171.4,1257,10,44.629,Sprint of large group,Mühlberger Gregor,https://www.procyclingstats.com/rider/gregor-muhlberger,1994-04-04,1994,Austria,1.8,64.0,19.75,Haidershofen,152,finished,64,1818,146,GC,31,AT,Movistar Team,,,",,",261,14087
8,RR,12 July 2025,Saint-Méen-le-Grand,Laval (Espace Mayenne),171.4,1257,10,44.629,Sprint of large group,Van Eetvelt Lennert,https://www.procyclingstats.com/rider/lennert-van-eetvelt,2001-07-17,2001,Belgium,1.76,63.0,20.34,Binkom,153,finished,159,4242,217,Climber,23,BE,Lotto,,,",,",261,14087
8,RR,12 July 2025,Saint-Méen-le-Grand,Laval (Espace Mayenne),171.4,1257,10,44.629,Sprint of large group,Rubio Einer,https://www.procyclingstats.com/rider/einer-rubio,1998-02-22,1998,Colombia,1.64,56.0,20.82,Chíquiza,154,finished,119,3196,148,Climber,27,CO,Movistar Team,,,",,",261,14087
8,RR,12 July 2025,Saint-Méen-le-Grand,Laval (Espace Mayenne),171.4,1257,10,44.629,Sprint of large group,Woods Michael,https://www.procyclingstats.com/rider/michael-woods,1986-10-12,1986,Canada,1.75,62.0,20.24,Toronto,155,finished,88,2580,201,Climber,38,CA,Israel - Premier Tech,,,",,",261,14087
8,RR,12 July 2025,Saint-Méen-le-Grand,Laval (Espace Mayenne),171.4,1257,10,44.629,Sprint of large group,Le Berre Mathis,https://www.procyclingstats.com/rider/mathis-le-berre,2001-04-16,2001,France,1.76,68.0,21.95,Saint-Brieuc,156,finished,95,2718,136,Hills,24,FR,Arkéa - B&B Hotels,,,",,",261,14087
8,RR,12 July 2025,Saint-Méen-le-Grand,Laval (Espace Mayenne),171.4,1257,10,44.629,Sprint of large group,Burgaudeau Mathieu,https://www.procyclingstats.com/rider/mathieu-burgaudeau,1998-11-17,1998,France,1.68,61.0,21.61,Noirmoutier-en-l'Île,157,finished,58,1727,182,Hills,26,FR,TotalEnergies,,,",,",261,14087
8,RR,12 July 2025,Saint-Méen-le-Grand,Laval (Espace Mayenne),171.4,1257,10,44.629,Sprint of large group,Costiou Ewen,https://www.procyclingstats.com/rider/ewen-costiou,2002-11-10,2002,France,1.76,64.0,20.66,Brest,158,finished,113,3028,133,GC,22,FR,Arkéa - B&B Hotels,,,4:28,268,14094
8,RR,12 July 2025,Saint-Méen-le-Grand,Laval (Espace Mayenne),171.4,1257,10,44.629,Sprint of large group,Boivin Guillaume,https://www.procyclingstats.com/rider/guillaume-boivin,1989-05-25,1989,Canada,1.8,78.0,24.07,Montreal,159,finished,166,4445,204,Classic,36,CA,Israel - Premier Tech,,,4:32,272,14098
8,RR,12 July 2025,Saint-Méen-le-Grand,Laval (Espace Mayenne),171.4,1257,10,44.629,Sprint of large group,Simmons Quinn,https://www.procyclingstats.com/rider/quinn-simmons,2001-05-08,2001,United States,1.85,73.0,21.33,Durango,160,finished,69,1936,84,Hills,24,US,Lidl - Trek,,,4:39,279,14105
8,RR,12 July 2025,Saint-Méen-le-Grand,Laval (Espace Mayenne),171.4,1257,10,44.629,Sprint of large group,Tejada Harold,https://www.procyclingstats.com/rider/harold-tejada,1997-04-27,1997,Colombia,1.8,63.0,19.44,Pitalito,161,finished,91,2610,171,Climber,28,CO,XDS Astana Team,,,",,",279,14105
8,RR,12 July 2025,Saint-Méen-le-Grand,Laval (Espace Mayenne),171.4,1257,10,44.629,Sprint of large group,Romeo Iván,https://www.procyclingstats.com/rider/ivan-romeo,2003-08-16,2003,Spain,1.93,75.0,20.13,Valladolid,162,finished,109,2885,147,GC,21,ES,Movistar Team,,,4:47,287,14113
8,RR,12 July 2025,Saint-Méen-le-Grand,Laval (Espace Mayenne),171.4,1257,10,44.629,Sprint of large group,Castrillo Pablo,https://www.procyclingstats.com/rider/pablo-castrillo-zapater,2001-01-02,2001,Spain,1.83,74.0,22.1,Jaca,163,finished,124,3334,143,Climber,24,ES,Movistar Team,,,",,",287,14113
8,RR,12 July 2025,Saint-Méen-le-Grand,Laval (Espace Mayenne),171.4,1257,10,44.629,Sprint of large group,Champoussin Clément,https://www.procyclingstats.com/rider/clement-champoussin,1998-05-29,1998,France,1.8,61.0,18.83,Nice,164,finished,79,2172,174,Climber,27,FR,XDS Astana Team,,,5:07,307,14133
8,RR,12 July 2025,Saint-Méen-le-Grand,Laval (Espace Mayenne),171.4,1257,10,44.629,Sprint of large group,Ballerini Davide,https://www.procyclingstats.com/rider/davide-ballerini,1994-09-21,1994,Italy,1.83,71.0,21.2,Cantù,165,finished,172,4634,172,Classic,30,IT,XDS Astana Team,,,",,",307,14133
8,RR,12 July 2025,Saint-Méen-le-Grand,Laval (Espace Mayenne),171.4,1257,10,44.629,Sprint of large group,Thomas Benjamin,https://www.procyclingstats.com/rider/benjamin-thomas-2,1995-09-12,1995,France,1.79,68.0,21.22,Lavaur,166,finished,130,3596,167,TT,29,FR,Cofidis,,,6:28,388,14214
8,RR,12 July 2025,Saint-Méen-le-Grand,Laval (Espace Mayenne),171.4,1257,10,44.629,Sprint of large group,Vercher Mattéo,https://www.procyclingstats.com/rider/matheo-vercher,2001-01-26,2001,France,1.71,,,Lyon,167,finished,176,5007,188,Hills,24,FR,TotalEnergies,,,",,",388,14214
8,RR,12 July 2025,Saint-Méen-le-Grand,Laval (Espace Mayenne),171.4,1257,10,44.629,Sprint of large group,Almeida João,https://www.procyclingstats.com/rider/joao-almeida,1998-08-05,1998,Portugal,1.78,63.0,19.88,Caldas da Rainha,168,finished,37,1143,2,GC,26,PT,UAE Team Emirates - XRG,,,6:42,402,14228
8,RR,12 July 2025,Saint-Méen-le-Grand,Laval (Espace Mayenne),171.4,1257,10,44.629,Sprint of large group,Plapp Luke,https://www.procyclingstats.com/rider/luke-plapp,2000-12-25,2000,Australia,1.81,72.0,21.98,Melbourne,169,finished,121,3268,126,GC,24,AU,Team Jayco AlUla,,,",,",402,14228
8,RR,12 July 2025,Saint-Méen-le-Grand,Laval (Espace Mayenne),171.4,1257,10,44.629,Sprint of large group,Valgren Michael,https://www.procyclingstats.com/rider/michael-valgren-andersen,1992-02-07,1992,Denmark,1.79,71.0,22.16,Østerild,170,finished,104,2841,37,Classic,33,DK,EF Education - EasyPost,,,",,",402,14228
8,RR,12 July 2025,Saint-Méen-le-Grand,Laval (Espace Mayenne),171.4,1257,10,44.629,Sprint of large group,Barré Louis,https://www.procyclingstats.com/rider/louis-barre,2000-04-06,2000,France,1.84,68.0,20.09,Nantes,171,finished,108,2879,42,Classic,25,FR,Intermarché - Wanty,,,6:46,406,14232
8,RR,12 July 2025,Saint-Méen-le-Grand,Laval (Espace Mayenne),171.4,1257,10,44.629,Sprint of large group,Neilands Krists,https://www.procyclingstats.com/rider/krists-neilands,1994-08-18,1994,Latvia,1.89,69.0,19.32,Kuldīga,172,finished,78,2132,207,Classic,30,LV,Israel - Premier Tech,,,7:27,447,14273
8,RR,12 July 2025,Saint-Méen-le-Grand,Laval (Espace Mayenne),171.4,1257,10,44.629,Sprint of large group,Storer Michael,https://www.procyclingstats.com/rider/michael-storer,1997-02-28,1997,Australia,1.77,63.0,20.11,Perth,173,finished,123,3307,117,Climber,28,AU,Tudor Pro Cycling Team,,,",,",447,14273
8,RR,12 July 2025,Saint-Méen-le-Grand,Laval (Espace Mayenne),171.4,1257,10,44.629,Sprint of large group,Alaphilippe Julian,https://www.procyclingstats.com/rider/julian-alaphilippe,1992-06-11,1992,France,1.73,62.0,20.72,Saint-Amand-Montrond,174,finished,68,1928,111,Classic,33,FR,Tudor Pro Cycling Team,,,",,",447,14273
8,RR,12 July 2025,Saint-Méen-le-Grand,Laval (Espace Mayenne),171.4,1257,10,44.629,Sprint of large group,Schmid Mauro,https://www.procyclingstats.com/rider/mauro-schmid,1999-12-04,1999,Switzerland,1.87,70.0,20.02,Bülach,175,finished,99,2750,128,Hills,25,CH,Team Jayco AlUla,,,",,",447,14273
8,RR,12 July 2025,Saint-Méen-le-Grand,Laval (Espace Mayenne),171.4,1257,10,44.629,Sprint of large group,Rutsch Jonas,https://www.procyclingstats.com/rider/jonas-rutsch,1998-01-24,1998,Germany,1.97,82.0,21.13,Erbach im Odenwald,176,finished,133,3645,46,Classic,27,DE,Intermarché - Wanty,,,13:53,833,14659
8,RR,12 July 2025,Saint-Méen-le-Grand,Laval (Espace Mayenne),171.4,1257,10,44.629,Sprint of large group,Dunbar Eddie,https://www.procyclingstats.com/rider/edward-irl-dunbar,1996-09-01,1996,Ireland,1.7,57.0,19.72,Banteer,,DNS,,,122,GC,28,IE,Team Jayco AlUla,,,,,
9,RR,13 July 2025,Chinon,Châteauroux,174.1,1019,6,50.013,Sprint of large group,Merlier Tim,https://www.procyclingstats.com/rider/tim-merlier,1992-10-30,1992,Belgium,1.88,76.0,21.5,Wortegem-Petegem,1,finished,144,4034,24,Sprint,32,BE,Soudal Quick-Step,210.0,100.0,3:28:52,0,12532
9,RR,13 July 2025,Chinon,Châteauroux,174.1,1019,6,50.013,Sprint of large group,Milan Jonathan,https://www.procyclingstats.com/rider/jonathan-milan,2000-10-01,2000,Italy,1.94,84.0,22.32,Tolmezzo,2,finished,141,4010,81,Sprint,24,IT,Lidl - Trek,150.0,70.0,",,",0,12532
9,RR,13 July 2025,Chinon,Châteauroux,174.1,1019,6,50.013,Sprint of large group,De Lie Arnaud,https://www.procyclingstats.com/rider/arnaud-de-lie,2002-03-16,2002,Belgium,1.82,78.0,23.55,Libramont,3,finished,161,4496,211,Classic,23,BE,Lotto,110.0,50.0,",,",0,12532
9,RR,13 July 2025,Chinon,Châteauroux,174.1,1019,6,50.013,Sprint of large group,Bittner Pavel,https://www.procyclingstats.com/rider/pavel-bittner,2002-10-29,2002,Czech Republic,1.84,73.0,21.56,Olomouc,4,finished,137,3915,193,Sprint,22,CZ,Team Picnic PostNL,90.0,40.0,",,",0,12532
9,RR,13 July 2025,Chinon,Châteauroux,174.1,1019,6,50.013,Sprint of large group,Penhoët Paul,https://www.procyclingstats.com/rider/paul-penhoet,2001-12-28,2001,France,1.73,64.0,21.38,Clamart,5,finished,120,3541,97,Classic,23,FR,Groupama - FDJ,70.0,32.0,",,",0,12532
9,RR,13 July 2025,Chinon,Châteauroux,174.1,1019,6,50.013,Sprint of large group,Girmay Biniam,https://www.procyclingstats.com/rider/biniam-girmay,2000-04-02,2000,Eritrea,1.84,70.0,20.68,Asmara,6,finished,142,4014,41,Classic,25,ER,Intermarché - Wanty,55.0,26.0,",,",0,12532
9,RR,13 July 2025,Chinon,Châteauroux,174.1,1019,6,50.013,Sprint of large group,Bauhaus Phil,https://www.procyclingstats.com/rider/phil-bauhaus,1994-07-08,1994,Germany,1.84,75.0,22.15,Bocholt,7,finished,156,4243,52,Sprint,31,DE,Bahrain - Victorious,45.0,22.0,",,",0,12532
9,RR,13 July 2025,Chinon,Châteauroux,174.1,1019,6,50.013,Sprint of large group,Meeus Jordi,https://www.procyclingstats.com/rider/jordi-meeus,1998-07-01,1998,Belgium,1.9,80.0,22.16,Lommel,8,finished,171,4770,73,Classic,27,BE,Red Bull - BORA - hansgrohe,40.0,18.0,",,",0,12532
9,RR,13 July 2025,Chinon,Châteauroux,174.1,1019,6,50.013,Sprint of large group,Edvardsen-Fredheim Stian,https://www.procyclingstats.com/rider/stian-fredheim,2003-03-23,2003,Norway,1.84,72.0,21.27,Kristiansand,9,finished,139,3966,224,Sprint,22,NO,Uno-X Mobility,35.0,14.0,",,",0,12532
9,RR,13 July 2025,Chinon,Châteauroux,174.1,1019,6,50.013,Sprint of large group,Groves Kaden,https://www.procyclingstats.com/rider/kaden-groves,1998-12-23,1998,Australia,1.76,76.0,24.54,Gympie,10,finished,91,2785,103,Hills,26,AU,Alpecin - Deceuninck,30.0,10.0,",,",0,12532
9,RR,13 July 2025,Chinon,Châteauroux,174.1,1019,6,50.013,Sprint of large group,Renard Alexis,https://www.procyclingstats.com/rider/alexis-renard,1999-06-01,1999,France,1.86,74.0,21.39,Saint-Brieuc,11,finished,140,4007,165,Classic,26,FR,Cofidis,25.0,8.0,",,",0,12532
9,RR,13 July 2025,Chinon,Châteauroux,174.1,1019,6,50.013,Sprint of large group,Ackermann Pascal,https://www.procyclingstats.com/rider/pascal-ackermann,1994-01-17,1994,Germany,1.8,78.0,24.07,Kandel,12,finished,121,3565,202,Sprint,31,DE,Israel - Premier Tech,20.0,6.0,",,",0,12532
9,RR,13 July 2025,Chinon,Châteauroux,174.1,1019,6,50.013,Sprint of large group,Démare Arnaud,https://www.procyclingstats.com/rider/arnaud-demare,1991-08-26,1991,France,1.81,76.0,23.2,Beauvais,13,finished,151,4190,134,Classic,33,FR,Arkéa - B&B Hotels,15.0,4.0,",,",0,12532
9,RR,13 July 2025,Chinon,Châteauroux,174.1,1019,6,50.013,Sprint of large group,Turgis Anthony,https://www.procyclingstats.com/rider/anthony-turgis,1994-05-16,1994,France,1.78,70.0,22.09,Bourg-la-Reine,14,finished,104,3051,187,Classic,31,FR,TotalEnergies,10.0,2.0,",,",0,12532
9,RR,13 July 2025,Chinon,Châteauroux,174.1,1019,6,50.013,Sprint of large group,Groenewegen Dylan,https://www.procyclingstats.com/rider/dylan-groenewegen,1993-06-21,1993,Netherlands,1.77,70.0,22.34,Amsterdam,15,finished,147,4071,124,Sprint,32,NL,Team Jayco AlUla,5.0,1.0,",,",0,12532
9,RR,13 July 2025,Chinon,Châteauroux,174.1,1019,6,50.013,Sprint of large group,Dainese Alberto,https://www.procyclingstats.com/rider/alberto-dainese,1998-03-25,1998,Italy,1.75,72.0,23.51,Abano Terme,16,finished,129,3742,112,Sprint,27,IT,Tudor Pro Cycling Team,,,",,",0,12532
9,RR,13 July 2025,Chinon,Châteauroux,174.1,1019,6,50.013,Sprint of large group,Tronchon Bastien,https://www.procyclingstats.com/rider/bastien-tronchon,2002-03-29,2002,France,1.85,72.0,21.04,Chambéry,17,finished,58,1836,158,Classic,23,FR,Decathlon AG2R La Mondiale Team,,,",,",0,12532
9,RR,13 July 2025,Chinon,Châteauroux,174.1,1019,6,50.013,Sprint of large group,Trentin Matteo,https://www.procyclingstats.com/rider/matteo-trentin,1989-08-02,1989,Italy,1.79,74.0,23.1,Borgo Valsugana,18,finished,50,1641,118,Classic,35,IT,Tudor Pro Cycling Team,,,",,",0,12532
9,RR,13 July 2025,Chinon,Châteauroux,174.1,1019,6,50.013,Sprint of large group,van Poppel Danny,https://www.procyclingstats.com/rider/danny-van-poppel,1993-07-26,1993,Netherlands,1.84,82.0,24.22,Moergestel,19,finished,122,3583,77,Sprint,31,NL,Red Bull - BORA - hansgrohe,,,",,",0,12532
9,RR,13 July 2025,Chinon,Châteauroux,174.1,1019,6,50.013,Sprint of large group,Bol Cees,https://www.procyclingstats.com/rider/cees-bol,1995-07-27,1995,Netherlands,1.94,83.0,22.05,Zaandam,20,finished,152,4212,173,Sprint,29,NL,XDS Astana Team,,,",,",0,12532
9,RR,13 July 2025,Chinon,Châteauroux,174.1,1019,6,50.013,Sprint of large group,Coquard Bryan,https://www.procyclingstats.com/rider/bryan-coquard,1992-04-25,1992,France,1.71,59.0,20.18,Saint-Nazaire,21,finished,90,2737,163,Sprint,33,FR,Cofidis,,,",,",0,12532
9,RR,13 July 2025,Chinon,Châteauroux,174.1,1019,6,50.013,Sprint of large group,Fedorov Yevgeniy,https://www.procyclingstats.com/rider/yevgeniy-fedorov,2000-02-16,2000,Kazakhstan,1.93,80.0,21.48,Aktobe,22,finished,167,4655,175,Classic,25,KZ,XDS Astana Team,,,",,",0,12532
9,RR,13 July 2025,Chinon,Châteauroux,174.1,1019,6,50.013,Sprint of large group,García Cortina Iván,https://www.procyclingstats.com/rider/ivan-garcia-cortina,1995-11-20,1995,Spain,1.83,77.0,22.99,Gijón,23,finished,83,2594,145,Classic,29,ES,Movistar Team,,,",,",0,12532
9,RR,13 July 2025,Chinon,Châteauroux,174.1,1019,6,50.013,Sprint of large group,Martin Guillaume,https://www.procyclingstats.com/rider/guillaume-martin,1993-06-09,1993,France,1.73,55.0,18.38,Paris,24,finished,18,493,91,Climber,32,FR,Groupama - FDJ,,,",,",0,12532
9,RR,13 July 2025,Chinon,Châteauroux,174.1,1019,6,50.013,Sprint of large group,Rodríguez Carlos,https://www.procyclingstats.com/rider/carlos-rodriguez-cano,2001-02-02,2001,Spain,1.83,67.0,20.01,Almuñécar,25,finished,15,291,66,GC,24,ES,INEOS Grenadiers,,,",,",0,12532
9,RR,13 July 2025,Chinon,Châteauroux,174.1,1019,6,50.013,Sprint of large group,Pogačar Tadej,https://www.procyclingstats.com/rider/tadej-pogacar,1998-09-21,1998,Slovenia,1.76,66.0,21.31,Klanec,26,finished,1,0,1,Climber,26,SI,UAE Team Emirates - XRG,,,",,",0,12532
9,RR,13 July 2025,Chinon,Châteauroux,174.1,1019,6,50.013,Sprint of large group,Vingegaard Jonas,https://www.procyclingstats.com/rider/jonas-vingegaard,1996-12-10,1996,Denmark,1.75,58.0,18.94,Hillerslev,27,finished,4,77,11,GC,28,DK,Team Visma | Lease a Bike,,,",,",0,12532
9,RR,13 July 2025,Chinon,Châteauroux,174.1,1019,6,50.013,Sprint of large group,van den Broek Frank,https://www.procyclingstats.com/rider/frank-van-den-broek,2000-12-28,2000,Netherlands,1.78,70.0,22.09,Warmond,28,finished,55,1821,198,GC,24,NL,Team Picnic PostNL,,,",,",0,12532
9,RR,13 July 2025,Chinon,Châteauroux,174.1,1019,6,50.013,Sprint of large group,Le Berre Mathis,https://www.procyclingstats.com/rider/mathis-le-berre,2001-04-16,2001,France,1.76,68.0,21.95,Saint-Brieuc,29,finished,88,2718,136,Hills,24,FR,Arkéa - B&B Hotels,,,",,",0,12532
9,RR,13 July 2025,Chinon,Châteauroux,174.1,1019,6,50.013,Sprint of large group,Evenepoel Remco,https://www.procyclingstats.com/rider/remco-evenepoel,2000-01-25,2000,Belgium,1.71,63.0,21.55,Aalst,30,finished,2,54,21,Climber,25,BE,Soudal Quick-Step,,,",,",0,12532
9,RR,13 July 2025,Chinon,Châteauroux,174.1,1019,6,50.013,Sprint of large group,Stewart Jake,https://www.procyclingstats.com/rider/jake-stewart,1999-10-02,1999,Great Britain,1.79,66.0,20.6,Coventry,31,finished,132,3808,208,Hills,25,GB,Israel - Premier Tech,,,",,",0,12532
9,RR,13 July 2025,Chinon,Châteauroux,174.1,1019,6,50.013,Sprint of large group,Vauquelin Kévin,https://www.procyclingstats.com/rider/kevin-vauquelin,2001-04-26,2001,France,1.76,69.0,22.28,Bayeux,32,finished,3,71,131,GC,24,FR,Arkéa - B&B Hotels,,,",,",0,12532
9,RR,13 July 2025,Chinon,Châteauroux,174.1,1019,6,50.013,Sprint of large group,Johannessen Tobias Halland,https://www.procyclingstats.com/rider/tobias-halland-johannessen,1999-08-23,1999,Norway,1.76,62.0,20.02,Drøbak,33,finished,12,268,221,Climber,25,NO,Uno-X Mobility,,,",,",0,12532
9,RR,13 July 2025,Chinon,Châteauroux,174.1,1019,6,50.013,Sprint of large group,Roglič Primož,https://www.procyclingstats.com/rider/primoz-roglic,1989-10-29,1989,Slovenia,1.77,65.0,20.75,Trbovlje,34,finished,9,186,71,Climber,35,SI,Red Bull - BORA - hansgrohe,,,",,",0,12532
9,RR,13 July 2025,Chinon,Châteauroux,174.1,1019,6,50.013,Sprint of large group,Watson Samuel,https://www.procyclingstats.com/rider/samuel-watson,2001-09-24,2001,Great Britain,1.88,68.0,19.24,Leeds,35,finished,124,3616,68,Hills,23,GB,INEOS Grenadiers,,,",,",0,12532
9,RR,13 July 2025,Chinon,Châteauroux,174.1,1019,6,50.013,Sprint of large group,Lipowitz Florian,https://www.procyclingstats.com/rider/florian-lipowitz,2000-09-21,2000,Germany,1.81,68.0,20.76,Laichingen,36,finished,8,182,72,GC,24,DE,Red Bull - BORA - hansgrohe,,,",,",0,12532
9,RR,13 July 2025,Chinon,Châteauroux,174.1,1019,6,50.013,Sprint of large group,Teunissen Mike,https://www.procyclingstats.com/rider/mike-teunissen,1992-08-25,1992,Netherlands,1.84,73.0,21.56,Ysselsteyn,37,finished,95,2895,177,Classic,32,NL,XDS Astana Team,,,",,",0,12532
9,RR,13 July 2025,Chinon,Châteauroux,174.1,1019,6,50.013,Sprint of large group,Skjelmose Mattias,https://www.procyclingstats.com/rider/mattias-skjelmose-jensen,2000-09-26,2000,Denmark,1.8,65.0,20.06,Copenhagen,38,finished,10,223,85,Climber,24,DK,Lidl - Trek,,,",,",0,12532
9,RR,13 July 2025,Chinon,Châteauroux,174.1,1019,6,50.013,Sprint of large group,Naesen Oliver,https://www.procyclingstats.com/rider/oliver-naesen,1990-09-16,1990,Belgium,1.84,74.0,21.86,Oostende,39,finished,52,1728,155,Classic,34,BE,Decathlon AG2R La Mondiale Team,,,",,",0,12532
9,RR,13 July 2025,Chinon,Châteauroux,174.1,1019,6,50.013,Sprint of large group,Mas Enric,https://www.procyclingstats.com/rider/enric-mas,1995-01-07,1995,Spain,1.77,61.0,19.47,Artà,40,finished,13,275,141,Climber,30,ES,Movistar Team,,,",,",0,12532
9,RR,13 July 2025,Chinon,Châteauroux,174.1,1019,6,50.013,Sprint of large group,Gachignard Thomas,https://www.procyclingstats.com/rider/thomas-gachignard,2000-08-17,2000,France,,,,Niort,41,finished,62,1953,184,GC,24,FR,TotalEnergies,,,",,",0,12532
9,RR,13 July 2025,Chinon,Châteauroux,174.1,1019,6,50.013,Sprint of large group,Berthet Clément,https://www.procyclingstats.com/rider/clement-berthet,1997-08-02,1997,France,1.84,68.0,20.09,Pierre Bénite,42,finished,33,1149,153,Climber,27,FR,Decathlon AG2R La Mondiale Team,,,",,",0,12532
9,RR,13 July 2025,Chinon,Châteauroux,174.1,1019,6,50.013,Sprint of large group,Jorgenson Matteo,https://www.procyclingstats.com/rider/matteo-jorgenson,1999-07-01,1999,United States,1.9,69.0,19.11,Walnut Creek,43,finished,5,94,15,GC,26,US,Team Visma | Lease a Bike,,,",,",0,12532
9,RR,13 July 2025,Chinon,Châteauroux,174.1,1019,6,50.013,Sprint of large group,Scotson Callum,https://www.procyclingstats.com/rider/callum-scotson,1996-08-10,1996,Australia,1.83,77.0,22.99,Campbelltown,44,finished,43,1505,157,GC,28,AU,Decathlon AG2R La Mondiale Team,,,",,",0,12532
9,RR,13 July 2025,Chinon,Châteauroux,174.1,1019,6,50.013,Sprint of large group,Healy Ben,https://www.procyclingstats.com/rider/ben-healy,2000-09-11,2000,Ireland,1.75,62.0,20.24,Kingswinford Previous nationalities Great Britain until 2016,45,finished,11,235,31,Climber,24,IE,EF Education - EasyPost,,,",,",0,12532
9,RR,13 July 2025,Chinon,Châteauroux,174.1,1019,6,50.013,Sprint of large group,Paret-Peintre Aurélien,https://www.procyclingstats.com/rider/aurelien-paret-peintre,1996-02-27,1996,France,1.84,64.0,18.9,Annemasse,46,finished,17,443,156,GC,29,FR,Decathlon AG2R La Mondiale Team,,,",,",0,12532
9,RR,13 July 2025,Chinon,Châteauroux,174.1,1019,6,50.013,Sprint of large group,Jegat Jordan,https://www.procyclingstats.com/rider/jordan-jegat,1999-06-07,1999,France,1.76,59.0,19.05,Vannes,47,finished,16,339,186,Climber,26,FR,TotalEnergies,,,",,",0,12532
9,RR,13 July 2025,Chinon,Châteauroux,174.1,1019,6,50.013,Sprint of large group,Gall Felix,https://www.procyclingstats.com/rider/felix-gall,1998-02-27,1998,Austria,1.8,66.0,20.37,Nußdorf-Debant,48,finished,14,289,151,Climber,27,AT,Decathlon AG2R La Mondiale Team,,,",,",0,12532
9,RR,13 July 2025,Chinon,Châteauroux,174.1,1019,6,50.013,Sprint of large group,Onley Oscar,https://www.procyclingstats.com/rider/oscar-onley,2002-10-13,2002,Great Britain,1.73,62.0,20.72,Kelso,49,finished,7,169,191,GC,22,GB,Team Picnic PostNL,,,",,",0,12532
9,RR,13 July 2025,Chinon,Châteauroux,174.1,1019,6,50.013,Sprint of large group,Barguil Warren,https://www.procyclingstats.com/rider/warren-barguil,1991-10-28,1991,France,1.83,61.0,18.21,Hennebont,50,finished,27,1021,192,Climber,33,FR,Team Picnic PostNL,,,",,",0,12532
9,RR,13 July 2025,Chinon,Châteauroux,174.1,1019,6,50.013,Sprint of large group,Laurance Axel,https://www.procyclingstats.com/rider/axel-laurance,2001-04-13,2001,France,1.79,63.0,19.66,Calan,51,finished,34,1178,65,Hills,24,FR,INEOS Grenadiers,,,",,",0,12532
9,RR,13 July 2025,Chinon,Châteauroux,174.1,1019,6,50.013,Sprint of large group,Van Lerberghe Bert,https://www.procyclingstats.com/rider/bert-van-lerberghe,1992-09-29,1992,Belgium,1.9,83.0,22.99,Kortrijk,52,finished,148,4101,27,Classic,32,BE,Soudal Quick-Step,,,",,",0,12532
9,RR,13 July 2025,Chinon,Châteauroux,174.1,1019,6,50.013,Sprint of large group,Louvel Matis,https://www.procyclingstats.com/rider/matis-louvel,1999-07-19,1999,France,1.87,77.0,22.02,Mont Saint Aignan,53,finished,94,2866,205,Classic,25,FR,Israel - Premier Tech,,,",,",0,12532
9,RR,13 July 2025,Chinon,Châteauroux,174.1,1019,6,50.013,Sprint of large group,Buchmann Emanuel,https://www.procyclingstats.com/rider/emanuel-buchmann,1992-11-18,1992,Germany,1.8,59.0,18.21,Ravensburg,54,finished,20,515,161,GC,32,DE,Cofidis,,,",,",0,12532
9,RR,13 July 2025,Chinon,Châteauroux,174.1,1019,6,50.013,Sprint of large group,Van Moer Brent,https://www.procyclingstats.com/rider/brent-van-moer,1998-01-12,1998,Belgium,1.91,79.0,21.66,Beveren,55,finished,101,3033,218,Classic,27,BE,Lotto,,,",,",0,12532
9,RR,13 July 2025,Chinon,Châteauroux,174.1,1019,6,50.013,Sprint of large group,Stuyven Jasper,https://www.procyclingstats.com/rider/jasper-stuyven,1992-04-17,1992,Belgium,1.87,80.0,22.88,Leuven,56,finished,51,1718,87,Classic,33,BE,Lidl - Trek,,,",,",0,12532
9,RR,13 July 2025,Chinon,Châteauroux,174.1,1019,6,50.013,Sprint of large group,Powless Neilson,https://www.procyclingstats.com/rider/neilson-powless,1996-09-03,1996,United States,1.83,67.0,20.01,Eglin,57,finished,26,1018,35,Classic,28,US,EF Education - EasyPost,,,",,",0,12532
9,RR,13 July 2025,Chinon,Châteauroux,174.1,1019,6,50.013,Sprint of large group,Hoelgaard Markus,https://www.procyclingstats.com/rider/markus-hoelgaard,1994-10-04,1994,Norway,1.88,74.0,20.94,Stavanger,58,finished,37,1346,225,Classic,30,NO,Uno-X Mobility,,,",,",0,12532
9,RR,13 July 2025,Chinon,Châteauroux,174.1,1019,6,50.013,Sprint of large group,Moscon Gianni,https://www.procyclingstats.com/rider/gianni-moscon,1994-04-20,1994,Italy,1.8,71.0,21.91,Trento,59,finished,73,2267,74,Classic,31,IT,Red Bull - BORA - hansgrohe,,,",,",0,12532
9,RR,13 July 2025,Chinon,Châteauroux,174.1,1019,6,50.013,Sprint of large group,Boivin Guillaume,https://www.procyclingstats.com/rider/guillaume-boivin,1989-05-25,1989,Canada,1.8,78.0,24.07,Montreal,60,finished,160,4445,204,Classic,36,CA,Israel - Premier Tech,,,",,",0,12532
9,RR,13 July 2025,Chinon,Châteauroux,174.1,1019,6,50.013,Sprint of large group,Neilands Krists,https://www.procyclingstats.com/rider/krists-neilands,1994-08-18,1994,Latvia,1.89,69.0,19.32,Kuldīga,61,finished,68,2132,207,Classic,30,LV,Israel - Premier Tech,,,",,",0,12532
9,RR,13 July 2025,Chinon,Châteauroux,174.1,1019,6,50.013,Sprint of large group,Andresen Tobias Lund,https://www.procyclingstats.com/rider/tobias-lund-andresen,2002-08-20,2002,Denmark,1.81,69.0,21.06,Taastrup,62,finished,54,1806,195,Classic,22,DK,Team Picnic PostNL,,,",,",0,12532
9,RR,13 July 2025,Chinon,Châteauroux,174.1,1019,6,50.013,Sprint of large group,Russo Clément,https://www.procyclingstats.com/rider/clement-russo,1995-01-20,1995,France,1.87,74.0,21.16,Lyon,63,finished,118,3530,98,Classic,30,FR,Groupama - FDJ,,,",,",0,12532
9,RR,13 July 2025,Chinon,Châteauroux,174.1,1019,6,50.013,Sprint of large group,van Aert Wout,https://www.procyclingstats.com/rider/wout-van-aert,1994-09-15,1994,Belgium,1.9,78.0,21.61,Herentals,64,finished,49,1607,17,Classic,30,BE,Team Visma | Lease a Bike,,,0:17,17,12549
9,RR,13 July 2025,Chinon,Châteauroux,174.1,1019,6,50.013,Sprint of large group,Barthe Cyril,https://www.procyclingstats.com/rider/cyril-barthe,1996-02-14,1996,France,1.84,70.0,20.68,Sauveterre-de-Béarn,65,finished,66,2087,93,Hills,29,FR,Groupama - FDJ,,,",,",17,12549
9,RR,13 July 2025,Chinon,Châteauroux,174.1,1019,6,50.013,Sprint of large group,Campenaerts Victor,https://www.procyclingstats.com/rider/victor-campenaerts,1991-10-28,1991,Belgium,1.73,68.0,22.72,Hoboken,66,finished,57,1826,14,TT,33,BE,Team Visma | Lease a Bike,,,",,",17,12549
9,RR,13 July 2025,Chinon,Châteauroux,174.1,1019,6,50.013,Sprint of large group,Drizners Jarrad,https://www.procyclingstats.com/rider/jarrad-drizners,1999-05-31,1999,Australia,1.86,70.0,20.23,Adelaide,67,finished,159,4348,214,GC,26,AU,Lotto,,,",,",17,12549
9,RR,13 July 2025,Chinon,Châteauroux,174.1,1019,6,50.013,Sprint of large group,van der Poel Mathieu,https://www.procyclingstats.com/rider/mathieu-van-der-poel,1995-01-19,1995,Netherlands,1.84,75.0,22.15,Kapellen,68,finished,6,106,106,Classic,30,NL,Alpecin - Deceuninck,,,",,",17,12549
9,RR,13 July 2025,Chinon,Châteauroux,174.1,1019,6,50.013,Sprint of large group,Albanese Vincenzo,https://www.procyclingstats.com/rider/vincenzo-albanese,1996-11-12,1996,Italy,1.75,70.0,22.86,Oliveto Citra,69,finished,102,3045,32,Hills,28,IT,EF Education - EasyPost,,,",,",17,12549
9,RR,13 July 2025,Chinon,Châteauroux,174.1,1019,6,50.013,Sprint of large group,Aranburu Alex,https://www.procyclingstats.com/rider/alex-aranburu,1995-09-19,1995,Spain,1.78,63.0,19.88,Ezkio-Itsaso,70,finished,60,1879,162,Classic,29,ES,Cofidis,,,",,",17,12549
9,RR,13 July 2025,Chinon,Châteauroux,174.1,1019,6,50.013,Sprint of large group,Mezgec Luka,https://www.procyclingstats.com/rider/luka-mezgec,1988-06-27,1988,Slovenia,1.83,72.0,21.5,Kranj,71,finished,138,3923,125,Hills,37,SI,Team Jayco AlUla,,,",,",17,12549
9,RR,13 July 2025,Chinon,Châteauroux,174.1,1019,6,50.013,Sprint of large group,Rex Laurenz,https://www.procyclingstats.com/rider/laurenz-rex,1999-12-15,1999,Belgium,1.93,83.0,22.28,Marburg,72,finished,157,4280,45,Classic,25,BE,Intermarché - Wanty,,,",,",17,12549
9,RR,13 July 2025,Chinon,Châteauroux,174.1,1019,6,50.013,Sprint of large group,Mohorič Matej,https://www.procyclingstats.com/rider/matej-mohoric,1994-10-19,1994,Slovenia,1.86,71.0,20.52,Kranj,73,finished,103,3046,56,Classic,30,SI,Bahrain - Victorious,,,",,",17,12549
9,RR,13 July 2025,Chinon,Châteauroux,174.1,1019,6,50.013,Sprint of large group,Grégoire Romain,https://www.procyclingstats.com/rider/romain-gregoire,2003-01-21,2003,France,1.76,64.0,20.66,Besançon,74,finished,22,669,94,Classic,22,FR,Groupama - FDJ,,,",,",17,12549
9,RR,13 July 2025,Chinon,Châteauroux,174.1,1019,6,50.013,Sprint of large group,Benoot Tiesj,https://www.procyclingstats.com/rider/tiesj-benoot,1994-03-11,1994,Belgium,1.9,72.0,19.94,Ghent,75,finished,21,616,13,Classic,31,BE,Team Visma | Lease a Bike,,,",,",17,12549
9,RR,13 July 2025,Chinon,Châteauroux,174.1,1019,6,50.013,Sprint of large group,Vlasov Aleksandr,https://www.procyclingstats.com/rider/aleksandr-vlasov,1996-04-23,1996,Russia,1.86,68.0,19.66,Vyborg,76,finished,40,1449,78,Climber,29,RU,Red Bull - BORA - hansgrohe,,,",,",17,12549
9,RR,13 July 2025,Chinon,Châteauroux,174.1,1019,6,50.013,Sprint of large group,Sepúlveda Eduardo,https://www.procyclingstats.com/rider/eduardo-sepulveda,1991-06-13,1991,Argentina,1.73,59.0,19.71,Rawson,77,finished,126,3691,216,GC,34,AR,Lotto,,,",,",17,12549
9,RR,13 July 2025,Chinon,Châteauroux,174.1,1019,6,50.013,Sprint of large group,Berckmoes Jenno,https://www.procyclingstats.com/rider/jenno-berckmoes,2001-02-04,2001,Belgium,1.77,61.0,19.47,Ghent,78,finished,23,700,212,Classic,24,BE,Lotto,,,",,",17,12549
9,RR,13 July 2025,Chinon,Châteauroux,174.1,1019,6,50.013,Sprint of large group,Narváez Jhonatan,https://www.procyclingstats.com/rider/jhonatan-narvaez,1997-03-04,1997,Ecuador,1.74,65.0,21.47,El Playón de San Francisco,79,finished,19,508,3,Hills,28,EC,UAE Team Emirates - XRG,,,",,",17,12549
9,RR,13 July 2025,Chinon,Châteauroux,174.1,1019,6,50.013,Sprint of large group,Asgreen Kasper,https://www.procyclingstats.com/rider/kasper-asgreen,1995-02-08,1995,Denmark,1.93,75.0,20.13,Kolding,80,finished,74,2302,33,TT,30,DK,EF Education - EasyPost,,,",,",17,12549
9,RR,13 July 2025,Chinon,Châteauroux,174.1,1019,6,50.013,Sprint of large group,Reinders Elmar,https://www.procyclingstats.com/rider/elmar-reinders,1992-03-14,1992,Netherlands,1.9,78.1,21.63,Emmen,81,finished,134,3837,127,Classic,33,NL,Team Jayco AlUla,,,",,",17,12549
9,RR,13 July 2025,Chinon,Châteauroux,174.1,1019,6,50.013,Sprint of large group,Theuns Edward,https://www.procyclingstats.com/rider/edward-theuns,1991-04-30,1991,Belgium,1.83,72.0,21.5,Ghent,82,finished,165,4647,88,Classic,34,BE,Lidl - Trek,,,",,",17,12549
9,RR,13 July 2025,Chinon,Châteauroux,174.1,1019,6,50.013,Sprint of large group,Dillier Silvan,https://www.procyclingstats.com/rider/silvan-dillier,1990-08-03,1990,Switzerland,1.83,75.0,22.4,Aarau,83,finished,166,4649,102,Classic,34,CH,Alpecin - Deceuninck,,,",,",17,12549
9,RR,13 July 2025,Chinon,Châteauroux,174.1,1019,6,50.013,Sprint of large group,Kuss Sepp,https://www.procyclingstats.com/rider/sepp-kuss,1994-09-13,1994,United States,1.82,61.0,18.42,Durango,84,finished,31,1093,16,Climber,30,US,Team Visma | Lease a Bike,,,",,",17,12549
9,RR,13 July 2025,Chinon,Châteauroux,174.1,1019,6,50.013,Sprint of large group,Izagirre Ion,https://www.procyclingstats.com/rider/ion-izagirre,1989-02-04,1989,Spain,1.73,60.0,20.05,Ormaiztegi,85,finished,67,2109,164,GC,36,ES,Cofidis,,,",,",17,12549
9,RR,13 July 2025,Chinon,Châteauroux,174.1,1019,6,50.013,Sprint of large group,Arensman Thymen,https://www.procyclingstats.com/rider/thymen-arensman,1999-12-04,1999,Netherlands,1.9,68.0,18.84,Deil,86,finished,47,1560,62,GC,25,NL,INEOS Grenadiers,,,",,",17,12549
9,RR,13 July 2025,Chinon,Châteauroux,174.1,1019,6,50.013,Sprint of large group,Gradek Kamil,https://www.procyclingstats.com/rider/kamil-gradek,1990-09-17,1990,Poland,1.94,83.0,22.05,Koziegłowy,87,finished,162,4597,53,TT,34,PL,Bahrain - Victorious,,,",,",17,12549
9,RR,13 July 2025,Chinon,Châteauroux,174.1,1019,6,50.013,Sprint of large group,Wright Fred,https://www.procyclingstats.com/rider/alfred-wright,1999-06-13,1999,Great Britain,1.84,75.0,22.15,London,88,finished,96,2901,58,Hills,26,GB,Bahrain - Victorious,,,0:41,41,12573
9,RR,13 July 2025,Chinon,Châteauroux,174.1,1019,6,50.013,Sprint of large group,Page Hugo,https://www.procyclingstats.com/rider/hugo-page,2001-07-24,2001,France,1.85,71.0,20.75,Chartres,89,finished,154,4219,44,Classic,23,FR,Intermarché - Wanty,,,0:49,49,12581
9,RR,13 July 2025,Chinon,Châteauroux,174.1,1019,6,50.013,Sprint of large group,Venturini Clément,https://www.procyclingstats.com/rider/clement-venturini,1993-10-16,1993,France,1.65,60.0,22.04,Villeurbanne,90,finished,35,1223,138,Classic,31,FR,Arkéa - B&B Hotels,,,",,",49,12581
9,RR,13 July 2025,Chinon,Châteauroux,174.1,1019,6,50.013,Sprint of large group,Delettre Alexandre,https://www.procyclingstats.com/rider/alexandre-delettre,1997-10-25,1997,France,1.7,62.0,21.45,Gonesse,91,finished,32,1123,183,Classic,27,FR,TotalEnergies,,,0:54,54,12586
9,RR,13 July 2025,Chinon,Châteauroux,174.1,1019,6,50.013,Sprint of large group,Stannard Robert,https://www.procyclingstats.com/rider/robert-stannard,1998-09-16,1998,Australia,1.79,74.0,23.1,Sydney Previous nationalities New Zealand until 2016,92,finished,85,2605,57,Hills,26,AU,Bahrain - Victorious,,,1:04,64,12596
9,RR,13 July 2025,Chinon,Châteauroux,174.1,1019,6,50.013,Sprint of large group,Touzé Damien,https://www.procyclingstats.com/rider/damien-touze,1996-07-07,1996,France,1.74,69.0,22.79,Iville,93,finished,81,2582,168,Classic,29,FR,Cofidis,,,1:07,67,12599
9,RR,13 July 2025,Chinon,Châteauroux,174.1,1019,6,50.013,Sprint of large group,Braet Vito,https://www.procyclingstats.com/rider/vito-braet,2000-11-02,2000,Belgium,1.84,68.0,20.09,Hulste,94,finished,153,4215,43,Classic,24,BE,Intermarché - Wanty,,,1:12,72,12604
9,RR,13 July 2025,Chinon,Châteauroux,174.1,1019,6,50.013,Sprint of large group,Mayrhofer Marius,https://www.procyclingstats.com/rider/marius-mayrhofer,2000-09-18,2000,Germany,1.82,70.0,21.13,Tübingen,95,finished,92,2821,116,Hills,24,DE,Tudor Pro Cycling Team,,,",,",72,12604
9,RR,13 July 2025,Chinon,Châteauroux,174.1,1019,6,50.013,Sprint of large group,Leknessund Andreas,https://www.procyclingstats.com/rider/andreas-leknessund,1999-05-21,1999,Norway,1.86,72.0,20.81,Tromsø,96,finished,77,2419,227,GC,26,NO,Uno-X Mobility,,,",,",72,12604
9,RR,13 July 2025,Chinon,Châteauroux,174.1,1019,6,50.013,Sprint of large group,Meurisse Xandro,https://www.procyclingstats.com/rider/xandro-meurisse,1992-01-31,1992,Belgium,1.81,68.0,20.76,Kortrijk,97,finished,24,862,104,GC,33,BE,Alpecin - Deceuninck,,,",,",72,12604
9,RR,13 July 2025,Chinon,Châteauroux,174.1,1019,6,50.013,Sprint of large group,Eenkhoorn Pascal,https://www.procyclingstats.com/rider/pascal-eenkhoorn,1997-02-08,1997,Netherlands,1.85,72.0,21.04,Zwolle,98,finished,36,1340,23,Classic,28,NL,Soudal Quick-Step,,,",,",72,12604
9,RR,13 July 2025,Chinon,Châteauroux,174.1,1019,6,50.013,Sprint of large group,Teuns Dylan,https://www.procyclingstats.com/rider/dylan-teuns,1992-03-01,1992,Belgium,1.81,64.0,19.54,Diest,99,finished,89,2723,166,GC,33,BE,Cofidis,,,",,",72,12604
9,RR,13 July 2025,Chinon,Châteauroux,174.1,1019,6,50.013,Sprint of large group,Oliveira Nelson,https://www.procyclingstats.com/rider/nelson-oliveira,1989-03-06,1989,Portugal,1.8,67.0,20.68,Anadia,100,finished,59,1838,144,TT,36,PT,Movistar Team,,,",,",72,12604
9,RR,13 July 2025,Chinon,Châteauroux,174.1,1019,6,50.013,Sprint of large group,Valgren Michael,https://www.procyclingstats.com/rider/michael-valgren-andersen,1992-02-07,1992,Denmark,1.79,71.0,22.16,Østerild,101,finished,98,2923,37,Classic,33,DK,EF Education - EasyPost,,,1:22,82,12614
9,RR,13 July 2025,Chinon,Châteauroux,174.1,1019,6,50.013,Sprint of large group,Pacher Quentin,https://www.procyclingstats.com/rider/quentin-pacher,1992-01-06,1992,France,1.79,62.0,19.35,Libourne,102,finished,30,1071,96,Hills,33,FR,Groupama - FDJ,,,",,",82,12614
9,RR,13 July 2025,Chinon,Châteauroux,174.1,1019,6,50.013,Sprint of large group,Van Wilder Ilan,https://www.procyclingstats.com/rider/ilan-van-wilder,2000-05-14,2000,Belgium,1.71,64.0,21.89,Jette,103,finished,41,1487,28,GC,25,BE,Soudal Quick-Step,,,1:44,104,12636
9,RR,13 July 2025,Chinon,Châteauroux,174.1,1019,6,50.013,Sprint of large group,Capiot Amaury,https://www.procyclingstats.com/rider/amaury-capiot,1993-06-25,1993,Belgium,1.86,69.0,19.94,Tongeren,104,finished,133,3826,132,Classic,32,BE,Arkéa - B&B Hotels,,,",,",104,12636
9,RR,13 July 2025,Chinon,Châteauroux,174.1,1019,6,50.013,Sprint of large group,Cort Magnus,https://www.procyclingstats.com/rider/magnus-cort-nielsen,1993-01-16,1993,Denmark,1.84,68.0,20.09,Rønne,105,finished,150,4182,223,Hills,32,DK,Uno-X Mobility,,,1:52,112,12644
9,RR,13 July 2025,Chinon,Châteauroux,174.1,1019,6,50.013,Sprint of large group,Thomas Geraint,https://www.procyclingstats.com/rider/geraint-thomas,1986-05-25,1986,Great Britain,1.83,71.0,21.2,Cardiff,106,finished,48,1561,61,GC,39,GB,INEOS Grenadiers,,,",,",112,12644
9,RR,13 July 2025,Chinon,Châteauroux,174.1,1019,6,50.013,Sprint of large group,Swift Connor,https://www.procyclingstats.com/rider/connor-swift,1995-10-30,1995,Great Britain,1.9,75.0,20.78,Thorne,107,finished,87,2704,67,Classic,29,GB,INEOS Grenadiers,,,",,",112,12644
9,RR,13 July 2025,Chinon,Châteauroux,174.1,1019,6,50.013,Sprint of large group,Sweeny Harry,https://www.procyclingstats.com/rider/harry-sweeny,1998-07-09,1998,Australia,1.86,75.0,21.68,Warwick,108,finished,46,1535,36,GC,27,AU,EF Education - EasyPost,,,",,",112,12644
9,RR,13 July 2025,Chinon,Châteauroux,174.1,1019,6,50.013,Sprint of large group,Baudin Alex,https://www.procyclingstats.com/rider/alex-baudin,2001-05-25,2001,France,1.83,64.0,19.11,Albertville,109,finished,44,1515,34,Climber,24,FR,EF Education - EasyPost,,,",,",112,12644
9,RR,13 July 2025,Chinon,Châteauroux,174.1,1019,6,50.013,Sprint of large group,Verstrynge Emiel,https://www.procyclingstats.com/rider/emiel-verstrynge,2002-02-04,2002,Belgium,1.89,69.0,19.32,Eeklo,110,finished,97,2908,108,Climber,23,BE,Alpecin - Deceuninck,,,2:06,126,12658
9,RR,13 July 2025,Chinon,Châteauroux,174.1,1019,6,50.013,Sprint of large group,Simmons Quinn,https://www.procyclingstats.com/rider/quinn-simmons,2001-05-08,2001,United States,1.85,73.0,21.33,Durango,111,finished,65,2076,84,Hills,24,US,Lidl - Trek,,,2:20,140,12672
9,RR,13 July 2025,Chinon,Châteauroux,174.1,1019,6,50.013,Sprint of large group,Soler Marc,https://www.procyclingstats.com/rider/marc-soler,1993-11-22,1993,Spain,1.86,68.0,19.66,Vilanova i la Geltrú,112,finished,71,2232,6,Climber,31,ES,UAE Team Emirates - XRG,,,",,",140,12672
9,RR,13 July 2025,Chinon,Châteauroux,174.1,1019,6,50.013,Sprint of large group,Pithie Laurence,https://www.procyclingstats.com/rider/laurence-pithie,2002-07-17,2002,New Zealand,1.85,74.0,21.62,Christchurch,113,finished,84,2602,75,Classic,22,NZ,Red Bull - BORA - hansgrohe,,,",,",140,12672
9,RR,13 July 2025,Chinon,Châteauroux,174.1,1019,6,50.013,Sprint of large group,Askey Lewis,https://www.procyclingstats.com/rider/lewis-askey,2001-05-04,2001,Great Britain,1.87,75.0,21.45,Cannock,114,finished,145,4061,92,Classic,24,GB,Groupama - FDJ,,,",,",140,12672
9,RR,13 July 2025,Chinon,Châteauroux,174.1,1019,6,50.013,Sprint of large group,Affini Edoardo,https://www.procyclingstats.com/rider/edoardo-affini,1996-06-24,1996,Italy,1.9,85.0,23.55,Mantua,115,finished,136,3915,12,TT,29,IT,Team Visma | Lease a Bike,,,2:43,163,12695
9,RR,13 July 2025,Chinon,Châteauroux,174.1,1019,6,50.013,Sprint of large group,Consonni Simone,https://www.procyclingstats.com/rider/simone-consonni,1994-09-12,1994,Italy,1.65,60.0,22.04,Ponte San Pietro,116,finished,164,4623,82,Classic,30,IT,Lidl - Trek,,,",,",163,12695
9,RR,13 July 2025,Chinon,Châteauroux,174.1,1019,6,50.013,Sprint of large group,Rickaert Jonas,https://www.procyclingstats.com/rider/jonas-rickaert,1994-02-07,1994,Belgium,1.9,88.0,24.38,Sint-Eloois-Vijve,117,finished,114,3401,105,Classic,31,BE,Alpecin - Deceuninck,,,3:03,183,12715
9,RR,13 July 2025,Chinon,Châteauroux,174.1,1019,6,50.013,Sprint of large group,Grignard Sébastien,https://www.procyclingstats.com/rider/sebastien-grignard,1999-04-29,1999,Belgium,1.79,68.0,21.22,Mons,118,finished,169,4664,215,Classic,26,BE,Lotto,,,4:08,248,12780
9,RR,13 July 2025,Chinon,Châteauroux,174.1,1019,6,50.013,Sprint of large group,Flynn Sean,https://www.procyclingstats.com/rider/sean-flynn,2000-03-02,2000,Great Britain,1.77,67.0,21.39,Edinburgh,119,finished,135,3912,194,GC,25,GB,Team Picnic PostNL,,,4:37,277,12809
9,RR,13 July 2025,Chinon,Châteauroux,174.1,1019,6,50.013,Sprint of large group,Paret-Peintre Valentin,https://www.procyclingstats.com/rider/valentin-paret-peintre,2001-01-14,2001,France,1.78,52.0,16.41,Annemasse,120,finished,107,3107,25,Climber,24,FR,Soudal Quick-Step,,,5:39,339,12871
9,RR,13 July 2025,Chinon,Châteauroux,174.1,1019,6,50.013,Sprint of large group,Schachmann Maximilian,https://www.procyclingstats.com/rider/maximilian-schachmann,1994-01-09,1994,Germany,1.83,71.0,21.2,Berlin,121,finished,80,2533,26,GC,31,DE,Soudal Quick-Step,,,6:58,418,12950
9,RR,13 July 2025,Chinon,Châteauroux,174.1,1019,6,50.013,Sprint of large group,Politt Nils,https://www.procyclingstats.com/rider/nils-politt,1994-03-06,1994,Germany,1.92,80.0,21.7,Cologne,122,finished,117,3524,4,Classic,31,DE,UAE Team Emirates - XRG,,,",,",418,12950
9,RR,13 July 2025,Chinon,Châteauroux,174.1,1019,6,50.013,Sprint of large group,Rutsch Jonas,https://www.procyclingstats.com/rider/jonas-rutsch,1998-01-24,1998,Germany,1.97,82.0,21.13,Erbach im Odenwald,123,finished,146,4063,46,Classic,27,DE,Intermarché - Wanty,,,",,",418,12950
9,RR,13 July 2025,Chinon,Châteauroux,174.1,1019,6,50.013,Sprint of large group,Ballerini Davide,https://www.procyclingstats.com/rider/davide-ballerini,1994-09-21,1994,Italy,1.83,71.0,21.2,Cantù,124,finished,173,5052,172,Classic,30,IT,XDS Astana Team,,,",,",418,12950
9,RR,13 July 2025,Chinon,Châteauroux,174.1,1019,6,50.013,Sprint of large group,Johannessen Anders Halland,https://www.procyclingstats.com/rider/anders-halland-johannessen,1999-08-23,1999,Norway,1.76,,,Drøbak,125,finished,105,3088,226,GC,25,NO,Uno-X Mobility,,,",,",418,12950
9,RR,13 July 2025,Chinon,Châteauroux,174.1,1019,6,50.013,Sprint of large group,Wærenskjold Søren,https://www.procyclingstats.com/rider/soren-waerenskjold,2000-03-12,2000,Norway,1.95,92.0,24.19,Mandal,126,finished,158,4303,228,Classic,25,NO,Uno-X Mobility,,,",,",418,12950
9,RR,13 July 2025,Chinon,Châteauroux,174.1,1019,6,50.013,Sprint of large group,Armirail Bruno,https://www.procyclingstats.com/rider/bruno-armirail,1994-04-11,1994,France,1.9,72.0,19.94,Bagnères-de-Bigorre,127,finished,78,2444,152,TT,31,FR,Decathlon AG2R La Mondiale Team,,,",,",418,12950
9,RR,13 July 2025,Chinon,Châteauroux,174.1,1019,6,50.013,Sprint of large group,Storer Michael,https://www.procyclingstats.com/rider/michael-storer,1997-02-28,1997,Australia,1.77,63.0,20.11,Perth,128,finished,128,3725,117,Climber,28,AU,Tudor Pro Cycling Team,,,",,",418,12950
9,RR,13 July 2025,Chinon,Châteauroux,174.1,1019,6,50.013,Sprint of large group,Woods Michael,https://www.procyclingstats.com/rider/michael-woods,1986-10-12,1986,Canada,1.75,62.0,20.24,Toronto,129,finished,99,2998,201,Climber,38,CA,Israel - Premier Tech,,,",,",418,12950
9,RR,13 July 2025,Chinon,Châteauroux,174.1,1019,6,50.013,Sprint of large group,Haller Marco,https://www.procyclingstats.com/rider/marco-haller,1991-04-01,1991,Austria,1.78,72.0,22.72,Sankt Veit an der Glan,130,finished,108,3153,113,Classic,34,AT,Tudor Pro Cycling Team,,,",,",418,12950
9,RR,13 July 2025,Chinon,Châteauroux,174.1,1019,6,50.013,Sprint of large group,Lienhard Fabian,https://www.procyclingstats.com/rider/fabian-lienhard,1993-09-03,1993,Switzerland,1.83,73.0,21.8,Steinmaur,131,finished,172,4838,115,Classic,31,CH,Tudor Pro Cycling Team,,,",,",418,12950
9,RR,13 July 2025,Chinon,Châteauroux,174.1,1019,6,50.013,Sprint of large group,Alaphilippe Julian,https://www.procyclingstats.com/rider/julian-alaphilippe,1992-06-11,1992,France,1.73,62.0,20.72,Saint-Amand-Montrond,132,finished,75,2346,111,Classic,33,FR,Tudor Pro Cycling Team,,,",,",418,12950
9,RR,13 July 2025,Chinon,Châteauroux,174.1,1019,6,50.013,Sprint of large group,Castrillo Pablo,https://www.procyclingstats.com/rider/pablo-castrillo-zapater,2001-01-02,2001,Spain,1.83,74.0,22.1,Jaca,133,finished,130,3752,143,Climber,24,ES,Movistar Team,,,",,",418,12950
9,RR,13 July 2025,Chinon,Châteauroux,174.1,1019,6,50.013,Sprint of large group,Romeo Iván,https://www.procyclingstats.com/rider/ivan-romeo,2003-08-16,2003,Spain,1.93,75.0,20.13,Valladolid,134,finished,113,3303,147,GC,21,ES,Movistar Team,,,",,",418,12950
9,RR,13 July 2025,Chinon,Châteauroux,174.1,1019,6,50.013,Sprint of large group,Cras Steff,https://www.procyclingstats.com/rider/steff-cras,1996-02-13,1996,Belgium,1.83,67.0,20.01,Geel,135,finished,38,1366,181,GC,29,BE,TotalEnergies,,,",,",418,12950
9,RR,13 July 2025,Chinon,Châteauroux,174.1,1019,6,50.013,Sprint of large group,Märkl Niklas,https://www.procyclingstats.com/rider/niklas-markl,1999-03-03,1999,Germany,1.85,70.0,20.45,Queidersbach,136,finished,127,3720,196,Sprint,26,DE,Team Picnic PostNL,,,",,",418,12950
9,RR,13 July 2025,Chinon,Châteauroux,174.1,1019,6,50.013,Sprint of large group,Naberman Tim,https://www.procyclingstats.com/rider/tim-naberman,1999-05-11,1999,Netherlands,1.87,70.0,20.02,Genemuiden,137,finished,149,4149,197,GC,26,NL,Team Picnic PostNL,,,",,",418,12950
9,RR,13 July 2025,Chinon,Châteauroux,174.1,1019,6,50.013,Sprint of large group,van Sintmaartensdijk Roel,https://www.procyclingstats.com/rider/roel-van-sintmaartensdijk,2001-05-08,2001,Netherlands,1.97,77.0,19.84,Zuidland,138,finished,174,5153,47,GC,24,NL,Intermarché - Wanty,,,",,",418,12950
9,RR,13 July 2025,Chinon,Châteauroux,174.1,1019,6,50.013,Sprint of large group,O'Connor Ben,https://www.procyclingstats.com/rider/ben-o-connor,1995-11-25,1995,Australia,1.88,67.0,18.96,Subiaco,139,finished,25,923,121,GC,29,AU,Team Jayco AlUla,,,",,",418,12950
9,RR,13 July 2025,Chinon,Châteauroux,174.1,1019,6,50.013,Sprint of large group,Durbridge Luke,https://www.procyclingstats.com/rider/luke-durbridge,1991-04-09,1991,Australia,1.87,78.0,22.31,Greenmount,140,finished,170,4670,123,TT,34,AU,Team Jayco AlUla,,,",,",418,12950
9,RR,13 July 2025,Chinon,Châteauroux,174.1,1019,6,50.013,Sprint of large group,Schmid Mauro,https://www.procyclingstats.com/rider/mauro-schmid,1999-12-04,1999,Switzerland,1.87,70.0,20.02,Bülach,141,finished,109,3168,128,Hills,25,CH,Team Jayco AlUla,,,",,",418,12950
9,RR,13 July 2025,Chinon,Châteauroux,174.1,1019,6,50.013,Sprint of large group,Plapp Luke,https://www.procyclingstats.com/rider/luke-plapp,2000-12-25,2000,Australia,1.81,72.0,21.98,Melbourne,142,finished,125,3686,126,GC,24,AU,Team Jayco AlUla,,,",,",418,12950
9,RR,13 July 2025,Chinon,Châteauroux,174.1,1019,6,50.013,Sprint of large group,Rubio Einer,https://www.procyclingstats.com/rider/einer-rubio,1998-02-22,1998,Colombia,1.64,56.0,20.82,Chíquiza,143,finished,123,3614,148,Climber,27,CO,Movistar Team,,,",,",418,12950
9,RR,13 July 2025,Chinon,Châteauroux,174.1,1019,6,50.013,Sprint of large group,Rodríguez Cristián,https://www.procyclingstats.com/rider/cristian-rodriguez,1995-03-03,1995,Spain,1.78,59.0,18.62,El Ejido,144,finished,29,1070,137,GC,30,ES,Arkéa - B&B Hotels,,,",,",418,12950
9,RR,13 July 2025,Chinon,Châteauroux,174.1,1019,6,50.013,Sprint of large group,Madouas Valentin,https://www.procyclingstats.com/rider/valentin-madouas,1996-07-12,1996,France,1.79,71.0,22.16,Brest,145,finished,28,1046,95,Classic,29,FR,Groupama - FDJ,,,",,",418,12950
9,RR,13 July 2025,Chinon,Châteauroux,174.1,1019,6,50.013,Sprint of large group,Yates Simon,https://www.procyclingstats.com/rider/simon-yates,1992-08-07,1992,Great Britain,1.72,58.0,19.61,Bury,146,finished,42,1498,18,Climber,32,GB,Team Visma | Lease a Bike,,,",,",418,12950
9,RR,13 July 2025,Chinon,Châteauroux,174.1,1019,6,50.013,Sprint of large group,Yates Adam,https://www.procyclingstats.com/rider/adam-yates,1992-08-07,1992,Great Britain,1.73,58.0,19.38,Bury,147,finished,64,2063,8,Climber,32,GB,UAE Team Emirates - XRG,,,",,",418,12950
9,RR,13 July 2025,Chinon,Châteauroux,174.1,1019,6,50.013,Sprint of large group,Blackmore Joseph,https://www.procyclingstats.com/rider/joseph-blackmore,2003-02-23,2003,Great Britain,1.81,66.0,20.15,Sidcup,148,finished,53,1759,203,GC,22,GB,Israel - Premier Tech,,,",,",418,12950
9,RR,13 July 2025,Chinon,Châteauroux,174.1,1019,6,50.013,Sprint of large group,Hirschi Marc,https://www.procyclingstats.com/rider/marc-hirschi,1998-08-24,1998,Switzerland,1.74,61.0,20.15,Bern,149,finished,86,2679,114,Classic,26,CH,Tudor Pro Cycling Team,,,",,",418,12950
9,RR,13 July 2025,Chinon,Châteauroux,174.1,1019,6,50.013,Sprint of large group,Martinez Lenny,https://www.procyclingstats.com/rider/lenny-martinez,2003-07-11,2003,France,1.68,52.0,18.42,Cannes,150,finished,131,3759,55,Climber,22,FR,Bahrain - Victorious,,,",,",418,12950
9,RR,13 July 2025,Chinon,Châteauroux,174.1,1019,6,50.013,Sprint of large group,Costiou Ewen,https://www.procyclingstats.com/rider/ewen-costiou,2002-11-10,2002,France,1.76,64.0,20.66,Brest,151,finished,116,3446,133,GC,22,FR,Arkéa - B&B Hotels,,,",,",418,12950
9,RR,13 July 2025,Chinon,Châteauroux,174.1,1019,6,50.013,Sprint of large group,Zimmermann Georg,https://www.procyclingstats.com/rider/georg-zimmermann,1997-10-11,1997,Germany,1.81,70.0,21.37,Augsburg,152,finished,115,3435,48,Classic,27,DE,Intermarché - Wanty,,,",,",418,12950
9,RR,13 July 2025,Chinon,Châteauroux,174.1,1019,6,50.013,Sprint of large group,Skujiņš Toms,https://www.procyclingstats.com/rider/toms-skujins,1991-06-15,1991,Latvia,1.81,72.0,21.98,Sigulda,153,finished,63,2028,86,Classic,34,LV,Lidl - Trek,,,",,",418,12950
9,RR,13 July 2025,Chinon,Châteauroux,174.1,1019,6,50.013,Sprint of large group,Barta Will,https://www.procyclingstats.com/rider/william-barta,1996-01-04,1996,United States,1.8,61.0,18.83,Boise,154,finished,119,3535,142,TT,29,US,Movistar Team,,,",,",418,12950
9,RR,13 July 2025,Chinon,Châteauroux,174.1,1019,6,50.013,Sprint of large group,Mühlberger Gregor,https://www.procyclingstats.com/rider/gregor-muhlberger,1994-04-04,1994,Austria,1.8,64.0,19.75,Haidershofen,155,finished,72,2236,146,GC,31,AT,Movistar Team,,,",,",418,12950
9,RR,13 July 2025,Chinon,Châteauroux,174.1,1019,6,50.013,Sprint of large group,Foss Tobias,https://www.procyclingstats.com/rider/tobias-foss,1997-05-25,1997,Norway,1.84,74.0,21.86,Vingrom,156,finished,79,2508,63,TT,28,NO,INEOS Grenadiers,,,",,",418,12950
9,RR,13 July 2025,Chinon,Châteauroux,174.1,1019,6,50.013,Sprint of large group,Abrahamsen Jonas,https://www.procyclingstats.com/rider/jonas-abrahamsen,1995-09-20,1995,Norway,1.83,78.0,23.29,Skien,157,finished,110,3189,222,Classic,29,NO,Uno-X Mobility,,,",,",418,12950
9,RR,13 July 2025,Chinon,Châteauroux,174.1,1019,6,50.013,Sprint of large group,van den Berg Marijn,https://www.procyclingstats.com/rider/marijn-van-den-berg,1999-07-19,1999,Netherlands,1.82,73.0,22.04,De Meern,158,finished,155,4229,38,Hills,25,NL,EF Education - EasyPost,,,",,",418,12950
9,RR,13 July 2025,Chinon,Châteauroux,174.1,1019,6,50.013,Sprint of large group,van Dijke Mick,https://www.procyclingstats.com/rider/mick-van-dijke,2000-03-15,2000,Netherlands,1.9,74.0,20.5,Goes,159,finished,163,4613,76,Classic,25,NL,Red Bull - BORA - hansgrohe,,,",,",418,12950
9,RR,13 July 2025,Chinon,Châteauroux,174.1,1019,6,50.013,Sprint of large group,García Pierna Raúl,https://www.procyclingstats.com/rider/raul-garcia-pierna,2001-02-23,2001,Spain,1.75,67.0,21.88,Tres Cantos,160,finished,76,2408,135,Climber,24,ES,Arkéa - B&B Hotels,,,",,",418,12950
9,RR,13 July 2025,Chinon,Châteauroux,174.1,1019,6,50.013,Sprint of large group,Barré Louis,https://www.procyclingstats.com/rider/louis-barre,2000-04-06,2000,France,1.84,68.0,20.09,Nantes,161,finished,112,3297,42,Classic,25,FR,Intermarché - Wanty,,,",,",418,12950
9,RR,13 July 2025,Chinon,Châteauroux,174.1,1019,6,50.013,Sprint of large group,Champoussin Clément,https://www.procyclingstats.com/rider/clement-champoussin,1998-05-29,1998,France,1.8,61.0,18.83,Nice,162,finished,82,2590,174,Climber,27,FR,XDS Astana Team,,,",,",418,12950
9,RR,13 July 2025,Chinon,Châteauroux,174.1,1019,6,50.013,Sprint of large group,Velasco Simone,https://www.procyclingstats.com/rider/simone-velasco,1995-12-02,1995,Italy,1.7,59.0,20.42,Bologna,163,finished,61,1884,178,Classic,29,IT,XDS Astana Team,,,",,",418,12950
9,RR,13 July 2025,Chinon,Châteauroux,174.1,1019,6,50.013,Sprint of large group,Lutsenko Alexey,https://www.procyclingstats.com/rider/aleksey-lutsenko,1992-09-07,1992,Kazakhstan,1.74,74.0,24.44,Petropavl,164,finished,70,2191,206,GC,32,KZ,Israel - Premier Tech,,,",,",418,12950
9,RR,13 July 2025,Chinon,Châteauroux,174.1,1019,6,50.013,Sprint of large group,Sivakov Pavel,https://www.procyclingstats.com/rider/pavel-sivakov,1997-07-11,1997,France,1.88,70.0,19.81,San Donà di Piave Previous nationalities Russia until 2022,165,finished,106,3106,5,GC,28,FR,UAE Team Emirates - XRG,,,",,",418,12950
9,RR,13 July 2025,Chinon,Châteauroux,174.1,1019,6,50.013,Sprint of large group,Tejada Harold,https://www.procyclingstats.com/rider/harold-tejada,1997-04-27,1997,Colombia,1.8,63.0,19.44,Pitalito,166,finished,100,3028,171,Climber,28,CO,XDS Astana Team,,,",,",418,12950
9,RR,13 July 2025,Chinon,Châteauroux,174.1,1019,6,50.013,Sprint of large group,Higuita Sergio,https://www.procyclingstats.com/rider/sergio-higuita,1997-08-01,1997,Colombia,1.66,57.0,20.69,Medellín,167,finished,56,1825,176,Climber,27,CO,XDS Astana Team,,,",,",418,12950
9,RR,13 July 2025,Chinon,Châteauroux,174.1,1019,6,50.013,Sprint of large group,Buitrago Santiago,https://www.procyclingstats.com/rider/santiago-buitrago-sanchez,1999-09-26,1999,Colombia,1.74,59.0,19.49,Bogotá,168,finished,45,1528,51,Climber,25,CO,Bahrain - Victorious,,,",,",418,12950
9,RR,13 July 2025,Chinon,Châteauroux,174.1,1019,6,50.013,Sprint of large group,Vercher Mattéo,https://www.procyclingstats.com/rider/matheo-vercher,2001-01-26,2001,France,1.71,,,Lyon,169,finished,175,5425,188,Hills,24,FR,TotalEnergies,,,",,",418,12950
9,RR,13 July 2025,Chinon,Châteauroux,174.1,1019,6,50.013,Sprint of large group,Burgaudeau Mathieu,https://www.procyclingstats.com/rider/mathieu-burgaudeau,1998-11-17,1998,France,1.68,61.0,21.61,Noirmoutier-en-l'Île,170,finished,69,2145,182,Hills,26,FR,TotalEnergies,,,",,",418,12950
9,RR,13 July 2025,Chinon,Châteauroux,174.1,1019,6,50.013,Sprint of large group,Vermeersch Gianni,https://www.procyclingstats.com/rider/gianni-vermeersch,1992-11-19,1992,Belgium,1.73,68.0,22.72,Roeselare,171,finished,111,3262,107,Classic,32,BE,Alpecin - Deceuninck,,,",,",418,12950
9,RR,13 July 2025,Chinon,Châteauroux,174.1,1019,6,50.013,Sprint of large group,Nys Thibau,https://www.procyclingstats.com/rider/thibau-nys,2002-11-12,2002,Belgium,1.76,64.0,20.66,Bonheiden,172,finished,93,2835,83,Hills,22,BE,Lidl - Trek,,,",,",418,12950
9,RR,13 July 2025,Chinon,Châteauroux,174.1,1019,6,50.013,Sprint of large group,Van Eetvelt Lennert,https://www.procyclingstats.com/rider/lennert-van-eetvelt,2001-07-17,2001,Belgium,1.76,63.0,20.34,Binkom,173,finished,168,4660,217,Climber,23,BE,Lotto,,,",,",418,12950
9,RR,13 July 2025,Chinon,Châteauroux,174.1,1019,6,50.013,Sprint of large group,Thomas Benjamin,https://www.procyclingstats.com/rider/benjamin-thomas-2,1995-09-12,1995,France,1.79,68.0,21.22,Lavaur,174,finished,143,4014,167,TT,29,FR,Cofidis,,,",,",418,12950
9,RR,13 July 2025,Chinon,Châteauroux,174.1,1019,6,50.013,Sprint of large group,Wellens Tim,https://www.procyclingstats.com/rider/tim-wellens,1991-05-10,1991,Belgium,1.82,71.0,21.43,Sint-Truiden,175,finished,39,1449,7,GC,34,BE,UAE Team Emirates - XRG,,,",,",418,12950
9,RR,13 July 2025,Chinon,Châteauroux,174.1,1019,6,50.013,Sprint of large group,Almeida João,https://www.procyclingstats.com/rider/joao-almeida,1998-08-05,1998,Portugal,1.78,63.0,19.88,Caldas da Rainha,,DNF,,,2,GC,26,PT,UAE Team Emirates - XRG,,,,,
10,RR,14 July 2025,Ennezat,Le Mont-Dore Puy de Sancy,165.3,4307,240,38.134,2.3 km solo,Yates Simon,https://www.procyclingstats.com/rider/simon-yates,1992-08-07,1992,Great Britain,1.72,58.0,19.61,Bury,1,finished,23,1226,18,Climber,32,GB,Team Visma | Lease a Bike,210.0,100.0,4:20:05,0,15605
10,RR,14 July 2025,Ennezat,Le Mont-Dore Puy de Sancy,165.3,4307,240,38.134,2.3 km solo,Arensman Thymen,https://www.procyclingstats.com/rider/thymen-arensman,1999-12-04,1999,Netherlands,1.9,68.0,18.84,Deil,2,finished,25,1301,62,GC,25,NL,INEOS Grenadiers,150.0,70.0,0:09,9,15614
10,RR,14 July 2025,Ennezat,Le Mont-Dore Puy de Sancy,165.3,4307,240,38.134,2.3 km solo,Healy Ben,https://www.procyclingstats.com/rider/ben-healy,2000-09-11,2000,Ireland,1.75,62.0,20.24,Kingswinford Previous nationalities Great Britain until 2016,3,finished,1,0,31,Climber,24,IE,EF Education - EasyPost,110.0,50.0,0:31,31,15636
10,RR,14 July 2025,Ennezat,Le Mont-Dore Puy de Sancy,165.3,4307,240,38.134,2.3 km solo,O'Connor Ben,https://www.procyclingstats.com/rider/ben-o-connor,1995-11-25,1995,Australia,1.88,67.0,18.96,Subiaco,4,finished,18,710,121,GC,29,AU,Team Jayco AlUla,90.0,40.0,0:49,49,15654
10,RR,14 July 2025,Ennezat,Le Mont-Dore Puy de Sancy,165.3,4307,240,38.134,2.3 km solo,Storer Michael,https://www.procyclingstats.com/rider/michael-storer,1997-02-28,1997,Australia,1.77,63.0,20.11,Perth,5,finished,78,3546,117,Climber,28,AU,Tudor Pro Cycling Team,70.0,32.0,1:23,83,15688
10,RR,14 July 2025,Ennezat,Le Mont-Dore Puy de Sancy,165.3,4307,240,38.134,2.3 km solo,Blackmore Joseph,https://www.procyclingstats.com/rider/joseph-blackmore,2003-02-23,2003,Great Britain,1.81,66.0,20.15,Sidcup,6,finished,31,1734,203,GC,22,GB,Israel - Premier Tech,55.0,26.0,3:57,237,15842
10,RR,14 July 2025,Ennezat,Le Mont-Dore Puy de Sancy,165.3,4307,240,38.134,2.3 km solo,Johannessen Anders Halland,https://www.procyclingstats.com/rider/anders-halland-johannessen,1999-08-23,1999,Norway,1.76,,,Drøbak,7,finished,64,3104,226,GC,25,NO,Uno-X Mobility,45.0,22.0,4:38,278,15883
10,RR,14 July 2025,Ennezat,Le Mont-Dore Puy de Sancy,165.3,4307,240,38.134,2.3 km solo,Martinez Lenny,https://www.procyclingstats.com/rider/lenny-martinez,2003-07-11,2003,France,1.68,52.0,18.42,Cannes,8,finished,89,3788,55,Climber,22,FR,Bahrain - Victorious,40.0,18.0,4:51,291,15896
10,RR,14 July 2025,Ennezat,Le Mont-Dore Puy de Sancy,165.3,4307,240,38.134,2.3 km solo,Pogačar Tadej,https://www.procyclingstats.com/rider/tadej-pogacar,1998-09-21,1998,Slovenia,1.76,66.0,21.31,Klanec,9,finished,2,29,1,Climber,26,SI,UAE Team Emirates - XRG,35.0,14.0,",,",291,15896
10,RR,14 July 2025,Ennezat,Le Mont-Dore Puy de Sancy,165.3,4307,240,38.134,2.3 km solo,Vingegaard Jonas,https://www.procyclingstats.com/rider/jonas-vingegaard,1996-12-10,1996,Denmark,1.75,58.0,18.94,Hillerslev,10,finished,4,106,11,GC,28,DK,Team Visma | Lease a Bike,30.0,10.0,",,",291,15896
10,RR,14 July 2025,Ennezat,Le Mont-Dore Puy de Sancy,165.3,4307,240,38.134,2.3 km solo,Lipowitz Florian,https://www.procyclingstats.com/rider/florian-lipowitz,2000-09-21,2000,Germany,1.81,68.0,20.76,Laichingen,11,finished,8,214,72,GC,24,DE,Red Bull - BORA - hansgrohe,25.0,8.0,4:54,294,15899
10,RR,14 July 2025,Ennezat,Le Mont-Dore Puy de Sancy,165.3,4307,240,38.134,2.3 km solo,Jorgenson Matteo,https://www.procyclingstats.com/rider/matteo-jorgenson,1999-07-01,1999,United States,1.9,69.0,19.11,Walnut Creek,12,finished,5,126,15,GC,26,US,Team Visma | Lease a Bike,20.0,6.0,",,",294,15899
10,RR,14 July 2025,Ennezat,Le Mont-Dore Puy de Sancy,165.3,4307,240,38.134,2.3 km solo,Evenepoel Remco,https://www.procyclingstats.com/rider/remco-evenepoel,2000-01-25,2000,Belgium,1.71,63.0,21.55,Aalst,13,finished,3,89,21,Climber,25,BE,Soudal Quick-Step,15.0,4.0,4:57,297,15902
10,RR,14 July 2025,Ennezat,Le Mont-Dore Puy de Sancy,165.3,4307,240,38.134,2.3 km solo,Onley Oscar,https://www.procyclingstats.com/rider/oscar-onley,2002-10-13,2002,Great Britain,1.73,62.0,20.72,Kelso,14,finished,7,204,191,GC,22,GB,Team Picnic PostNL,10.0,2.0,",,",297,15902
10,RR,14 July 2025,Ennezat,Le Mont-Dore Puy de Sancy,165.3,4307,240,38.134,2.3 km solo,Johannessen Tobias Halland,https://www.procyclingstats.com/rider/tobias-halland-johannessen,1999-08-23,1999,Norway,1.76,62.0,20.02,Drøbak,15,finished,10,303,221,Climber,25,NO,Uno-X Mobility,5.0,1.0,",,",297,15902
10,RR,14 July 2025,Ennezat,Le Mont-Dore Puy de Sancy,165.3,4307,240,38.134,2.3 km solo,Roglič Primož,https://www.procyclingstats.com/rider/primoz-roglic,1989-10-29,1989,Slovenia,1.77,65.0,20.75,Trbovlje,16,finished,9,221,71,Climber,35,SI,Red Bull - BORA - hansgrohe,,,",,",297,15902
10,RR,14 July 2025,Ennezat,Le Mont-Dore Puy de Sancy,165.3,4307,240,38.134,2.3 km solo,Gall Felix,https://www.procyclingstats.com/rider/felix-gall,1998-02-27,1998,Austria,1.8,66.0,20.37,Nußdorf-Debant,17,finished,11,338,151,Climber,27,AT,Decathlon AG2R La Mondiale Team,,,5:11,311,15916
10,RR,14 July 2025,Ennezat,Le Mont-Dore Puy de Sancy,165.3,4307,240,38.134,2.3 km solo,Rodríguez Carlos,https://www.procyclingstats.com/rider/carlos-rodriguez-cano,2001-02-02,2001,Spain,1.83,67.0,20.01,Almuñécar,18,finished,12,344,66,GC,24,ES,INEOS Grenadiers,,,5:15,315,15920
10,RR,14 July 2025,Ennezat,Le Mont-Dore Puy de Sancy,165.3,4307,240,38.134,2.3 km solo,Jegat Jordan,https://www.procyclingstats.com/rider/jordan-jegat,1999-06-07,1999,France,1.76,59.0,19.05,Vannes,19,finished,14,392,186,Climber,26,FR,TotalEnergies,,,",,",315,15920
10,RR,14 July 2025,Ennezat,Le Mont-Dore Puy de Sancy,165.3,4307,240,38.134,2.3 km solo,Higuita Sergio,https://www.procyclingstats.com/rider/sergio-higuita,1997-08-01,1997,Colombia,1.66,57.0,20.69,Medellín,20,finished,36,1894,176,Climber,27,CO,XDS Astana Team,,,5:31,331,15936
10,RR,14 July 2025,Ennezat,Le Mont-Dore Puy de Sancy,165.3,4307,240,38.134,2.3 km solo,Vauquelin Kévin,https://www.procyclingstats.com/rider/kevin-vauquelin,2001-04-26,2001,France,1.76,69.0,22.28,Bayeux,21,finished,6,146,131,GC,24,FR,Arkéa - B&B Hotels,,,5:37,337,15942
10,RR,14 July 2025,Ennezat,Le Mont-Dore Puy de Sancy,165.3,4307,240,38.134,2.3 km solo,Mas Enric,https://www.procyclingstats.com/rider/enric-mas,1995-01-07,1995,Spain,1.77,61.0,19.47,Artà,22,finished,13,356,141,Climber,30,ES,Movistar Team,,,5:43,343,15948
10,RR,14 July 2025,Ennezat,Le Mont-Dore Puy de Sancy,165.3,4307,240,38.134,2.3 km solo,Kuss Sepp,https://www.procyclingstats.com/rider/sepp-kuss,1994-09-13,1994,United States,1.82,61.0,18.42,Durango,23,finished,22,1189,16,Climber,30,US,Team Visma | Lease a Bike,,,5:58,358,15963
10,RR,14 July 2025,Ennezat,Le Mont-Dore Puy de Sancy,165.3,4307,240,38.134,2.3 km solo,Yates Adam,https://www.procyclingstats.com/rider/adam-yates,1992-08-07,1992,Great Britain,1.73,58.0,19.38,Bury,24,finished,44,2184,8,Climber,32,GB,UAE Team Emirates - XRG,,,6:23,383,15988
10,RR,14 July 2025,Ennezat,Le Mont-Dore Puy de Sancy,165.3,4307,240,38.134,2.3 km solo,Martin Guillaume,https://www.procyclingstats.com/rider/guillaume-martin,1993-06-09,1993,France,1.73,55.0,18.38,Paris,25,finished,16,644,91,Climber,32,FR,Groupama - FDJ,,,6:53,413,16018
10,RR,14 July 2025,Ennezat,Le Mont-Dore Puy de Sancy,165.3,4307,240,38.134,2.3 km solo,Berthet Clément,https://www.procyclingstats.com/rider/clement-berthet,1997-08-02,1997,France,1.84,68.0,20.09,Pierre Bénite,26,finished,26,1306,153,Climber,27,FR,Decathlon AG2R La Mondiale Team,,,6:59,419,16024
10,RR,14 July 2025,Ennezat,Le Mont-Dore Puy de Sancy,165.3,4307,240,38.134,2.3 km solo,Castrillo Pablo,https://www.procyclingstats.com/rider/pablo-castrillo-zapater,2001-01-02,2001,Spain,1.83,74.0,22.1,Jaca,27,finished,95,3928,143,Climber,24,ES,Movistar Team,,,7:18,438,16043
10,RR,14 July 2025,Ennezat,Le Mont-Dore Puy de Sancy,165.3,4307,240,38.134,2.3 km solo,Narváez Jhonatan,https://www.procyclingstats.com/rider/jhonatan-narvaez,1997-03-04,1997,Ecuador,1.74,65.0,21.47,El Playón de San Francisco,28,finished,17,689,3,Hills,28,EC,UAE Team Emirates - XRG,,,7:23,443,16048
10,RR,14 July 2025,Ennezat,Le Mont-Dore Puy de Sancy,165.3,4307,240,38.134,2.3 km solo,Simmons Quinn,https://www.procyclingstats.com/rider/quinn-simmons,2001-05-08,2001,United States,1.85,73.0,21.33,Durango,29,finished,47,2275,84,Hills,24,US,Lidl - Trek,,,7:41,461,16066
10,RR,14 July 2025,Ennezat,Le Mont-Dore Puy de Sancy,165.3,4307,240,38.134,2.3 km solo,Skjelmose Mattias,https://www.procyclingstats.com/rider/mattias-skjelmose-jensen,2000-09-26,2000,Denmark,1.8,65.0,20.06,Copenhagen,30,finished,15,422,85,Climber,24,DK,Lidl - Trek,,,",,",461,16066
10,RR,14 July 2025,Ennezat,Le Mont-Dore Puy de Sancy,165.3,4307,240,38.134,2.3 km solo,Mühlberger Gregor,https://www.procyclingstats.com/rider/gregor-muhlberger,1994-04-04,1994,Austria,1.8,64.0,19.75,Haidershofen,31,finished,51,2435,146,GC,31,AT,Movistar Team,,,",,",461,16066
10,RR,14 July 2025,Ennezat,Le Mont-Dore Puy de Sancy,165.3,4307,240,38.134,2.3 km solo,Verstrynge Emiel,https://www.procyclingstats.com/rider/emiel-verstrynge,2002-02-04,2002,Belgium,1.89,69.0,19.32,Eeklo,32,finished,65,3107,108,Climber,23,BE,Alpecin - Deceuninck,,,",,",461,16066
10,RR,14 July 2025,Ennezat,Le Mont-Dore Puy de Sancy,165.3,4307,240,38.134,2.3 km solo,Grégoire Romain,https://www.procyclingstats.com/rider/romain-gregoire,2003-01-21,2003,France,1.76,64.0,20.66,Besançon,33,finished,19,915,94,Classic,22,FR,Groupama - FDJ,,,8:28,508,16113
10,RR,14 July 2025,Ennezat,Le Mont-Dore Puy de Sancy,165.3,4307,240,38.134,2.3 km solo,Scotson Callum,https://www.procyclingstats.com/rider/callum-scotson,1996-08-10,1996,Australia,1.83,77.0,22.99,Campbelltown,34,finished,32,1793,157,GC,28,AU,Decathlon AG2R La Mondiale Team,,,9:10,550,16155
10,RR,14 July 2025,Ennezat,Le Mont-Dore Puy de Sancy,165.3,4307,240,38.134,2.3 km solo,Baudin Alex,https://www.procyclingstats.com/rider/alex-baudin,2001-05-25,2001,France,1.83,64.0,19.11,Albertville,35,finished,34,1820,34,Climber,24,FR,EF Education - EasyPost,,,9:27,567,16172
10,RR,14 July 2025,Ennezat,Le Mont-Dore Puy de Sancy,165.3,4307,240,38.134,2.3 km solo,Rodríguez Cristián,https://www.procyclingstats.com/rider/cristian-rodriguez,1995-03-03,1995,Spain,1.78,59.0,18.62,El Ejido,36,finished,27,1394,137,GC,30,ES,Arkéa - B&B Hotels,,,9:46,586,16191
10,RR,14 July 2025,Ennezat,Le Mont-Dore Puy de Sancy,165.3,4307,240,38.134,2.3 km solo,Costiou Ewen,https://www.procyclingstats.com/rider/ewen-costiou,2002-11-10,2002,France,1.76,64.0,20.66,Brest,37,finished,87,3770,133,GC,22,FR,Arkéa - B&B Hotels,,,",,",586,16191
10,RR,14 July 2025,Ennezat,Le Mont-Dore Puy de Sancy,165.3,4307,240,38.134,2.3 km solo,Campenaerts Victor,https://www.procyclingstats.com/rider/victor-campenaerts,1991-10-28,1991,Belgium,1.73,68.0,22.72,Hoboken,38,finished,43,2181,14,TT,33,BE,Team Visma | Lease a Bike,,,10:17,617,16222
10,RR,14 July 2025,Ennezat,Le Mont-Dore Puy de Sancy,165.3,4307,240,38.134,2.3 km solo,Madouas Valentin,https://www.procyclingstats.com/rider/valentin-madouas,1996-07-12,1996,France,1.79,71.0,22.16,Brest,39,finished,28,1408,95,Classic,29,FR,Groupama - FDJ,,,10:24,624,16229
10,RR,14 July 2025,Ennezat,Le Mont-Dore Puy de Sancy,165.3,4307,240,38.134,2.3 km solo,Tejada Harold,https://www.procyclingstats.com/rider/harold-tejada,1997-04-27,1997,Colombia,1.8,63.0,19.44,Pitalito,40,finished,72,3445,171,Climber,28,CO,XDS Astana Team,,,11:19,679,16284
10,RR,14 July 2025,Ennezat,Le Mont-Dore Puy de Sancy,165.3,4307,240,38.134,2.3 km solo,Meurisse Xandro,https://www.procyclingstats.com/rider/xandro-meurisse,1992-01-31,1992,Belgium,1.81,68.0,20.76,Kortrijk,41,finished,24,1288,104,GC,33,BE,Alpecin - Deceuninck,,,11:28,688,16293
10,RR,14 July 2025,Ennezat,Le Mont-Dore Puy de Sancy,165.3,4307,240,38.134,2.3 km solo,Burgaudeau Mathieu,https://www.procyclingstats.com/rider/mathieu-burgaudeau,1998-11-17,1998,France,1.68,61.0,21.61,Noirmoutier-en-l'Île,42,finished,53,2571,182,Hills,26,FR,TotalEnergies,,,",,",688,16293
10,RR,14 July 2025,Ennezat,Le Mont-Dore Puy de Sancy,165.3,4307,240,38.134,2.3 km solo,Buchmann Emanuel,https://www.procyclingstats.com/rider/emanuel-buchmann,1992-11-18,1992,Germany,1.8,59.0,18.21,Ravensburg,43,finished,20,941,161,GC,32,DE,Cofidis,,,",,",688,16293
10,RR,14 July 2025,Ennezat,Le Mont-Dore Puy de Sancy,165.3,4307,240,38.134,2.3 km solo,Paret-Peintre Valentin,https://www.procyclingstats.com/rider/valentin-paret-peintre,2001-01-14,2001,France,1.78,52.0,16.41,Annemasse,44,finished,79,3557,25,Climber,24,FR,Soudal Quick-Step,,,11:52,712,16317
10,RR,14 July 2025,Ennezat,Le Mont-Dore Puy de Sancy,165.3,4307,240,38.134,2.3 km solo,Benoot Tiesj,https://www.procyclingstats.com/rider/tiesj-benoot,1994-03-11,1994,Belgium,1.9,72.0,19.94,Ghent,45,finished,21,1094,13,Classic,31,BE,Team Visma | Lease a Bike,,,12:20,740,16345
10,RR,14 July 2025,Ennezat,Le Mont-Dore Puy de Sancy,165.3,4307,240,38.134,2.3 km solo,Valgren Michael,https://www.procyclingstats.com/rider/michael-valgren-andersen,1992-02-07,1992,Denmark,1.79,71.0,22.16,Østerild,46,finished,74,3448,37,Classic,33,DK,EF Education - EasyPost,,,13:07,787,16392
10,RR,14 July 2025,Ennezat,Le Mont-Dore Puy de Sancy,165.3,4307,240,38.134,2.3 km solo,Eenkhoorn Pascal,https://www.procyclingstats.com/rider/pascal-eenkhoorn,1997-02-08,1997,Netherlands,1.85,72.0,21.04,Zwolle,47,finished,35,1866,23,Classic,28,NL,Soudal Quick-Step,,,13:08,788,16393
10,RR,14 July 2025,Ennezat,Le Mont-Dore Puy de Sancy,165.3,4307,240,38.134,2.3 km solo,Rubio Einer,https://www.procyclingstats.com/rider/einer-rubio,1998-02-22,1998,Colombia,1.64,56.0,20.82,Chíquiza,48,finished,99,4140,148,Climber,27,CO,Movistar Team,,,",,",788,16393
10,RR,14 July 2025,Ennezat,Le Mont-Dore Puy de Sancy,165.3,4307,240,38.134,2.3 km solo,Vlasov Aleksandr,https://www.procyclingstats.com/rider/aleksandr-vlasov,1996-04-23,1996,Russia,1.86,68.0,19.66,Vyborg,49,finished,38,1975,78,Climber,29,RU,Red Bull - BORA - hansgrohe,,,",,",788,16393
10,RR,14 July 2025,Ennezat,Le Mont-Dore Puy de Sancy,165.3,4307,240,38.134,2.3 km solo,Pacher Quentin,https://www.procyclingstats.com/rider/quentin-pacher,1992-01-06,1992,France,1.79,62.0,19.35,Libourne,50,finished,29,1628,96,Hills,33,FR,Groupama - FDJ,,,13:39,819,16424
10,RR,14 July 2025,Ennezat,Le Mont-Dore Puy de Sancy,165.3,4307,240,38.134,2.3 km solo,Soler Marc,https://www.procyclingstats.com/rider/marc-soler,1993-11-22,1993,Spain,1.86,68.0,19.66,Vilanova i la Geltrú,51,finished,62,2944,6,Climber,31,ES,UAE Team Emirates - XRG,,,16:14,974,16579
10,RR,14 July 2025,Ennezat,Le Mont-Dore Puy de Sancy,165.3,4307,240,38.134,2.3 km solo,Sweeny Harry,https://www.procyclingstats.com/rider/harry-sweeny,1998-07-09,1998,Australia,1.86,75.0,21.68,Warwick,52,finished,45,2253,36,GC,27,AU,EF Education - EasyPost,,,16:20,980,16585
10,RR,14 July 2025,Ennezat,Le Mont-Dore Puy de Sancy,165.3,4307,240,38.134,2.3 km solo,Gachignard Thomas,https://www.procyclingstats.com/rider/thomas-gachignard,2000-08-17,2000,France,,,,Niort,53,finished,57,2689,184,GC,24,FR,TotalEnergies,,,16:38,998,16603
10,RR,14 July 2025,Ennezat,Le Mont-Dore Puy de Sancy,165.3,4307,240,38.134,2.3 km solo,Sepúlveda Eduardo,https://www.procyclingstats.com/rider/eduardo-sepulveda,1991-06-13,1991,Argentina,1.73,59.0,19.71,Rawson,54,finished,107,4427,216,GC,34,AR,Lotto,,,",,",998,16603
10,RR,14 July 2025,Ennezat,Le Mont-Dore Puy de Sancy,165.3,4307,240,38.134,2.3 km solo,Mayrhofer Marius,https://www.procyclingstats.com/rider/marius-mayrhofer,2000-09-18,2000,Germany,1.82,70.0,21.13,Tübingen,55,finished,81,3596,116,Hills,24,DE,Tudor Pro Cycling Team,,,17:17,1037,16642
10,RR,14 July 2025,Ennezat,Le Mont-Dore Puy de Sancy,165.3,4307,240,38.134,2.3 km solo,Foss Tobias,https://www.procyclingstats.com/rider/tobias-foss,1997-05-25,1997,Norway,1.84,74.0,21.86,Vingrom,56,finished,68,3283,63,TT,28,NO,INEOS Grenadiers,,,",,",1037,16642
10,RR,14 July 2025,Ennezat,Le Mont-Dore Puy de Sancy,165.3,4307,240,38.134,2.3 km solo,Hoelgaard Markus,https://www.procyclingstats.com/rider/markus-hoelgaard,1994-10-04,1994,Norway,1.88,74.0,20.94,Stavanger,57,finished,41,2121,225,Classic,30,NO,Uno-X Mobility,,,",,",1037,16642
10,RR,14 July 2025,Ennezat,Le Mont-Dore Puy de Sancy,165.3,4307,240,38.134,2.3 km solo,Le Berre Mathis,https://www.procyclingstats.com/rider/mathis-le-berre,2001-04-16,2001,France,1.76,68.0,21.95,Saint-Brieuc,58,finished,75,3493,136,Hills,24,FR,Arkéa - B&B Hotels,,,",,",1037,16642
10,RR,14 July 2025,Ennezat,Le Mont-Dore Puy de Sancy,165.3,4307,240,38.134,2.3 km solo,Van Moer Brent,https://www.procyclingstats.com/rider/brent-van-moer,1998-01-12,1998,Belgium,1.91,79.0,21.66,Beveren,59,finished,91,3808,218,Classic,27,BE,Lotto,,,",,",1037,16642
10,RR,14 July 2025,Ennezat,Le Mont-Dore Puy de Sancy,165.3,4307,240,38.134,2.3 km solo,Schachmann Maximilian,https://www.procyclingstats.com/rider/maximilian-schachmann,1994-01-09,1994,Germany,1.83,71.0,21.2,Berlin,60,finished,69,3308,26,GC,31,DE,Soudal Quick-Step,,,",,",1037,16642
10,RR,14 July 2025,Ennezat,Le Mont-Dore Puy de Sancy,165.3,4307,240,38.134,2.3 km solo,Thomas Geraint,https://www.procyclingstats.com/rider/geraint-thomas,1986-05-25,1986,Great Britain,1.83,71.0,21.2,Cardiff,61,finished,49,2336,61,GC,39,GB,INEOS Grenadiers,,,",,",1037,16642
10,RR,14 July 2025,Ennezat,Le Mont-Dore Puy de Sancy,165.3,4307,240,38.134,2.3 km solo,Delettre Alexandre,https://www.procyclingstats.com/rider/alexandre-delettre,1997-10-25,1997,France,1.7,62.0,21.45,Gonesse,62,finished,37,1898,183,Classic,27,FR,TotalEnergies,,,",,",1037,16642
10,RR,14 July 2025,Ennezat,Le Mont-Dore Puy de Sancy,165.3,4307,240,38.134,2.3 km solo,Cras Steff,https://www.procyclingstats.com/rider/steff-cras,1996-02-13,1996,Belgium,1.83,67.0,20.01,Geel,63,finished,42,2141,181,GC,29,BE,TotalEnergies,,,",,",1037,16642
10,RR,14 July 2025,Ennezat,Le Mont-Dore Puy de Sancy,165.3,4307,240,38.134,2.3 km solo,Schmid Mauro,https://www.procyclingstats.com/rider/mauro-schmid,1999-12-04,1999,Switzerland,1.87,70.0,20.02,Bülach,64,finished,97,3943,128,Hills,25,CH,Team Jayco AlUla,,,",,",1037,16642
10,RR,14 July 2025,Ennezat,Le Mont-Dore Puy de Sancy,165.3,4307,240,38.134,2.3 km solo,Oliveira Nelson,https://www.procyclingstats.com/rider/nelson-oliveira,1989-03-06,1989,Portugal,1.8,67.0,20.68,Anadia,65,finished,54,2613,144,TT,36,PT,Movistar Team,,,",,",1037,16642
10,RR,14 July 2025,Ennezat,Le Mont-Dore Puy de Sancy,165.3,4307,240,38.134,2.3 km solo,Neilands Krists,https://www.procyclingstats.com/rider/krists-neilands,1994-08-18,1994,Latvia,1.89,69.0,19.32,Kuldīga,66,finished,61,2907,207,Classic,30,LV,Israel - Premier Tech,,,",,",1037,16642
10,RR,14 July 2025,Ennezat,Le Mont-Dore Puy de Sancy,165.3,4307,240,38.134,2.3 km solo,Van Wilder Ilan,https://www.procyclingstats.com/rider/ilan-van-wilder,2000-05-14,2000,Belgium,1.71,64.0,21.89,Jette,67,finished,46,2262,28,GC,25,BE,Soudal Quick-Step,,,",,",1037,16642
10,RR,14 July 2025,Ennezat,Le Mont-Dore Puy de Sancy,165.3,4307,240,38.134,2.3 km solo,Haller Marco,https://www.procyclingstats.com/rider/marco-haller,1991-04-01,1991,Austria,1.78,72.0,22.72,Sankt Veit an der Glan,68,finished,96,3928,113,Classic,34,AT,Tudor Pro Cycling Team,,,",,",1037,16642
10,RR,14 July 2025,Ennezat,Le Mont-Dore Puy de Sancy,165.3,4307,240,38.134,2.3 km solo,Alaphilippe Julian,https://www.procyclingstats.com/rider/julian-alaphilippe,1992-06-11,1992,France,1.73,62.0,20.72,Saint-Amand-Montrond,69,finished,66,3121,111,Classic,33,FR,Tudor Pro Cycling Team,,,",,",1037,16642
10,RR,14 July 2025,Ennezat,Le Mont-Dore Puy de Sancy,165.3,4307,240,38.134,2.3 km solo,Woods Michael,https://www.procyclingstats.com/rider/michael-woods,1986-10-12,1986,Canada,1.75,62.0,20.24,Toronto,70,finished,88,3773,201,Climber,38,CA,Israel - Premier Tech,,,",,",1037,16642
10,RR,14 July 2025,Ennezat,Le Mont-Dore Puy de Sancy,165.3,4307,240,38.134,2.3 km solo,Barguil Warren,https://www.procyclingstats.com/rider/warren-barguil,1991-10-28,1991,France,1.83,61.0,18.21,Hennebont,71,finished,33,1796,192,Climber,33,FR,Team Picnic PostNL,,,",,",1037,16642
10,RR,14 July 2025,Ennezat,Le Mont-Dore Puy de Sancy,165.3,4307,240,38.134,2.3 km solo,Velasco Simone,https://www.procyclingstats.com/rider/simone-velasco,1995-12-02,1995,Italy,1.7,59.0,20.42,Bologna,72,finished,55,2659,178,Classic,29,IT,XDS Astana Team,,,",,",1037,16642
10,RR,14 July 2025,Ennezat,Le Mont-Dore Puy de Sancy,165.3,4307,240,38.134,2.3 km solo,Barta Will,https://www.procyclingstats.com/rider/william-barta,1996-01-04,1996,United States,1.8,61.0,18.83,Boise,73,finished,102,4310,142,TT,29,US,Movistar Team,,,",,",1037,16642
10,RR,14 July 2025,Ennezat,Le Mont-Dore Puy de Sancy,165.3,4307,240,38.134,2.3 km solo,Venturini Clément,https://www.procyclingstats.com/rider/clement-venturini,1993-10-16,1993,France,1.65,60.0,22.04,Villeurbanne,74,finished,40,1998,138,Classic,31,FR,Arkéa - B&B Hotels,,,",,",1037,16642
10,RR,14 July 2025,Ennezat,Le Mont-Dore Puy de Sancy,165.3,4307,240,38.134,2.3 km solo,Hirschi Marc,https://www.procyclingstats.com/rider/marc-hirschi,1998-08-24,1998,Switzerland,1.74,61.0,20.15,Bern,75,finished,76,3511,114,Classic,26,CH,Tudor Pro Cycling Team,,,18:14,1094,16699
10,RR,14 July 2025,Ennezat,Le Mont-Dore Puy de Sancy,165.3,4307,240,38.134,2.3 km solo,van den Broek Frank,https://www.procyclingstats.com/rider/frank-van-den-broek,2000-12-28,2000,Netherlands,1.78,70.0,22.09,Warmond,76,finished,56,2689,198,GC,24,NL,Team Picnic PostNL,,,18:50,1130,16735
10,RR,14 July 2025,Ennezat,Le Mont-Dore Puy de Sancy,165.3,4307,240,38.134,2.3 km solo,Tronchon Bastien,https://www.procyclingstats.com/rider/bastien-tronchon,2002-03-29,2002,France,1.85,72.0,21.04,Chambéry,77,finished,59,2839,158,Classic,23,FR,Decathlon AG2R La Mondiale Team,,,21:05,1265,16870
10,RR,14 July 2025,Ennezat,Le Mont-Dore Puy de Sancy,165.3,4307,240,38.134,2.3 km solo,Teuns Dylan,https://www.procyclingstats.com/rider/dylan-teuns,1992-03-01,1992,Belgium,1.81,64.0,19.54,Diest,78,finished,86,3758,166,GC,33,BE,Cofidis,,,21:37,1297,16902
10,RR,14 July 2025,Ennezat,Le Mont-Dore Puy de Sancy,165.3,4307,240,38.134,2.3 km solo,García Pierna Raúl,https://www.procyclingstats.com/rider/raul-garcia-pierna,2001-02-23,2001,Spain,1.75,67.0,21.88,Tres Cantos,79,finished,77,3517,135,Climber,24,ES,Arkéa - B&B Hotels,,,22:51,1371,16976
10,RR,14 July 2025,Ennezat,Le Mont-Dore Puy de Sancy,165.3,4307,240,38.134,2.3 km solo,Abrahamsen Jonas,https://www.procyclingstats.com/rider/jonas-abrahamsen,1995-09-20,1995,Norway,1.83,78.0,23.29,Skien,80,finished,108,4485,222,Classic,29,NO,Uno-X Mobility,,,25:58,1558,17163
10,RR,14 July 2025,Ennezat,Le Mont-Dore Puy de Sancy,165.3,4307,240,38.134,2.3 km solo,Wellens Tim,https://www.procyclingstats.com/rider/tim-wellens,1991-05-10,1991,Belgium,1.82,71.0,21.43,Sint-Truiden,81,finished,58,2745,7,GC,34,BE,UAE Team Emirates - XRG,,,",,",1558,17163
10,RR,14 July 2025,Ennezat,Le Mont-Dore Puy de Sancy,165.3,4307,240,38.134,2.3 km solo,van Aert Wout,https://www.procyclingstats.com/rider/wout-van-aert,1994-09-15,1994,Belgium,1.9,78.0,21.61,Herentals,82,finished,60,2903,17,Classic,30,BE,Team Visma | Lease a Bike,,,",,",1558,17163
10,RR,14 July 2025,Ennezat,Le Mont-Dore Puy de Sancy,165.3,4307,240,38.134,2.3 km solo,Russo Clément,https://www.procyclingstats.com/rider/clement-russo,1995-01-20,1995,France,1.87,74.0,21.16,Lyon,83,finished,116,4826,98,Classic,30,FR,Groupama - FDJ,,,",,",1558,17163
10,RR,14 July 2025,Ennezat,Le Mont-Dore Puy de Sancy,165.3,4307,240,38.134,2.3 km solo,Asgreen Kasper,https://www.procyclingstats.com/rider/kasper-asgreen,1995-02-08,1995,Denmark,1.93,75.0,20.13,Kolding,84,finished,82,3598,33,TT,30,DK,EF Education - EasyPost,,,",,",1558,17163
10,RR,14 July 2025,Ennezat,Le Mont-Dore Puy de Sancy,165.3,4307,240,38.134,2.3 km solo,Laurance Axel,https://www.procyclingstats.com/rider/axel-laurance,2001-04-13,2001,France,1.79,63.0,19.66,Calan,85,finished,52,2474,65,Hills,24,FR,INEOS Grenadiers,,,",,",1558,17163
10,RR,14 July 2025,Ennezat,Le Mont-Dore Puy de Sancy,165.3,4307,240,38.134,2.3 km solo,Powless Neilson,https://www.procyclingstats.com/rider/neilson-powless,1996-09-03,1996,United States,1.83,67.0,20.01,Eglin,86,finished,48,2314,35,Classic,28,US,EF Education - EasyPost,,,",,",1558,17163
10,RR,14 July 2025,Ennezat,Le Mont-Dore Puy de Sancy,165.3,4307,240,38.134,2.3 km solo,Stuyven Jasper,https://www.procyclingstats.com/rider/jasper-stuyven,1992-04-17,1992,Belgium,1.87,80.0,22.88,Leuven,87,finished,63,3014,87,Classic,33,BE,Lidl - Trek,,,",,",1558,17163
10,RR,14 July 2025,Ennezat,Le Mont-Dore Puy de Sancy,165.3,4307,240,38.134,2.3 km solo,Moscon Gianni,https://www.procyclingstats.com/rider/gianni-moscon,1994-04-20,1994,Italy,1.8,71.0,21.91,Trento,88,finished,80,3563,74,Classic,31,IT,Red Bull - BORA - hansgrohe,,,",,",1558,17163
10,RR,14 July 2025,Ennezat,Le Mont-Dore Puy de Sancy,165.3,4307,240,38.134,2.3 km solo,Berckmoes Jenno,https://www.procyclingstats.com/rider/jenno-berckmoes,2001-02-04,2001,Belgium,1.77,61.0,19.47,Ghent,89,finished,39,1996,212,Classic,24,BE,Lotto,,,",,",1558,17163
10,RR,14 July 2025,Ennezat,Le Mont-Dore Puy de Sancy,165.3,4307,240,38.134,2.3 km solo,Champoussin Clément,https://www.procyclingstats.com/rider/clement-champoussin,1998-05-29,1998,France,1.8,61.0,18.83,Nice,90,finished,94,3886,174,Climber,27,FR,XDS Astana Team,,,",,",1558,17163
10,RR,14 July 2025,Ennezat,Le Mont-Dore Puy de Sancy,165.3,4307,240,38.134,2.3 km solo,Teunissen Mike,https://www.procyclingstats.com/rider/mike-teunissen,1992-08-25,1992,Netherlands,1.84,73.0,21.56,Ysselsteyn,91,finished,100,4191,177,Classic,32,NL,XDS Astana Team,,,",,",1558,17163
10,RR,14 July 2025,Ennezat,Le Mont-Dore Puy de Sancy,165.3,4307,240,38.134,2.3 km solo,Leknessund Andreas,https://www.procyclingstats.com/rider/andreas-leknessund,1999-05-21,1999,Norway,1.86,72.0,20.81,Tromsø,92,finished,85,3745,227,GC,26,NO,Uno-X Mobility,,,26:28,1588,17193
10,RR,14 July 2025,Ennezat,Le Mont-Dore Puy de Sancy,165.3,4307,240,38.134,2.3 km solo,Politt Nils,https://www.procyclingstats.com/rider/nils-politt,1994-03-06,1994,Germany,1.92,80.0,21.7,Cologne,93,finished,117,4865,4,Classic,31,DE,UAE Team Emirates - XRG,,,26:43,1603,17208
10,RR,14 July 2025,Ennezat,Le Mont-Dore Puy de Sancy,165.3,4307,240,38.134,2.3 km solo,Romeo Iván,https://www.procyclingstats.com/rider/ivan-romeo,2003-08-16,2003,Spain,1.93,75.0,20.13,Valladolid,94,finished,111,4662,147,GC,21,ES,Movistar Team,,,27:01,1621,17226
10,RR,14 July 2025,Ennezat,Le Mont-Dore Puy de Sancy,165.3,4307,240,38.134,2.3 km solo,Aranburu Alex,https://www.procyclingstats.com/rider/alex-aranburu,1995-09-19,1995,Spain,1.78,63.0,19.88,Ezkio-Itsaso,95,finished,67,3238,162,Classic,29,ES,Cofidis,,,",,",1621,17226
10,RR,14 July 2025,Ennezat,Le Mont-Dore Puy de Sancy,165.3,4307,240,38.134,2.3 km solo,Skujiņš Toms,https://www.procyclingstats.com/rider/toms-skujins,1991-06-15,1991,Latvia,1.81,72.0,21.98,Sigulda,96,finished,73,3447,86,Classic,34,LV,Lidl - Trek,,,28:01,1681,17286
10,RR,14 July 2025,Ennezat,Le Mont-Dore Puy de Sancy,165.3,4307,240,38.134,2.3 km solo,Louvel Matis,https://www.procyclingstats.com/rider/matis-louvel,1999-07-19,1999,France,1.87,77.0,22.02,Mont Saint Aignan,97,finished,101,4285,205,Classic,25,FR,Israel - Premier Tech,,,",,",1681,17286
10,RR,14 July 2025,Ennezat,Le Mont-Dore Puy de Sancy,165.3,4307,240,38.134,2.3 km solo,Armirail Bruno,https://www.procyclingstats.com/rider/bruno-armirail,1994-04-11,1994,France,1.9,72.0,19.94,Bagnères-de-Bigorre,98,finished,93,3870,152,TT,31,FR,Decathlon AG2R La Mondiale Team,,,28:08,1688,17293
10,RR,14 July 2025,Ennezat,Le Mont-Dore Puy de Sancy,165.3,4307,240,38.134,2.3 km solo,Turgis Anthony,https://www.procyclingstats.com/rider/anthony-turgis,1994-05-16,1994,France,1.78,70.0,22.09,Bourg-la-Reine,99,finished,110,4513,187,Classic,31,FR,TotalEnergies,,,28:44,1724,17329
10,RR,14 July 2025,Ennezat,Le Mont-Dore Puy de Sancy,165.3,4307,240,38.134,2.3 km solo,van der Poel Mathieu,https://www.procyclingstats.com/rider/mathieu-van-der-poel,1995-01-19,1995,Netherlands,1.84,75.0,22.15,Kapellen,100,finished,30,1716,106,Classic,30,NL,Alpecin - Deceuninck,,,31:12,1872,17477
10,RR,14 July 2025,Ennezat,Le Mont-Dore Puy de Sancy,165.3,4307,240,38.134,2.3 km solo,Rickaert Jonas,https://www.procyclingstats.com/rider/jonas-rickaert,1994-02-07,1994,Belgium,1.9,88.0,24.38,Sint-Eloois-Vijve,101,finished,121,5011,105,Classic,31,BE,Alpecin - Deceuninck,,,",,",1872,17477
10,RR,14 July 2025,Ennezat,Le Mont-Dore Puy de Sancy,165.3,4307,240,38.134,2.3 km solo,Lutsenko Alexey,https://www.procyclingstats.com/rider/aleksey-lutsenko,1992-09-07,1992,Kazakhstan,1.74,74.0,24.44,Petropavl,102,finished,90,3801,206,GC,32,KZ,Israel - Premier Tech,,,",,",1872,17477
10,RR,14 July 2025,Ennezat,Le Mont-Dore Puy de Sancy,165.3,4307,240,38.134,2.3 km solo,Van Eetvelt Lennert,https://www.procyclingstats.com/rider/lennert-van-eetvelt,2001-07-17,2001,Belgium,1.76,63.0,20.34,Binkom,103,finished,158,6364,217,Climber,23,BE,Lotto,,,32:46,1966,17571
10,RR,14 July 2025,Ennezat,Le Mont-Dore Puy de Sancy,165.3,4307,240,38.134,2.3 km solo,Rex Laurenz,https://www.procyclingstats.com/rider/laurenz-rex,1999-12-15,1999,Belgium,1.93,83.0,22.28,Marburg,104,finished,144,5984,45,Classic,25,BE,Intermarché - Wanty,,,",,",1966,17571
10,RR,14 July 2025,Ennezat,Le Mont-Dore Puy de Sancy,165.3,4307,240,38.134,2.3 km solo,Plapp Luke,https://www.procyclingstats.com/rider/luke-plapp,2000-12-25,2000,Australia,1.81,72.0,21.98,Melbourne,105,finished,125,5390,126,GC,24,AU,Team Jayco AlUla,,,",,",1966,17571
10,RR,14 July 2025,Ennezat,Le Mont-Dore Puy de Sancy,165.3,4307,240,38.134,2.3 km solo,Swift Connor,https://www.procyclingstats.com/rider/connor-swift,1995-10-30,1995,Great Britain,1.9,75.0,20.78,Thorne,106,finished,106,4408,67,Classic,29,GB,INEOS Grenadiers,,,",,",1966,17571
10,RR,14 July 2025,Ennezat,Le Mont-Dore Puy de Sancy,165.3,4307,240,38.134,2.3 km solo,Vermeersch Gianni,https://www.procyclingstats.com/rider/gianni-vermeersch,1992-11-19,1992,Belgium,1.73,68.0,22.72,Roeselare,107,finished,118,4966,107,Classic,32,BE,Alpecin - Deceuninck,,,",,",1966,17571
10,RR,14 July 2025,Ennezat,Le Mont-Dore Puy de Sancy,165.3,4307,240,38.134,2.3 km solo,Trentin Matteo,https://www.procyclingstats.com/rider/matteo-trentin,1989-08-02,1989,Italy,1.79,74.0,23.1,Borgo Valsugana,108,finished,70,3345,118,Classic,35,IT,Tudor Pro Cycling Team,,,",,",1966,17571
10,RR,14 July 2025,Ennezat,Le Mont-Dore Puy de Sancy,165.3,4307,240,38.134,2.3 km solo,Touzé Damien,https://www.procyclingstats.com/rider/damien-touze,1996-07-07,1996,France,1.74,69.0,22.79,Iville,109,finished,103,4314,168,Classic,29,FR,Cofidis,,,33:14,1994,17599
10,RR,14 July 2025,Ennezat,Le Mont-Dore Puy de Sancy,165.3,4307,240,38.134,2.3 km solo,Penhoët Paul,https://www.procyclingstats.com/rider/paul-penhoet,2001-12-28,2001,France,1.73,64.0,21.38,Clamart,110,finished,124,5300,97,Classic,23,FR,Groupama - FDJ,,,33:41,2021,17626
10,RR,14 July 2025,Ennezat,Le Mont-Dore Puy de Sancy,165.3,4307,240,38.134,2.3 km solo,Pithie Laurence,https://www.procyclingstats.com/rider/laurence-pithie,2002-07-17,2002,New Zealand,1.85,74.0,21.62,Christchurch,111,finished,105,4361,75,Classic,22,NZ,Red Bull - BORA - hansgrohe,,,",,",2021,17626
10,RR,14 July 2025,Ennezat,Le Mont-Dore Puy de Sancy,165.3,4307,240,38.134,2.3 km solo,Barthe Cyril,https://www.procyclingstats.com/rider/cyril-barthe,1996-02-14,1996,France,1.84,70.0,20.68,Sauveterre-de-Béarn,112,finished,92,3846,93,Hills,29,FR,Groupama - FDJ,,,",,",2021,17626
10,RR,14 July 2025,Ennezat,Le Mont-Dore Puy de Sancy,165.3,4307,240,38.134,2.3 km solo,Rutsch Jonas,https://www.procyclingstats.com/rider/jonas-rutsch,1998-01-24,1998,Germany,1.97,82.0,21.13,Erbach im Odenwald,113,finished,137,5822,46,Classic,27,DE,Intermarché - Wanty,,,",,",2021,17626
10,RR,14 July 2025,Ennezat,Le Mont-Dore Puy de Sancy,165.3,4307,240,38.134,2.3 km solo,García Cortina Iván,https://www.procyclingstats.com/rider/ivan-garcia-cortina,1995-11-20,1995,Spain,1.83,77.0,22.99,Gijón,114,finished,104,4353,145,Classic,29,ES,Movistar Team,,,",,",2021,17626
10,RR,14 July 2025,Ennezat,Le Mont-Dore Puy de Sancy,165.3,4307,240,38.134,2.3 km solo,Cort Magnus,https://www.procyclingstats.com/rider/magnus-cort-nielsen,1993-01-16,1993,Denmark,1.84,68.0,20.09,Rønne,115,finished,145,5999,223,Hills,32,DK,Uno-X Mobility,,,34:39,2079,17684
10,RR,14 July 2025,Ennezat,Le Mont-Dore Puy de Sancy,165.3,4307,240,38.134,2.3 km solo,Page Hugo,https://www.procyclingstats.com/rider/hugo-page,2001-07-24,2001,France,1.85,71.0,20.75,Chartres,116,finished,149,6043,44,Classic,23,FR,Intermarché - Wanty,,,34:46,2086,17691
10,RR,14 July 2025,Ennezat,Le Mont-Dore Puy de Sancy,165.3,4307,240,38.134,2.3 km solo,Stewart Jake,https://www.procyclingstats.com/rider/jake-stewart,1999-10-02,1999,Great Britain,1.79,66.0,20.6,Coventry,117,finished,131,5702,208,Hills,25,GB,Israel - Premier Tech,,,35:56,2156,17761
10,RR,14 July 2025,Ennezat,Le Mont-Dore Puy de Sancy,165.3,4307,240,38.134,2.3 km solo,Watson Samuel,https://www.procyclingstats.com/rider/samuel-watson,2001-09-24,2001,Great Britain,1.88,68.0,19.24,Leeds,118,finished,128,5510,68,Hills,23,GB,INEOS Grenadiers,,,",,",2156,17761
10,RR,14 July 2025,Ennezat,Le Mont-Dore Puy de Sancy,165.3,4307,240,38.134,2.3 km solo,Boivin Guillaume,https://www.procyclingstats.com/rider/guillaume-boivin,1989-05-25,1989,Canada,1.8,78.0,24.07,Montreal,119,finished,157,6339,204,Classic,36,CA,Israel - Premier Tech,,,",,",2156,17761
10,RR,14 July 2025,Ennezat,Le Mont-Dore Puy de Sancy,165.3,4307,240,38.134,2.3 km solo,Sivakov Pavel,https://www.procyclingstats.com/rider/pavel-sivakov,1997-07-11,1997,France,1.88,70.0,19.81,San Donà di Piave Previous nationalities Russia until 2022,120,finished,120,5000,5,GC,28,FR,UAE Team Emirates - XRG,,,",,",2156,17761
10,RR,14 July 2025,Ennezat,Le Mont-Dore Puy de Sancy,165.3,4307,240,38.134,2.3 km solo,Naesen Oliver,https://www.procyclingstats.com/rider/oliver-naesen,1990-09-16,1990,Belgium,1.84,74.0,21.86,Oostende,121,finished,83,3622,155,Classic,34,BE,Decathlon AG2R La Mondiale Team,,,",,",2156,17761
10,RR,14 July 2025,Ennezat,Le Mont-Dore Puy de Sancy,165.3,4307,240,38.134,2.3 km solo,Reinders Elmar,https://www.procyclingstats.com/rider/elmar-reinders,1992-03-14,1992,Netherlands,1.9,78.1,21.63,Emmen,122,finished,132,5731,127,Classic,33,NL,Team Jayco AlUla,,,",,",2156,17761
10,RR,14 July 2025,Ennezat,Le Mont-Dore Puy de Sancy,165.3,4307,240,38.134,2.3 km solo,Affini Edoardo,https://www.procyclingstats.com/rider/edoardo-affini,1996-06-24,1996,Italy,1.9,85.0,23.55,Mantua,123,finished,135,5809,12,TT,29,IT,Team Visma | Lease a Bike,,,",,",2156,17761
10,RR,14 July 2025,Ennezat,Le Mont-Dore Puy de Sancy,165.3,4307,240,38.134,2.3 km solo,van Poppel Danny,https://www.procyclingstats.com/rider/danny-van-poppel,1993-07-26,1993,Netherlands,1.84,82.0,24.22,Moergestel,124,finished,127,5477,77,Sprint,31,NL,Red Bull - BORA - hansgrohe,,,",,",2156,17761
10,RR,14 July 2025,Ennezat,Le Mont-Dore Puy de Sancy,165.3,4307,240,38.134,2.3 km solo,Durbridge Luke,https://www.procyclingstats.com/rider/luke-durbridge,1991-04-09,1991,Australia,1.87,78.0,22.31,Greenmount,125,finished,164,6564,123,TT,34,AU,Team Jayco AlUla,,,",,",2156,17761
10,RR,14 July 2025,Ennezat,Le Mont-Dore Puy de Sancy,165.3,4307,240,38.134,2.3 km solo,Ackermann Pascal,https://www.procyclingstats.com/rider/pascal-ackermann,1994-01-17,1994,Germany,1.8,78.0,24.07,Kandel,126,finished,126,5459,202,Sprint,31,DE,Israel - Premier Tech,,,",,",2156,17761
10,RR,14 July 2025,Ennezat,Le Mont-Dore Puy de Sancy,165.3,4307,240,38.134,2.3 km solo,Stannard Robert,https://www.procyclingstats.com/rider/robert-stannard,1998-09-16,1998,Australia,1.79,74.0,23.1,Sydney Previous nationalities New Zealand until 2016,127,finished,109,4499,57,Hills,26,AU,Bahrain - Victorious,,,",,",2156,17761
10,RR,14 July 2025,Ennezat,Le Mont-Dore Puy de Sancy,165.3,4307,240,38.134,2.3 km solo,Märkl Niklas,https://www.procyclingstats.com/rider/niklas-markl,1999-03-03,1999,Germany,1.85,70.0,20.45,Queidersbach,128,finished,129,5614,196,Sprint,26,DE,Team Picnic PostNL,,,",,",2156,17761
10,RR,14 July 2025,Ennezat,Le Mont-Dore Puy de Sancy,165.3,4307,240,38.134,2.3 km solo,Bittner Pavel,https://www.procyclingstats.com/rider/pavel-bittner,2002-10-29,2002,Czech Republic,1.84,73.0,21.56,Olomouc,129,finished,136,5809,193,Sprint,22,CZ,Team Picnic PostNL,,,",,",2156,17761
10,RR,14 July 2025,Ennezat,Le Mont-Dore Puy de Sancy,165.3,4307,240,38.134,2.3 km solo,Flynn Sean,https://www.procyclingstats.com/rider/sean-flynn,2000-03-02,2000,Great Britain,1.77,67.0,21.39,Edinburgh,130,finished,134,5806,194,GC,25,GB,Team Picnic PostNL,,,",,",2156,17761
10,RR,14 July 2025,Ennezat,Le Mont-Dore Puy de Sancy,165.3,4307,240,38.134,2.3 km solo,Paret-Peintre Aurélien,https://www.procyclingstats.com/rider/aurelien-paret-peintre,1996-02-27,1996,France,1.84,64.0,18.9,Annemasse,131,finished,50,2337,156,GC,29,FR,Decathlon AG2R La Mondiale Team,,,",,",2156,17761
10,RR,14 July 2025,Ennezat,Le Mont-Dore Puy de Sancy,165.3,4307,240,38.134,2.3 km solo,Lienhard Fabian,https://www.procyclingstats.com/rider/fabian-lienhard,1993-09-03,1993,Switzerland,1.83,73.0,21.8,Steinmaur,132,finished,168,6732,115,Classic,31,CH,Tudor Pro Cycling Team,,,",,",2156,17761
10,RR,14 July 2025,Ennezat,Le Mont-Dore Puy de Sancy,165.3,4307,240,38.134,2.3 km solo,Dillier Silvan,https://www.procyclingstats.com/rider/silvan-dillier,1990-08-03,1990,Switzerland,1.83,75.0,22.4,Aarau,133,finished,160,6543,102,Classic,34,CH,Alpecin - Deceuninck,,,",,",2156,17761
10,RR,14 July 2025,Ennezat,Le Mont-Dore Puy de Sancy,165.3,4307,240,38.134,2.3 km solo,Andresen Tobias Lund,https://www.procyclingstats.com/rider/tobias-lund-andresen,2002-08-20,2002,Denmark,1.81,69.0,21.06,Taastrup,134,finished,84,3700,195,Classic,22,DK,Team Picnic PostNL,,,",,",2156,17761
10,RR,14 July 2025,Ennezat,Le Mont-Dore Puy de Sancy,165.3,4307,240,38.134,2.3 km solo,Izagirre Ion,https://www.procyclingstats.com/rider/ion-izagirre,1989-02-04,1989,Spain,1.73,60.0,20.05,Ormaiztegi,135,finished,98,4003,164,GC,36,ES,Cofidis,,,",,",2156,17761
10,RR,14 July 2025,Ennezat,Le Mont-Dore Puy de Sancy,165.3,4307,240,38.134,2.3 km solo,Braet Vito,https://www.procyclingstats.com/rider/vito-braet,2000-11-02,2000,Belgium,1.84,68.0,20.09,Hulste,136,finished,152,6109,43,Classic,24,BE,Intermarché - Wanty,,,",,",2156,17761
10,RR,14 July 2025,Ennezat,Le Mont-Dore Puy de Sancy,165.3,4307,240,38.134,2.3 km solo,Fedorov Yevgeniy,https://www.procyclingstats.com/rider/yevgeniy-fedorov,2000-02-16,2000,Kazakhstan,1.93,80.0,21.48,Aktobe,137,finished,162,6549,175,Classic,25,KZ,XDS Astana Team,,,",,",2156,17761
10,RR,14 July 2025,Ennezat,Le Mont-Dore Puy de Sancy,165.3,4307,240,38.134,2.3 km solo,Edvardsen-Fredheim Stian,https://www.procyclingstats.com/rider/stian-fredheim,2003-03-23,2003,Norway,1.84,72.0,21.27,Kristiansand,138,finished,138,5860,224,Sprint,22,NO,Uno-X Mobility,,,",,",2156,17761
10,RR,14 July 2025,Ennezat,Le Mont-Dore Puy de Sancy,165.3,4307,240,38.134,2.3 km solo,van Sintmaartensdijk Roel,https://www.procyclingstats.com/rider/roel-van-sintmaartensdijk,2001-05-08,2001,Netherlands,1.97,77.0,19.84,Zuidland,139,finished,171,7047,47,GC,24,NL,Intermarché - Wanty,,,",,",2156,17761
10,RR,14 July 2025,Ennezat,Le Mont-Dore Puy de Sancy,165.3,4307,240,38.134,2.3 km solo,Buitrago Santiago,https://www.procyclingstats.com/rider/santiago-buitrago-sanchez,1999-09-26,1999,Colombia,1.74,59.0,19.49,Bogotá,140,finished,71,3422,51,Climber,25,CO,Bahrain - Victorious,,,",,",2156,17761
10,RR,14 July 2025,Ennezat,Le Mont-Dore Puy de Sancy,165.3,4307,240,38.134,2.3 km solo,Bauhaus Phil,https://www.procyclingstats.com/rider/phil-bauhaus,1994-07-08,1994,Germany,1.84,75.0,22.15,Bocholt,141,finished,153,6137,52,Sprint,31,DE,Bahrain - Victorious,,,",,",2156,17761
10,RR,14 July 2025,Ennezat,Le Mont-Dore Puy de Sancy,165.3,4307,240,38.134,2.3 km solo,Wright Fred,https://www.procyclingstats.com/rider/alfred-wright,1999-06-13,1999,Great Britain,1.84,75.0,22.15,London,142,finished,115,4795,58,Hills,26,GB,Bahrain - Victorious,,,",,",2156,17761
10,RR,14 July 2025,Ennezat,Le Mont-Dore Puy de Sancy,165.3,4307,240,38.134,2.3 km solo,Groves Kaden,https://www.procyclingstats.com/rider/kaden-groves,1998-12-23,1998,Australia,1.76,76.0,24.54,Gympie,143,finished,112,4704,103,Hills,26,AU,Alpecin - Deceuninck,,,36:21,2181,17786
10,RR,14 July 2025,Ennezat,Le Mont-Dore Puy de Sancy,165.3,4307,240,38.134,2.3 km solo,Naberman Tim,https://www.procyclingstats.com/rider/tim-naberman,1999-05-11,1999,Netherlands,1.87,70.0,20.02,Genemuiden,144,finished,151,6099,197,GC,26,NL,Team Picnic PostNL,,,36:52,2212,17817
10,RR,14 July 2025,Ennezat,Le Mont-Dore Puy de Sancy,165.3,4307,240,38.134,2.3 km solo,van Dijke Mick,https://www.procyclingstats.com/rider/mick-van-dijke,2000-03-15,2000,Netherlands,1.9,74.0,20.5,Goes,145,finished,163,6563,76,Classic,25,NL,Red Bull - BORA - hansgrohe,,,",,",2212,17817
10,RR,14 July 2025,Ennezat,Le Mont-Dore Puy de Sancy,165.3,4307,240,38.134,2.3 km solo,Albanese Vincenzo,https://www.procyclingstats.com/rider/vincenzo-albanese,1996-11-12,1996,Italy,1.75,70.0,22.86,Oliveto Citra,146,finished,119,4995,32,Hills,28,IT,EF Education - EasyPost,,,",,",2212,17817
10,RR,14 July 2025,Ennezat,Le Mont-Dore Puy de Sancy,165.3,4307,240,38.134,2.3 km solo,Consonni Simone,https://www.procyclingstats.com/rider/simone-consonni,1994-09-12,1994,Italy,1.65,60.0,22.04,Ponte San Pietro,147,finished,165,6573,82,Classic,30,IT,Lidl - Trek,,,",,",2212,17817
10,RR,14 July 2025,Ennezat,Le Mont-Dore Puy de Sancy,165.3,4307,240,38.134,2.3 km solo,Capiot Amaury,https://www.procyclingstats.com/rider/amaury-capiot,1993-06-25,1993,Belgium,1.86,69.0,19.94,Tongeren,148,finished,133,5776,132,Classic,32,BE,Arkéa - B&B Hotels,,,",,",2212,17817
10,RR,14 July 2025,Ennezat,Le Mont-Dore Puy de Sancy,165.3,4307,240,38.134,2.3 km solo,Girmay Biniam,https://www.procyclingstats.com/rider/biniam-girmay,2000-04-02,2000,Eritrea,1.84,70.0,20.68,Asmara,149,finished,142,5964,41,Classic,25,ER,Intermarché - Wanty,,,",,",2212,17817
10,RR,14 July 2025,Ennezat,Le Mont-Dore Puy de Sancy,165.3,4307,240,38.134,2.3 km solo,Milan Jonathan,https://www.procyclingstats.com/rider/jonathan-milan,2000-10-01,2000,Italy,1.94,84.0,22.32,Tolmezzo,150,finished,141,5960,81,Sprint,24,IT,Lidl - Trek,,,",,",2212,17817
10,RR,14 July 2025,Ennezat,Le Mont-Dore Puy de Sancy,165.3,4307,240,38.134,2.3 km solo,Démare Arnaud,https://www.procyclingstats.com/rider/arnaud-demare,1991-08-26,1991,France,1.81,76.0,23.2,Beauvais,151,finished,154,6140,134,Classic,33,FR,Arkéa - B&B Hotels,,,",,",2212,17817
10,RR,14 July 2025,Ennezat,Le Mont-Dore Puy de Sancy,165.3,4307,240,38.134,2.3 km solo,Vercher Mattéo,https://www.procyclingstats.com/rider/matheo-vercher,2001-01-26,2001,France,1.71,,,Lyon,152,finished,172,7375,188,Hills,24,FR,TotalEnergies,,,",,",2212,17817
10,RR,14 July 2025,Ennezat,Le Mont-Dore Puy de Sancy,165.3,4307,240,38.134,2.3 km solo,Gradek Kamil,https://www.procyclingstats.com/rider/kamil-gradek,1990-09-17,1990,Poland,1.94,83.0,22.05,Koziegłowy,153,finished,161,6547,53,TT,34,PL,Bahrain - Victorious,,,",,",2212,17817
10,RR,14 July 2025,Ennezat,Le Mont-Dore Puy de Sancy,165.3,4307,240,38.134,2.3 km solo,Askey Lewis,https://www.procyclingstats.com/rider/lewis-askey,2001-05-04,2001,Great Britain,1.87,75.0,21.45,Cannock,154,finished,146,6011,92,Classic,24,GB,Groupama - FDJ,,,",,",2212,17817
10,RR,14 July 2025,Ennezat,Le Mont-Dore Puy de Sancy,165.3,4307,240,38.134,2.3 km solo,Van Lerberghe Bert,https://www.procyclingstats.com/rider/bert-van-lerberghe,1992-09-29,1992,Belgium,1.9,83.0,22.99,Kortrijk,155,finished,150,6051,27,Classic,32,BE,Soudal Quick-Step,,,",,",2212,17817
10,RR,14 July 2025,Ennezat,Le Mont-Dore Puy de Sancy,165.3,4307,240,38.134,2.3 km solo,Groenewegen Dylan,https://www.procyclingstats.com/rider/dylan-groenewegen,1993-06-21,1993,Netherlands,1.77,70.0,22.34,Amsterdam,156,finished,148,6021,124,Sprint,32,NL,Team Jayco AlUla,,,",,",2212,17817
10,RR,14 July 2025,Ennezat,Le Mont-Dore Puy de Sancy,165.3,4307,240,38.134,2.3 km solo,Theuns Edward,https://www.procyclingstats.com/rider/edward-theuns,1991-04-30,1991,Belgium,1.83,72.0,21.5,Ghent,157,finished,166,6597,88,Classic,34,BE,Lidl - Trek,,,",,",2212,17817
10,RR,14 July 2025,Ennezat,Le Mont-Dore Puy de Sancy,165.3,4307,240,38.134,2.3 km solo,Nys Thibau,https://www.procyclingstats.com/rider/thibau-nys,2002-11-12,2002,Belgium,1.76,64.0,20.66,Bonheiden,158,finished,114,4785,83,Hills,22,BE,Lidl - Trek,,,",,",2212,17817
10,RR,14 July 2025,Ennezat,Le Mont-Dore Puy de Sancy,165.3,4307,240,38.134,2.3 km solo,Barré Louis,https://www.procyclingstats.com/rider/louis-barre,2000-04-06,2000,France,1.84,68.0,20.09,Nantes,159,finished,123,5247,42,Classic,25,FR,Intermarché - Wanty,,,",,",2212,17817
10,RR,14 July 2025,Ennezat,Le Mont-Dore Puy de Sancy,165.3,4307,240,38.134,2.3 km solo,Dainese Alberto,https://www.procyclingstats.com/rider/alberto-dainese,1998-03-25,1998,Italy,1.75,72.0,23.51,Abano Terme,160,finished,130,5692,112,Sprint,27,IT,Tudor Pro Cycling Team,,,",,",2212,17817
10,RR,14 July 2025,Ennezat,Le Mont-Dore Puy de Sancy,165.3,4307,240,38.134,2.3 km solo,Merlier Tim,https://www.procyclingstats.com/rider/tim-merlier,1992-10-30,1992,Belgium,1.88,76.0,21.5,Wortegem-Petegem,161,finished,143,5984,24,Sprint,32,BE,Soudal Quick-Step,,,",,",2212,17817
10,RR,14 July 2025,Ennezat,Le Mont-Dore Puy de Sancy,165.3,4307,240,38.134,2.3 km solo,Renard Alexis,https://www.procyclingstats.com/rider/alexis-renard,1999-06-01,1999,France,1.86,74.0,21.39,Saint-Brieuc,162,finished,140,5957,165,Classic,26,FR,Cofidis,,,",,",2212,17817
10,RR,14 July 2025,Ennezat,Le Mont-Dore Puy de Sancy,165.3,4307,240,38.134,2.3 km solo,Grignard Sébastien,https://www.procyclingstats.com/rider/sebastien-grignard,1999-04-29,1999,Belgium,1.79,68.0,21.22,Mons,163,finished,167,6635,215,Classic,26,BE,Lotto,,,37:13,2233,17838
10,RR,14 July 2025,Ennezat,Le Mont-Dore Puy de Sancy,165.3,4307,240,38.134,2.3 km solo,Ballerini Davide,https://www.procyclingstats.com/rider/davide-ballerini,1994-09-21,1994,Italy,1.83,71.0,21.2,Cantù,164,finished,170,7023,172,Classic,30,IT,XDS Astana Team,,,",,",2233,17838
10,RR,14 July 2025,Ennezat,Le Mont-Dore Puy de Sancy,165.3,4307,240,38.134,2.3 km solo,Drizners Jarrad,https://www.procyclingstats.com/rider/jarrad-drizners,1999-05-31,1999,Australia,1.86,70.0,20.23,Adelaide,165,finished,156,6319,214,GC,26,AU,Lotto,,,",,",2233,17838
10,RR,14 July 2025,Ennezat,Le Mont-Dore Puy de Sancy,165.3,4307,240,38.134,2.3 km solo,Mohorič Matej,https://www.procyclingstats.com/rider/matej-mohoric,1994-10-19,1994,Slovenia,1.86,71.0,20.52,Kranj,166,finished,122,5017,56,Classic,30,SI,Bahrain - Victorious,,,",,",2233,17838
10,RR,14 July 2025,Ennezat,Le Mont-Dore Puy de Sancy,165.3,4307,240,38.134,2.3 km solo,De Lie Arnaud,https://www.procyclingstats.com/rider/arnaud-de-lie,2002-03-16,2002,Belgium,1.82,78.0,23.55,Libramont,167,finished,159,6467,211,Classic,23,BE,Lotto,,,",,",2233,17838
10,RR,14 July 2025,Ennezat,Le Mont-Dore Puy de Sancy,165.3,4307,240,38.134,2.3 km solo,Bol Cees,https://www.procyclingstats.com/rider/cees-bol,1995-07-27,1995,Netherlands,1.94,83.0,22.05,Zaandam,168,finished,155,6183,173,Sprint,29,NL,XDS Astana Team,,,",,",2233,17838
10,RR,14 July 2025,Ennezat,Le Mont-Dore Puy de Sancy,165.3,4307,240,38.134,2.3 km solo,Thomas Benjamin,https://www.procyclingstats.com/rider/benjamin-thomas-2,1995-09-12,1995,France,1.79,68.0,21.22,Lavaur,169,finished,147,6013,167,TT,29,FR,Cofidis,,,37:41,2261,17866
10,RR,14 July 2025,Ennezat,Le Mont-Dore Puy de Sancy,165.3,4307,240,38.134,2.3 km solo,Coquard Bryan,https://www.procyclingstats.com/rider/bryan-coquard,1992-04-25,1992,France,1.71,59.0,20.18,Saint-Nazaire,170,finished,113,4736,163,Sprint,33,FR,Cofidis,,,",,",2261,17866
10,RR,14 July 2025,Ennezat,Le Mont-Dore Puy de Sancy,165.3,4307,240,38.134,2.3 km solo,Mezgec Luka,https://www.procyclingstats.com/rider/luka-mezgec,1988-06-27,1988,Slovenia,1.83,72.0,21.5,Kranj,171,finished,139,5928,125,Hills,37,SI,Team Jayco AlUla,,,37:47,2267,17872
10,RR,14 July 2025,Ennezat,Le Mont-Dore Puy de Sancy,165.3,4307,240,38.134,2.3 km solo,Meeus Jordi,https://www.procyclingstats.com/rider/jordi-meeus,1998-07-01,1998,Belgium,1.9,80.0,22.16,Lommel,172,finished,169,6775,73,Classic,27,BE,Red Bull - BORA - hansgrohe,,,",,",2267,17872
10,RR,14 July 2025,Ennezat,Le Mont-Dore Puy de Sancy,165.3,4307,240,38.134,2.3 km solo,Wærenskjold Søren,https://www.procyclingstats.com/rider/soren-waerenskjold,2000-03-12,2000,Norway,1.95,92.0,24.19,Mandal,,DNF,,,228,Classic,25,NO,Uno-X Mobility,,,,,
10,RR,14 July 2025,Ennezat,Le Mont-Dore Puy de Sancy,165.3,4307,240,38.134,2.3 km solo,Zimmermann Georg,https://www.procyclingstats.com/rider/georg-zimmermann,1997-10-11,1997,Germany,1.81,70.0,21.37,Augsburg,,DNS,,,48,Classic,27,DE,Intermarché - Wanty,,,,,
10,RR,14 July 2025,Ennezat,Le Mont-Dore Puy de Sancy,165.3,4307,240,38.134,2.3 km solo,van den Berg Marijn,https://www.procyclingstats.com/rider/marijn-van-den-berg,1999-07-19,1999,Netherlands,1.82,73.0,22.04,De Meern,,DNS,,,38,Hills,25,NL,EF Education - EasyPost,,,,,
11,RR,16 July 2025,Toulouse,Toulouse,156.8,1567,78,48.016,Sprint à deux,Abrahamsen Jonas,https://www.procyclingstats.com/rider/jonas-abrahamsen,1995-09-20,1995,Norway,1.83,78.0,23.29,Skien,1,finished,97,4267,222,Classic,29,NO,Uno-X Mobility,210.0,100.0,3:15:56,0,11756
11,RR,16 July 2025,Toulouse,Toulouse,156.8,1567,78,48.016,Sprint à deux,Schmid Mauro,https://www.procyclingstats.com/rider/mauro-schmid,1999-12-04,1999,Switzerland,1.87,70.0,20.02,Bülach,2,finished,72,3729,128,Hills,25,CH,Team Jayco AlUla,150.0,70.0,",,",0,11756
11,RR,16 July 2025,Toulouse,Toulouse,156.8,1567,78,48.016,Sprint à deux,van der Poel Mathieu,https://www.procyclingstats.com/rider/mathieu-van-der-poel,1995-01-19,1995,Netherlands,1.84,75.0,22.15,Kapellen,3,finished,29,1511,106,Classic,30,NL,Alpecin - Deceuninck,110.0,50.0,0:07,7,11763
11,RR,16 July 2025,Toulouse,Toulouse,156.8,1567,78,48.016,Sprint à deux,De Lie Arnaud,https://www.procyclingstats.com/rider/arnaud-de-lie,2002-03-16,2002,Belgium,1.82,78.0,23.55,Libramont,4,finished,135,6312,211,Classic,23,BE,Lotto,90.0,40.0,0:53,53,11809
11,RR,16 July 2025,Toulouse,Toulouse,156.8,1567,78,48.016,Sprint à deux,van Aert Wout,https://www.procyclingstats.com/rider/wout-van-aert,1994-09-15,1994,Belgium,1.9,78.0,21.61,Herentals,5,finished,56,2748,17,Classic,30,BE,Team Visma | Lease a Bike,70.0,32.0,",,",53,11809
11,RR,16 July 2025,Toulouse,Toulouse,156.8,1567,78,48.016,Sprint à deux,Laurance Axel,https://www.procyclingstats.com/rider/axel-laurance,2001-04-13,2001,France,1.79,63.0,19.66,Calan,6,finished,46,2319,65,Hills,24,FR,INEOS Grenadiers,55.0,26.0,",,",53,11809
11,RR,16 July 2025,Toulouse,Toulouse,156.8,1567,78,48.016,Sprint à deux,Wright Fred,https://www.procyclingstats.com/rider/alfred-wright,1999-06-13,1999,Great Britain,1.84,75.0,22.15,London,7,finished,104,4640,58,Hills,26,GB,Bahrain - Victorious,45.0,22.0,",,",53,11809
11,RR,16 July 2025,Toulouse,Toulouse,156.8,1567,78,48.016,Sprint à deux,Burgaudeau Mathieu,https://www.procyclingstats.com/rider/mathieu-burgaudeau,1998-11-17,1998,France,1.68,61.0,21.61,Noirmoutier-en-l'Île,8,finished,48,2416,182,Hills,26,FR,TotalEnergies,40.0,18.0,",,",53,11809
11,RR,16 July 2025,Toulouse,Toulouse,156.8,1567,78,48.016,Sprint à deux,Simmons Quinn,https://www.procyclingstats.com/rider/quinn-simmons,2001-05-08,2001,United States,1.85,73.0,21.33,Durango,9,finished,36,2120,84,Hills,24,US,Lidl - Trek,35.0,14.0,",,",53,11809
11,RR,16 July 2025,Toulouse,Toulouse,156.8,1567,78,48.016,Sprint à deux,Ballerini Davide,https://www.procyclingstats.com/rider/davide-ballerini,1994-09-21,1994,Italy,1.83,71.0,21.2,Cantù,10,finished,157,6886,172,Classic,30,IT,XDS Astana Team,30.0,10.0,1:11,71,11827
11,RR,16 July 2025,Toulouse,Toulouse,156.8,1567,78,48.016,Sprint à deux,Groves Kaden,https://www.procyclingstats.com/rider/kaden-groves,1998-12-23,1998,Australia,1.76,76.0,24.54,Gympie,11,finished,105,4704,103,Hills,26,AU,Alpecin - Deceuninck,25.0,8.0,3:28,208,11964
11,RR,16 July 2025,Toulouse,Toulouse,156.8,1567,78,48.016,Sprint à deux,Dainese Alberto,https://www.procyclingstats.com/rider/alberto-dainese,1998-03-25,1998,Italy,1.75,72.0,23.51,Abano Terme,12,finished,123,5692,112,Sprint,27,IT,Tudor Pro Cycling Team,20.0,6.0,",,",208,11964
11,RR,16 July 2025,Toulouse,Toulouse,156.8,1567,78,48.016,Sprint à deux,Jegat Jordan,https://www.procyclingstats.com/rider/jordan-jegat,1999-06-07,1999,France,1.76,59.0,19.05,Vannes,13,finished,14,392,186,Climber,26,FR,TotalEnergies,15.0,4.0,",,",208,11964
11,RR,16 July 2025,Toulouse,Toulouse,156.8,1567,78,48.016,Sprint à deux,Grégoire Romain,https://www.procyclingstats.com/rider/romain-gregoire,2003-01-21,2003,France,1.76,64.0,20.66,Besançon,14,finished,19,915,94,Classic,22,FR,Groupama - FDJ,10.0,2.0,",,",208,11964
11,RR,16 July 2025,Toulouse,Toulouse,156.8,1567,78,48.016,Sprint à deux,Velasco Simone,https://www.procyclingstats.com/rider/simone-velasco,1995-12-02,1995,Italy,1.7,59.0,20.42,Bologna,15,finished,53,2659,178,Classic,29,IT,XDS Astana Team,5.0,1.0,",,",208,11964
11,RR,16 July 2025,Toulouse,Toulouse,156.8,1567,78,48.016,Sprint à deux,Pacher Quentin,https://www.procyclingstats.com/rider/quentin-pacher,1992-01-06,1992,France,1.79,62.0,19.35,Libourne,16,finished,30,1628,96,Hills,33,FR,Groupama - FDJ,,,",,",208,11964
11,RR,16 July 2025,Toulouse,Toulouse,156.8,1567,78,48.016,Sprint à deux,Barré Louis,https://www.procyclingstats.com/rider/louis-barre,2000-04-06,2000,France,1.84,68.0,20.09,Nantes,17,finished,117,5247,42,Classic,25,FR,Intermarché - Wanty,,,",,",208,11964
11,RR,16 July 2025,Toulouse,Toulouse,156.8,1567,78,48.016,Sprint à deux,Champoussin Clément,https://www.procyclingstats.com/rider/clement-champoussin,1998-05-29,1998,France,1.8,61.0,18.83,Nice,18,finished,81,3886,174,Climber,27,FR,XDS Astana Team,,,",,",208,11964
11,RR,16 July 2025,Toulouse,Toulouse,156.8,1567,78,48.016,Sprint à deux,Aranburu Alex,https://www.procyclingstats.com/rider/alex-aranburu,1995-09-19,1995,Spain,1.78,63.0,19.88,Ezkio-Itsaso,19,finished,62,3238,162,Classic,29,ES,Cofidis,,,",,",208,11964
11,RR,16 July 2025,Toulouse,Toulouse,156.8,1567,78,48.016,Sprint à deux,Narváez Jhonatan,https://www.procyclingstats.com/rider/jhonatan-narvaez,1997-03-04,1997,Ecuador,1.74,65.0,21.47,El Playón de San Francisco,20,finished,16,689,3,Hills,28,EC,UAE Team Emirates - XRG,,,",,",208,11964
11,RR,16 July 2025,Toulouse,Toulouse,156.8,1567,78,48.016,Sprint à deux,Vauquelin Kévin,https://www.procyclingstats.com/rider/kevin-vauquelin,2001-04-26,2001,France,1.76,69.0,22.28,Bayeux,21,finished,6,146,131,GC,24,FR,Arkéa - B&B Hotels,,,",,",208,11964
11,RR,16 July 2025,Toulouse,Toulouse,156.8,1567,78,48.016,Sprint à deux,Meurisse Xandro,https://www.procyclingstats.com/rider/xandro-meurisse,1992-01-31,1992,Belgium,1.81,68.0,20.76,Kortrijk,22,finished,23,1288,104,GC,33,BE,Alpecin - Deceuninck,,,",,",208,11964
11,RR,16 July 2025,Toulouse,Toulouse,156.8,1567,78,48.016,Sprint à deux,Higuita Sergio,https://www.procyclingstats.com/rider/sergio-higuita,1997-08-01,1997,Colombia,1.66,57.0,20.69,Medellín,23,finished,34,1894,176,Climber,27,CO,XDS Astana Team,,,",,",208,11964
11,RR,16 July 2025,Toulouse,Toulouse,156.8,1567,78,48.016,Sprint à deux,Healy Ben,https://www.procyclingstats.com/rider/ben-healy,2000-09-11,2000,Ireland,1.75,62.0,20.24,Kingswinford Previous nationalities Great Britain until 2016,24,finished,1,0,31,Climber,24,IE,EF Education - EasyPost,,,",,",208,11964
11,RR,16 July 2025,Toulouse,Toulouse,156.8,1567,78,48.016,Sprint à deux,Madouas Valentin,https://www.procyclingstats.com/rider/valentin-madouas,1996-07-12,1996,France,1.79,71.0,22.16,Brest,25,finished,26,1408,95,Classic,29,FR,Groupama - FDJ,,,",,",208,11964
11,RR,16 July 2025,Toulouse,Toulouse,156.8,1567,78,48.016,Sprint à deux,Haller Marco,https://www.procyclingstats.com/rider/marco-haller,1991-04-01,1991,Austria,1.78,72.0,22.72,Sankt Veit an der Glan,26,finished,85,3928,113,Classic,34,AT,Tudor Pro Cycling Team,,,",,",208,11964
11,RR,16 July 2025,Toulouse,Toulouse,156.8,1567,78,48.016,Sprint à deux,van den Broek Frank,https://www.procyclingstats.com/rider/frank-van-den-broek,2000-12-28,2000,Netherlands,1.78,70.0,22.09,Warmond,27,finished,55,2689,198,GC,24,NL,Team Picnic PostNL,,,",,",208,11964
11,RR,16 July 2025,Toulouse,Toulouse,156.8,1567,78,48.016,Sprint à deux,Evenepoel Remco,https://www.procyclingstats.com/rider/remco-evenepoel,2000-01-25,2000,Belgium,1.71,63.0,21.55,Aalst,28,finished,3,89,21,Climber,25,BE,Soudal Quick-Step,,,",,",208,11964
11,RR,16 July 2025,Toulouse,Toulouse,156.8,1567,78,48.016,Sprint à deux,Alaphilippe Julian,https://www.procyclingstats.com/rider/julian-alaphilippe,1992-06-11,1992,France,1.73,62.0,20.72,Saint-Amand-Montrond,29,finished,59,3121,111,Classic,33,FR,Tudor Pro Cycling Team,,,",,",208,11964
11,RR,16 July 2025,Toulouse,Toulouse,156.8,1567,78,48.016,Sprint à deux,Rodríguez Cristián,https://www.procyclingstats.com/rider/cristian-rodriguez,1995-03-03,1995,Spain,1.78,59.0,18.62,El Ejido,30,finished,25,1394,137,GC,30,ES,Arkéa - B&B Hotels,,,",,",208,11964
11,RR,16 July 2025,Toulouse,Toulouse,156.8,1567,78,48.016,Sprint à deux,Buchmann Emanuel,https://www.procyclingstats.com/rider/emanuel-buchmann,1992-11-18,1992,Germany,1.8,59.0,18.21,Ravensburg,31,finished,20,941,161,GC,32,DE,Cofidis,,,",,",208,11964
11,RR,16 July 2025,Toulouse,Toulouse,156.8,1567,78,48.016,Sprint à deux,Gall Felix,https://www.procyclingstats.com/rider/felix-gall,1998-02-27,1998,Austria,1.8,66.0,20.37,Nußdorf-Debant,32,finished,11,338,151,Climber,27,AT,Decathlon AG2R La Mondiale Team,,,",,",208,11964
11,RR,16 July 2025,Toulouse,Toulouse,156.8,1567,78,48.016,Sprint à deux,Jorgenson Matteo,https://www.procyclingstats.com/rider/matteo-jorgenson,1999-07-01,1999,United States,1.9,69.0,19.11,Walnut Creek,33,finished,5,126,15,GC,26,US,Team Visma | Lease a Bike,,,",,",208,11964
11,RR,16 July 2025,Toulouse,Toulouse,156.8,1567,78,48.016,Sprint à deux,Martin Guillaume,https://www.procyclingstats.com/rider/guillaume-martin,1993-06-09,1993,France,1.73,55.0,18.38,Paris,34,finished,15,644,91,Climber,32,FR,Groupama - FDJ,,,",,",208,11964
11,RR,16 July 2025,Toulouse,Toulouse,156.8,1567,78,48.016,Sprint à deux,Pogačar Tadej,https://www.procyclingstats.com/rider/tadej-pogacar,1998-09-21,1998,Slovenia,1.76,66.0,21.31,Klanec,35,finished,2,29,1,Climber,26,SI,UAE Team Emirates - XRG,,,",,",208,11964
11,RR,16 July 2025,Toulouse,Toulouse,156.8,1567,78,48.016,Sprint à deux,Vingegaard Jonas,https://www.procyclingstats.com/rider/jonas-vingegaard,1996-12-10,1996,Denmark,1.75,58.0,18.94,Hillerslev,36,finished,4,106,11,GC,28,DK,Team Visma | Lease a Bike,,,",,",208,11964
11,RR,16 July 2025,Toulouse,Toulouse,156.8,1567,78,48.016,Sprint à deux,Johannessen Tobias Halland,https://www.procyclingstats.com/rider/tobias-halland-johannessen,1999-08-23,1999,Norway,1.76,62.0,20.02,Drøbak,37,finished,10,303,221,Climber,25,NO,Uno-X Mobility,,,",,",208,11964
11,RR,16 July 2025,Toulouse,Toulouse,156.8,1567,78,48.016,Sprint à deux,Rodríguez Carlos,https://www.procyclingstats.com/rider/carlos-rodriguez-cano,2001-02-02,2001,Spain,1.83,67.0,20.01,Almuñécar,38,finished,12,344,66,GC,24,ES,INEOS Grenadiers,,,",,",208,11964
11,RR,16 July 2025,Toulouse,Toulouse,156.8,1567,78,48.016,Sprint à deux,Lipowitz Florian,https://www.procyclingstats.com/rider/florian-lipowitz,2000-09-21,2000,Germany,1.81,68.0,20.76,Laichingen,39,finished,8,214,72,GC,24,DE,Red Bull - BORA - hansgrohe,,,",,",208,11964
11,RR,16 July 2025,Toulouse,Toulouse,156.8,1567,78,48.016,Sprint à deux,Roglič Primož,https://www.procyclingstats.com/rider/primoz-roglic,1989-10-29,1989,Slovenia,1.77,65.0,20.75,Trbovlje,40,finished,9,221,71,Climber,35,SI,Red Bull - BORA - hansgrohe,,,",,",208,11964
11,RR,16 July 2025,Toulouse,Toulouse,156.8,1567,78,48.016,Sprint à deux,Onley Oscar,https://www.procyclingstats.com/rider/oscar-onley,2002-10-13,2002,Great Britain,1.73,62.0,20.72,Kelso,41,finished,7,204,191,GC,22,GB,Team Picnic PostNL,,,",,",208,11964
11,RR,16 July 2025,Toulouse,Toulouse,156.8,1567,78,48.016,Sprint à deux,Yates Adam,https://www.procyclingstats.com/rider/adam-yates,1992-08-07,1992,Great Britain,1.73,58.0,19.38,Bury,42,finished,38,2184,8,Climber,32,GB,UAE Team Emirates - XRG,,,",,",208,11964
11,RR,16 July 2025,Toulouse,Toulouse,156.8,1567,78,48.016,Sprint à deux,O'Connor Ben,https://www.procyclingstats.com/rider/ben-o-connor,1995-11-25,1995,Australia,1.88,67.0,18.96,Subiaco,43,finished,17,710,121,GC,29,AU,Team Jayco AlUla,,,",,",208,11964
11,RR,16 July 2025,Toulouse,Toulouse,156.8,1567,78,48.016,Sprint à deux,Mas Enric,https://www.procyclingstats.com/rider/enric-mas,1995-01-07,1995,Spain,1.77,61.0,19.47,Artà,44,finished,13,356,141,Climber,30,ES,Movistar Team,,,",,",208,11964
11,RR,16 July 2025,Toulouse,Toulouse,156.8,1567,78,48.016,Sprint à deux,Kuss Sepp,https://www.procyclingstats.com/rider/sepp-kuss,1994-09-13,1994,United States,1.82,61.0,18.42,Durango,45,finished,21,1189,16,Climber,30,US,Team Visma | Lease a Bike,,,",,",208,11964
11,RR,16 July 2025,Toulouse,Toulouse,156.8,1567,78,48.016,Sprint à deux,Van Wilder Ilan,https://www.procyclingstats.com/rider/ilan-van-wilder,2000-05-14,2000,Belgium,1.71,64.0,21.89,Jette,46,finished,42,2262,28,GC,25,BE,Soudal Quick-Step,,,",,",208,11964
11,RR,16 July 2025,Toulouse,Toulouse,156.8,1567,78,48.016,Sprint à deux,Yates Simon,https://www.procyclingstats.com/rider/simon-yates,1992-08-07,1992,Great Britain,1.72,58.0,19.61,Bury,47,finished,22,1226,18,Climber,32,GB,Team Visma | Lease a Bike,,,",,",208,11964
11,RR,16 July 2025,Toulouse,Toulouse,156.8,1567,78,48.016,Sprint à deux,Baudin Alex,https://www.procyclingstats.com/rider/alex-baudin,2001-05-25,2001,France,1.83,64.0,19.11,Albertville,48,finished,33,1820,34,Climber,24,FR,EF Education - EasyPost,,,",,",208,11964
11,RR,16 July 2025,Toulouse,Toulouse,156.8,1567,78,48.016,Sprint à deux,Scotson Callum,https://www.procyclingstats.com/rider/callum-scotson,1996-08-10,1996,Australia,1.83,77.0,22.99,Campbelltown,49,finished,32,1818,157,GC,28,AU,Decathlon AG2R La Mondiale Team,,,3:53,233,11989
11,RR,16 July 2025,Toulouse,Toulouse,156.8,1567,78,48.016,Sprint à deux,Blackmore Joseph,https://www.procyclingstats.com/rider/joseph-blackmore,2003-02-23,2003,Great Britain,1.81,66.0,20.15,Sidcup,50,finished,31,1759,203,GC,22,GB,Israel - Premier Tech,,,",,",233,11989
11,RR,16 July 2025,Toulouse,Toulouse,156.8,1567,78,48.016,Sprint à deux,Arensman Thymen,https://www.procyclingstats.com/rider/thymen-arensman,1999-12-04,1999,Netherlands,1.9,68.0,18.84,Deil,51,finished,24,1326,62,GC,25,NL,INEOS Grenadiers,,,",,",233,11989
11,RR,16 July 2025,Toulouse,Toulouse,156.8,1567,78,48.016,Sprint à deux,Venturini Clément,https://www.procyclingstats.com/rider/clement-venturini,1993-10-16,1993,France,1.65,60.0,22.04,Villeurbanne,52,finished,35,2023,138,Classic,31,FR,Arkéa - B&B Hotels,,,",,",233,11989
11,RR,16 July 2025,Toulouse,Toulouse,156.8,1567,78,48.016,Sprint à deux,Politt Nils,https://www.procyclingstats.com/rider/nils-politt,1994-03-06,1994,Germany,1.92,80.0,21.7,Cologne,53,finished,109,4890,4,Classic,31,DE,UAE Team Emirates - XRG,,,",,",233,11989
11,RR,16 July 2025,Toulouse,Toulouse,156.8,1567,78,48.016,Sprint à deux,Schachmann Maximilian,https://www.procyclingstats.com/rider/maximilian-schachmann,1994-01-09,1994,Germany,1.83,71.0,21.2,Berlin,54,finished,64,3333,26,GC,31,DE,Soudal Quick-Step,,,",,",233,11989
11,RR,16 July 2025,Toulouse,Toulouse,156.8,1567,78,48.016,Sprint à deux,Coquard Bryan,https://www.procyclingstats.com/rider/bryan-coquard,1992-04-25,1992,France,1.71,59.0,20.18,Saint-Nazaire,55,finished,106,4761,163,Sprint,33,FR,Cofidis,,,",,",233,11989
11,RR,16 July 2025,Toulouse,Toulouse,156.8,1567,78,48.016,Sprint à deux,Teunissen Mike,https://www.procyclingstats.com/rider/mike-teunissen,1992-08-25,1992,Netherlands,1.84,73.0,21.56,Ysselsteyn,56,finished,94,4216,177,Classic,32,NL,XDS Astana Team,,,",,",233,11989
11,RR,16 July 2025,Toulouse,Toulouse,156.8,1567,78,48.016,Sprint à deux,Hoelgaard Markus,https://www.procyclingstats.com/rider/markus-hoelgaard,1994-10-04,1994,Norway,1.88,74.0,20.94,Stavanger,57,finished,41,2243,225,Classic,30,NO,Uno-X Mobility,,,5:30,330,12086
11,RR,16 July 2025,Toulouse,Toulouse,156.8,1567,78,48.016,Sprint à deux,Leknessund Andreas,https://www.procyclingstats.com/rider/andreas-leknessund,1999-05-21,1999,Norway,1.86,72.0,20.81,Tromsø,58,finished,79,3867,227,GC,26,NO,Uno-X Mobility,,,",,",330,12086
11,RR,16 July 2025,Toulouse,Toulouse,156.8,1567,78,48.016,Sprint à deux,Mayrhofer Marius,https://www.procyclingstats.com/rider/marius-mayrhofer,2000-09-18,2000,Germany,1.82,70.0,21.13,Tübingen,59,finished,71,3718,116,Hills,24,DE,Tudor Pro Cycling Team,,,",,",330,12086
11,RR,16 July 2025,Toulouse,Toulouse,156.8,1567,78,48.016,Sprint à deux,Barthe Cyril,https://www.procyclingstats.com/rider/cyril-barthe,1996-02-14,1996,France,1.84,70.0,20.68,Sauveterre-de-Béarn,60,finished,87,3968,93,Hills,29,FR,Groupama - FDJ,,,",,",330,12086
11,RR,16 July 2025,Toulouse,Toulouse,156.8,1567,78,48.016,Sprint à deux,Sivakov Pavel,https://www.procyclingstats.com/rider/pavel-sivakov,1997-07-11,1997,France,1.88,70.0,19.81,San Donà di Piave Previous nationalities Russia until 2022,61,finished,113,5124,5,GC,28,FR,UAE Team Emirates - XRG,,,5:32,332,12088
11,RR,16 July 2025,Toulouse,Toulouse,156.8,1567,78,48.016,Sprint à deux,Teuns Dylan,https://www.procyclingstats.com/rider/dylan-teuns,1992-03-01,1992,Belgium,1.81,64.0,19.54,Diest,62,finished,80,3882,166,GC,33,BE,Cofidis,,,",,",332,12088
11,RR,16 July 2025,Toulouse,Toulouse,156.8,1567,78,48.016,Sprint à deux,Paret-Peintre Valentin,https://www.procyclingstats.com/rider/valentin-paret-peintre,2001-01-14,2001,France,1.78,52.0,16.41,Annemasse,63,finished,69,3681,25,Climber,24,FR,Soudal Quick-Step,,,",,",332,12088
11,RR,16 July 2025,Toulouse,Toulouse,156.8,1567,78,48.016,Sprint à deux,Paret-Peintre Aurélien,https://www.procyclingstats.com/rider/aurelien-paret-peintre,1996-02-27,1996,France,1.84,64.0,18.9,Annemasse,64,finished,49,2461,156,GC,29,FR,Decathlon AG2R La Mondiale Team,,,",,",332,12088
11,RR,16 July 2025,Toulouse,Toulouse,156.8,1567,78,48.016,Sprint à deux,Girmay Biniam,https://www.procyclingstats.com/rider/biniam-girmay,2000-04-02,2000,Eritrea,1.84,70.0,20.68,Asmara,65,finished,131,6088,41,Classic,25,ER,Intermarché - Wanty,,,",,",332,12088
11,RR,16 July 2025,Toulouse,Toulouse,156.8,1567,78,48.016,Sprint à deux,Naesen Oliver,https://www.procyclingstats.com/rider/oliver-naesen,1990-09-16,1990,Belgium,1.84,74.0,21.86,Oostende,66,finished,73,3746,155,Classic,34,BE,Decathlon AG2R La Mondiale Team,,,",,",332,12088
11,RR,16 July 2025,Toulouse,Toulouse,156.8,1567,78,48.016,Sprint à deux,Berthet Clément,https://www.procyclingstats.com/rider/clement-berthet,1997-08-02,1997,France,1.84,68.0,20.09,Pierre Bénite,67,finished,27,1430,153,Climber,27,FR,Decathlon AG2R La Mondiale Team,,,",,",332,12088
11,RR,16 July 2025,Toulouse,Toulouse,156.8,1567,78,48.016,Sprint à deux,Touzé Damien,https://www.procyclingstats.com/rider/damien-touze,1996-07-07,1996,France,1.74,69.0,22.79,Iville,68,finished,99,4438,168,Classic,29,FR,Cofidis,,,",,",332,12088
11,RR,16 July 2025,Toulouse,Toulouse,156.8,1567,78,48.016,Sprint à deux,Gachignard Thomas,https://www.procyclingstats.com/rider/thomas-gachignard,2000-08-17,2000,France,,,,Niort,69,finished,57,2813,184,GC,24,FR,TotalEnergies,,,",,",332,12088
11,RR,16 July 2025,Toulouse,Toulouse,156.8,1567,78,48.016,Sprint à deux,Campenaerts Victor,https://www.procyclingstats.com/rider/victor-campenaerts,1991-10-28,1991,Belgium,1.73,68.0,22.72,Hoboken,70,finished,44,2305,14,TT,33,BE,Team Visma | Lease a Bike,,,",,",332,12088
11,RR,16 July 2025,Toulouse,Toulouse,156.8,1567,78,48.016,Sprint à deux,Stuyven Jasper,https://www.procyclingstats.com/rider/jasper-stuyven,1992-04-17,1992,Belgium,1.87,80.0,22.88,Leuven,71,finished,60,3138,87,Classic,33,BE,Lidl - Trek,,,",,",332,12088
11,RR,16 July 2025,Toulouse,Toulouse,156.8,1567,78,48.016,Sprint à deux,Cras Steff,https://www.procyclingstats.com/rider/steff-cras,1996-02-13,1996,Belgium,1.83,67.0,20.01,Geel,72,finished,43,2265,181,GC,29,BE,TotalEnergies,,,",,",332,12088
11,RR,16 July 2025,Toulouse,Toulouse,156.8,1567,78,48.016,Sprint à deux,Izagirre Ion,https://www.procyclingstats.com/rider/ion-izagirre,1989-02-04,1989,Spain,1.73,60.0,20.05,Ormaiztegi,73,finished,91,4127,164,GC,36,ES,Cofidis,,,",,",332,12088
11,RR,16 July 2025,Toulouse,Toulouse,156.8,1567,78,48.016,Sprint à deux,Lutsenko Alexey,https://www.procyclingstats.com/rider/aleksey-lutsenko,1992-09-07,1992,Kazakhstan,1.74,74.0,24.44,Petropavl,74,finished,84,3925,206,GC,32,KZ,Israel - Premier Tech,,,",,",332,12088
11,RR,16 July 2025,Toulouse,Toulouse,156.8,1567,78,48.016,Sprint à deux,Pithie Laurence,https://www.procyclingstats.com/rider/laurence-pithie,2002-07-17,2002,New Zealand,1.85,74.0,21.62,Christchurch,75,finished,101,4485,75,Classic,22,NZ,Red Bull - BORA - hansgrohe,,,",,",332,12088
11,RR,16 July 2025,Toulouse,Toulouse,156.8,1567,78,48.016,Sprint à deux,Barta Will,https://www.procyclingstats.com/rider/william-barta,1996-01-04,1996,United States,1.8,61.0,18.83,Boise,76,finished,98,4434,142,TT,29,US,Movistar Team,,,",,",332,12088
11,RR,16 July 2025,Toulouse,Toulouse,156.8,1567,78,48.016,Sprint à deux,Moscon Gianni,https://www.procyclingstats.com/rider/gianni-moscon,1994-04-20,1994,Italy,1.8,71.0,21.91,Trento,77,finished,70,3687,74,Classic,31,IT,Red Bull - BORA - hansgrohe,,,",,",332,12088
11,RR,16 July 2025,Toulouse,Toulouse,156.8,1567,78,48.016,Sprint à deux,Mühlberger Gregor,https://www.procyclingstats.com/rider/gregor-muhlberger,1994-04-04,1994,Austria,1.8,64.0,19.75,Haidershofen,78,finished,51,2559,146,GC,31,AT,Movistar Team,,,",,",332,12088
11,RR,16 July 2025,Toulouse,Toulouse,156.8,1567,78,48.016,Sprint à deux,Armirail Bruno,https://www.procyclingstats.com/rider/bruno-armirail,1994-04-11,1994,France,1.9,72.0,19.94,Bagnères-de-Bigorre,79,finished,88,4072,152,TT,31,FR,Decathlon AG2R La Mondiale Team,,,6:50,410,12166
11,RR,16 July 2025,Toulouse,Toulouse,156.8,1567,78,48.016,Sprint à deux,Albanese Vincenzo,https://www.procyclingstats.com/rider/vincenzo-albanese,1996-11-12,1996,Italy,1.75,70.0,22.86,Oliveto Citra,80,finished,114,5197,32,Hills,28,IT,EF Education - EasyPost,,,",,",410,12166
11,RR,16 July 2025,Toulouse,Toulouse,156.8,1567,78,48.016,Sprint à deux,Powless Neilson,https://www.procyclingstats.com/rider/neilson-powless,1996-09-03,1996,United States,1.83,67.0,20.01,Eglin,81,finished,50,2516,35,Classic,28,US,EF Education - EasyPost,,,",,",410,12166
11,RR,16 July 2025,Toulouse,Toulouse,156.8,1567,78,48.016,Sprint à deux,Eenkhoorn Pascal,https://www.procyclingstats.com/rider/pascal-eenkhoorn,1997-02-08,1997,Netherlands,1.85,72.0,21.04,Zwolle,82,finished,39,2209,23,Classic,28,NL,Soudal Quick-Step,,,9:11,551,12307
11,RR,16 July 2025,Toulouse,Toulouse,156.8,1567,78,48.016,Sprint à deux,van Dijke Mick,https://www.procyclingstats.com/rider/mick-van-dijke,2000-03-15,2000,Netherlands,1.9,74.0,20.5,Goes,83,finished,158,6906,76,Classic,25,NL,Red Bull - BORA - hansgrohe,-25.0,,",,",551,12307
11,RR,16 July 2025,Toulouse,Toulouse,156.8,1567,78,48.016,Sprint à deux,Märkl Niklas,https://www.procyclingstats.com/rider/niklas-markl,1999-03-03,1999,Germany,1.85,70.0,20.45,Queidersbach,84,finished,128,5957,196,Sprint,26,DE,Team Picnic PostNL,,,",,",551,12307
11,RR,16 July 2025,Toulouse,Toulouse,156.8,1567,78,48.016,Sprint à deux,Vlasov Aleksandr,https://www.procyclingstats.com/rider/aleksandr-vlasov,1996-04-23,1996,Russia,1.86,68.0,19.66,Vyborg,85,finished,45,2318,78,Climber,29,RU,Red Bull - BORA - hansgrohe,,,",,",551,12307
11,RR,16 July 2025,Toulouse,Toulouse,156.8,1567,78,48.016,Sprint à deux,Ackermann Pascal,https://www.procyclingstats.com/rider/pascal-ackermann,1994-01-17,1994,Germany,1.8,78.0,24.07,Kandel,86,finished,125,5802,202,Sprint,31,DE,Israel - Premier Tech,,,",,",551,12307
11,RR,16 July 2025,Toulouse,Toulouse,156.8,1567,78,48.016,Sprint à deux,Barguil Warren,https://www.procyclingstats.com/rider/warren-barguil,1991-10-28,1991,France,1.83,61.0,18.21,Hennebont,87,finished,37,2139,192,Climber,33,FR,Team Picnic PostNL,,,",,",551,12307
11,RR,16 July 2025,Toulouse,Toulouse,156.8,1567,78,48.016,Sprint à deux,Valgren Michael,https://www.procyclingstats.com/rider/michael-valgren-andersen,1992-02-07,1992,Denmark,1.79,71.0,22.16,Østerild,88,finished,76,3791,37,Classic,33,DK,EF Education - EasyPost,,,",,",551,12307
11,RR,16 July 2025,Toulouse,Toulouse,156.8,1567,78,48.016,Sprint à deux,Asgreen Kasper,https://www.procyclingstats.com/rider/kasper-asgreen,1995-02-08,1995,Denmark,1.93,75.0,20.13,Kolding,89,finished,86,3941,33,TT,30,DK,EF Education - EasyPost,,,",,",551,12307
11,RR,16 July 2025,Toulouse,Toulouse,156.8,1567,78,48.016,Sprint à deux,Le Berre Mathis,https://www.procyclingstats.com/rider/mathis-le-berre,2001-04-16,2001,France,1.76,68.0,21.95,Saint-Brieuc,90,finished,77,3836,136,Hills,24,FR,Arkéa - B&B Hotels,,,",,",551,12307
11,RR,16 July 2025,Toulouse,Toulouse,156.8,1567,78,48.016,Sprint à deux,Thomas Geraint,https://www.procyclingstats.com/rider/geraint-thomas,1986-05-25,1986,Great Britain,1.83,71.0,21.2,Cardiff,91,finished,54,2679,61,GC,39,GB,INEOS Grenadiers,,,",,",551,12307
11,RR,16 July 2025,Toulouse,Toulouse,156.8,1567,78,48.016,Sprint à deux,Woods Michael,https://www.procyclingstats.com/rider/michael-woods,1986-10-12,1986,Canada,1.75,62.0,20.24,Toronto,92,finished,89,4116,201,Climber,38,CA,Israel - Premier Tech,,,",,",551,12307
11,RR,16 July 2025,Toulouse,Toulouse,156.8,1567,78,48.016,Sprint à deux,Skujiņš Toms,https://www.procyclingstats.com/rider/toms-skujins,1991-06-15,1991,Latvia,1.81,72.0,21.98,Sigulda,93,finished,75,3790,86,Classic,34,LV,Lidl - Trek,,,",,",551,12307
11,RR,16 July 2025,Toulouse,Toulouse,156.8,1567,78,48.016,Sprint à deux,Skjelmose Mattias,https://www.procyclingstats.com/rider/mattias-skjelmose-jensen,2000-09-26,2000,Denmark,1.8,65.0,20.06,Copenhagen,94,finished,18,765,85,Climber,24,DK,Lidl - Trek,,,",,",551,12307
11,RR,16 July 2025,Toulouse,Toulouse,156.8,1567,78,48.016,Sprint à deux,Benoot Tiesj,https://www.procyclingstats.com/rider/tiesj-benoot,1994-03-11,1994,Belgium,1.9,72.0,19.94,Ghent,95,finished,28,1437,13,Classic,31,BE,Team Visma | Lease a Bike,,,",,",551,12307
11,RR,16 July 2025,Toulouse,Toulouse,156.8,1567,78,48.016,Sprint à deux,Affini Edoardo,https://www.procyclingstats.com/rider/edoardo-affini,1996-06-24,1996,Italy,1.9,85.0,23.55,Mantua,96,finished,134,6152,12,TT,29,IT,Team Visma | Lease a Bike,,,",,",551,12307
11,RR,16 July 2025,Toulouse,Toulouse,156.8,1567,78,48.016,Sprint à deux,Sweeny Harry,https://www.procyclingstats.com/rider/harry-sweeny,1998-07-09,1998,Australia,1.86,75.0,21.68,Warwick,97,finished,52,2596,36,GC,27,AU,EF Education - EasyPost,,,",,",551,12307
11,RR,16 July 2025,Toulouse,Toulouse,156.8,1567,78,48.016,Sprint à deux,van Poppel Danny,https://www.procyclingstats.com/rider/danny-van-poppel,1993-07-26,1993,Netherlands,1.84,82.0,24.22,Moergestel,98,finished,126,5820,77,Sprint,31,NL,Red Bull - BORA - hansgrohe,,,",,",551,12307
11,RR,16 July 2025,Toulouse,Toulouse,156.8,1567,78,48.016,Sprint à deux,Reinders Elmar,https://www.procyclingstats.com/rider/elmar-reinders,1992-03-14,1992,Netherlands,1.9,78.1,21.63,Emmen,99,finished,130,6074,127,Classic,33,NL,Team Jayco AlUla,,,",,",551,12307
11,RR,16 July 2025,Toulouse,Toulouse,156.8,1567,78,48.016,Sprint à deux,Delettre Alexandre,https://www.procyclingstats.com/rider/alexandre-delettre,1997-10-25,1997,France,1.7,62.0,21.45,Gonesse,100,finished,40,2241,183,Classic,27,FR,TotalEnergies,,,",,",551,12307
11,RR,16 July 2025,Toulouse,Toulouse,156.8,1567,78,48.016,Sprint à deux,Watson Samuel,https://www.procyclingstats.com/rider/samuel-watson,2001-09-24,2001,Great Britain,1.88,68.0,19.24,Leeds,101,finished,127,5853,68,Hills,23,GB,INEOS Grenadiers,,,",,",551,12307
11,RR,16 July 2025,Toulouse,Toulouse,156.8,1567,78,48.016,Sprint à deux,Groenewegen Dylan,https://www.procyclingstats.com/rider/dylan-groenewegen,1993-06-21,1993,Netherlands,1.77,70.0,22.34,Amsterdam,102,finished,136,6364,124,Sprint,32,NL,Team Jayco AlUla,,,",,",551,12307
11,RR,16 July 2025,Toulouse,Toulouse,156.8,1567,78,48.016,Sprint à deux,Durbridge Luke,https://www.procyclingstats.com/rider/luke-durbridge,1991-04-09,1991,Australia,1.87,78.0,22.31,Greenmount,103,finished,159,6907,123,TT,34,AU,Team Jayco AlUla,,,",,",551,12307
11,RR,16 July 2025,Toulouse,Toulouse,156.8,1567,78,48.016,Sprint à deux,Rickaert Jonas,https://www.procyclingstats.com/rider/jonas-rickaert,1994-02-07,1994,Belgium,1.9,88.0,24.38,Sint-Eloois-Vijve,104,finished,119,5354,105,Classic,31,BE,Alpecin - Deceuninck,,,",,",551,12307
11,RR,16 July 2025,Toulouse,Toulouse,156.8,1567,78,48.016,Sprint à deux,Hirschi Marc,https://www.procyclingstats.com/rider/marc-hirschi,1998-08-24,1998,Switzerland,1.74,61.0,20.15,Bern,105,finished,78,3854,114,Classic,26,CH,Tudor Pro Cycling Team,,,",,",551,12307
11,RR,16 July 2025,Toulouse,Toulouse,156.8,1567,78,48.016,Sprint à deux,Bol Cees,https://www.procyclingstats.com/rider/cees-bol,1995-07-27,1995,Netherlands,1.94,83.0,22.05,Zaandam,106,finished,143,6526,173,Sprint,29,NL,XDS Astana Team,,,",,",551,12307
11,RR,16 July 2025,Toulouse,Toulouse,156.8,1567,78,48.016,Sprint à deux,Berckmoes Jenno,https://www.procyclingstats.com/rider/jenno-berckmoes,2001-02-04,2001,Belgium,1.77,61.0,19.47,Ghent,107,finished,47,2339,212,Classic,24,BE,Lotto,,,",,",551,12307
11,RR,16 July 2025,Toulouse,Toulouse,156.8,1567,78,48.016,Sprint à deux,Van Moer Brent,https://www.procyclingstats.com/rider/brent-van-moer,1998-01-12,1998,Belgium,1.91,79.0,21.66,Beveren,108,finished,93,4151,218,Classic,27,BE,Lotto,,,",,",551,12307
11,RR,16 July 2025,Toulouse,Toulouse,156.8,1567,78,48.016,Sprint à deux,Oliveira Nelson,https://www.procyclingstats.com/rider/nelson-oliveira,1989-03-06,1989,Portugal,1.8,67.0,20.68,Anadia,109,finished,58,2956,144,TT,36,PT,Movistar Team,,,",,",551,12307
11,RR,16 July 2025,Toulouse,Toulouse,156.8,1567,78,48.016,Sprint à deux,Soler Marc,https://www.procyclingstats.com/rider/marc-soler,1993-11-22,1993,Spain,1.86,68.0,19.66,Vilanova i la Geltrú,110,finished,63,3287,6,Climber,31,ES,UAE Team Emirates - XRG,,,",,",551,12307
11,RR,16 July 2025,Toulouse,Toulouse,156.8,1567,78,48.016,Sprint à deux,García Pierna Raúl,https://www.procyclingstats.com/rider/raul-garcia-pierna,2001-02-23,2001,Spain,1.75,67.0,21.88,Tres Cantos,111,finished,83,3919,135,Climber,24,ES,Arkéa - B&B Hotels,,,10:10,610,12366
11,RR,16 July 2025,Toulouse,Toulouse,156.8,1567,78,48.016,Sprint à deux,Stewart Jake,https://www.procyclingstats.com/rider/jake-stewart,1999-10-02,1999,Great Britain,1.79,66.0,20.6,Coventry,112,finished,133,6128,208,Hills,25,GB,Israel - Premier Tech,,,10:34,634,12390
11,RR,16 July 2025,Toulouse,Toulouse,156.8,1567,78,48.016,Sprint à deux,Trentin Matteo,https://www.procyclingstats.com/rider/matteo-trentin,1989-08-02,1989,Italy,1.79,74.0,23.1,Borgo Valsugana,113,finished,74,3771,118,Classic,35,IT,Tudor Pro Cycling Team,,,",,",634,12390
11,RR,16 July 2025,Toulouse,Toulouse,156.8,1567,78,48.016,Sprint à deux,Russo Clément,https://www.procyclingstats.com/rider/clement-russo,1995-01-20,1995,France,1.87,74.0,21.16,Lyon,114,finished,118,5252,98,Classic,30,FR,Groupama - FDJ,,,",,",634,12390
11,RR,16 July 2025,Toulouse,Toulouse,156.8,1567,78,48.016,Sprint à deux,Cort Magnus,https://www.procyclingstats.com/rider/magnus-cort-nielsen,1993-01-16,1993,Denmark,1.84,68.0,20.09,Rønne,115,finished,137,6425,223,Hills,32,DK,Uno-X Mobility,,,",,",634,12390
11,RR,16 July 2025,Toulouse,Toulouse,156.8,1567,78,48.016,Sprint à deux,Wellens Tim,https://www.procyclingstats.com/rider/tim-wellens,1991-05-10,1991,Belgium,1.82,71.0,21.43,Sint-Truiden,116,finished,61,3171,7,GC,34,BE,UAE Team Emirates - XRG,,,",,",634,12390
11,RR,16 July 2025,Toulouse,Toulouse,156.8,1567,78,48.016,Sprint à deux,Askey Lewis,https://www.procyclingstats.com/rider/lewis-askey,2001-05-04,2001,Great Britain,1.87,75.0,21.45,Cannock,117,finished,138,6471,92,Classic,24,GB,Groupama - FDJ,,,11:08,668,12424
11,RR,16 July 2025,Toulouse,Toulouse,156.8,1567,78,48.016,Sprint à deux,Johannessen Anders Halland,https://www.procyclingstats.com/rider/anders-halland-johannessen,1999-08-23,1999,Norway,1.76,,,Drøbak,118,finished,67,3653,226,GC,25,NO,Uno-X Mobility,,,12:37,757,12513
11,RR,16 July 2025,Toulouse,Toulouse,156.8,1567,78,48.016,Sprint à deux,Verstrynge Emiel,https://www.procyclingstats.com/rider/emiel-verstrynge,2002-02-04,2002,Belgium,1.89,69.0,19.32,Eeklo,119,finished,68,3656,108,Climber,23,BE,Alpecin - Deceuninck,,,",,",757,12513
11,RR,16 July 2025,Toulouse,Toulouse,156.8,1567,78,48.016,Sprint à deux,Andresen Tobias Lund,https://www.procyclingstats.com/rider/tobias-lund-andresen,2002-08-20,2002,Denmark,1.81,69.0,21.06,Taastrup,120,finished,95,4249,195,Classic,22,DK,Team Picnic PostNL,,,",,",757,12513
11,RR,16 July 2025,Toulouse,Toulouse,156.8,1567,78,48.016,Sprint à deux,Tronchon Bastien,https://www.procyclingstats.com/rider/bastien-tronchon,2002-03-29,2002,France,1.85,72.0,21.04,Chambéry,121,finished,65,3395,158,Classic,23,FR,Decathlon AG2R La Mondiale Team,,,12:44,764,12520
11,RR,16 July 2025,Toulouse,Toulouse,156.8,1567,78,48.016,Sprint à deux,Louvel Matis,https://www.procyclingstats.com/rider/matis-louvel,1999-07-19,1999,France,1.87,77.0,22.02,Mont Saint Aignan,122,finished,107,4841,205,Classic,25,FR,Israel - Premier Tech,,,",,",764,12520
11,RR,16 July 2025,Toulouse,Toulouse,156.8,1567,78,48.016,Sprint à deux,Sepúlveda Eduardo,https://www.procyclingstats.com/rider/eduardo-sepulveda,1991-06-13,1991,Argentina,1.73,59.0,19.71,Rawson,123,finished,110,4983,216,GC,34,AR,Lotto,,,",,",764,12520
11,RR,16 July 2025,Toulouse,Toulouse,156.8,1567,78,48.016,Sprint à deux,Grignard Sébastien,https://www.procyclingstats.com/rider/sebastien-grignard,1999-04-29,1999,Belgium,1.79,68.0,21.22,Mons,124,finished,163,7201,215,Classic,26,BE,Lotto,,,12:54,774,12530
11,RR,16 July 2025,Toulouse,Toulouse,156.8,1567,78,48.016,Sprint à deux,Foss Tobias,https://www.procyclingstats.com/rider/tobias-foss,1997-05-25,1997,Norway,1.84,74.0,21.86,Vingrom,125,finished,82,3914,63,TT,28,NO,INEOS Grenadiers,,,13:59,839,12595
11,RR,16 July 2025,Toulouse,Toulouse,156.8,1567,78,48.016,Sprint à deux,Flynn Sean,https://www.procyclingstats.com/rider/sean-flynn,2000-03-02,2000,Great Britain,1.77,67.0,21.39,Edinburgh,126,finished,140,6480,194,GC,25,GB,Team Picnic PostNL,,,14:42,882,12638
11,RR,16 July 2025,Toulouse,Toulouse,156.8,1567,78,48.016,Sprint à deux,Neilands Krists,https://www.procyclingstats.com/rider/krists-neilands,1994-08-18,1994,Latvia,1.89,69.0,19.32,Kuldīga,127,finished,66,3581,207,Classic,30,LV,Israel - Premier Tech,,,",,",882,12638
11,RR,16 July 2025,Toulouse,Toulouse,156.8,1567,78,48.016,Sprint à deux,Dillier Silvan,https://www.procyclingstats.com/rider/silvan-dillier,1990-08-03,1990,Switzerland,1.83,75.0,22.4,Aarau,128,finished,164,7246,102,Classic,34,CH,Alpecin - Deceuninck,,,15:11,911,12667
11,RR,16 July 2025,Toulouse,Toulouse,156.8,1567,78,48.016,Sprint à deux,Capiot Amaury,https://www.procyclingstats.com/rider/amaury-capiot,1993-06-25,1993,Belgium,1.86,69.0,19.94,Tongeren,129,finished,139,6479,132,Classic,32,BE,Arkéa - B&B Hotels,,,",,",911,12667
11,RR,16 July 2025,Toulouse,Toulouse,156.8,1567,78,48.016,Sprint à deux,Démare Arnaud,https://www.procyclingstats.com/rider/arnaud-demare,1991-08-26,1991,France,1.81,76.0,23.2,Beauvais,130,finished,156,6843,134,Classic,33,FR,Arkéa - B&B Hotels,,,",,",911,12667
11,RR,16 July 2025,Toulouse,Toulouse,156.8,1567,78,48.016,Sprint à deux,Rutsch Jonas,https://www.procyclingstats.com/rider/jonas-rutsch,1998-01-24,1998,Germany,1.97,82.0,21.13,Erbach im Odenwald,131,finished,142,6525,46,Classic,27,DE,Intermarché - Wanty,,,",,",911,12667
11,RR,16 July 2025,Toulouse,Toulouse,156.8,1567,78,48.016,Sprint à deux,Milan Jonathan,https://www.procyclingstats.com/rider/jonathan-milan,2000-10-01,2000,Italy,1.94,84.0,22.32,Tolmezzo,132,finished,147,6663,81,Sprint,24,IT,Lidl - Trek,,,",,",911,12667
11,RR,16 July 2025,Toulouse,Toulouse,156.8,1567,78,48.016,Sprint à deux,García Cortina Iván,https://www.procyclingstats.com/rider/ivan-garcia-cortina,1995-11-20,1995,Spain,1.83,77.0,22.99,Gijón,133,finished,111,5056,145,Classic,29,ES,Movistar Team,,,",,",911,12667
11,RR,16 July 2025,Toulouse,Toulouse,156.8,1567,78,48.016,Sprint à deux,Nys Thibau,https://www.procyclingstats.com/rider/thibau-nys,2002-11-12,2002,Belgium,1.76,64.0,20.66,Bonheiden,134,finished,121,5488,83,Hills,22,BE,Lidl - Trek,,,",,",911,12667
11,RR,16 July 2025,Toulouse,Toulouse,156.8,1567,78,48.016,Sprint à deux,Consonni Simone,https://www.procyclingstats.com/rider/simone-consonni,1994-09-12,1994,Italy,1.65,60.0,22.04,Ponte San Pietro,135,finished,167,7276,82,Classic,30,IT,Lidl - Trek,,,",,",911,12667
11,RR,16 July 2025,Toulouse,Toulouse,156.8,1567,78,48.016,Sprint à deux,Renard Alexis,https://www.procyclingstats.com/rider/alexis-renard,1999-06-01,1999,France,1.86,74.0,21.39,Saint-Brieuc,136,finished,146,6660,165,Classic,26,FR,Cofidis,,,",,",911,12667
11,RR,16 July 2025,Toulouse,Toulouse,156.8,1567,78,48.016,Sprint à deux,Costiou Ewen,https://www.procyclingstats.com/rider/ewen-costiou,2002-11-10,2002,France,1.76,64.0,20.66,Brest,137,finished,100,4473,133,GC,22,FR,Arkéa - B&B Hotels,,,",,",911,12667
11,RR,16 July 2025,Toulouse,Toulouse,156.8,1567,78,48.016,Sprint à deux,Buitrago Santiago,https://www.procyclingstats.com/rider/santiago-buitrago-sanchez,1999-09-26,1999,Colombia,1.74,59.0,19.49,Bogotá,138,finished,90,4125,51,Climber,25,CO,Bahrain - Victorious,,,",,",911,12667
11,RR,16 July 2025,Toulouse,Toulouse,156.8,1567,78,48.016,Sprint à deux,Mezgec Luka,https://www.procyclingstats.com/rider/luka-mezgec,1988-06-27,1988,Slovenia,1.83,72.0,21.5,Kranj,139,finished,145,6631,125,Hills,37,SI,Team Jayco AlUla,,,",,",911,12667
11,RR,16 July 2025,Toulouse,Toulouse,156.8,1567,78,48.016,Sprint à deux,Drizners Jarrad,https://www.procyclingstats.com/rider/jarrad-drizners,1999-05-31,1999,Australia,1.86,70.0,20.23,Adelaide,140,finished,160,7022,214,GC,26,AU,Lotto,,,",,",911,12667
11,RR,16 July 2025,Toulouse,Toulouse,156.8,1567,78,48.016,Sprint à deux,Stannard Robert,https://www.procyclingstats.com/rider/robert-stannard,1998-09-16,1998,Australia,1.79,74.0,23.1,Sydney Previous nationalities New Zealand until 2016,141,finished,115,5202,57,Hills,26,AU,Bahrain - Victorious,,,",,",911,12667
11,RR,16 July 2025,Toulouse,Toulouse,156.8,1567,78,48.016,Sprint à deux,Castrillo Pablo,https://www.procyclingstats.com/rider/pablo-castrillo-zapater,2001-01-02,2001,Spain,1.83,74.0,22.1,Jaca,142,finished,103,4631,143,Climber,24,ES,Movistar Team,,,",,",911,12667
11,RR,16 July 2025,Toulouse,Toulouse,156.8,1567,78,48.016,Sprint à deux,Gradek Kamil,https://www.procyclingstats.com/rider/kamil-gradek,1990-09-17,1990,Poland,1.94,83.0,22.05,Koziegłowy,143,finished,165,7250,53,TT,34,PL,Bahrain - Victorious,,,",,",911,12667
11,RR,16 July 2025,Toulouse,Toulouse,156.8,1567,78,48.016,Sprint à deux,Van Eetvelt Lennert,https://www.procyclingstats.com/rider/lennert-van-eetvelt,2001-07-17,2001,Belgium,1.76,63.0,20.34,Binkom,144,finished,162,7067,217,Climber,23,BE,Lotto,,,",,",911,12667
11,RR,16 July 2025,Toulouse,Toulouse,156.8,1567,78,48.016,Sprint à deux,Lienhard Fabian,https://www.procyclingstats.com/rider/fabian-lienhard,1993-09-03,1993,Switzerland,1.83,73.0,21.8,Steinmaur,145,finished,169,7435,115,Classic,31,CH,Tudor Pro Cycling Team,,,",,",911,12667
11,RR,16 July 2025,Toulouse,Toulouse,156.8,1567,78,48.016,Sprint à deux,Van Lerberghe Bert,https://www.procyclingstats.com/rider/bert-van-lerberghe,1992-09-29,1992,Belgium,1.9,83.0,22.99,Kortrijk,146,finished,152,6754,27,Classic,32,BE,Soudal Quick-Step,,,",,",911,12667
11,RR,16 July 2025,Toulouse,Toulouse,156.8,1567,78,48.016,Sprint à deux,Merlier Tim,https://www.procyclingstats.com/rider/tim-merlier,1992-10-30,1992,Belgium,1.88,76.0,21.5,Wortegem-Petegem,147,finished,148,6687,24,Sprint,32,BE,Soudal Quick-Step,,,",,",911,12667
11,RR,16 July 2025,Toulouse,Toulouse,156.8,1567,78,48.016,Sprint à deux,Naberman Tim,https://www.procyclingstats.com/rider/tim-naberman,1999-05-11,1999,Netherlands,1.87,70.0,20.02,Genemuiden,148,finished,153,6802,197,GC,26,NL,Team Picnic PostNL,,,",,",911,12667
11,RR,16 July 2025,Toulouse,Toulouse,156.8,1567,78,48.016,Sprint à deux,Romeo Iván,https://www.procyclingstats.com/rider/ivan-romeo,2003-08-16,2003,Spain,1.93,75.0,20.13,Valladolid,149,finished,120,5365,147,GC,21,ES,Movistar Team,,,",,",911,12667
11,RR,16 July 2025,Toulouse,Toulouse,156.8,1567,78,48.016,Sprint à deux,Rubio Einer,https://www.procyclingstats.com/rider/einer-rubio,1998-02-22,1998,Colombia,1.64,56.0,20.82,Chíquiza,150,finished,108,4843,148,Climber,27,CO,Movistar Team,,,",,",911,12667
11,RR,16 July 2025,Toulouse,Toulouse,156.8,1567,78,48.016,Sprint à deux,Page Hugo,https://www.procyclingstats.com/rider/hugo-page,2001-07-24,2001,France,1.85,71.0,20.75,Chartres,151,finished,151,6746,44,Classic,23,FR,Intermarché - Wanty,,,",,",911,12667
11,RR,16 July 2025,Toulouse,Toulouse,156.8,1567,78,48.016,Sprint à deux,Bittner Pavel,https://www.procyclingstats.com/rider/pavel-bittner,2002-10-29,2002,Czech Republic,1.84,73.0,21.56,Olomouc,152,finished,141,6512,193,Sprint,22,CZ,Team Picnic PostNL,,,",,",911,12667
11,RR,16 July 2025,Toulouse,Toulouse,156.8,1567,78,48.016,Sprint à deux,Rex Laurenz,https://www.procyclingstats.com/rider/laurenz-rex,1999-12-15,1999,Belgium,1.93,83.0,22.28,Marburg,153,finished,149,6687,45,Classic,25,BE,Intermarché - Wanty,,,",,",911,12667
11,RR,16 July 2025,Toulouse,Toulouse,156.8,1567,78,48.016,Sprint à deux,Turgis Anthony,https://www.procyclingstats.com/rider/anthony-turgis,1994-05-16,1994,France,1.78,70.0,22.09,Bourg-la-Reine,154,finished,116,5216,187,Classic,31,FR,TotalEnergies,,,",,",911,12667
11,RR,16 July 2025,Toulouse,Toulouse,156.8,1567,78,48.016,Sprint à deux,Mohorič Matej,https://www.procyclingstats.com/rider/matej-mohoric,1994-10-19,1994,Slovenia,1.86,71.0,20.52,Kranj,155,finished,124,5720,56,Classic,30,SI,Bahrain - Victorious,,,",,",911,12667
11,RR,16 July 2025,Toulouse,Toulouse,156.8,1567,78,48.016,Sprint à deux,Vermeersch Gianni,https://www.procyclingstats.com/rider/gianni-vermeersch,1992-11-19,1992,Belgium,1.73,68.0,22.72,Roeselare,156,finished,122,5669,107,Classic,32,BE,Alpecin - Deceuninck,,,",,",911,12667
11,RR,16 July 2025,Toulouse,Toulouse,156.8,1567,78,48.016,Sprint à deux,Swift Connor,https://www.procyclingstats.com/rider/connor-swift,1995-10-30,1995,Great Britain,1.9,75.0,20.78,Thorne,157,finished,112,5111,67,Classic,29,GB,INEOS Grenadiers,,,",,",911,12667
11,RR,16 July 2025,Toulouse,Toulouse,156.8,1567,78,48.016,Sprint à deux,van Sintmaartensdijk Roel,https://www.procyclingstats.com/rider/roel-van-sintmaartensdijk,2001-05-08,2001,Netherlands,1.97,77.0,19.84,Zuidland,158,finished,171,7750,47,GC,24,NL,Intermarché - Wanty,,,",,",911,12667
11,RR,16 July 2025,Toulouse,Toulouse,156.8,1567,78,48.016,Sprint à deux,Penhoët Paul,https://www.procyclingstats.com/rider/paul-penhoet,2001-12-28,2001,France,1.73,64.0,21.38,Clamart,159,finished,129,6003,97,Classic,23,FR,Groupama - FDJ,,,",,",911,12667
11,RR,16 July 2025,Toulouse,Toulouse,156.8,1567,78,48.016,Sprint à deux,Edvardsen-Fredheim Stian,https://www.procyclingstats.com/rider/stian-fredheim,2003-03-23,2003,Norway,1.84,72.0,21.27,Kristiansand,160,finished,144,6563,224,Sprint,22,NO,Uno-X Mobility,,,",,",911,12667
11,RR,16 July 2025,Toulouse,Toulouse,156.8,1567,78,48.016,Sprint à deux,Fedorov Yevgeniy,https://www.procyclingstats.com/rider/yevgeniy-fedorov,2000-02-16,2000,Kazakhstan,1.93,80.0,21.48,Aktobe,161,finished,166,7252,175,Classic,25,KZ,XDS Astana Team,,,",,",911,12667
11,RR,16 July 2025,Toulouse,Toulouse,156.8,1567,78,48.016,Sprint à deux,Braet Vito,https://www.procyclingstats.com/rider/vito-braet,2000-11-02,2000,Belgium,1.84,68.0,20.09,Hulste,162,finished,154,6812,43,Classic,24,BE,Intermarché - Wanty,,,",,",911,12667
11,RR,16 July 2025,Toulouse,Toulouse,156.8,1567,78,48.016,Sprint à deux,Boivin Guillaume,https://www.procyclingstats.com/rider/guillaume-boivin,1989-05-25,1989,Canada,1.8,78.0,24.07,Montreal,163,finished,161,7042,204,Classic,36,CA,Israel - Premier Tech,,,",,",911,12667
11,RR,16 July 2025,Toulouse,Toulouse,156.8,1567,78,48.016,Sprint à deux,Plapp Luke,https://www.procyclingstats.com/rider/luke-plapp,2000-12-25,2000,Australia,1.81,72.0,21.98,Melbourne,164,finished,132,6093,126,GC,24,AU,Team Jayco AlUla,,,",,",911,12667
11,RR,16 July 2025,Toulouse,Toulouse,156.8,1567,78,48.016,Sprint à deux,Storer Michael,https://www.procyclingstats.com/rider/michael-storer,1997-02-28,1997,Australia,1.77,63.0,20.11,Perth,165,finished,96,4249,117,Climber,28,AU,Tudor Pro Cycling Team,,,",,",911,12667
11,RR,16 July 2025,Toulouse,Toulouse,156.8,1567,78,48.016,Sprint à deux,Thomas Benjamin,https://www.procyclingstats.com/rider/benjamin-thomas-2,1995-09-12,1995,France,1.79,68.0,21.22,Lavaur,166,finished,150,6716,167,TT,29,FR,Cofidis,,,",,",911,12667
11,RR,16 July 2025,Toulouse,Toulouse,156.8,1567,78,48.016,Sprint à deux,Vercher Mattéo,https://www.procyclingstats.com/rider/matheo-vercher,2001-01-26,2001,France,1.71,,,Lyon,167,finished,172,8078,188,Hills,24,FR,TotalEnergies,,,",,",911,12667
11,RR,16 July 2025,Toulouse,Toulouse,156.8,1567,78,48.016,Sprint à deux,Martinez Lenny,https://www.procyclingstats.com/rider/lenny-martinez,2003-07-11,2003,France,1.68,52.0,18.42,Cannes,168,finished,102,4491,55,Climber,22,FR,Bahrain - Victorious,,,",,",911,12667
11,RR,16 July 2025,Toulouse,Toulouse,156.8,1567,78,48.016,Sprint à deux,Tejada Harold,https://www.procyclingstats.com/rider/harold-tejada,1997-04-27,1997,Colombia,1.8,63.0,19.44,Pitalito,169,finished,92,4148,171,Climber,28,CO,XDS Astana Team,,,",,",911,12667
11,RR,16 July 2025,Toulouse,Toulouse,156.8,1567,78,48.016,Sprint à deux,Theuns Edward,https://www.procyclingstats.com/rider/edward-theuns,1991-04-30,1991,Belgium,1.83,72.0,21.5,Ghent,170,finished,168,7300,88,Classic,34,BE,Lidl - Trek,,,",,",911,12667
11,RR,16 July 2025,Toulouse,Toulouse,156.8,1567,78,48.016,Sprint à deux,Bauhaus Phil,https://www.procyclingstats.com/rider/phil-bauhaus,1994-07-08,1994,Germany,1.84,75.0,22.15,Bocholt,171,finished,155,6840,52,Sprint,31,DE,Bahrain - Victorious,,,",,",911,12667
11,RR,16 July 2025,Toulouse,Toulouse,156.8,1567,78,48.016,Sprint à deux,Meeus Jordi,https://www.procyclingstats.com/rider/jordi-meeus,1998-07-01,1998,Belgium,1.9,80.0,22.16,Lommel,172,finished,170,7478,73,Classic,27,BE,Red Bull - BORA - hansgrohe,,,",,",911,12667
12,RR,17 July 2025,Auch,Hautacam,180.6,3794,333,41.467,11.1 km solo,Pogačar Tadej,https://www.procyclingstats.com/rider/tadej-pogacar,1998-09-21,1998,Slovenia,1.76,66.0,21.31,Klanec,1,finished,1,0,1,Climber,26,SI,UAE Team Emirates - XRG,210.0,100.0,4:21:19,0,15679
12,RR,17 July 2025,Auch,Hautacam,180.6,3794,333,41.467,11.1 km solo,Vingegaard Jonas,https://www.procyclingstats.com/rider/jonas-vingegaard,1996-12-10,1996,Denmark,1.75,58.0,18.94,Hillerslev,2,finished,2,211,11,GC,28,DK,Team Visma | Lease a Bike,150.0,70.0,2:10,130,15809
12,RR,17 July 2025,Auch,Hautacam,180.6,3794,333,41.467,11.1 km solo,Lipowitz Florian,https://www.procyclingstats.com/rider/florian-lipowitz,2000-09-21,2000,Germany,1.81,68.0,20.76,Laichingen,3,finished,4,334,72,GC,24,DE,Red Bull - BORA - hansgrohe,110.0,50.0,2:23,143,15822
12,RR,17 July 2025,Auch,Hautacam,180.6,3794,333,41.467,11.1 km solo,Johannessen Tobias Halland,https://www.procyclingstats.com/rider/tobias-halland-johannessen,1999-08-23,1999,Norway,1.76,62.0,20.02,Drøbak,4,finished,8,464,221,Climber,25,NO,Uno-X Mobility,90.0,40.0,3:00,180,15859
12,RR,17 July 2025,Auch,Hautacam,180.6,3794,333,41.467,11.1 km solo,Onley Oscar,https://www.procyclingstats.com/rider/oscar-onley,2002-10-13,2002,Great Britain,1.73,62.0,20.72,Kelso,5,finished,6,365,191,GC,22,GB,Team Picnic PostNL,70.0,32.0,",,",180,15859
12,RR,17 July 2025,Auch,Hautacam,180.6,3794,333,41.467,11.1 km solo,Vauquelin Kévin,https://www.procyclingstats.com/rider/kevin-vauquelin,2001-04-26,2001,France,1.76,69.0,22.28,Bayeux,6,finished,5,340,131,GC,24,FR,Arkéa - B&B Hotels,55.0,26.0,3:33,213,15892
12,RR,17 July 2025,Auch,Hautacam,180.6,3794,333,41.467,11.1 km solo,Evenepoel Remco,https://www.procyclingstats.com/rider/remco-evenepoel,2000-01-25,2000,Belgium,1.71,63.0,21.55,Aalst,7,finished,3,285,21,Climber,25,BE,Soudal Quick-Step,45.0,22.0,3:35,215,15894
12,RR,17 July 2025,Auch,Hautacam,180.6,3794,333,41.467,11.1 km solo,Gall Felix,https://www.procyclingstats.com/rider/felix-gall,1998-02-27,1998,Austria,1.8,66.0,20.37,Nußdorf-Debant,8,finished,9,561,151,Climber,27,AT,Decathlon AG2R La Mondiale Team,40.0,18.0,4:02,242,15921
12,RR,17 July 2025,Auch,Hautacam,180.6,3794,333,41.467,11.1 km solo,Roglič Primož,https://www.procyclingstats.com/rider/primoz-roglic,1989-10-29,1989,Slovenia,1.77,65.0,20.75,Trbovlje,9,finished,7,450,71,Climber,35,SI,Red Bull - BORA - hansgrohe,35.0,14.0,4:08,248,15927
12,RR,17 July 2025,Auch,Hautacam,180.6,3794,333,41.467,11.1 km solo,Rodríguez Cristián,https://www.procyclingstats.com/rider/cristian-rodriguez,1995-03-03,1995,Spain,1.78,59.0,18.62,El Ejido,10,finished,19,1821,137,GC,30,ES,Arkéa - B&B Hotels,30.0,10.0,7:26,446,16125
12,RR,17 July 2025,Auch,Hautacam,180.6,3794,333,41.467,11.1 km solo,Rubio Einer,https://www.procyclingstats.com/rider/einer-rubio,1998-02-22,1998,Colombia,1.64,56.0,20.82,Chíquiza,11,finished,71,5271,148,Climber,27,CO,Movistar Team,25.0,8.0,7:27,447,16126
12,RR,17 July 2025,Auch,Hautacam,180.6,3794,333,41.467,11.1 km solo,García Pierna Raúl,https://www.procyclingstats.com/rider/raul-garcia-pierna,2001-02-23,2001,Spain,1.75,67.0,21.88,Tres Cantos,12,finished,50,4353,135,Climber,24,ES,Arkéa - B&B Hotels,20.0,6.0,7:33,453,16132
12,RR,17 July 2025,Auch,Hautacam,180.6,3794,333,41.467,11.1 km solo,Martin Guillaume,https://www.procyclingstats.com/rider/guillaume-martin,1993-06-09,1993,France,1.73,55.0,18.38,Paris,13,finished,14,1170,91,Climber,32,FR,Groupama - FDJ,15.0,4.0,9:05,545,16224
12,RR,17 July 2025,Auch,Hautacam,180.6,3794,333,41.467,11.1 km solo,Higuita Sergio,https://www.procyclingstats.com/rider/sergio-higuita,1997-08-01,1997,Colombia,1.66,57.0,20.69,Medellín,14,finished,25,2453,176,Climber,27,CO,XDS Astana Team,10.0,2.0,9:38,578,16257
12,RR,17 July 2025,Auch,Hautacam,180.6,3794,333,41.467,11.1 km solo,Jorgenson Matteo,https://www.procyclingstats.com/rider/matteo-jorgenson,1999-07-01,1999,United States,1.9,69.0,19.11,Walnut Creek,15,finished,10,732,15,GC,26,US,Team Visma | Lease a Bike,5.0,1.0,10:25,625,16304
12,RR,17 July 2025,Auch,Hautacam,180.6,3794,333,41.467,11.1 km solo,O'Connor Ben,https://www.procyclingstats.com/rider/ben-o-connor,1995-11-25,1995,Australia,1.88,67.0,18.96,Subiaco,16,finished,17,1334,121,GC,29,AU,Team Jayco AlUla,,,10:43,643,16322
12,RR,17 July 2025,Auch,Hautacam,180.6,3794,333,41.467,11.1 km solo,Armirail Bruno,https://www.procyclingstats.com/rider/bruno-armirail,1994-04-11,1994,France,1.9,72.0,19.94,Bagnères-de-Bigorre,17,finished,59,4699,152,TT,31,FR,Decathlon AG2R La Mondiale Team,,,10:46,646,16325
12,RR,17 July 2025,Auch,Hautacam,180.6,3794,333,41.467,11.1 km solo,Narváez Jhonatan,https://www.procyclingstats.com/rider/jhonatan-narvaez,1997-03-04,1997,Ecuador,1.74,65.0,21.47,El Playón de San Francisco,18,finished,16,1320,3,Hills,28,EC,UAE Team Emirates - XRG,,,10:50,650,16329
12,RR,17 July 2025,Auch,Hautacam,180.6,3794,333,41.467,11.1 km solo,Jegat Jordan,https://www.procyclingstats.com/rider/jordan-jegat,1999-06-07,1999,France,1.76,59.0,19.05,Vannes,19,finished,13,1090,186,Climber,26,FR,TotalEnergies,-15.0,,11:47,707,16386
12,RR,17 July 2025,Auch,Hautacam,180.6,3794,333,41.467,11.1 km solo,Paret-Peintre Aurélien,https://www.procyclingstats.com/rider/aurelien-paret-peintre,1996-02-27,1996,France,1.84,64.0,18.9,Annemasse,20,finished,31,3149,156,GC,29,FR,Decathlon AG2R La Mondiale Team,,,",,",707,16386
12,RR,17 July 2025,Auch,Hautacam,180.6,3794,333,41.467,11.1 km solo,Cras Steff,https://www.procyclingstats.com/rider/steff-cras,1996-02-13,1996,Belgium,1.83,67.0,20.01,Geel,21,finished,29,2959,181,GC,29,BE,TotalEnergies,,,11:53,713,16392
12,RR,17 July 2025,Auch,Hautacam,180.6,3794,333,41.467,11.1 km solo,Rodríguez Carlos,https://www.procyclingstats.com/rider/carlos-rodriguez-cano,2001-02-02,2001,Spain,1.83,67.0,20.01,Almuñécar,22,finished,12,1076,66,GC,24,ES,INEOS Grenadiers,,,12:31,751,16430
12,RR,17 July 2025,Auch,Hautacam,180.6,3794,333,41.467,11.1 km solo,Yates Adam,https://www.procyclingstats.com/rider/adam-yates,1992-08-07,1992,Great Britain,1.73,58.0,19.38,Bury,23,finished,28,2955,8,Climber,32,GB,UAE Team Emirates - XRG,,,13:10,790,16469
12,RR,17 July 2025,Auch,Hautacam,180.6,3794,333,41.467,11.1 km solo,Kuss Sepp,https://www.procyclingstats.com/rider/sepp-kuss,1994-09-13,1994,United States,1.82,61.0,18.42,Durango,24,finished,21,1980,16,Climber,30,US,Team Visma | Lease a Bike,,,13:30,810,16489
12,RR,17 July 2025,Auch,Hautacam,180.6,3794,333,41.467,11.1 km solo,Healy Ben,https://www.procyclingstats.com/rider/ben-healy,2000-09-11,2000,Ireland,1.75,62.0,20.24,Kingswinford Previous nationalities Great Britain until 2016,25,finished,11,799,31,Climber,24,IE,EF Education - EasyPost,,,13:38,818,16497
12,RR,17 July 2025,Auch,Hautacam,180.6,3794,333,41.467,11.1 km solo,Velasco Simone,https://www.procyclingstats.com/rider/simone-velasco,1995-12-02,1995,Italy,1.7,59.0,20.42,Bologna,26,finished,35,3458,178,Classic,29,IT,XDS Astana Team,,,",,",818,16497
12,RR,17 July 2025,Auch,Hautacam,180.6,3794,333,41.467,11.1 km solo,Costiou Ewen,https://www.procyclingstats.com/rider/ewen-costiou,2002-11-10,2002,France,1.76,64.0,20.66,Brest,27,finished,72,5302,133,GC,22,FR,Arkéa - B&B Hotels,,,14:08,848,16527
12,RR,17 July 2025,Auch,Hautacam,180.6,3794,333,41.467,11.1 km solo,Yates Simon,https://www.procyclingstats.com/rider/simon-yates,1992-08-07,1992,Great Britain,1.72,58.0,19.61,Bury,28,finished,22,2114,18,Climber,32,GB,Team Visma | Lease a Bike,,,15:07,907,16586
12,RR,17 July 2025,Auch,Hautacam,180.6,3794,333,41.467,11.1 km solo,Skjelmose Mattias,https://www.procyclingstats.com/rider/mattias-skjelmose-jensen,2000-09-26,2000,Denmark,1.8,65.0,20.06,Copenhagen,29,finished,18,1669,85,Climber,24,DK,Lidl - Trek,,,15:23,923,16602
12,RR,17 July 2025,Auch,Hautacam,180.6,3794,333,41.467,11.1 km solo,Barguil Warren,https://www.procyclingstats.com/rider/warren-barguil,1991-10-28,1991,France,1.83,61.0,18.21,Hennebont,30,finished,30,3073,192,Climber,33,FR,Team Picnic PostNL,,,15:53,953,16632
12,RR,17 July 2025,Auch,Hautacam,180.6,3794,333,41.467,11.1 km solo,Mühlberger Gregor,https://www.procyclingstats.com/rider/gregor-muhlberger,1994-04-04,1994,Austria,1.8,64.0,19.75,Haidershofen,31,finished,39,3500,146,GC,31,AT,Movistar Team,,,16:00,960,16639
12,RR,17 July 2025,Auch,Hautacam,180.6,3794,333,41.467,11.1 km solo,Buchmann Emanuel,https://www.procyclingstats.com/rider/emanuel-buchmann,1992-11-18,1992,Germany,1.8,59.0,18.21,Ravensburg,32,finished,20,1882,161,GC,32,DE,Cofidis,,,",,",960,16639
12,RR,17 July 2025,Auch,Hautacam,180.6,3794,333,41.467,11.1 km solo,Mas Enric,https://www.procyclingstats.com/rider/enric-mas,1995-01-07,1995,Spain,1.77,61.0,19.47,Artà,33,finished,15,1297,141,Climber,30,ES,Movistar Team,,,",,",960,16639
12,RR,17 July 2025,Auch,Hautacam,180.6,3794,333,41.467,11.1 km solo,Vlasov Aleksandr,https://www.procyclingstats.com/rider/aleksandr-vlasov,1996-04-23,1996,Russia,1.86,68.0,19.66,Vyborg,34,finished,33,3259,78,Climber,29,RU,Red Bull - BORA - hansgrohe,,,",,",960,16639
12,RR,17 July 2025,Auch,Hautacam,180.6,3794,333,41.467,11.1 km solo,Buitrago Santiago,https://www.procyclingstats.com/rider/santiago-buitrago-sanchez,1999-09-26,1999,Colombia,1.74,59.0,19.49,Bogotá,35,finished,63,5066,51,Climber,25,CO,Bahrain - Victorious,,,",,",960,16639
12,RR,17 July 2025,Auch,Hautacam,180.6,3794,333,41.467,11.1 km solo,Tejada Harold,https://www.procyclingstats.com/rider/harold-tejada,1997-04-27,1997,Colombia,1.8,63.0,19.44,Pitalito,36,finished,65,5089,171,Climber,28,CO,XDS Astana Team,,,",,",960,16639
12,RR,17 July 2025,Auch,Hautacam,180.6,3794,333,41.467,11.1 km solo,Storer Michael,https://www.procyclingstats.com/rider/michael-storer,1997-02-28,1997,Australia,1.77,63.0,20.11,Perth,37,finished,68,5190,117,Climber,28,AU,Tudor Pro Cycling Team,,,",,",960,16639
12,RR,17 July 2025,Auch,Hautacam,180.6,3794,333,41.467,11.1 km solo,Madouas Valentin,https://www.procyclingstats.com/rider/valentin-madouas,1996-07-12,1996,France,1.79,71.0,22.16,Brest,38,finished,24,2418,95,Classic,29,FR,Groupama - FDJ,,,17:09,1029,16708
12,RR,17 July 2025,Auch,Hautacam,180.6,3794,333,41.467,11.1 km solo,Arensman Thymen,https://www.procyclingstats.com/rider/thymen-arensman,1999-12-04,1999,Netherlands,1.9,68.0,18.84,Deil,39,finished,23,2404,62,GC,25,NL,INEOS Grenadiers,,,18:17,1097,16776
12,RR,17 July 2025,Auch,Hautacam,180.6,3794,333,41.467,11.1 km solo,Woods Michael,https://www.procyclingstats.com/rider/michael-woods,1986-10-12,1986,Canada,1.75,62.0,20.24,Toronto,40,finished,69,5194,201,Climber,38,CA,Israel - Premier Tech,,,",,",1097,16776
12,RR,17 July 2025,Auch,Hautacam,180.6,3794,333,41.467,11.1 km solo,Wellens Tim,https://www.procyclingstats.com/rider/tim-wellens,1991-05-10,1991,Belgium,1.82,71.0,21.43,Sint-Truiden,41,finished,51,4367,7,GC,34,BE,UAE Team Emirates - XRG,,,20:15,1215,16894
12,RR,17 July 2025,Auch,Hautacam,180.6,3794,333,41.467,11.1 km solo,Berthet Clément,https://www.procyclingstats.com/rider/clement-berthet,1997-08-02,1997,France,1.84,68.0,20.09,Pierre Bénite,42,finished,26,2626,153,Climber,27,FR,Decathlon AG2R La Mondiale Team,,,",,",1215,16894
12,RR,17 July 2025,Auch,Hautacam,180.6,3794,333,41.467,11.1 km solo,Sweeny Harry,https://www.procyclingstats.com/rider/harry-sweeny,1998-07-09,1998,Australia,1.86,75.0,21.68,Warwick,43,finished,43,3819,36,GC,27,AU,EF Education - EasyPost,,,20:42,1242,16921
12,RR,17 July 2025,Auch,Hautacam,180.6,3794,333,41.467,11.1 km solo,Venturini Clément,https://www.procyclingstats.com/rider/clement-venturini,1993-10-16,1993,France,1.65,60.0,22.04,Villeurbanne,44,finished,41,3660,138,Classic,31,FR,Arkéa - B&B Hotels,,,27:36,1656,17335
12,RR,17 July 2025,Auch,Hautacam,180.6,3794,333,41.467,11.1 km solo,Le Berre Mathis,https://www.procyclingstats.com/rider/mathis-le-berre,2001-04-16,2001,France,1.76,68.0,21.95,Saint-Brieuc,45,finished,73,5473,136,Hills,24,FR,Arkéa - B&B Hotels,,,",,",1656,17335
12,RR,17 July 2025,Auch,Hautacam,180.6,3794,333,41.467,11.1 km solo,Scotson Callum,https://www.procyclingstats.com/rider/callum-scotson,1996-08-10,1996,Australia,1.83,77.0,22.99,Campbelltown,46,finished,36,3482,157,GC,28,AU,Decathlon AG2R La Mondiale Team,,,28:03,1683,17362
12,RR,17 July 2025,Auch,Hautacam,180.6,3794,333,41.467,11.1 km solo,Izagirre Ion,https://www.procyclingstats.com/rider/ion-izagirre,1989-02-04,1989,Spain,1.73,60.0,20.05,Ormaiztegi,47,finished,83,5836,164,GC,36,ES,Cofidis,,,28:48,1728,17407
12,RR,17 July 2025,Auch,Hautacam,180.6,3794,333,41.467,11.1 km solo,Castrillo Pablo,https://www.procyclingstats.com/rider/pablo-castrillo-zapater,2001-01-02,2001,Spain,1.83,74.0,22.1,Jaca,48,finished,99,6340,143,Climber,24,ES,Movistar Team,,,",,",1728,17407
12,RR,17 July 2025,Auch,Hautacam,180.6,3794,333,41.467,11.1 km solo,Sivakov Pavel,https://www.procyclingstats.com/rider/pavel-sivakov,1997-07-11,1997,France,1.88,70.0,19.81,San Donà di Piave Previous nationalities Russia until 2022,49,finished,107,6858,5,GC,28,FR,UAE Team Emirates - XRG,,,29:13,1753,17432
12,RR,17 July 2025,Auch,Hautacam,180.6,3794,333,41.467,11.1 km solo,Gachignard Thomas,https://www.procyclingstats.com/rider/thomas-gachignard,2000-08-17,2000,France,,,,Niort,50,finished,54,4547,184,GC,24,FR,TotalEnergies,,,",,",1753,17432
12,RR,17 July 2025,Auch,Hautacam,180.6,3794,333,41.467,11.1 km solo,Van Wilder Ilan,https://www.procyclingstats.com/rider/ilan-van-wilder,2000-05-14,2000,Belgium,1.71,64.0,21.89,Jette,51,finished,44,3996,28,GC,25,BE,Soudal Quick-Step,,,",,",1753,17432
12,RR,17 July 2025,Auch,Hautacam,180.6,3794,333,41.467,11.1 km solo,Romeo Iván,https://www.procyclingstats.com/rider/ivan-romeo,2003-08-16,2003,Spain,1.93,75.0,20.13,Valladolid,52,finished,109,7099,147,GC,21,ES,Movistar Team,,,",,",1753,17432
12,RR,17 July 2025,Auch,Hautacam,180.6,3794,333,41.467,11.1 km solo,Schachmann Maximilian,https://www.procyclingstats.com/rider/maximilian-schachmann,1994-01-09,1994,Germany,1.83,71.0,21.2,Berlin,53,finished,64,5067,26,GC,31,DE,Soudal Quick-Step,,,",,",1753,17432
12,RR,17 July 2025,Auch,Hautacam,180.6,3794,333,41.467,11.1 km solo,Soler Marc,https://www.procyclingstats.com/rider/marc-soler,1993-11-22,1993,Spain,1.86,68.0,19.66,Vilanova i la Geltrú,54,finished,62,5021,6,Climber,31,ES,UAE Team Emirates - XRG,,,",,",1753,17432
12,RR,17 July 2025,Auch,Hautacam,180.6,3794,333,41.467,11.1 km solo,Blackmore Joseph,https://www.procyclingstats.com/rider/joseph-blackmore,2003-02-23,2003,Great Britain,1.81,66.0,20.15,Sidcup,55,finished,38,3493,203,GC,22,GB,Israel - Premier Tech,,,",,",1753,17432
12,RR,17 July 2025,Auch,Hautacam,180.6,3794,333,41.467,11.1 km solo,Campenaerts Victor,https://www.procyclingstats.com/rider/victor-campenaerts,1991-10-28,1991,Belgium,1.73,68.0,22.72,Hoboken,56,finished,47,4093,14,TT,33,BE,Team Visma | Lease a Bike,,,30:07,1807,17486
12,RR,17 July 2025,Auch,Hautacam,180.6,3794,333,41.467,11.1 km solo,Hirschi Marc,https://www.procyclingstats.com/rider/marc-hirschi,1998-08-24,1998,Switzerland,1.74,61.0,20.15,Bern,57,finished,78,5649,114,Classic,26,CH,Tudor Pro Cycling Team,,,30:14,1814,17493
12,RR,17 July 2025,Auch,Hautacam,180.6,3794,333,41.467,11.1 km solo,Barré Louis,https://www.procyclingstats.com/rider/louis-barre,2000-04-06,2000,France,1.84,68.0,20.09,Nantes,58,finished,110,7103,42,Classic,25,FR,Intermarché - Wanty,,,31:15,1875,17554
12,RR,17 July 2025,Auch,Hautacam,180.6,3794,333,41.467,11.1 km solo,Baudin Alex,https://www.procyclingstats.com/rider/alex-baudin,2001-05-25,2001,France,1.83,64.0,19.11,Albertville,59,finished,42,3683,34,Climber,24,FR,EF Education - EasyPost,,,31:22,1882,17561
12,RR,17 July 2025,Auch,Hautacam,180.6,3794,333,41.467,11.1 km solo,Meurisse Xandro,https://www.procyclingstats.com/rider/xandro-meurisse,1992-01-31,1992,Belgium,1.81,68.0,20.76,Kortrijk,60,finished,32,3151,104,GC,33,BE,Alpecin - Deceuninck,,,",,",1882,17561
12,RR,17 July 2025,Auch,Hautacam,180.6,3794,333,41.467,11.1 km solo,Benoot Tiesj,https://www.procyclingstats.com/rider/tiesj-benoot,1994-03-11,1994,Belgium,1.9,72.0,19.94,Ghent,61,finished,34,3300,13,Classic,31,BE,Team Visma | Lease a Bike,,,",,",1882,17561
12,RR,17 July 2025,Auch,Hautacam,180.6,3794,333,41.467,11.1 km solo,Eenkhoorn Pascal,https://www.procyclingstats.com/rider/pascal-eenkhoorn,1997-02-08,1997,Netherlands,1.85,72.0,21.04,Zwolle,62,finished,45,4072,23,Classic,28,NL,Soudal Quick-Step,,,",,",1882,17561
12,RR,17 July 2025,Auch,Hautacam,180.6,3794,333,41.467,11.1 km solo,Pithie Laurence,https://www.procyclingstats.com/rider/laurence-pithie,2002-07-17,2002,New Zealand,1.85,74.0,21.62,Christchurch,63,finished,100,6348,75,Classic,23,NZ,Red Bull - BORA - hansgrohe,,,",,",1882,17561
12,RR,17 July 2025,Auch,Hautacam,180.6,3794,333,41.467,11.1 km solo,Oliveira Nelson,https://www.procyclingstats.com/rider/nelson-oliveira,1989-03-06,1989,Portugal,1.8,67.0,20.68,Anadia,64,finished,60,4819,144,TT,36,PT,Movistar Team,,,",,",1882,17561
12,RR,17 July 2025,Auch,Hautacam,180.6,3794,333,41.467,11.1 km solo,Powless Neilson,https://www.procyclingstats.com/rider/neilson-powless,1996-09-03,1996,United States,1.83,67.0,20.01,Eglin,65,finished,52,4379,35,Classic,28,US,EF Education - EasyPost,,,",,",1882,17561
12,RR,17 July 2025,Auch,Hautacam,180.6,3794,333,41.467,11.1 km solo,Pacher Quentin,https://www.procyclingstats.com/rider/quentin-pacher,1992-01-06,1992,France,1.79,62.0,19.35,Libourne,66,finished,37,3491,96,Hills,33,FR,Groupama - FDJ,,,",,",1882,17561
12,RR,17 July 2025,Auch,Hautacam,180.6,3794,333,41.467,11.1 km solo,Barthe Cyril,https://www.procyclingstats.com/rider/cyril-barthe,1996-02-14,1996,France,1.84,70.0,20.68,Sauveterre-de-Béarn,67,finished,82,5831,93,Hills,29,FR,Groupama - FDJ,,,",,",1882,17561
12,RR,17 July 2025,Auch,Hautacam,180.6,3794,333,41.467,11.1 km solo,Tronchon Bastien,https://www.procyclingstats.com/rider/bastien-tronchon,2002-03-29,2002,France,1.85,72.0,21.04,Chambéry,68,finished,70,5258,158,Classic,23,FR,Decathlon AG2R La Mondiale Team,,,",,",1882,17561
12,RR,17 July 2025,Auch,Hautacam,180.6,3794,333,41.467,11.1 km solo,Paret-Peintre Valentin,https://www.procyclingstats.com/rider/valentin-paret-peintre,2001-01-14,2001,France,1.78,52.0,16.41,Annemasse,69,finished,75,5544,25,Climber,24,FR,Soudal Quick-Step,,,",,",1882,17561
12,RR,17 July 2025,Auch,Hautacam,180.6,3794,333,41.467,11.1 km solo,Dillier Silvan,https://www.procyclingstats.com/rider/silvan-dillier,1990-08-03,1990,Switzerland,1.83,75.0,22.4,Aarau,70,finished,148,9109,102,Classic,34,CH,Alpecin - Deceuninck,,,",,",1882,17561
12,RR,17 July 2025,Auch,Hautacam,180.6,3794,333,41.467,11.1 km solo,Lutsenko Alexey,https://www.procyclingstats.com/rider/aleksey-lutsenko,1992-09-07,1992,Kazakhstan,1.74,74.0,24.44,Petropavl,71,finished,81,5788,206,GC,32,KZ,Israel - Premier Tech,,,",,",1882,17561
12,RR,17 July 2025,Auch,Hautacam,180.6,3794,333,41.467,11.1 km solo,Stuyven Jasper,https://www.procyclingstats.com/rider/jasper-stuyven,1992-04-17,1992,Belgium,1.87,80.0,22.88,Leuven,72,finished,61,5001,87,Classic,33,BE,Lidl - Trek,,,",,",1882,17561
12,RR,17 July 2025,Auch,Hautacam,180.6,3794,333,41.467,11.1 km solo,Naesen Oliver,https://www.procyclingstats.com/rider/oliver-naesen,1990-09-16,1990,Belgium,1.84,74.0,21.86,Oostende,73,finished,77,5609,155,Classic,34,BE,Decathlon AG2R La Mondiale Team,,,",,",1882,17561
12,RR,17 July 2025,Auch,Hautacam,180.6,3794,333,41.467,11.1 km solo,Rickaert Jonas,https://www.procyclingstats.com/rider/jonas-rickaert,1994-02-07,1994,Belgium,1.9,88.0,24.38,Sint-Eloois-Vijve,74,finished,111,7217,105,Classic,31,BE,Alpecin - Deceuninck,,,",,",1882,17561
12,RR,17 July 2025,Auch,Hautacam,180.6,3794,333,41.467,11.1 km solo,Hoelgaard Markus,https://www.procyclingstats.com/rider/markus-hoelgaard,1994-10-04,1994,Norway,1.88,74.0,20.94,Stavanger,75,finished,48,4106,225,Classic,30,NO,Uno-X Mobility,,,",,",1882,17561
12,RR,17 July 2025,Auch,Hautacam,180.6,3794,333,41.467,11.1 km solo,Verstrynge Emiel,https://www.procyclingstats.com/rider/emiel-verstrynge,2002-02-04,2002,Belgium,1.89,69.0,19.32,Eeklo,76,finished,74,5519,108,Climber,23,BE,Alpecin - Deceuninck,,,",,",1882,17561
12,RR,17 July 2025,Auch,Hautacam,180.6,3794,333,41.467,11.1 km solo,Champoussin Clément,https://www.procyclingstats.com/rider/clement-champoussin,1998-05-29,1998,France,1.8,61.0,18.83,Nice,77,finished,80,5749,174,Climber,27,FR,XDS Astana Team,,,",,",1882,17561
12,RR,17 July 2025,Auch,Hautacam,180.6,3794,333,41.467,11.1 km solo,Barta Will,https://www.procyclingstats.com/rider/william-barta,1996-01-04,1996,United States,1.8,61.0,18.83,Boise,78,finished,97,6297,142,TT,29,US,Movistar Team,,,",,",1882,17561
12,RR,17 July 2025,Auch,Hautacam,180.6,3794,333,41.467,11.1 km solo,Vermeersch Gianni,https://www.procyclingstats.com/rider/gianni-vermeersch,1992-11-19,1992,Belgium,1.73,68.0,22.72,Roeselare,79,finished,119,7532,107,Classic,32,BE,Alpecin - Deceuninck,,,",,",1882,17561
12,RR,17 July 2025,Auch,Hautacam,180.6,3794,333,41.467,11.1 km solo,Van Moer Brent,https://www.procyclingstats.com/rider/brent-van-moer,1998-01-12,1998,Belgium,1.91,79.0,21.66,Beveren,80,finished,88,6014,218,Classic,27,BE,Lotto,,,",,",1882,17561
12,RR,17 July 2025,Auch,Hautacam,180.6,3794,333,41.467,11.1 km solo,Märkl Niklas,https://www.procyclingstats.com/rider/niklas-markl,1999-03-03,1999,Germany,1.85,70.0,20.45,Queidersbach,81,finished,122,7841,196,Sprint,26,DE,Team Picnic PostNL,,,31:43,1903,17582
12,RR,17 July 2025,Auch,Hautacam,180.6,3794,333,41.467,11.1 km solo,Politt Nils,https://www.procyclingstats.com/rider/nils-politt,1994-03-06,1994,Germany,1.92,80.0,21.7,Cologne,82,finished,105,6774,4,Classic,31,DE,UAE Team Emirates - XRG,,,",,",1903,17582
12,RR,17 July 2025,Auch,Hautacam,180.6,3794,333,41.467,11.1 km solo,Flynn Sean,https://www.procyclingstats.com/rider/sean-flynn,2000-03-02,2000,Great Britain,1.77,67.0,21.39,Edinburgh,83,finished,131,8434,194,GC,25,GB,Team Picnic PostNL,,,32:53,1973,17652
12,RR,17 July 2025,Auch,Hautacam,180.6,3794,333,41.467,11.1 km solo,Mayrhofer Marius,https://www.procyclingstats.com/rider/marius-mayrhofer,2000-09-18,2000,Germany,1.82,70.0,21.13,Tübingen,84,finished,79,5678,116,Hills,24,DE,Tudor Pro Cycling Team,,,32:59,1979,17658
12,RR,17 July 2025,Auch,Hautacam,180.6,3794,333,41.467,11.1 km solo,Simmons Quinn,https://www.procyclingstats.com/rider/quinn-simmons,2001-05-08,2001,United States,1.85,73.0,21.33,Durango,85,finished,46,4084,84,Hills,24,US,Lidl - Trek,,,33:03,1983,17662
12,RR,17 July 2025,Auch,Hautacam,180.6,3794,333,41.467,11.1 km solo,van den Broek Frank,https://www.procyclingstats.com/rider/frank-van-den-broek,2000-12-28,2000,Netherlands,1.78,70.0,22.09,Warmond,86,finished,57,4664,198,GC,24,NL,Team Picnic PostNL,,,33:14,1994,17673
12,RR,17 July 2025,Auch,Hautacam,180.6,3794,333,41.467,11.1 km solo,Groves Kaden,https://www.procyclingstats.com/rider/kaden-groves,1998-12-23,1998,Australia,1.76,76.0,24.54,Gympie,87,finished,104,6683,103,Hills,26,AU,Alpecin - Deceuninck,,,33:18,1998,17677
12,RR,17 July 2025,Auch,Hautacam,180.6,3794,333,41.467,11.1 km solo,Abrahamsen Jonas,https://www.procyclingstats.com/rider/jonas-abrahamsen,1995-09-20,1995,Norway,1.83,78.0,23.29,Skien,88,finished,92,6252,222,Classic,29,NO,Uno-X Mobility,,,33:24,2004,17683
12,RR,17 July 2025,Auch,Hautacam,180.6,3794,333,41.467,11.1 km solo,Thomas Geraint,https://www.procyclingstats.com/rider/geraint-thomas,1986-05-25,1986,Great Britain,1.83,71.0,21.2,Cardiff,89,finished,58,4670,61,GC,39,GB,INEOS Grenadiers,,,33:30,2010,17689
12,RR,17 July 2025,Auch,Hautacam,180.6,3794,333,41.467,11.1 km solo,Grégoire Romain,https://www.procyclingstats.com/rider/romain-gregoire,2003-01-21,2003,France,1.76,64.0,20.66,Besançon,90,finished,27,2916,94,Classic,22,FR,Groupama - FDJ,,,33:40,2020,17699
12,RR,17 July 2025,Auch,Hautacam,180.6,3794,333,41.467,11.1 km solo,Alaphilippe Julian,https://www.procyclingstats.com/rider/julian-alaphilippe,1992-06-11,1992,France,1.73,62.0,20.72,Saint-Amand-Montrond,91,finished,67,5143,111,Classic,33,FR,Tudor Pro Cycling Team,,,34:01,2041,17720
12,RR,17 July 2025,Auch,Hautacam,180.6,3794,333,41.467,11.1 km solo,Delettre Alexandre,https://www.procyclingstats.com/rider/alexandre-delettre,1997-10-25,1997,France,1.7,62.0,21.45,Gonesse,92,finished,49,4263,183,Classic,27,FR,TotalEnergies,,,",,",2041,17720
12,RR,17 July 2025,Auch,Hautacam,180.6,3794,333,41.467,11.1 km solo,van der Poel Mathieu,https://www.procyclingstats.com/rider/mathieu-van-der-poel,1995-01-19,1995,Netherlands,1.84,75.0,22.15,Kapellen,93,finished,40,3533,106,Classic,30,NL,Alpecin - Deceuninck,,,",,",2041,17720
12,RR,17 July 2025,Auch,Hautacam,180.6,3794,333,41.467,11.1 km solo,Teunissen Mike,https://www.procyclingstats.com/rider/mike-teunissen,1992-08-25,1992,Netherlands,1.84,73.0,21.56,Ysselsteyn,94,finished,93,6270,177,Classic,32,NL,XDS Astana Team,,,34:33,2073,17752
12,RR,17 July 2025,Auch,Hautacam,180.6,3794,333,41.467,11.1 km solo,Foss Tobias,https://www.procyclingstats.com/rider/tobias-foss,1997-05-25,1997,Norway,1.84,74.0,21.86,Vingrom,95,finished,87,5992,63,TT,28,NO,INEOS Grenadiers,,,34:57,2097,17776
12,RR,17 July 2025,Auch,Hautacam,180.6,3794,333,41.467,11.1 km solo,Valgren Michael,https://www.procyclingstats.com/rider/michael-valgren-andersen,1992-02-07,1992,Denmark,1.79,71.0,22.16,Østerild,96,finished,84,5869,37,Classic,33,DK,EF Education - EasyPost,,,",,",2097,17776
12,RR,17 July 2025,Auch,Hautacam,180.6,3794,333,41.467,11.1 km solo,Martinez Lenny,https://www.procyclingstats.com/rider/lenny-martinez,2003-07-11,2003,France,1.68,52.0,18.42,Cannes,97,finished,102,6617,55,Climber,22,FR,Bahrain - Victorious,,,35:45,2145,17824
12,RR,17 July 2025,Auch,Hautacam,180.6,3794,333,41.467,11.1 km solo,Rutsch Jonas,https://www.procyclingstats.com/rider/jonas-rutsch,1998-01-24,1998,Germany,1.97,82.0,21.13,Erbach im Odenwald,98,finished,136,8693,46,Classic,27,DE,Intermarché - Wanty,,,36:27,2187,17866
12,RR,17 July 2025,Auch,Hautacam,180.6,3794,333,41.467,11.1 km solo,van Sintmaartensdijk Roel,https://www.procyclingstats.com/rider/roel-van-sintmaartensdijk,2001-05-08,2001,Netherlands,1.97,77.0,19.84,Zuidland,99,finished,169,9918,47,GC,24,NL,Intermarché - Wanty,,,",,",2187,17866
12,RR,17 July 2025,Auch,Hautacam,180.6,3794,333,41.467,11.1 km solo,Laurance Axel,https://www.procyclingstats.com/rider/axel-laurance,2001-04-13,2001,France,1.79,63.0,19.66,Calan,100,finished,53,4520,65,Hills,24,FR,INEOS Grenadiers,,,37:00,2220,17899
12,RR,17 July 2025,Auch,Hautacam,180.6,3794,333,41.467,11.1 km solo,Rex Laurenz,https://www.procyclingstats.com/rider/laurenz-rex,1999-12-15,1999,Belgium,1.93,83.0,22.28,Marburg,101,finished,139,8888,45,Classic,25,BE,Intermarché - Wanty,,,",,",2220,17899
12,RR,17 July 2025,Auch,Hautacam,180.6,3794,333,41.467,11.1 km solo,Russo Clément,https://www.procyclingstats.com/rider/clement-russo,1995-01-20,1995,France,1.87,74.0,21.16,Lyon,102,finished,118,7461,98,Classic,30,FR,Groupama - FDJ,,,37:08,2228,17907
12,RR,17 July 2025,Auch,Hautacam,180.6,3794,333,41.467,11.1 km solo,Penhoët Paul,https://www.procyclingstats.com/rider/paul-penhoet,2001-12-28,2001,France,1.73,64.0,21.38,Clamart,103,finished,129,8212,97,Classic,23,FR,Groupama - FDJ,,,",,",2228,17907
12,RR,17 July 2025,Auch,Hautacam,180.6,3794,333,41.467,11.1 km solo,Vercher Mattéo,https://www.procyclingstats.com/rider/matheo-vercher,2001-01-26,2001,France,1.71,,,Lyon,104,finished,171,10289,188,Hills,24,FR,TotalEnergies,,,37:10,2230,17909
12,RR,17 July 2025,Auch,Hautacam,180.6,3794,333,41.467,11.1 km solo,Schmid Mauro,https://www.procyclingstats.com/rider/mauro-schmid,1999-12-04,1999,Switzerland,1.87,70.0,20.02,Bülach,105,finished,86,5940,128,Hills,25,CH,Team Jayco AlUla,,,",,",2230,17909
12,RR,17 July 2025,Auch,Hautacam,180.6,3794,333,41.467,11.1 km solo,Burgaudeau Mathieu,https://www.procyclingstats.com/rider/mathieu-burgaudeau,1998-11-17,1998,France,1.68,61.0,21.61,Noirmoutier-en-l'Île,106,finished,56,4627,182,Hills,26,FR,TotalEnergies,,,",,",2230,17909
12,RR,17 July 2025,Auch,Hautacam,180.6,3794,333,41.467,11.1 km solo,Turgis Anthony,https://www.procyclingstats.com/rider/anthony-turgis,1994-05-16,1994,France,1.78,70.0,22.09,Bourg-la-Reine,107,finished,117,7432,187,Classic,31,FR,TotalEnergies,,,37:15,2235,17914
12,RR,17 July 2025,Auch,Hautacam,180.6,3794,333,41.467,11.1 km solo,Van Eetvelt Lennert,https://www.procyclingstats.com/rider/lennert-van-eetvelt,2001-07-17,2001,Belgium,1.76,63.0,20.34,Binkom,108,finished,157,9289,217,Climber,24,BE,Lotto,,,37:21,2241,17920
12,RR,17 July 2025,Auch,Hautacam,180.6,3794,333,41.467,11.1 km solo,Berckmoes Jenno,https://www.procyclingstats.com/rider/jenno-berckmoes,2001-02-04,2001,Belgium,1.77,61.0,19.47,Ghent,109,finished,55,4601,212,Classic,24,BE,Lotto,,,38:01,2281,17960
12,RR,17 July 2025,Auch,Hautacam,180.6,3794,333,41.467,11.1 km solo,Durbridge Luke,https://www.procyclingstats.com/rider/luke-durbridge,1991-04-09,1991,Australia,1.87,78.0,22.31,Greenmount,110,finished,152,9169,123,TT,34,AU,Team Jayco AlUla,,,",,",2281,17960
12,RR,17 July 2025,Auch,Hautacam,180.6,3794,333,41.467,11.1 km solo,Swift Connor,https://www.procyclingstats.com/rider/connor-swift,1995-10-30,1995,Great Britain,1.9,75.0,20.78,Thorne,111,finished,115,7373,67,Classic,29,GB,INEOS Grenadiers,,,",,",2281,17960
12,RR,17 July 2025,Auch,Hautacam,180.6,3794,333,41.467,11.1 km solo,García Cortina Iván,https://www.procyclingstats.com/rider/ivan-garcia-cortina,1995-11-20,1995,Spain,1.83,77.0,22.99,Gijón,112,finished,114,7345,145,Classic,29,ES,Movistar Team,,,38:28,2308,17987
12,RR,17 July 2025,Auch,Hautacam,180.6,3794,333,41.467,11.1 km solo,Page Hugo,https://www.procyclingstats.com/rider/hugo-page,2001-07-24,2001,France,1.85,71.0,20.75,Chartres,113,finished,145,9049,44,Classic,23,FR,Intermarché - Wanty,,,38:42,2322,18001
12,RR,17 July 2025,Auch,Hautacam,180.6,3794,333,41.467,11.1 km solo,Aranburu Alex,https://www.procyclingstats.com/rider/alex-aranburu,1995-09-19,1995,Spain,1.78,63.0,19.88,Ezkio-Itsaso,114,finished,76,5562,162,Classic,29,ES,Cofidis,,,39:03,2343,18022
12,RR,17 July 2025,Auch,Hautacam,180.6,3794,333,41.467,11.1 km solo,Braet Vito,https://www.procyclingstats.com/rider/vito-braet,2000-11-02,2000,Belgium,1.84,68.0,20.09,Hulste,115,finished,149,9136,43,Classic,24,BE,Intermarché - Wanty,,,",,",2343,18022
12,RR,17 July 2025,Auch,Hautacam,180.6,3794,333,41.467,11.1 km solo,Asgreen Kasper,https://www.procyclingstats.com/rider/kasper-asgreen,1995-02-08,1995,Denmark,1.93,75.0,20.13,Kolding,116,finished,96,6281,33,TT,30,DK,EF Education - EasyPost,,,39:19,2359,18038
12,RR,17 July 2025,Auch,Hautacam,180.6,3794,333,41.467,11.1 km solo,Girmay Biniam,https://www.procyclingstats.com/rider/biniam-girmay,2000-04-02,2000,Eritrea,1.84,70.0,20.68,Asmara,117,finished,130,8432,41,Classic,25,ER,Intermarché - Wanty,,,39:23,2363,18042
12,RR,17 July 2025,Auch,Hautacam,180.6,3794,333,41.467,11.1 km solo,van Aert Wout,https://www.procyclingstats.com/rider/wout-van-aert,1994-09-15,1994,Belgium,1.9,78.0,21.61,Herentals,118,finished,66,5094,17,Classic,30,BE,Team Visma | Lease a Bike,,,39:25,2365,18044
12,RR,17 July 2025,Auch,Hautacam,180.6,3794,333,41.467,11.1 km solo,Ackermann Pascal,https://www.procyclingstats.com/rider/pascal-ackermann,1994-01-17,1994,Germany,1.8,78.0,24.07,Kandel,119,finished,124,8148,202,Sprint,31,DE,Israel - Premier Tech,,,",,",2365,18044
12,RR,17 July 2025,Auch,Hautacam,180.6,3794,333,41.467,11.1 km solo,Watson Samuel,https://www.procyclingstats.com/rider/samuel-watson,2001-09-24,2001,Great Britain,1.88,68.0,19.24,Leeds,120,finished,126,8199,68,Hills,23,GB,INEOS Grenadiers,,,",,",2365,18044
12,RR,17 July 2025,Auch,Hautacam,180.6,3794,333,41.467,11.1 km solo,Neilands Krists,https://www.procyclingstats.com/rider/krists-neilands,1994-08-18,1994,Latvia,1.89,69.0,19.32,Kuldīga,121,finished,85,5927,207,Classic,30,LV,Israel - Premier Tech,,,",,",2365,18044
12,RR,17 July 2025,Auch,Hautacam,180.6,3794,333,41.467,11.1 km solo,Sepúlveda Eduardo,https://www.procyclingstats.com/rider/eduardo-sepulveda,1991-06-13,1991,Argentina,1.73,59.0,19.71,Rawson,122,finished,113,7334,216,GC,34,AR,Lotto,,,39:30,2370,18049
12,RR,17 July 2025,Auch,Hautacam,180.6,3794,333,41.467,11.1 km solo,Leknessund Andreas,https://www.procyclingstats.com/rider/andreas-leknessund,1999-05-21,1999,Norway,1.86,72.0,20.81,Tromsø,123,finished,91,6225,227,GC,26,NO,Uno-X Mobility,,,39:37,2377,18056
12,RR,17 July 2025,Auch,Hautacam,180.6,3794,333,41.467,11.1 km solo,van Dijke Mick,https://www.procyclingstats.com/rider/mick-van-dijke,2000-03-15,2000,Netherlands,1.9,74.0,20.5,Goes,124,finished,156,9279,76,Classic,25,NL,Red Bull - BORA - hansgrohe,,,39:52,2392,18071
12,RR,17 July 2025,Auch,Hautacam,180.6,3794,333,41.467,11.1 km solo,Albanese Vincenzo,https://www.procyclingstats.com/rider/vincenzo-albanese,1996-11-12,1996,Italy,1.75,70.0,22.86,Oliveto Citra,125,finished,120,7570,32,Hills,28,IT,EF Education - EasyPost,,,",,",2392,18071
12,RR,17 July 2025,Auch,Hautacam,180.6,3794,333,41.467,11.1 km solo,Boivin Guillaume,https://www.procyclingstats.com/rider/guillaume-boivin,1989-05-25,1989,Canada,1.8,78.0,24.07,Montreal,126,finished,162,9419,204,Classic,36,CA,Israel - Premier Tech,,,39:56,2396,18075
12,RR,17 July 2025,Auch,Hautacam,180.6,3794,333,41.467,11.1 km solo,Naberman Tim,https://www.procyclingstats.com/rider/tim-naberman,1999-05-11,1999,Netherlands,1.87,70.0,20.02,Genemuiden,127,finished,153,9190,197,GC,26,NL,Team Picnic PostNL,,,40:07,2407,18086
12,RR,17 July 2025,Auch,Hautacam,180.6,3794,333,41.467,11.1 km solo,Bittner Pavel,https://www.procyclingstats.com/rider/pavel-bittner,2002-10-29,2002,Czech Republic,1.84,73.0,21.56,Olomouc,128,finished,140,8900,193,Sprint,22,CZ,Team Picnic PostNL,,,",,",2407,18086
12,RR,17 July 2025,Auch,Hautacam,180.6,3794,333,41.467,11.1 km solo,Andresen Tobias Lund,https://www.procyclingstats.com/rider/tobias-lund-andresen,2002-08-20,2002,Denmark,1.81,69.0,21.06,Taastrup,129,finished,103,6637,195,Classic,22,DK,Team Picnic PostNL,,,",,",2407,18086
12,RR,17 July 2025,Auch,Hautacam,180.6,3794,333,41.467,11.1 km solo,van Poppel Danny,https://www.procyclingstats.com/rider/danny-van-poppel,1993-07-26,1993,Netherlands,1.84,82.0,24.22,Moergestel,130,finished,127,8208,77,Sprint,31,NL,Red Bull - BORA - hansgrohe,,,",,",2407,18086
12,RR,17 July 2025,Auch,Hautacam,180.6,3794,333,41.467,11.1 km solo,Stewart Jake,https://www.procyclingstats.com/rider/jake-stewart,1999-10-02,1999,Great Britain,1.79,66.0,20.6,Coventry,131,finished,133,8516,208,Hills,25,GB,Israel - Premier Tech,,,",,",2407,18086
12,RR,17 July 2025,Auch,Hautacam,180.6,3794,333,41.467,11.1 km solo,Affini Edoardo,https://www.procyclingstats.com/rider/edoardo-affini,1996-06-24,1996,Italy,1.9,85.0,23.55,Mantua,132,finished,134,8540,12,TT,29,IT,Team Visma | Lease a Bike,,,",,",2407,18086
12,RR,17 July 2025,Auch,Hautacam,180.6,3794,333,41.467,11.1 km solo,Moscon Gianni,https://www.procyclingstats.com/rider/gianni-moscon,1994-04-20,1994,Italy,1.8,71.0,21.91,Trento,133,finished,89,6075,74,Classic,31,IT,Red Bull - BORA - hansgrohe,,,",,",2407,18086
12,RR,17 July 2025,Auch,Hautacam,180.6,3794,333,41.467,11.1 km solo,Capiot Amaury,https://www.procyclingstats.com/rider/amaury-capiot,1993-06-25,1993,Belgium,1.86,69.0,19.94,Tongeren,134,finished,138,8867,132,Classic,32,BE,Arkéa - B&B Hotels,,,",,",2407,18086
12,RR,17 July 2025,Auch,Hautacam,180.6,3794,333,41.467,11.1 km solo,Louvel Matis,https://www.procyclingstats.com/rider/matis-louvel,1999-07-19,1999,France,1.87,77.0,22.02,Mont Saint Aignan,135,finished,112,7229,205,Classic,25,FR,Israel - Premier Tech,,,",,",2407,18086
12,RR,17 July 2025,Auch,Hautacam,180.6,3794,333,41.467,11.1 km solo,Renard Alexis,https://www.procyclingstats.com/rider/alexis-renard,1999-06-01,1999,France,1.86,74.0,21.39,Saint-Brieuc,136,finished,144,9048,165,Classic,26,FR,Cofidis,,,",,",2407,18086
12,RR,17 July 2025,Auch,Hautacam,180.6,3794,333,41.467,11.1 km solo,Stannard Robert,https://www.procyclingstats.com/rider/robert-stannard,1998-09-16,1998,Australia,1.79,74.0,23.1,Sydney Previous nationalities New Zealand until 2016,137,finished,121,7590,57,Hills,26,AU,Bahrain - Victorious,,,",,",2407,18086
12,RR,17 July 2025,Auch,Hautacam,180.6,3794,333,41.467,11.1 km solo,Lienhard Fabian,https://www.procyclingstats.com/rider/fabian-lienhard,1993-09-03,1993,Switzerland,1.83,73.0,21.8,Steinmaur,138,finished,168,9823,115,Classic,31,CH,Tudor Pro Cycling Team,,,",,",2407,18086
12,RR,17 July 2025,Auch,Hautacam,180.6,3794,333,41.467,11.1 km solo,Merlier Tim,https://www.procyclingstats.com/rider/tim-merlier,1992-10-30,1992,Belgium,1.88,76.0,21.5,Wortegem-Petegem,139,finished,147,9075,24,Sprint,32,BE,Soudal Quick-Step,,,",,",2407,18086
12,RR,17 July 2025,Auch,Hautacam,180.6,3794,333,41.467,11.1 km solo,Van Lerberghe Bert,https://www.procyclingstats.com/rider/bert-van-lerberghe,1992-09-29,1992,Belgium,1.9,83.0,22.99,Kortrijk,140,finished,150,9142,27,Classic,32,BE,Soudal Quick-Step,,,",,",2407,18086
12,RR,17 July 2025,Auch,Hautacam,180.6,3794,333,41.467,11.1 km solo,Drizners Jarrad,https://www.procyclingstats.com/rider/jarrad-drizners,1999-05-31,1999,Australia,1.86,70.0,20.23,Adelaide,141,finished,161,9410,214,GC,26,AU,Lotto,,,",,",2407,18086
12,RR,17 July 2025,Auch,Hautacam,180.6,3794,333,41.467,11.1 km solo,Plapp Luke,https://www.procyclingstats.com/rider/luke-plapp,2000-12-25,2000,Australia,1.81,72.0,21.98,Melbourne,142,finished,132,8481,126,GC,24,AU,Team Jayco AlUla,,,",,",2407,18086
12,RR,17 July 2025,Auch,Hautacam,180.6,3794,333,41.467,11.1 km solo,Touzé Damien,https://www.procyclingstats.com/rider/damien-touze,1996-07-07,1996,France,1.74,69.0,22.79,Iville,143,finished,106,6826,168,Classic,29,FR,Cofidis,,,",,",2407,18086
12,RR,17 July 2025,Auch,Hautacam,180.6,3794,333,41.467,11.1 km solo,Haller Marco,https://www.procyclingstats.com/rider/marco-haller,1991-04-01,1991,Austria,1.78,72.0,22.72,Sankt Veit an der Glan,144,finished,98,6316,113,Classic,34,AT,Tudor Pro Cycling Team,,,",,",2407,18086
12,RR,17 July 2025,Auch,Hautacam,180.6,3794,333,41.467,11.1 km solo,Grignard Sébastien,https://www.procyclingstats.com/rider/sebastien-grignard,1999-04-29,1999,Belgium,1.79,68.0,21.22,Mons,145,finished,163,9597,215,Classic,26,BE,Lotto,,,40:15,2415,18094
12,RR,17 July 2025,Auch,Hautacam,180.6,3794,333,41.467,11.1 km solo,Teuns Dylan,https://www.procyclingstats.com/rider/dylan-teuns,1992-03-01,1992,Belgium,1.81,64.0,19.54,Diest,146,finished,95,6280,166,GC,33,BE,Cofidis,,,40:17,2417,18096
12,RR,17 July 2025,Auch,Hautacam,180.6,3794,333,41.467,11.1 km solo,Wright Fred,https://www.procyclingstats.com/rider/alfred-wright,1999-06-13,1999,Great Britain,1.84,75.0,22.15,London,147,finished,108,7052,58,Hills,26,GB,Bahrain - Victorious,,,40:31,2431,18110
12,RR,17 July 2025,Auch,Hautacam,180.6,3794,333,41.467,11.1 km solo,De Lie Arnaud,https://www.procyclingstats.com/rider/arnaud-de-lie,2002-03-16,2002,Belgium,1.82,78.0,23.55,Libramont,148,finished,137,8748,211,Classic,23,BE,Lotto,,,40:55,2455,18134
12,RR,17 July 2025,Auch,Hautacam,180.6,3794,333,41.467,11.1 km solo,Gradek Kamil,https://www.procyclingstats.com/rider/kamil-gradek,1990-09-17,1990,Poland,1.94,83.0,22.05,Koziegłowy,149,finished,164,9695,53,TT,34,PL,Bahrain - Victorious,,,41:04,2464,18143
12,RR,17 July 2025,Auch,Hautacam,180.6,3794,333,41.467,11.1 km solo,Edvardsen-Fredheim Stian,https://www.procyclingstats.com/rider/stian-fredheim,2003-03-23,2003,Norway,1.84,72.0,21.27,Kristiansand,150,finished,146,9053,224,Sprint,22,NO,Uno-X Mobility,,,41:49,2509,18188
12,RR,17 July 2025,Auch,Hautacam,180.6,3794,333,41.467,11.1 km solo,Dainese Alberto,https://www.procyclingstats.com/rider/alberto-dainese,1998-03-25,1998,Italy,1.75,72.0,23.51,Abano Terme,151,finished,125,8182,112,Sprint,27,IT,Tudor Pro Cycling Team,,,",,",2509,18188
12,RR,17 July 2025,Auch,Hautacam,180.6,3794,333,41.467,11.1 km solo,Fedorov Yevgeniy,https://www.procyclingstats.com/rider/yevgeniy-fedorov,2000-02-16,2000,Kazakhstan,1.93,80.0,21.48,Aktobe,152,finished,165,9742,175,Classic,25,KZ,XDS Astana Team,,,",,",2509,18188
12,RR,17 July 2025,Auch,Hautacam,180.6,3794,333,41.467,11.1 km solo,Milan Jonathan,https://www.procyclingstats.com/rider/jonathan-milan,2000-10-01,2000,Italy,1.94,84.0,22.32,Tolmezzo,153,finished,151,9153,81,Sprint,24,IT,Lidl - Trek,,,",,",2509,18188
12,RR,17 July 2025,Auch,Hautacam,180.6,3794,333,41.467,11.1 km solo,Bauhaus Phil,https://www.procyclingstats.com/rider/phil-bauhaus,1994-07-08,1994,Germany,1.84,75.0,22.15,Bocholt,154,finished,158,9330,52,Sprint,31,DE,Bahrain - Victorious,,,",,",2509,18188
12,RR,17 July 2025,Auch,Hautacam,180.6,3794,333,41.467,11.1 km solo,Mohorič Matej,https://www.procyclingstats.com/rider/matej-mohoric,1994-10-19,1994,Slovenia,1.86,71.0,20.52,Kranj,155,finished,128,8210,56,Classic,30,SI,Bahrain - Victorious,,,",,",2509,18188
12,RR,17 July 2025,Auch,Hautacam,180.6,3794,333,41.467,11.1 km solo,Theuns Edward,https://www.procyclingstats.com/rider/edward-theuns,1991-04-30,1991,Belgium,1.83,72.0,21.5,Ghent,156,finished,167,9790,88,Classic,34,BE,Lidl - Trek,,,",,",2509,18188
12,RR,17 July 2025,Auch,Hautacam,180.6,3794,333,41.467,11.1 km solo,Nys Thibau,https://www.procyclingstats.com/rider/thibau-nys,2002-11-12,2002,Belgium,1.76,64.0,20.66,Bonheiden,157,finished,123,7978,83,Hills,22,BE,Lidl - Trek,,,",,",2509,18188
12,RR,17 July 2025,Auch,Hautacam,180.6,3794,333,41.467,11.1 km solo,Askey Lewis,https://www.procyclingstats.com/rider/lewis-askey,2001-05-04,2001,Great Britain,1.87,75.0,21.45,Cannock,158,finished,142,8961,92,Classic,24,GB,Groupama - FDJ,,,",,",2509,18188
12,RR,17 July 2025,Auch,Hautacam,180.6,3794,333,41.467,11.1 km solo,Skujiņš Toms,https://www.procyclingstats.com/rider/toms-skujins,1991-06-15,1991,Latvia,1.81,72.0,21.98,Sigulda,159,finished,94,6280,86,Classic,34,LV,Lidl - Trek,,,",,",2509,18188
12,RR,17 July 2025,Auch,Hautacam,180.6,3794,333,41.467,11.1 km solo,Démare Arnaud,https://www.procyclingstats.com/rider/arnaud-demare,1991-08-26,1991,France,1.81,76.0,23.2,Beauvais,160,finished,159,9333,134,Classic,33,FR,Arkéa - B&B Hotels,,,",,",2509,18188
12,RR,17 July 2025,Auch,Hautacam,180.6,3794,333,41.467,11.1 km solo,Consonni Simone,https://www.procyclingstats.com/rider/simone-consonni,1994-09-12,1994,Italy,1.65,60.0,22.04,Ponte San Pietro,161,finished,166,9777,82,Classic,30,IT,Lidl - Trek,,,42:00,2520,18199
12,RR,17 July 2025,Auch,Hautacam,180.6,3794,333,41.467,11.1 km solo,Ballerini Davide,https://www.procyclingstats.com/rider/davide-ballerini,1994-09-21,1994,Italy,1.83,71.0,21.2,Cantù,162,finished,160,9387,172,Classic,30,IT,XDS Astana Team,,,",,",2520,18199
12,RR,17 July 2025,Auch,Hautacam,180.6,3794,333,41.467,11.1 km solo,Johannessen Anders Halland,https://www.procyclingstats.com/rider/anders-halland-johannessen,1999-08-23,1999,Norway,1.76,,,Drøbak,163,finished,90,6159,226,GC,25,NO,Uno-X Mobility,,,42:05,2525,18204
12,RR,17 July 2025,Auch,Hautacam,180.6,3794,333,41.467,11.1 km solo,Thomas Benjamin,https://www.procyclingstats.com/rider/benjamin-thomas-2,1995-09-12,1995,France,1.79,68.0,21.22,Lavaur,164,finished,154,9228,167,TT,29,FR,Cofidis,,,42:11,2531,18210
12,RR,17 July 2025,Auch,Hautacam,180.6,3794,333,41.467,11.1 km solo,Meeus Jordi,https://www.procyclingstats.com/rider/jordi-meeus,1998-07-01,1998,Belgium,1.9,80.0,22.16,Lommel,165,finished,170,10000,73,Classic,27,BE,Red Bull - BORA - hansgrohe,,,42:21,2541,18220
12,RR,17 July 2025,Auch,Hautacam,180.6,3794,333,41.467,11.1 km solo,Groenewegen Dylan,https://www.procyclingstats.com/rider/dylan-groenewegen,1993-06-21,1993,Netherlands,1.77,70.0,22.34,Amsterdam,166,finished,141,8945,124,Sprint,32,NL,Team Jayco AlUla,,,43:20,2600,18279
12,RR,17 July 2025,Auch,Hautacam,180.6,3794,333,41.467,11.1 km solo,Trentin Matteo,https://www.procyclingstats.com/rider/matteo-trentin,1989-08-02,1989,Italy,1.79,74.0,23.1,Borgo Valsugana,167,finished,101,6361,118,Classic,35,IT,Tudor Pro Cycling Team,,,43:29,2609,18288
12,RR,17 July 2025,Auch,Hautacam,180.6,3794,333,41.467,11.1 km solo,Cort Magnus,https://www.procyclingstats.com/rider/magnus-cort-nielsen,1993-01-16,1993,Denmark,1.84,68.0,20.09,Rønne,168,finished,143,9017,223,Hills,32,DK,Uno-X Mobility,,,43:31,2611,18290
12,RR,17 July 2025,Auch,Hautacam,180.6,3794,333,41.467,11.1 km solo,Reinders Elmar,https://www.procyclingstats.com/rider/elmar-reinders,1992-03-14,1992,Netherlands,1.9,78.1,21.63,Emmen,169,finished,135,8666,127,Classic,33,NL,Team Jayco AlUla,,,",,",2611,18290
12,RR,17 July 2025,Auch,Hautacam,180.6,3794,333,41.467,11.1 km solo,Mezgec Luka,https://www.procyclingstats.com/rider/luka-mezgec,1988-06-27,1988,Slovenia,1.83,72.0,21.5,Kranj,170,finished,155,9255,125,Hills,37,SI,Team Jayco AlUla,,,44:03,2643,18322
12,RR,17 July 2025,Auch,Hautacam,180.6,3794,333,41.467,11.1 km solo,Coquard Bryan,https://www.procyclingstats.com/rider/bryan-coquard,1992-04-25,1992,France,1.71,59.0,20.18,Saint-Nazaire,171,finished,116,7385,163,Sprint,33,FR,Cofidis,,,",,",2643,18322
12,RR,17 July 2025,Auch,Hautacam,180.6,3794,333,41.467,11.1 km solo,Bol Cees,https://www.procyclingstats.com/rider/cees-bol,1995-07-27,1995,Netherlands,1.94,83.0,22.05,Zaandam,,DNS,,,173,Sprint,29,NL,XDS Astana Team,,,,,
13,ITT,18 July 2025,Loudenvielle,Peyragudes,10.9,645,119,28.435,Time trial,Pogačar Tadej,https://www.procyclingstats.com/rider/tadej-pogacar,1998-09-21,1998,Slovenia,1.76,66.0,21.31,Klanec,1,finished,1,0,1,Climber,26,SI,UAE Team Emirates - XRG,210.0,100.0,",19",0,
13,ITT,18 July 2025,Loudenvielle,Peyragudes,10.9,645,119,28.435,Time trial,Vingegaard Jonas,https://www.procyclingstats.com/rider/jonas-vingegaard,1996-12-10,1996,Denmark,1.75,58.0,18.94,Hillerslev,2,finished,2,247,11,GC,28,DK,Team Visma | Lease a Bike,150.0,70.0,",69",,
13,ITT,18 July 2025,Loudenvielle,Peyragudes,10.9,645,119,28.435,Time trial,Roglič Primož,https://www.procyclingstats.com/rider/primoz-roglic,1989-10-29,1989,Slovenia,1.77,65.0,20.75,Trbovlje,3,finished,7,530,71,Climber,35,SI,Red Bull - BORA - hansgrohe,110.0,50.0,",78",,
13,ITT,18 July 2025,Loudenvielle,Peyragudes,10.9,645,119,28.435,Time trial,Lipowitz Florian,https://www.procyclingstats.com/rider/florian-lipowitz,2000-09-21,2000,Germany,1.81,68.0,20.76,Laichingen,4,finished,4,450,72,GC,24,DE,Red Bull - BORA - hansgrohe,90.0,40.0,",22",,
13,ITT,18 July 2025,Loudenvielle,Peyragudes,10.9,645,119,28.435,Time trial,Plapp Luke,https://www.procyclingstats.com/rider/luke-plapp,2000-12-25,2000,Australia,1.81,72.0,21.98,Melbourne,5,finished,129,8599,126,GC,24,AU,Team Jayco AlUla,70.0,32.0,",25",,
13,ITT,18 July 2025,Loudenvielle,Peyragudes,10.9,645,119,28.435,Time trial,Jorgenson Matteo,https://www.procyclingstats.com/rider/matteo-jorgenson,1999-07-01,1999,United States,1.9,69.0,19.11,Walnut Creek,6,finished,10,855,15,GC,26,US,Team Visma | Lease a Bike,55.0,26.0,",82",,
13,ITT,18 July 2025,Loudenvielle,Peyragudes,10.9,645,119,28.435,Time trial,Onley Oscar,https://www.procyclingstats.com/rider/oscar-onley,2002-10-13,2002,Great Britain,1.73,62.0,20.72,Kelso,7,finished,5,491,191,GC,22,GB,Team Picnic PostNL,45.0,22.0,",73",,
13,ITT,18 July 2025,Loudenvielle,Peyragudes,10.9,645,119,28.435,Time trial,Yates Adam,https://www.procyclingstats.com/rider/adam-yates,1992-08-07,1992,Great Britain,1.73,58.0,19.38,Bury,8,finished,27,3090,8,Climber,32,GB,UAE Team Emirates - XRG,40.0,18.0,",43",,
13,ITT,18 July 2025,Loudenvielle,Peyragudes,10.9,645,119,28.435,Time trial,Martinez Lenny,https://www.procyclingstats.com/rider/lenny-martinez,2003-07-11,2003,France,1.68,52.0,18.42,Cannes,9,finished,102,6758,55,Climber,22,FR,Bahrain - Victorious,35.0,14.0,",74",,
13,ITT,18 July 2025,Loudenvielle,Peyragudes,10.9,645,119,28.435,Time trial,Gall Felix,https://www.procyclingstats.com/rider/felix-gall,1998-02-27,1998,Austria,1.8,66.0,20.37,Nußdorf-Debant,10,finished,9,703,151,Climber,27,AT,Decathlon AG2R La Mondiale Team,30.0,10.0,",76",,
13,ITT,18 July 2025,Loudenvielle,Peyragudes,10.9,645,119,28.435,Time trial,Vauquelin Kévin,https://www.procyclingstats.com/rider/kevin-vauquelin,2001-04-26,2001,France,1.76,69.0,22.28,Bayeux,11,finished,6,495,131,GC,24,FR,Arkéa - B&B Hotels,25.0,8.0,",67",,
13,ITT,18 July 2025,Loudenvielle,Peyragudes,10.9,645,119,28.435,Time trial,Evenepoel Remco,https://www.procyclingstats.com/rider/remco-evenepoel,2000-01-25,2000,Belgium,1.71,63.0,21.55,Aalst,12,finished,3,444,21,Climber,25,BE,Soudal Quick-Step,20.0,6.0,",79",,
13,ITT,18 July 2025,Loudenvielle,Peyragudes,10.9,645,119,28.435,Time trial,Rodríguez Carlos,https://www.procyclingstats.com/rider/carlos-rodriguez-cano,2001-02-02,2001,Spain,1.83,67.0,20.01,Almuñécar,13,finished,12,1244,66,GC,24,ES,INEOS Grenadiers,15.0,4.0,",6",,
13,ITT,18 July 2025,Loudenvielle,Peyragudes,10.9,645,119,28.435,Time trial,Johannessen Tobias Halland,https://www.procyclingstats.com/rider/tobias-halland-johannessen,1999-08-23,1999,Norway,1.76,62.0,20.02,Drøbak,14,finished,8,636,221,Climber,25,NO,Uno-X Mobility,10.0,2.0,",23",,
13,ITT,18 July 2025,Loudenvielle,Peyragudes,10.9,645,119,28.435,Time trial,Sweeny Harry,https://www.procyclingstats.com/rider/harry-sweeny,1998-07-09,1998,Australia,1.86,75.0,21.68,Warwick,15,finished,43,3992,36,GC,27,AU,EF Education - EasyPost,5.0,1.0,",38",,
13,ITT,18 July 2025,Loudenvielle,Peyragudes,10.9,645,119,28.435,Time trial,Mas Enric,https://www.procyclingstats.com/rider/enric-mas,1995-01-07,1995,Spain,1.77,61.0,19.47,Artà,16,finished,15,1476,141,Climber,30,ES,Movistar Team,,,",81",,
13,ITT,18 July 2025,Loudenvielle,Peyragudes,10.9,645,119,28.435,Time trial,Alaphilippe Julian,https://www.procyclingstats.com/rider/julian-alaphilippe,1992-06-11,1992,France,1.73,62.0,20.72,Saint-Amand-Montrond,17,finished,63,5326,111,Classic,33,FR,Tudor Pro Cycling Team,,,",09",,
13,ITT,18 July 2025,Loudenvielle,Peyragudes,10.9,645,119,28.435,Time trial,Rodríguez Cristián,https://www.procyclingstats.com/rider/cristian-rodriguez,1995-03-03,1995,Spain,1.78,59.0,18.62,El Ejido,18,finished,18,2009,137,GC,30,ES,Arkéa - B&B Hotels,,,",45",,
13,ITT,18 July 2025,Loudenvielle,Peyragudes,10.9,645,119,28.435,Time trial,Armirail Bruno,https://www.procyclingstats.com/rider/bruno-armirail,1994-04-11,1994,France,1.9,72.0,19.94,Bagnères-de-Bigorre,19,finished,54,4891,152,TT,31,FR,Decathlon AG2R La Mondiale Team,,,",45",,
13,ITT,18 July 2025,Loudenvielle,Peyragudes,10.9,645,119,28.435,Time trial,Buitrago Santiago,https://www.procyclingstats.com/rider/santiago-buitrago-sanchez,1999-09-26,1999,Colombia,1.74,59.0,19.49,Bogotá,20,finished,61,5261,51,Climber,25,CO,Bahrain - Victorious,,,",76",,
13,ITT,18 July 2025,Loudenvielle,Peyragudes,10.9,645,119,28.435,Time trial,Kuss Sepp,https://www.procyclingstats.com/rider/sepp-kuss,1994-09-13,1994,United States,1.82,61.0,18.42,Durango,21,finished,20,2178,16,Climber,30,US,Team Visma | Lease a Bike,,,",66",,
13,ITT,18 July 2025,Loudenvielle,Peyragudes,10.9,645,119,28.435,Time trial,Champoussin Clément,https://www.procyclingstats.com/rider/clement-champoussin,1998-05-29,1998,France,1.8,61.0,18.83,Nice,22,finished,77,5949,174,Climber,27,FR,XDS Astana Team,,,",7",,
13,ITT,18 July 2025,Loudenvielle,Peyragudes,10.9,645,119,28.435,Time trial,Jegat Jordan,https://www.procyclingstats.com/rider/jordan-jegat,1999-06-07,1999,France,1.76,59.0,19.05,Vannes,23,finished,13,1291,186,Climber,26,FR,TotalEnergies,,,",23",,
13,ITT,18 July 2025,Loudenvielle,Peyragudes,10.9,645,119,28.435,Time trial,Grégoire Romain,https://www.procyclingstats.com/rider/romain-gregoire,2003-01-21,2003,France,1.76,64.0,20.66,Besançon,24,finished,28,3123,94,Classic,22,FR,Groupama - FDJ,,,",71",,
13,ITT,18 July 2025,Loudenvielle,Peyragudes,10.9,645,119,28.435,Time trial,Paret-Peintre Aurélien,https://www.procyclingstats.com/rider/aurelien-paret-peintre,1996-02-27,1996,France,1.84,64.0,18.9,Annemasse,25,finished,31,3362,156,GC,29,FR,Decathlon AG2R La Mondiale Team,,,",07",,
13,ITT,18 July 2025,Loudenvielle,Peyragudes,10.9,645,119,28.435,Time trial,Healy Ben,https://www.procyclingstats.com/rider/ben-healy,2000-09-11,2000,Ireland,1.75,62.0,20.24,Kingswinford Previous nationalities Great Britain until 2016,26,finished,11,1017,31,Climber,24,IE,EF Education - EasyPost,,,",17",,
13,ITT,18 July 2025,Loudenvielle,Peyragudes,10.9,645,119,28.435,Time trial,O'Connor Ben,https://www.procyclingstats.com/rider/ben-o-connor,1995-11-25,1995,Australia,1.88,67.0,18.96,Subiaco,27,finished,16,1554,121,GC,29,AU,Team Jayco AlUla,,,",63",,
13,ITT,18 July 2025,Loudenvielle,Peyragudes,10.9,645,119,28.435,Time trial,Rubio Einer,https://www.procyclingstats.com/rider/einer-rubio,1998-02-22,1998,Colombia,1.64,56.0,20.82,Chíquiza,28,finished,69,5493,148,Climber,27,CO,Movistar Team,,,",65",,
13,ITT,18 July 2025,Loudenvielle,Peyragudes,10.9,645,119,28.435,Time trial,Arensman Thymen,https://www.procyclingstats.com/rider/thymen-arensman,1999-12-04,1999,Netherlands,1.9,68.0,18.84,Deil,29,finished,23,2648,62,GC,25,NL,INEOS Grenadiers,,,",83",,
13,ITT,18 July 2025,Loudenvielle,Peyragudes,10.9,645,119,28.435,Time trial,Baudin Alex,https://www.procyclingstats.com/rider/alex-baudin,2001-05-25,2001,France,1.83,64.0,19.11,Albertville,30,finished,41,3931,34,Climber,24,FR,EF Education - EasyPost,,,",77",,
13,ITT,18 July 2025,Loudenvielle,Peyragudes,10.9,645,119,28.435,Time trial,Lutsenko Alexey,https://www.procyclingstats.com/rider/aleksey-lutsenko,1992-09-07,1992,Kazakhstan,1.74,74.0,24.44,Petropavl,31,finished,80,6044,206,GC,32,KZ,Israel - Premier Tech,,,",85",,
13,ITT,18 July 2025,Loudenvielle,Peyragudes,10.9,645,119,28.435,Time trial,Paret-Peintre Valentin,https://www.procyclingstats.com/rider/valentin-paret-peintre,2001-01-14,2001,France,1.78,52.0,16.41,Annemasse,32,finished,74,5801,25,Climber,24,FR,Soudal Quick-Step,,,",8",,
13,ITT,18 July 2025,Loudenvielle,Peyragudes,10.9,645,119,28.435,Time trial,Martin Guillaume,https://www.procyclingstats.com/rider/guillaume-martin,1993-06-09,1993,France,1.73,55.0,18.38,Paris,33,finished,14,1432,91,Climber,32,FR,Groupama - FDJ,,,",29",,
13,ITT,18 July 2025,Loudenvielle,Peyragudes,10.9,645,119,28.435,Time trial,Higuita Sergio,https://www.procyclingstats.com/rider/sergio-higuita,1997-08-01,1997,Colombia,1.66,57.0,20.69,Medellín,34,finished,24,2716,176,Climber,27,CO,XDS Astana Team,,,",96",,
13,ITT,18 July 2025,Loudenvielle,Peyragudes,10.9,645,119,28.435,Time trial,Foss Tobias,https://www.procyclingstats.com/rider/tobias-foss,1997-05-25,1997,Norway,1.84,74.0,21.86,Vingrom,35,finished,85,6256,63,TT,28,NO,INEOS Grenadiers,,,",64",,
13,ITT,18 July 2025,Loudenvielle,Peyragudes,10.9,645,119,28.435,Time trial,Berthet Clément,https://www.procyclingstats.com/rider/clement-berthet,1997-08-02,1997,France,1.84,68.0,20.09,Pierre Bénite,36,finished,26,2892,153,Climber,27,FR,Decathlon AG2R La Mondiale Team,,,",41",,
13,ITT,18 July 2025,Loudenvielle,Peyragudes,10.9,645,119,28.435,Time trial,Barguil Warren,https://www.procyclingstats.com/rider/warren-barguil,1991-10-28,1991,France,1.83,61.0,18.21,Hennebont,37,finished,30,3345,192,Climber,33,FR,Team Picnic PostNL,,,",86",,
13,ITT,18 July 2025,Loudenvielle,Peyragudes,10.9,645,119,28.435,Time trial,Verstrynge Emiel,https://www.procyclingstats.com/rider/emiel-verstrynge,2002-02-04,2002,Belgium,1.89,69.0,19.32,Eeklo,38,finished,73,5792,108,Climber,23,BE,Alpecin - Deceuninck,,,",94",,
13,ITT,18 July 2025,Loudenvielle,Peyragudes,10.9,645,119,28.435,Time trial,Velasco Simone,https://www.procyclingstats.com/rider/simone-velasco,1995-12-02,1995,Italy,1.7,59.0,20.42,Bologna,39,finished,35,3732,178,Classic,29,IT,XDS Astana Team,,,",94",,
13,ITT,18 July 2025,Loudenvielle,Peyragudes,10.9,645,119,28.435,Time trial,Schachmann Maximilian,https://www.procyclingstats.com/rider/maximilian-schachmann,1994-01-09,1994,Germany,1.83,71.0,21.2,Berlin,40,finished,64,5344,26,GC,31,DE,Soudal Quick-Step,,,",75",,
13,ITT,18 July 2025,Loudenvielle,Peyragudes,10.9,645,119,28.435,Time trial,Wright Fred,https://www.procyclingstats.com/rider/alfred-wright,1999-06-13,1999,Great Britain,1.84,75.0,22.15,London,41,finished,108,7332,58,Hills,26,GB,Bahrain - Victorious,,,",73",,
13,ITT,18 July 2025,Loudenvielle,Peyragudes,10.9,645,119,28.435,Time trial,Izagirre Ion,https://www.procyclingstats.com/rider/ion-izagirre,1989-02-04,1989,Spain,1.73,60.0,20.05,Ormaiztegi,42,finished,82,6118,164,GC,36,ES,Cofidis,,,",78",,
13,ITT,18 July 2025,Loudenvielle,Peyragudes,10.9,645,119,28.435,Time trial,Pacher Quentin,https://www.procyclingstats.com/rider/quentin-pacher,1992-01-06,1992,France,1.79,62.0,19.35,Libourne,43,finished,36,3775,96,Hills,33,FR,Groupama - FDJ,,,",31",,
13,ITT,18 July 2025,Loudenvielle,Peyragudes,10.9,645,119,28.435,Time trial,Meurisse Xandro,https://www.procyclingstats.com/rider/xandro-meurisse,1992-01-31,1992,Belgium,1.81,68.0,20.76,Kortrijk,44,finished,32,3436,104,GC,33,BE,Alpecin - Deceuninck,,,",78",,
13,ITT,18 July 2025,Loudenvielle,Peyragudes,10.9,645,119,28.435,Time trial,Soler Marc,https://www.procyclingstats.com/rider/marc-soler,1993-11-22,1993,Spain,1.86,68.0,19.66,Vilanova i la Geltrú,45,finished,62,5309,6,Climber,31,ES,UAE Team Emirates - XRG,,,",22",,
13,ITT,18 July 2025,Loudenvielle,Peyragudes,10.9,645,119,28.435,Time trial,Storer Michael,https://www.procyclingstats.com/rider/michael-storer,1997-02-28,1997,Australia,1.77,63.0,20.11,Perth,46,finished,68,5479,117,Climber,28,AU,Tudor Pro Cycling Team,,,",47",,
13,ITT,18 July 2025,Loudenvielle,Peyragudes,10.9,645,119,28.435,Time trial,Van Eetvelt Lennert,https://www.procyclingstats.com/rider/lennert-van-eetvelt,2001-07-17,2001,Belgium,1.76,63.0,20.34,Binkom,47,finished,153,9578,217,Climber,24,BE,Lotto,,,",69",,
13,ITT,18 July 2025,Loudenvielle,Peyragudes,10.9,645,119,28.435,Time trial,Powless Neilson,https://www.procyclingstats.com/rider/neilson-powless,1996-09-03,1996,United States,1.83,67.0,20.01,Eglin,48,finished,50,4669,35,Classic,28,US,EF Education - EasyPost,,,",97",,
13,ITT,18 July 2025,Loudenvielle,Peyragudes,10.9,645,119,28.435,Time trial,Wellens Tim,https://www.procyclingstats.com/rider/tim-wellens,1991-05-10,1991,Belgium,1.82,71.0,21.43,Sint-Truiden,49,finished,49,4659,7,GC,34,BE,UAE Team Emirates - XRG,,,",02",,
13,ITT,18 July 2025,Loudenvielle,Peyragudes,10.9,645,119,28.435,Time trial,Vlasov Aleksandr,https://www.procyclingstats.com/rider/aleksandr-vlasov,1996-04-23,1996,Russia,1.86,68.0,19.66,Vyborg,50,finished,33,3558,78,Climber,29,RU,Red Bull - BORA - hansgrohe,,,",92",,
13,ITT,18 July 2025,Loudenvielle,Peyragudes,10.9,645,119,28.435,Time trial,Touzé Damien,https://www.procyclingstats.com/rider/damien-touze,1996-07-07,1996,France,1.74,69.0,22.79,Iville,51,finished,106,7125,168,Classic,29,FR,Cofidis,,,",69",,
13,ITT,18 July 2025,Loudenvielle,Peyragudes,10.9,645,119,28.435,Time trial,van Aert Wout,https://www.procyclingstats.com/rider/wout-van-aert,1994-09-15,1994,Belgium,1.9,78.0,21.61,Herentals,52,finished,67,5397,17,Classic,30,BE,Team Visma | Lease a Bike,,,",61",,
13,ITT,18 July 2025,Loudenvielle,Peyragudes,10.9,645,119,28.435,Time trial,Venturini Clément,https://www.procyclingstats.com/rider/clement-venturini,1993-10-16,1993,France,1.65,60.0,22.04,Villeurbanne,53,finished,42,3964,138,Classic,31,FR,Arkéa - B&B Hotels,,,",15",,
13,ITT,18 July 2025,Loudenvielle,Peyragudes,10.9,645,119,28.435,Time trial,Barta Will,https://www.procyclingstats.com/rider/william-barta,1996-01-04,1996,United States,1.8,61.0,18.83,Boise,54,finished,95,6603,142,TT,29,US,Movistar Team,,,",7",,
13,ITT,18 July 2025,Loudenvielle,Peyragudes,10.9,645,119,28.435,Time trial,Blackmore Joseph,https://www.procyclingstats.com/rider/joseph-blackmore,2003-02-23,2003,Great Britain,1.81,66.0,20.15,Sidcup,55,finished,37,3800,203,GC,22,GB,Israel - Premier Tech,,,",84",,
13,ITT,18 July 2025,Loudenvielle,Peyragudes,10.9,645,119,28.435,Time trial,Tejada Harold,https://www.procyclingstats.com/rider/harold-tejada,1997-04-27,1997,Colombia,1.8,63.0,19.44,Pitalito,56,finished,66,5396,171,Climber,28,CO,XDS Astana Team,,,",79",,
13,ITT,18 July 2025,Loudenvielle,Peyragudes,10.9,645,119,28.435,Time trial,Gachignard Thomas,https://www.procyclingstats.com/rider/thomas-gachignard,2000-08-17,2000,France,,,,Niort,57,finished,53,4855,184,GC,24,FR,TotalEnergies,,,",05",,
13,ITT,18 July 2025,Loudenvielle,Peyragudes,10.9,645,119,28.435,Time trial,Groves Kaden,https://www.procyclingstats.com/rider/kaden-groves,1998-12-23,1998,Australia,1.76,76.0,24.54,Gympie,58,finished,103,6991,103,Hills,26,AU,Alpecin - Deceuninck,,,",27",,
13,ITT,18 July 2025,Loudenvielle,Peyragudes,10.9,645,119,28.435,Time trial,Braet Vito,https://www.procyclingstats.com/rider/vito-braet,2000-11-02,2000,Belgium,1.84,68.0,20.09,Hulste,59,finished,145,9446,43,Classic,24,BE,Intermarché - Wanty,,,",85",,
13,ITT,18 July 2025,Loudenvielle,Peyragudes,10.9,645,119,28.435,Time trial,Berckmoes Jenno,https://www.procyclingstats.com/rider/jenno-berckmoes,2001-02-04,2001,Belgium,1.77,61.0,19.47,Ghent,60,finished,56,4912,212,Classic,24,BE,Lotto,,,",79",,
13,ITT,18 July 2025,Loudenvielle,Peyragudes,10.9,645,119,28.435,Time trial,van den Broek Frank,https://www.procyclingstats.com/rider/frank-van-den-broek,2000-12-28,2000,Netherlands,1.78,70.0,22.09,Warmond,61,finished,57,4976,198,GC,24,NL,Team Picnic PostNL,,,",67",,
13,ITT,18 July 2025,Loudenvielle,Peyragudes,10.9,645,119,28.435,Time trial,Van Wilder Ilan,https://www.procyclingstats.com/rider/ilan-van-wilder,2000-05-14,2000,Belgium,1.71,64.0,21.89,Jette,62,finished,44,4310,28,GC,25,BE,Soudal Quick-Step,,,",39",,
13,ITT,18 July 2025,Loudenvielle,Peyragudes,10.9,645,119,28.435,Time trial,Yates Simon,https://www.procyclingstats.com/rider/simon-yates,1992-08-07,1992,Great Britain,1.72,58.0,19.61,Bury,63,finished,22,2431,18,Climber,32,GB,Team Visma | Lease a Bike,,,",11",,
13,ITT,18 July 2025,Loudenvielle,Peyragudes,10.9,645,119,28.435,Time trial,Rutsch Jonas,https://www.procyclingstats.com/rider/jonas-rutsch,1998-01-24,1998,Germany,1.97,82.0,21.13,Erbach im Odenwald,64,finished,135,9011,46,Classic,27,DE,Intermarché - Wanty,,,",86",,
13,ITT,18 July 2025,Loudenvielle,Peyragudes,10.9,645,119,28.435,Time trial,Madouas Valentin,https://www.procyclingstats.com/rider/valentin-madouas,1996-07-12,1996,France,1.79,71.0,22.16,Brest,65,finished,25,2736,95,Classic,29,FR,Groupama - FDJ,,,",8",,
13,ITT,18 July 2025,Loudenvielle,Peyragudes,10.9,645,119,28.435,Time trial,Mohorič Matej,https://www.procyclingstats.com/rider/matej-mohoric,1994-10-19,1994,Slovenia,1.86,71.0,20.52,Kranj,66,finished,124,8529,56,Classic,30,SI,Bahrain - Victorious,,,",35",,
13,ITT,18 July 2025,Loudenvielle,Peyragudes,10.9,645,119,28.435,Time trial,Aranburu Alex,https://www.procyclingstats.com/rider/alex-aranburu,1995-09-19,1995,Spain,1.78,63.0,19.88,Ezkio-Itsaso,67,finished,76,5881,162,Classic,29,ES,Cofidis,,,",57",,
13,ITT,18 July 2025,Loudenvielle,Peyragudes,10.9,645,119,28.435,Time trial,Mühlberger Gregor,https://www.procyclingstats.com/rider/gregor-muhlberger,1994-04-04,1994,Austria,1.8,64.0,19.75,Haidershofen,68,finished,38,3820,146,GC,31,AT,Movistar Team,,,",06",,
13,ITT,18 July 2025,Loudenvielle,Peyragudes,10.9,645,119,28.435,Time trial,Stannard Robert,https://www.procyclingstats.com/rider/robert-stannard,1998-09-16,1998,Australia,1.79,74.0,23.1,Sydney Previous nationalities New Zealand until 2016,69,finished,119,7910,57,Hills,26,AU,Bahrain - Victorious,,,",18",,
13,ITT,18 July 2025,Loudenvielle,Peyragudes,10.9,645,119,28.435,Time trial,Asgreen Kasper,https://www.procyclingstats.com/rider/kasper-asgreen,1995-02-08,1995,Denmark,1.93,75.0,20.13,Kolding,70,finished,94,6601,33,TT,30,DK,EF Education - EasyPost,,,",41",,
13,ITT,18 July 2025,Loudenvielle,Peyragudes,10.9,645,119,28.435,Time trial,Skujiņš Toms,https://www.procyclingstats.com/rider/toms-skujins,1991-06-15,1991,Latvia,1.81,72.0,21.98,Sigulda,71,finished,93,6601,86,Classic,34,LV,Lidl - Trek,,,",01",,
13,ITT,18 July 2025,Loudenvielle,Peyragudes,10.9,645,119,28.435,Time trial,Teuns Dylan,https://www.procyclingstats.com/rider/dylan-teuns,1992-03-01,1992,Belgium,1.81,64.0,19.54,Diest,72,finished,96,6607,166,GC,33,BE,Cofidis,,,",05",,
13,ITT,18 July 2025,Loudenvielle,Peyragudes,10.9,645,119,28.435,Time trial,Oliveira Nelson,https://www.procyclingstats.com/rider/nelson-oliveira,1989-03-06,1989,Portugal,1.8,67.0,20.68,Anadia,73,finished,60,5146,144,TT,36,PT,Movistar Team,,,",27",,
13,ITT,18 July 2025,Loudenvielle,Peyragudes,10.9,645,119,28.435,Time trial,Simmons Quinn,https://www.procyclingstats.com/rider/quinn-simmons,2001-05-08,2001,United States,1.85,73.0,21.33,Durango,74,finished,45,4412,84,Hills,24,US,Lidl - Trek,,,",19",,
13,ITT,18 July 2025,Loudenvielle,Peyragudes,10.9,645,119,28.435,Time trial,Narváez Jhonatan,https://www.procyclingstats.com/rider/jhonatan-narvaez,1997-03-04,1997,Ecuador,1.74,65.0,21.47,El Playón de San Francisco,75,finished,17,1648,3,Hills,28,EC,UAE Team Emirates - XRG,,,",49",,
13,ITT,18 July 2025,Loudenvielle,Peyragudes,10.9,645,119,28.435,Time trial,Thomas Geraint,https://www.procyclingstats.com/rider/geraint-thomas,1986-05-25,1986,Great Britain,1.83,71.0,21.2,Cardiff,76,finished,59,4998,61,GC,39,GB,INEOS Grenadiers,,,",74",,
13,ITT,18 July 2025,Loudenvielle,Peyragudes,10.9,645,119,28.435,Time trial,Valgren Michael,https://www.procyclingstats.com/rider/michael-valgren-andersen,1992-02-07,1992,Denmark,1.79,71.0,22.16,Østerild,77,finished,84,6198,37,Classic,33,DK,EF Education - EasyPost,,,",28",,
13,ITT,18 July 2025,Loudenvielle,Peyragudes,10.9,645,119,28.435,Time trial,Swift Connor,https://www.procyclingstats.com/rider/connor-swift,1995-10-30,1995,Great Britain,1.9,75.0,20.78,Thorne,78,finished,113,7705,67,Classic,29,GB,INEOS Grenadiers,,,",12",,
13,ITT,18 July 2025,Loudenvielle,Peyragudes,10.9,645,119,28.435,Time trial,Costiou Ewen,https://www.procyclingstats.com/rider/ewen-costiou,2002-11-10,2002,France,1.76,64.0,20.66,Brest,79,finished,71,5634,133,GC,22,FR,Arkéa - B&B Hotels,,,",48",,
13,ITT,18 July 2025,Loudenvielle,Peyragudes,10.9,645,119,28.435,Time trial,Abrahamsen Jonas,https://www.procyclingstats.com/rider/jonas-abrahamsen,1995-09-20,1995,Norway,1.83,78.0,23.29,Skien,80,finished,92,6587,222,Classic,29,NO,Uno-X Mobility,,,",12",,
13,ITT,18 July 2025,Loudenvielle,Peyragudes,10.9,645,119,28.435,Time trial,Romeo Iván,https://www.procyclingstats.com/rider/ivan-romeo,2003-08-16,2003,Spain,1.93,75.0,20.13,Valladolid,81,finished,109,7434,147,GC,21,ES,Movistar Team,,,",16",,
13,ITT,18 July 2025,Loudenvielle,Peyragudes,10.9,645,119,28.435,Time trial,Le Berre Mathis,https://www.procyclingstats.com/rider/mathis-le-berre,2001-04-16,2001,France,1.76,68.0,21.95,Saint-Brieuc,82,finished,75,5808,136,Hills,24,FR,Arkéa - B&B Hotels,,,",21",,
13,ITT,18 July 2025,Loudenvielle,Peyragudes,10.9,645,119,28.435,Time trial,Politt Nils,https://www.procyclingstats.com/rider/nils-politt,1994-03-06,1994,Germany,1.92,80.0,21.7,Cologne,83,finished,105,7110,4,Classic,31,DE,UAE Team Emirates - XRG,,,",28",,
13,ITT,18 July 2025,Loudenvielle,Peyragudes,10.9,645,119,28.435,Time trial,Page Hugo,https://www.procyclingstats.com/rider/hugo-page,2001-07-24,2001,France,1.85,71.0,20.75,Chartres,84,finished,143,9387,44,Classic,23,FR,Intermarché - Wanty,,,",23",,
13,ITT,18 July 2025,Loudenvielle,Peyragudes,10.9,645,119,28.435,Time trial,Skjelmose Mattias,https://www.procyclingstats.com/rider/mattias-skjelmose-jensen,2000-09-26,2000,Denmark,1.8,65.0,20.06,Copenhagen,85,finished,19,2010,85,Climber,24,DK,Lidl - Trek,,,",51",,
13,ITT,18 July 2025,Loudenvielle,Peyragudes,10.9,645,119,28.435,Time trial,Barré Louis,https://www.procyclingstats.com/rider/louis-barre,2000-04-06,2000,France,1.84,68.0,20.09,Nantes,86,finished,110,7445,42,Classic,25,FR,Intermarché - Wanty,,,",98",,
13,ITT,18 July 2025,Loudenvielle,Peyragudes,10.9,645,119,28.435,Time trial,Van Moer Brent,https://www.procyclingstats.com/rider/brent-van-moer,1998-01-12,1998,Belgium,1.91,79.0,21.66,Beveren,87,finished,87,6356,218,Classic,27,BE,Lotto,,,",28",,
13,ITT,18 July 2025,Loudenvielle,Peyragudes,10.9,645,119,28.435,Time trial,Woods Michael,https://www.procyclingstats.com/rider/michael-woods,1986-10-12,1986,Canada,1.75,62.0,20.24,Toronto,88,finished,70,5537,201,Climber,38,CA,Israel - Premier Tech,,,",72",,
13,ITT,18 July 2025,Loudenvielle,Peyragudes,10.9,645,119,28.435,Time trial,Russo Clément,https://www.procyclingstats.com/rider/clement-russo,1995-01-20,1995,France,1.87,74.0,21.16,Lyon,89,finished,118,7805,98,Classic,30,FR,Groupama - FDJ,,,",01",,
13,ITT,18 July 2025,Loudenvielle,Peyragudes,10.9,645,119,28.435,Time trial,Grignard Sébastien,https://www.procyclingstats.com/rider/sebastien-grignard,1999-04-29,1999,Belgium,1.79,68.0,21.22,Mons,90,finished,163,9944,215,Classic,26,BE,Lotto,,,",02",,
13,ITT,18 July 2025,Loudenvielle,Peyragudes,10.9,645,119,28.435,Time trial,Buchmann Emanuel,https://www.procyclingstats.com/rider/emanuel-buchmann,1992-11-18,1992,Germany,1.8,59.0,18.21,Ravensburg,91,finished,21,2230,161,GC,32,DE,Cofidis,,,",24",,
13,ITT,18 July 2025,Loudenvielle,Peyragudes,10.9,645,119,28.435,Time trial,Bittner Pavel,https://www.procyclingstats.com/rider/pavel-bittner,2002-10-29,2002,Czech Republic,1.84,73.0,21.56,Olomouc,92,finished,139,9248,193,Sprint,22,CZ,Team Picnic PostNL,,,",5",,
13,ITT,18 July 2025,Loudenvielle,Peyragudes,10.9,645,119,28.435,Time trial,Dillier Silvan,https://www.procyclingstats.com/rider/silvan-dillier,1990-08-03,1990,Switzerland,1.83,75.0,22.4,Aarau,93,finished,147,9460,102,Classic,34,CH,Alpecin - Deceuninck,,,",15",,
13,ITT,18 July 2025,Loudenvielle,Peyragudes,10.9,645,119,28.435,Time trial,Cras Steff,https://www.procyclingstats.com/rider/steff-cras,1996-02-13,1996,Belgium,1.83,67.0,20.01,Geel,94,finished,29,3310,181,GC,29,BE,TotalEnergies,,,",57",,
13,ITT,18 July 2025,Loudenvielle,Peyragudes,10.9,645,119,28.435,Time trial,Sivakov Pavel,https://www.procyclingstats.com/rider/pavel-sivakov,1997-07-11,1997,France,1.88,70.0,19.81,San Donà di Piave Previous nationalities Russia until 2022,95,finished,107,7211,5,GC,28,FR,UAE Team Emirates - XRG,,,",42",,
13,ITT,18 July 2025,Loudenvielle,Peyragudes,10.9,645,119,28.435,Time trial,Burgaudeau Mathieu,https://www.procyclingstats.com/rider/mathieu-burgaudeau,1998-11-17,1998,France,1.68,61.0,21.61,Noirmoutier-en-l'Île,96,finished,58,4980,182,Hills,26,FR,TotalEnergies,,,",45",,
13,ITT,18 July 2025,Loudenvielle,Peyragudes,10.9,645,119,28.435,Time trial,van Dijke Mick,https://www.procyclingstats.com/rider/mick-van-dijke,2000-03-15,2000,Netherlands,1.9,74.0,20.5,Goes,97,finished,156,9634,76,Classic,25,NL,Red Bull - BORA - hansgrohe,,,",22",,
13,ITT,18 July 2025,Loudenvielle,Peyragudes,10.9,645,119,28.435,Time trial,Turgis Anthony,https://www.procyclingstats.com/rider/anthony-turgis,1994-05-16,1994,France,1.78,70.0,22.09,Bourg-la-Reine,98,finished,116,7789,187,Classic,31,FR,TotalEnergies,,,",06",,
13,ITT,18 July 2025,Loudenvielle,Peyragudes,10.9,645,119,28.435,Time trial,Leknessund Andreas,https://www.procyclingstats.com/rider/andreas-leknessund,1999-05-21,1999,Norway,1.86,72.0,20.81,Tromsø,99,finished,91,6582,227,GC,26,NO,Uno-X Mobility,,,",22",,
13,ITT,18 July 2025,Loudenvielle,Peyragudes,10.9,645,119,28.435,Time trial,Neilands Krists,https://www.procyclingstats.com/rider/krists-neilands,1994-08-18,1994,Latvia,1.89,69.0,19.32,Kuldīga,100,finished,86,6284,207,Classic,30,LV,Israel - Premier Tech,,,",7",,
13,ITT,18 July 2025,Loudenvielle,Peyragudes,10.9,645,119,28.435,Time trial,Thomas Benjamin,https://www.procyclingstats.com/rider/benjamin-thomas-2,1995-09-12,1995,France,1.79,68.0,21.22,Lavaur,101,finished,155,9587,167,TT,29,FR,Cofidis,,,",0",,
13,ITT,18 July 2025,Loudenvielle,Peyragudes,10.9,645,119,28.435,Time trial,Teunissen Mike,https://www.procyclingstats.com/rider/mike-teunissen,1992-08-25,1992,Netherlands,1.84,73.0,21.56,Ysselsteyn,102,finished,97,6632,177,Classic,32,NL,XDS Astana Team,,,",47",,
13,ITT,18 July 2025,Loudenvielle,Peyragudes,10.9,645,119,28.435,Time trial,Stuyven Jasper,https://www.procyclingstats.com/rider/jasper-stuyven,1992-04-17,1992,Belgium,1.87,80.0,22.88,Leuven,103,finished,65,5363,87,Classic,33,BE,Lidl - Trek,,,",6",,
13,ITT,18 July 2025,Loudenvielle,Peyragudes,10.9,645,119,28.435,Time trial,Barthe Cyril,https://www.procyclingstats.com/rider/cyril-barthe,1996-02-14,1996,France,1.84,70.0,20.68,Sauveterre-de-Béarn,104,finished,83,6193,93,Hills,29,FR,Groupama - FDJ,,,",67",,
13,ITT,18 July 2025,Loudenvielle,Peyragudes,10.9,645,119,28.435,Time trial,Affini Edoardo,https://www.procyclingstats.com/rider/edoardo-affini,1996-06-24,1996,Italy,1.9,85.0,23.55,Mantua,105,finished,132,8903,12,TT,29,IT,Team Visma | Lease a Bike,,,",88",,
13,ITT,18 July 2025,Loudenvielle,Peyragudes,10.9,645,119,28.435,Time trial,Andresen Tobias Lund,https://www.procyclingstats.com/rider/tobias-lund-andresen,2002-08-20,2002,Denmark,1.81,69.0,21.06,Taastrup,106,finished,104,7001,195,Classic,22,DK,Team Picnic PostNL,,,",55",,
13,ITT,18 July 2025,Loudenvielle,Peyragudes,10.9,645,119,28.435,Time trial,van der Poel Mathieu,https://www.procyclingstats.com/rider/mathieu-van-der-poel,1995-01-19,1995,Netherlands,1.84,75.0,22.15,Kapellen,107,finished,40,3897,106,Classic,30,NL,Alpecin - Deceuninck,,,",74",,
13,ITT,18 July 2025,Loudenvielle,Peyragudes,10.9,645,119,28.435,Time trial,Eenkhoorn Pascal,https://www.procyclingstats.com/rider/pascal-eenkhoorn,1997-02-08,1997,Netherlands,1.85,72.0,21.04,Zwolle,108,finished,46,4437,23,Classic,28,NL,Soudal Quick-Step,,,",77",,
13,ITT,18 July 2025,Loudenvielle,Peyragudes,10.9,645,119,28.435,Time trial,Naberman Tim,https://www.procyclingstats.com/rider/tim-naberman,1999-05-11,1999,Netherlands,1.87,70.0,20.02,Genemuiden,108,finished,151,9555,197,GC,26,NL,Team Picnic PostNL,,,",,",,
13,ITT,18 July 2025,Loudenvielle,Peyragudes,10.9,645,119,28.435,Time trial,Louvel Matis,https://www.procyclingstats.com/rider/matis-louvel,1999-07-19,1999,France,1.87,77.0,22.02,Mont Saint Aignan,110,finished,111,7595,205,Classic,25,FR,Israel - Premier Tech,,,",81",,
13,ITT,18 July 2025,Loudenvielle,Peyragudes,10.9,645,119,28.435,Time trial,Benoot Tiesj,https://www.procyclingstats.com/rider/tiesj-benoot,1994-03-11,1994,Belgium,1.9,72.0,19.94,Ghent,111,finished,34,3667,13,Classic,31,BE,Team Visma | Lease a Bike,,,",16",,
13,ITT,18 July 2025,Loudenvielle,Peyragudes,10.9,645,119,28.435,Time trial,Scotson Callum,https://www.procyclingstats.com/rider/callum-scotson,1996-08-10,1996,Australia,1.83,77.0,22.99,Campbelltown,112,finished,39,3850,157,GC,28,AU,Decathlon AG2R La Mondiale Team,,,",85",,
13,ITT,18 July 2025,Loudenvielle,Peyragudes,10.9,645,119,28.435,Time trial,Pithie Laurence,https://www.procyclingstats.com/rider/laurence-pithie,2002-07-17,2002,New Zealand,1.85,74.0,21.62,Christchurch,113,finished,100,6716,75,Classic,23,NZ,Red Bull - BORA - hansgrohe,,,",19",,
13,ITT,18 July 2025,Loudenvielle,Peyragudes,10.9,645,119,28.435,Time trial,Naesen Oliver,https://www.procyclingstats.com/rider/oliver-naesen,1990-09-16,1990,Belgium,1.84,74.0,21.86,Oostende,114,finished,78,5978,155,Classic,34,BE,Decathlon AG2R La Mondiale Team,,,",26",,
13,ITT,18 July 2025,Loudenvielle,Peyragudes,10.9,645,119,28.435,Time trial,Castrillo Pablo,https://www.procyclingstats.com/rider/pablo-castrillo-zapater,2001-01-02,2001,Spain,1.83,74.0,22.1,Jaca,115,finished,99,6710,143,Climber,24,ES,Movistar Team,,,",32",,
13,ITT,18 July 2025,Loudenvielle,Peyragudes,10.9,645,119,28.435,Time trial,van Sintmaartensdijk Roel,https://www.procyclingstats.com/rider/roel-van-sintmaartensdijk,2001-05-08,2001,Netherlands,1.97,77.0,19.84,Zuidland,116,finished,169,10290,47,GC,24,NL,Intermarché - Wanty,,,",54",,
13,ITT,18 July 2025,Loudenvielle,Peyragudes,10.9,645,119,28.435,Time trial,Milan Jonathan,https://www.procyclingstats.com/rider/jonathan-milan,2000-10-01,2000,Italy,1.94,84.0,22.32,Tolmezzo,117,finished,149,9526,81,Sprint,24,IT,Lidl - Trek,,,",27",,
13,ITT,18 July 2025,Loudenvielle,Peyragudes,10.9,645,119,28.435,Time trial,Durbridge Luke,https://www.procyclingstats.com/rider/luke-durbridge,1991-04-09,1991,Australia,1.87,78.0,22.31,Greenmount,118,finished,150,9544,123,TT,34,AU,Team Jayco AlUla,,,",48",,
13,ITT,18 July 2025,Loudenvielle,Peyragudes,10.9,645,119,28.435,Time trial,Albanese Vincenzo,https://www.procyclingstats.com/rider/vincenzo-albanese,1996-11-12,1996,Italy,1.75,70.0,22.86,Oliveto Citra,119,finished,121,7946,32,Hills,28,IT,EF Education - EasyPost,,,",83",,
13,ITT,18 July 2025,Loudenvielle,Peyragudes,10.9,645,119,28.435,Time trial,García Cortina Iván,https://www.procyclingstats.com/rider/ivan-garcia-cortina,1995-11-20,1995,Spain,1.83,77.0,22.99,Gijón,120,finished,114,7721,145,Classic,29,ES,Movistar Team,,,",7",,
13,ITT,18 July 2025,Loudenvielle,Peyragudes,10.9,645,119,28.435,Time trial,Fedorov Yevgeniy,https://www.procyclingstats.com/rider/yevgeniy-fedorov,2000-02-16,2000,Kazakhstan,1.93,80.0,21.48,Aktobe,121,finished,165,10118,175,Classic,25,KZ,XDS Astana Team,,,",78",,
13,ITT,18 July 2025,Loudenvielle,Peyragudes,10.9,645,119,28.435,Time trial,Haller Marco,https://www.procyclingstats.com/rider/marco-haller,1991-04-01,1991,Austria,1.78,72.0,22.72,Sankt Veit an der Glan,122,finished,98,6693,113,Classic,34,AT,Tudor Pro Cycling Team,,,",59",,
13,ITT,18 July 2025,Loudenvielle,Peyragudes,10.9,645,119,28.435,Time trial,García Pierna Raúl,https://www.procyclingstats.com/rider/raul-garcia-pierna,2001-02-23,2001,Spain,1.75,67.0,21.88,Tres Cantos,123,finished,52,4731,135,Climber,24,ES,Arkéa - B&B Hotels,,,",18",,
13,ITT,18 July 2025,Loudenvielle,Peyragudes,10.9,645,119,28.435,Time trial,Capiot Amaury,https://www.procyclingstats.com/rider/amaury-capiot,1993-06-25,1993,Belgium,1.86,69.0,19.94,Tongeren,124,finished,138,9247,132,Classic,32,BE,Arkéa - B&B Hotels,,,",94",,
13,ITT,18 July 2025,Loudenvielle,Peyragudes,10.9,645,119,28.435,Time trial,Flynn Sean,https://www.procyclingstats.com/rider/sean-flynn,2000-03-02,2000,Great Britain,1.77,67.0,21.39,Edinburgh,125,finished,131,8815,194,GC,25,GB,Team Picnic PostNL,,,",18",,
13,ITT,18 July 2025,Loudenvielle,Peyragudes,10.9,645,119,28.435,Time trial,Trentin Matteo,https://www.procyclingstats.com/rider/matteo-trentin,1989-08-02,1989,Italy,1.79,74.0,23.1,Borgo Valsugana,126,finished,101,6743,118,Classic,35,IT,Tudor Pro Cycling Team,,,",66",,
13,ITT,18 July 2025,Loudenvielle,Peyragudes,10.9,645,119,28.435,Time trial,Hirschi Marc,https://www.procyclingstats.com/rider/marc-hirschi,1998-08-24,1998,Switzerland,1.74,61.0,20.15,Bern,127,finished,79,6033,114,Classic,26,CH,Tudor Pro Cycling Team,,,",98",,
13,ITT,18 July 2025,Loudenvielle,Peyragudes,10.9,645,119,28.435,Time trial,Johannessen Anders Halland,https://www.procyclingstats.com/rider/anders-halland-johannessen,1999-08-23,1999,Norway,1.76,,,Drøbak,128,finished,90,6545,226,GC,25,NO,Uno-X Mobility,,,",36",,
13,ITT,18 July 2025,Loudenvielle,Peyragudes,10.9,645,119,28.435,Time trial,Consonni Simone,https://www.procyclingstats.com/rider/simone-consonni,1994-09-12,1994,Italy,1.65,60.0,22.04,Ponte San Pietro,129,finished,166,10164,82,Classic,30,IT,Lidl - Trek,,,",65",,
13,ITT,18 July 2025,Loudenvielle,Peyragudes,10.9,645,119,28.435,Time trial,Tronchon Bastien,https://www.procyclingstats.com/rider/bastien-tronchon,2002-03-29,2002,France,1.85,72.0,21.04,Chambéry,130,finished,72,5646,158,Classic,23,FR,Decathlon AG2R La Mondiale Team,,,",9",,
13,ITT,18 July 2025,Loudenvielle,Peyragudes,10.9,645,119,28.435,Time trial,van Poppel Danny,https://www.procyclingstats.com/rider/danny-van-poppel,1993-07-26,1993,Netherlands,1.84,82.0,24.22,Moergestel,131,finished,127,8596,77,Sprint,31,NL,Red Bull - BORA - hansgrohe,,,",71",,
13,ITT,18 July 2025,Loudenvielle,Peyragudes,10.9,645,119,28.435,Time trial,Märkl Niklas,https://www.procyclingstats.com/rider/niklas-markl,1999-03-03,1999,Germany,1.85,70.0,20.45,Queidersbach,132,finished,122,8230,196,Sprint,26,DE,Team Picnic PostNL,,,",98",,
13,ITT,18 July 2025,Loudenvielle,Peyragudes,10.9,645,119,28.435,Time trial,Askey Lewis,https://www.procyclingstats.com/rider/lewis-askey,2001-05-04,2001,Great Britain,1.87,75.0,21.45,Cannock,133,finished,141,9351,92,Classic,24,GB,Groupama - FDJ,,,",63",,
13,ITT,18 July 2025,Loudenvielle,Peyragudes,10.9,645,119,28.435,Time trial,Laurance Axel,https://www.procyclingstats.com/rider/axel-laurance,2001-04-13,2001,France,1.79,63.0,19.66,Calan,134,finished,55,4911,65,Hills,24,FR,INEOS Grenadiers,,,",89",,
13,ITT,18 July 2025,Loudenvielle,Peyragudes,10.9,645,119,28.435,Time trial,Ackermann Pascal,https://www.procyclingstats.com/rider/pascal-ackermann,1994-01-17,1994,Germany,1.8,78.0,24.07,Kandel,135,finished,125,8539,202,Sprint,31,DE,Israel - Premier Tech,,,",93",,
13,ITT,18 July 2025,Loudenvielle,Peyragudes,10.9,645,119,28.435,Time trial,Penhoët Paul,https://www.procyclingstats.com/rider/paul-penhoet,2001-12-28,2001,France,1.73,64.0,21.38,Clamart,136,finished,130,8603,97,Classic,23,FR,Groupama - FDJ,,,",36",,
13,ITT,18 July 2025,Loudenvielle,Peyragudes,10.9,645,119,28.435,Time trial,Dainese Alberto,https://www.procyclingstats.com/rider/alberto-dainese,1998-03-25,1998,Italy,1.75,72.0,23.51,Abano Terme,137,finished,126,8575,112,Sprint,27,IT,Tudor Pro Cycling Team,,,",3",,
13,ITT,18 July 2025,Loudenvielle,Peyragudes,10.9,645,119,28.435,Time trial,Meeus Jordi,https://www.procyclingstats.com/rider/jordi-meeus,1998-07-01,1998,Belgium,1.9,80.0,22.16,Lommel,138,finished,170,10394,73,Classic,27,BE,Red Bull - BORA - hansgrohe,,,",14",,
13,ITT,18 July 2025,Loudenvielle,Peyragudes,10.9,645,119,28.435,Time trial,Ballerini Davide,https://www.procyclingstats.com/rider/davide-ballerini,1994-09-21,1994,Italy,1.83,71.0,21.2,Cantù,139,finished,159,9784,172,Classic,30,IT,XDS Astana Team,,,",08",,
13,ITT,18 July 2025,Loudenvielle,Peyragudes,10.9,645,119,28.435,Time trial,Stewart Jake,https://www.procyclingstats.com/rider/jake-stewart,1999-10-02,1999,Great Britain,1.79,66.0,20.6,Coventry,140,finished,134,8913,208,Hills,25,GB,Israel - Premier Tech,,,",23",,
13,ITT,18 July 2025,Loudenvielle,Peyragudes,10.9,645,119,28.435,Time trial,Nys Thibau,https://www.procyclingstats.com/rider/thibau-nys,2002-11-12,2002,Belgium,1.76,64.0,20.66,Bonheiden,141,finished,123,8377,83,Hills,22,BE,Lidl - Trek,,,",37",,
13,ITT,18 July 2025,Loudenvielle,Peyragudes,10.9,645,119,28.435,Time trial,Watson Samuel,https://www.procyclingstats.com/rider/samuel-watson,2001-09-24,2001,Great Britain,1.88,68.0,19.24,Leeds,142,finished,128,8598,68,Hills,23,GB,INEOS Grenadiers,,,",64",,
13,ITT,18 July 2025,Loudenvielle,Peyragudes,10.9,645,119,28.435,Time trial,Rex Laurenz,https://www.procyclingstats.com/rider/laurenz-rex,1999-12-15,1999,Belgium,1.93,83.0,22.28,Marburg,143,finished,140,9288,45,Classic,25,BE,Intermarché - Wanty,,,",83",,
13,ITT,18 July 2025,Loudenvielle,Peyragudes,10.9,645,119,28.435,Time trial,Hoelgaard Markus,https://www.procyclingstats.com/rider/markus-hoelgaard,1994-10-04,1994,Norway,1.88,74.0,20.94,Stavanger,144,finished,48,4506,225,Classic,30,NO,Uno-X Mobility,,,",54",,
13,ITT,18 July 2025,Loudenvielle,Peyragudes,10.9,645,119,28.435,Time trial,Edvardsen-Fredheim Stian,https://www.procyclingstats.com/rider/stian-fredheim,2003-03-23,2003,Norway,1.84,72.0,21.27,Kristiansand,145,finished,146,9453,224,Sprint,22,NO,Uno-X Mobility,,,",57",,
13,ITT,18 July 2025,Loudenvielle,Peyragudes,10.9,645,119,28.435,Time trial,Rickaert Jonas,https://www.procyclingstats.com/rider/jonas-rickaert,1994-02-07,1994,Belgium,1.9,88.0,24.38,Sint-Eloois-Vijve,146,finished,112,7618,105,Classic,31,BE,Alpecin - Deceuninck,,,",03",,
13,ITT,18 July 2025,Loudenvielle,Peyragudes,10.9,645,119,28.435,Time trial,Drizners Jarrad,https://www.procyclingstats.com/rider/jarrad-drizners,1999-05-31,1999,Australia,1.86,70.0,20.23,Adelaide,147,finished,161,9814,214,GC,26,AU,Lotto,,,",55",,
13,ITT,18 July 2025,Loudenvielle,Peyragudes,10.9,645,119,28.435,Time trial,Theuns Edward,https://www.procyclingstats.com/rider/edward-theuns,1991-04-30,1991,Belgium,1.83,72.0,21.5,Ghent,148,finished,167,10196,88,Classic,34,BE,Lidl - Trek,,,",07",,
13,ITT,18 July 2025,Loudenvielle,Peyragudes,10.9,645,119,28.435,Time trial,Moscon Gianni,https://www.procyclingstats.com/rider/gianni-moscon,1994-04-20,1994,Italy,1.8,71.0,21.91,Trento,149,finished,89,6483,74,Classic,31,IT,Red Bull - BORA - hansgrohe,,,",95",,
13,ITT,18 July 2025,Loudenvielle,Peyragudes,10.9,645,119,28.435,Time trial,Campenaerts Victor,https://www.procyclingstats.com/rider/victor-campenaerts,1991-10-28,1991,Belgium,1.73,68.0,22.72,Hoboken,150,finished,47,4501,14,TT,33,BE,Team Visma | Lease a Bike,,,",01",,
13,ITT,18 July 2025,Loudenvielle,Peyragudes,10.9,645,119,28.435,Time trial,Cort Magnus,https://www.procyclingstats.com/rider/magnus-cort-nielsen,1993-01-16,1993,Denmark,1.84,68.0,20.09,Rønne,151,finished,144,9425,223,Hills,32,DK,Uno-X Mobility,,,",59",,
13,ITT,18 July 2025,Loudenvielle,Peyragudes,10.9,645,119,28.435,Time trial,Coquard Bryan,https://www.procyclingstats.com/rider/bryan-coquard,1992-04-25,1992,France,1.71,59.0,20.18,Saint-Nazaire,152,finished,117,7796,163,Sprint,33,FR,Cofidis,,,",77",,
13,ITT,18 July 2025,Loudenvielle,Peyragudes,10.9,645,119,28.435,Time trial,Vermeersch Gianni,https://www.procyclingstats.com/rider/gianni-vermeersch,1992-11-19,1992,Belgium,1.73,68.0,22.72,Roeselare,153,finished,120,7944,107,Classic,32,BE,Alpecin - Deceuninck,,,",68",,
13,ITT,18 July 2025,Loudenvielle,Peyragudes,10.9,645,119,28.435,Time trial,Gradek Kamil,https://www.procyclingstats.com/rider/kamil-gradek,1990-09-17,1990,Poland,1.94,83.0,22.05,Koziegłowy,154,finished,164,10112,53,TT,34,PL,Bahrain - Victorious,,,",78",,
13,ITT,18 July 2025,Loudenvielle,Peyragudes,10.9,645,119,28.435,Time trial,Bauhaus Phil,https://www.procyclingstats.com/rider/phil-bauhaus,1994-07-08,1994,Germany,1.84,75.0,22.15,Bocholt,155,finished,157,9751,52,Sprint,31,DE,Bahrain - Victorious,,,",03",,
13,ITT,18 July 2025,Loudenvielle,Peyragudes,10.9,645,119,28.435,Time trial,Vercher Mattéo,https://www.procyclingstats.com/rider/matheo-vercher,2001-01-26,2001,France,1.71,,,Lyon,156,finished,171,10710,188,Hills,24,FR,TotalEnergies,,,",48",,
13,ITT,18 July 2025,Loudenvielle,Peyragudes,10.9,645,119,28.435,Time trial,Van Lerberghe Bert,https://www.procyclingstats.com/rider/bert-van-lerberghe,1992-09-29,1992,Belgium,1.9,83.0,22.99,Kortrijk,157,finished,152,9564,27,Classic,32,BE,Soudal Quick-Step,,,",34",,
13,ITT,18 July 2025,Loudenvielle,Peyragudes,10.9,645,119,28.435,Time trial,Renard Alexis,https://www.procyclingstats.com/rider/alexis-renard,1999-06-01,1999,France,1.86,74.0,21.39,Saint-Brieuc,158,finished,148,9471,165,Classic,26,FR,Cofidis,,,",7",,
13,ITT,18 July 2025,Loudenvielle,Peyragudes,10.9,645,119,28.435,Time trial,De Lie Arnaud,https://www.procyclingstats.com/rider/arnaud-de-lie,2002-03-16,2002,Belgium,1.82,78.0,23.55,Libramont,159,finished,137,9172,211,Classic,23,BE,Lotto,,,",83",,
13,ITT,18 July 2025,Loudenvielle,Peyragudes,10.9,645,119,28.435,Time trial,Sepúlveda Eduardo,https://www.procyclingstats.com/rider/eduardo-sepulveda,1991-06-13,1991,Argentina,1.73,59.0,19.71,Rawson,160,finished,115,7766,216,GC,34,AR,Lotto,,,",24",,
13,ITT,18 July 2025,Loudenvielle,Peyragudes,10.9,645,119,28.435,Time trial,Groenewegen Dylan,https://www.procyclingstats.com/rider/dylan-groenewegen,1993-06-21,1993,Netherlands,1.77,70.0,22.34,Amsterdam,161,finished,142,9380,124,Sprint,32,NL,Team Jayco AlUla,,,",91",,
13,ITT,18 July 2025,Loudenvielle,Peyragudes,10.9,645,119,28.435,Time trial,Delettre Alexandre,https://www.procyclingstats.com/rider/alexandre-delettre,1997-10-25,1997,France,1.7,62.0,21.45,Gonesse,162,finished,51,4699,183,Classic,27,FR,TotalEnergies,,,",6",,
13,ITT,18 July 2025,Loudenvielle,Peyragudes,10.9,645,119,28.435,Time trial,Mayrhofer Marius,https://www.procyclingstats.com/rider/marius-mayrhofer,2000-09-18,2000,Germany,1.82,70.0,21.13,Tübingen,163,finished,81,6115,116,Hills,24,DE,Tudor Pro Cycling Team,,,",64",,
13,ITT,18 July 2025,Loudenvielle,Peyragudes,10.9,645,119,28.435,Time trial,Lienhard Fabian,https://www.procyclingstats.com/rider/fabian-lienhard,1993-09-03,1993,Switzerland,1.83,73.0,21.8,Steinmaur,164,finished,168,10274,115,Classic,31,CH,Tudor Pro Cycling Team,,,",61",,
13,ITT,18 July 2025,Loudenvielle,Peyragudes,10.9,645,119,28.435,Time trial,Boivin Guillaume,https://www.procyclingstats.com/rider/guillaume-boivin,1989-05-25,1989,Canada,1.8,78.0,24.07,Montreal,165,finished,162,9874,204,Classic,36,CA,Israel - Premier Tech,,,",24",,
13,ITT,18 July 2025,Loudenvielle,Peyragudes,10.9,645,119,28.435,Time trial,Schmid Mauro,https://www.procyclingstats.com/rider/mauro-schmid,1999-12-04,1999,Switzerland,1.87,70.0,20.02,Bülach,166,finished,88,6396,128,Hills,25,CH,Team Jayco AlUla,,,",37",,
13,ITT,18 July 2025,Loudenvielle,Peyragudes,10.9,645,119,28.435,Time trial,Girmay Biniam,https://www.procyclingstats.com/rider/biniam-girmay,2000-04-02,2000,Eritrea,1.84,70.0,20.68,Asmara,167,finished,133,8906,41,Classic,25,ER,Intermarché - Wanty,,,",65",,
13,ITT,18 July 2025,Loudenvielle,Peyragudes,10.9,645,119,28.435,Time trial,Démare Arnaud,https://www.procyclingstats.com/rider/arnaud-demare,1991-08-26,1991,France,1.81,76.0,23.2,Beauvais,168,finished,160,9812,134,Classic,33,FR,Arkéa - B&B Hotels,,,",52",,
13,ITT,18 July 2025,Loudenvielle,Peyragudes,10.9,645,119,28.435,Time trial,Reinders Elmar,https://www.procyclingstats.com/rider/elmar-reinders,1992-03-14,1992,Netherlands,1.9,78.1,21.63,Emmen,169,finished,136,9156,127,Classic,33,NL,Team Jayco AlUla,,,",82",,
13,ITT,18 July 2025,Loudenvielle,Peyragudes,10.9,645,119,28.435,Time trial,Merlier Tim,https://www.procyclingstats.com/rider/tim-merlier,1992-10-30,1992,Belgium,1.88,76.0,21.5,Wortegem-Petegem,170,finished,154,9582,24,Sprint,32,BE,Soudal Quick-Step,,,",48",,
13,ITT,18 July 2025,Loudenvielle,Peyragudes,10.9,645,119,28.435,Time trial,Mezgec Luka,https://www.procyclingstats.com/rider/luka-mezgec,1988-06-27,1988,Slovenia,1.83,72.0,21.5,Kranj,171,finished,158,9763,125,Hills,37,SI,Team Jayco AlUla,,,",11",,
14,RR,19 July 2025,Pau,Luchon-Superbagnères,182.6,5020,430,37.318,37 km solo,Arensman Thymen,https://www.procyclingstats.com/rider/thymen-arensman,1999-12-04,1999,Netherlands,1.9,68.0,18.84,Deil,1,finished,16,2576,62,GC,25,NL,INEOS Grenadiers,210.0,100.0,4:53:35,0,17615
14,RR,19 July 2025,Pau,Luchon-Superbagnères,182.6,5020,430,37.318,37 km solo,Pogačar Tadej,https://www.procyclingstats.com/rider/tadej-pogacar,1998-09-21,1998,Slovenia,1.76,66.0,21.31,Klanec,2,finished,1,0,1,Climber,26,SI,UAE Team Emirates - XRG,150.0,70.0,1:08,68,17683
14,RR,19 July 2025,Pau,Luchon-Superbagnères,182.6,5020,430,37.318,37 km solo,Vingegaard Jonas,https://www.procyclingstats.com/rider/jonas-vingegaard,1996-12-10,1996,Denmark,1.75,58.0,18.94,Hillerslev,3,finished,2,253,11,GC,28,DK,Team Visma | Lease a Bike,110.0,50.0,1:12,72,17687
14,RR,19 July 2025,Pau,Luchon-Superbagnères,182.6,5020,430,37.318,37 km solo,Gall Felix,https://www.procyclingstats.com/rider/felix-gall,1998-02-27,1998,Austria,1.8,66.0,20.37,Nußdorf-Debant,4,finished,7,720,151,Climber,27,AT,Decathlon AG2R La Mondiale Team,90.0,40.0,1:19,79,17694
14,RR,19 July 2025,Pau,Luchon-Superbagnères,182.6,5020,430,37.318,37 km solo,Lipowitz Florian,https://www.procyclingstats.com/rider/florian-lipowitz,2000-09-21,2000,Germany,1.81,68.0,20.76,Laichingen,5,finished,3,473,72,GC,24,DE,Red Bull - BORA - hansgrohe,70.0,32.0,1:25,85,17700
14,RR,19 July 2025,Pau,Luchon-Superbagnères,182.6,5020,430,37.318,37 km solo,Onley Oscar,https://www.procyclingstats.com/rider/oscar-onley,2002-10-13,2002,Great Britain,1.73,62.0,20.72,Kelso,6,finished,4,558,191,GC,22,GB,Team Picnic PostNL,55.0,26.0,2:09,129,17744
14,RR,19 July 2025,Pau,Luchon-Superbagnères,182.6,5020,430,37.318,37 km solo,Healy Ben,https://www.procyclingstats.com/rider/ben-healy,2000-09-11,2000,Ireland,1.75,62.0,20.24,Kingswinford Previous nationalities Great Britain until 2016,7,finished,9,1121,31,Climber,24,IE,EF Education - EasyPost,45.0,22.0,2:46,166,17781
14,RR,19 July 2025,Pau,Luchon-Superbagnères,182.6,5020,430,37.318,37 km solo,Roglič Primož,https://www.procyclingstats.com/rider/primoz-roglic,1989-10-29,1989,Slovenia,1.77,65.0,20.75,Trbovlje,8,finished,6,634,71,Climber,35,SI,Red Bull - BORA - hansgrohe,40.0,18.0,",,",166,17781
14,RR,19 July 2025,Pau,Luchon-Superbagnères,182.6,5020,430,37.318,37 km solo,Johannessen Tobias Halland,https://www.procyclingstats.com/rider/tobias-halland-johannessen,1999-08-23,1999,Norway,1.76,62.0,20.02,Drøbak,9,finished,8,753,221,Climber,25,NO,Uno-X Mobility,35.0,14.0,2:59,179,17794
14,RR,19 July 2025,Pau,Luchon-Superbagnères,182.6,5020,430,37.318,37 km solo,Vauquelin Kévin,https://www.procyclingstats.com/rider/kevin-vauquelin,2001-04-26,2001,France,1.76,69.0,22.28,Bayeux,10,finished,5,621,131,GC,24,FR,Arkéa - B&B Hotels,30.0,10.0,3:08,188,17803
14,RR,19 July 2025,Pau,Luchon-Superbagnères,182.6,5020,430,37.318,37 km solo,Rodríguez Carlos,https://www.procyclingstats.com/rider/carlos-rodriguez-cano,2001-02-02,2001,Spain,1.83,67.0,20.01,Almuñécar,11,finished,10,1377,66,GC,24,ES,INEOS Grenadiers,25.0,8.0,3:15,195,17810
14,RR,19 July 2025,Pau,Luchon-Superbagnères,182.6,5020,430,37.318,37 km solo,Tejada Harold,https://www.procyclingstats.com/rider/harold-tejada,1997-04-27,1997,Colombia,1.8,63.0,19.44,Pitalito,12,finished,39,5559,171,Climber,28,CO,XDS Astana Team,20.0,6.0,3:45,225,17840
14,RR,19 July 2025,Pau,Luchon-Superbagnères,182.6,5020,430,37.318,37 km solo,Jegat Jordan,https://www.procyclingstats.com/rider/jordan-jegat,1999-06-07,1999,France,1.76,59.0,19.05,Vannes,13,finished,11,1458,186,Climber,26,FR,TotalEnergies,15.0,4.0,3:49,229,17844
14,RR,19 July 2025,Pau,Luchon-Superbagnères,182.6,5020,430,37.318,37 km solo,Yates Adam,https://www.procyclingstats.com/rider/adam-yates,1992-08-07,1992,Great Britain,1.73,58.0,19.38,Bury,14,finished,22,3304,8,Climber,32,GB,UAE Team Emirates - XRG,10.0,2.0,4:36,276,17891
14,RR,19 July 2025,Pau,Luchon-Superbagnères,182.6,5020,430,37.318,37 km solo,Rubio Einer,https://www.procyclingstats.com/rider/einer-rubio,1998-02-22,1998,Colombia,1.64,56.0,20.82,Chíquiza,15,finished,42,5714,148,Climber,27,CO,Movistar Team,5.0,1.0,4:43,283,17898
14,RR,19 July 2025,Pau,Luchon-Superbagnères,182.6,5020,430,37.318,37 km solo,O'Connor Ben,https://www.procyclingstats.com/rider/ben-o-connor,1995-11-25,1995,Australia,1.88,67.0,18.96,Subiaco,16,finished,12,1815,121,GC,29,AU,Team Jayco AlUla,,,5:23,323,17938
14,RR,19 July 2025,Pau,Luchon-Superbagnères,182.6,5020,430,37.318,37 km solo,Narváez Jhonatan,https://www.procyclingstats.com/rider/jhonatan-narvaez,1997-03-04,1997,Ecuador,1.74,65.0,21.47,El Playón de San Francisco,17,finished,14,1915,3,Hills,28,EC,UAE Team Emirates - XRG,,,5:29,329,17944
14,RR,19 July 2025,Pau,Luchon-Superbagnères,182.6,5020,430,37.318,37 km solo,Yates Simon,https://www.procyclingstats.com/rider/simon-yates,1992-08-07,1992,Great Britain,1.72,58.0,19.61,Bury,18,finished,18,2749,18,Climber,32,GB,Team Visma | Lease a Bike,,,6:20,380,17995
14,RR,19 July 2025,Pau,Luchon-Superbagnères,182.6,5020,430,37.318,37 km solo,Scotson Callum,https://www.procyclingstats.com/rider/callum-scotson,1996-08-10,1996,Australia,1.83,77.0,22.99,Campbelltown,19,finished,27,4246,157,GC,28,AU,Decathlon AG2R La Mondiale Team,,,7:38,458,18073
14,RR,19 July 2025,Pau,Luchon-Superbagnères,182.6,5020,430,37.318,37 km solo,Higuita Sergio,https://www.procyclingstats.com/rider/sergio-higuita,1997-08-01,1997,Colombia,1.66,57.0,20.69,Medellín,20,finished,21,3115,176,Climber,27,CO,XDS Astana Team,,,7:41,461,18076
14,RR,19 July 2025,Pau,Luchon-Superbagnères,182.6,5020,430,37.318,37 km solo,Mühlberger Gregor,https://www.procyclingstats.com/rider/gregor-muhlberger,1994-04-04,1994,Austria,1.8,64.0,19.75,Haidershofen,21,finished,26,4219,146,GC,31,AT,Movistar Team,,,",,",461,18076
14,RR,19 July 2025,Pau,Luchon-Superbagnères,182.6,5020,430,37.318,37 km solo,Kuss Sepp,https://www.procyclingstats.com/rider/sepp-kuss,1994-09-13,1994,United States,1.82,61.0,18.42,Durango,22,finished,17,2610,16,Climber,30,US,Team Visma | Lease a Bike,,,8:14,494,18109
14,RR,19 July 2025,Pau,Luchon-Superbagnères,182.6,5020,430,37.318,37 km solo,Martin Guillaume,https://www.procyclingstats.com/rider/guillaume-martin,1993-06-09,1993,France,1.73,55.0,18.38,Paris,23,finished,13,1894,91,Climber,32,FR,Groupama - FDJ,,,8:44,524,18139
14,RR,19 July 2025,Pau,Luchon-Superbagnères,182.6,5020,430,37.318,37 km solo,Barguil Warren,https://www.procyclingstats.com/rider/warren-barguil,1991-10-28,1991,France,1.83,61.0,18.21,Hennebont,24,finished,24,3872,192,Climber,33,FR,Team Picnic PostNL,,,9:49,589,18204
14,RR,19 July 2025,Pau,Luchon-Superbagnères,182.6,5020,430,37.318,37 km solo,Paret-Peintre Valentin,https://www.procyclingstats.com/rider/valentin-paret-peintre,2001-01-14,2001,France,1.78,52.0,16.41,Annemasse,25,finished,48,6358,25,Climber,24,FR,Soudal Quick-Step,,,10:19,619,18234
14,RR,19 July 2025,Pau,Luchon-Superbagnères,182.6,5020,430,37.318,37 km solo,García Pierna Raúl,https://www.procyclingstats.com/rider/raul-garcia-pierna,2001-02-23,2001,Spain,1.75,67.0,21.88,Tres Cantos,26,finished,35,5336,135,Climber,24,ES,Arkéa - B&B Hotels,,,11:07,667,18282
14,RR,19 July 2025,Pau,Luchon-Superbagnères,182.6,5020,430,37.318,37 km solo,Paret-Peintre Aurélien,https://www.procyclingstats.com/rider/aurelien-paret-peintre,1996-02-27,1996,France,1.84,64.0,18.9,Annemasse,27,finished,25,4101,156,GC,29,FR,Decathlon AG2R La Mondiale Team,,,13:21,801,18416
14,RR,19 July 2025,Pau,Luchon-Superbagnères,182.6,5020,430,37.318,37 km solo,Soler Marc,https://www.procyclingstats.com/rider/marc-soler,1993-11-22,1993,Spain,1.86,68.0,19.66,Vilanova i la Geltrú,28,finished,46,6090,6,Climber,31,ES,UAE Team Emirates - XRG,,,14:03,843,18458
14,RR,19 July 2025,Pau,Luchon-Superbagnères,182.6,5020,430,37.318,37 km solo,Van Wilder Ilan,https://www.procyclingstats.com/rider/ilan-van-wilder,2000-05-14,2000,Belgium,1.71,64.0,21.89,Jette,29,finished,33,5123,28,GC,25,BE,Soudal Quick-Step,,,14:35,875,18490
14,RR,19 July 2025,Pau,Luchon-Superbagnères,182.6,5020,430,37.318,37 km solo,Rodríguez Cristián,https://www.procyclingstats.com/rider/cristian-rodriguez,1995-03-03,1995,Spain,1.78,59.0,18.62,El Ejido,30,finished,19,2849,137,GC,30,ES,Arkéa - B&B Hotels,,,15:02,902,18517
14,RR,19 July 2025,Pau,Luchon-Superbagnères,182.6,5020,430,37.318,37 km solo,Madouas Valentin,https://www.procyclingstats.com/rider/valentin-madouas,1996-07-12,1996,France,1.79,71.0,22.16,Brest,31,finished,23,3587,95,Classic,29,FR,Groupama - FDJ,,,15:13,913,18528
14,RR,19 July 2025,Pau,Luchon-Superbagnères,182.6,5020,430,37.318,37 km solo,Barré Louis,https://www.procyclingstats.com/rider/louis-barre,2000-04-06,2000,France,1.84,68.0,20.09,Nantes,32,finished,84,8310,42,Classic,25,FR,Intermarché - Wanty,,,15:27,927,18542
14,RR,19 July 2025,Pau,Luchon-Superbagnères,182.6,5020,430,37.318,37 km solo,Campenaerts Victor,https://www.procyclingstats.com/rider/victor-campenaerts,1991-10-28,1991,Belgium,1.73,68.0,22.72,Hoboken,33,finished,38,5519,14,TT,33,BE,Team Visma | Lease a Bike,,,18:00,1080,18695
14,RR,19 July 2025,Pau,Luchon-Superbagnères,182.6,5020,430,37.318,37 km solo,Jorgenson Matteo,https://www.procyclingstats.com/rider/matteo-jorgenson,1999-07-01,1999,United States,1.9,69.0,19.11,Walnut Creek,34,finished,15,1929,15,GC,26,US,Team Visma | Lease a Bike,,,18:56,1136,18751
14,RR,19 July 2025,Pau,Luchon-Superbagnères,182.6,5020,430,37.318,37 km solo,Martinez Lenny,https://www.procyclingstats.com/rider/lenny-martinez,2003-07-11,2003,France,1.68,52.0,18.42,Cannes,35,finished,72,7832,55,Climber,22,FR,Bahrain - Victorious,,,",,",1136,18751
14,RR,19 July 2025,Pau,Luchon-Superbagnères,182.6,5020,430,37.318,37 km solo,Grégoire Romain,https://www.procyclingstats.com/rider/romain-gregoire,2003-01-21,2003,France,1.76,64.0,20.66,Besançon,36,finished,28,4282,94,Classic,22,FR,Groupama - FDJ,,,20:21,1221,18836
14,RR,19 July 2025,Pau,Luchon-Superbagnères,182.6,5020,430,37.318,37 km solo,Meurisse Xandro,https://www.procyclingstats.com/rider/xandro-meurisse,1992-01-31,1992,Belgium,1.81,68.0,20.76,Kortrijk,37,finished,30,4595,104,GC,33,BE,Alpecin - Deceuninck,,,",,",1221,18836
14,RR,19 July 2025,Pau,Luchon-Superbagnères,182.6,5020,430,37.318,37 km solo,Vlasov Aleksandr,https://www.procyclingstats.com/rider/aleksandr-vlasov,1996-04-23,1996,Russia,1.86,68.0,19.66,Vyborg,38,finished,31,4717,78,Climber,29,RU,Red Bull - BORA - hansgrohe,,,",,",1221,18836
14,RR,19 July 2025,Pau,Luchon-Superbagnères,182.6,5020,430,37.318,37 km solo,Sivakov Pavel,https://www.procyclingstats.com/rider/pavel-sivakov,1997-07-11,1997,France,1.88,70.0,19.81,San Donà di Piave Previous nationalities Russia until 2022,39,finished,88,8467,5,GC,28,FR,UAE Team Emirates - XRG,,,21:58,1318,18933
14,RR,19 July 2025,Pau,Luchon-Superbagnères,182.6,5020,430,37.318,37 km solo,Thomas Geraint,https://www.procyclingstats.com/rider/geraint-thomas,1986-05-25,1986,Great Britain,1.83,71.0,21.2,Cardiff,40,finished,47,6254,61,GC,39,GB,INEOS Grenadiers,,,",,",1318,18933
14,RR,19 July 2025,Pau,Luchon-Superbagnères,182.6,5020,430,37.318,37 km solo,Verstrynge Emiel,https://www.procyclingstats.com/rider/emiel-verstrynge,2002-02-04,2002,Belgium,1.89,69.0,19.32,Eeklo,41,finished,64,7099,108,Climber,23,BE,Alpecin - Deceuninck,,,22:49,1369,18984
14,RR,19 July 2025,Pau,Luchon-Superbagnères,182.6,5020,430,37.318,37 km solo,Sweeny Harry,https://www.procyclingstats.com/rider/harry-sweeny,1998-07-09,1998,Australia,1.86,75.0,21.68,Warwick,42,finished,36,5365,36,GC,27,AU,EF Education - EasyPost,,,23:55,1435,19050
14,RR,19 July 2025,Pau,Luchon-Superbagnères,182.6,5020,430,37.318,37 km solo,Baudin Alex,https://www.procyclingstats.com/rider/alex-baudin,2001-05-25,2001,France,1.83,64.0,19.11,Albertville,43,finished,34,5304,34,Climber,24,FR,EF Education - EasyPost,,,",,",1435,19050
14,RR,19 July 2025,Pau,Luchon-Superbagnères,182.6,5020,430,37.318,37 km solo,Storer Michael,https://www.procyclingstats.com/rider/michael-storer,1997-02-28,1997,Australia,1.77,63.0,20.11,Perth,44,finished,59,6922,117,Climber,28,AU,Tudor Pro Cycling Team,,,25:05,1505,19120
14,RR,19 July 2025,Pau,Luchon-Superbagnères,182.6,5020,430,37.318,37 km solo,Woods Michael,https://www.procyclingstats.com/rider/michael-woods,1986-10-12,1986,Canada,1.75,62.0,20.24,Toronto,45,finished,63,7042,201,Climber,38,CA,Israel - Premier Tech,,,26:07,1567,19182
14,RR,19 July 2025,Pau,Luchon-Superbagnères,182.6,5020,430,37.318,37 km solo,Politt Nils,https://www.procyclingstats.com/rider/nils-politt,1994-03-06,1994,Germany,1.92,80.0,21.7,Cologne,46,finished,89,8650,4,Classic,31,DE,UAE Team Emirates - XRG,,,26:42,1602,19217
14,RR,19 July 2025,Pau,Luchon-Superbagnères,182.6,5020,430,37.318,37 km solo,Blackmore Joseph,https://www.procyclingstats.com/rider/joseph-blackmore,2003-02-23,2003,Great Britain,1.81,66.0,20.15,Sidcup,47,finished,37,5385,203,GC,22,GB,Israel - Premier Tech,,,27:27,1647,19262
14,RR,19 July 2025,Pau,Luchon-Superbagnères,182.6,5020,430,37.318,37 km solo,Foss Tobias,https://www.procyclingstats.com/rider/tobias-foss,1997-05-25,1997,Norway,1.84,74.0,21.86,Vingrom,48,finished,73,7842,63,TT,28,NO,INEOS Grenadiers,,,27:28,1648,19263
14,RR,19 July 2025,Pau,Luchon-Superbagnères,182.6,5020,430,37.318,37 km solo,Oliveira Nelson,https://www.procyclingstats.com/rider/nelson-oliveira,1989-03-06,1989,Portugal,1.8,67.0,20.68,Anadia,49,finished,55,6741,144,TT,36,PT,Movistar Team,,,27:37,1657,19272
14,RR,19 July 2025,Pau,Luchon-Superbagnères,182.6,5020,430,37.318,37 km solo,Alaphilippe Julian,https://www.procyclingstats.com/rider/julian-alaphilippe,1992-06-11,1992,France,1.73,62.0,20.72,Saint-Amand-Montrond,50,finished,58,6921,111,Classic,33,FR,Tudor Pro Cycling Team,,,",,",1657,19272
14,RR,19 July 2025,Pau,Luchon-Superbagnères,182.6,5020,430,37.318,37 km solo,Costiou Ewen,https://www.procyclingstats.com/rider/ewen-costiou,2002-11-10,2002,France,1.76,64.0,20.66,Brest,51,finished,66,7229,133,GC,22,FR,Arkéa - B&B Hotels,,,",,",1657,19272
14,RR,19 July 2025,Pau,Luchon-Superbagnères,182.6,5020,430,37.318,37 km solo,Mas Enric,https://www.procyclingstats.com/rider/enric-mas,1995-01-07,1995,Spain,1.77,61.0,19.47,Artà,52,finished,20,3071,141,Climber,30,ES,Movistar Team,,,",,",1657,19272
14,RR,19 July 2025,Pau,Luchon-Superbagnères,182.6,5020,430,37.318,37 km solo,Leknessund Andreas,https://www.procyclingstats.com/rider/andreas-leknessund,1999-05-21,1999,Norway,1.86,72.0,20.81,Tromsø,53,finished,79,8189,227,GC,26,NO,Uno-X Mobility,,,27:49,1669,19284
14,RR,19 July 2025,Pau,Luchon-Superbagnères,182.6,5020,430,37.318,37 km solo,van den Broek Frank,https://www.procyclingstats.com/rider/frank-van-den-broek,2000-12-28,2000,Netherlands,1.78,70.0,22.09,Warmond,54,finished,52,6604,198,GC,24,NL,Team Picnic PostNL,,,28:10,1690,19305
14,RR,19 July 2025,Pau,Luchon-Superbagnères,182.6,5020,430,37.318,37 km solo,Gachignard Thomas,https://www.procyclingstats.com/rider/thomas-gachignard,2000-08-17,2000,France,,,,Niort,55,finished,54,6687,184,GC,24,FR,TotalEnergies,,,31:34,1894,19509
14,RR,19 July 2025,Pau,Luchon-Superbagnères,182.6,5020,430,37.318,37 km solo,Pacher Quentin,https://www.procyclingstats.com/rider/quentin-pacher,1992-01-06,1992,France,1.79,62.0,19.35,Libourne,56,finished,41,5607,96,Hills,33,FR,Groupama - FDJ,,,",,",1894,19509
14,RR,19 July 2025,Pau,Luchon-Superbagnères,182.6,5020,430,37.318,37 km solo,Velasco Simone,https://www.procyclingstats.com/rider/simone-velasco,1995-12-02,1995,Italy,1.7,59.0,20.42,Bologna,57,finished,40,5564,178,Classic,29,IT,XDS Astana Team,,,",,",1894,19509
14,RR,19 July 2025,Pau,Luchon-Superbagnères,182.6,5020,430,37.318,37 km solo,Venturini Clément,https://www.procyclingstats.com/rider/clement-venturini,1993-10-16,1993,France,1.65,60.0,22.04,Villeurbanne,58,finished,43,5796,138,Classic,31,FR,Arkéa - B&B Hotels,,,",,",1894,19509
14,RR,19 July 2025,Pau,Luchon-Superbagnères,182.6,5020,430,37.318,37 km solo,Russo Clément,https://www.procyclingstats.com/rider/clement-russo,1995-01-20,1995,France,1.87,74.0,21.16,Lyon,59,finished,108,9692,98,Classic,30,FR,Groupama - FDJ,,,32:29,1949,19564
14,RR,19 July 2025,Pau,Luchon-Superbagnères,182.6,5020,430,37.318,37 km solo,Champoussin Clément,https://www.procyclingstats.com/rider/clement-champoussin,1998-05-29,1998,France,1.8,61.0,18.83,Nice,60,finished,75,7919,174,Climber,27,FR,XDS Astana Team,,,33:52,2032,19647
14,RR,19 July 2025,Pau,Luchon-Superbagnères,182.6,5020,430,37.318,37 km solo,Lutsenko Alexey,https://www.procyclingstats.com/rider/aleksey-lutsenko,1992-09-07,1992,Kazakhstan,1.74,74.0,24.44,Petropavl,61,finished,76,8014,206,GC,32,KZ,Israel - Premier Tech,,,",,",2032,19647
14,RR,19 July 2025,Pau,Luchon-Superbagnères,182.6,5020,430,37.318,37 km solo,Eenkhoorn Pascal,https://www.procyclingstats.com/rider/pascal-eenkhoorn,1997-02-08,1997,Netherlands,1.85,72.0,21.04,Zwolle,62,finished,50,6407,23,Classic,28,NL,Soudal Quick-Step,,,",,",2032,19647
14,RR,19 July 2025,Pau,Luchon-Superbagnères,182.6,5020,430,37.318,37 km solo,Rickaert Jonas,https://www.procyclingstats.com/rider/jonas-rickaert,1994-02-07,1994,Belgium,1.9,88.0,24.38,Sint-Eloois-Vijve,63,finished,107,9611,105,Classic,31,BE,Alpecin - Deceuninck,,,34:15,2055,19670
14,RR,19 July 2025,Pau,Luchon-Superbagnères,182.6,5020,430,37.318,37 km solo,Simmons Quinn,https://www.procyclingstats.com/rider/quinn-simmons,2001-05-08,2001,United States,1.85,73.0,21.33,Durango,64,finished,49,6405,84,Hills,24,US,Lidl - Trek,,,",,",2055,19670
14,RR,19 July 2025,Pau,Luchon-Superbagnères,182.6,5020,430,37.318,37 km solo,Wellens Tim,https://www.procyclingstats.com/rider/tim-wellens,1991-05-10,1991,Belgium,1.82,71.0,21.43,Sint-Truiden,65,finished,53,6658,7,GC,34,BE,UAE Team Emirates - XRG,,,34:21,2061,19676
14,RR,19 July 2025,Pau,Luchon-Superbagnères,182.6,5020,430,37.318,37 km solo,Vercher Mattéo,https://www.procyclingstats.com/rider/matheo-vercher,2001-01-26,2001,France,1.71,,,Lyon,66,finished,166,12714,188,Hills,24,FR,TotalEnergies,,,34:26,2066,19681
14,RR,19 July 2025,Pau,Luchon-Superbagnères,182.6,5020,430,37.318,37 km solo,Berthet Clément,https://www.procyclingstats.com/rider/clement-berthet,1997-08-02,1997,France,1.84,68.0,20.09,Pierre Bénite,67,finished,32,4908,153,Climber,27,FR,Decathlon AG2R La Mondiale Team,,,34:38,2078,19693
14,RR,19 July 2025,Pau,Luchon-Superbagnères,182.6,5020,430,37.318,37 km solo,Naesen Oliver,https://www.procyclingstats.com/rider/oliver-naesen,1990-09-16,1990,Belgium,1.84,74.0,21.86,Oostende,68,finished,77,8044,155,Classic,34,BE,Decathlon AG2R La Mondiale Team,,,35:28,2128,19743
14,RR,19 July 2025,Pau,Luchon-Superbagnères,182.6,5020,430,37.318,37 km solo,Teuns Dylan,https://www.procyclingstats.com/rider/dylan-teuns,1992-03-01,1992,Belgium,1.81,64.0,19.54,Diest,69,finished,91,8673,166,GC,33,BE,Cofidis,,,",,",2128,19743
14,RR,19 July 2025,Pau,Luchon-Superbagnères,182.6,5020,430,37.318,37 km solo,Laurance Axel,https://www.procyclingstats.com/rider/axel-laurance,2001-04-13,2001,France,1.79,63.0,19.66,Calan,70,finished,60,6993,65,Hills,24,FR,INEOS Grenadiers,,,35:44,2144,19759
14,RR,19 July 2025,Pau,Luchon-Superbagnères,182.6,5020,430,37.318,37 km solo,Abrahamsen Jonas,https://www.procyclingstats.com/rider/jonas-abrahamsen,1995-09-20,1995,Norway,1.83,78.0,23.29,Skien,71,finished,90,8669,222,Classic,29,NO,Uno-X Mobility,,,",,",2144,19759
14,RR,19 July 2025,Pau,Luchon-Superbagnères,182.6,5020,430,37.318,37 km solo,Penhoët Paul,https://www.procyclingstats.com/rider/paul-penhoet,2001-12-28,2001,France,1.73,64.0,21.38,Clamart,72,finished,120,10685,97,Classic,23,FR,Groupama - FDJ,,,",,",2144,19759
14,RR,19 July 2025,Pau,Luchon-Superbagnères,182.6,5020,430,37.318,37 km solo,Le Berre Mathis,https://www.procyclingstats.com/rider/mathis-le-berre,2001-04-16,2001,France,1.76,68.0,21.95,Saint-Brieuc,73,finished,74,7890,136,Hills,24,FR,Arkéa - B&B Hotels,,,",,",2144,19759
14,RR,19 July 2025,Pau,Luchon-Superbagnères,182.6,5020,430,37.318,37 km solo,Vermeersch Gianni,https://www.procyclingstats.com/rider/gianni-vermeersch,1992-11-19,1992,Belgium,1.73,68.0,22.72,Roeselare,74,finished,114,10026,107,Classic,32,BE,Alpecin - Deceuninck,,,",,",2144,19759
14,RR,19 July 2025,Pau,Luchon-Superbagnères,182.6,5020,430,37.318,37 km solo,Hoelgaard Markus,https://www.procyclingstats.com/rider/markus-hoelgaard,1994-10-04,1994,Norway,1.88,74.0,20.94,Stavanger,75,finished,51,6588,225,Classic,30,NO,Uno-X Mobility,,,",,",2144,19759
14,RR,19 July 2025,Pau,Luchon-Superbagnères,182.6,5020,430,37.318,37 km solo,Barthe Cyril,https://www.procyclingstats.com/rider/cyril-barthe,1996-02-14,1996,France,1.84,70.0,20.68,Sauveterre-de-Béarn,76,finished,82,8275,93,Hills,29,FR,Groupama - FDJ,,,",,",2144,19759
14,RR,19 July 2025,Pau,Luchon-Superbagnères,182.6,5020,430,37.318,37 km solo,Pithie Laurence,https://www.procyclingstats.com/rider/laurence-pithie,2002-07-17,2002,New Zealand,1.85,74.0,21.62,Christchurch,77,finished,95,8798,75,Classic,23,NZ,Red Bull - BORA - hansgrohe,,,",,",2144,19759
14,RR,19 July 2025,Pau,Luchon-Superbagnères,182.6,5020,430,37.318,37 km solo,Berckmoes Jenno,https://www.procyclingstats.com/rider/jenno-berckmoes,2001-02-04,2001,Belgium,1.77,61.0,19.47,Ghent,78,finished,61,6994,212,Classic,24,BE,Lotto,,,",,",2144,19759
14,RR,19 July 2025,Pau,Luchon-Superbagnères,182.6,5020,430,37.318,37 km solo,Mayrhofer Marius,https://www.procyclingstats.com/rider/marius-mayrhofer,2000-09-18,2000,Germany,1.82,70.0,21.13,Tübingen,79,finished,80,8197,116,Hills,24,DE,Tudor Pro Cycling Team,,,",,",2144,19759
14,RR,19 July 2025,Pau,Luchon-Superbagnères,182.6,5020,430,37.318,37 km solo,van der Poel Mathieu,https://www.procyclingstats.com/rider/mathieu-van-der-poel,1995-01-19,1995,Netherlands,1.84,75.0,22.15,Kapellen,80,finished,45,5979,106,Classic,30,NL,Alpecin - Deceuninck,,,",,",2144,19759
14,RR,19 July 2025,Pau,Luchon-Superbagnères,182.6,5020,430,37.318,37 km solo,Dillier Silvan,https://www.procyclingstats.com/rider/silvan-dillier,1990-08-03,1990,Switzerland,1.83,75.0,22.4,Aarau,81,finished,135,11542,102,Classic,34,CH,Alpecin - Deceuninck,,,",,",2144,19759
14,RR,19 July 2025,Pau,Luchon-Superbagnères,182.6,5020,430,37.318,37 km solo,Delettre Alexandre,https://www.procyclingstats.com/rider/alexandre-delettre,1997-10-25,1997,France,1.7,62.0,21.45,Gonesse,82,finished,57,6781,183,Classic,27,FR,TotalEnergies,,,",,",2144,19759
14,RR,19 July 2025,Pau,Luchon-Superbagnères,182.6,5020,430,37.318,37 km solo,Tronchon Bastien,https://www.procyclingstats.com/rider/bastien-tronchon,2002-03-29,2002,France,1.85,72.0,21.04,Chambéry,83,finished,71,7728,158,Classic,23,FR,Decathlon AG2R La Mondiale Team,,,",,",2144,19759
14,RR,19 July 2025,Pau,Luchon-Superbagnères,182.6,5020,430,37.318,37 km solo,Watson Samuel,https://www.procyclingstats.com/rider/samuel-watson,2001-09-24,2001,Great Britain,1.88,68.0,19.24,Leeds,84,finished,119,10680,68,Hills,23,GB,INEOS Grenadiers,,,",,",2144,19759
14,RR,19 July 2025,Pau,Luchon-Superbagnères,182.6,5020,430,37.318,37 km solo,Powless Neilson,https://www.procyclingstats.com/rider/neilson-powless,1996-09-03,1996,United States,1.83,67.0,20.01,Eglin,85,finished,56,6751,35,Classic,28,US,EF Education - EasyPost,,,",,",2144,19759
14,RR,19 July 2025,Pau,Luchon-Superbagnères,182.6,5020,430,37.318,37 km solo,Van Moer Brent,https://www.procyclingstats.com/rider/brent-van-moer,1998-01-12,1998,Belgium,1.91,79.0,21.66,Beveren,86,finished,87,8438,218,Classic,27,BE,Lotto,,,",,",2144,19759
14,RR,19 July 2025,Pau,Luchon-Superbagnères,182.6,5020,430,37.318,37 km solo,Märkl Niklas,https://www.procyclingstats.com/rider/niklas-markl,1999-03-03,1999,Germany,1.85,70.0,20.45,Queidersbach,87,finished,118,10312,196,Sprint,26,DE,Team Picnic PostNL,,,",,",2144,19759
14,RR,19 July 2025,Pau,Luchon-Superbagnères,182.6,5020,430,37.318,37 km solo,Buchmann Emanuel,https://www.procyclingstats.com/rider/emanuel-buchmann,1992-11-18,1992,Germany,1.8,59.0,18.21,Ravensburg,88,finished,29,4312,161,GC,32,DE,Cofidis,,,",,",2144,19759
14,RR,19 July 2025,Pau,Luchon-Superbagnères,182.6,5020,430,37.318,37 km solo,Turgis Anthony,https://www.procyclingstats.com/rider/anthony-turgis,1994-05-16,1994,France,1.78,70.0,22.09,Bourg-la-Reine,89,finished,112,9890,187,Classic,31,FR,TotalEnergies,,,36:03,2163,19778
14,RR,19 July 2025,Pau,Luchon-Superbagnères,182.6,5020,430,37.318,37 km solo,Armirail Bruno,https://www.procyclingstats.com/rider/bruno-armirail,1994-04-11,1994,France,1.9,72.0,19.94,Bagnères-de-Bigorre,90,finished,62,6996,152,TT,31,FR,Decathlon AG2R La Mondiale Team,,,36:07,2167,19782
14,RR,19 July 2025,Pau,Luchon-Superbagnères,182.6,5020,430,37.318,37 km solo,Neilands Krists,https://www.procyclingstats.com/rider/krists-neilands,1994-08-18,1994,Latvia,1.89,69.0,19.32,Kuldīga,91,finished,86,8400,207,Classic,30,LV,Israel - Premier Tech,,,36:18,2178,19793
14,RR,19 July 2025,Pau,Luchon-Superbagnères,182.6,5020,430,37.318,37 km solo,Stewart Jake,https://www.procyclingstats.com/rider/jake-stewart,1999-10-02,1999,Great Britain,1.79,66.0,20.6,Coventry,92,finished,128,11047,208,Hills,25,GB,Israel - Premier Tech,,,36:36,2196,19811
14,RR,19 July 2025,Pau,Luchon-Superbagnères,182.6,5020,430,37.318,37 km solo,Touzé Damien,https://www.procyclingstats.com/rider/damien-touze,1996-07-07,1996,France,1.74,69.0,22.79,Iville,93,finished,105,9263,168,Classic,29,FR,Cofidis,,,36:40,2200,19815
14,RR,19 July 2025,Pau,Luchon-Superbagnères,182.6,5020,430,37.318,37 km solo,Capiot Amaury,https://www.procyclingstats.com/rider/amaury-capiot,1993-06-25,1993,Belgium,1.86,69.0,19.94,Tongeren,94,finished,132,11430,132,Classic,32,BE,Arkéa - B&B Hotels,,,37:25,2245,19860
14,RR,19 July 2025,Pau,Luchon-Superbagnères,182.6,5020,430,37.318,37 km solo,Swift Connor,https://www.procyclingstats.com/rider/connor-swift,1995-10-30,1995,Great Britain,1.9,75.0,20.78,Thorne,95,finished,111,9888,67,Classic,29,GB,INEOS Grenadiers,,,",,",2245,19860
14,RR,19 July 2025,Pau,Luchon-Superbagnères,182.6,5020,430,37.318,37 km solo,Izagirre Ion,https://www.procyclingstats.com/rider/ion-izagirre,1989-02-04,1989,Spain,1.73,60.0,20.05,Ormaiztegi,96,finished,83,8301,164,GC,36,ES,Cofidis,,,",,",2245,19860
14,RR,19 July 2025,Pau,Luchon-Superbagnères,182.6,5020,430,37.318,37 km solo,Asgreen Kasper,https://www.procyclingstats.com/rider/kasper-asgreen,1995-02-08,1995,Denmark,1.93,75.0,20.13,Kolding,97,finished,93,8793,33,TT,30,DK,EF Education - EasyPost,,,37:34,2254,19869
14,RR,19 July 2025,Pau,Luchon-Superbagnères,182.6,5020,430,37.318,37 km solo,Schachmann Maximilian,https://www.procyclingstats.com/rider/maximilian-schachmann,1994-01-09,1994,Germany,1.83,71.0,21.2,Berlin,98,finished,68,7536,26,GC,31,DE,Soudal Quick-Step,,,",,",2254,19869
14,RR,19 July 2025,Pau,Luchon-Superbagnères,182.6,5020,430,37.318,37 km solo,Ackermann Pascal,https://www.procyclingstats.com/rider/pascal-ackermann,1994-01-17,1994,Germany,1.8,78.0,24.07,Kandel,99,finished,121,10731,202,Sprint,31,DE,Israel - Premier Tech,,,",,",2254,19869
14,RR,19 July 2025,Pau,Luchon-Superbagnères,182.6,5020,430,37.318,37 km solo,Boivin Guillaume,https://www.procyclingstats.com/rider/guillaume-boivin,1989-05-25,1989,Canada,1.8,78.0,24.07,Montreal,100,finished,155,12066,204,Classic,36,CA,Israel - Premier Tech,,,",,",2254,19869
14,RR,19 July 2025,Pau,Luchon-Superbagnères,182.6,5020,430,37.318,37 km solo,Bittner Pavel,https://www.procyclingstats.com/rider/pavel-bittner,2002-10-29,2002,Czech Republic,1.84,73.0,21.56,Olomouc,101,finished,133,11440,193,Sprint,22,CZ,Team Picnic PostNL,,,",,",2254,19869
14,RR,19 July 2025,Pau,Luchon-Superbagnères,182.6,5020,430,37.318,37 km solo,Affini Edoardo,https://www.procyclingstats.com/rider/edoardo-affini,1996-06-24,1996,Italy,1.9,85.0,23.55,Mantua,102,finished,129,11095,12,TT,29,IT,Team Visma | Lease a Bike,,,",,",2254,19869
14,RR,19 July 2025,Pau,Luchon-Superbagnères,182.6,5020,430,37.318,37 km solo,Buitrago Santiago,https://www.procyclingstats.com/rider/santiago-buitrago-sanchez,1999-09-26,1999,Colombia,1.74,59.0,19.49,Bogotá,103,finished,67,7453,51,Climber,25,CO,Bahrain - Victorious,,,",,",2254,19869
14,RR,19 July 2025,Pau,Luchon-Superbagnères,182.6,5020,430,37.318,37 km solo,Trentin Matteo,https://www.procyclingstats.com/rider/matteo-trentin,1989-08-02,1989,Italy,1.79,74.0,23.1,Borgo Valsugana,104,finished,99,8935,118,Classic,35,IT,Tudor Pro Cycling Team,,,",,",2254,19869
14,RR,19 July 2025,Pau,Luchon-Superbagnères,182.6,5020,430,37.318,37 km solo,Stuyven Jasper,https://www.procyclingstats.com/rider/jasper-stuyven,1992-04-17,1992,Belgium,1.87,80.0,22.88,Leuven,105,finished,69,7555,87,Classic,33,BE,Lidl - Trek,,,",,",2254,19869
14,RR,19 July 2025,Pau,Luchon-Superbagnères,182.6,5020,430,37.318,37 km solo,van Aert Wout,https://www.procyclingstats.com/rider/wout-van-aert,1994-09-15,1994,Belgium,1.9,78.0,21.61,Herentals,106,finished,70,7589,17,Classic,30,BE,Team Visma | Lease a Bike,,,",,",2254,19869
14,RR,19 July 2025,Pau,Luchon-Superbagnères,182.6,5020,430,37.318,37 km solo,Benoot Tiesj,https://www.procyclingstats.com/rider/tiesj-benoot,1994-03-11,1994,Belgium,1.9,72.0,19.94,Ghent,107,finished,44,5859,13,Classic,31,BE,Team Visma | Lease a Bike,,,",,",2254,19869
14,RR,19 July 2025,Pau,Luchon-Superbagnères,182.6,5020,430,37.318,37 km solo,van Dijke Mick,https://www.procyclingstats.com/rider/mick-van-dijke,2000-03-15,2000,Netherlands,1.9,74.0,20.5,Goes,108,finished,143,11826,76,Classic,25,NL,Red Bull - BORA - hansgrohe,,,",,",2254,19869
14,RR,19 July 2025,Pau,Luchon-Superbagnères,182.6,5020,430,37.318,37 km solo,Hirschi Marc,https://www.procyclingstats.com/rider/marc-hirschi,1998-08-24,1998,Switzerland,1.74,61.0,20.15,Bern,109,finished,81,8225,114,Classic,26,CH,Tudor Pro Cycling Team,,,",,",2254,19869
14,RR,19 July 2025,Pau,Luchon-Superbagnères,182.6,5020,430,37.318,37 km solo,Burgaudeau Mathieu,https://www.procyclingstats.com/rider/mathieu-burgaudeau,1998-11-17,1998,France,1.68,61.0,21.61,Noirmoutier-en-l'Île,110,finished,65,7172,182,Hills,26,FR,TotalEnergies,,,",,",2254,19869
14,RR,19 July 2025,Pau,Luchon-Superbagnères,182.6,5020,430,37.318,37 km solo,Flynn Sean,https://www.procyclingstats.com/rider/sean-flynn,2000-03-02,2000,Great Britain,1.77,67.0,21.39,Edinburgh,111,finished,125,11007,194,GC,25,GB,Team Picnic PostNL,,,",,",2254,19869
14,RR,19 July 2025,Pau,Luchon-Superbagnères,182.6,5020,430,37.318,37 km solo,Haller Marco,https://www.procyclingstats.com/rider/marco-haller,1991-04-01,1991,Austria,1.78,72.0,22.72,Sankt Veit an der Glan,112,finished,97,8885,113,Classic,34,AT,Tudor Pro Cycling Team,,,",,",2254,19869
14,RR,19 July 2025,Pau,Luchon-Superbagnères,182.6,5020,430,37.318,37 km solo,Naberman Tim,https://www.procyclingstats.com/rider/tim-naberman,1999-05-11,1999,Netherlands,1.87,70.0,20.02,Genemuiden,113,finished,141,11747,197,GC,26,NL,Team Picnic PostNL,,,",,",2254,19869
14,RR,19 July 2025,Pau,Luchon-Superbagnères,182.6,5020,430,37.318,37 km solo,Aranburu Alex,https://www.procyclingstats.com/rider/alex-aranburu,1995-09-19,1995,Spain,1.78,63.0,19.88,Ezkio-Itsaso,114,finished,78,8073,162,Classic,29,ES,Cofidis,,,",,",2254,19869
14,RR,19 July 2025,Pau,Luchon-Superbagnères,182.6,5020,430,37.318,37 km solo,Valgren Michael,https://www.procyclingstats.com/rider/michael-valgren-andersen,1992-02-07,1992,Denmark,1.79,71.0,22.16,Østerild,115,finished,85,8390,37,Classic,33,DK,EF Education - EasyPost,,,",,",2254,19869
14,RR,19 July 2025,Pau,Luchon-Superbagnères,182.6,5020,430,37.318,37 km solo,Durbridge Luke,https://www.procyclingstats.com/rider/luke-durbridge,1991-04-09,1991,Australia,1.87,78.0,22.31,Greenmount,116,finished,140,11736,123,TT,34,AU,Team Jayco AlUla,,,",,",2254,19869
14,RR,19 July 2025,Pau,Luchon-Superbagnères,182.6,5020,430,37.318,37 km solo,Andresen Tobias Lund,https://www.procyclingstats.com/rider/tobias-lund-andresen,2002-08-20,2002,Denmark,1.81,69.0,21.06,Taastrup,117,finished,103,9193,195,Classic,22,DK,Team Picnic PostNL,,,",,",2254,19869
14,RR,19 July 2025,Pau,Luchon-Superbagnères,182.6,5020,430,37.318,37 km solo,Barta Will,https://www.procyclingstats.com/rider/william-barta,1996-01-04,1996,United States,1.8,61.0,18.83,Boise,118,finished,94,8795,142,TT,29,US,Movistar Team,,,",,",2254,19869
14,RR,19 July 2025,Pau,Luchon-Superbagnères,182.6,5020,430,37.318,37 km solo,Johannessen Anders Halland,https://www.procyclingstats.com/rider/anders-halland-johannessen,1999-08-23,1999,Norway,1.76,,,Drøbak,119,finished,92,8737,226,GC,25,NO,Uno-X Mobility,,,",,",2254,19869
14,RR,19 July 2025,Pau,Luchon-Superbagnères,182.6,5020,430,37.318,37 km solo,Albanese Vincenzo,https://www.procyclingstats.com/rider/vincenzo-albanese,1996-11-12,1996,Italy,1.75,70.0,22.86,Oliveto Citra,120,finished,115,10138,32,Hills,28,IT,EF Education - EasyPost,,,",,",2254,19869
14,RR,19 July 2025,Pau,Luchon-Superbagnères,182.6,5020,430,37.318,37 km solo,García Cortina Iván,https://www.procyclingstats.com/rider/ivan-garcia-cortina,1995-11-20,1995,Spain,1.83,77.0,22.99,Gijón,121,finished,113,9928,145,Classic,29,ES,Movistar Team,,,37:49,2269,19884
14,RR,19 July 2025,Pau,Luchon-Superbagnères,182.6,5020,430,37.318,37 km solo,Drizners Jarrad,https://www.procyclingstats.com/rider/jarrad-drizners,1999-05-31,1999,Australia,1.86,70.0,20.23,Adelaide,122,finished,152,12033,214,GC,26,AU,Lotto,,,38:01,2281,19896
14,RR,19 July 2025,Pau,Luchon-Superbagnères,182.6,5020,430,37.318,37 km solo,Groves Kaden,https://www.procyclingstats.com/rider/kaden-groves,1998-12-23,1998,Australia,1.76,76.0,24.54,Gympie,123,finished,104,9210,103,Hills,26,AU,Alpecin - Deceuninck,,,",,",2281,19896
14,RR,19 July 2025,Pau,Luchon-Superbagnères,182.6,5020,430,37.318,37 km solo,Wright Fred,https://www.procyclingstats.com/rider/alfred-wright,1999-06-13,1999,Great Britain,1.84,75.0,22.15,London,124,finished,106,9551,58,Hills,26,GB,Bahrain - Victorious,,,",,",2281,19896
14,RR,19 July 2025,Pau,Luchon-Superbagnères,182.6,5020,430,37.318,37 km solo,Askey Lewis,https://www.procyclingstats.com/rider/lewis-askey,2001-05-04,2001,Great Britain,1.87,75.0,21.45,Cannock,125,finished,136,11570,92,Classic,24,GB,Groupama - FDJ,,,",,",2281,19896
14,RR,19 July 2025,Pau,Luchon-Superbagnères,182.6,5020,430,37.318,37 km solo,Démare Arnaud,https://www.procyclingstats.com/rider/arnaud-demare,1991-08-26,1991,France,1.81,76.0,23.2,Beauvais,126,finished,154,12053,134,Classic,33,FR,Arkéa - B&B Hotels,,,38:23,2303,19918
14,RR,19 July 2025,Pau,Luchon-Superbagnères,182.6,5020,430,37.318,37 km solo,Louvel Matis,https://www.procyclingstats.com/rider/matis-louvel,1999-07-19,1999,France,1.87,77.0,22.02,Mont Saint Aignan,127,finished,110,9836,205,Classic,26,FR,Israel - Premier Tech,,,",,",2303,19918
14,RR,19 July 2025,Pau,Luchon-Superbagnères,182.6,5020,430,37.318,37 km solo,Stannard Robert,https://www.procyclingstats.com/rider/robert-stannard,1998-09-16,1998,Australia,1.79,74.0,23.1,Sydney Previous nationalities New Zealand until 2016,128,finished,117,10185,57,Hills,26,AU,Bahrain - Victorious,,,38:57,2337,19952
14,RR,19 July 2025,Pau,Luchon-Superbagnères,182.6,5020,430,37.318,37 km solo,Van Eetvelt Lennert,https://www.procyclingstats.com/rider/lennert-van-eetvelt,2001-07-17,2001,Belgium,1.76,63.0,20.34,Binkom,129,finished,146,11861,217,Climber,24,BE,Lotto,,,39:05,2345,19960
14,RR,19 July 2025,Pau,Luchon-Superbagnères,182.6,5020,430,37.318,37 km solo,Romeo Iván,https://www.procyclingstats.com/rider/ivan-romeo,2003-08-16,2003,Spain,1.93,75.0,20.13,Valladolid,130,finished,109,9727,147,GC,21,ES,Movistar Team,,,39:15,2355,19970
14,RR,19 July 2025,Pau,Luchon-Superbagnères,182.6,5020,430,37.318,37 km solo,Castrillo Pablo,https://www.procyclingstats.com/rider/pablo-castrillo-zapater,2001-01-02,2001,Spain,1.83,74.0,22.1,Jaca,131,finished,100,9003,143,Climber,24,ES,Movistar Team,,,",,",2355,19970
14,RR,19 July 2025,Pau,Luchon-Superbagnères,182.6,5020,430,37.318,37 km solo,Page Hugo,https://www.procyclingstats.com/rider/hugo-page,2001-07-24,2001,France,1.85,71.0,20.75,Chartres,132,finished,139,11696,44,Classic,23,FR,Intermarché - Wanty,,,39:31,2371,19986
14,RR,19 July 2025,Pau,Luchon-Superbagnères,182.6,5020,430,37.318,37 km solo,Gradek Kamil,https://www.procyclingstats.com/rider/kamil-gradek,1990-09-17,1990,Poland,1.94,83.0,22.05,Koziegłowy,133,finished,160,12423,53,TT,34,PL,Bahrain - Victorious,,,39:33,2373,19988
14,RR,19 July 2025,Pau,Luchon-Superbagnères,182.6,5020,430,37.318,37 km solo,Mohorič Matej,https://www.procyclingstats.com/rider/matej-mohoric,1994-10-19,1994,Slovenia,1.86,71.0,20.52,Kranj,134,finished,123,10840,56,Classic,30,SI,Bahrain - Victorious,,,",,",2373,19988
14,RR,19 July 2025,Pau,Luchon-Superbagnères,182.6,5020,430,37.318,37 km solo,Edvardsen-Fredheim Stian,https://www.procyclingstats.com/rider/stian-fredheim,2003-03-23,2003,Norway,1.84,72.0,21.27,Kristiansand,135,finished,144,11827,224,Sprint,22,NO,Uno-X Mobility,,,40:36,2436,20051
14,RR,19 July 2025,Pau,Luchon-Superbagnères,182.6,5020,430,37.318,37 km solo,Braet Vito,https://www.procyclingstats.com/rider/vito-braet,2000-11-02,2000,Belgium,1.84,68.0,20.09,Hulste,136,finished,142,11820,43,Classic,24,BE,Intermarché - Wanty,,,",,",2436,20051
14,RR,19 July 2025,Pau,Luchon-Superbagnères,182.6,5020,430,37.318,37 km solo,van Poppel Danny,https://www.procyclingstats.com/rider/danny-van-poppel,1993-07-26,1993,Netherlands,1.84,82.0,24.22,Moergestel,137,finished,124,10976,77,Sprint,31,NL,Red Bull - BORA - hansgrohe,,,40:42,2442,20057
14,RR,19 July 2025,Pau,Luchon-Superbagnères,182.6,5020,430,37.318,37 km solo,Reinders Elmar,https://www.procyclingstats.com/rider/elmar-reinders,1992-03-14,1992,Netherlands,1.9,78.1,21.63,Emmen,138,finished,134,11536,127,Classic,33,NL,Team Jayco AlUla,,,",,",2442,20057
14,RR,19 July 2025,Pau,Luchon-Superbagnères,182.6,5020,430,37.318,37 km solo,Teunissen Mike,https://www.procyclingstats.com/rider/mike-teunissen,1992-08-25,1992,Netherlands,1.84,73.0,21.56,Ysselsteyn,139,finished,101,9012,177,Classic,32,NL,XDS Astana Team,,,",,",2442,20057
14,RR,19 July 2025,Pau,Luchon-Superbagnères,182.6,5020,430,37.318,37 km solo,Rex Laurenz,https://www.procyclingstats.com/rider/laurenz-rex,1999-12-15,1999,Belgium,1.93,83.0,22.28,Marburg,140,finished,138,11668,45,Classic,25,BE,Intermarché - Wanty,,,",,",2442,20057
14,RR,19 July 2025,Pau,Luchon-Superbagnères,182.6,5020,430,37.318,37 km solo,Rutsch Jonas,https://www.procyclingstats.com/rider/jonas-rutsch,1998-01-24,1998,Germany,1.97,82.0,21.13,Erbach im Odenwald,141,finished,131,11391,46,Classic,27,DE,Intermarché - Wanty,,,",,",2442,20057
14,RR,19 July 2025,Pau,Luchon-Superbagnères,182.6,5020,430,37.318,37 km solo,Moscon Gianni,https://www.procyclingstats.com/rider/gianni-moscon,1994-04-20,1994,Italy,1.8,71.0,21.91,Trento,142,finished,96,8863,74,Classic,31,IT,Red Bull - BORA - hansgrohe,,,",,",2442,20057
14,RR,19 July 2025,Pau,Luchon-Superbagnères,182.6,5020,430,37.318,37 km solo,van Sintmaartensdijk Roel,https://www.procyclingstats.com/rider/roel-van-sintmaartensdijk,2001-05-08,2001,Netherlands,1.97,77.0,19.84,Zuidland,143,finished,164,12670,47,GC,24,NL,Intermarché - Wanty,,,",,",2442,20057
14,RR,19 July 2025,Pau,Luchon-Superbagnères,182.6,5020,430,37.318,37 km solo,Girmay Biniam,https://www.procyclingstats.com/rider/biniam-girmay,2000-04-02,2000,Eritrea,1.84,70.0,20.68,Asmara,144,finished,130,11286,41,Classic,25,ER,Intermarché - Wanty,,,",,",2442,20057
14,RR,19 July 2025,Pau,Luchon-Superbagnères,182.6,5020,430,37.318,37 km solo,Lienhard Fabian,https://www.procyclingstats.com/rider/fabian-lienhard,1993-09-03,1993,Switzerland,1.83,73.0,21.8,Steinmaur,145,finished,163,12667,115,Classic,31,CH,Tudor Pro Cycling Team,,,40:55,2455,20070
14,RR,19 July 2025,Pau,Luchon-Superbagnères,182.6,5020,430,37.318,37 km solo,Sepúlveda Eduardo,https://www.procyclingstats.com/rider/eduardo-sepulveda,1991-06-13,1991,Argentina,1.73,59.0,19.71,Rawson,146,finished,116,10165,216,GC,34,AR,Lotto,,,41:01,2461,20076
14,RR,19 July 2025,Pau,Luchon-Superbagnères,182.6,5020,430,37.318,37 km solo,Grignard Sébastien,https://www.procyclingstats.com/rider/sebastien-grignard,1999-04-29,1999,Belgium,1.79,68.0,21.22,Mons,147,finished,159,12343,215,Classic,26,BE,Lotto,,,",,",2461,20076
14,RR,19 July 2025,Pau,Luchon-Superbagnères,182.6,5020,430,37.318,37 km solo,Renard Alexis,https://www.procyclingstats.com/rider/alexis-renard,1999-06-01,1999,France,1.86,74.0,21.39,Saint-Brieuc,148,finished,147,11878,165,Classic,26,FR,Cofidis,,,41:09,2469,20084
14,RR,19 July 2025,Pau,Luchon-Superbagnères,182.6,5020,430,37.318,37 km solo,Mezgec Luka,https://www.procyclingstats.com/rider/luka-mezgec,1988-06-27,1988,Slovenia,1.83,72.0,21.5,Kranj,149,finished,156,12176,125,Hills,37,SI,Team Jayco AlUla,,,41:15,2475,20090
14,RR,19 July 2025,Pau,Luchon-Superbagnères,182.6,5020,430,37.318,37 km solo,Plapp Luke,https://www.procyclingstats.com/rider/luke-plapp,2000-12-25,2000,Australia,1.81,72.0,21.98,Melbourne,150,finished,127,11012,126,GC,24,AU,Team Jayco AlUla,,,",,",2475,20090
14,RR,19 July 2025,Pau,Luchon-Superbagnères,182.6,5020,430,37.318,37 km solo,Skujiņš Toms,https://www.procyclingstats.com/rider/toms-skujins,1991-06-15,1991,Latvia,1.81,72.0,21.98,Sigulda,151,finished,102,9021,86,Classic,34,LV,Lidl - Trek,,,41:22,2482,20097
14,RR,19 July 2025,Pau,Luchon-Superbagnères,182.6,5020,430,37.318,37 km solo,Meeus Jordi,https://www.procyclingstats.com/rider/jordi-meeus,1998-07-01,1998,Belgium,1.9,80.0,22.16,Lommel,152,finished,167,12814,73,Classic,27,BE,Red Bull - BORA - hansgrohe,,,",,",2482,20097
14,RR,19 July 2025,Pau,Luchon-Superbagnères,182.6,5020,430,37.318,37 km solo,Bauhaus Phil,https://www.procyclingstats.com/rider/phil-bauhaus,1994-07-08,1994,Germany,1.84,75.0,22.15,Bocholt,153,finished,157,12181,52,Sprint,31,DE,Bahrain - Victorious,,,41:32,2492,20107
14,RR,19 July 2025,Pau,Luchon-Superbagnères,182.6,5020,430,37.318,37 km solo,Cort Magnus,https://www.procyclingstats.com/rider/magnus-cort-nielsen,1993-01-16,1993,Denmark,1.84,68.0,20.09,Rønne,154,finished,145,11855,223,Hills,32,DK,Uno-X Mobility,,,",,",2492,20107
14,RR,19 July 2025,Pau,Luchon-Superbagnères,182.6,5020,430,37.318,37 km solo,Nys Thibau,https://www.procyclingstats.com/rider/thibau-nys,2002-11-12,2002,Belgium,1.76,64.0,20.66,Bonheiden,155,finished,122,10811,83,Hills,22,BE,Lidl - Trek,,,41:36,2496,20111
14,RR,19 July 2025,Pau,Luchon-Superbagnères,182.6,5020,430,37.318,37 km solo,Milan Jonathan,https://www.procyclingstats.com/rider/jonathan-milan,2000-10-01,2000,Italy,1.94,84.0,22.32,Tolmezzo,156,finished,149,11960,81,Sprint,24,IT,Lidl - Trek,,,",,",2496,20111
14,RR,19 July 2025,Pau,Luchon-Superbagnères,182.6,5020,430,37.318,37 km solo,Fedorov Yevgeniy,https://www.procyclingstats.com/rider/yevgeniy-fedorov,2000-02-16,2000,Kazakhstan,1.93,80.0,21.48,Aktobe,157,finished,161,12552,175,Classic,25,KZ,XDS Astana Team,,,",,",2496,20111
14,RR,19 July 2025,Pau,Luchon-Superbagnères,182.6,5020,430,37.318,37 km solo,Dainese Alberto,https://www.procyclingstats.com/rider/alberto-dainese,1998-03-25,1998,Italy,1.75,72.0,23.51,Abano Terme,158,finished,126,11009,112,Sprint,27,IT,Tudor Pro Cycling Team,,,",,",2496,20111
14,RR,19 July 2025,Pau,Luchon-Superbagnères,182.6,5020,430,37.318,37 km solo,Van Lerberghe Bert,https://www.procyclingstats.com/rider/bert-van-lerberghe,1992-09-29,1992,Belgium,1.9,83.0,22.99,Kortrijk,159,finished,150,12014,27,Classic,32,BE,Soudal Quick-Step,,,41:52,2512,20127
14,RR,19 July 2025,Pau,Luchon-Superbagnères,182.6,5020,430,37.318,37 km solo,De Lie Arnaud,https://www.procyclingstats.com/rider/arnaud-de-lie,2002-03-16,2002,Belgium,1.82,78.0,23.55,Libramont,160,finished,137,11622,211,Classic,23,BE,Lotto,,,",,",2512,20127
14,RR,19 July 2025,Pau,Luchon-Superbagnères,182.6,5020,430,37.318,37 km solo,Merlier Tim,https://www.procyclingstats.com/rider/tim-merlier,1992-10-30,1992,Belgium,1.88,76.0,21.5,Wortegem-Petegem,161,finished,151,12032,24,Sprint,32,BE,Soudal Quick-Step,,,",,",2512,20127
14,RR,19 July 2025,Pau,Luchon-Superbagnères,182.6,5020,430,37.318,37 km solo,Thomas Benjamin,https://www.procyclingstats.com/rider/benjamin-thomas-2,1995-09-12,1995,France,1.79,68.0,21.22,Lavaur,162,finished,153,12046,167,TT,29,FR,Cofidis,,,42:01,2521,20136
14,RR,19 July 2025,Pau,Luchon-Superbagnères,182.6,5020,430,37.318,37 km solo,Consonni Simone,https://www.procyclingstats.com/rider/simone-consonni,1994-09-12,1994,Italy,1.65,60.0,22.04,Ponte San Pietro,163,finished,162,12654,82,Classic,30,IT,Lidl - Trek,,,42:32,2552,20167
14,RR,19 July 2025,Pau,Luchon-Superbagnères,182.6,5020,430,37.318,37 km solo,Ballerini Davide,https://www.procyclingstats.com/rider/davide-ballerini,1994-09-21,1994,Italy,1.83,71.0,21.2,Cantù,164,finished,158,12284,172,Classic,30,IT,XDS Astana Team,,,42:42,2562,20177
14,RR,19 July 2025,Pau,Luchon-Superbagnères,182.6,5020,430,37.318,37 km solo,Theuns Edward,https://www.procyclingstats.com/rider/edward-theuns,1991-04-30,1991,Belgium,1.83,72.0,21.5,Ghent,165,finished,165,12696,88,Classic,34,BE,Lidl - Trek,,,",,",2562,20177
14,RR,19 July 2025,Pau,Luchon-Superbagnères,182.6,5020,430,37.318,37 km solo,Groenewegen Dylan,https://www.procyclingstats.com/rider/dylan-groenewegen,1993-06-21,1993,Netherlands,1.77,70.0,22.34,Amsterdam,166,finished,148,11911,124,Sprint,32,NL,Team Jayco AlUla,,,43:13,2593,20208
14,RR,19 July 2025,Pau,Luchon-Superbagnères,182.6,5020,430,37.318,37 km solo,Schmid Mauro,https://www.procyclingstats.com/rider/mauro-schmid,1999-12-04,1999,Switzerland,1.87,70.0,20.02,Bülach,167,finished,98,8927,128,Hills,25,CH,Team Jayco AlUla,,,",,",2593,20208
14,RR,19 July 2025,Pau,Luchon-Superbagnères,182.6,5020,430,37.318,37 km solo,Cras Steff,https://www.procyclingstats.com/rider/steff-cras,1996-02-13,1996,Belgium,1.83,67.0,20.01,Geel,,DNF,,,181,GC,29,BE,TotalEnergies,,,,,
14,RR,19 July 2025,Pau,Luchon-Superbagnères,182.6,5020,430,37.318,37 km solo,Skjelmose Mattias,https://www.procyclingstats.com/rider/mattias-skjelmose-jensen,2000-09-26,2000,Denmark,1.8,65.0,20.06,Copenhagen,,DNF,,,85,Climber,24,DK,Lidl - Trek,,,,,
14,RR,19 July 2025,Pau,Luchon-Superbagnères,182.6,5020,430,37.318,37 km solo,Evenepoel Remco,https://www.procyclingstats.com/rider/remco-evenepoel,2000-01-25,2000,Belgium,1.71,63.0,21.55,Aalst,,DNF,,,21,Climber,25,BE,Soudal Quick-Step,,,,,
14,RR,19 July 2025,Pau,Luchon-Superbagnères,182.6,5020,430,37.318,37 km solo,Coquard Bryan,https://www.procyclingstats.com/rider/bryan-coquard,1992-04-25,1992,France,1.71,59.0,20.18,Saint-Nazaire,,DNS,,,163,Sprint,33,FR,Cofidis,,,,,
15,RR,20 July 2025,Muret,Carcassonne,169.3,2305,73,47.434,43.6 km solo,Wellens Tim,https://www.procyclingstats.com/rider/tim-wellens,1991-05-10,1991,Belgium,1.82,71.0,21.43,Sint-Truiden,1,finished,45,6281,7,GC,34,BE,UAE Team Emirates - XRG,210.0,100.0,3:34:09,0,12849
15,RR,20 July 2025,Muret,Carcassonne,169.3,2305,73,47.434,43.6 km solo,Campenaerts Victor,https://www.procyclingstats.com/rider/victor-campenaerts,1991-10-28,1991,Belgium,1.73,68.0,22.72,Hoboken,2,finished,34,5234,14,TT,33,BE,Team Visma | Lease a Bike,150.0,70.0,1:28,88,12937
15,RR,20 July 2025,Muret,Carcassonne,169.3,2305,73,47.434,43.6 km solo,Alaphilippe Julian,https://www.procyclingstats.com/rider/julian-alaphilippe,1992-06-11,1992,France,1.73,62.0,20.72,Saint-Amand-Montrond,3,finished,52,6646,111,Classic,33,FR,Tudor Pro Cycling Team,110.0,50.0,1:36,96,12945
15,RR,20 July 2025,Muret,Carcassonne,169.3,2305,73,47.434,43.6 km solo,van Aert Wout,https://www.procyclingstats.com/rider/wout-van-aert,1994-09-15,1994,Belgium,1.9,78.0,21.61,Herentals,4,finished,65,7318,17,Classic,30,BE,Team Visma | Lease a Bike,90.0,40.0,",,",96,12945
15,RR,20 July 2025,Muret,Carcassonne,169.3,2305,73,47.434,43.6 km solo,Laurance Axel,https://www.procyclingstats.com/rider/axel-laurance,2001-04-13,2001,France,1.79,63.0,19.66,Calan,5,finished,56,6722,65,Hills,24,FR,INEOS Grenadiers,70.0,32.0,",,",96,12945
15,RR,20 July 2025,Muret,Carcassonne,169.3,2305,73,47.434,43.6 km solo,Vlasov Aleksandr,https://www.procyclingstats.com/rider/aleksandr-vlasov,1996-04-23,1996,Russia,1.86,68.0,19.66,Vyborg,6,finished,30,4446,78,Climber,29,RU,Red Bull - BORA - hansgrohe,55.0,26.0,",,",96,12945
15,RR,20 July 2025,Muret,Carcassonne,169.3,2305,73,47.434,43.6 km solo,Stuyven Jasper,https://www.procyclingstats.com/rider/jasper-stuyven,1992-04-17,1992,Belgium,1.87,80.0,22.88,Leuven,7,finished,64,7284,87,Classic,33,BE,Lidl - Trek,45.0,22.0,",,",96,12945
15,RR,20 July 2025,Muret,Carcassonne,169.3,2305,73,47.434,43.6 km solo,Jegat Jordan,https://www.procyclingstats.com/rider/jordan-jegat,1999-06-07,1999,France,1.76,59.0,19.05,Vannes,8,finished,11,1187,186,Climber,26,FR,TotalEnergies,40.0,18.0,",,",96,12945
15,RR,20 July 2025,Muret,Carcassonne,169.3,2305,73,47.434,43.6 km solo,Valgren Michael,https://www.procyclingstats.com/rider/michael-valgren-andersen,1992-02-07,1992,Denmark,1.79,71.0,22.16,Østerild,9,finished,74,8119,37,Classic,33,DK,EF Education - EasyPost,35.0,14.0,",,",96,12945
15,RR,20 July 2025,Muret,Carcassonne,169.3,2305,73,47.434,43.6 km solo,Madouas Valentin,https://www.procyclingstats.com/rider/valentin-madouas,1996-07-12,1996,France,1.79,71.0,22.16,Brest,10,finished,21,3316,95,Classic,29,FR,Groupama - FDJ,30.0,10.0,",,",96,12945
15,RR,20 July 2025,Muret,Carcassonne,169.3,2305,73,47.434,43.6 km solo,Tejada Harold,https://www.procyclingstats.com/rider/harold-tejada,1997-04-27,1997,Colombia,1.8,63.0,19.44,Pitalito,11,finished,35,5288,171,Climber,28,CO,XDS Astana Team,25.0,8.0,",,",96,12945
15,RR,20 July 2025,Muret,Carcassonne,169.3,2305,73,47.434,43.6 km solo,Nys Thibau,https://www.procyclingstats.com/rider/thibau-nys,2002-11-12,2002,Belgium,1.76,64.0,20.66,Bonheiden,12,finished,114,10540,83,Hills,22,BE,Lidl - Trek,20.0,6.0,",,",96,12945
15,RR,20 July 2025,Muret,Carcassonne,169.3,2305,73,47.434,43.6 km solo,Eenkhoorn Pascal,https://www.procyclingstats.com/rider/pascal-eenkhoorn,1997-02-08,1997,Netherlands,1.85,72.0,21.04,Zwolle,13,finished,44,6136,23,Classic,28,NL,Soudal Quick-Step,15.0,4.0,",,",96,12945
15,RR,20 July 2025,Muret,Carcassonne,169.3,2305,73,47.434,43.6 km solo,Romeo Iván,https://www.procyclingstats.com/rider/ivan-romeo,2003-08-16,2003,Spain,1.93,75.0,20.13,Valladolid,14,finished,99,9456,147,GC,21,ES,Movistar Team,10.0,2.0,",,",96,12945
15,RR,20 July 2025,Muret,Carcassonne,169.3,2305,73,47.434,43.6 km solo,Buitrago Santiago,https://www.procyclingstats.com/rider/santiago-buitrago-sanchez,1999-09-26,1999,Colombia,1.74,59.0,19.49,Bogotá,15,finished,63,7182,51,Climber,25,CO,Bahrain - Victorious,5.0,1.0,",,",96,12945
15,RR,20 July 2025,Muret,Carcassonne,169.3,2305,73,47.434,43.6 km solo,Powless Neilson,https://www.procyclingstats.com/rider/neilson-powless,1996-09-03,1996,United States,1.83,67.0,20.01,Eglin,16,finished,48,6480,35,Classic,28,US,EF Education - EasyPost,,,",,",96,12945
15,RR,20 July 2025,Muret,Carcassonne,169.3,2305,73,47.434,43.6 km solo,Barguil Warren,https://www.procyclingstats.com/rider/warren-barguil,1991-10-28,1991,France,1.83,61.0,18.21,Hennebont,17,finished,22,3601,192,Climber,33,FR,Team Picnic PostNL,,,",,",96,12945
15,RR,20 July 2025,Muret,Carcassonne,169.3,2305,73,47.434,43.6 km solo,Leknessund Andreas,https://www.procyclingstats.com/rider/andreas-leknessund,1999-05-21,1999,Norway,1.86,72.0,20.81,Tromsø,18,finished,71,7918,227,GC,26,NO,Uno-X Mobility,,,",,",96,12945
15,RR,20 July 2025,Muret,Carcassonne,169.3,2305,73,47.434,43.6 km solo,Rodríguez Carlos,https://www.procyclingstats.com/rider/carlos-rodriguez-cano,2001-02-02,2001,Spain,1.83,67.0,20.01,Almuñécar,19,finished,9,1106,66,GC,24,ES,INEOS Grenadiers,,,",,",96,12945
15,RR,20 July 2025,Muret,Carcassonne,169.3,2305,73,47.434,43.6 km solo,Martin Guillaume,https://www.procyclingstats.com/rider/guillaume-martin,1993-06-09,1993,France,1.73,55.0,18.38,Paris,20,finished,13,1623,91,Climber,32,FR,Groupama - FDJ,,,",,",96,12945
15,RR,20 July 2025,Muret,Carcassonne,169.3,2305,73,47.434,43.6 km solo,Simmons Quinn,https://www.procyclingstats.com/rider/quinn-simmons,2001-05-08,2001,United States,1.85,73.0,21.33,Durango,21,finished,43,6134,84,Hills,24,US,Lidl - Trek,,,",,",96,12945
15,RR,20 July 2025,Muret,Carcassonne,169.3,2305,73,47.434,43.6 km solo,Storer Michael,https://www.procyclingstats.com/rider/michael-storer,1997-02-28,1997,Australia,1.77,63.0,20.11,Perth,22,finished,53,6651,117,Climber,28,AU,Tudor Pro Cycling Team,,,",,",96,12945
15,RR,20 July 2025,Muret,Carcassonne,169.3,2305,73,47.434,43.6 km solo,O'Connor Ben,https://www.procyclingstats.com/rider/ben-o-connor,1995-11-25,1995,Australia,1.88,67.0,18.96,Subiaco,23,finished,12,1544,121,GC,29,AU,Team Jayco AlUla,,,",,",96,12945
15,RR,20 July 2025,Muret,Carcassonne,169.3,2305,73,47.434,43.6 km solo,Lutsenko Alexey,https://www.procyclingstats.com/rider/aleksey-lutsenko,1992-09-07,1992,Kazakhstan,1.74,74.0,24.44,Petropavl,24,finished,69,7743,206,GC,32,KZ,Israel - Premier Tech,,,",,",96,12945
15,RR,20 July 2025,Muret,Carcassonne,169.3,2305,73,47.434,43.6 km solo,Meurisse Xandro,https://www.procyclingstats.com/rider/xandro-meurisse,1992-01-31,1992,Belgium,1.81,68.0,20.76,Kortrijk,25,finished,31,4589,104,GC,33,BE,Alpecin - Deceuninck,,,6:01,361,13210
15,RR,20 July 2025,Muret,Carcassonne,169.3,2305,73,47.434,43.6 km solo,van den Broek Frank,https://www.procyclingstats.com/rider/frank-van-den-broek,2000-12-28,2000,Netherlands,1.78,70.0,22.09,Warmond,26,finished,51,6598,198,GC,24,NL,Team Picnic PostNL,,,",,",361,13210
15,RR,20 July 2025,Muret,Carcassonne,169.3,2305,73,47.434,43.6 km solo,Healy Ben,https://www.procyclingstats.com/rider/ben-healy,2000-09-11,2000,Ireland,1.75,62.0,20.24,Kingswinford Previous nationalities Great Britain until 2016,27,finished,10,1121,31,Climber,24,IE,EF Education - EasyPost,,,6:07,367,13216
15,RR,20 July 2025,Muret,Carcassonne,169.3,2305,73,47.434,43.6 km solo,Sivakov Pavel,https://www.procyclingstats.com/rider/pavel-sivakov,1997-07-11,1997,France,1.88,70.0,19.81,San Donà di Piave Previous nationalities Russia until 2022,28,finished,80,8467,5,GC,28,FR,UAE Team Emirates - XRG,,,",,",367,13216
15,RR,20 July 2025,Muret,Carcassonne,169.3,2305,73,47.434,43.6 km solo,Touzé Damien,https://www.procyclingstats.com/rider/damien-touze,1996-07-07,1996,France,1.74,69.0,22.79,Iville,29,finished,97,9263,168,Classic,29,FR,Cofidis,,,",,",367,13216
15,RR,20 July 2025,Muret,Carcassonne,169.3,2305,73,47.434,43.6 km solo,Abrahamsen Jonas,https://www.procyclingstats.com/rider/jonas-abrahamsen,1995-09-20,1995,Norway,1.83,78.0,23.29,Skien,30,finished,83,8669,222,Classic,29,NO,Uno-X Mobility,,,",,",367,13216
15,RR,20 July 2025,Muret,Carcassonne,169.3,2305,73,47.434,43.6 km solo,Politt Nils,https://www.procyclingstats.com/rider/nils-politt,1994-03-06,1994,Germany,1.92,80.0,21.7,Cologne,31,finished,82,8650,4,Classic,31,DE,UAE Team Emirates - XRG,,,",,",367,13216
15,RR,20 July 2025,Muret,Carcassonne,169.3,2305,73,47.434,43.6 km solo,Soler Marc,https://www.procyclingstats.com/rider/marc-soler,1993-11-22,1993,Spain,1.86,68.0,19.66,Vilanova i la Geltrú,32,finished,42,6090,6,Climber,31,ES,UAE Team Emirates - XRG,,,",,",367,13216
15,RR,20 July 2025,Muret,Carcassonne,169.3,2305,73,47.434,43.6 km solo,Pogačar Tadej,https://www.procyclingstats.com/rider/tadej-pogacar,1998-09-21,1998,Slovenia,1.76,66.0,21.31,Klanec,33,finished,1,0,1,Climber,26,SI,UAE Team Emirates - XRG,,,",,",367,13216
15,RR,20 July 2025,Muret,Carcassonne,169.3,2305,73,47.434,43.6 km solo,Narváez Jhonatan,https://www.procyclingstats.com/rider/jhonatan-narvaez,1997-03-04,1997,Ecuador,1.74,65.0,21.47,El Playón de San Francisco,34,finished,14,1915,3,Hills,28,EC,UAE Team Emirates - XRG,,,",,",367,13216
15,RR,20 July 2025,Muret,Carcassonne,169.3,2305,73,47.434,43.6 km solo,Le Berre Mathis,https://www.procyclingstats.com/rider/mathis-le-berre,2001-04-16,2001,France,1.76,68.0,21.95,Saint-Brieuc,35,finished,70,7890,136,Hills,24,FR,Arkéa - B&B Hotels,,,",,",367,13216
15,RR,20 July 2025,Muret,Carcassonne,169.3,2305,73,47.434,43.6 km solo,Cort Magnus,https://www.procyclingstats.com/rider/magnus-cort-nielsen,1993-01-16,1993,Denmark,1.84,68.0,20.09,Rønne,36,finished,130,11855,223,Hills,32,DK,Uno-X Mobility,,,",,",367,13216
15,RR,20 July 2025,Muret,Carcassonne,169.3,2305,73,47.434,43.6 km solo,Johannessen Tobias Halland,https://www.procyclingstats.com/rider/tobias-halland-johannessen,1999-08-23,1999,Norway,1.76,62.0,20.02,Drøbak,37,finished,8,753,221,Climber,25,NO,Uno-X Mobility,,,",,",367,13216
15,RR,20 July 2025,Muret,Carcassonne,169.3,2305,73,47.434,43.6 km solo,Hoelgaard Markus,https://www.procyclingstats.com/rider/markus-hoelgaard,1994-10-04,1994,Norway,1.88,74.0,20.94,Stavanger,38,finished,50,6588,225,Classic,30,NO,Uno-X Mobility,,,",,",367,13216
15,RR,20 July 2025,Muret,Carcassonne,169.3,2305,73,47.434,43.6 km solo,Affini Edoardo,https://www.procyclingstats.com/rider/edoardo-affini,1996-06-24,1996,Italy,1.9,85.0,23.55,Mantua,39,finished,122,11095,12,TT,29,IT,Team Visma | Lease a Bike,,,",,",367,13216
15,RR,20 July 2025,Muret,Carcassonne,169.3,2305,73,47.434,43.6 km solo,Vingegaard Jonas,https://www.procyclingstats.com/rider/jonas-vingegaard,1996-12-10,1996,Denmark,1.75,58.0,18.94,Hillerslev,40,finished,2,253,11,GC,28,DK,Team Visma | Lease a Bike,,,",,",367,13216
15,RR,20 July 2025,Muret,Carcassonne,169.3,2305,73,47.434,43.6 km solo,Rodríguez Cristián,https://www.procyclingstats.com/rider/cristian-rodriguez,1995-03-03,1995,Spain,1.78,59.0,18.62,El Ejido,41,finished,18,2849,137,GC,30,ES,Arkéa - B&B Hotels,,,",,",367,13216
15,RR,20 July 2025,Muret,Carcassonne,169.3,2305,73,47.434,43.6 km solo,Jorgenson Matteo,https://www.procyclingstats.com/rider/matteo-jorgenson,1999-07-01,1999,United States,1.9,69.0,19.11,Walnut Creek,42,finished,15,1929,15,GC,26,US,Team Visma | Lease a Bike,,,",,",367,13216
15,RR,20 July 2025,Muret,Carcassonne,169.3,2305,73,47.434,43.6 km solo,Kuss Sepp,https://www.procyclingstats.com/rider/sepp-kuss,1994-09-13,1994,United States,1.82,61.0,18.42,Durango,43,finished,17,2610,16,Climber,30,US,Team Visma | Lease a Bike,,,",,",367,13216
15,RR,20 July 2025,Muret,Carcassonne,169.3,2305,73,47.434,43.6 km solo,van Poppel Danny,https://www.procyclingstats.com/rider/danny-van-poppel,1993-07-26,1993,Netherlands,1.84,82.0,24.22,Moergestel,44,finished,119,10976,77,Sprint,31,NL,Red Bull - BORA - hansgrohe,,,",,",367,13216
15,RR,20 July 2025,Muret,Carcassonne,169.3,2305,73,47.434,43.6 km solo,Pithie Laurence,https://www.procyclingstats.com/rider/laurence-pithie,2002-07-17,2002,New Zealand,1.85,74.0,21.62,Christchurch,45,finished,85,8798,75,Classic,23,NZ,Red Bull - BORA - hansgrohe,,,",,",367,13216
15,RR,20 July 2025,Muret,Carcassonne,169.3,2305,73,47.434,43.6 km solo,Lipowitz Florian,https://www.procyclingstats.com/rider/florian-lipowitz,2000-09-21,2000,Germany,1.81,68.0,20.76,Laichingen,46,finished,3,473,72,GC,24,DE,Red Bull - BORA - hansgrohe,,,",,",367,13216
15,RR,20 July 2025,Muret,Carcassonne,169.3,2305,73,47.434,43.6 km solo,Vauquelin Kévin,https://www.procyclingstats.com/rider/kevin-vauquelin,2001-04-26,2001,France,1.76,69.0,22.28,Bayeux,47,finished,5,621,131,GC,24,FR,Arkéa - B&B Hotels,,,",,",367,13216
15,RR,20 July 2025,Muret,Carcassonne,169.3,2305,73,47.434,43.6 km solo,Wright Fred,https://www.procyclingstats.com/rider/alfred-wright,1999-06-13,1999,Great Britain,1.84,75.0,22.15,London,48,finished,100,9551,58,Hills,26,GB,Bahrain - Victorious,,,",,",367,13216
15,RR,20 July 2025,Muret,Carcassonne,169.3,2305,73,47.434,43.6 km solo,Roglič Primož,https://www.procyclingstats.com/rider/primoz-roglic,1989-10-29,1989,Slovenia,1.77,65.0,20.75,Trbovlje,49,finished,6,634,71,Climber,35,SI,Red Bull - BORA - hansgrohe,,,",,",367,13216
15,RR,20 July 2025,Muret,Carcassonne,169.3,2305,73,47.434,43.6 km solo,Venturini Clément,https://www.procyclingstats.com/rider/clement-venturini,1993-10-16,1993,France,1.65,60.0,22.04,Villeurbanne,50,finished,40,5796,138,Classic,31,FR,Arkéa - B&B Hotels,,,",,",367,13216
15,RR,20 July 2025,Muret,Carcassonne,169.3,2305,73,47.434,43.6 km solo,Vermeersch Gianni,https://www.procyclingstats.com/rider/gianni-vermeersch,1992-11-19,1992,Belgium,1.73,68.0,22.72,Roeselare,51,finished,111,10026,107,Classic,32,BE,Alpecin - Deceuninck,,,",,",367,13216
15,RR,20 July 2025,Muret,Carcassonne,169.3,2305,73,47.434,43.6 km solo,Märkl Niklas,https://www.procyclingstats.com/rider/niklas-markl,1999-03-03,1999,Germany,1.85,70.0,20.45,Queidersbach,52,finished,113,10312,196,Sprint,26,DE,Team Picnic PostNL,,,",,",367,13216
15,RR,20 July 2025,Muret,Carcassonne,169.3,2305,73,47.434,43.6 km solo,García Pierna Raúl,https://www.procyclingstats.com/rider/raul-garcia-pierna,2001-02-23,2001,Spain,1.75,67.0,21.88,Tres Cantos,53,finished,36,5336,135,Climber,24,ES,Arkéa - B&B Hotels,,,",,",367,13216
15,RR,20 July 2025,Muret,Carcassonne,169.3,2305,73,47.434,43.6 km solo,Rickaert Jonas,https://www.procyclingstats.com/rider/jonas-rickaert,1994-02-07,1994,Belgium,1.9,88.0,24.38,Sint-Eloois-Vijve,54,finished,101,9611,105,Classic,31,BE,Alpecin - Deceuninck,,,",,",367,13216
15,RR,20 July 2025,Muret,Carcassonne,169.3,2305,73,47.434,43.6 km solo,Onley Oscar,https://www.procyclingstats.com/rider/oscar-onley,2002-10-13,2002,Great Britain,1.73,62.0,20.72,Kelso,55,finished,4,558,191,GC,22,GB,Team Picnic PostNL,,,",,",367,13216
15,RR,20 July 2025,Muret,Carcassonne,169.3,2305,73,47.434,43.6 km solo,Naberman Tim,https://www.procyclingstats.com/rider/tim-naberman,1999-05-11,1999,Netherlands,1.87,70.0,20.02,Genemuiden,56,finished,128,11747,197,GC,26,NL,Team Picnic PostNL,,,",,",367,13216
15,RR,20 July 2025,Muret,Carcassonne,169.3,2305,73,47.434,43.6 km solo,Skujiņš Toms,https://www.procyclingstats.com/rider/toms-skujins,1991-06-15,1991,Latvia,1.81,72.0,21.98,Sigulda,57,finished,92,9021,86,Classic,34,LV,Lidl - Trek,,,",,",367,13216
15,RR,20 July 2025,Muret,Carcassonne,169.3,2305,73,47.434,43.6 km solo,Andresen Tobias Lund,https://www.procyclingstats.com/rider/tobias-lund-andresen,2002-08-20,2002,Denmark,1.81,69.0,21.06,Taastrup,58,finished,94,9193,195,Classic,22,DK,Team Picnic PostNL,,,",,",367,13216
15,RR,20 July 2025,Muret,Carcassonne,169.3,2305,73,47.434,43.6 km solo,Teunissen Mike,https://www.procyclingstats.com/rider/mike-teunissen,1992-08-25,1992,Netherlands,1.84,73.0,21.56,Ysselsteyn,59,finished,91,9012,177,Classic,32,NL,XDS Astana Team,,,",,",367,13216
15,RR,20 July 2025,Muret,Carcassonne,169.3,2305,73,47.434,43.6 km solo,Barthe Cyril,https://www.procyclingstats.com/rider/cyril-barthe,1996-02-14,1996,France,1.84,70.0,20.68,Sauveterre-de-Béarn,60,finished,77,8275,93,Hills,29,FR,Groupama - FDJ,,,",,",367,13216
15,RR,20 July 2025,Muret,Carcassonne,169.3,2305,73,47.434,43.6 km solo,Gachignard Thomas,https://www.procyclingstats.com/rider/thomas-gachignard,2000-08-17,2000,France,,,,Niort,61,finished,54,6687,184,GC,24,FR,TotalEnergies,,,",,",367,13216
15,RR,20 July 2025,Muret,Carcassonne,169.3,2305,73,47.434,43.6 km solo,van der Poel Mathieu,https://www.procyclingstats.com/rider/mathieu-van-der-poel,1995-01-19,1995,Netherlands,1.84,75.0,22.15,Kapellen,62,finished,41,5979,106,Classic,30,NL,Alpecin - Deceuninck,,,",,",367,13216
15,RR,20 July 2025,Muret,Carcassonne,169.3,2305,73,47.434,43.6 km solo,Naesen Oliver,https://www.procyclingstats.com/rider/oliver-naesen,1990-09-16,1990,Belgium,1.84,74.0,21.86,Oostende,63,finished,73,8044,155,Classic,34,BE,Decathlon AG2R La Mondiale Team,,,",,",367,13216
15,RR,20 July 2025,Muret,Carcassonne,169.3,2305,73,47.434,43.6 km solo,Gall Felix,https://www.procyclingstats.com/rider/felix-gall,1998-02-27,1998,Austria,1.8,66.0,20.37,Nußdorf-Debant,64,finished,7,720,151,Climber,27,AT,Decathlon AG2R La Mondiale Team,,,",,",367,13216
15,RR,20 July 2025,Muret,Carcassonne,169.3,2305,73,47.434,43.6 km solo,Higuita Sergio,https://www.procyclingstats.com/rider/sergio-higuita,1997-08-01,1997,Colombia,1.66,57.0,20.69,Medellín,65,finished,19,3115,176,Climber,27,CO,XDS Astana Team,,,",,",367,13216
15,RR,20 July 2025,Muret,Carcassonne,169.3,2305,73,47.434,43.6 km solo,Mayrhofer Marius,https://www.procyclingstats.com/rider/marius-mayrhofer,2000-09-18,2000,Germany,1.82,70.0,21.13,Tübingen,66,finished,75,8197,116,Hills,24,DE,Tudor Pro Cycling Team,,,",,",367,13216
15,RR,20 July 2025,Muret,Carcassonne,169.3,2305,73,47.434,43.6 km solo,Grégoire Romain,https://www.procyclingstats.com/rider/romain-gregoire,2003-01-21,2003,France,1.76,64.0,20.66,Besançon,67,finished,27,4282,94,Classic,22,FR,Groupama - FDJ,,,",,",367,13216
15,RR,20 July 2025,Muret,Carcassonne,169.3,2305,73,47.434,43.6 km solo,Haller Marco,https://www.procyclingstats.com/rider/marco-haller,1991-04-01,1991,Austria,1.78,72.0,22.72,Sankt Veit an der Glan,68,finished,89,8885,113,Classic,34,AT,Tudor Pro Cycling Team,,,",,",367,13216
15,RR,20 July 2025,Muret,Carcassonne,169.3,2305,73,47.434,43.6 km solo,Dainese Alberto,https://www.procyclingstats.com/rider/alberto-dainese,1998-03-25,1998,Italy,1.75,72.0,23.51,Abano Terme,69,finished,120,11009,112,Sprint,27,IT,Tudor Pro Cycling Team,,,",,",367,13216
15,RR,20 July 2025,Muret,Carcassonne,169.3,2305,73,47.434,43.6 km solo,Izagirre Ion,https://www.procyclingstats.com/rider/ion-izagirre,1989-02-04,1989,Spain,1.73,60.0,20.05,Ormaiztegi,70,finished,78,8301,164,GC,36,ES,Cofidis,,,",,",367,13216
15,RR,20 July 2025,Muret,Carcassonne,169.3,2305,73,47.434,43.6 km solo,Delettre Alexandre,https://www.procyclingstats.com/rider/alexandre-delettre,1997-10-25,1997,France,1.7,62.0,21.45,Gonesse,71,finished,57,6781,183,Classic,27,FR,TotalEnergies,,,",,",367,13216
15,RR,20 July 2025,Muret,Carcassonne,169.3,2305,73,47.434,43.6 km solo,Schachmann Maximilian,https://www.procyclingstats.com/rider/maximilian-schachmann,1994-01-09,1994,Germany,1.83,71.0,21.2,Berlin,72,finished,67,7536,26,GC,31,DE,Soudal Quick-Step,,,",,",367,13216
15,RR,20 July 2025,Muret,Carcassonne,169.3,2305,73,47.434,43.6 km solo,Mühlberger Gregor,https://www.procyclingstats.com/rider/gregor-muhlberger,1994-04-04,1994,Austria,1.8,64.0,19.75,Haidershofen,73,finished,25,4219,146,GC,31,AT,Movistar Team,,,",,",367,13216
15,RR,20 July 2025,Muret,Carcassonne,169.3,2305,73,47.434,43.6 km solo,Penhoët Paul,https://www.procyclingstats.com/rider/paul-penhoet,2001-12-28,2001,France,1.73,64.0,21.38,Clamart,74,finished,117,10685,97,Classic,23,FR,Groupama - FDJ,,,",,",367,13216
15,RR,20 July 2025,Muret,Carcassonne,169.3,2305,73,47.434,43.6 km solo,Russo Clément,https://www.procyclingstats.com/rider/clement-russo,1995-01-20,1995,France,1.87,74.0,21.16,Lyon,75,finished,103,9692,98,Classic,30,FR,Groupama - FDJ,,,",,",367,13216
15,RR,20 July 2025,Muret,Carcassonne,169.3,2305,73,47.434,43.6 km solo,Buchmann Emanuel,https://www.procyclingstats.com/rider/emanuel-buchmann,1992-11-18,1992,Germany,1.8,59.0,18.21,Ravensburg,76,finished,29,4312,161,GC,32,DE,Cofidis,,,",,",367,13216
15,RR,20 July 2025,Muret,Carcassonne,169.3,2305,73,47.434,43.6 km solo,Pacher Quentin,https://www.procyclingstats.com/rider/quentin-pacher,1992-01-06,1992,France,1.79,62.0,19.35,Libourne,77,finished,39,5607,96,Hills,33,FR,Groupama - FDJ,,,",,",367,13216
15,RR,20 July 2025,Muret,Carcassonne,169.3,2305,73,47.434,43.6 km solo,Vercher Mattéo,https://www.procyclingstats.com/rider/matheo-vercher,2001-01-26,2001,France,1.71,,,Lyon,78,finished,143,12714,188,Hills,24,FR,TotalEnergies,,,",,",367,13216
15,RR,20 July 2025,Muret,Carcassonne,169.3,2305,73,47.434,43.6 km solo,Arensman Thymen,https://www.procyclingstats.com/rider/thymen-arensman,1999-12-04,1999,Netherlands,1.9,68.0,18.84,Deil,79,finished,16,2576,62,GC,25,NL,INEOS Grenadiers,,,",,",367,13216
15,RR,20 July 2025,Muret,Carcassonne,169.3,2305,73,47.434,43.6 km solo,Paret-Peintre Aurélien,https://www.procyclingstats.com/rider/aurelien-paret-peintre,1996-02-27,1996,France,1.84,64.0,18.9,Annemasse,80,finished,24,4101,156,GC,29,FR,Decathlon AG2R La Mondiale Team,,,",,",367,13216
15,RR,20 July 2025,Muret,Carcassonne,169.3,2305,73,47.434,43.6 km solo,Louvel Matis,https://www.procyclingstats.com/rider/matis-louvel,1999-07-19,1999,France,1.87,77.0,22.02,Mont Saint Aignan,81,finished,107,9836,205,Classic,26,FR,Israel - Premier Tech,,,",,",367,13216
15,RR,20 July 2025,Muret,Carcassonne,169.3,2305,73,47.434,43.6 km solo,Woods Michael,https://www.procyclingstats.com/rider/michael-woods,1986-10-12,1986,Canada,1.75,62.0,20.24,Toronto,82,finished,59,7042,201,Climber,38,CA,Israel - Premier Tech,,,",,",367,13216
15,RR,20 July 2025,Muret,Carcassonne,169.3,2305,73,47.434,43.6 km solo,Blackmore Joseph,https://www.procyclingstats.com/rider/joseph-blackmore,2003-02-23,2003,Great Britain,1.81,66.0,20.15,Sidcup,83,finished,37,5385,203,GC,22,GB,Israel - Premier Tech,,,",,",367,13216
15,RR,20 July 2025,Muret,Carcassonne,169.3,2305,73,47.434,43.6 km solo,Groves Kaden,https://www.procyclingstats.com/rider/kaden-groves,1998-12-23,1998,Australia,1.76,76.0,24.54,Gympie,84,finished,95,9210,103,Hills,26,AU,Alpecin - Deceuninck,,,",,",367,13216
15,RR,20 July 2025,Muret,Carcassonne,169.3,2305,73,47.434,43.6 km solo,Neilands Krists,https://www.procyclingstats.com/rider/krists-neilands,1994-08-18,1994,Latvia,1.89,69.0,19.32,Kuldīga,85,finished,79,8400,207,Classic,30,LV,Israel - Premier Tech,,,",,",367,13216
15,RR,20 July 2025,Muret,Carcassonne,169.3,2305,73,47.434,43.6 km solo,Burgaudeau Mathieu,https://www.procyclingstats.com/rider/mathieu-burgaudeau,1998-11-17,1998,France,1.68,61.0,21.61,Noirmoutier-en-l'Île,86,finished,62,7172,182,Hills,26,FR,TotalEnergies,,,",,",367,13216
15,RR,20 July 2025,Muret,Carcassonne,169.3,2305,73,47.434,43.6 km solo,Scotson Callum,https://www.procyclingstats.com/rider/callum-scotson,1996-08-10,1996,Australia,1.83,77.0,22.99,Campbelltown,87,finished,26,4271,157,GC,28,AU,Decathlon AG2R La Mondiale Team,,,6:32,392,13241
15,RR,20 July 2025,Muret,Carcassonne,169.3,2305,73,47.434,43.6 km solo,Verstrynge Emiel,https://www.procyclingstats.com/rider/emiel-verstrynge,2002-02-04,2002,Belgium,1.89,69.0,19.32,Eeklo,88,finished,61,7124,108,Climber,23,BE,Alpecin - Deceuninck,,,",,",392,13241
15,RR,20 July 2025,Muret,Carcassonne,169.3,2305,73,47.434,43.6 km solo,Van Wilder Ilan,https://www.procyclingstats.com/rider/ilan-van-wilder,2000-05-14,2000,Belgium,1.71,64.0,21.89,Jette,89,finished,33,5156,28,GC,25,BE,Soudal Quick-Step,,,6:40,400,13249
15,RR,20 July 2025,Muret,Carcassonne,169.3,2305,73,47.434,43.6 km solo,Asgreen Kasper,https://www.procyclingstats.com/rider/kasper-asgreen,1995-02-08,1995,Denmark,1.93,75.0,20.13,Kolding,90,finished,86,8826,33,TT,30,DK,EF Education - EasyPost,,,",,",400,13249
15,RR,20 July 2025,Muret,Carcassonne,169.3,2305,73,47.434,43.6 km solo,Sweeny Harry,https://www.procyclingstats.com/rider/harry-sweeny,1998-07-09,1998,Australia,1.86,75.0,21.68,Warwick,91,finished,38,5408,36,GC,27,AU,EF Education - EasyPost,,,6:50,410,13259
15,RR,20 July 2025,Muret,Carcassonne,169.3,2305,73,47.434,43.6 km solo,Stewart Jake,https://www.procyclingstats.com/rider/jake-stewart,1999-10-02,1999,Great Britain,1.79,66.0,20.6,Coventry,92,finished,123,11098,208,Hills,25,GB,Israel - Premier Tech,,,6:58,418,13267
15,RR,20 July 2025,Muret,Carcassonne,169.3,2305,73,47.434,43.6 km solo,Albanese Vincenzo,https://www.procyclingstats.com/rider/vincenzo-albanese,1996-11-12,1996,Italy,1.75,70.0,22.86,Oliveto Citra,93,finished,112,10195,32,Hills,28,IT,EF Education - EasyPost,,,7:04,424,13273
15,RR,20 July 2025,Muret,Carcassonne,169.3,2305,73,47.434,43.6 km solo,Thomas Geraint,https://www.procyclingstats.com/rider/geraint-thomas,1986-05-25,1986,Great Britain,1.83,71.0,21.2,Cardiff,94,finished,47,6317,61,GC,39,GB,INEOS Grenadiers,,,7:10,430,13279
15,RR,20 July 2025,Muret,Carcassonne,169.3,2305,73,47.434,43.6 km solo,Armirail Bruno,https://www.procyclingstats.com/rider/bruno-armirail,1994-04-11,1994,France,1.9,72.0,19.94,Bagnères-de-Bigorre,95,finished,60,7059,152,TT,31,FR,Decathlon AG2R La Mondiale Team,,,",,",430,13279
15,RR,20 July 2025,Muret,Carcassonne,169.3,2305,73,47.434,43.6 km solo,Berthet Clément,https://www.procyclingstats.com/rider/clement-berthet,1997-08-02,1997,France,1.84,68.0,20.09,Pierre Bénite,96,finished,32,5044,153,Climber,27,FR,Decathlon AG2R La Mondiale Team,,,8:23,503,13352
15,RR,20 July 2025,Muret,Carcassonne,169.3,2305,73,47.434,43.6 km solo,Mas Enric,https://www.procyclingstats.com/rider/enric-mas,1995-01-07,1995,Spain,1.77,61.0,19.47,Artà,97,finished,20,3214,141,Climber,30,ES,Movistar Team,,,8:30,510,13359
15,RR,20 July 2025,Muret,Carcassonne,169.3,2305,73,47.434,43.6 km solo,Van Moer Brent,https://www.procyclingstats.com/rider/brent-van-moer,1998-01-12,1998,Belgium,1.91,79.0,21.66,Beveren,98,finished,81,8587,218,Classic,27,BE,Lotto,,,8:36,516,13365
15,RR,20 July 2025,Muret,Carcassonne,169.3,2305,73,47.434,43.6 km solo,Mohorič Matej,https://www.procyclingstats.com/rider/matej-mohoric,1994-10-19,1994,Slovenia,1.86,71.0,20.52,Kranj,99,finished,121,11010,56,Classic,30,SI,Bahrain - Victorious,,,8:57,537,13386
15,RR,20 July 2025,Muret,Carcassonne,169.3,2305,73,47.434,43.6 km solo,Turgis Anthony,https://www.procyclingstats.com/rider/anthony-turgis,1994-05-16,1994,France,1.78,70.0,22.09,Bourg-la-Reine,100,finished,116,10649,187,Classic,31,FR,TotalEnergies,,,18:46,1126,13975
15,RR,20 July 2025,Muret,Carcassonne,169.3,2305,73,47.434,43.6 km solo,Girmay Biniam,https://www.procyclingstats.com/rider/biniam-girmay,2000-04-02,2000,Eritrea,1.84,70.0,20.68,Asmara,101,finished,132,12045,41,Classic,25,ER,Intermarché - Wanty,,,",,",1126,13975
15,RR,20 July 2025,Muret,Carcassonne,169.3,2305,73,47.434,43.6 km solo,Plapp Luke,https://www.procyclingstats.com/rider/luke-plapp,2000-12-25,2000,Australia,1.81,72.0,21.98,Melbourne,102,finished,129,11771,126,GC,24,AU,Team Jayco AlUla,,,",,",1126,13975
15,RR,20 July 2025,Muret,Carcassonne,169.3,2305,73,47.434,43.6 km solo,Trentin Matteo,https://www.procyclingstats.com/rider/matteo-trentin,1989-08-02,1989,Italy,1.79,74.0,23.1,Borgo Valsugana,103,finished,104,9694,118,Classic,35,IT,Tudor Pro Cycling Team,,,",,",1126,13975
15,RR,20 July 2025,Muret,Carcassonne,169.3,2305,73,47.434,43.6 km solo,Swift Connor,https://www.procyclingstats.com/rider/connor-swift,1995-10-30,1995,Great Britain,1.9,75.0,20.78,Thorne,104,finished,115,10647,67,Classic,29,GB,INEOS Grenadiers,,,",,",1126,13975
15,RR,20 July 2025,Muret,Carcassonne,169.3,2305,73,47.434,43.6 km solo,Durbridge Luke,https://www.procyclingstats.com/rider/luke-durbridge,1991-04-09,1991,Australia,1.87,78.0,22.31,Greenmount,105,finished,137,12495,123,TT,34,AU,Team Jayco AlUla,,,",,",1126,13975
15,RR,20 July 2025,Muret,Carcassonne,169.3,2305,73,47.434,43.6 km solo,Drizners Jarrad,https://www.procyclingstats.com/rider/jarrad-drizners,1999-05-31,1999,Australia,1.86,70.0,20.23,Adelaide,106,finished,144,12792,214,GC,26,AU,Lotto,,,",,",1126,13975
15,RR,20 July 2025,Muret,Carcassonne,169.3,2305,73,47.434,43.6 km solo,Grignard Sébastien,https://www.procyclingstats.com/rider/sebastien-grignard,1999-04-29,1999,Belgium,1.79,68.0,21.22,Mons,107,finished,156,13102,215,Classic,26,BE,Lotto,,,",,",1126,13975
15,RR,20 July 2025,Muret,Carcassonne,169.3,2305,73,47.434,43.6 km solo,De Lie Arnaud,https://www.procyclingstats.com/rider/arnaud-de-lie,2002-03-16,2002,Belgium,1.82,78.0,23.55,Libramont,108,finished,134,12410,211,Classic,23,BE,Lotto,,,19:15,1155,14004
15,RR,20 July 2025,Muret,Carcassonne,169.3,2305,73,47.434,43.6 km solo,Fedorov Yevgeniy,https://www.procyclingstats.com/rider/yevgeniy-fedorov,2000-02-16,2000,Kazakhstan,1.93,80.0,21.48,Aktobe,109,finished,161,13547,175,Classic,25,KZ,XDS Astana Team,,,22:42,1362,14211
15,RR,20 July 2025,Muret,Carcassonne,169.3,2305,73,47.434,43.6 km solo,Rex Laurenz,https://www.procyclingstats.com/rider/laurenz-rex,1999-12-15,1999,Belgium,1.93,83.0,22.28,Marburg,110,finished,141,12663,45,Classic,25,BE,Intermarché - Wanty,,,",,",1362,14211
15,RR,20 July 2025,Muret,Carcassonne,169.3,2305,73,47.434,43.6 km solo,García Cortina Iván,https://www.procyclingstats.com/rider/ivan-garcia-cortina,1995-11-20,1995,Spain,1.83,77.0,22.99,Gijón,111,finished,118,10923,145,Classic,29,ES,Movistar Team,,,",,",1362,14211
15,RR,20 July 2025,Muret,Carcassonne,169.3,2305,73,47.434,43.6 km solo,Ballerini Davide,https://www.procyclingstats.com/rider/davide-ballerini,1994-09-21,1994,Italy,1.83,71.0,21.2,Cantù,112,finished,159,13279,172,Classic,30,IT,XDS Astana Team,,,",,",1362,14211
15,RR,20 July 2025,Muret,Carcassonne,169.3,2305,73,47.434,43.6 km solo,Rutsch Jonas,https://www.procyclingstats.com/rider/jonas-rutsch,1998-01-24,1998,Germany,1.97,82.0,21.13,Erbach im Odenwald,113,finished,133,12386,46,Classic,27,DE,Intermarché - Wanty,,,",,",1362,14211
15,RR,20 July 2025,Muret,Carcassonne,169.3,2305,73,47.434,43.6 km solo,Dillier Silvan,https://www.procyclingstats.com/rider/silvan-dillier,1990-08-03,1990,Switzerland,1.83,75.0,22.4,Aarau,114,finished,139,12537,102,Classic,34,CH,Alpecin - Deceuninck,,,",,",1362,14211
15,RR,20 July 2025,Muret,Carcassonne,169.3,2305,73,47.434,43.6 km solo,Reinders Elmar,https://www.procyclingstats.com/rider/elmar-reinders,1992-03-14,1992,Netherlands,1.9,78.1,21.63,Emmen,115,finished,138,12531,127,Classic,33,NL,Team Jayco AlUla,,,",,",1362,14211
15,RR,20 July 2025,Muret,Carcassonne,169.3,2305,73,47.434,43.6 km solo,Velasco Simone,https://www.procyclingstats.com/rider/simone-velasco,1995-12-02,1995,Italy,1.7,59.0,20.42,Bologna,116,finished,49,6559,178,Classic,29,IT,XDS Astana Team,,,",,",1362,14211
15,RR,20 July 2025,Muret,Carcassonne,169.3,2305,73,47.434,43.6 km solo,Gradek Kamil,https://www.procyclingstats.com/rider/kamil-gradek,1990-09-17,1990,Poland,1.94,83.0,22.05,Koziegłowy,117,finished,160,13418,53,TT,34,PL,Bahrain - Victorious,,,",,",1362,14211
15,RR,20 July 2025,Muret,Carcassonne,169.3,2305,73,47.434,43.6 km solo,Stannard Robert,https://www.procyclingstats.com/rider/robert-stannard,1998-09-16,1998,Australia,1.79,74.0,23.1,Sydney Previous nationalities New Zealand until 2016,118,finished,125,11180,57,Hills,26,AU,Bahrain - Victorious,,,",,",1362,14211
15,RR,20 July 2025,Muret,Carcassonne,169.3,2305,73,47.434,43.6 km solo,Milan Jonathan,https://www.procyclingstats.com/rider/jonathan-milan,2000-10-01,2000,Italy,1.94,84.0,22.32,Tolmezzo,119,finished,150,12955,81,Sprint,24,IT,Lidl - Trek,,,",,",1362,14211
15,RR,20 July 2025,Muret,Carcassonne,169.3,2305,73,47.434,43.6 km solo,Bittner Pavel,https://www.procyclingstats.com/rider/pavel-bittner,2002-10-29,2002,Czech Republic,1.84,73.0,21.56,Olomouc,120,finished,136,12435,193,Sprint,22,CZ,Team Picnic PostNL,,,",,",1362,14211
15,RR,20 July 2025,Muret,Carcassonne,169.3,2305,73,47.434,43.6 km solo,Lienhard Fabian,https://www.procyclingstats.com/rider/fabian-lienhard,1993-09-03,1993,Switzerland,1.83,73.0,21.8,Steinmaur,121,finished,163,13662,115,Classic,31,CH,Tudor Pro Cycling Team,,,",,",1362,14211
15,RR,20 July 2025,Muret,Carcassonne,169.3,2305,73,47.434,43.6 km solo,Boivin Guillaume,https://www.procyclingstats.com/rider/guillaume-boivin,1989-05-25,1989,Canada,1.8,78.0,24.07,Montreal,122,finished,155,13061,204,Classic,36,CA,Israel - Premier Tech,,,",,",1362,14211
15,RR,20 July 2025,Muret,Carcassonne,169.3,2305,73,47.434,43.6 km solo,Schmid Mauro,https://www.procyclingstats.com/rider/mauro-schmid,1999-12-04,1999,Switzerland,1.87,70.0,20.02,Bülach,123,finished,109,9922,128,Hills,25,CH,Team Jayco AlUla,,,",,",1362,14211
15,RR,20 July 2025,Muret,Carcassonne,169.3,2305,73,47.434,43.6 km solo,Tronchon Bastien,https://www.procyclingstats.com/rider/bastien-tronchon,2002-03-29,2002,France,1.85,72.0,21.04,Chambéry,124,finished,84,8723,158,Classic,23,FR,Decathlon AG2R La Mondiale Team,,,",,",1362,14211
15,RR,20 July 2025,Muret,Carcassonne,169.3,2305,73,47.434,43.6 km solo,Paret-Peintre Valentin,https://www.procyclingstats.com/rider/valentin-paret-peintre,2001-01-14,2001,France,1.78,52.0,16.41,Annemasse,125,finished,66,7353,25,Climber,24,FR,Soudal Quick-Step,,,",,",1362,14211
15,RR,20 July 2025,Muret,Carcassonne,169.3,2305,73,47.434,43.6 km solo,van Dijke Mick,https://www.procyclingstats.com/rider/mick-van-dijke,2000-03-15,2000,Netherlands,1.9,74.0,20.5,Goes,126,finished,146,12821,76,Classic,25,NL,Red Bull - BORA - hansgrohe,,,",,",1362,14211
15,RR,20 July 2025,Muret,Carcassonne,169.3,2305,73,47.434,43.6 km solo,Sepúlveda Eduardo,https://www.procyclingstats.com/rider/eduardo-sepulveda,1991-06-13,1991,Argentina,1.73,59.0,19.71,Rawson,127,finished,124,11160,216,GC,34,AR,Lotto,,,",,",1362,14211
15,RR,20 July 2025,Muret,Carcassonne,169.3,2305,73,47.434,43.6 km solo,Van Lerberghe Bert,https://www.procyclingstats.com/rider/bert-van-lerberghe,1992-09-29,1992,Belgium,1.9,83.0,22.99,Kortrijk,128,finished,151,13009,27,Classic,32,BE,Soudal Quick-Step,,,",,",1362,14211
15,RR,20 July 2025,Muret,Carcassonne,169.3,2305,73,47.434,43.6 km solo,Oliveira Nelson,https://www.procyclingstats.com/rider/nelson-oliveira,1989-03-06,1989,Portugal,1.8,67.0,20.68,Anadia,129,finished,68,7736,144,TT,36,PT,Movistar Team,,,",,",1362,14211
15,RR,20 July 2025,Muret,Carcassonne,169.3,2305,73,47.434,43.6 km solo,Flynn Sean,https://www.procyclingstats.com/rider/sean-flynn,2000-03-02,2000,Great Britain,1.77,67.0,21.39,Edinburgh,130,finished,131,12002,194,GC,25,GB,Team Picnic PostNL,,,",,",1362,14211
15,RR,20 July 2025,Muret,Carcassonne,169.3,2305,73,47.434,43.6 km solo,Renard Alexis,https://www.procyclingstats.com/rider/alexis-renard,1999-06-01,1999,France,1.86,74.0,21.39,Saint-Brieuc,131,finished,148,12873,165,Classic,26,FR,Cofidis,,,",,",1362,14211
15,RR,20 July 2025,Muret,Carcassonne,169.3,2305,73,47.434,43.6 km solo,Benoot Tiesj,https://www.procyclingstats.com/rider/tiesj-benoot,1994-03-11,1994,Belgium,1.9,72.0,19.94,Ghent,132,finished,58,6854,13,Classic,31,BE,Team Visma | Lease a Bike,,,",,",1362,14211
15,RR,20 July 2025,Muret,Carcassonne,169.3,2305,73,47.434,43.6 km solo,Theuns Edward,https://www.procyclingstats.com/rider/edward-theuns,1991-04-30,1991,Belgium,1.83,72.0,21.5,Ghent,133,finished,165,13691,88,Classic,34,BE,Lidl - Trek,,,",,",1362,14211
15,RR,20 July 2025,Muret,Carcassonne,169.3,2305,73,47.434,43.6 km solo,Baudin Alex,https://www.procyclingstats.com/rider/alex-baudin,2001-05-25,2001,France,1.83,64.0,19.11,Albertville,134,finished,46,6299,34,Climber,24,FR,EF Education - EasyPost,,,",,",1362,14211
15,RR,20 July 2025,Muret,Carcassonne,169.3,2305,73,47.434,43.6 km solo,Aranburu Alex,https://www.procyclingstats.com/rider/alex-aranburu,1995-09-19,1995,Spain,1.78,63.0,19.88,Ezkio-Itsaso,135,finished,93,9068,162,Classic,29,ES,Cofidis,,,",,",1362,14211
15,RR,20 July 2025,Muret,Carcassonne,169.3,2305,73,47.434,43.6 km solo,Moscon Gianni,https://www.procyclingstats.com/rider/gianni-moscon,1994-04-20,1994,Italy,1.8,71.0,21.91,Trento,136,finished,108,9858,74,Classic,31,IT,Red Bull - BORA - hansgrohe,,,",,",1362,14211
15,RR,20 July 2025,Muret,Carcassonne,169.3,2305,73,47.434,43.6 km solo,Bauhaus Phil,https://www.procyclingstats.com/rider/phil-bauhaus,1994-07-08,1994,Germany,1.84,75.0,22.15,Bocholt,137,finished,158,13176,52,Sprint,31,DE,Bahrain - Victorious,,,",,",1362,14211
15,RR,20 July 2025,Muret,Carcassonne,169.3,2305,73,47.434,43.6 km solo,Teuns Dylan,https://www.procyclingstats.com/rider/dylan-teuns,1992-03-01,1992,Belgium,1.81,64.0,19.54,Diest,138,finished,102,9668,166,GC,33,BE,Cofidis,,,",,",1362,14211
15,RR,20 July 2025,Muret,Carcassonne,169.3,2305,73,47.434,43.6 km solo,Watson Samuel,https://www.procyclingstats.com/rider/samuel-watson,2001-09-24,2001,Great Britain,1.88,68.0,19.24,Leeds,139,finished,126,11675,68,Hills,23,GB,INEOS Grenadiers,,,",,",1362,14211
15,RR,20 July 2025,Muret,Carcassonne,169.3,2305,73,47.434,43.6 km solo,Meeus Jordi,https://www.procyclingstats.com/rider/jordi-meeus,1998-07-01,1998,Belgium,1.9,80.0,22.16,Lommel,140,finished,166,13809,73,Classic,27,BE,Red Bull - BORA - hansgrohe,,,",,",1362,14211
15,RR,20 July 2025,Muret,Carcassonne,169.3,2305,73,47.434,43.6 km solo,Askey Lewis,https://www.procyclingstats.com/rider/lewis-askey,2001-05-04,2001,Great Britain,1.87,75.0,21.45,Cannock,141,finished,140,12565,92,Classic,24,GB,Groupama - FDJ,,,",,",1362,14211
15,RR,20 July 2025,Muret,Carcassonne,169.3,2305,73,47.434,43.6 km solo,Castrillo Pablo,https://www.procyclingstats.com/rider/pablo-castrillo-zapater,2001-01-02,2001,Spain,1.83,74.0,22.1,Jaca,142,finished,110,9998,143,Climber,24,ES,Movistar Team,,,",,",1362,14211
15,RR,20 July 2025,Muret,Carcassonne,169.3,2305,73,47.434,43.6 km solo,Merlier Tim,https://www.procyclingstats.com/rider/tim-merlier,1992-10-30,1992,Belgium,1.88,76.0,21.5,Wortegem-Petegem,143,finished,152,13027,24,Sprint,32,BE,Soudal Quick-Step,,,",,",1362,14211
15,RR,20 July 2025,Muret,Carcassonne,169.3,2305,73,47.434,43.6 km solo,Yates Adam,https://www.procyclingstats.com/rider/adam-yates,1992-08-07,1992,Great Britain,1.73,58.0,19.38,Bury,144,finished,28,4299,8,Climber,32,GB,UAE Team Emirates - XRG,,,",,",1362,14211
15,RR,20 July 2025,Muret,Carcassonne,169.3,2305,73,47.434,43.6 km solo,Rubio Einer,https://www.procyclingstats.com/rider/einer-rubio,1998-02-22,1998,Colombia,1.64,56.0,20.82,Chíquiza,145,finished,55,6709,148,Climber,27,CO,Movistar Team,,,",,",1362,14211
15,RR,20 July 2025,Muret,Carcassonne,169.3,2305,73,47.434,43.6 km solo,Costiou Ewen,https://www.procyclingstats.com/rider/ewen-costiou,2002-11-10,2002,France,1.76,64.0,20.66,Brest,146,finished,76,8224,133,GC,22,FR,Arkéa - B&B Hotels,,,",,",1362,14211
15,RR,20 July 2025,Muret,Carcassonne,169.3,2305,73,47.434,43.6 km solo,Mezgec Luka,https://www.procyclingstats.com/rider/luka-mezgec,1988-06-27,1988,Slovenia,1.83,72.0,21.5,Kranj,147,finished,157,13171,125,Hills,37,SI,Team Jayco AlUla,,,",,",1362,14211
15,RR,20 July 2025,Muret,Carcassonne,169.3,2305,73,47.434,43.6 km solo,Barré Louis,https://www.procyclingstats.com/rider/louis-barre,2000-04-06,2000,France,1.84,68.0,20.09,Nantes,148,finished,98,9305,42,Classic,25,FR,Intermarché - Wanty,,,",,",1362,14211
15,RR,20 July 2025,Muret,Carcassonne,169.3,2305,73,47.434,43.6 km solo,Yates Simon,https://www.procyclingstats.com/rider/simon-yates,1992-08-07,1992,Great Britain,1.72,58.0,19.61,Bury,149,finished,23,3744,18,Climber,32,GB,Team Visma | Lease a Bike,,,",,",1362,14211
15,RR,20 July 2025,Muret,Carcassonne,169.3,2305,73,47.434,43.6 km solo,Page Hugo,https://www.procyclingstats.com/rider/hugo-page,2001-07-24,2001,France,1.85,71.0,20.75,Chartres,150,finished,142,12691,44,Classic,23,FR,Intermarché - Wanty,,,",,",1362,14211
15,RR,20 July 2025,Muret,Carcassonne,169.3,2305,73,47.434,43.6 km solo,Berckmoes Jenno,https://www.procyclingstats.com/rider/jenno-berckmoes,2001-02-04,2001,Belgium,1.77,61.0,19.47,Ghent,151,finished,72,7989,212,Classic,24,BE,Lotto,,,",,",1362,14211
15,RR,20 July 2025,Muret,Carcassonne,169.3,2305,73,47.434,43.6 km solo,Hirschi Marc,https://www.procyclingstats.com/rider/marc-hirschi,1998-08-24,1998,Switzerland,1.74,61.0,20.15,Bern,152,finished,96,9220,114,Classic,26,CH,Tudor Pro Cycling Team,,,",,",1362,14211
15,RR,20 July 2025,Muret,Carcassonne,169.3,2305,73,47.434,43.6 km solo,Champoussin Clément,https://www.procyclingstats.com/rider/clement-champoussin,1998-05-29,1998,France,1.8,61.0,18.83,Nice,153,finished,90,8914,174,Climber,27,FR,XDS Astana Team,,,",,",1362,14211
15,RR,20 July 2025,Muret,Carcassonne,169.3,2305,73,47.434,43.6 km solo,Capiot Amaury,https://www.procyclingstats.com/rider/amaury-capiot,1993-06-25,1993,Belgium,1.86,69.0,19.94,Tongeren,154,finished,135,12425,132,Classic,32,BE,Arkéa - B&B Hotels,,,",,",1362,14211
15,RR,20 July 2025,Muret,Carcassonne,169.3,2305,73,47.434,43.6 km solo,Démare Arnaud,https://www.procyclingstats.com/rider/arnaud-demare,1991-08-26,1991,France,1.81,76.0,23.2,Beauvais,155,finished,154,13048,134,Classic,33,FR,Arkéa - B&B Hotels,,,",,",1362,14211
15,RR,20 July 2025,Muret,Carcassonne,169.3,2305,73,47.434,43.6 km solo,van Sintmaartensdijk Roel,https://www.procyclingstats.com/rider/roel-van-sintmaartensdijk,2001-05-08,2001,Netherlands,1.97,77.0,19.84,Zuidland,156,finished,164,13665,47,GC,24,NL,Intermarché - Wanty,,,",,",1362,14211
15,RR,20 July 2025,Muret,Carcassonne,169.3,2305,73,47.434,43.6 km solo,Groenewegen Dylan,https://www.procyclingstats.com/rider/dylan-groenewegen,1993-06-21,1993,Netherlands,1.77,70.0,22.34,Amsterdam,157,finished,149,12906,124,Sprint,32,NL,Team Jayco AlUla,,,",,",1362,14211
15,RR,20 July 2025,Muret,Carcassonne,169.3,2305,73,47.434,43.6 km solo,Johannessen Anders Halland,https://www.procyclingstats.com/rider/anders-halland-johannessen,1999-08-23,1999,Norway,1.76,,,Drøbak,158,finished,105,9732,226,GC,25,NO,Uno-X Mobility,,,",,",1362,14211
15,RR,20 July 2025,Muret,Carcassonne,169.3,2305,73,47.434,43.6 km solo,Edvardsen-Fredheim Stian,https://www.procyclingstats.com/rider/stian-fredheim,2003-03-23,2003,Norway,1.84,72.0,21.27,Kristiansand,159,finished,147,12822,224,Sprint,22,NO,Uno-X Mobility,,,",,",1362,14211
15,RR,20 July 2025,Muret,Carcassonne,169.3,2305,73,47.434,43.6 km solo,Martinez Lenny,https://www.procyclingstats.com/rider/lenny-martinez,2003-07-11,2003,France,1.68,52.0,18.42,Cannes,160,finished,87,8827,55,Climber,22,FR,Bahrain - Victorious,,,",,",1362,14211
15,RR,20 July 2025,Muret,Carcassonne,169.3,2305,73,47.434,43.6 km solo,Barta Will,https://www.procyclingstats.com/rider/william-barta,1996-01-04,1996,United States,1.8,61.0,18.83,Boise,161,finished,106,9790,142,TT,29,US,Movistar Team,,,",,",1362,14211
15,RR,20 July 2025,Muret,Carcassonne,169.3,2305,73,47.434,43.6 km solo,Braet Vito,https://www.procyclingstats.com/rider/vito-braet,2000-11-02,2000,Belgium,1.84,68.0,20.09,Hulste,162,finished,145,12815,43,Classic,24,BE,Intermarché - Wanty,,,",,",1362,14211
15,RR,20 July 2025,Muret,Carcassonne,169.3,2305,73,47.434,43.6 km solo,Ackermann Pascal,https://www.procyclingstats.com/rider/pascal-ackermann,1994-01-17,1994,Germany,1.8,78.0,24.07,Kandel,163,finished,127,11726,202,Sprint,31,DE,Israel - Premier Tech,,,",,",1362,14211
15,RR,20 July 2025,Muret,Carcassonne,169.3,2305,73,47.434,43.6 km solo,Foss Tobias,https://www.procyclingstats.com/rider/tobias-foss,1997-05-25,1997,Norway,1.84,74.0,21.86,Vingrom,164,finished,88,8837,63,TT,28,NO,INEOS Grenadiers,,,",,",1362,14211
15,RR,20 July 2025,Muret,Carcassonne,169.3,2305,73,47.434,43.6 km solo,Thomas Benjamin,https://www.procyclingstats.com/rider/benjamin-thomas-2,1995-09-12,1995,France,1.79,68.0,21.22,Lavaur,165,finished,153,13041,167,TT,29,FR,Cofidis,,,",,",1362,14211
15,RR,20 July 2025,Muret,Carcassonne,169.3,2305,73,47.434,43.6 km solo,Consonni Simone,https://www.procyclingstats.com/rider/simone-consonni,1994-09-12,1994,Italy,1.65,60.0,22.04,Ponte San Pietro,166,finished,162,13649,82,Classic,30,IT,Lidl - Trek,,,",,",1362,14211
15,RR,20 July 2025,Muret,Carcassonne,169.3,2305,73,47.434,43.6 km solo,Van Eetvelt Lennert,https://www.procyclingstats.com/rider/lennert-van-eetvelt,2001-07-17,2001,Belgium,1.76,63.0,20.34,Binkom,,DNS,,,217,Climber,24,BE,Lotto,,,,,
16,RR,22 July 2025,Montpellier,Mont Ventoux,171.5,2929,302,42.291,Sprint à deux,Paret-Peintre Valentin,https://www.procyclingstats.com/rider/valentin-paret-peintre,2001-01-14,2001,France,1.78,52.0,16.41,Annemasse,1,finished,49,7300,25,Climber,24,FR,Soudal Quick-Step,210.0,100.0,4:03:19,0,14599
16,RR,22 July 2025,Montpellier,Mont Ventoux,171.5,2929,302,42.291,Sprint à deux,Healy Ben,https://www.procyclingstats.com/rider/ben-healy,2000-09-11,2000,Ireland,1.75,62.0,20.24,Kingswinford Previous nationalities Great Britain until 2016,2,finished,9,1072,31,Climber,24,IE,EF Education - EasyPost,150.0,70.0,",,",0,14599
16,RR,22 July 2025,Montpellier,Mont Ventoux,171.5,2929,302,42.291,Sprint à deux,Buitrago Santiago,https://www.procyclingstats.com/rider/santiago-buitrago-sanchez,1999-09-26,1999,Colombia,1.74,59.0,19.49,Bogotá,3,finished,46,7139,51,Climber,25,CO,Bahrain - Victorious,110.0,50.0,0:04,4,14603
16,RR,22 July 2025,Montpellier,Mont Ventoux,171.5,2929,302,42.291,Sprint à deux,Van Wilder Ilan,https://www.procyclingstats.com/rider/ilan-van-wilder,2000-05-14,2000,Belgium,1.71,64.0,21.89,Jette,4,finished,29,5127,28,GC,25,BE,Soudal Quick-Step,90.0,40.0,0:14,14,14613
16,RR,22 July 2025,Montpellier,Mont Ventoux,171.5,2929,302,42.291,Sprint à deux,Pogačar Tadej,https://www.procyclingstats.com/rider/tadej-pogacar,1998-09-21,1998,Slovenia,1.76,66.0,21.31,Klanec,5,finished,1,0,1,Climber,26,SI,UAE Team Emirates - XRG,70.0,32.0,0:43,43,14642
16,RR,22 July 2025,Montpellier,Mont Ventoux,171.5,2929,302,42.291,Sprint à deux,Vingegaard Jonas,https://www.procyclingstats.com/rider/jonas-vingegaard,1996-12-10,1996,Denmark,1.75,58.0,18.94,Hillerslev,6,finished,2,255,11,GC,28,DK,Team Visma | Lease a Bike,55.0,26.0,0:45,45,14644
16,RR,22 July 2025,Montpellier,Mont Ventoux,171.5,2929,302,42.291,Sprint à deux,Mas Enric,https://www.procyclingstats.com/rider/enric-mas,1995-01-07,1995,Spain,1.77,61.0,19.47,Artà,7,finished,18,3224,141,Climber,30,ES,Movistar Team,45.0,22.0,0:53,53,14652
16,RR,22 July 2025,Montpellier,Mont Ventoux,171.5,2929,302,42.291,Sprint à deux,Alaphilippe Julian,https://www.procyclingstats.com/rider/julian-alaphilippe,1992-06-11,1992,France,1.73,62.0,20.72,Saint-Amand-Montrond,8,finished,38,6680,111,Classic,33,FR,Tudor Pro Cycling Team,40.0,18.0,1:17,77,14676
16,RR,22 July 2025,Montpellier,Mont Ventoux,171.5,2929,302,42.291,Sprint à deux,Roglič Primož,https://www.procyclingstats.com/rider/primoz-roglic,1989-10-29,1989,Slovenia,1.77,65.0,20.75,Trbovlje,9,finished,5,702,71,Climber,35,SI,Red Bull - BORA - hansgrohe,35.0,14.0,1:51,111,14710
16,RR,22 July 2025,Montpellier,Mont Ventoux,171.5,2929,302,42.291,Sprint à deux,Lipowitz Florian,https://www.procyclingstats.com/rider/florian-lipowitz,2000-09-21,2000,Germany,1.81,68.0,20.76,Laichingen,10,finished,3,543,72,GC,24,DE,Red Bull - BORA - hansgrohe,30.0,10.0,1:53,113,14712
16,RR,22 July 2025,Montpellier,Mont Ventoux,171.5,2929,302,42.291,Sprint à deux,Mühlberger Gregor,https://www.procyclingstats.com/rider/gregor-muhlberger,1994-04-04,1994,Austria,1.8,64.0,19.75,Haidershofen,11,finished,24,4297,146,GC,31,AT,Movistar Team,25.0,8.0,2:01,121,14720
16,RR,22 July 2025,Montpellier,Mont Ventoux,171.5,2929,302,42.291,Sprint à deux,Arensman Thymen,https://www.procyclingstats.com/rider/thymen-arensman,1999-12-04,1999,Netherlands,1.9,68.0,18.84,Deil,12,finished,14,2660,62,GC,25,NL,INEOS Grenadiers,20.0,6.0,2:07,127,14726
16,RR,22 July 2025,Montpellier,Mont Ventoux,171.5,2929,302,42.291,Sprint à deux,Meurisse Xandro,https://www.procyclingstats.com/rider/xandro-meurisse,1992-01-31,1992,Belgium,1.81,68.0,20.76,Kortrijk,13,finished,26,4681,104,GC,33,BE,Alpecin - Deceuninck,15.0,4.0,2:15,135,14734
16,RR,22 July 2025,Montpellier,Mont Ventoux,171.5,2929,302,42.291,Sprint à deux,Onley Oscar,https://www.procyclingstats.com/rider/oscar-onley,2002-10-13,2002,Great Britain,1.73,62.0,20.72,Kelso,14,finished,4,664,191,GC,22,GB,Team Picnic PostNL,10.0,2.0,2:29,149,14748
16,RR,22 July 2025,Montpellier,Mont Ventoux,171.5,2929,302,42.291,Sprint à deux,Rodríguez Carlos,https://www.procyclingstats.com/rider/carlos-rodriguez-cano,2001-02-02,2001,Spain,1.83,67.0,20.01,Almuñécar,15,finished,10,1245,66,GC,24,ES,INEOS Grenadiers,5.0,1.0,3:02,182,14781
16,RR,22 July 2025,Montpellier,Mont Ventoux,171.5,2929,302,42.291,Sprint à deux,Aranburu Alex,https://www.procyclingstats.com/rider/alex-aranburu,1995-09-19,1995,Spain,1.78,63.0,19.88,Ezkio-Itsaso,16,finished,74,9232,162,Classic,29,ES,Cofidis,,,3:27,207,14806
16,RR,22 July 2025,Montpellier,Mont Ventoux,171.5,2929,302,42.291,Sprint à deux,Gall Felix,https://www.procyclingstats.com/rider/felix-gall,1998-02-27,1998,Austria,1.8,66.0,20.37,Nußdorf-Debant,17,finished,7,890,151,Climber,27,AT,Decathlon AG2R La Mondiale Team,,,3:33,213,14812
16,RR,22 July 2025,Montpellier,Mont Ventoux,171.5,2929,302,42.291,Sprint à deux,Yates Adam,https://www.procyclingstats.com/rider/adam-yates,1992-08-07,1992,Great Britain,1.73,58.0,19.38,Bury,18,finished,25,4474,8,Climber,32,GB,UAE Team Emirates - XRG,,,3:38,218,14817
16,RR,22 July 2025,Montpellier,Mont Ventoux,171.5,2929,302,42.291,Sprint à deux,García Pierna Raúl,https://www.procyclingstats.com/rider/raul-garcia-pierna,2001-02-23,2001,Spain,1.75,67.0,21.88,Tres Cantos,19,finished,33,5515,135,Climber,24,ES,Arkéa - B&B Hotels,,,3:42,222,14821
16,RR,22 July 2025,Montpellier,Mont Ventoux,171.5,2929,302,42.291,Sprint à deux,Vauquelin Kévin,https://www.procyclingstats.com/rider/kevin-vauquelin,2001-04-26,2001,France,1.76,69.0,22.28,Bayeux,20,finished,6,800,131,GC,24,FR,Arkéa - B&B Hotels,,,",,",222,14821
16,RR,22 July 2025,Montpellier,Mont Ventoux,171.5,2929,302,42.291,Sprint à deux,Higuita Sergio,https://www.procyclingstats.com/rider/sergio-higuita,1997-08-01,1997,Colombia,1.66,57.0,20.69,Medellín,21,finished,19,3297,176,Climber,27,CO,XDS Astana Team,,,3:45,225,14824
16,RR,22 July 2025,Montpellier,Mont Ventoux,171.5,2929,302,42.291,Sprint à deux,Jegat Jordan,https://www.procyclingstats.com/rider/jordan-jegat,1999-06-07,1999,France,1.76,59.0,19.05,Vannes,22,finished,11,1390,186,Climber,26,FR,TotalEnergies,,,4:06,246,14845
16,RR,22 July 2025,Montpellier,Mont Ventoux,171.5,2929,302,42.291,Sprint à deux,Champoussin Clément,https://www.procyclingstats.com/rider/clement-champoussin,1998-05-29,1998,France,1.8,61.0,18.83,Nice,23,finished,71,9117,174,Climber,27,FR,XDS Astana Team,,,",,",246,14845
16,RR,22 July 2025,Montpellier,Mont Ventoux,171.5,2929,302,42.291,Sprint à deux,Velasco Simone,https://www.procyclingstats.com/rider/simone-velasco,1995-12-02,1995,Italy,1.7,59.0,20.42,Bologna,24,finished,40,6762,178,Classic,29,IT,XDS Astana Team,,,",,",246,14845
16,RR,22 July 2025,Montpellier,Mont Ventoux,171.5,2929,302,42.291,Sprint à deux,Soler Marc,https://www.procyclingstats.com/rider/marc-soler,1993-11-22,1993,Spain,1.86,68.0,19.66,Vilanova i la Geltrú,25,finished,36,6296,6,Climber,31,ES,UAE Team Emirates - XRG,,,4:09,249,14848
16,RR,22 July 2025,Montpellier,Mont Ventoux,171.5,2929,302,42.291,Sprint à deux,Campenaerts Victor,https://www.procyclingstats.com/rider/victor-campenaerts,1991-10-28,1991,Belgium,1.73,68.0,22.72,Hoboken,26,finished,31,5447,14,TT,33,BE,Team Visma | Lease a Bike,,,4:16,256,14855
16,RR,22 July 2025,Montpellier,Mont Ventoux,171.5,2929,302,42.291,Sprint à deux,Leknessund Andreas,https://www.procyclingstats.com/rider/andreas-leknessund,1999-05-21,1999,Norway,1.86,72.0,20.81,Tromsø,27,finished,60,8186,227,GC,26,NO,Uno-X Mobility,,,5:11,311,14910
16,RR,22 July 2025,Montpellier,Mont Ventoux,171.5,2929,302,42.291,Sprint à deux,Johannessen Tobias Halland,https://www.procyclingstats.com/rider/tobias-halland-johannessen,1999-08-23,1999,Norway,1.76,62.0,20.02,Drøbak,28,finished,8,1021,221,Climber,25,NO,Uno-X Mobility,,,",,",311,14910
16,RR,22 July 2025,Montpellier,Mont Ventoux,171.5,2929,302,42.291,Sprint à deux,Kuss Sepp,https://www.procyclingstats.com/rider/sepp-kuss,1994-09-13,1994,United States,1.82,61.0,18.42,Durango,29,finished,15,2879,16,Climber,30,US,Team Visma | Lease a Bike,,,5:12,312,14911
16,RR,22 July 2025,Montpellier,Mont Ventoux,171.5,2929,302,42.291,Sprint à deux,Yates Simon,https://www.procyclingstats.com/rider/simon-yates,1992-08-07,1992,Great Britain,1.72,58.0,19.61,Bury,30,finished,23,4020,18,Climber,32,GB,Team Visma | Lease a Bike,,,5:19,319,14918
16,RR,22 July 2025,Montpellier,Mont Ventoux,171.5,2929,302,42.291,Sprint à deux,van Dijke Mick,https://www.procyclingstats.com/rider/mick-van-dijke,2000-03-15,2000,Netherlands,1.9,74.0,20.5,Goes,31,finished,126,13103,76,Classic,25,NL,Red Bull - BORA - hansgrohe,,,5:25,325,14924
16,RR,22 July 2025,Montpellier,Mont Ventoux,171.5,2929,302,42.291,Sprint à deux,O'Connor Ben,https://www.procyclingstats.com/rider/ben-o-connor,1995-11-25,1995,Australia,1.88,67.0,18.96,Subiaco,32,finished,12,1868,121,GC,29,AU,Team Jayco AlUla,,,6:07,367,14966
16,RR,22 July 2025,Montpellier,Mont Ventoux,171.5,2929,302,42.291,Sprint à deux,Benoot Tiesj,https://www.procyclingstats.com/rider/tiesj-benoot,1994-03-11,1994,Belgium,1.9,72.0,19.94,Ghent,33,finished,47,7195,13,Classic,31,BE,Team Visma | Lease a Bike,,,6:24,384,14983
16,RR,22 July 2025,Montpellier,Mont Ventoux,171.5,2929,302,42.291,Sprint à deux,Rodríguez Cristián,https://www.procyclingstats.com/rider/cristian-rodriguez,1995-03-03,1995,Spain,1.78,59.0,18.62,El Ejido,34,finished,17,3204,137,GC,30,ES,Arkéa - B&B Hotels,,,6:38,398,14997
16,RR,22 July 2025,Montpellier,Mont Ventoux,171.5,2929,302,42.291,Sprint à deux,Burgaudeau Mathieu,https://www.procyclingstats.com/rider/mathieu-burgaudeau,1998-11-17,1998,France,1.68,61.0,21.61,Noirmoutier-en-l'Île,35,finished,53,7527,182,Hills,26,FR,TotalEnergies,,,",,",398,14997
16,RR,22 July 2025,Montpellier,Mont Ventoux,171.5,2929,302,42.291,Sprint à deux,Woods Michael,https://www.procyclingstats.com/rider/michael-woods,1986-10-12,1986,Canada,1.75,62.0,20.24,Toronto,36,finished,51,7449,201,Climber,38,CA,Israel - Premier Tech,,,7:30,450,15049
16,RR,22 July 2025,Montpellier,Mont Ventoux,171.5,2929,302,42.291,Sprint à deux,Barguil Warren,https://www.procyclingstats.com/rider/warren-barguil,1991-10-28,1991,France,1.83,61.0,18.21,Hennebont,37,finished,22,4010,192,Climber,33,FR,Team Picnic PostNL,,,7:32,452,15051
16,RR,22 July 2025,Montpellier,Mont Ventoux,171.5,2929,302,42.291,Sprint à deux,Costiou Ewen,https://www.procyclingstats.com/rider/ewen-costiou,2002-11-10,2002,France,1.76,64.0,20.66,Brest,38,finished,67,8654,133,GC,22,FR,Arkéa - B&B Hotels,,,7:53,473,15072
16,RR,22 July 2025,Montpellier,Mont Ventoux,171.5,2929,302,42.291,Sprint à deux,Wellens Tim,https://www.procyclingstats.com/rider/tim-wellens,1991-05-10,1991,Belgium,1.82,71.0,21.43,Sint-Truiden,39,finished,41,6770,7,GC,34,BE,UAE Team Emirates - XRG,,,8:52,532,15131
16,RR,22 July 2025,Montpellier,Mont Ventoux,171.5,2929,302,42.291,Sprint à deux,Madouas Valentin,https://www.procyclingstats.com/rider/valentin-madouas,1996-07-12,1996,France,1.79,71.0,22.16,Brest,40,finished,21,3807,95,Classic,29,FR,Groupama - FDJ,,,8:54,534,15133
16,RR,22 July 2025,Montpellier,Mont Ventoux,171.5,2929,302,42.291,Sprint à deux,Martin Guillaume,https://www.procyclingstats.com/rider/guillaume-martin,1993-06-09,1993,France,1.73,55.0,18.38,Paris,41,finished,13,2114,91,Climber,32,FR,Groupama - FDJ,,,",,",534,15133
16,RR,22 July 2025,Montpellier,Mont Ventoux,171.5,2929,302,42.291,Sprint à deux,Barré Louis,https://www.procyclingstats.com/rider/louis-barre,2000-04-06,2000,France,1.84,68.0,20.09,Nantes,42,finished,83,9796,42,Classic,25,FR,Intermarché - Wanty,,,",,",534,15133
16,RR,22 July 2025,Montpellier,Mont Ventoux,171.5,2929,302,42.291,Sprint à deux,Russo Clément,https://www.procyclingstats.com/rider/clement-russo,1995-01-20,1995,France,1.87,74.0,21.16,Lyon,43,finished,94,10398,98,Classic,30,FR,Groupama - FDJ,,,12:29,749,15348
16,RR,22 July 2025,Montpellier,Mont Ventoux,171.5,2929,302,42.291,Sprint à deux,Pacher Quentin,https://www.procyclingstats.com/rider/quentin-pacher,1992-01-06,1992,France,1.79,62.0,19.35,Libourne,44,finished,37,6313,96,Hills,33,FR,Groupama - FDJ,,,",,",749,15348
16,RR,22 July 2025,Montpellier,Mont Ventoux,171.5,2929,302,42.291,Sprint à deux,Teuns Dylan,https://www.procyclingstats.com/rider/dylan-teuns,1992-03-01,1992,Belgium,1.81,64.0,19.54,Diest,45,finished,95,10422,166,GC,33,BE,Cofidis,,,13:17,797,15396
16,RR,22 July 2025,Montpellier,Mont Ventoux,171.5,2929,302,42.291,Sprint à deux,Buchmann Emanuel,https://www.procyclingstats.com/rider/emanuel-buchmann,1992-11-18,1992,Germany,1.8,59.0,18.21,Ravensburg,46,finished,28,5066,161,GC,32,DE,Cofidis,,,",,",797,15396
16,RR,22 July 2025,Montpellier,Mont Ventoux,171.5,2929,302,42.291,Sprint à deux,Scotson Callum,https://www.procyclingstats.com/rider/callum-scotson,1996-08-10,1996,Australia,1.83,77.0,22.99,Campbelltown,47,finished,27,5025,157,GC,28,AU,Decathlon AG2R La Mondiale Team,,,",,",797,15396
16,RR,22 July 2025,Montpellier,Mont Ventoux,171.5,2929,302,42.291,Sprint à deux,Abrahamsen Jonas,https://www.procyclingstats.com/rider/jonas-abrahamsen,1995-09-20,1995,Norway,1.83,78.0,23.29,Skien,48,finished,80,9506,222,Classic,29,NO,Uno-X Mobility,,,14:40,880,15479
16,RR,22 July 2025,Montpellier,Mont Ventoux,171.5,2929,302,42.291,Sprint à deux,Vlasov Aleksandr,https://www.procyclingstats.com/rider/aleksandr-vlasov,1996-04-23,1996,Russia,1.86,68.0,19.66,Vyborg,49,finished,30,5318,78,Climber,29,RU,Red Bull - BORA - hansgrohe,,,15:15,915,15514
16,RR,22 July 2025,Montpellier,Mont Ventoux,171.5,2929,302,42.291,Sprint à deux,Vermeersch Gianni,https://www.procyclingstats.com/rider/gianni-vermeersch,1992-11-19,1992,Belgium,1.73,68.0,22.72,Roeselare,50,finished,103,10969,107,Classic,32,BE,Alpecin - Deceuninck,,,16:26,986,15585
16,RR,22 July 2025,Montpellier,Mont Ventoux,171.5,2929,302,42.291,Sprint à deux,Eenkhoorn Pascal,https://www.procyclingstats.com/rider/pascal-eenkhoorn,1997-02-08,1997,Netherlands,1.85,72.0,21.04,Zwolle,51,finished,45,7112,23,Classic,28,NL,Soudal Quick-Step,,,16:59,1019,15618
16,RR,22 July 2025,Montpellier,Mont Ventoux,171.5,2929,302,42.291,Sprint à deux,Sivakov Pavel,https://www.procyclingstats.com/rider/pavel-sivakov,1997-07-11,1997,France,1.88,70.0,19.81,San Donà di Piave Previous nationalities Russia until 2022,52,finished,77,9443,5,GC,28,FR,UAE Team Emirates - XRG,,,",,",1019,15618
16,RR,22 July 2025,Montpellier,Mont Ventoux,171.5,2929,302,42.291,Sprint à deux,Berthet Clément,https://www.procyclingstats.com/rider/clement-berthet,1997-08-02,1997,France,1.84,68.0,20.09,Pierre Bénite,53,finished,35,6042,153,Climber,27,FR,Decathlon AG2R La Mondiale Team,,,17:21,1041,15640
16,RR,22 July 2025,Montpellier,Mont Ventoux,171.5,2929,302,42.291,Sprint à deux,Armirail Bruno,https://www.procyclingstats.com/rider/bruno-armirail,1994-04-11,1994,France,1.9,72.0,19.94,Bagnères-de-Bigorre,54,finished,59,8057,152,TT,31,FR,Decathlon AG2R La Mondiale Team,,,",,",1041,15640
16,RR,22 July 2025,Montpellier,Mont Ventoux,171.5,2929,302,42.291,Sprint à deux,Izagirre Ion,https://www.procyclingstats.com/rider/ion-izagirre,1989-02-04,1989,Spain,1.73,60.0,20.05,Ormaiztegi,55,finished,75,9299,164,GC,36,ES,Cofidis,,,",,",1041,15640
16,RR,22 July 2025,Montpellier,Mont Ventoux,171.5,2929,302,42.291,Sprint à deux,Teunissen Mike,https://www.procyclingstats.com/rider/mike-teunissen,1992-08-25,1992,Netherlands,1.84,73.0,21.56,Ysselsteyn,56,finished,85,10010,177,Classic,32,NL,XDS Astana Team,,,",,",1041,15640
16,RR,22 July 2025,Montpellier,Mont Ventoux,171.5,2929,302,42.291,Sprint à deux,Baudin Alex,https://www.procyclingstats.com/rider/alex-baudin,2001-05-25,2001,France,1.83,64.0,19.11,Albertville,57,finished,48,7297,34,Climber,24,FR,EF Education - EasyPost,,,",,",1041,15640
16,RR,22 July 2025,Montpellier,Mont Ventoux,171.5,2929,302,42.291,Sprint à deux,Valgren Michael,https://www.procyclingstats.com/rider/michael-valgren-andersen,1992-02-07,1992,Denmark,1.79,71.0,22.16,Østerild,58,finished,72,9117,37,Classic,33,DK,EF Education - EasyPost,,,",,",1041,15640
16,RR,22 July 2025,Montpellier,Mont Ventoux,171.5,2929,302,42.291,Sprint à deux,Van Moer Brent,https://www.procyclingstats.com/rider/brent-van-moer,1998-01-12,1998,Belgium,1.91,79.0,21.66,Beveren,59,finished,81,9644,218,Classic,27,BE,Lotto,,,18:20,1100,15699
16,RR,22 July 2025,Montpellier,Mont Ventoux,171.5,2929,302,42.291,Sprint à deux,Neilands Krists,https://www.procyclingstats.com/rider/krists-neilands,1994-08-18,1994,Latvia,1.89,69.0,19.32,Kuldīga,60,finished,79,9492,207,Classic,30,LV,Israel - Premier Tech,,,18:55,1135,15734
16,RR,22 July 2025,Montpellier,Mont Ventoux,171.5,2929,302,42.291,Sprint à deux,Skujiņš Toms,https://www.procyclingstats.com/rider/toms-skujins,1991-06-15,1991,Latvia,1.81,72.0,21.98,Sigulda,61,finished,89,10113,86,Classic,34,LV,Lidl - Trek,,,",,",1135,15734
16,RR,22 July 2025,Montpellier,Mont Ventoux,171.5,2929,302,42.291,Sprint à deux,Johannessen Anders Halland,https://www.procyclingstats.com/rider/anders-halland-johannessen,1999-08-23,1999,Norway,1.76,,,Drøbak,62,finished,102,10824,226,GC,25,NO,Uno-X Mobility,,,",,",1135,15734
16,RR,22 July 2025,Montpellier,Mont Ventoux,171.5,2929,302,42.291,Sprint à deux,Rickaert Jonas,https://www.procyclingstats.com/rider/jonas-rickaert,1994-02-07,1994,Belgium,1.9,88.0,24.38,Sint-Eloois-Vijve,63,finished,99,10744,105,Classic,31,BE,Alpecin - Deceuninck,,,19:36,1176,15775
16,RR,22 July 2025,Montpellier,Mont Ventoux,171.5,2929,302,42.291,Sprint à deux,Venturini Clément,https://www.procyclingstats.com/rider/clement-venturini,1993-10-16,1993,France,1.65,60.0,22.04,Villeurbanne,64,finished,44,6929,138,Classic,31,FR,Arkéa - B&B Hotels,,,",,",1176,15775
16,RR,22 July 2025,Montpellier,Mont Ventoux,171.5,2929,302,42.291,Sprint à deux,Bittner Pavel,https://www.procyclingstats.com/rider/pavel-bittner,2002-10-29,2002,Czech Republic,1.84,73.0,21.56,Olomouc,65,finished,131,13593,193,Sprint,22,CZ,Team Picnic PostNL,,,20:01,1201,15800
16,RR,22 July 2025,Montpellier,Mont Ventoux,171.5,2929,302,42.291,Sprint à deux,Thomas Geraint,https://www.procyclingstats.com/rider/geraint-thomas,1986-05-25,1986,Great Britain,1.83,71.0,21.2,Cardiff,66,finished,52,7526,61,GC,39,GB,INEOS Grenadiers,,,20:52,1252,15851
16,RR,22 July 2025,Montpellier,Mont Ventoux,171.5,2929,302,42.291,Sprint à deux,Simmons Quinn,https://www.procyclingstats.com/rider/quinn-simmons,2001-05-08,2001,United States,1.85,73.0,21.33,Durango,67,finished,50,7343,84,Hills,24,US,Lidl - Trek,,,",,",1252,15851
16,RR,22 July 2025,Montpellier,Mont Ventoux,171.5,2929,302,42.291,Sprint à deux,Schmid Mauro,https://www.procyclingstats.com/rider/mauro-schmid,1999-12-04,1999,Switzerland,1.87,70.0,20.02,Bülach,68,finished,106,11131,128,Hills,25,CH,Team Jayco AlUla,,,",,",1252,15851
16,RR,22 July 2025,Montpellier,Mont Ventoux,171.5,2929,302,42.291,Sprint à deux,Grégoire Romain,https://www.procyclingstats.com/rider/romain-gregoire,2003-01-21,2003,France,1.76,64.0,20.66,Besançon,69,finished,32,5491,94,Classic,22,FR,Groupama - FDJ,,,",,",1252,15851
16,RR,22 July 2025,Montpellier,Mont Ventoux,171.5,2929,302,42.291,Sprint à deux,Barthe Cyril,https://www.procyclingstats.com/rider/cyril-barthe,1996-02-14,1996,France,1.84,70.0,20.68,Sauveterre-de-Béarn,70,finished,78,9484,93,Hills,29,FR,Groupama - FDJ,,,",,",1252,15851
16,RR,22 July 2025,Montpellier,Mont Ventoux,171.5,2929,302,42.291,Sprint à deux,Rutsch Jonas,https://www.procyclingstats.com/rider/jonas-rutsch,1998-01-24,1998,Germany,1.97,82.0,21.13,Erbach im Odenwald,71,finished,132,13595,46,Classic,27,DE,Intermarché - Wanty,,,",,",1252,15851
16,RR,22 July 2025,Montpellier,Mont Ventoux,171.5,2929,302,42.291,Sprint à deux,Oliveira Nelson,https://www.procyclingstats.com/rider/nelson-oliveira,1989-03-06,1989,Portugal,1.8,67.0,20.68,Anadia,72,finished,69,8945,144,TT,36,PT,Movistar Team,,,",,",1252,15851
16,RR,22 July 2025,Montpellier,Mont Ventoux,171.5,2929,302,42.291,Sprint à deux,Le Berre Mathis,https://www.procyclingstats.com/rider/mathis-le-berre,2001-04-16,2001,France,1.76,68.0,21.95,Saint-Brieuc,73,finished,70,9099,136,Hills,24,FR,Arkéa - B&B Hotels,,,",,",1252,15851
16,RR,22 July 2025,Montpellier,Mont Ventoux,171.5,2929,302,42.291,Sprint à deux,Wright Fred,https://www.procyclingstats.com/rider/alfred-wright,1999-06-13,1999,Great Britain,1.84,75.0,22.15,London,74,finished,100,10760,58,Hills,26,GB,Bahrain - Victorious,,,",,",1252,15851
16,RR,22 July 2025,Montpellier,Mont Ventoux,171.5,2929,302,42.291,Sprint à deux,Schachmann Maximilian,https://www.procyclingstats.com/rider/maximilian-schachmann,1994-01-09,1994,Germany,1.83,71.0,21.2,Berlin,75,finished,68,8745,26,GC,31,DE,Soudal Quick-Step,,,",,",1252,15851
16,RR,22 July 2025,Montpellier,Mont Ventoux,171.5,2929,302,42.291,Sprint à deux,Rubio Einer,https://www.procyclingstats.com/rider/einer-rubio,1998-02-22,1998,Colombia,1.64,56.0,20.82,Chíquiza,76,finished,56,7918,148,Climber,27,CO,Movistar Team,,,",,",1252,15851
16,RR,22 July 2025,Montpellier,Mont Ventoux,171.5,2929,302,42.291,Sprint à deux,Swift Connor,https://www.procyclingstats.com/rider/connor-swift,1995-10-30,1995,Great Britain,1.9,75.0,20.78,Thorne,77,finished,113,11856,67,Classic,29,GB,INEOS Grenadiers,,,",,",1252,15851
16,RR,22 July 2025,Montpellier,Mont Ventoux,171.5,2929,302,42.291,Sprint à deux,Narváez Jhonatan,https://www.procyclingstats.com/rider/jhonatan-narvaez,1997-03-04,1997,Ecuador,1.74,65.0,21.47,El Playón de San Francisco,78,finished,16,3124,3,Hills,28,EC,UAE Team Emirates - XRG,,,",,",1252,15851
16,RR,22 July 2025,Montpellier,Mont Ventoux,171.5,2929,302,42.291,Sprint à deux,Dillier Silvan,https://www.procyclingstats.com/rider/silvan-dillier,1990-08-03,1990,Switzerland,1.83,75.0,22.4,Aarau,79,finished,135,13746,102,Classic,34,CH,Alpecin - Deceuninck,,,",,",1252,15851
16,RR,22 July 2025,Montpellier,Mont Ventoux,171.5,2929,302,42.291,Sprint à deux,Barta Will,https://www.procyclingstats.com/rider/william-barta,1996-01-04,1996,United States,1.8,61.0,18.83,Boise,80,finished,104,10999,142,TT,29,US,Movistar Team,,,",,",1252,15851
16,RR,22 July 2025,Montpellier,Mont Ventoux,171.5,2929,302,42.291,Sprint à deux,Stuyven Jasper,https://www.procyclingstats.com/rider/jasper-stuyven,1992-04-17,1992,Belgium,1.87,80.0,22.88,Leuven,81,finished,63,8493,87,Classic,33,BE,Lidl - Trek,,,",,",1252,15851
16,RR,22 July 2025,Montpellier,Mont Ventoux,171.5,2929,302,42.291,Sprint à deux,Berckmoes Jenno,https://www.procyclingstats.com/rider/jenno-berckmoes,2001-02-04,2001,Belgium,1.77,61.0,19.47,Ghent,82,finished,73,9198,212,Classic,24,BE,Lotto,,,",,",1252,15851
16,RR,22 July 2025,Montpellier,Mont Ventoux,171.5,2929,302,42.291,Sprint à deux,Hirschi Marc,https://www.procyclingstats.com/rider/marc-hirschi,1998-08-24,1998,Switzerland,1.74,61.0,20.15,Bern,83,finished,96,10429,114,Classic,26,CH,Tudor Pro Cycling Team,,,",,",1252,15851
16,RR,22 July 2025,Montpellier,Mont Ventoux,171.5,2929,302,42.291,Sprint à deux,Haller Marco,https://www.procyclingstats.com/rider/marco-haller,1991-04-01,1991,Austria,1.78,72.0,22.72,Sankt Veit an der Glan,84,finished,88,10094,113,Classic,34,AT,Tudor Pro Cycling Team,,,",,",1252,15851
16,RR,22 July 2025,Montpellier,Mont Ventoux,171.5,2929,302,42.291,Sprint à deux,van den Broek Frank,https://www.procyclingstats.com/rider/frank-van-den-broek,2000-12-28,2000,Netherlands,1.78,70.0,22.09,Warmond,85,finished,55,7807,198,GC,24,NL,Team Picnic PostNL,,,",,",1252,15851
16,RR,22 July 2025,Montpellier,Mont Ventoux,171.5,2929,302,42.291,Sprint à deux,van Sintmaartensdijk Roel,https://www.procyclingstats.com/rider/roel-van-sintmaartensdijk,2001-05-08,2001,Netherlands,1.97,77.0,19.84,Zuidland,86,finished,157,14874,47,GC,24,NL,Intermarché - Wanty,,,",,",1252,15851
16,RR,22 July 2025,Montpellier,Mont Ventoux,171.5,2929,302,42.291,Sprint à deux,Foss Tobias,https://www.procyclingstats.com/rider/tobias-foss,1997-05-25,1997,Norway,1.84,74.0,21.86,Vingrom,87,finished,86,10046,63,TT,28,NO,INEOS Grenadiers,,,",,",1252,15851
16,RR,22 July 2025,Montpellier,Mont Ventoux,171.5,2929,302,42.291,Sprint à deux,Plapp Luke,https://www.procyclingstats.com/rider/luke-plapp,2000-12-25,2000,Australia,1.81,72.0,21.98,Melbourne,88,finished,125,12980,126,GC,24,AU,Team Jayco AlUla,,,",,",1252,15851
16,RR,22 July 2025,Montpellier,Mont Ventoux,171.5,2929,302,42.291,Sprint à deux,Drizners Jarrad,https://www.procyclingstats.com/rider/jarrad-drizners,1999-05-31,1999,Australia,1.86,70.0,20.23,Adelaide,89,finished,139,14001,214,GC,26,AU,Lotto,,,",,",1252,15851
16,RR,22 July 2025,Montpellier,Mont Ventoux,171.5,2929,302,42.291,Sprint à deux,Laurance Axel,https://www.procyclingstats.com/rider/axel-laurance,2001-04-13,2001,France,1.79,63.0,19.66,Calan,90,finished,57,7931,65,Hills,24,FR,INEOS Grenadiers,,,",,",1252,15851
16,RR,22 July 2025,Montpellier,Mont Ventoux,171.5,2929,302,42.291,Sprint à deux,Touzé Damien,https://www.procyclingstats.com/rider/damien-touze,1996-07-07,1996,France,1.74,69.0,22.79,Iville,91,finished,97,10488,168,Classic,29,FR,Cofidis,,,21:08,1268,15867
16,RR,22 July 2025,Montpellier,Mont Ventoux,171.5,2929,302,42.291,Sprint à deux,Delettre Alexandre,https://www.procyclingstats.com/rider/alexandre-delettre,1997-10-25,1997,France,1.7,62.0,21.45,Gonesse,92,finished,58,8016,183,Classic,27,FR,TotalEnergies,,,21:18,1278,15877
16,RR,22 July 2025,Montpellier,Mont Ventoux,171.5,2929,302,42.291,Sprint à deux,Vercher Mattéo,https://www.procyclingstats.com/rider/matheo-vercher,2001-01-26,2001,France,1.71,,,Lyon,93,finished,138,13949,188,Hills,24,FR,TotalEnergies,,,",,",1278,15877
16,RR,22 July 2025,Montpellier,Mont Ventoux,171.5,2929,302,42.291,Sprint à deux,van Aert Wout,https://www.procyclingstats.com/rider/wout-van-aert,1994-09-15,1994,Belgium,1.9,78.0,21.61,Herentals,94,finished,66,8624,17,Classic,30,BE,Team Visma | Lease a Bike,,,22:29,1349,15948
16,RR,22 July 2025,Montpellier,Mont Ventoux,171.5,2929,302,42.291,Sprint à deux,Moscon Gianni,https://www.procyclingstats.com/rider/gianni-moscon,1994-04-20,1994,Italy,1.8,71.0,21.91,Trento,95,finished,107,11164,74,Classic,31,IT,Red Bull - BORA - hansgrohe,,,",,",1349,15948
16,RR,22 July 2025,Montpellier,Mont Ventoux,171.5,2929,302,42.291,Sprint à deux,Powless Neilson,https://www.procyclingstats.com/rider/neilson-powless,1996-09-03,1996,United States,1.83,67.0,20.01,Eglin,96,finished,54,7801,35,Classic,28,US,EF Education - EasyPost,,,22:44,1364,15963
16,RR,22 July 2025,Montpellier,Mont Ventoux,171.5,2929,302,42.291,Sprint à deux,Sweeny Harry,https://www.procyclingstats.com/rider/harry-sweeny,1998-07-09,1998,Australia,1.86,75.0,21.68,Warwick,97,finished,39,6729,36,GC,27,AU,EF Education - EasyPost,,,",,",1364,15963
16,RR,22 July 2025,Montpellier,Mont Ventoux,171.5,2929,302,42.291,Sprint à deux,Louvel Matis,https://www.procyclingstats.com/rider/matis-louvel,1999-07-19,1999,France,1.87,77.0,22.02,Mont Saint Aignan,98,finished,108,11214,205,Classic,26,FR,Israel - Premier Tech,,,23:41,1421,16020
16,RR,22 July 2025,Montpellier,Mont Ventoux,171.5,2929,302,42.291,Sprint à deux,Durbridge Luke,https://www.procyclingstats.com/rider/luke-durbridge,1991-04-09,1991,Australia,1.87,78.0,22.31,Greenmount,99,finished,137,13886,123,TT,34,AU,Team Jayco AlUla,,,23:54,1434,16033
16,RR,22 July 2025,Montpellier,Mont Ventoux,171.5,2929,302,42.291,Sprint à deux,Verstrynge Emiel,https://www.procyclingstats.com/rider/emiel-verstrynge,2002-02-04,2002,Belgium,1.89,69.0,19.32,Eeklo,100,finished,64,8518,108,Climber,23,BE,Alpecin - Deceuninck,,,23:57,1437,16036
16,RR,22 July 2025,Montpellier,Mont Ventoux,171.5,2929,302,42.291,Sprint à deux,Grignard Sébastien,https://www.procyclingstats.com/rider/sebastien-grignard,1999-04-29,1999,Belgium,1.79,68.0,21.22,Mons,101,finished,147,14496,215,Classic,26,BE,Lotto,,,",,",1437,16036
16,RR,22 July 2025,Montpellier,Mont Ventoux,171.5,2929,302,42.291,Sprint à deux,Politt Nils,https://www.procyclingstats.com/rider/nils-politt,1994-03-06,1994,Germany,1.92,80.0,21.7,Cologne,102,finished,87,10057,4,Classic,31,DE,UAE Team Emirates - XRG,,,24:10,1450,16049
16,RR,22 July 2025,Montpellier,Mont Ventoux,171.5,2929,302,42.291,Sprint à deux,Asgreen Kasper,https://www.procyclingstats.com/rider/kasper-asgreen,1995-02-08,1995,Denmark,1.93,75.0,20.13,Kolding,103,finished,91,10246,33,TT,30,DK,EF Education - EasyPost,,,24:23,1463,16062
16,RR,22 July 2025,Montpellier,Mont Ventoux,171.5,2929,302,42.291,Sprint à deux,Albanese Vincenzo,https://www.procyclingstats.com/rider/vincenzo-albanese,1996-11-12,1996,Italy,1.75,70.0,22.86,Oliveto Citra,104,finished,110,11615,32,Hills,28,IT,EF Education - EasyPost,,,",,",1463,16062
16,RR,22 July 2025,Montpellier,Mont Ventoux,171.5,2929,302,42.291,Sprint à deux,Capiot Amaury,https://www.procyclingstats.com/rider/amaury-capiot,1993-06-25,1993,Belgium,1.86,69.0,19.94,Tongeren,105,finished,136,13851,132,Classic,32,BE,Arkéa - B&B Hotels,,,24:29,1469,16068
16,RR,22 July 2025,Montpellier,Mont Ventoux,171.5,2929,302,42.291,Sprint à deux,Theuns Edward,https://www.procyclingstats.com/rider/edward-theuns,1991-04-30,1991,Belgium,1.83,72.0,21.5,Ghent,106,finished,161,15153,88,Classic,34,BE,Lidl - Trek,,,25:05,1505,16104
16,RR,22 July 2025,Montpellier,Mont Ventoux,171.5,2929,302,42.291,Sprint à deux,Nys Thibau,https://www.procyclingstats.com/rider/thibau-nys,2002-11-12,2002,Belgium,1.76,64.0,20.66,Bonheiden,107,finished,114,12002,83,Hills,22,BE,Lidl - Trek,,,",,",1505,16104
16,RR,22 July 2025,Montpellier,Mont Ventoux,171.5,2929,302,42.291,Sprint à deux,Paret-Peintre Aurélien,https://www.procyclingstats.com/rider/aurelien-paret-peintre,1996-02-27,1996,France,1.84,64.0,18.9,Annemasse,108,finished,34,5573,156,GC,29,FR,Decathlon AG2R La Mondiale Team,,,25:15,1515,16114
16,RR,22 July 2025,Montpellier,Mont Ventoux,171.5,2929,302,42.291,Sprint à deux,Tronchon Bastien,https://www.procyclingstats.com/rider/bastien-tronchon,2002-03-29,2002,France,1.85,72.0,21.04,Chambéry,109,finished,90,10195,158,Classic,23,FR,Decathlon AG2R La Mondiale Team,,,",,",1515,16114
16,RR,22 July 2025,Montpellier,Mont Ventoux,171.5,2929,302,42.291,Sprint à deux,Andresen Tobias Lund,https://www.procyclingstats.com/rider/tobias-lund-andresen,2002-08-20,2002,Denmark,1.81,69.0,21.06,Taastrup,110,finished,98,10667,195,Classic,22,DK,Team Picnic PostNL,,,25:17,1517,16116
16,RR,22 July 2025,Montpellier,Mont Ventoux,171.5,2929,302,42.291,Sprint à deux,Pithie Laurence,https://www.procyclingstats.com/rider/laurence-pithie,2002-07-17,2002,New Zealand,1.85,74.0,21.62,Christchurch,111,finished,92,10274,75,Classic,23,NZ,Red Bull - BORA - hansgrohe,,,25:19,1519,16118
16,RR,22 July 2025,Montpellier,Mont Ventoux,171.5,2929,302,42.291,Sprint à deux,Penhoët Paul,https://www.procyclingstats.com/rider/paul-penhoet,2001-12-28,2001,France,1.73,64.0,21.38,Clamart,112,finished,115,12161,97,Classic,23,FR,Groupama - FDJ,,,",,",1519,16118
16,RR,22 July 2025,Montpellier,Mont Ventoux,171.5,2929,302,42.291,Sprint à deux,Ackermann Pascal,https://www.procyclingstats.com/rider/pascal-ackermann,1994-01-17,1994,Germany,1.8,78.0,24.07,Kandel,113,finished,127,13218,202,Sprint,31,DE,Israel - Premier Tech,,,25:35,1535,16134
16,RR,22 July 2025,Montpellier,Mont Ventoux,171.5,2929,302,42.291,Sprint à deux,Märkl Niklas,https://www.procyclingstats.com/rider/niklas-markl,1999-03-03,1999,Germany,1.85,70.0,20.45,Queidersbach,114,finished,112,11804,196,Sprint,26,DE,Team Picnic PostNL,,,",,",1535,16134
16,RR,22 July 2025,Montpellier,Mont Ventoux,171.5,2929,302,42.291,Sprint à deux,Jorgenson Matteo,https://www.procyclingstats.com/rider/matteo-jorgenson,1999-07-01,1999,United States,1.9,69.0,19.11,Walnut Creek,115,finished,20,3455,15,GC,26,US,Team Visma | Lease a Bike,,,26:09,1569,16168
16,RR,22 July 2025,Montpellier,Mont Ventoux,171.5,2929,302,42.291,Sprint à deux,Affini Edoardo,https://www.procyclingstats.com/rider/edoardo-affini,1996-06-24,1996,Italy,1.9,85.0,23.55,Mantua,116,finished,119,12621,12,TT,29,IT,Team Visma | Lease a Bike,,,",,",1569,16168
16,RR,22 July 2025,Montpellier,Mont Ventoux,171.5,2929,302,42.291,Sprint à deux,Blackmore Joseph,https://www.procyclingstats.com/rider/joseph-blackmore,2003-02-23,2003,Great Britain,1.81,66.0,20.15,Sidcup,117,finished,43,6911,203,GC,22,GB,Israel - Premier Tech,,,",,",1569,16168
16,RR,22 July 2025,Montpellier,Mont Ventoux,171.5,2929,302,42.291,Sprint à deux,Tejada Harold,https://www.procyclingstats.com/rider/harold-tejada,1997-04-27,1997,Colombia,1.8,63.0,19.44,Pitalito,118,finished,42,6814,171,Climber,28,CO,XDS Astana Team,,,",,",1569,16168
16,RR,22 July 2025,Montpellier,Mont Ventoux,171.5,2929,302,42.291,Sprint à deux,Sepúlveda Eduardo,https://www.procyclingstats.com/rider/eduardo-sepulveda,1991-06-13,1991,Argentina,1.73,59.0,19.71,Rawson,119,finished,122,12692,216,GC,34,AR,Lotto,,,26:15,1575,16174
16,RR,22 July 2025,Montpellier,Mont Ventoux,171.5,2929,302,42.291,Sprint à deux,Turgis Anthony,https://www.procyclingstats.com/rider/anthony-turgis,1994-05-16,1994,France,1.78,70.0,22.09,Bourg-la-Reine,120,finished,116,12183,187,Classic,31,FR,TotalEnergies,,,26:17,1577,16176
16,RR,22 July 2025,Montpellier,Mont Ventoux,171.5,2929,302,42.291,Sprint à deux,Askey Lewis,https://www.procyclingstats.com/rider/lewis-askey,2001-05-04,2001,Great Britain,1.87,75.0,21.45,Cannock,121,finished,140,14103,92,Classic,24,GB,Groupama - FDJ,,,26:21,1581,16180
16,RR,22 July 2025,Montpellier,Mont Ventoux,171.5,2929,302,42.291,Sprint à deux,Martinez Lenny,https://www.procyclingstats.com/rider/lenny-martinez,2003-07-11,2003,France,1.68,52.0,18.42,Cannes,122,finished,93,10365,55,Climber,22,FR,Bahrain - Victorious,,,",,",1581,16180
16,RR,22 July 2025,Montpellier,Mont Ventoux,171.5,2929,302,42.291,Sprint à deux,Lienhard Fabian,https://www.procyclingstats.com/rider/fabian-lienhard,1993-09-03,1993,Switzerland,1.83,73.0,21.8,Steinmaur,123,finished,163,15236,115,Classic,31,CH,Tudor Pro Cycling Team,,,26:57,1617,16216
16,RR,22 July 2025,Montpellier,Mont Ventoux,171.5,2929,302,42.291,Sprint à deux,Stannard Robert,https://www.procyclingstats.com/rider/robert-stannard,1998-09-16,1998,Australia,1.79,74.0,23.1,Sydney Previous nationalities New Zealand until 2016,124,finished,124,12754,57,Hills,26,AU,Bahrain - Victorious,,,",,",1617,16216
16,RR,22 July 2025,Montpellier,Mont Ventoux,171.5,2929,302,42.291,Sprint à deux,Storer Michael,https://www.procyclingstats.com/rider/michael-storer,1997-02-28,1997,Australia,1.77,63.0,20.11,Perth,125,finished,61,8225,117,Climber,28,AU,Tudor Pro Cycling Team,,,",,",1617,16216
16,RR,22 July 2025,Montpellier,Mont Ventoux,171.5,2929,302,42.291,Sprint à deux,Groves Kaden,https://www.procyclingstats.com/rider/kaden-groves,1998-12-23,1998,Australia,1.76,76.0,24.54,Gympie,126,finished,101,10784,103,Hills,26,AU,Alpecin - Deceuninck,,,",,",1617,16216
16,RR,22 July 2025,Montpellier,Mont Ventoux,171.5,2929,302,42.291,Sprint à deux,Thomas Benjamin,https://www.procyclingstats.com/rider/benjamin-thomas-2,1995-09-12,1995,France,1.79,68.0,21.22,Lavaur,127,finished,150,14625,167,TT,29,FR,Cofidis,,,27:07,1627,16226
16,RR,22 July 2025,Montpellier,Mont Ventoux,171.5,2929,302,42.291,Sprint à deux,Mohorič Matej,https://www.procyclingstats.com/rider/matej-mohoric,1994-10-19,1994,Slovenia,1.86,71.0,20.52,Kranj,128,finished,120,12630,56,Classic,30,SI,Bahrain - Victorious,,,27:43,1663,16262
16,RR,22 July 2025,Montpellier,Mont Ventoux,171.5,2929,302,42.291,Sprint à deux,Naberman Tim,https://www.procyclingstats.com/rider/tim-naberman,1999-05-11,1999,Netherlands,1.87,70.0,20.02,Genemuiden,129,finished,129,13387,197,GC,26,NL,Team Picnic PostNL,,,28:03,1683,16282
16,RR,22 July 2025,Montpellier,Mont Ventoux,171.5,2929,302,42.291,Sprint à deux,Edvardsen-Fredheim Stian,https://www.procyclingstats.com/rider/stian-fredheim,2003-03-23,2003,Norway,1.84,72.0,21.27,Kristiansand,130,finished,146,14462,224,Sprint,22,NO,Uno-X Mobility,,,",,",1683,16282
16,RR,22 July 2025,Montpellier,Mont Ventoux,171.5,2929,302,42.291,Sprint à deux,Reinders Elmar,https://www.procyclingstats.com/rider/elmar-reinders,1992-03-14,1992,Netherlands,1.9,78.1,21.63,Emmen,131,finished,142,14171,127,Classic,33,NL,Team Jayco AlUla,,,",,",1683,16282
16,RR,22 July 2025,Montpellier,Mont Ventoux,171.5,2929,302,42.291,Sprint à deux,Watson Samuel,https://www.procyclingstats.com/rider/samuel-watson,2001-09-24,2001,Great Britain,1.88,68.0,19.24,Leeds,132,finished,128,13315,68,Hills,23,GB,INEOS Grenadiers,,,",,",1683,16282
16,RR,22 July 2025,Montpellier,Mont Ventoux,171.5,2929,302,42.291,Sprint à deux,van Poppel Danny,https://www.procyclingstats.com/rider/danny-van-poppel,1993-07-26,1993,Netherlands,1.84,82.0,24.22,Moergestel,133,finished,118,12616,77,Sprint,31,NL,Red Bull - BORA - hansgrohe,,,",,",1683,16282
16,RR,22 July 2025,Montpellier,Mont Ventoux,171.5,2929,302,42.291,Sprint à deux,Dainese Alberto,https://www.procyclingstats.com/rider/alberto-dainese,1998-03-25,1998,Italy,1.75,72.0,23.51,Abano Terme,134,finished,121,12649,112,Sprint,27,IT,Tudor Pro Cycling Team,,,",,",1683,16282
16,RR,22 July 2025,Montpellier,Mont Ventoux,171.5,2929,302,42.291,Sprint à deux,Gradek Kamil,https://www.procyclingstats.com/rider/kamil-gradek,1990-09-17,1990,Poland,1.94,83.0,22.05,Koziegłowy,135,finished,160,15058,53,TT,34,PL,Bahrain - Victorious,,,",,",1683,16282
16,RR,22 July 2025,Montpellier,Mont Ventoux,171.5,2929,302,42.291,Sprint à deux,Mayrhofer Marius,https://www.procyclingstats.com/rider/marius-mayrhofer,2000-09-18,2000,Germany,1.82,70.0,21.13,Tübingen,136,finished,84,9837,116,Hills,24,DE,Tudor Pro Cycling Team,,,",,",1683,16282
16,RR,22 July 2025,Montpellier,Mont Ventoux,171.5,2929,302,42.291,Sprint à deux,Braet Vito,https://www.procyclingstats.com/rider/vito-braet,2000-11-02,2000,Belgium,1.84,68.0,20.09,Hulste,137,finished,145,14455,43,Classic,24,BE,Intermarché - Wanty,,,",,",1683,16282
16,RR,22 July 2025,Montpellier,Mont Ventoux,171.5,2929,302,42.291,Sprint à deux,Cort Magnus,https://www.procyclingstats.com/rider/magnus-cort-nielsen,1993-01-16,1993,Denmark,1.84,68.0,20.09,Rønne,138,finished,130,13495,223,Hills,32,DK,Uno-X Mobility,,,",,",1683,16282
16,RR,22 July 2025,Montpellier,Mont Ventoux,171.5,2929,302,42.291,Sprint à deux,Page Hugo,https://www.procyclingstats.com/rider/hugo-page,2001-07-24,2001,France,1.85,71.0,20.75,Chartres,139,finished,144,14331,44,Classic,23,FR,Intermarché - Wanty,,,",,",1683,16282
16,RR,22 July 2025,Montpellier,Mont Ventoux,171.5,2929,302,42.291,Sprint à deux,García Cortina Iván,https://www.procyclingstats.com/rider/ivan-garcia-cortina,1995-11-20,1995,Spain,1.83,77.0,22.99,Gijón,140,finished,117,12563,145,Classic,29,ES,Movistar Team,,,",,",1683,16282
16,RR,22 July 2025,Montpellier,Mont Ventoux,171.5,2929,302,42.291,Sprint à deux,Mezgec Luka,https://www.procyclingstats.com/rider/luka-mezgec,1988-06-27,1988,Slovenia,1.83,72.0,21.5,Kranj,141,finished,155,14811,125,Hills,37,SI,Team Jayco AlUla,,,",,",1683,16282
16,RR,22 July 2025,Montpellier,Mont Ventoux,171.5,2929,302,42.291,Sprint à deux,Rex Laurenz,https://www.procyclingstats.com/rider/laurenz-rex,1999-12-15,1999,Belgium,1.93,83.0,22.28,Marburg,142,finished,143,14303,45,Classic,25,BE,Intermarché - Wanty,,,",,",1683,16282
16,RR,22 July 2025,Montpellier,Mont Ventoux,171.5,2929,302,42.291,Sprint à deux,Bauhaus Phil,https://www.procyclingstats.com/rider/phil-bauhaus,1994-07-08,1994,Germany,1.84,75.0,22.15,Bocholt,143,finished,156,14816,52,Sprint,31,DE,Bahrain - Victorious,,,",,",1683,16282
16,RR,22 July 2025,Montpellier,Mont Ventoux,171.5,2929,302,42.291,Sprint à deux,Flynn Sean,https://www.procyclingstats.com/rider/sean-flynn,2000-03-02,2000,Great Britain,1.77,67.0,21.39,Edinburgh,144,finished,133,13642,194,GC,25,GB,Team Picnic PostNL,,,",,",1683,16282
16,RR,22 July 2025,Montpellier,Mont Ventoux,171.5,2929,302,42.291,Sprint à deux,Renard Alexis,https://www.procyclingstats.com/rider/alexis-renard,1999-06-01,1999,France,1.86,74.0,21.39,Saint-Brieuc,145,finished,148,14513,165,Classic,26,FR,Cofidis,,,",,",1683,16282
16,RR,22 July 2025,Montpellier,Mont Ventoux,171.5,2929,302,42.291,Sprint à deux,Trentin Matteo,https://www.procyclingstats.com/rider/matteo-trentin,1989-08-02,1989,Italy,1.79,74.0,23.1,Borgo Valsugana,146,finished,109,11334,118,Classic,35,IT,Tudor Pro Cycling Team,,,",,",1683,16282
16,RR,22 July 2025,Montpellier,Mont Ventoux,171.5,2929,302,42.291,Sprint à deux,Lutsenko Alexey,https://www.procyclingstats.com/rider/aleksey-lutsenko,1992-09-07,1992,Kazakhstan,1.74,74.0,24.44,Petropavl,147,finished,76,9383,206,GC,32,KZ,Israel - Premier Tech,,,",,",1683,16282
16,RR,22 July 2025,Montpellier,Mont Ventoux,171.5,2929,302,42.291,Sprint à deux,Fedorov Yevgeniy,https://www.procyclingstats.com/rider/yevgeniy-fedorov,2000-02-16,2000,Kazakhstan,1.93,80.0,21.48,Aktobe,148,finished,162,15187,175,Classic,25,KZ,XDS Astana Team,,,",,",1683,16282
16,RR,22 July 2025,Montpellier,Mont Ventoux,171.5,2929,302,42.291,Sprint à deux,Stewart Jake,https://www.procyclingstats.com/rider/jake-stewart,1999-10-02,1999,Great Britain,1.79,66.0,20.6,Coventry,149,finished,123,12738,208,Hills,25,GB,Israel - Premier Tech,,,",,",1683,16282
16,RR,22 July 2025,Montpellier,Mont Ventoux,171.5,2929,302,42.291,Sprint à deux,Naesen Oliver,https://www.procyclingstats.com/rider/oliver-naesen,1990-09-16,1990,Belgium,1.84,74.0,21.86,Oostende,150,finished,82,9693,155,Classic,34,BE,Decathlon AG2R La Mondiale Team,,,28:12,1692,16291
16,RR,22 July 2025,Montpellier,Mont Ventoux,171.5,2929,302,42.291,Sprint à deux,Romeo Iván,https://www.procyclingstats.com/rider/ivan-romeo,2003-08-16,2003,Spain,1.93,75.0,20.13,Valladolid,151,finished,105,11105,147,GC,21,ES,Movistar Team,,,",,",1692,16291
16,RR,22 July 2025,Montpellier,Mont Ventoux,171.5,2929,302,42.291,Sprint à deux,Castrillo Pablo,https://www.procyclingstats.com/rider/pablo-castrillo-zapater,2001-01-02,2001,Spain,1.83,74.0,22.1,Jaca,152,finished,111,11647,143,Climber,24,ES,Movistar Team,,,",,",1692,16291
16,RR,22 July 2025,Montpellier,Mont Ventoux,171.5,2929,302,42.291,Sprint à deux,Merlier Tim,https://www.procyclingstats.com/rider/tim-merlier,1992-10-30,1992,Belgium,1.88,76.0,21.5,Wortegem-Petegem,153,finished,153,14676,24,Sprint,32,BE,Soudal Quick-Step,,,",,",1692,16291
16,RR,22 July 2025,Montpellier,Mont Ventoux,171.5,2929,302,42.291,Sprint à deux,Van Lerberghe Bert,https://www.procyclingstats.com/rider/bert-van-lerberghe,1992-09-29,1992,Belgium,1.9,83.0,22.99,Kortrijk,154,finished,152,14658,27,Classic,32,BE,Soudal Quick-Step,,,",,",1692,16291
16,RR,22 July 2025,Montpellier,Mont Ventoux,171.5,2929,302,42.291,Sprint à deux,Boivin Guillaume,https://www.procyclingstats.com/rider/guillaume-boivin,1989-05-25,1989,Canada,1.8,78.0,24.07,Montreal,155,finished,154,14710,204,Classic,36,CA,Israel - Premier Tech,,,",,",1692,16291
16,RR,22 July 2025,Montpellier,Mont Ventoux,171.5,2929,302,42.291,Sprint à deux,Hoelgaard Markus,https://www.procyclingstats.com/rider/markus-hoelgaard,1994-10-04,1994,Norway,1.88,74.0,20.94,Stavanger,156,finished,62,8241,225,Classic,30,NO,Uno-X Mobility,,,28:16,1696,16295
16,RR,22 July 2025,Montpellier,Mont Ventoux,171.5,2929,302,42.291,Sprint à deux,Milan Jonathan,https://www.procyclingstats.com/rider/jonathan-milan,2000-10-01,2000,Italy,1.94,84.0,22.32,Tolmezzo,157,finished,149,14608,81,Sprint,24,IT,Lidl - Trek,,,",,",1696,16295
16,RR,22 July 2025,Montpellier,Mont Ventoux,171.5,2929,302,42.291,Sprint à deux,Girmay Biniam,https://www.procyclingstats.com/rider/biniam-girmay,2000-04-02,2000,Eritrea,1.84,70.0,20.68,Asmara,158,finished,134,13698,41,Classic,25,ER,Intermarché - Wanty,,,",,",1696,16295
16,RR,22 July 2025,Montpellier,Mont Ventoux,171.5,2929,302,42.291,Sprint à deux,Meeus Jordi,https://www.procyclingstats.com/rider/jordi-meeus,1998-07-01,1998,Belgium,1.9,80.0,22.16,Lommel,159,finished,165,15469,73,Classic,27,BE,Red Bull - BORA - hansgrohe,,,28:23,1703,16302
16,RR,22 July 2025,Montpellier,Mont Ventoux,171.5,2929,302,42.291,Sprint à deux,Ballerini Davide,https://www.procyclingstats.com/rider/davide-ballerini,1994-09-21,1994,Italy,1.83,71.0,21.2,Cantù,160,finished,159,14985,172,Classic,30,IT,XDS Astana Team,,,29:09,1749,16348
16,RR,22 July 2025,Montpellier,Mont Ventoux,171.5,2929,302,42.291,Sprint à deux,Consonni Simone,https://www.procyclingstats.com/rider/simone-consonni,1994-09-12,1994,Italy,1.65,60.0,22.04,Ponte San Pietro,161,finished,164,15355,82,Classic,30,IT,Lidl - Trek,,,",,",1749,16348
16,RR,22 July 2025,Montpellier,Mont Ventoux,171.5,2929,302,42.291,Sprint à deux,De Lie Arnaud,https://www.procyclingstats.com/rider/arnaud-de-lie,2002-03-16,2002,Belgium,1.82,78.0,23.55,Libramont,162,finished,141,14116,211,Classic,23,BE,Lotto,,,",,",1749,16348
16,RR,22 July 2025,Montpellier,Mont Ventoux,171.5,2929,302,42.291,Sprint à deux,Groenewegen Dylan,https://www.procyclingstats.com/rider/dylan-groenewegen,1993-06-21,1993,Netherlands,1.77,70.0,22.34,Amsterdam,163,finished,151,14649,124,Sprint,32,NL,Team Jayco AlUla,,,29:46,1786,16385
16,RR,22 July 2025,Montpellier,Mont Ventoux,171.5,2929,302,42.291,Sprint à deux,Démare Arnaud,https://www.procyclingstats.com/rider/arnaud-demare,1991-08-26,1991,France,1.81,76.0,23.2,Beauvais,164,finished,158,14898,134,Classic,33,FR,Arkéa - B&B Hotels,,,31:33,1893,16492
16,RR,22 July 2025,Montpellier,Mont Ventoux,171.5,2929,302,42.291,Sprint à deux,Gachignard Thomas,https://www.procyclingstats.com/rider/thomas-gachignard,2000-08-17,2000,France,,,,Niort,165,finished,65,8569,184,GC,24,FR,TotalEnergies,,,32:05,1925,16524
16,RR,22 July 2025,Montpellier,Mont Ventoux,171.5,2929,302,42.291,Sprint à deux,van der Poel Mathieu,https://www.procyclingstats.com/rider/mathieu-van-der-poel,1995-01-19,1995,Netherlands,1.84,75.0,22.15,Kapellen,,DNS,,,106,Classic,30,NL,Alpecin - Deceuninck,,,,,
17,RR,23 July 2025,Bollène,Valence,160.4,1660,25,46.832,Sprint of small group,Milan Jonathan,https://www.procyclingstats.com/rider/jonathan-milan,2000-10-01,2000,Italy,1.94,84.0,22.32,Tolmezzo,1,finished,148,14598,81,Sprint,24,IT,Lidl - Trek,210.0,100.0,3:25:30,0,12330
17,RR,23 July 2025,Bollène,Valence,160.4,1660,25,46.832,Sprint of small group,Meeus Jordi,https://www.procyclingstats.com/rider/jordi-meeus,1998-07-01,1998,Belgium,1.9,80.0,22.16,Lommel,2,finished,164,15463,73,Classic,27,BE,Red Bull - BORA - hansgrohe,150.0,70.0,",,",0,12330
17,RR,23 July 2025,Bollène,Valence,160.4,1660,25,46.832,Sprint of small group,Andresen Tobias Lund,https://www.procyclingstats.com/rider/tobias-lund-andresen,2002-08-20,2002,Denmark,1.81,69.0,21.06,Taastrup,3,finished,98,10663,195,Classic,22,DK,Team Picnic PostNL,110.0,50.0,",,",0,12330
17,RR,23 July 2025,Bollène,Valence,160.4,1660,25,46.832,Sprint of small group,De Lie Arnaud,https://www.procyclingstats.com/rider/arnaud-de-lie,2002-03-16,2002,Belgium,1.82,78.0,23.55,Libramont,4,finished,140,14116,211,Classic,23,BE,Lotto,90.0,40.0,",,",0,12330
17,RR,23 July 2025,Bollène,Valence,160.4,1660,25,46.832,Sprint of small group,Ballerini Davide,https://www.procyclingstats.com/rider/davide-ballerini,1994-09-21,1994,Italy,1.83,71.0,21.2,Cantù,5,finished,157,14985,172,Classic,30,IT,XDS Astana Team,70.0,32.0,",,",0,12330
17,RR,23 July 2025,Bollène,Valence,160.4,1660,25,46.832,Sprint of small group,Dainese Alberto,https://www.procyclingstats.com/rider/alberto-dainese,1998-03-25,1998,Italy,1.75,72.0,23.51,Abano Terme,6,finished,119,12649,112,Sprint,27,IT,Tudor Pro Cycling Team,55.0,26.0,",,",0,12330
17,RR,23 July 2025,Bollène,Valence,160.4,1660,25,46.832,Sprint of small group,Penhoët Paul,https://www.procyclingstats.com/rider/paul-penhoet,2001-12-28,2001,France,1.73,64.0,21.38,Clamart,7,finished,114,12161,97,Classic,23,FR,Groupama - FDJ,45.0,22.0,",,",0,12330
17,RR,23 July 2025,Bollène,Valence,160.4,1660,25,46.832,Sprint of small group,Fedorov Yevgeniy,https://www.procyclingstats.com/rider/yevgeniy-fedorov,2000-02-16,2000,Kazakhstan,1.93,80.0,21.48,Aktobe,8,finished,160,15187,175,Classic,25,KZ,XDS Astana Team,40.0,18.0,",,",0,12330
17,RR,23 July 2025,Bollène,Valence,160.4,1660,25,46.832,Sprint of small group,Russo Clément,https://www.procyclingstats.com/rider/clement-russo,1995-01-20,1995,France,1.87,74.0,21.16,Lyon,9,finished,93,10398,98,Classic,30,FR,Groupama - FDJ,35.0,14.0,",,",0,12330
17,RR,23 July 2025,Bollène,Valence,160.4,1660,25,46.832,Sprint of small group,Stuyven Jasper,https://www.procyclingstats.com/rider/jasper-stuyven,1992-04-17,1992,Belgium,1.87,80.0,22.88,Leuven,10,finished,62,8493,87,Classic,33,BE,Lidl - Trek,30.0,10.0,",,",0,12330
17,RR,23 July 2025,Bollène,Valence,160.4,1660,25,46.832,Sprint of small group,Van Moer Brent,https://www.procyclingstats.com/rider/brent-van-moer,1998-01-12,1998,Belgium,1.91,79.0,21.66,Beveren,11,finished,81,9644,218,Classic,27,BE,Lotto,25.0,8.0,",,",0,12330
17,RR,23 July 2025,Bollène,Valence,160.4,1660,25,46.832,Sprint of small group,Bauhaus Phil,https://www.procyclingstats.com/rider/phil-bauhaus,1994-07-08,1994,Germany,1.84,75.0,22.15,Bocholt,12,finished,154,14816,52,Sprint,31,DE,Bahrain - Victorious,20.0,6.0,",,",0,12330
17,RR,23 July 2025,Bollène,Valence,160.4,1660,25,46.832,Sprint of small group,Drizners Jarrad,https://www.procyclingstats.com/rider/jarrad-drizners,1999-05-31,1999,Australia,1.86,70.0,20.23,Adelaide,13,finished,138,14001,214,GC,26,AU,Lotto,15.0,4.0,",,",0,12330
17,RR,23 July 2025,Bollène,Valence,160.4,1660,25,46.832,Sprint of small group,Groenewegen Dylan,https://www.procyclingstats.com/rider/dylan-groenewegen,1993-06-21,1993,Netherlands,1.77,70.0,22.34,Amsterdam,14,finished,149,14649,124,Sprint,32,NL,Team Jayco AlUla,10.0,2.0,",,",0,12330
17,RR,23 July 2025,Bollène,Valence,160.4,1660,25,46.832,Sprint of small group,Teunissen Mike,https://www.procyclingstats.com/rider/mike-teunissen,1992-08-25,1992,Netherlands,1.84,73.0,21.56,Ysselsteyn,15,finished,84,10010,177,Classic,32,NL,XDS Astana Team,5.0,1.0,",,",0,12330
17,RR,23 July 2025,Bollène,Valence,160.4,1660,25,46.832,Sprint of small group,Renard Alexis,https://www.procyclingstats.com/rider/alexis-renard,1999-06-01,1999,France,1.86,74.0,21.39,Saint-Brieuc,16,finished,147,14513,165,Classic,26,FR,Cofidis,,,",,",0,12330
17,RR,23 July 2025,Bollène,Valence,160.4,1660,25,46.832,Sprint of small group,Braet Vito,https://www.procyclingstats.com/rider/vito-braet,2000-11-02,2000,Belgium,1.84,68.0,20.09,Hulste,17,finished,144,14455,43,Classic,24,BE,Intermarché - Wanty,,,",,",0,12330
17,RR,23 July 2025,Bollène,Valence,160.4,1660,25,46.832,Sprint of small group,Venturini Clément,https://www.procyclingstats.com/rider/clement-venturini,1993-10-16,1993,France,1.65,60.0,22.04,Villeurbanne,18,finished,43,6929,138,Classic,31,FR,Arkéa - B&B Hotels,,,",,",0,12330
17,RR,23 July 2025,Bollène,Valence,160.4,1660,25,46.832,Sprint of small group,van Dijke Mick,https://www.procyclingstats.com/rider/mick-van-dijke,2000-03-15,2000,Netherlands,1.9,74.0,20.5,Goes,19,finished,124,13103,76,Classic,25,NL,Red Bull - BORA - hansgrohe,,,",,",0,12330
17,RR,23 July 2025,Bollène,Valence,160.4,1660,25,46.832,Sprint of small group,Groves Kaden,https://www.procyclingstats.com/rider/kaden-groves,1998-12-23,1998,Australia,1.76,76.0,24.54,Gympie,20,finished,101,10784,103,Hills,26,AU,Alpecin - Deceuninck,,,",,",0,12330
17,RR,23 July 2025,Bollène,Valence,160.4,1660,25,46.832,Sprint of small group,Tronchon Bastien,https://www.procyclingstats.com/rider/bastien-tronchon,2002-03-29,2002,France,1.85,72.0,21.04,Chambéry,21,finished,89,10195,158,Classic,23,FR,Decathlon AG2R La Mondiale Team,,,",,",0,12330
17,RR,23 July 2025,Bollène,Valence,160.4,1660,25,46.832,Sprint of small group,Theuns Edward,https://www.procyclingstats.com/rider/edward-theuns,1991-04-30,1991,Belgium,1.83,72.0,21.5,Ghent,22,finished,159,15153,88,Classic,34,BE,Lidl - Trek,,,",,",0,12330
17,RR,23 July 2025,Bollène,Valence,160.4,1660,25,46.832,Sprint of small group,Johannessen Tobias Halland,https://www.procyclingstats.com/rider/tobias-halland-johannessen,1999-08-23,1999,Norway,1.76,62.0,20.02,Drøbak,23,finished,8,1021,221,Climber,25,NO,Uno-X Mobility,,,",,",0,12330
17,RR,23 July 2025,Bollène,Valence,160.4,1660,25,46.832,Sprint of small group,Wright Fred,https://www.procyclingstats.com/rider/alfred-wright,1999-06-13,1999,Great Britain,1.84,75.0,22.15,London,24,finished,100,10760,58,Hills,26,GB,Bahrain - Victorious,,,",,",0,12330
17,RR,23 July 2025,Bollène,Valence,160.4,1660,25,46.832,Sprint of small group,Merlier Tim,https://www.procyclingstats.com/rider/tim-merlier,1992-10-30,1992,Belgium,1.88,76.0,21.5,Wortegem-Petegem,25,finished,151,14676,24,Sprint,32,BE,Soudal Quick-Step,,,",,",0,12330
17,RR,23 July 2025,Bollène,Valence,160.4,1660,25,46.832,Sprint of small group,Rickaert Jonas,https://www.procyclingstats.com/rider/jonas-rickaert,1994-02-07,1994,Belgium,1.9,88.0,24.38,Sint-Eloois-Vijve,26,finished,99,10744,105,Classic,31,BE,Alpecin - Deceuninck,,,",,",0,12330
17,RR,23 July 2025,Bollène,Valence,160.4,1660,25,46.832,Sprint of small group,Pogačar Tadej,https://www.procyclingstats.com/rider/tadej-pogacar,1998-09-21,1998,Slovenia,1.76,66.0,21.31,Klanec,27,finished,1,0,1,Climber,26,SI,UAE Team Emirates - XRG,,,",,",0,12330
17,RR,23 July 2025,Bollène,Valence,160.4,1660,25,46.832,Sprint of small group,Naesen Oliver,https://www.procyclingstats.com/rider/oliver-naesen,1990-09-16,1990,Belgium,1.84,74.0,21.86,Oostende,28,finished,82,9693,155,Classic,34,BE,Decathlon AG2R La Mondiale Team,,,",,",0,12330
17,RR,23 July 2025,Bollène,Valence,160.4,1660,25,46.832,Sprint of small group,Gall Felix,https://www.procyclingstats.com/rider/felix-gall,1998-02-27,1998,Austria,1.8,66.0,20.37,Nußdorf-Debant,29,finished,7,890,151,Climber,27,AT,Decathlon AG2R La Mondiale Team,,,",,",0,12330
17,RR,23 July 2025,Bollène,Valence,160.4,1660,25,46.832,Sprint of small group,Benoot Tiesj,https://www.procyclingstats.com/rider/tiesj-benoot,1994-03-11,1994,Belgium,1.9,72.0,19.94,Ghent,30,finished,47,7195,13,Classic,31,BE,Team Visma | Lease a Bike,,,",,",0,12330
17,RR,23 July 2025,Bollène,Valence,160.4,1660,25,46.832,Sprint of small group,Onley Oscar,https://www.procyclingstats.com/rider/oscar-onley,2002-10-13,2002,Great Britain,1.73,62.0,20.72,Kelso,31,finished,4,664,191,GC,22,GB,Team Picnic PostNL,,,",,",0,12330
17,RR,23 July 2025,Bollène,Valence,160.4,1660,25,46.832,Sprint of small group,Laurance Axel,https://www.procyclingstats.com/rider/axel-laurance,2001-04-13,2001,France,1.79,63.0,19.66,Calan,32,finished,57,7931,65,Hills,24,FR,INEOS Grenadiers,,,",,",0,12330
17,RR,23 July 2025,Bollène,Valence,160.4,1660,25,46.832,Sprint of small group,Paret-Peintre Aurélien,https://www.procyclingstats.com/rider/aurelien-paret-peintre,1996-02-27,1996,France,1.84,64.0,18.9,Annemasse,33,finished,34,5573,156,GC,29,FR,Decathlon AG2R La Mondiale Team,,,",,",0,12330
17,RR,23 July 2025,Bollène,Valence,160.4,1660,25,46.832,Sprint of small group,Vingegaard Jonas,https://www.procyclingstats.com/rider/jonas-vingegaard,1996-12-10,1996,Denmark,1.75,58.0,18.94,Hillerslev,34,finished,2,255,11,GC,28,DK,Team Visma | Lease a Bike,,,",,",0,12330
17,RR,23 July 2025,Bollène,Valence,160.4,1660,25,46.832,Sprint of small group,Watson Samuel,https://www.procyclingstats.com/rider/samuel-watson,2001-09-24,2001,Great Britain,1.88,68.0,19.24,Leeds,35,finished,127,13315,68,Hills,23,GB,INEOS Grenadiers,,,",,",0,12330
17,RR,23 July 2025,Bollène,Valence,160.4,1660,25,46.832,Sprint of small group,Affini Edoardo,https://www.procyclingstats.com/rider/edoardo-affini,1996-06-24,1996,Italy,1.9,85.0,23.55,Mantua,36,finished,118,12621,12,TT,29,IT,Team Visma | Lease a Bike,,,",,",0,12330
17,RR,23 July 2025,Bollène,Valence,160.4,1660,25,46.832,Sprint of small group,Healy Ben,https://www.procyclingstats.com/rider/ben-healy,2000-09-11,2000,Ireland,1.75,62.0,20.24,Kingswinford Previous nationalities Great Britain until 2016,37,finished,9,1072,31,Climber,24,IE,EF Education - EasyPost,,,",,",0,12330
17,RR,23 July 2025,Bollène,Valence,160.4,1660,25,46.832,Sprint of small group,Lipowitz Florian,https://www.procyclingstats.com/rider/florian-lipowitz,2000-09-21,2000,Germany,1.81,68.0,20.76,Laichingen,38,finished,3,543,72,GC,24,DE,Red Bull - BORA - hansgrohe,,,",,",0,12330
17,RR,23 July 2025,Bollène,Valence,160.4,1660,25,46.832,Sprint of small group,Eenkhoorn Pascal,https://www.procyclingstats.com/rider/pascal-eenkhoorn,1997-02-08,1997,Netherlands,1.85,72.0,21.04,Zwolle,39,finished,45,7112,23,Classic,28,NL,Soudal Quick-Step,,,",,",0,12330
17,RR,23 July 2025,Bollène,Valence,160.4,1660,25,46.832,Sprint of small group,Stannard Robert,https://www.procyclingstats.com/rider/robert-stannard,1998-09-16,1998,Australia,1.79,74.0,23.1,Sydney Previous nationalities New Zealand until 2016,40,finished,122,12754,57,Hills,26,AU,Bahrain - Victorious,,,",,",0,12330
17,RR,23 July 2025,Bollène,Valence,160.4,1660,25,46.832,Sprint of small group,Jegat Jordan,https://www.procyclingstats.com/rider/jordan-jegat,1999-06-07,1999,France,1.76,59.0,19.05,Vannes,41,finished,11,1390,186,Climber,26,FR,TotalEnergies,,,",,",0,12330
17,RR,23 July 2025,Bollène,Valence,160.4,1660,25,46.832,Sprint of small group,Mühlberger Gregor,https://www.procyclingstats.com/rider/gregor-muhlberger,1994-04-04,1994,Austria,1.8,64.0,19.75,Haidershofen,42,finished,24,4297,146,GC,31,AT,Movistar Team,,,",,",0,12330
17,RR,23 July 2025,Bollène,Valence,160.4,1660,25,46.832,Sprint of small group,Van Lerberghe Bert,https://www.procyclingstats.com/rider/bert-van-lerberghe,1992-09-29,1992,Belgium,1.9,83.0,22.99,Kortrijk,43,finished,150,14658,27,Classic,32,BE,Soudal Quick-Step,,,",,",0,12330
17,RR,23 July 2025,Bollène,Valence,160.4,1660,25,46.832,Sprint of small group,Barguil Warren,https://www.procyclingstats.com/rider/warren-barguil,1991-10-28,1991,France,1.83,61.0,18.21,Hennebont,44,finished,22,4010,192,Climber,33,FR,Team Picnic PostNL,,,",,",0,12330
17,RR,23 July 2025,Bollène,Valence,160.4,1660,25,46.832,Sprint of small group,Pithie Laurence,https://www.procyclingstats.com/rider/laurence-pithie,2002-07-17,2002,New Zealand,1.85,74.0,21.62,Christchurch,45,finished,91,10274,75,Classic,23,NZ,Red Bull - BORA - hansgrohe,,,",,",0,12330
17,RR,23 July 2025,Bollène,Valence,160.4,1660,25,46.832,Sprint of small group,Vauquelin Kévin,https://www.procyclingstats.com/rider/kevin-vauquelin,2001-04-26,2001,France,1.76,69.0,22.28,Bayeux,46,finished,6,800,131,GC,24,FR,Arkéa - B&B Hotels,,,",,",0,12330
17,RR,23 July 2025,Bollène,Valence,160.4,1660,25,46.832,Sprint of small group,Rodríguez Cristián,https://www.procyclingstats.com/rider/cristian-rodriguez,1995-03-03,1995,Spain,1.78,59.0,18.62,El Ejido,47,finished,17,3204,137,GC,30,ES,Arkéa - B&B Hotels,,,",,",0,12330
17,RR,23 July 2025,Bollène,Valence,160.4,1660,25,46.832,Sprint of small group,Vercher Mattéo,https://www.procyclingstats.com/rider/matheo-vercher,2001-01-26,2001,France,1.71,,,Lyon,48,finished,137,13949,188,Hills,24,FR,TotalEnergies,,,",,",0,12330
17,RR,23 July 2025,Bollène,Valence,160.4,1660,25,46.832,Sprint of small group,Delettre Alexandre,https://www.procyclingstats.com/rider/alexandre-delettre,1997-10-25,1997,France,1.7,62.0,21.45,Gonesse,49,finished,58,8016,183,Classic,27,FR,TotalEnergies,,,",,",0,12330
17,RR,23 July 2025,Bollène,Valence,160.4,1660,25,46.832,Sprint of small group,Turgis Anthony,https://www.procyclingstats.com/rider/anthony-turgis,1994-05-16,1994,France,1.78,70.0,22.09,Bourg-la-Reine,50,finished,115,12183,187,Classic,31,FR,TotalEnergies,,,",,",0,12330
17,RR,23 July 2025,Bollène,Valence,160.4,1660,25,46.832,Sprint of small group,Gachignard Thomas,https://www.procyclingstats.com/rider/thomas-gachignard,2000-08-17,2000,France,,,,Niort,51,finished,65,8569,184,GC,24,FR,TotalEnergies,,,",,",0,12330
17,RR,23 July 2025,Bollène,Valence,160.4,1660,25,46.832,Sprint of small group,Vermeersch Gianni,https://www.procyclingstats.com/rider/gianni-vermeersch,1992-11-19,1992,Belgium,1.73,68.0,22.72,Roeselare,52,finished,103,10969,107,Classic,32,BE,Alpecin - Deceuninck,,,",,",0,12330
17,RR,23 July 2025,Bollène,Valence,160.4,1660,25,46.832,Sprint of small group,Champoussin Clément,https://www.procyclingstats.com/rider/clement-champoussin,1998-05-29,1998,France,1.8,61.0,18.83,Nice,53,finished,71,9117,174,Climber,27,FR,XDS Astana Team,,,",,",0,12330
17,RR,23 July 2025,Bollène,Valence,160.4,1660,25,46.832,Sprint of small group,Wellens Tim,https://www.procyclingstats.com/rider/tim-wellens,1991-05-10,1991,Belgium,1.82,71.0,21.43,Sint-Truiden,54,finished,41,6770,7,GC,34,BE,UAE Team Emirates - XRG,,,",,",0,12330
17,RR,23 July 2025,Bollène,Valence,160.4,1660,25,46.832,Sprint of small group,Sivakov Pavel,https://www.procyclingstats.com/rider/pavel-sivakov,1997-07-11,1997,France,1.88,70.0,19.81,San Donà di Piave Previous nationalities Russia until 2022,55,finished,77,9443,5,GC,28,FR,UAE Team Emirates - XRG,,,",,",0,12330
17,RR,23 July 2025,Bollène,Valence,160.4,1660,25,46.832,Sprint of small group,Politt Nils,https://www.procyclingstats.com/rider/nils-politt,1994-03-06,1994,Germany,1.92,80.0,21.7,Cologne,56,finished,86,10057,4,Classic,31,DE,UAE Team Emirates - XRG,,,",,",0,12330
17,RR,23 July 2025,Bollène,Valence,160.4,1660,25,46.832,Sprint of small group,Berthet Clément,https://www.procyclingstats.com/rider/clement-berthet,1997-08-02,1997,France,1.84,68.0,20.09,Pierre Bénite,57,finished,35,6042,153,Climber,27,FR,Decathlon AG2R La Mondiale Team,,,",,",0,12330
17,RR,23 July 2025,Bollène,Valence,160.4,1660,25,46.832,Sprint of small group,Reinders Elmar,https://www.procyclingstats.com/rider/elmar-reinders,1992-03-14,1992,Netherlands,1.9,78.1,21.63,Emmen,58,finished,141,14171,127,Classic,33,NL,Team Jayco AlUla,,,",,",0,12330
17,RR,23 July 2025,Bollène,Valence,160.4,1660,25,46.832,Sprint of small group,Martin Guillaume,https://www.procyclingstats.com/rider/guillaume-martin,1993-06-09,1993,France,1.73,55.0,18.38,Paris,59,finished,13,2114,91,Climber,32,FR,Groupama - FDJ,,,",,",0,12330
17,RR,23 July 2025,Bollène,Valence,160.4,1660,25,46.832,Sprint of small group,O'Connor Ben,https://www.procyclingstats.com/rider/ben-o-connor,1995-11-25,1995,Australia,1.88,67.0,18.96,Subiaco,60,finished,12,1868,121,GC,29,AU,Team Jayco AlUla,,,",,",0,12330
17,RR,23 July 2025,Bollène,Valence,160.4,1660,25,46.832,Sprint of small group,Meurisse Xandro,https://www.procyclingstats.com/rider/xandro-meurisse,1992-01-31,1992,Belgium,1.81,68.0,20.76,Kortrijk,61,finished,26,4681,104,GC,33,BE,Alpecin - Deceuninck,,,",,",0,12330
17,RR,23 July 2025,Bollène,Valence,160.4,1660,25,46.832,Sprint of small group,Dillier Silvan,https://www.procyclingstats.com/rider/silvan-dillier,1990-08-03,1990,Switzerland,1.83,75.0,22.4,Aarau,62,finished,134,13746,102,Classic,34,CH,Alpecin - Deceuninck,,,",,",0,12330
17,RR,23 July 2025,Bollène,Valence,160.4,1660,25,46.832,Sprint of small group,Asgreen Kasper,https://www.procyclingstats.com/rider/kasper-asgreen,1995-02-08,1995,Denmark,1.93,75.0,20.13,Kolding,63,finished,90,10246,33,TT,30,DK,EF Education - EasyPost,,,",,",0,12330
17,RR,23 July 2025,Bollène,Valence,160.4,1660,25,46.832,Sprint of small group,Berckmoes Jenno,https://www.procyclingstats.com/rider/jenno-berckmoes,2001-02-04,2001,Belgium,1.77,61.0,19.47,Ghent,64,finished,73,9198,212,Classic,24,BE,Lotto,,,",,",0,12330
17,RR,23 July 2025,Bollène,Valence,160.4,1660,25,46.832,Sprint of small group,Grignard Sébastien,https://www.procyclingstats.com/rider/sebastien-grignard,1999-04-29,1999,Belgium,1.79,68.0,21.22,Mons,65,finished,146,14496,215,Classic,26,BE,Lotto,,,",,",0,12330
17,RR,23 July 2025,Bollène,Valence,160.4,1660,25,46.832,Sprint of small group,Higuita Sergio,https://www.procyclingstats.com/rider/sergio-higuita,1997-08-01,1997,Colombia,1.66,57.0,20.69,Medellín,66,finished,19,3297,176,Climber,27,CO,XDS Astana Team,,,",,",0,12330
17,RR,23 July 2025,Bollène,Valence,160.4,1660,25,46.832,Sprint of small group,Kuss Sepp,https://www.procyclingstats.com/rider/sepp-kuss,1994-09-13,1994,United States,1.82,61.0,18.42,Durango,67,finished,15,2879,16,Climber,30,US,Team Visma | Lease a Bike,,,",,",0,12330
17,RR,23 July 2025,Bollène,Valence,160.4,1660,25,46.832,Sprint of small group,Le Berre Mathis,https://www.procyclingstats.com/rider/mathis-le-berre,2001-04-16,2001,France,1.76,68.0,21.95,Saint-Brieuc,68,finished,70,9099,136,Hills,24,FR,Arkéa - B&B Hotels,,,",,",0,12330
17,RR,23 July 2025,Bollène,Valence,160.4,1660,25,46.832,Sprint of small group,Touzé Damien,https://www.procyclingstats.com/rider/damien-touze,1996-07-07,1996,France,1.74,69.0,22.79,Iville,69,finished,96,10488,168,Classic,29,FR,Cofidis,,,",,",0,12330
17,RR,23 July 2025,Bollène,Valence,160.4,1660,25,46.832,Sprint of small group,Mezgec Luka,https://www.procyclingstats.com/rider/luka-mezgec,1988-06-27,1988,Slovenia,1.83,72.0,21.5,Kranj,70,finished,153,14811,125,Hills,37,SI,Team Jayco AlUla,,,",,",0,12330
17,RR,23 July 2025,Bollène,Valence,160.4,1660,25,46.832,Sprint of small group,Narváez Jhonatan,https://www.procyclingstats.com/rider/jhonatan-narvaez,1997-03-04,1997,Ecuador,1.74,65.0,21.47,El Playón de San Francisco,71,finished,16,3124,3,Hills,28,EC,UAE Team Emirates - XRG,,,",,",0,12330
17,RR,23 July 2025,Bollène,Valence,160.4,1660,25,46.832,Sprint of small group,Teuns Dylan,https://www.procyclingstats.com/rider/dylan-teuns,1992-03-01,1992,Belgium,1.81,64.0,19.54,Diest,72,finished,94,10422,166,GC,33,BE,Cofidis,,,",,",0,12330
17,RR,23 July 2025,Bollène,Valence,160.4,1660,25,46.832,Sprint of small group,García Cortina Iván,https://www.procyclingstats.com/rider/ivan-garcia-cortina,1995-11-20,1995,Spain,1.83,77.0,22.99,Gijón,73,finished,117,12563,145,Classic,29,ES,Movistar Team,,,",,",0,12330
17,RR,23 July 2025,Bollène,Valence,160.4,1660,25,46.832,Sprint of small group,Moscon Gianni,https://www.procyclingstats.com/rider/gianni-moscon,1994-04-20,1994,Italy,1.8,71.0,21.91,Trento,74,finished,105,11164,74,Classic,31,IT,Red Bull - BORA - hansgrohe,,,",,",0,12330
17,RR,23 July 2025,Bollène,Valence,160.4,1660,25,46.832,Sprint of small group,Démare Arnaud,https://www.procyclingstats.com/rider/arnaud-demare,1991-08-26,1991,France,1.81,76.0,23.2,Beauvais,75,finished,155,14898,134,Classic,33,FR,Arkéa - B&B Hotels,,,",,",0,12330
17,RR,23 July 2025,Bollène,Valence,160.4,1660,25,46.832,Sprint of small group,García Pierna Raúl,https://www.procyclingstats.com/rider/raul-garcia-pierna,2001-02-23,2001,Spain,1.75,67.0,21.88,Tres Cantos,76,finished,33,5515,135,Climber,24,ES,Arkéa - B&B Hotels,,,",,",0,12330
17,RR,23 July 2025,Bollène,Valence,160.4,1660,25,46.832,Sprint of small group,Capiot Amaury,https://www.procyclingstats.com/rider/amaury-capiot,1993-06-25,1993,Belgium,1.86,69.0,19.94,Tongeren,77,finished,135,13851,132,Classic,32,BE,Arkéa - B&B Hotels,,,",,",0,12330
17,RR,23 July 2025,Bollène,Valence,160.4,1660,25,46.832,Sprint of small group,Sepúlveda Eduardo,https://www.procyclingstats.com/rider/eduardo-sepulveda,1991-06-13,1991,Argentina,1.73,59.0,19.71,Rawson,78,finished,120,12692,216,GC,34,AR,Lotto,,,",,",0,12330
17,RR,23 July 2025,Bollène,Valence,160.4,1660,25,46.832,Sprint of small group,Gradek Kamil,https://www.procyclingstats.com/rider/kamil-gradek,1990-09-17,1990,Poland,1.94,83.0,22.05,Koziegłowy,79,finished,158,15058,53,TT,34,PL,Bahrain - Victorious,,,",,",0,12330
17,RR,23 July 2025,Bollène,Valence,160.4,1660,25,46.832,Sprint of small group,Buchmann Emanuel,https://www.procyclingstats.com/rider/emanuel-buchmann,1992-11-18,1992,Germany,1.8,59.0,18.21,Ravensburg,80,finished,28,5066,161,GC,32,DE,Cofidis,,,",,",0,12330
17,RR,23 July 2025,Bollène,Valence,160.4,1660,25,46.832,Sprint of small group,Burgaudeau Mathieu,https://www.procyclingstats.com/rider/mathieu-burgaudeau,1998-11-17,1998,France,1.68,61.0,21.61,Noirmoutier-en-l'Île,81,finished,50,7527,182,Hills,26,FR,TotalEnergies,,,",,",0,12330
17,RR,23 July 2025,Bollène,Valence,160.4,1660,25,46.832,Sprint of small group,Baudin Alex,https://www.procyclingstats.com/rider/alex-baudin,2001-05-25,2001,France,1.83,64.0,19.11,Albertville,82,finished,48,7297,34,Climber,24,FR,EF Education - EasyPost,,,",,",0,12330
17,RR,23 July 2025,Bollène,Valence,160.4,1660,25,46.832,Sprint of small group,Sweeny Harry,https://www.procyclingstats.com/rider/harry-sweeny,1998-07-09,1998,Australia,1.86,75.0,21.68,Warwick,83,finished,39,6729,36,GC,27,AU,EF Education - EasyPost,,,",,",0,12330
17,RR,23 July 2025,Bollène,Valence,160.4,1660,25,46.832,Sprint of small group,Mayrhofer Marius,https://www.procyclingstats.com/rider/marius-mayrhofer,2000-09-18,2000,Germany,1.82,70.0,21.13,Tübingen,84,finished,83,9837,116,Hills,24,DE,Tudor Pro Cycling Team,,,",,",0,12330
17,RR,23 July 2025,Bollène,Valence,160.4,1660,25,46.832,Sprint of small group,Velasco Simone,https://www.procyclingstats.com/rider/simone-velasco,1995-12-02,1995,Italy,1.7,59.0,20.42,Bologna,85,finished,40,6762,178,Classic,29,IT,XDS Astana Team,,,",,",0,12330
17,RR,23 July 2025,Bollène,Valence,160.4,1660,25,46.832,Sprint of small group,Madouas Valentin,https://www.procyclingstats.com/rider/valentin-madouas,1996-07-12,1996,France,1.79,71.0,22.16,Brest,86,finished,21,3807,95,Classic,29,FR,Groupama - FDJ,,,",,",0,12330
17,RR,23 July 2025,Bollène,Valence,160.4,1660,25,46.832,Sprint of small group,Grégoire Romain,https://www.procyclingstats.com/rider/romain-gregoire,2003-01-21,2003,France,1.76,64.0,20.66,Besançon,87,finished,32,5491,94,Classic,22,FR,Groupama - FDJ,,,",,",0,12330
17,RR,23 July 2025,Bollène,Valence,160.4,1660,25,46.832,Sprint of small group,Valgren Michael,https://www.procyclingstats.com/rider/michael-valgren-andersen,1992-02-07,1992,Denmark,1.79,71.0,22.16,Østerild,88,finished,72,9117,37,Classic,33,DK,EF Education - EasyPost,,,",,",0,12330
17,RR,23 July 2025,Bollène,Valence,160.4,1660,25,46.832,Sprint of small group,Bittner Pavel,https://www.procyclingstats.com/rider/pavel-bittner,2002-10-29,2002,Czech Republic,1.84,73.0,21.56,Olomouc,89,finished,130,13593,193,Sprint,22,CZ,Team Picnic PostNL,,,",,",0,12330
17,RR,23 July 2025,Bollène,Valence,160.4,1660,25,46.832,Sprint of small group,Naberman Tim,https://www.procyclingstats.com/rider/tim-naberman,1999-05-11,1999,Netherlands,1.87,70.0,20.02,Genemuiden,90,finished,128,13387,197,GC,26,NL,Team Picnic PostNL,,,",,",0,12330
17,RR,23 July 2025,Bollène,Valence,160.4,1660,25,46.832,Sprint of small group,Flynn Sean,https://www.procyclingstats.com/rider/sean-flynn,2000-03-02,2000,Great Britain,1.77,67.0,21.39,Edinburgh,91,finished,132,13642,194,GC,25,GB,Team Picnic PostNL,,,",,",0,12330
17,RR,23 July 2025,Bollène,Valence,160.4,1660,25,46.832,Sprint of small group,Märkl Niklas,https://www.procyclingstats.com/rider/niklas-markl,1999-03-03,1999,Germany,1.85,70.0,20.45,Queidersbach,92,finished,110,11804,196,Sprint,26,DE,Team Picnic PostNL,,,",,",0,12330
17,RR,23 July 2025,Bollène,Valence,160.4,1660,25,46.832,Sprint of small group,van den Broek Frank,https://www.procyclingstats.com/rider/frank-van-den-broek,2000-12-28,2000,Netherlands,1.78,70.0,22.09,Warmond,93,finished,55,7807,198,GC,24,NL,Team Picnic PostNL,,,",,",0,12330
17,RR,23 July 2025,Bollène,Valence,160.4,1660,25,46.832,Sprint of small group,Consonni Simone,https://www.procyclingstats.com/rider/simone-consonni,1994-09-12,1994,Italy,1.65,60.0,22.04,Ponte San Pietro,94,finished,163,15355,82,Classic,30,IT,Lidl - Trek,,,",,",0,12330
17,RR,23 July 2025,Bollène,Valence,160.4,1660,25,46.832,Sprint of small group,Jorgenson Matteo,https://www.procyclingstats.com/rider/matteo-jorgenson,1999-07-01,1999,United States,1.9,69.0,19.11,Walnut Creek,95,finished,20,3455,15,GC,26,US,Team Visma | Lease a Bike,,,",,",0,12330
17,RR,23 July 2025,Bollène,Valence,160.4,1660,25,46.832,Sprint of small group,Campenaerts Victor,https://www.procyclingstats.com/rider/victor-campenaerts,1991-10-28,1991,Belgium,1.73,68.0,22.72,Hoboken,96,finished,31,5447,14,TT,33,BE,Team Visma | Lease a Bike,,,",,",0,12330
17,RR,23 July 2025,Bollène,Valence,160.4,1660,25,46.832,Sprint of small group,Roglič Primož,https://www.procyclingstats.com/rider/primoz-roglic,1989-10-29,1989,Slovenia,1.77,65.0,20.75,Trbovlje,97,finished,5,702,71,Climber,35,SI,Red Bull - BORA - hansgrohe,,,",,",0,12330
17,RR,23 July 2025,Bollène,Valence,160.4,1660,25,46.832,Sprint of small group,Johannessen Anders Halland,https://www.procyclingstats.com/rider/anders-halland-johannessen,1999-08-23,1999,Norway,1.76,,,Drøbak,98,finished,102,10824,226,GC,25,NO,Uno-X Mobility,,,",,",0,12330
17,RR,23 July 2025,Bollène,Valence,160.4,1660,25,46.832,Sprint of small group,Verstrynge Emiel,https://www.procyclingstats.com/rider/emiel-verstrynge,2002-02-04,2002,Belgium,1.89,69.0,19.32,Eeklo,99,finished,64,8518,108,Climber,23,BE,Alpecin - Deceuninck,,,",,",0,12330
17,RR,23 July 2025,Bollène,Valence,160.4,1660,25,46.832,Sprint of small group,Durbridge Luke,https://www.procyclingstats.com/rider/luke-durbridge,1991-04-09,1991,Australia,1.87,78.0,22.31,Greenmount,100,finished,136,13886,123,TT,34,AU,Team Jayco AlUla,,,",,",0,12330
17,RR,23 July 2025,Bollène,Valence,160.4,1660,25,46.832,Sprint of small group,Vlasov Aleksandr,https://www.procyclingstats.com/rider/aleksandr-vlasov,1996-04-23,1996,Russia,1.86,68.0,19.66,Vyborg,101,finished,30,5318,78,Climber,29,RU,Red Bull - BORA - hansgrohe,,,",,",0,12330
17,RR,23 July 2025,Bollène,Valence,160.4,1660,25,46.832,Sprint of small group,Aranburu Alex,https://www.procyclingstats.com/rider/alex-aranburu,1995-09-19,1995,Spain,1.78,63.0,19.88,Ezkio-Itsaso,102,finished,74,9232,162,Classic,29,ES,Cofidis,,,",,",0,12330
17,RR,23 July 2025,Bollène,Valence,160.4,1660,25,46.832,Sprint of small group,Barta Will,https://www.procyclingstats.com/rider/william-barta,1996-01-04,1996,United States,1.8,61.0,18.83,Boise,103,finished,104,10999,142,TT,29,US,Movistar Team,,,",,",0,12330
17,RR,23 July 2025,Bollène,Valence,160.4,1660,25,46.832,Sprint of small group,Hirschi Marc,https://www.procyclingstats.com/rider/marc-hirschi,1998-08-24,1998,Switzerland,1.74,61.0,20.15,Bern,104,finished,95,10429,114,Classic,26,CH,Tudor Pro Cycling Team,,,",,",0,12330
17,RR,23 July 2025,Bollène,Valence,160.4,1660,25,46.832,Sprint of small group,Lienhard Fabian,https://www.procyclingstats.com/rider/fabian-lienhard,1993-09-03,1993,Switzerland,1.83,73.0,21.8,Steinmaur,105,finished,162,15236,115,Classic,31,CH,Tudor Pro Cycling Team,,,",,",0,12330
17,RR,23 July 2025,Bollène,Valence,160.4,1660,25,46.832,Sprint of small group,Mas Enric,https://www.procyclingstats.com/rider/enric-mas,1995-01-07,1995,Spain,1.77,61.0,19.47,Artà,106,finished,18,3224,141,Climber,30,ES,Movistar Team,,,",,",0,12330
17,RR,23 July 2025,Bollène,Valence,160.4,1660,25,46.832,Sprint of small group,Haller Marco,https://www.procyclingstats.com/rider/marco-haller,1991-04-01,1991,Austria,1.78,72.0,22.72,Sankt Veit an der Glan,107,finished,87,10094,113,Classic,34,AT,Tudor Pro Cycling Team,,,",,",0,12330
17,RR,23 July 2025,Bollène,Valence,160.4,1660,25,46.832,Sprint of small group,Izagirre Ion,https://www.procyclingstats.com/rider/ion-izagirre,1989-02-04,1989,Spain,1.73,60.0,20.05,Ormaiztegi,108,finished,75,9299,164,GC,36,ES,Cofidis,,,",,",0,12330
17,RR,23 July 2025,Bollène,Valence,160.4,1660,25,46.832,Sprint of small group,Oliveira Nelson,https://www.procyclingstats.com/rider/nelson-oliveira,1989-03-06,1989,Portugal,1.8,67.0,20.68,Anadia,109,finished,68,8945,144,TT,36,PT,Movistar Team,,,",,",0,12330
17,RR,23 July 2025,Bollène,Valence,160.4,1660,25,46.832,Sprint of small group,Yates Simon,https://www.procyclingstats.com/rider/simon-yates,1992-08-07,1992,Great Britain,1.72,58.0,19.61,Bury,110,finished,23,4020,18,Climber,32,GB,Team Visma | Lease a Bike,,,",,",0,12330
17,RR,23 July 2025,Bollène,Valence,160.4,1660,25,46.832,Sprint of small group,Trentin Matteo,https://www.procyclingstats.com/rider/matteo-trentin,1989-08-02,1989,Italy,1.79,74.0,23.1,Borgo Valsugana,111,finished,107,11334,118,Classic,35,IT,Tudor Pro Cycling Team,,,",,",0,12330
17,RR,23 July 2025,Bollène,Valence,160.4,1660,25,46.832,Sprint of small group,Alaphilippe Julian,https://www.procyclingstats.com/rider/julian-alaphilippe,1992-06-11,1992,France,1.73,62.0,20.72,Saint-Amand-Montrond,112,finished,38,6680,111,Classic,33,FR,Tudor Pro Cycling Team,,,",,",0,12330
17,RR,23 July 2025,Bollène,Valence,160.4,1660,25,46.832,Sprint of small group,Powless Neilson,https://www.procyclingstats.com/rider/neilson-powless,1996-09-03,1996,United States,1.83,67.0,20.01,Eglin,113,finished,54,7801,35,Classic,28,US,EF Education - EasyPost,,,",,",0,12330
17,RR,23 July 2025,Bollène,Valence,160.4,1660,25,46.832,Sprint of small group,Hoelgaard Markus,https://www.procyclingstats.com/rider/markus-hoelgaard,1994-10-04,1994,Norway,1.88,74.0,20.94,Stavanger,114,finished,59,8241,225,Classic,30,NO,Uno-X Mobility,,,",,",0,12330
17,RR,23 July 2025,Bollène,Valence,160.4,1660,25,46.832,Sprint of small group,Abrahamsen Jonas,https://www.procyclingstats.com/rider/jonas-abrahamsen,1995-09-20,1995,Norway,1.83,78.0,23.29,Skien,115,finished,80,9506,222,Classic,29,NO,Uno-X Mobility,,,",,",0,12330
17,RR,23 July 2025,Bollène,Valence,160.4,1660,25,46.832,Sprint of small group,Soler Marc,https://www.procyclingstats.com/rider/marc-soler,1993-11-22,1993,Spain,1.86,68.0,19.66,Vilanova i la Geltrú,116,finished,36,6296,6,Climber,31,ES,UAE Team Emirates - XRG,,,",,",0,12330
17,RR,23 July 2025,Bollène,Valence,160.4,1660,25,46.832,Sprint of small group,Buitrago Santiago,https://www.procyclingstats.com/rider/santiago-buitrago-sanchez,1999-09-26,1999,Colombia,1.74,59.0,19.49,Bogotá,117,finished,46,7139,51,Climber,25,CO,Bahrain - Victorious,,,",,",0,12330
17,RR,23 July 2025,Bollène,Valence,160.4,1660,25,46.832,Sprint of small group,Rubio Einer,https://www.procyclingstats.com/rider/einer-rubio,1998-02-22,1998,Colombia,1.64,56.0,20.82,Chíquiza,118,finished,56,7918,148,Climber,27,CO,Movistar Team,,,",,",0,12330
17,RR,23 July 2025,Bollène,Valence,160.4,1660,25,46.832,Sprint of small group,Van Wilder Ilan,https://www.procyclingstats.com/rider/ilan-van-wilder,2000-05-14,2000,Belgium,1.71,64.0,21.89,Jette,119,finished,29,5127,28,GC,25,BE,Soudal Quick-Step,,,",,",0,12330
17,RR,23 July 2025,Bollène,Valence,160.4,1660,25,46.832,Sprint of small group,Scotson Callum,https://www.procyclingstats.com/rider/callum-scotson,1996-08-10,1996,Australia,1.83,77.0,22.99,Campbelltown,120,finished,27,5025,157,GC,28,AU,Decathlon AG2R La Mondiale Team,,,",,",0,12330
17,RR,23 July 2025,Bollène,Valence,160.4,1660,25,46.832,Sprint of small group,Lutsenko Alexey,https://www.procyclingstats.com/rider/aleksey-lutsenko,1992-09-07,1992,Kazakhstan,1.74,74.0,24.44,Petropavl,121,finished,76,9383,206,GC,32,KZ,Israel - Premier Tech,,,",,",0,12330
17,RR,23 July 2025,Bollène,Valence,160.4,1660,25,46.832,Sprint of small group,Stewart Jake,https://www.procyclingstats.com/rider/jake-stewart,1999-10-02,1999,Great Britain,1.79,66.0,20.6,Coventry,122,finished,121,12738,208,Hills,25,GB,Israel - Premier Tech,,,",,",0,12330
17,RR,23 July 2025,Bollène,Valence,160.4,1660,25,46.832,Sprint of small group,Cort Magnus,https://www.procyclingstats.com/rider/magnus-cort-nielsen,1993-01-16,1993,Denmark,1.84,68.0,20.09,Rønne,123,finished,129,13495,223,Hills,32,DK,Uno-X Mobility,,,",,",0,12330
17,RR,23 July 2025,Bollène,Valence,160.4,1660,25,46.832,Sprint of small group,Swift Connor,https://www.procyclingstats.com/rider/connor-swift,1995-10-30,1995,Great Britain,1.9,75.0,20.78,Thorne,124,finished,112,11856,67,Classic,29,GB,INEOS Grenadiers,,,",,",0,12330
17,RR,23 July 2025,Bollène,Valence,160.4,1660,25,46.832,Sprint of small group,Thomas Geraint,https://www.procyclingstats.com/rider/geraint-thomas,1986-05-25,1986,Great Britain,1.83,71.0,21.2,Cardiff,125,finished,49,7526,61,GC,39,GB,INEOS Grenadiers,,,",,",0,12330
17,RR,23 July 2025,Bollène,Valence,160.4,1660,25,46.832,Sprint of small group,Boivin Guillaume,https://www.procyclingstats.com/rider/guillaume-boivin,1989-05-25,1989,Canada,1.8,78.0,24.07,Montreal,126,finished,152,14710,204,Classic,36,CA,Israel - Premier Tech,,,",,",0,12330
17,RR,23 July 2025,Bollène,Valence,160.4,1660,25,46.832,Sprint of small group,Neilands Krists,https://www.procyclingstats.com/rider/krists-neilands,1994-08-18,1994,Latvia,1.89,69.0,19.32,Kuldīga,127,finished,79,9492,207,Classic,30,LV,Israel - Premier Tech,,,",,",0,12330
17,RR,23 July 2025,Bollène,Valence,160.4,1660,25,46.832,Sprint of small group,Louvel Matis,https://www.procyclingstats.com/rider/matis-louvel,1999-07-19,1999,France,1.87,77.0,22.02,Mont Saint Aignan,128,finished,106,11214,205,Classic,26,FR,Israel - Premier Tech,,,",,",0,12330
17,RR,23 July 2025,Bollène,Valence,160.4,1660,25,46.832,Sprint of small group,Ackermann Pascal,https://www.procyclingstats.com/rider/pascal-ackermann,1994-01-17,1994,Germany,1.8,78.0,24.07,Kandel,129,finished,125,13218,202,Sprint,31,DE,Israel - Premier Tech,,,",,",0,12330
17,RR,23 July 2025,Bollène,Valence,160.4,1660,25,46.832,Sprint of small group,Blackmore Joseph,https://www.procyclingstats.com/rider/joseph-blackmore,2003-02-23,2003,Great Britain,1.81,66.0,20.15,Sidcup,130,finished,42,6911,203,GC,22,GB,Israel - Premier Tech,,,",,",0,12330
17,RR,23 July 2025,Bollène,Valence,160.4,1660,25,46.832,Sprint of small group,Pacher Quentin,https://www.procyclingstats.com/rider/quentin-pacher,1992-01-06,1992,France,1.79,62.0,19.35,Libourne,131,finished,37,6508,96,Hills,33,FR,Groupama - FDJ,,,3:15,195,12525
17,RR,23 July 2025,Bollène,Valence,160.4,1660,25,46.832,Sprint of small group,Foss Tobias,https://www.procyclingstats.com/rider/tobias-foss,1997-05-25,1997,Norway,1.84,74.0,21.86,Vingrom,132,finished,85,10046,63,TT,28,NO,INEOS Grenadiers,,,*0:00,0,12330
17,RR,23 July 2025,Bollène,Valence,160.4,1660,25,46.832,Sprint of small group,Albanese Vincenzo,https://www.procyclingstats.com/rider/vincenzo-albanese,1996-11-12,1996,Italy,1.75,70.0,22.86,Oliveto Citra,133,finished,111,11817,32,Hills,28,IT,EF Education - EasyPost,,,3:22,202,12532
17,RR,23 July 2025,Bollène,Valence,160.4,1660,25,46.832,Sprint of small group,Arensman Thymen,https://www.procyclingstats.com/rider/thymen-arensman,1999-12-04,1999,Netherlands,1.9,68.0,18.84,Deil,134,finished,14,2660,62,GC,25,NL,INEOS Grenadiers,,,*0:00,0,12330
17,RR,23 July 2025,Bollène,Valence,160.4,1660,25,46.832,Sprint of small group,Rodríguez Carlos,https://www.procyclingstats.com/rider/carlos-rodriguez-cano,2001-02-02,2001,Spain,1.83,67.0,20.01,Almuñécar,135,finished,10,1245,66,GC,24,ES,INEOS Grenadiers,,,"*,,",0,12330
17,RR,23 July 2025,Bollène,Valence,160.4,1660,25,46.832,Sprint of small group,Yates Adam,https://www.procyclingstats.com/rider/adam-yates,1992-08-07,1992,Great Britain,1.73,58.0,19.38,Bury,136,finished,25,4676,8,Climber,32,GB,UAE Team Emirates - XRG,,,3:22,202,12532
17,RR,23 July 2025,Bollène,Valence,160.4,1660,25,46.832,Sprint of small group,Armirail Bruno,https://www.procyclingstats.com/rider/bruno-armirail,1994-04-11,1994,France,1.9,72.0,19.94,Bagnères-de-Bigorre,137,finished,60,8272,152,TT,31,FR,Decathlon AG2R La Mondiale Team,,,3:35,215,12545
17,RR,23 July 2025,Bollène,Valence,160.4,1660,25,46.832,Sprint of small group,van Aert Wout,https://www.procyclingstats.com/rider/wout-van-aert,1994-09-15,1994,Belgium,1.9,78.0,21.61,Herentals,138,finished,66,8839,17,Classic,30,BE,Team Visma | Lease a Bike,,,",,",215,12545
17,RR,23 July 2025,Bollène,Valence,160.4,1660,25,46.832,Sprint of small group,Woods Michael,https://www.procyclingstats.com/rider/michael-woods,1986-10-12,1986,Canada,1.75,62.0,20.24,Toronto,139,finished,53,7664,201,Climber,38,CA,Israel - Premier Tech,,,",,",215,12545
17,RR,23 July 2025,Bollène,Valence,160.4,1660,25,46.832,Sprint of small group,Costiou Ewen,https://www.procyclingstats.com/rider/ewen-costiou,2002-11-10,2002,France,1.76,64.0,20.66,Brest,140,finished,67,8869,133,GC,22,FR,Arkéa - B&B Hotels,,,",,",215,12545
17,RR,23 July 2025,Bollène,Valence,160.4,1660,25,46.832,Sprint of small group,Edvardsen-Fredheim Stian,https://www.procyclingstats.com/rider/stian-fredheim,2003-03-23,2003,Norway,1.84,72.0,21.27,Kristiansand,141,finished,145,14462,224,Sprint,22,NO,Uno-X Mobility,,,*0:00,0,12330
17,RR,23 July 2025,Bollène,Valence,160.4,1660,25,46.832,Sprint of small group,Leknessund Andreas,https://www.procyclingstats.com/rider/andreas-leknessund,1999-05-21,1999,Norway,1.86,72.0,20.81,Tromsø,142,finished,61,8406,227,GC,26,NO,Uno-X Mobility,,,3:40,220,12550
17,RR,23 July 2025,Bollène,Valence,160.4,1660,25,46.832,Sprint of small group,Schmid Mauro,https://www.procyclingstats.com/rider/mauro-schmid,1999-12-04,1999,Switzerland,1.87,70.0,20.02,Bülach,143,finished,108,11351,128,Hills,25,CH,Team Jayco AlUla,,,",,",220,12550
17,RR,23 July 2025,Bollène,Valence,160.4,1660,25,46.832,Sprint of small group,Rutsch Jonas,https://www.procyclingstats.com/rider/jonas-rutsch,1998-01-24,1998,Germany,1.97,82.0,21.13,Erbach im Odenwald,144,finished,131,13595,46,Classic,27,DE,Intermarché - Wanty,,,*0:00,0,12330
17,RR,23 July 2025,Bollène,Valence,160.4,1660,25,46.832,Sprint of small group,Page Hugo,https://www.procyclingstats.com/rider/hugo-page,2001-07-24,2001,France,1.85,71.0,20.75,Chartres,145,finished,143,14331,44,Classic,23,FR,Intermarché - Wanty,,,"*,,",0,12330
17,RR,23 July 2025,Bollène,Valence,160.4,1660,25,46.832,Sprint of small group,Rex Laurenz,https://www.procyclingstats.com/rider/laurenz-rex,1999-12-15,1999,Belgium,1.93,83.0,22.28,Marburg,146,finished,142,14303,45,Classic,25,BE,Intermarché - Wanty,,,"*,,",0,12330
17,RR,23 July 2025,Bollène,Valence,160.4,1660,25,46.832,Sprint of small group,Simmons Quinn,https://www.procyclingstats.com/rider/quinn-simmons,2001-05-08,2001,United States,1.85,73.0,21.33,Durango,147,finished,52,7628,84,Hills,24,US,Lidl - Trek,,,4:45,285,12615
17,RR,23 July 2025,Bollène,Valence,160.4,1660,25,46.832,Sprint of small group,Nys Thibau,https://www.procyclingstats.com/rider/thibau-nys,2002-11-12,2002,Belgium,1.76,64.0,20.66,Bonheiden,148,finished,116,12287,83,Hills,22,BE,Lidl - Trek,,,",,",285,12615
17,RR,23 July 2025,Bollène,Valence,160.4,1660,25,46.832,Sprint of small group,Skujiņš Toms,https://www.procyclingstats.com/rider/toms-skujins,1991-06-15,1991,Latvia,1.81,72.0,21.98,Sigulda,149,finished,92,10398,86,Classic,34,LV,Lidl - Trek,,,",,",285,12615
17,RR,23 July 2025,Bollène,Valence,160.4,1660,25,46.832,Sprint of small group,Mohorič Matej,https://www.procyclingstats.com/rider/matej-mohoric,1994-10-19,1994,Slovenia,1.86,71.0,20.52,Kranj,150,finished,123,12915,56,Classic,30,SI,Bahrain - Victorious,,,",,",285,12615
17,RR,23 July 2025,Bollène,Valence,160.4,1660,25,46.832,Sprint of small group,Romeo Iván,https://www.procyclingstats.com/rider/ivan-romeo,2003-08-16,2003,Spain,1.93,75.0,20.13,Valladolid,151,finished,109,11390,147,GC,21,ES,Movistar Team,,,",,",285,12615
17,RR,23 July 2025,Bollène,Valence,160.4,1660,25,46.832,Sprint of small group,Askey Lewis,https://www.procyclingstats.com/rider/lewis-askey,2001-05-04,2001,Great Britain,1.87,75.0,21.45,Cannock,152,finished,139,14103,92,Classic,24,GB,Groupama - FDJ,,,*0:00,0,12330
17,RR,23 July 2025,Bollène,Valence,160.4,1660,25,46.832,Sprint of small group,Martinez Lenny,https://www.procyclingstats.com/rider/lenny-martinez,2003-07-11,2003,France,1.68,52.0,18.42,Cannes,153,finished,97,10650,55,Climber,22,FR,Bahrain - Victorious,,,4:45,285,12615
17,RR,23 July 2025,Bollène,Valence,160.4,1660,25,46.832,Sprint of small group,Storer Michael,https://www.procyclingstats.com/rider/michael-storer,1997-02-28,1997,Australia,1.77,63.0,20.11,Perth,154,finished,63,8510,117,Climber,28,AU,Tudor Pro Cycling Team,,,",,",285,12615
17,RR,23 July 2025,Bollène,Valence,160.4,1660,25,46.832,Sprint of small group,Castrillo Pablo,https://www.procyclingstats.com/rider/pablo-castrillo-zapater,2001-01-02,2001,Spain,1.83,74.0,22.1,Jaca,155,finished,113,11932,143,Climber,24,ES,Movistar Team,,,",,",285,12615
17,RR,23 July 2025,Bollène,Valence,160.4,1660,25,46.832,Sprint of small group,Tejada Harold,https://www.procyclingstats.com/rider/harold-tejada,1997-04-27,1997,Colombia,1.8,63.0,19.44,Pitalito,156,finished,44,7099,171,Climber,28,CO,XDS Astana Team,,,",,",285,12615
17,RR,23 July 2025,Bollène,Valence,160.4,1660,25,46.832,Sprint of small group,Schachmann Maximilian,https://www.procyclingstats.com/rider/maximilian-schachmann,1994-01-09,1994,Germany,1.83,71.0,21.2,Berlin,157,finished,69,9042,26,GC,31,DE,Soudal Quick-Step,,,4:57,297,12627
17,RR,23 July 2025,Bollène,Valence,160.4,1660,25,46.832,Sprint of small group,Paret-Peintre Valentin,https://www.procyclingstats.com/rider/valentin-paret-peintre,2001-01-14,2001,France,1.78,52.0,16.41,Annemasse,158,finished,51,7597,25,Climber,24,FR,Soudal Quick-Step,,,",,",297,12627
17,RR,23 July 2025,Bollène,Valence,160.4,1660,25,46.832,Sprint of small group,Thomas Benjamin,https://www.procyclingstats.com/rider/benjamin-thomas-2,1995-09-12,1995,France,1.79,68.0,21.22,Lavaur,159,finished,156,14922,167,TT,29,FR,Cofidis,,,",,",297,12627
17,RR,23 July 2025,Bollène,Valence,160.4,1660,25,46.832,Sprint of small group,Plapp Luke,https://www.procyclingstats.com/rider/luke-plapp,2000-12-25,2000,Australia,1.81,72.0,21.98,Melbourne,160,finished,126,13296,126,GC,24,AU,Team Jayco AlUla,,,5:16,316,12646
17,RR,23 July 2025,Bollène,Valence,160.4,1660,25,46.832,Sprint of small group,Girmay Biniam,https://www.procyclingstats.com/rider/biniam-girmay,2000-04-02,2000,Eritrea,1.84,70.0,20.68,Asmara,161,finished,133,13698,41,Classic,25,ER,Intermarché - Wanty,,,*0:00,0,12330
17,RR,23 July 2025,Bollène,Valence,160.4,1660,25,46.832,Sprint of small group,van Sintmaartensdijk Roel,https://www.procyclingstats.com/rider/roel-van-sintmaartensdijk,2001-05-08,2001,Netherlands,1.97,77.0,19.84,Zuidland,162,finished,161,15198,47,GC,24,NL,Intermarché - Wanty,,,5:24,324,12654
17,RR,23 July 2025,Bollène,Valence,160.4,1660,25,46.832,Sprint of small group,Barré Louis,https://www.procyclingstats.com/rider/louis-barre,2000-04-06,2000,France,1.84,68.0,20.09,Nantes,163,finished,88,10120,42,Classic,25,FR,Intermarché - Wanty,,,",,",324,12654
17,RR,23 July 2025,Bollène,Valence,160.4,1660,25,46.832,Sprint of small group,Barthe Cyril,https://www.procyclingstats.com/rider/cyril-barthe,1996-02-14,1996,France,1.84,70.0,20.68,Sauveterre-de-Béarn,164,finished,78,9484,93,Hills,29,FR,Groupama - FDJ,,,*0:00,0,12330
17,RR,23 July 2025,Bollène,Valence,160.4,1660,25,46.832,Sprint of small group,van Poppel Danny,https://www.procyclingstats.com/rider/danny-van-poppel,1993-07-26,1993,Netherlands,1.84,82.0,24.22,Moergestel,,DNS,,,77,Sprint,31,NL,Red Bull - BORA - hansgrohe,,,,,
18,RR,24 July 2025,Vif,Courchevel (Col de la Loze),171.5,5642,414,33.873,15.8 km solo,O'Connor Ben,https://www.procyclingstats.com/rider/ben-o-connor,1995-11-25,1995,Australia,1.88,67.0,18.96,Subiaco,1,finished,10,1759,121,GC,29,AU,Team Jayco AlUla,210.0,100.0,5:03:47,0,18227
18,RR,24 July 2025,Vif,Courchevel (Col de la Loze),171.5,5642,414,33.873,15.8 km solo,Pogačar Tadej,https://www.procyclingstats.com/rider/tadej-pogacar,1998-09-21,1998,Slovenia,1.76,66.0,21.31,Klanec,2,finished,1,0,1,Climber,26,SI,UAE Team Emirates - XRG,150.0,70.0,1:45,105,18332
18,RR,24 July 2025,Vif,Courchevel (Col de la Loze),171.5,5642,414,33.873,15.8 km solo,Vingegaard Jonas,https://www.procyclingstats.com/rider/jonas-vingegaard,1996-12-10,1996,Denmark,1.75,58.0,18.94,Hillerslev,3,finished,2,266,11,GC,28,DK,Team Visma | Lease a Bike,110.0,50.0,1:54,114,18341
18,RR,24 July 2025,Vif,Courchevel (Col de la Loze),171.5,5642,414,33.873,15.8 km solo,Onley Oscar,https://www.procyclingstats.com/rider/oscar-onley,2002-10-13,2002,Great Britain,1.73,62.0,20.72,Kelso,4,finished,4,683,191,GC,22,GB,Team Picnic PostNL,90.0,40.0,1:58,118,18345
18,RR,24 July 2025,Vif,Courchevel (Col de la Loze),171.5,5642,414,33.873,15.8 km solo,Rubio Einer,https://www.procyclingstats.com/rider/einer-rubio,1998-02-22,1998,Colombia,1.64,56.0,20.82,Chíquiza,5,finished,36,7939,148,Climber,27,CO,Movistar Team,70.0,32.0,2:00,120,18347
18,RR,24 July 2025,Vif,Courchevel (Col de la Loze),171.5,5642,414,33.873,15.8 km solo,Gall Felix,https://www.procyclingstats.com/rider/felix-gall,1998-02-27,1998,Austria,1.8,66.0,20.37,Nußdorf-Debant,6,finished,6,936,151,Climber,27,AT,Decathlon AG2R La Mondiale Team,55.0,26.0,2:25,145,18372
18,RR,24 July 2025,Vif,Courchevel (Col de la Loze),171.5,5642,414,33.873,15.8 km solo,Roglič Primož,https://www.procyclingstats.com/rider/primoz-roglic,1989-10-29,1989,Slovenia,1.77,65.0,20.75,Trbovlje,7,finished,5,769,71,Climber,35,SI,Red Bull - BORA - hansgrohe,45.0,22.0,2:46,166,18393
18,RR,24 July 2025,Vif,Courchevel (Col de la Loze),171.5,5642,414,33.873,15.8 km solo,Yates Adam,https://www.procyclingstats.com/rider/adam-yates,1992-08-07,1992,Great Britain,1.73,58.0,19.38,Bury,8,finished,20,4760,8,Climber,32,GB,UAE Team Emirates - XRG,40.0,18.0,3:03,183,18410
18,RR,24 July 2025,Vif,Courchevel (Col de la Loze),171.5,5642,414,33.873,15.8 km solo,Johannessen Tobias Halland,https://www.procyclingstats.com/rider/tobias-halland-johannessen,1999-08-23,1999,Norway,1.76,62.0,20.02,Drøbak,9,finished,8,1111,221,Climber,25,NO,Uno-X Mobility,35.0,14.0,3:09,189,18416
18,RR,24 July 2025,Vif,Courchevel (Col de la Loze),171.5,5642,414,33.873,15.8 km solo,Kuss Sepp,https://www.procyclingstats.com/rider/sepp-kuss,1994-09-13,1994,United States,1.82,61.0,18.42,Durango,10,finished,12,2986,16,Climber,30,US,Team Visma | Lease a Bike,30.0,10.0,3:26,206,18433
18,RR,24 July 2025,Vif,Courchevel (Col de la Loze),171.5,5642,414,33.873,15.8 km solo,Lipowitz Florian,https://www.procyclingstats.com/rider/florian-lipowitz,2000-09-21,2000,Germany,1.81,68.0,20.76,Laichingen,11,finished,3,661,72,GC,24,DE,Red Bull - BORA - hansgrohe,25.0,8.0,3:37,217,18444
18,RR,24 July 2025,Vif,Courchevel (Col de la Loze),171.5,5642,414,33.873,15.8 km solo,Vauquelin Kévin,https://www.procyclingstats.com/rider/kevin-vauquelin,2001-04-26,2001,France,1.76,69.0,22.28,Bayeux,12,finished,7,975,131,GC,24,FR,Arkéa - B&B Hotels,20.0,6.0,4:34,274,18501
18,RR,24 July 2025,Vif,Courchevel (Col de la Loze),171.5,5642,414,33.873,15.8 km solo,Narváez Jhonatan,https://www.procyclingstats.com/rider/jhonatan-narvaez,1997-03-04,1997,Ecuador,1.74,65.0,21.47,El Playón de San Francisco,13,finished,14,3482,3,Hills,28,EC,UAE Team Emirates - XRG,15.0,4.0,7:37,457,18684
18,RR,24 July 2025,Vif,Courchevel (Col de la Loze),171.5,5642,414,33.873,15.8 km solo,Higuita Sergio,https://www.procyclingstats.com/rider/sergio-higuita,1997-08-01,1997,Colombia,1.66,57.0,20.69,Medellín,14,finished,15,3691,176,Climber,27,CO,XDS Astana Team,10.0,2.0,8:13,493,18720
18,RR,24 July 2025,Vif,Courchevel (Col de la Loze),171.5,5642,414,33.873,15.8 km solo,Storer Michael,https://www.procyclingstats.com/rider/michael-storer,1997-02-28,1997,Australia,1.77,63.0,20.11,Perth,15,finished,41,8904,117,Climber,28,AU,Tudor Pro Cycling Team,5.0,1.0,",,",493,18720
18,RR,24 July 2025,Vif,Courchevel (Col de la Loze),171.5,5642,414,33.873,15.8 km solo,Yates Simon,https://www.procyclingstats.com/rider/simon-yates,1992-08-07,1992,Great Britain,1.72,58.0,19.61,Bury,16,finished,18,4414,18,Climber,32,GB,Team Visma | Lease a Bike,,,",,",493,18720
18,RR,24 July 2025,Vif,Courchevel (Col de la Loze),171.5,5642,414,33.873,15.8 km solo,Healy Ben,https://www.procyclingstats.com/rider/ben-healy,2000-09-11,2000,Ireland,1.75,62.0,20.24,Kingswinford Previous nationalities Great Britain until 2016,17,finished,9,1541,31,Climber,24,IE,EF Education - EasyPost,,,9:28,568,18795
18,RR,24 July 2025,Vif,Courchevel (Col de la Loze),171.5,5642,414,33.873,15.8 km solo,Buitrago Santiago,https://www.procyclingstats.com/rider/santiago-buitrago-sanchez,1999-09-26,1999,Colombia,1.74,59.0,19.49,Bogotá,18,finished,32,7628,51,Climber,25,CO,Bahrain - Victorious,,,9:48,588,18815
18,RR,24 July 2025,Vif,Courchevel (Col de la Loze),171.5,5642,414,33.873,15.8 km solo,Arensman Thymen,https://www.procyclingstats.com/rider/thymen-arensman,1999-12-04,1999,Netherlands,1.9,68.0,18.84,Deil,19,finished,13,3169,62,GC,25,NL,INEOS Grenadiers,,,10:08,608,18835
18,RR,24 July 2025,Vif,Courchevel (Col de la Loze),171.5,5642,414,33.873,15.8 km solo,Jegat Jordan,https://www.procyclingstats.com/rider/jordan-jegat,1999-06-07,1999,France,1.76,59.0,19.05,Vannes,20,finished,11,1971,186,Climber,26,FR,TotalEnergies,,,11:20,680,18907
18,RR,24 July 2025,Vif,Courchevel (Col de la Loze),171.5,5642,414,33.873,15.8 km solo,Meurisse Xandro,https://www.procyclingstats.com/rider/xandro-meurisse,1992-01-31,1992,Belgium,1.81,68.0,20.76,Kortrijk,21,finished,24,5301,104,GC,33,BE,Alpecin - Deceuninck,,,11:59,719,18946
18,RR,24 July 2025,Vif,Courchevel (Col de la Loze),171.5,5642,414,33.873,15.8 km solo,Mühlberger Gregor,https://www.procyclingstats.com/rider/gregor-muhlberger,1994-04-04,1994,Austria,1.8,64.0,19.75,Haidershofen,22,finished,23,4917,146,GC,31,AT,Movistar Team,,,",,",719,18946
18,RR,24 July 2025,Vif,Courchevel (Col de la Loze),171.5,5642,414,33.873,15.8 km solo,Barguil Warren,https://www.procyclingstats.com/rider/warren-barguil,1991-10-28,1991,France,1.83,61.0,18.21,Hennebont,23,finished,21,4769,192,Climber,33,FR,Team Picnic PostNL,,,14:18,858,19085
18,RR,24 July 2025,Vif,Courchevel (Col de la Loze),171.5,5642,414,33.873,15.8 km solo,Madouas Valentin,https://www.procyclingstats.com/rider/valentin-madouas,1996-07-12,1996,France,1.79,71.0,22.16,Brest,24,finished,19,4579,95,Classic,29,FR,Groupama - FDJ,,,14:31,871,19098
18,RR,24 July 2025,Vif,Courchevel (Col de la Loze),171.5,5642,414,33.873,15.8 km solo,Jorgenson Matteo,https://www.procyclingstats.com/rider/matteo-jorgenson,1999-07-01,1999,United States,1.9,69.0,19.11,Walnut Creek,25,finished,17,4381,15,GC,26,US,Team Visma | Lease a Bike,,,17:05,1025,19252
18,RR,24 July 2025,Vif,Courchevel (Col de la Loze),171.5,5642,414,33.873,15.8 km solo,Vlasov Aleksandr,https://www.procyclingstats.com/rider/aleksandr-vlasov,1996-04-23,1996,Russia,1.86,68.0,19.66,Vyborg,26,finished,25,6501,78,Climber,29,RU,Red Bull - BORA - hansgrohe,,,21:22,1282,19509
18,RR,24 July 2025,Vif,Courchevel (Col de la Loze),171.5,5642,414,33.873,15.8 km solo,Soler Marc,https://www.procyclingstats.com/rider/marc-soler,1993-11-22,1993,Spain,1.86,68.0,19.66,Vilanova i la Geltrú,27,finished,31,7613,6,Climber,31,ES,UAE Team Emirates - XRG,,,23:36,1416,19643
18,RR,24 July 2025,Vif,Courchevel (Col de la Loze),171.5,5642,414,33.873,15.8 km solo,Baudin Alex,https://www.procyclingstats.com/rider/alex-baudin,2001-05-25,2001,France,1.83,64.0,19.11,Albertville,28,finished,39,8855,34,Climber,24,FR,EF Education - EasyPost,,,27:37,1657,19884
18,RR,24 July 2025,Vif,Courchevel (Col de la Loze),171.5,5642,414,33.873,15.8 km solo,Armirail Bruno,https://www.procyclingstats.com/rider/bruno-armirail,1994-04-11,1994,France,1.9,72.0,19.94,Bagnères-de-Bigorre,29,finished,55,9830,152,TT,31,FR,Decathlon AG2R La Mondiale Team,,,",,",1657,19884
18,RR,24 July 2025,Vif,Courchevel (Col de la Loze),171.5,5642,414,33.873,15.8 km solo,Sweeny Harry,https://www.procyclingstats.com/rider/harry-sweeny,1998-07-09,1998,Australia,1.86,75.0,21.68,Warwick,30,finished,37,8339,36,GC,27,AU,EF Education - EasyPost,,,28:29,1709,19936
18,RR,24 July 2025,Vif,Courchevel (Col de la Loze),171.5,5642,414,33.873,15.8 km solo,Johannessen Anders Halland,https://www.procyclingstats.com/rider/anders-halland-johannessen,1999-08-23,1999,Norway,1.76,,,Drøbak,31,finished,88,12440,226,GC,25,NO,Uno-X Mobility,,,28:35,1715,19942
18,RR,24 July 2025,Vif,Courchevel (Col de la Loze),171.5,5642,414,33.873,15.8 km solo,Rodríguez Cristián,https://www.procyclingstats.com/rider/cristian-rodriguez,1995-03-03,1995,Spain,1.78,59.0,18.62,El Ejido,32,finished,22,4850,137,GC,30,ES,Arkéa - B&B Hotels,,,29:05,1745,19972
18,RR,24 July 2025,Vif,Courchevel (Col de la Loze),171.5,5642,414,33.873,15.8 km solo,Martin Guillaume,https://www.procyclingstats.com/rider/guillaume-martin,1993-06-09,1993,France,1.73,55.0,18.38,Paris,33,finished,16,3762,91,Climber,32,FR,Groupama - FDJ,,,29:07,1747,19974
18,RR,24 July 2025,Vif,Courchevel (Col de la Loze),171.5,5642,414,33.873,15.8 km solo,Campenaerts Victor,https://www.procyclingstats.com/rider/victor-campenaerts,1991-10-28,1991,Belgium,1.73,68.0,22.72,Hoboken,34,finished,26,7143,14,TT,33,BE,Team Visma | Lease a Bike,,,29:55,1795,20022
18,RR,24 July 2025,Vif,Courchevel (Col de la Loze),171.5,5642,414,33.873,15.8 km solo,Costiou Ewen,https://www.procyclingstats.com/rider/ewen-costiou,2002-11-10,2002,France,1.76,64.0,20.66,Brest,35,finished,62,10674,133,GC,22,FR,Arkéa - B&B Hotels,,,31:44,1904,20131
18,RR,24 July 2025,Vif,Courchevel (Col de la Loze),171.5,5642,414,33.873,15.8 km solo,Berthet Clément,https://www.procyclingstats.com/rider/clement-berthet,1997-08-02,1997,France,1.84,68.0,20.09,Pierre Bénite,36,finished,35,7867,153,Climber,27,FR,Decathlon AG2R La Mondiale Team,,,32:04,1924,20151
18,RR,24 July 2025,Vif,Courchevel (Col de la Loze),171.5,5642,414,33.873,15.8 km solo,Le Berre Mathis,https://www.procyclingstats.com/rider/mathis-le-berre,2001-04-16,2001,France,1.76,68.0,21.95,Saint-Brieuc,37,finished,65,10981,136,Hills,24,FR,Arkéa - B&B Hotels,,,33:01,1981,20208
18,RR,24 July 2025,Vif,Courchevel (Col de la Loze),171.5,5642,414,33.873,15.8 km solo,Benoot Tiesj,https://www.procyclingstats.com/rider/tiesj-benoot,1994-03-11,1994,Belgium,1.9,72.0,19.94,Ghent,38,finished,45,9099,13,Classic,31,BE,Team Visma | Lease a Bike,,,33:23,2003,20230
18,RR,24 July 2025,Vif,Courchevel (Col de la Loze),171.5,5642,414,33.873,15.8 km solo,Sivakov Pavel,https://www.procyclingstats.com/rider/pavel-sivakov,1997-07-11,1997,France,1.88,70.0,19.81,San Donà di Piave Previous nationalities Russia until 2022,39,finished,72,11347,5,GC,28,FR,UAE Team Emirates - XRG,,,",,",2003,20230
18,RR,24 July 2025,Vif,Courchevel (Col de la Loze),171.5,5642,414,33.873,15.8 km solo,Hirschi Marc,https://www.procyclingstats.com/rider/marc-hirschi,1998-08-24,1998,Switzerland,1.74,61.0,20.15,Bern,40,finished,87,12333,114,Classic,26,CH,Tudor Pro Cycling Team,,,",,",2003,20230
18,RR,24 July 2025,Vif,Courchevel (Col de la Loze),171.5,5642,414,33.873,15.8 km solo,Simmons Quinn,https://www.procyclingstats.com/rider/quinn-simmons,2001-05-08,2001,United States,1.85,73.0,21.33,Durango,41,finished,50,9532,84,Hills,24,US,Lidl - Trek,,,",,",2003,20230
18,RR,24 July 2025,Vif,Courchevel (Col de la Loze),171.5,5642,414,33.873,15.8 km solo,Thomas Geraint,https://www.procyclingstats.com/rider/geraint-thomas,1986-05-25,1986,Great Britain,1.83,71.0,21.2,Cardiff,42,finished,48,9437,61,GC,39,GB,INEOS Grenadiers,,,33:30,2010,20237
18,RR,24 July 2025,Vif,Courchevel (Col de la Loze),171.5,5642,414,33.873,15.8 km solo,Foss Tobias,https://www.procyclingstats.com/rider/tobias-foss,1997-05-25,1997,Norway,1.84,74.0,21.86,Vingrom,43,finished,80,11964,63,TT,28,NO,INEOS Grenadiers,,,33:37,2017,20244
18,RR,24 July 2025,Vif,Courchevel (Col de la Loze),171.5,5642,414,33.873,15.8 km solo,García Pierna Raúl,https://www.procyclingstats.com/rider/raul-garcia-pierna,2001-02-23,2001,Spain,1.75,67.0,21.88,Tres Cantos,44,finished,30,7445,135,Climber,24,ES,Arkéa - B&B Hotels,,,33:49,2029,20256
18,RR,24 July 2025,Vif,Courchevel (Col de la Loze),171.5,5642,414,33.873,15.8 km solo,Lutsenko Alexey,https://www.procyclingstats.com/rider/aleksey-lutsenko,1992-09-07,1992,Kazakhstan,1.74,74.0,24.44,Petropavl,45,finished,71,11313,206,GC,32,KZ,Israel - Premier Tech,,,",,",2029,20256
18,RR,24 July 2025,Vif,Courchevel (Col de la Loze),171.5,5642,414,33.873,15.8 km solo,Powless Neilson,https://www.procyclingstats.com/rider/neilson-powless,1996-09-03,1996,United States,1.83,67.0,20.01,Eglin,46,finished,54,9817,35,Classic,28,US,EF Education - EasyPost,,,35:15,2115,20342
18,RR,24 July 2025,Vif,Courchevel (Col de la Loze),171.5,5642,414,33.873,15.8 km solo,van den Broek Frank,https://www.procyclingstats.com/rider/frank-van-den-broek,2000-12-28,2000,Netherlands,1.78,70.0,22.09,Warmond,47,finished,56,9838,198,GC,24,NL,Team Picnic PostNL,,,35:30,2130,20357
18,RR,24 July 2025,Vif,Courchevel (Col de la Loze),171.5,5642,414,33.873,15.8 km solo,Oliveira Nelson,https://www.procyclingstats.com/rider/nelson-oliveira,1989-03-06,1989,Portugal,1.8,67.0,20.68,Anadia,48,finished,66,10993,144,TT,36,PT,Movistar Team,,,35:47,2147,20374
18,RR,24 July 2025,Vif,Courchevel (Col de la Loze),171.5,5642,414,33.873,15.8 km solo,Tejada Harold,https://www.procyclingstats.com/rider/harold-tejada,1997-04-27,1997,Colombia,1.8,63.0,19.44,Pitalito,49,finished,47,9153,171,Climber,28,CO,XDS Astana Team,,,35:53,2153,20380
18,RR,24 July 2025,Vif,Courchevel (Col de la Loze),171.5,5642,414,33.873,15.8 km solo,Tronchon Bastien,https://www.procyclingstats.com/rider/bastien-tronchon,2002-03-29,2002,France,1.85,72.0,21.04,Chambéry,50,finished,85,12249,158,Classic,23,FR,Decathlon AG2R La Mondiale Team,,,",,",2153,20380
18,RR,24 July 2025,Vif,Courchevel (Col de la Loze),171.5,5642,414,33.873,15.8 km solo,Barré Louis,https://www.procyclingstats.com/rider/louis-barre,2000-04-06,2000,France,1.84,68.0,20.09,Nantes,51,finished,82,12174,42,Classic,25,FR,Intermarché - Wanty,,,",,",2153,20380
18,RR,24 July 2025,Vif,Courchevel (Col de la Loze),171.5,5642,414,33.873,15.8 km solo,Blackmore Joseph,https://www.procyclingstats.com/rider/joseph-blackmore,2003-02-23,2003,Great Britain,1.81,66.0,20.15,Sidcup,52,finished,43,8970,203,GC,22,GB,Israel - Premier Tech,,,35:58,2158,20385
18,RR,24 July 2025,Vif,Courchevel (Col de la Loze),171.5,5642,414,33.873,15.8 km solo,Russo Clément,https://www.procyclingstats.com/rider/clement-russo,1995-01-20,1995,France,1.87,74.0,21.16,Lyon,53,finished,89,12464,98,Classic,30,FR,Groupama - FDJ,,,36:05,2165,20392
18,RR,24 July 2025,Vif,Courchevel (Col de la Loze),171.5,5642,414,33.873,15.8 km solo,Pacher Quentin,https://www.procyclingstats.com/rider/quentin-pacher,1992-01-06,1992,France,1.79,62.0,19.35,Libourne,54,finished,38,8574,96,Hills,33,FR,Groupama - FDJ,,,",,",2165,20392
18,RR,24 July 2025,Vif,Courchevel (Col de la Loze),171.5,5642,414,33.873,15.8 km solo,Valgren Michael,https://www.procyclingstats.com/rider/michael-valgren-andersen,1992-02-07,1992,Denmark,1.79,71.0,22.16,Østerild,55,finished,69,11183,37,Classic,33,DK,EF Education - EasyPost,,,",,",2165,20392
18,RR,24 July 2025,Vif,Courchevel (Col de la Loze),171.5,5642,414,33.873,15.8 km solo,Paret-Peintre Aurélien,https://www.procyclingstats.com/rider/aurelien-paret-peintre,1996-02-27,1996,France,1.84,64.0,18.9,Annemasse,56,finished,33,7652,156,GC,29,FR,Decathlon AG2R La Mondiale Team,,,36:18,2178,20405
18,RR,24 July 2025,Vif,Courchevel (Col de la Loze),171.5,5642,414,33.873,15.8 km solo,Dillier Silvan,https://www.procyclingstats.com/rider/silvan-dillier,1990-08-03,1990,Switzerland,1.83,75.0,22.4,Aarau,57,finished,126,15827,102,Classic,34,CH,Alpecin - Deceuninck,,,36:20,2180,20407
18,RR,24 July 2025,Vif,Courchevel (Col de la Loze),171.5,5642,414,33.873,15.8 km solo,Politt Nils,https://www.procyclingstats.com/rider/nils-politt,1994-03-06,1994,Germany,1.92,80.0,21.7,Cologne,58,finished,81,12138,4,Classic,31,DE,UAE Team Emirates - XRG,,,",,",2180,20407
18,RR,24 July 2025,Vif,Courchevel (Col de la Loze),171.5,5642,414,33.873,15.8 km solo,Buchmann Emanuel,https://www.procyclingstats.com/rider/emanuel-buchmann,1992-11-18,1992,Germany,1.8,59.0,18.21,Ravensburg,59,finished,27,7147,161,GC,32,DE,Cofidis,,,",,",2180,20407
18,RR,24 July 2025,Vif,Courchevel (Col de la Loze),171.5,5642,414,33.873,15.8 km solo,Verstrynge Emiel,https://www.procyclingstats.com/rider/emiel-verstrynge,2002-02-04,2002,Belgium,1.89,69.0,19.32,Eeklo,60,finished,60,10601,108,Climber,23,BE,Alpecin - Deceuninck,,,36:22,2182,20409
18,RR,24 July 2025,Vif,Courchevel (Col de la Loze),171.5,5642,414,33.873,15.8 km solo,Van Wilder Ilan,https://www.procyclingstats.com/rider/ilan-van-wilder,2000-05-14,2000,Belgium,1.71,64.0,21.89,Jette,61,finished,29,7210,28,GC,25,BE,Soudal Quick-Step,,,",,",2182,20409
18,RR,24 July 2025,Vif,Courchevel (Col de la Loze),171.5,5642,414,33.873,15.8 km solo,Venturini Clément,https://www.procyclingstats.com/rider/clement-venturini,1993-10-16,1993,France,1.65,60.0,22.04,Villeurbanne,62,finished,44,9012,138,Classic,31,FR,Arkéa - B&B Hotels,,,",,",2182,20409
18,RR,24 July 2025,Vif,Courchevel (Col de la Loze),171.5,5642,414,33.873,15.8 km solo,Wellens Tim,https://www.procyclingstats.com/rider/tim-wellens,1991-05-10,1991,Belgium,1.82,71.0,21.43,Sint-Truiden,63,finished,40,8884,7,GC,34,BE,UAE Team Emirates - XRG,,,36:53,2213,20440
18,RR,24 July 2025,Vif,Courchevel (Col de la Loze),171.5,5642,414,33.873,15.8 km solo,Champoussin Clément,https://www.procyclingstats.com/rider/clement-champoussin,1998-05-29,1998,France,1.8,61.0,18.83,Nice,64,finished,70,11242,174,Climber,27,FR,XDS Astana Team,,,37:04,2224,20451
18,RR,24 July 2025,Vif,Courchevel (Col de la Loze),171.5,5642,414,33.873,15.8 km solo,Delettre Alexandre,https://www.procyclingstats.com/rider/alexandre-delettre,1997-10-25,1997,France,1.7,62.0,21.45,Gonesse,65,finished,58,10141,183,Classic,27,FR,TotalEnergies,,,",,",2224,20451
18,RR,24 July 2025,Vif,Courchevel (Col de la Loze),171.5,5642,414,33.873,15.8 km solo,Rickaert Jonas,https://www.procyclingstats.com/rider/jonas-rickaert,1994-02-07,1994,Belgium,1.9,88.0,24.38,Sint-Eloois-Vijve,66,finished,95,12872,105,Classic,31,BE,Alpecin - Deceuninck,-25.0,,37:07,2227,20454
18,RR,24 July 2025,Vif,Courchevel (Col de la Loze),171.5,5642,414,33.873,15.8 km solo,Naesen Oliver,https://www.procyclingstats.com/rider/oliver-naesen,1990-09-16,1990,Belgium,1.84,74.0,21.86,Oostende,67,finished,77,11821,155,Classic,34,BE,Decathlon AG2R La Mondiale Team,,,",,",2227,20454
18,RR,24 July 2025,Vif,Courchevel (Col de la Loze),171.5,5642,414,33.873,15.8 km solo,Abrahamsen Jonas,https://www.procyclingstats.com/rider/jonas-abrahamsen,1995-09-20,1995,Norway,1.83,78.0,23.29,Skien,68,finished,76,11634,222,Classic,29,NO,Uno-X Mobility,,,",,",2227,20454
18,RR,24 July 2025,Vif,Courchevel (Col de la Loze),171.5,5642,414,33.873,15.8 km solo,Vermeersch Gianni,https://www.procyclingstats.com/rider/gianni-vermeersch,1992-11-19,1992,Belgium,1.73,68.0,22.72,Roeselare,69,finished,98,13097,107,Classic,32,BE,Alpecin - Deceuninck,,,",,",2227,20454
18,RR,24 July 2025,Vif,Courchevel (Col de la Loze),171.5,5642,414,33.873,15.8 km solo,Vercher Mattéo,https://www.procyclingstats.com/rider/matheo-vercher,2001-01-26,2001,France,1.71,,,Lyon,70,finished,131,16081,188,Hills,24,FR,TotalEnergies,,,37:11,2231,20458
18,RR,24 July 2025,Vif,Courchevel (Col de la Loze),171.5,5642,414,33.873,15.8 km solo,Schachmann Maximilian,https://www.procyclingstats.com/rider/maximilian-schachmann,1994-01-09,1994,Germany,1.83,71.0,21.2,Berlin,71,finished,68,11181,26,GC,31,DE,Soudal Quick-Step,,,37:18,2238,20465
18,RR,24 July 2025,Vif,Courchevel (Col de la Loze),171.5,5642,414,33.873,15.8 km solo,Burgaudeau Mathieu,https://www.procyclingstats.com/rider/mathieu-burgaudeau,1998-11-17,1998,France,1.68,61.0,21.61,Noirmoutier-en-l'Île,72,finished,51,9666,182,Hills,26,FR,TotalEnergies,,,",,",2238,20465
18,RR,24 July 2025,Vif,Courchevel (Col de la Loze),171.5,5642,414,33.873,15.8 km solo,Izagirre Ion,https://www.procyclingstats.com/rider/ion-izagirre,1989-02-04,1989,Spain,1.73,60.0,20.05,Ormaiztegi,73,finished,73,11438,164,GC,36,ES,Cofidis,,,",,",2238,20465
18,RR,24 July 2025,Vif,Courchevel (Col de la Loze),171.5,5642,414,33.873,15.8 km solo,Woods Michael,https://www.procyclingstats.com/rider/michael-woods,1986-10-12,1986,Canada,1.75,62.0,20.24,Toronto,74,finished,53,9812,201,Climber,38,CA,Israel - Premier Tech,,,37:27,2247,20474
18,RR,24 July 2025,Vif,Courchevel (Col de la Loze),171.5,5642,414,33.873,15.8 km solo,Leknessund Andreas,https://www.procyclingstats.com/rider/andreas-leknessund,1999-05-21,1999,Norway,1.86,72.0,20.81,Tromsø,75,finished,59,10562,227,GC,26,NO,Uno-X Mobility,,,37:35,2255,20482
18,RR,24 July 2025,Vif,Courchevel (Col de la Loze),171.5,5642,414,33.873,15.8 km solo,Teunissen Mike,https://www.procyclingstats.com/rider/mike-teunissen,1992-08-25,1992,Netherlands,1.84,73.0,21.56,Ysselsteyn,76,finished,83,12176,177,Classic,32,NL,XDS Astana Team,,,37:45,2265,20492
18,RR,24 July 2025,Vif,Courchevel (Col de la Loze),171.5,5642,414,33.873,15.8 km solo,Scotson Callum,https://www.procyclingstats.com/rider/callum-scotson,1996-08-10,1996,Australia,1.83,77.0,22.99,Campbelltown,77,finished,28,7194,157,GC,28,AU,Decathlon AG2R La Mondiale Team,,,37:48,2268,20495
18,RR,24 July 2025,Vif,Courchevel (Col de la Loze),171.5,5642,414,33.873,15.8 km solo,Schmid Mauro,https://www.procyclingstats.com/rider/mauro-schmid,1999-12-04,1999,Switzerland,1.87,70.0,20.02,Bülach,78,finished,103,13520,128,Hills,25,CH,Team Jayco AlUla,,,",,",2268,20495
18,RR,24 July 2025,Vif,Courchevel (Col de la Loze),171.5,5642,414,33.873,15.8 km solo,Laurance Axel,https://www.procyclingstats.com/rider/axel-laurance,2001-04-13,2001,France,1.79,63.0,19.66,Calan,79,finished,57,10111,65,Hills,24,FR,INEOS Grenadiers,,,37:59,2279,20506
18,RR,24 July 2025,Vif,Courchevel (Col de la Loze),171.5,5642,414,33.873,15.8 km solo,Paret-Peintre Valentin,https://www.procyclingstats.com/rider/valentin-paret-peintre,2001-01-14,2001,France,1.78,52.0,16.41,Annemasse,80,finished,52,9796,25,Climber,24,FR,Soudal Quick-Step,,,38:18,2298,20525
18,RR,24 July 2025,Vif,Courchevel (Col de la Loze),171.5,5642,414,33.873,15.8 km solo,Louvel Matis,https://www.procyclingstats.com/rider/matis-louvel,1999-07-19,1999,France,1.87,77.0,22.02,Mont Saint Aignan,81,finished,102,13420,205,Classic,26,FR,Israel - Premier Tech,,,38:25,2305,20532
18,RR,24 July 2025,Vif,Courchevel (Col de la Loze),171.5,5642,414,33.873,15.8 km solo,Plapp Luke,https://www.procyclingstats.com/rider/luke-plapp,2000-12-25,2000,Australia,1.81,72.0,21.98,Melbourne,82,finished,122,15502,126,GC,24,AU,Team Jayco AlUla,,,",,",2305,20532
18,RR,24 July 2025,Vif,Courchevel (Col de la Loze),171.5,5642,414,33.873,15.8 km solo,Rutsch Jonas,https://www.procyclingstats.com/rider/jonas-rutsch,1998-01-24,1998,Germany,1.97,82.0,21.13,Erbach im Odenwald,83,finished,125,15812,46,Classic,27,DE,Intermarché - Wanty,,,38:36,2316,20543
18,RR,24 July 2025,Vif,Courchevel (Col de la Loze),171.5,5642,414,33.873,15.8 km solo,Haller Marco,https://www.procyclingstats.com/rider/marco-haller,1991-04-01,1991,Austria,1.78,72.0,22.72,Sankt Veit an der Glan,84,finished,86,12312,113,Classic,34,AT,Tudor Pro Cycling Team,,,38:37,2317,20544
18,RR,24 July 2025,Vif,Courchevel (Col de la Loze),171.5,5642,414,33.873,15.8 km solo,Grégoire Romain,https://www.procyclingstats.com/rider/romain-gregoire,2003-01-21,2003,France,1.76,64.0,20.66,Besançon,85,finished,34,7711,94,Classic,22,FR,Groupama - FDJ,,,38:39,2319,20546
18,RR,24 July 2025,Vif,Courchevel (Col de la Loze),171.5,5642,414,33.873,15.8 km solo,Alaphilippe Julian,https://www.procyclingstats.com/rider/julian-alaphilippe,1992-06-11,1992,France,1.73,62.0,20.72,Saint-Amand-Montrond,86,finished,42,8908,111,Classic,33,FR,Tudor Pro Cycling Team,,,38:47,2327,20554
18,RR,24 July 2025,Vif,Courchevel (Col de la Loze),171.5,5642,414,33.873,15.8 km solo,van Aert Wout,https://www.procyclingstats.com/rider/wout-van-aert,1994-09-15,1994,Belgium,1.9,78.0,21.61,Herentals,87,finished,67,11072,17,Classic,30,BE,Team Visma | Lease a Bike,,,38:52,2332,20559
18,RR,24 July 2025,Vif,Courchevel (Col de la Loze),171.5,5642,414,33.873,15.8 km solo,Groves Kaden,https://www.procyclingstats.com/rider/kaden-groves,1998-12-23,1998,Australia,1.76,76.0,24.54,Gympie,88,finished,96,13017,103,Hills,26,AU,Alpecin - Deceuninck,,,",,",2332,20559
18,RR,24 July 2025,Vif,Courchevel (Col de la Loze),171.5,5642,414,33.873,15.8 km solo,Berckmoes Jenno,https://www.procyclingstats.com/rider/jenno-berckmoes,2001-02-04,2001,Belgium,1.77,61.0,19.47,Ghent,89,finished,74,11445,212,Classic,24,BE,Lotto,,,39:06,2346,20573
18,RR,24 July 2025,Vif,Courchevel (Col de la Loze),171.5,5642,414,33.873,15.8 km solo,Van Moer Brent,https://www.procyclingstats.com/rider/brent-van-moer,1998-01-12,1998,Belgium,1.91,79.0,21.66,Beveren,90,finished,78,11906,218,Classic,27,BE,Lotto,,,39:21,2361,20588
18,RR,24 July 2025,Vif,Courchevel (Col de la Loze),171.5,5642,414,33.873,15.8 km solo,Swift Connor,https://www.procyclingstats.com/rider/connor-swift,1995-10-30,1995,Great Britain,1.9,75.0,20.78,Thorne,91,finished,107,14118,67,Classic,29,GB,INEOS Grenadiers,,,",,",2361,20588
18,RR,24 July 2025,Vif,Courchevel (Col de la Loze),171.5,5642,414,33.873,15.8 km solo,Gachignard Thomas,https://www.procyclingstats.com/rider/thomas-gachignard,2000-08-17,2000,France,,,,Niort,92,finished,63,10847,184,GC,24,FR,TotalEnergies,,,39:37,2377,20604
18,RR,24 July 2025,Vif,Courchevel (Col de la Loze),171.5,5642,414,33.873,15.8 km solo,Barta Will,https://www.procyclingstats.com/rider/william-barta,1996-01-04,1996,United States,1.8,61.0,18.83,Boise,93,finished,101,13347,142,TT,29,US,Movistar Team,,,40:47,2447,20674
18,RR,24 July 2025,Vif,Courchevel (Col de la Loze),171.5,5642,414,33.873,15.8 km solo,Märkl Niklas,https://www.procyclingstats.com/rider/niklas-markl,1999-03-03,1999,Germany,1.85,70.0,20.45,Queidersbach,94,finished,108,14158,196,Sprint,26,DE,Team Picnic PostNL,,,40:53,2453,20680
18,RR,24 July 2025,Vif,Courchevel (Col de la Loze),171.5,5642,414,33.873,15.8 km solo,Ackermann Pascal,https://www.procyclingstats.com/rider/pascal-ackermann,1994-01-17,1994,Germany,1.8,78.0,24.07,Kandel,95,finished,123,15572,202,Sprint,31,DE,Israel - Premier Tech,,,",,",2453,20680
18,RR,24 July 2025,Vif,Courchevel (Col de la Loze),171.5,5642,414,33.873,15.8 km solo,Eenkhoorn Pascal,https://www.procyclingstats.com/rider/pascal-eenkhoorn,1997-02-08,1997,Netherlands,1.85,72.0,21.04,Zwolle,96,finished,49,9474,23,Classic,28,NL,Soudal Quick-Step,,,41:01,2461,20688
18,RR,24 July 2025,Vif,Courchevel (Col de la Loze),171.5,5642,414,33.873,15.8 km solo,Penhoët Paul,https://www.procyclingstats.com/rider/paul-penhoet,2001-12-28,2001,France,1.73,64.0,21.38,Clamart,97,finished,111,14525,97,Classic,23,FR,Groupama - FDJ,,,41:03,2463,20690
18,RR,24 July 2025,Vif,Courchevel (Col de la Loze),171.5,5642,414,33.873,15.8 km solo,Velasco Simone,https://www.procyclingstats.com/rider/simone-velasco,1995-12-02,1995,Italy,1.7,59.0,20.42,Bologna,98,finished,46,9126,178,Classic,29,IT,XDS Astana Team,,,",,",2463,20690
18,RR,24 July 2025,Vif,Courchevel (Col de la Loze),171.5,5642,414,33.873,15.8 km solo,Turgis Anthony,https://www.procyclingstats.com/rider/anthony-turgis,1994-05-16,1994,France,1.78,70.0,22.09,Bourg-la-Reine,99,finished,112,14557,187,Classic,31,FR,TotalEnergies,,,41:13,2473,20700
18,RR,24 July 2025,Vif,Courchevel (Col de la Loze),171.5,5642,414,33.873,15.8 km solo,van Sintmaartensdijk Roel,https://www.procyclingstats.com/rider/roel-van-sintmaartensdijk,2001-05-08,2001,Netherlands,1.97,77.0,19.84,Zuidland,100,finished,156,17572,47,GC,24,NL,Intermarché - Wanty,,,",,",2473,20700
18,RR,24 July 2025,Vif,Courchevel (Col de la Loze),171.5,5642,414,33.873,15.8 km solo,Hoelgaard Markus,https://www.procyclingstats.com/rider/markus-hoelgaard,1994-10-04,1994,Norway,1.88,74.0,20.94,Stavanger,101,finished,61,10615,225,Classic,30,NO,Uno-X Mobility,,,",,",2473,20700
18,RR,24 July 2025,Vif,Courchevel (Col de la Loze),171.5,5642,414,33.873,15.8 km solo,Rex Laurenz,https://www.procyclingstats.com/rider/laurenz-rex,1999-12-15,1999,Belgium,1.93,83.0,22.28,Marburg,102,finished,139,16677,45,Classic,25,BE,Intermarché - Wanty,,,",,",2473,20700
18,RR,24 July 2025,Vif,Courchevel (Col de la Loze),171.5,5642,414,33.873,15.8 km solo,Touzé Damien,https://www.procyclingstats.com/rider/damien-touze,1996-07-07,1996,France,1.74,69.0,22.79,Iville,103,finished,94,12862,168,Classic,29,FR,Cofidis,,,",,",2473,20700
18,RR,24 July 2025,Vif,Courchevel (Col de la Loze),171.5,5642,414,33.873,15.8 km solo,Teuns Dylan,https://www.procyclingstats.com/rider/dylan-teuns,1992-03-01,1992,Belgium,1.81,64.0,19.54,Diest,104,finished,92,12801,166,GC,33,BE,Cofidis,,,41:18,2478,20705
18,RR,24 July 2025,Vif,Courchevel (Col de la Loze),171.5,5642,414,33.873,15.8 km solo,Wright Fred,https://www.procyclingstats.com/rider/alfred-wright,1999-06-13,1999,Great Britain,1.84,75.0,22.15,London,105,finished,100,13139,58,Hills,26,GB,Bahrain - Victorious,,,",,",2478,20705
18,RR,24 July 2025,Vif,Courchevel (Col de la Loze),171.5,5642,414,33.873,15.8 km solo,Watson Samuel,https://www.procyclingstats.com/rider/samuel-watson,2001-09-24,2001,Great Britain,1.88,68.0,19.24,Leeds,106,finished,124,15694,68,Hills,23,GB,INEOS Grenadiers,,,",,",2478,20705
18,RR,24 July 2025,Vif,Courchevel (Col de la Loze),171.5,5642,414,33.873,15.8 km solo,Affini Edoardo,https://www.procyclingstats.com/rider/edoardo-affini,1996-06-24,1996,Italy,1.9,85.0,23.55,Mantua,107,finished,115,15006,12,TT,29,IT,Team Visma | Lease a Bike,,,41:24,2484,20711
18,RR,24 July 2025,Vif,Courchevel (Col de la Loze),171.5,5642,414,33.873,15.8 km solo,Stannard Robert,https://www.procyclingstats.com/rider/robert-stannard,1998-09-16,1998,Australia,1.79,74.0,23.1,Sydney Previous nationalities New Zealand until 2016,108,finished,118,15139,57,Hills,26,AU,Bahrain - Victorious,,,",,",2484,20711
18,RR,24 July 2025,Vif,Courchevel (Col de la Loze),171.5,5642,414,33.873,15.8 km solo,van Dijke Mick,https://www.procyclingstats.com/rider/mick-van-dijke,2000-03-15,2000,Netherlands,1.9,74.0,20.5,Goes,109,finished,121,15490,76,Classic,25,NL,Red Bull - BORA - hansgrohe,,,41:26,2486,20713
18,RR,24 July 2025,Vif,Courchevel (Col de la Loze),171.5,5642,414,33.873,15.8 km solo,Mayrhofer Marius,https://www.procyclingstats.com/rider/marius-mayrhofer,2000-09-18,2000,Germany,1.82,70.0,21.13,Tübingen,110,finished,84,12224,116,Hills,24,DE,Tudor Pro Cycling Team,,,",,",2486,20713
18,RR,24 July 2025,Vif,Courchevel (Col de la Loze),171.5,5642,414,33.873,15.8 km solo,Pithie Laurence,https://www.procyclingstats.com/rider/laurence-pithie,2002-07-17,2002,New Zealand,1.85,74.0,21.62,Christchurch,111,finished,91,12664,75,Classic,23,NZ,Red Bull - BORA - hansgrohe,,,41:29,2489,20716
18,RR,24 July 2025,Vif,Courchevel (Col de la Loze),171.5,5642,414,33.873,15.8 km solo,Moscon Gianni,https://www.procyclingstats.com/rider/gianni-moscon,1994-04-20,1994,Italy,1.8,71.0,21.91,Trento,112,finished,104,13554,74,Classic,31,IT,Red Bull - BORA - hansgrohe,,,",,",2489,20716
18,RR,24 July 2025,Vif,Courchevel (Col de la Loze),171.5,5642,414,33.873,15.8 km solo,Aranburu Alex,https://www.procyclingstats.com/rider/alex-aranburu,1995-09-19,1995,Spain,1.78,63.0,19.88,Ezkio-Itsaso,113,finished,75,11622,162,Classic,29,ES,Cofidis,,,",,",2489,20716
18,RR,24 July 2025,Vif,Courchevel (Col de la Loze),171.5,5642,414,33.873,15.8 km solo,Castrillo Pablo,https://www.procyclingstats.com/rider/pablo-castrillo-zapater,2001-01-02,2001,Spain,1.83,74.0,22.1,Jaca,114,finished,110,14322,143,Climber,24,ES,Movistar Team,,,",,",2489,20716
18,RR,24 July 2025,Vif,Courchevel (Col de la Loze),171.5,5642,414,33.873,15.8 km solo,Romeo Iván,https://www.procyclingstats.com/rider/ivan-romeo,2003-08-16,2003,Spain,1.93,75.0,20.13,Valladolid,115,finished,106,13780,147,GC,21,ES,Movistar Team,,,",,",2489,20716
18,RR,24 July 2025,Vif,Courchevel (Col de la Loze),171.5,5642,414,33.873,15.8 km solo,García Cortina Iván,https://www.procyclingstats.com/rider/ivan-garcia-cortina,1995-11-20,1995,Spain,1.83,77.0,22.99,Gijón,116,finished,114,14953,145,Classic,29,ES,Movistar Team,,,",,",2489,20716
18,RR,24 July 2025,Vif,Courchevel (Col de la Loze),171.5,5642,414,33.873,15.8 km solo,Asgreen Kasper,https://www.procyclingstats.com/rider/kasper-asgreen,1995-02-08,1995,Denmark,1.93,75.0,20.13,Kolding,117,finished,90,12636,33,TT,30,DK,EF Education - EasyPost,,,",,",2489,20716
18,RR,24 July 2025,Vif,Courchevel (Col de la Loze),171.5,5642,414,33.873,15.8 km solo,Askey Lewis,https://www.procyclingstats.com/rider/lewis-askey,2001-05-04,2001,Great Britain,1.87,75.0,21.45,Cannock,118,finished,135,16493,92,Classic,24,GB,Groupama - FDJ,,,",,",2489,20716
18,RR,24 July 2025,Vif,Courchevel (Col de la Loze),171.5,5642,414,33.873,15.8 km solo,Braet Vito,https://www.procyclingstats.com/rider/vito-braet,2000-11-02,2000,Belgium,1.84,68.0,20.09,Hulste,119,finished,141,16845,43,Classic,24,BE,Intermarché - Wanty,,,",,",2489,20716
18,RR,24 July 2025,Vif,Courchevel (Col de la Loze),171.5,5642,414,33.873,15.8 km solo,Fedorov Yevgeniy,https://www.procyclingstats.com/rider/yevgeniy-fedorov,2000-02-16,2000,Kazakhstan,1.93,80.0,21.48,Aktobe,120,finished,157,17577,175,Classic,25,KZ,XDS Astana Team,,,",,",2489,20716
18,RR,24 July 2025,Vif,Courchevel (Col de la Loze),171.5,5642,414,33.873,15.8 km solo,Trentin Matteo,https://www.procyclingstats.com/rider/matteo-trentin,1989-08-02,1989,Italy,1.79,74.0,23.1,Borgo Valsugana,121,finished,105,13734,118,Classic,35,IT,Tudor Pro Cycling Team,,,41:39,2499,20726
18,RR,24 July 2025,Vif,Courchevel (Col de la Loze),171.5,5642,414,33.873,15.8 km solo,Sepúlveda Eduardo,https://www.procyclingstats.com/rider/eduardo-sepulveda,1991-06-13,1991,Argentina,1.73,59.0,19.71,Rawson,122,finished,116,15095,216,GC,34,AR,Lotto,,,41:42,2502,20729
18,RR,24 July 2025,Vif,Courchevel (Col de la Loze),171.5,5642,414,33.873,15.8 km solo,Page Hugo,https://www.procyclingstats.com/rider/hugo-page,2001-07-24,2001,France,1.85,71.0,20.75,Chartres,123,finished,140,16734,44,Classic,24,FR,Intermarché - Wanty,,,",,",2502,20729
18,RR,24 July 2025,Vif,Courchevel (Col de la Loze),171.5,5642,414,33.873,15.8 km solo,Neilands Krists,https://www.procyclingstats.com/rider/krists-neilands,1994-08-18,1994,Latvia,1.89,69.0,19.32,Kuldīga,124,finished,79,11918,207,Classic,30,LV,Israel - Premier Tech,,,42:05,2525,20752
18,RR,24 July 2025,Vif,Courchevel (Col de la Loze),171.5,5642,414,33.873,15.8 km solo,Flynn Sean,https://www.procyclingstats.com/rider/sean-flynn,2000-03-02,2000,Great Britain,1.77,67.0,21.39,Edinburgh,125,finished,130,16068,194,GC,25,GB,Team Picnic PostNL,,,",,",2525,20752
18,RR,24 July 2025,Vif,Courchevel (Col de la Loze),171.5,5642,414,33.873,15.8 km solo,Stewart Jake,https://www.procyclingstats.com/rider/jake-stewart,1999-10-02,1999,Great Britain,1.79,66.0,20.6,Coventry,126,finished,119,15166,208,Hills,25,GB,Israel - Premier Tech,,,42:07,2527,20754
18,RR,24 July 2025,Vif,Courchevel (Col de la Loze),171.5,5642,414,33.873,15.8 km solo,Lienhard Fabian,https://www.procyclingstats.com/rider/fabian-lienhard,1993-09-03,1993,Switzerland,1.83,73.0,21.8,Steinmaur,127,finished,158,17664,115,Classic,31,CH,Tudor Pro Cycling Team,,,",,",2527,20754
18,RR,24 July 2025,Vif,Courchevel (Col de la Loze),171.5,5642,414,33.873,15.8 km solo,Andresen Tobias Lund,https://www.procyclingstats.com/rider/tobias-lund-andresen,2002-08-20,2002,Denmark,1.81,69.0,21.06,Taastrup,128,finished,97,13091,195,Classic,22,DK,Team Picnic PostNL,,,",,",2527,20754
18,RR,24 July 2025,Vif,Courchevel (Col de la Loze),171.5,5642,414,33.873,15.8 km solo,Capiot Amaury,https://www.procyclingstats.com/rider/amaury-capiot,1993-06-25,1993,Belgium,1.86,69.0,19.94,Tongeren,129,finished,133,16287,132,Classic,32,BE,Arkéa - B&B Hotels,-25.0,,42:15,2535,20762
18,RR,24 July 2025,Vif,Courchevel (Col de la Loze),171.5,5642,414,33.873,15.8 km solo,Reinders Elmar,https://www.procyclingstats.com/rider/elmar-reinders,1992-03-14,1992,Netherlands,1.9,78.1,21.63,Emmen,130,finished,137,16607,127,Classic,33,NL,Team Jayco AlUla,,,",,",2535,20762
18,RR,24 July 2025,Vif,Courchevel (Col de la Loze),171.5,5642,414,33.873,15.8 km solo,Durbridge Luke,https://www.procyclingstats.com/rider/luke-durbridge,1991-04-09,1991,Australia,1.87,78.0,22.31,Greenmount,131,finished,134,16322,123,TT,34,AU,Team Jayco AlUla,,,",,",2535,20762
18,RR,24 July 2025,Vif,Courchevel (Col de la Loze),171.5,5642,414,33.873,15.8 km solo,Grignard Sébastien,https://www.procyclingstats.com/rider/sebastien-grignard,1999-04-29,1999,Belgium,1.79,68.0,21.22,Mons,132,finished,143,16938,215,Classic,26,BE,Lotto,,,42:21,2541,20768
18,RR,24 July 2025,Vif,Courchevel (Col de la Loze),171.5,5642,414,33.873,15.8 km solo,Bittner Pavel,https://www.procyclingstats.com/rider/pavel-bittner,2002-10-29,2002,Czech Republic,1.84,73.0,21.56,Olomouc,133,finished,129,16039,193,Sprint,22,CZ,Team Picnic PostNL,,,42:25,2545,20772
18,RR,24 July 2025,Vif,Courchevel (Col de la Loze),171.5,5642,414,33.873,15.8 km solo,Naberman Tim,https://www.procyclingstats.com/rider/tim-naberman,1999-05-11,1999,Netherlands,1.87,70.0,20.02,Genemuiden,134,finished,127,15833,197,GC,26,NL,Team Picnic PostNL,,,",,",2545,20772
18,RR,24 July 2025,Vif,Courchevel (Col de la Loze),171.5,5642,414,33.873,15.8 km solo,Gradek Kamil,https://www.procyclingstats.com/rider/kamil-gradek,1990-09-17,1990,Poland,1.94,83.0,22.05,Koziegłowy,135,finished,155,17510,53,TT,34,PL,Bahrain - Victorious,,,42:31,2551,20778
18,RR,24 July 2025,Vif,Courchevel (Col de la Loze),171.5,5642,414,33.873,15.8 km solo,Stuyven Jasper,https://www.procyclingstats.com/rider/jasper-stuyven,1992-04-17,1992,Belgium,1.87,80.0,22.88,Leuven,136,finished,64,10945,87,Classic,33,BE,Lidl - Trek,,,",,",2551,20778
18,RR,24 July 2025,Vif,Courchevel (Col de la Loze),171.5,5642,414,33.873,15.8 km solo,Nys Thibau,https://www.procyclingstats.com/rider/thibau-nys,2002-11-12,2002,Belgium,1.76,64.0,20.66,Bonheiden,137,finished,113,14739,83,Hills,22,BE,Lidl - Trek,,,",,",2551,20778
18,RR,24 July 2025,Vif,Courchevel (Col de la Loze),171.5,5642,414,33.873,15.8 km solo,Edvardsen-Fredheim Stian,https://www.procyclingstats.com/rider/stian-fredheim,2003-03-23,2003,Norway,1.84,72.0,21.27,Kristiansand,138,finished,142,16914,224,Sprint,22,NO,Uno-X Mobility,,,",,",2551,20778
18,RR,24 July 2025,Vif,Courchevel (Col de la Loze),171.5,5642,414,33.873,15.8 km solo,Van Lerberghe Bert,https://www.procyclingstats.com/rider/bert-van-lerberghe,1992-09-29,1992,Belgium,1.9,83.0,22.99,Kortrijk,139,finished,146,17113,27,Classic,32,BE,Soudal Quick-Step,,,42:34,2554,20781
18,RR,24 July 2025,Vif,Courchevel (Col de la Loze),171.5,5642,414,33.873,15.8 km solo,Dainese Alberto,https://www.procyclingstats.com/rider/alberto-dainese,1998-03-25,1998,Italy,1.75,72.0,23.51,Abano Terme,140,finished,117,15104,112,Sprint,27,IT,Tudor Pro Cycling Team,,,",,",2554,20781
18,RR,24 July 2025,Vif,Courchevel (Col de la Loze),171.5,5642,414,33.873,15.8 km solo,Merlier Tim,https://www.procyclingstats.com/rider/tim-merlier,1992-10-30,1992,Belgium,1.88,76.0,21.5,Wortegem-Petegem,141,finished,147,17134,24,Sprint,32,BE,Soudal Quick-Step,,,42:37,2557,20784
18,RR,24 July 2025,Vif,Courchevel (Col de la Loze),171.5,5642,414,33.873,15.8 km solo,Skujiņš Toms,https://www.procyclingstats.com/rider/toms-skujins,1991-06-15,1991,Latvia,1.81,72.0,21.98,Sigulda,142,finished,93,12856,86,Classic,34,LV,Lidl - Trek,,,",,",2557,20784
18,RR,24 July 2025,Vif,Courchevel (Col de la Loze),171.5,5642,414,33.873,15.8 km solo,Boivin Guillaume,https://www.procyclingstats.com/rider/guillaume-boivin,1989-05-25,1989,Canada,1.8,78.0,24.07,Montreal,143,finished,148,17168,204,Classic,36,CA,Israel - Premier Tech,,,",,",2557,20784
18,RR,24 July 2025,Vif,Courchevel (Col de la Loze),171.5,5642,414,33.873,15.8 km solo,Ballerini Davide,https://www.procyclingstats.com/rider/davide-ballerini,1994-09-21,1994,Italy,1.83,71.0,21.2,Cantù,144,finished,154,17443,172,Classic,30,IT,XDS Astana Team,,,",,",2557,20784
18,RR,24 July 2025,Vif,Courchevel (Col de la Loze),171.5,5642,414,33.873,15.8 km solo,Milan Jonathan,https://www.procyclingstats.com/rider/jonathan-milan,2000-10-01,2000,Italy,1.94,84.0,22.32,Tolmezzo,145,finished,145,17056,81,Sprint,24,IT,Lidl - Trek,,,",,",2557,20784
18,RR,24 July 2025,Vif,Courchevel (Col de la Loze),171.5,5642,414,33.873,15.8 km solo,Girmay Biniam,https://www.procyclingstats.com/rider/biniam-girmay,2000-04-02,2000,Eritrea,1.84,70.0,20.68,Asmara,146,finished,132,16156,41,Classic,25,ER,Intermarché - Wanty,,,",,",2557,20784
18,RR,24 July 2025,Vif,Courchevel (Col de la Loze),171.5,5642,414,33.873,15.8 km solo,Albanese Vincenzo,https://www.procyclingstats.com/rider/vincenzo-albanese,1996-11-12,1996,Italy,1.75,70.0,22.86,Oliveto Citra,147,finished,109,14275,32,Hills,28,IT,EF Education - EasyPost,,,",,",2557,20784
18,RR,24 July 2025,Vif,Courchevel (Col de la Loze),171.5,5642,414,33.873,15.8 km solo,Démare Arnaud,https://www.procyclingstats.com/rider/arnaud-demare,1991-08-26,1991,France,1.81,76.0,23.2,Beauvais,148,finished,152,17356,134,Classic,33,FR,Arkéa - B&B Hotels,,,",,",2557,20784
18,RR,24 July 2025,Vif,Courchevel (Col de la Loze),171.5,5642,414,33.873,15.8 km solo,Martinez Lenny,https://www.procyclingstats.com/rider/lenny-martinez,2003-07-11,2003,France,1.68,52.0,18.42,Cannes,149,finished,99,13128,55,Climber,22,FR,Bahrain - Victorious,-15.0,,42:47,2567,20794
18,RR,24 July 2025,Vif,Courchevel (Col de la Loze),171.5,5642,414,33.873,15.8 km solo,Bauhaus Phil,https://www.procyclingstats.com/rider/phil-bauhaus,1994-07-08,1994,Germany,1.84,75.0,22.15,Bocholt,150,finished,150,17290,52,Sprint,31,DE,Bahrain - Victorious,,,42:53,2573,20800
18,RR,24 July 2025,Vif,Courchevel (Col de la Loze),171.5,5642,414,33.873,15.8 km solo,Thomas Benjamin,https://www.procyclingstats.com/rider/benjamin-thomas-2,1995-09-12,1995,France,1.79,68.0,21.22,Lavaur,151,finished,153,17406,167,TT,29,FR,Cofidis,,,43:03,2583,20810
18,RR,24 July 2025,Vif,Courchevel (Col de la Loze),171.5,5642,414,33.873,15.8 km solo,Renard Alexis,https://www.procyclingstats.com/rider/alexis-renard,1999-06-01,1999,France,1.86,74.0,21.39,Saint-Brieuc,152,finished,144,16997,165,Classic,26,FR,Cofidis,,,",,",2583,20810
18,RR,24 July 2025,Vif,Courchevel (Col de la Loze),171.5,5642,414,33.873,15.8 km solo,Cort Magnus,https://www.procyclingstats.com/rider/magnus-cort-nielsen,1993-01-16,1993,Denmark,1.84,68.0,20.09,Rønne,153,finished,128,15994,223,Hills,32,DK,Uno-X Mobility,,,43:18,2598,20825
18,RR,24 July 2025,Vif,Courchevel (Col de la Loze),171.5,5642,414,33.873,15.8 km solo,Drizners Jarrad,https://www.procyclingstats.com/rider/jarrad-drizners,1999-05-31,1999,Australia,1.86,70.0,20.23,Adelaide,154,finished,136,16513,214,GC,26,AU,Lotto,,,43:31,2611,20838
18,RR,24 July 2025,Vif,Courchevel (Col de la Loze),171.5,5642,414,33.873,15.8 km solo,Mezgec Luka,https://www.procyclingstats.com/rider/luka-mezgec,1988-06-27,1988,Slovenia,1.83,72.0,21.5,Kranj,155,finished,151,17329,125,Hills,37,SI,Team Jayco AlUla,,,43:37,2617,20844
18,RR,24 July 2025,Vif,Courchevel (Col de la Loze),171.5,5642,414,33.873,15.8 km solo,De Lie Arnaud,https://www.procyclingstats.com/rider/arnaud-de-lie,2002-03-16,2002,Belgium,1.82,78.0,23.55,Libramont,156,finished,138,16639,211,Classic,23,BE,Lotto,,,43:42,2622,20849
18,RR,24 July 2025,Vif,Courchevel (Col de la Loze),171.5,5642,414,33.873,15.8 km solo,Meeus Jordi,https://www.procyclingstats.com/rider/jordi-meeus,1998-07-01,1998,Belgium,1.9,80.0,22.16,Lommel,157,finished,161,17988,73,Classic,27,BE,Red Bull - BORA - hansgrohe,,,43:44,2624,20851
18,RR,24 July 2025,Vif,Courchevel (Col de la Loze),171.5,5642,414,33.873,15.8 km solo,Groenewegen Dylan,https://www.procyclingstats.com/rider/dylan-groenewegen,1993-06-21,1993,Netherlands,1.77,70.0,22.34,Amsterdam,158,finished,149,17181,124,Sprint,32,NL,Team Jayco AlUla,,,43:51,2631,20858
18,RR,24 July 2025,Vif,Courchevel (Col de la Loze),171.5,5642,414,33.873,15.8 km solo,Mohorič Matej,https://www.procyclingstats.com/rider/matej-mohoric,1994-10-19,1994,Slovenia,1.86,71.0,20.52,Kranj,159,finished,120,15469,56,Classic,30,SI,Bahrain - Victorious,,,44:13,2653,20880
18,RR,24 July 2025,Vif,Courchevel (Col de la Loze),171.5,5642,414,33.873,15.8 km solo,Consonni Simone,https://www.procyclingstats.com/rider/simone-consonni,1994-09-12,1994,Italy,1.65,60.0,22.04,Ponte San Pietro,160,finished,160,17923,82,Classic,30,IT,Lidl - Trek,,,44:27,2667,20894
18,RR,24 July 2025,Vif,Courchevel (Col de la Loze),171.5,5642,414,33.873,15.8 km solo,Theuns Edward,https://www.procyclingstats.com/rider/edward-theuns,1991-04-30,1991,Belgium,1.83,72.0,21.5,Ghent,161,finished,159,17856,88,Classic,34,BE,Lidl - Trek,,,46:42,2802,21029
18,RR,24 July 2025,Vif,Courchevel (Col de la Loze),171.5,5642,414,33.873,15.8 km solo,Mas Enric,https://www.procyclingstats.com/rider/enric-mas,1995-01-07,1995,Spain,1.77,61.0,19.47,Artà,,DNF,,,141,Climber,30,ES,Movistar Team,,,,,
18,RR,24 July 2025,Vif,Courchevel (Col de la Loze),171.5,5642,414,33.873,15.8 km solo,Barthe Cyril,https://www.procyclingstats.com/rider/cyril-barthe,1996-02-14,1996,France,1.84,70.0,20.68,Sauveterre-de-Béarn,,DNS,,,93,Hills,29,FR,Groupama - FDJ,,,,,
18,RR,24 July 2025,Vif,Courchevel (Col de la Loze),171.5,5642,414,33.873,15.8 km solo,Rodríguez Carlos,https://www.procyclingstats.com/rider/carlos-rodriguez-cano,2001-02-02,2001,Spain,1.83,67.0,20.01,Almuñécar,,DNS,,,66,GC,24,ES,INEOS Grenadiers,,,,,
19,RR,25 July 2025,Albertville,La Plagne,93.1,3431,340,33.63,13 km solo,Arensman Thymen,https://www.procyclingstats.com/rider/thymen-arensman,1999-12-04,1999,Netherlands,1.9,68.0,18.84,Deil,1,finished,12,3161,62,GC,25,NL,INEOS Grenadiers,210.0,100.0,2:46:06,0,9966
19,RR,25 July 2025,Albertville,La Plagne,93.1,3431,340,33.63,13 km solo,Vingegaard Jonas,https://www.procyclingstats.com/rider/jonas-vingegaard,1996-12-10,1996,Denmark,1.75,58.0,18.94,Hillerslev,2,finished,2,264,11,GC,28,DK,Team Visma | Lease a Bike,150.0,70.0,0:02,2,9968
19,RR,25 July 2025,Albertville,La Plagne,93.1,3431,340,33.63,13 km solo,Pogačar Tadej,https://www.procyclingstats.com/rider/tadej-pogacar,1998-09-21,1998,Slovenia,1.76,66.0,21.31,Klanec,3,finished,1,0,1,Climber,26,SI,UAE Team Emirates - XRG,110.0,50.0,",,",2,9968
19,RR,25 July 2025,Albertville,La Plagne,93.1,3431,340,33.63,13 km solo,Lipowitz Florian,https://www.procyclingstats.com/rider/florian-lipowitz,2000-09-21,2000,Germany,1.81,68.0,20.76,Laichingen,4,finished,3,669,72,GC,24,DE,Red Bull - BORA - hansgrohe,90.0,40.0,0:06,6,9972
19,RR,25 July 2025,Albertville,La Plagne,93.1,3431,340,33.63,13 km solo,Onley Oscar,https://www.procyclingstats.com/rider/oscar-onley,2002-10-13,2002,Great Britain,1.73,62.0,20.72,Kelso,5,finished,4,732,191,GC,22,GB,Team Picnic PostNL,70.0,32.0,0:47,47,10013
19,RR,25 July 2025,Albertville,La Plagne,93.1,3431,340,33.63,13 km solo,Gall Felix,https://www.procyclingstats.com/rider/felix-gall,1998-02-27,1998,Austria,1.8,66.0,20.37,Nußdorf-Debant,6,finished,5,1032,151,Climber,27,AT,Decathlon AG2R La Mondiale Team,55.0,26.0,1:34,94,10060
19,RR,25 July 2025,Albertville,La Plagne,93.1,3431,340,33.63,13 km solo,Johannessen Tobias Halland,https://www.procyclingstats.com/rider/tobias-halland-johannessen,1999-08-23,1999,Norway,1.76,62.0,20.02,Drøbak,7,finished,6,1214,221,Climber,25,NO,Uno-X Mobility,45.0,22.0,1:41,101,10067
19,RR,25 July 2025,Albertville,La Plagne,93.1,3431,340,33.63,13 km solo,Healy Ben,https://www.procyclingstats.com/rider/ben-healy,2000-09-11,2000,Ireland,1.75,62.0,20.24,Kingswinford Previous nationalities Great Britain until 2016,8,finished,9,1682,31,Climber,24,IE,EF Education - EasyPost,40.0,18.0,2:19,139,10105
19,RR,25 July 2025,Albertville,La Plagne,93.1,3431,340,33.63,13 km solo,Paret-Peintre Valentin,https://www.procyclingstats.com/rider/valentin-paret-peintre,2001-01-14,2001,France,1.78,52.0,16.41,Annemasse,9,finished,41,10025,25,Climber,24,FR,Soudal Quick-Step,35.0,14.0,3:47,227,10193
19,RR,25 July 2025,Albertville,La Plagne,93.1,3431,340,33.63,13 km solo,Yates Simon,https://www.procyclingstats.com/rider/simon-yates,1992-08-07,1992,Great Britain,1.72,58.0,19.61,Bury,10,finished,16,4650,18,Climber,32,GB,Team Visma | Lease a Bike,30.0,10.0,3:54,234,10200
19,RR,25 July 2025,Albertville,La Plagne,93.1,3431,340,33.63,13 km solo,Martinez Lenny,https://www.procyclingstats.com/rider/lenny-martinez,2003-07-11,2003,France,1.68,52.0,18.42,Cannes,11,finished,78,13372,55,Climber,22,FR,Bahrain - Victorious,25.0,8.0,4:02,242,10208
19,RR,25 July 2025,Albertville,La Plagne,93.1,3431,340,33.63,13 km solo,O'Connor Ben,https://www.procyclingstats.com/rider/ben-o-connor,1995-11-25,1995,Australia,1.88,67.0,18.96,Subiaco,12,finished,10,2074,121,GC,29,AU,Team Jayco AlUla,20.0,6.0,5:13,313,10279
19,RR,25 July 2025,Albertville,La Plagne,93.1,3431,340,33.63,13 km solo,Paret-Peintre Aurélien,https://www.procyclingstats.com/rider/aurelien-paret-peintre,1996-02-27,1996,France,1.84,64.0,18.9,Annemasse,13,finished,28,7972,156,GC,29,FR,Decathlon AG2R La Mondiale Team,15.0,4.0,5:18,318,10284
19,RR,25 July 2025,Albertville,La Plagne,93.1,3431,340,33.63,13 km solo,Jegat Jordan,https://www.procyclingstats.com/rider/jordan-jegat,1999-06-07,1999,France,1.76,59.0,19.05,Vannes,14,finished,11,2322,186,Climber,26,FR,TotalEnergies,10.0,2.0,5:49,349,10315
19,RR,25 July 2025,Albertville,La Plagne,93.1,3431,340,33.63,13 km solo,Mühlberger Gregor,https://www.procyclingstats.com/rider/gregor-muhlberger,1994-04-04,1994,Austria,1.8,64.0,19.75,Haidershofen,15,finished,18,5297,146,GC,31,AT,Movistar Team,5.0,1.0,6:18,378,10344
19,RR,25 July 2025,Albertville,La Plagne,93.1,3431,340,33.63,13 km solo,Campenaerts Victor,https://www.procyclingstats.com/rider/victor-campenaerts,1991-10-28,1991,Belgium,1.73,68.0,22.72,Hoboken,16,finished,26,7523,14,TT,33,BE,Team Visma | Lease a Bike,,,",,",378,10344
19,RR,25 July 2025,Albertville,La Plagne,93.1,3431,340,33.63,13 km solo,Vauquelin Kévin,https://www.procyclingstats.com/rider/kevin-vauquelin,2001-04-26,2001,France,1.76,69.0,22.28,Bayeux,17,finished,7,1355,131,GC,24,FR,Arkéa - B&B Hotels,,,",,",378,10344
19,RR,25 July 2025,Albertville,La Plagne,93.1,3431,340,33.63,13 km solo,Berthet Clément,https://www.procyclingstats.com/rider/clement-berthet,1997-08-02,1997,France,1.84,68.0,20.09,Pierre Bénite,18,finished,30,8257,153,Climber,27,FR,Decathlon AG2R La Mondiale Team,,,6:28,388,10354
19,RR,25 July 2025,Albertville,La Plagne,93.1,3431,340,33.63,13 km solo,Narváez Jhonatan,https://www.procyclingstats.com/rider/jhonatan-narvaez,1997-03-04,1997,Ecuador,1.74,65.0,21.47,El Playón de San Francisco,19,finished,13,3876,3,Hills,28,EC,UAE Team Emirates - XRG,-25.0,,6:32,392,10358
19,RR,25 July 2025,Albertville,La Plagne,93.1,3431,340,33.63,13 km solo,Tejada Harold,https://www.procyclingstats.com/rider/harold-tejada,1997-04-27,1997,Colombia,1.8,63.0,19.44,Pitalito,20,finished,38,9561,171,Climber,28,CO,XDS Astana Team,,,6:46,406,10372
19,RR,25 July 2025,Albertville,La Plagne,93.1,3431,340,33.63,13 km solo,Higuita Sergio,https://www.procyclingstats.com/rider/sergio-higuita,1997-08-01,1997,Colombia,1.66,57.0,20.69,Medellín,21,finished,15,4099,176,Climber,27,CO,XDS Astana Team,,,",,",406,10372
19,RR,25 July 2025,Albertville,La Plagne,93.1,3431,340,33.63,13 km solo,van den Broek Frank,https://www.procyclingstats.com/rider/frank-van-den-broek,2000-12-28,2000,Netherlands,1.78,70.0,22.09,Warmond,22,finished,46,10320,198,GC,24,NL,Team Picnic PostNL,,,8:00,480,10446
19,RR,25 July 2025,Albertville,La Plagne,93.1,3431,340,33.63,13 km solo,Rubio Einer,https://www.procyclingstats.com/rider/einer-rubio,1998-02-22,1998,Colombia,1.64,56.0,20.82,Chíquiza,23,finished,33,8516,148,Climber,27,CO,Movistar Team,,,9:35,575,10541
19,RR,25 July 2025,Albertville,La Plagne,93.1,3431,340,33.63,13 km solo,Scotson Callum,https://www.procyclingstats.com/rider/callum-scotson,1996-08-10,1996,Australia,1.83,77.0,22.99,Campbelltown,24,finished,27,7827,157,GC,28,AU,Decathlon AG2R La Mondiale Team,,,10:31,631,10597
19,RR,25 July 2025,Albertville,La Plagne,93.1,3431,340,33.63,13 km solo,García Pierna Raúl,https://www.procyclingstats.com/rider/raul-garcia-pierna,2001-02-23,2001,Spain,1.75,67.0,21.88,Tres Cantos,25,finished,29,8158,135,Climber,24,ES,Arkéa - B&B Hotels,,,11:51,711,10677
19,RR,25 July 2025,Albertville,La Plagne,93.1,3431,340,33.63,13 km solo,Costiou Ewen,https://www.procyclingstats.com/rider/ewen-costiou,2002-11-10,2002,France,1.76,64.0,20.66,Brest,26,finished,57,11394,133,GC,22,FR,Arkéa - B&B Hotels,,,11:58,718,10684
19,RR,25 July 2025,Albertville,La Plagne,93.1,3431,340,33.63,13 km solo,Roglič Primož,https://www.procyclingstats.com/rider/primoz-roglic,1989-10-29,1989,Slovenia,1.77,65.0,20.75,Trbovlje,27,finished,8,1530,71,Climber,35,SI,Red Bull - BORA - hansgrohe,,,12:39,759,10725
19,RR,25 July 2025,Albertville,La Plagne,93.1,3431,340,33.63,13 km solo,Vlasov Aleksandr,https://www.procyclingstats.com/rider/aleksandr-vlasov,1996-04-23,1996,Russia,1.86,68.0,19.66,Vyborg,28,finished,25,7262,78,Climber,29,RU,Red Bull - BORA - hansgrohe,,,",,",759,10725
19,RR,25 July 2025,Albertville,La Plagne,93.1,3431,340,33.63,13 km solo,Soler Marc,https://www.procyclingstats.com/rider/marc-soler,1993-11-22,1993,Spain,1.86,68.0,19.66,Vilanova i la Geltrú,29,finished,31,8461,6,Climber,31,ES,UAE Team Emirates - XRG,,,14:06,846,10812
19,RR,25 July 2025,Albertville,La Plagne,93.1,3431,340,33.63,13 km solo,Yates Adam,https://www.procyclingstats.com/rider/adam-yates,1992-08-07,1992,Great Britain,1.73,58.0,19.38,Bury,30,finished,19,5608,8,Climber,32,GB,UAE Team Emirates - XRG,,,",,",846,10812
19,RR,25 July 2025,Albertville,La Plagne,93.1,3431,340,33.63,13 km solo,Sweeny Harry,https://www.procyclingstats.com/rider/harry-sweeny,1998-07-09,1998,Australia,1.86,75.0,21.68,Warwick,31,finished,37,9238,36,GC,27,AU,EF Education - EasyPost,,,14:57,897,10863
19,RR,25 July 2025,Albertville,La Plagne,93.1,3431,340,33.63,13 km solo,Armirail Bruno,https://www.procyclingstats.com/rider/bruno-armirail,1994-04-11,1994,France,1.9,72.0,19.94,Bagnères-de-Bigorre,32,finished,51,10745,152,TT,31,FR,Decathlon AG2R La Mondiale Team,,,15:13,913,10879
19,RR,25 July 2025,Albertville,La Plagne,93.1,3431,340,33.63,13 km solo,Powless Neilson,https://www.procyclingstats.com/rider/neilson-powless,1996-09-03,1996,United States,1.83,67.0,20.01,Eglin,33,finished,49,10732,35,Classic,28,US,EF Education - EasyPost,,,",,",913,10879
19,RR,25 July 2025,Albertville,La Plagne,93.1,3431,340,33.63,13 km solo,Meurisse Xandro,https://www.procyclingstats.com/rider/xandro-meurisse,1992-01-31,1992,Belgium,1.81,68.0,20.76,Kortrijk,34,finished,24,6226,104,GC,33,BE,Alpecin - Deceuninck,,,15:23,923,10889
19,RR,25 July 2025,Albertville,La Plagne,93.1,3431,340,33.63,13 km solo,Martin Guillaume,https://www.procyclingstats.com/rider/guillaume-martin,1993-06-09,1993,France,1.73,55.0,18.38,Paris,35,finished,17,4687,91,Climber,32,FR,Groupama - FDJ,,,",,",923,10889
19,RR,25 July 2025,Albertville,La Plagne,93.1,3431,340,33.63,13 km solo,Rodríguez Cristián,https://www.procyclingstats.com/rider/cristian-rodriguez,1995-03-03,1995,Spain,1.78,59.0,18.62,El Ejido,36,finished,21,5775,137,GC,30,ES,Arkéa - B&B Hotels,,,",,",923,10889
19,RR,25 July 2025,Albertville,La Plagne,93.1,3431,340,33.63,13 km solo,Kuss Sepp,https://www.procyclingstats.com/rider/sepp-kuss,1994-09-13,1994,United States,1.82,61.0,18.42,Durango,37,finished,14,3911,16,Climber,30,US,Team Visma | Lease a Bike,,,",,",923,10889
19,RR,25 July 2025,Albertville,La Plagne,93.1,3431,340,33.63,13 km solo,Velasco Simone,https://www.procyclingstats.com/rider/simone-velasco,1995-12-02,1995,Italy,1.7,59.0,20.42,Bologna,38,finished,42,10051,178,Classic,29,IT,XDS Astana Team,,,",,",923,10889
19,RR,25 July 2025,Albertville,La Plagne,93.1,3431,340,33.63,13 km solo,Valgren Michael,https://www.procyclingstats.com/rider/michael-valgren-andersen,1992-02-07,1992,Denmark,1.79,71.0,22.16,Østerild,39,finished,62,12108,37,Classic,33,DK,EF Education - EasyPost,,,",,",923,10889
19,RR,25 July 2025,Albertville,La Plagne,93.1,3431,340,33.63,13 km solo,Foss Tobias,https://www.procyclingstats.com/rider/tobias-foss,1997-05-25,1997,Norway,1.84,74.0,21.86,Vingrom,40,finished,73,12915,63,TT,28,NO,INEOS Grenadiers,,,15:49,949,10915
19,RR,25 July 2025,Albertville,La Plagne,93.1,3431,340,33.63,13 km solo,Verstrynge Emiel,https://www.procyclingstats.com/rider/emiel-verstrynge,2002-02-04,2002,Belgium,1.89,69.0,19.32,Eeklo,41,finished,60,11568,108,Climber,23,BE,Alpecin - Deceuninck,,,16:05,965,10931
19,RR,25 July 2025,Albertville,La Plagne,93.1,3431,340,33.63,13 km solo,Wellens Tim,https://www.procyclingstats.com/rider/tim-wellens,1991-05-10,1991,Belgium,1.82,71.0,21.43,Sint-Truiden,42,finished,40,9864,7,GC,34,BE,UAE Team Emirates - XRG,,,16:18,978,10944
19,RR,25 July 2025,Albertville,La Plagne,93.1,3431,340,33.63,13 km solo,Pacher Quentin,https://www.procyclingstats.com/rider/quentin-pacher,1992-01-06,1992,France,1.79,62.0,19.35,Libourne,43,finished,39,9647,96,Hills,33,FR,Groupama - FDJ,,,17:51,1071,11037
19,RR,25 July 2025,Albertville,La Plagne,93.1,3431,340,33.63,13 km solo,Johannessen Anders Halland,https://www.procyclingstats.com/rider/anders-halland-johannessen,1999-08-23,1999,Norway,1.76,,,Drøbak,44,finished,81,13562,226,GC,25,NO,Uno-X Mobility,,,18:40,1120,11086
19,RR,25 July 2025,Albertville,La Plagne,93.1,3431,340,33.63,13 km solo,Leknessund Andreas,https://www.procyclingstats.com/rider/andreas-leknessund,1999-05-21,1999,Norway,1.86,72.0,20.81,Tromsø,45,finished,61,11684,227,GC,26,NO,Uno-X Mobility,,,",,",1120,11086
19,RR,25 July 2025,Albertville,La Plagne,93.1,3431,340,33.63,13 km solo,Rickaert Jonas,https://www.procyclingstats.com/rider/jonas-rickaert,1994-02-07,1994,Belgium,1.9,88.0,24.38,Sint-Eloois-Vijve,46,finished,93,14164,105,Classic,31,BE,Alpecin - Deceuninck,,,21:30,1290,11256
19,RR,25 July 2025,Albertville,La Plagne,93.1,3431,340,33.63,13 km solo,Laurance Axel,https://www.procyclingstats.com/rider/axel-laurance,2001-04-13,2001,France,1.79,63.0,19.66,Calan,47,finished,58,11410,65,Hills,24,FR,INEOS Grenadiers,,,21:37,1297,11263
19,RR,25 July 2025,Albertville,La Plagne,93.1,3431,340,33.63,13 km solo,Jorgenson Matteo,https://www.procyclingstats.com/rider/matteo-jorgenson,1999-07-01,1999,United States,1.9,69.0,19.11,Walnut Creek,48,finished,20,5728,15,GC,26,US,Team Visma | Lease a Bike,,,22:25,1345,11311
19,RR,25 July 2025,Albertville,La Plagne,93.1,3431,340,33.63,13 km solo,Abrahamsen Jonas,https://www.procyclingstats.com/rider/jonas-abrahamsen,1995-09-20,1995,Norway,1.83,78.0,23.29,Skien,49,finished,75,12981,222,Classic,29,NO,Uno-X Mobility,,,",,",1345,11311
19,RR,25 July 2025,Albertville,La Plagne,93.1,3431,340,33.63,13 km solo,Politt Nils,https://www.procyclingstats.com/rider/nils-politt,1994-03-06,1994,Germany,1.92,80.0,21.7,Cologne,50,finished,80,13485,4,Classic,31,DE,UAE Team Emirates - XRG,,,",,",1345,11311
19,RR,25 July 2025,Albertville,La Plagne,93.1,3431,340,33.63,13 km solo,Haller Marco,https://www.procyclingstats.com/rider/marco-haller,1991-04-01,1991,Austria,1.78,72.0,22.72,Sankt Veit an der Glan,51,finished,84,13659,113,Classic,34,AT,Tudor Pro Cycling Team,,,",,",1345,11311
19,RR,25 July 2025,Albertville,La Plagne,93.1,3431,340,33.63,13 km solo,Oliveira Nelson,https://www.procyclingstats.com/rider/nelson-oliveira,1989-03-06,1989,Portugal,1.8,67.0,20.68,Anadia,52,finished,65,12340,144,TT,36,PT,Movistar Team,,,",,",1345,11311
19,RR,25 July 2025,Albertville,La Plagne,93.1,3431,340,33.63,13 km solo,Naesen Oliver,https://www.procyclingstats.com/rider/oliver-naesen,1990-09-16,1990,Belgium,1.84,74.0,21.86,Oostende,53,finished,77,13168,155,Classic,34,BE,Decathlon AG2R La Mondiale Team,,,",,",1345,11311
19,RR,25 July 2025,Albertville,La Plagne,93.1,3431,340,33.63,13 km solo,Teuns Dylan,https://www.procyclingstats.com/rider/dylan-teuns,1992-03-01,1992,Belgium,1.81,64.0,19.54,Diest,54,finished,92,14148,166,GC,33,BE,Cofidis,,,",,",1345,11311
19,RR,25 July 2025,Albertville,La Plagne,93.1,3431,340,33.63,13 km solo,Berckmoes Jenno,https://www.procyclingstats.com/rider/jenno-berckmoes,2001-02-04,2001,Belgium,1.77,61.0,19.47,Ghent,55,finished,69,12792,212,Classic,24,BE,Lotto,,,",,",1345,11311
19,RR,25 July 2025,Albertville,La Plagne,93.1,3431,340,33.63,13 km solo,Barguil Warren,https://www.procyclingstats.com/rider/warren-barguil,1991-10-28,1991,France,1.83,61.0,18.21,Hennebont,56,finished,23,6116,192,Climber,33,FR,Team Picnic PostNL,,,",,",1345,11311
19,RR,25 July 2025,Albertville,La Plagne,93.1,3431,340,33.63,13 km solo,Gachignard Thomas,https://www.procyclingstats.com/rider/thomas-gachignard,2000-08-17,2000,France,,,,Niort,57,finished,63,12194,184,GC,24,FR,TotalEnergies,,,",,",1345,11311
19,RR,25 July 2025,Albertville,La Plagne,93.1,3431,340,33.63,13 km solo,Buchmann Emanuel,https://www.procyclingstats.com/rider/emanuel-buchmann,1992-11-18,1992,Germany,1.8,59.0,18.21,Ravensburg,58,finished,32,8494,161,GC,32,DE,Cofidis,,,",,",1345,11311
19,RR,25 July 2025,Albertville,La Plagne,93.1,3431,340,33.63,13 km solo,Le Berre Mathis,https://www.procyclingstats.com/rider/mathis-le-berre,2001-04-16,2001,France,1.76,68.0,21.95,Saint-Brieuc,59,finished,64,12328,136,Hills,24,FR,Arkéa - B&B Hotels,,,",,",1345,11311
19,RR,25 July 2025,Albertville,La Plagne,93.1,3431,340,33.63,13 km solo,Storer Michael,https://www.procyclingstats.com/rider/michael-storer,1997-02-28,1997,Australia,1.77,63.0,20.11,Perth,60,finished,44,10251,117,Climber,28,AU,Tudor Pro Cycling Team,,,",,",1345,11311
19,RR,25 July 2025,Albertville,La Plagne,93.1,3431,340,33.63,13 km solo,Tronchon Bastien,https://www.procyclingstats.com/rider/bastien-tronchon,2002-03-29,2002,France,1.85,72.0,21.04,Chambéry,61,finished,82,13596,158,Classic,23,FR,Decathlon AG2R La Mondiale Team,,,",,",1345,11311
19,RR,25 July 2025,Albertville,La Plagne,93.1,3431,340,33.63,13 km solo,Barta Will,https://www.procyclingstats.com/rider/william-barta,1996-01-04,1996,United States,1.8,61.0,18.83,Boise,62,finished,99,14694,142,TT,29,US,Movistar Team,,,",,",1345,11311
19,RR,25 July 2025,Albertville,La Plagne,93.1,3431,340,33.63,13 km solo,Baudin Alex,https://www.procyclingstats.com/rider/alex-baudin,2001-05-25,2001,France,1.83,64.0,19.11,Albertville,63,finished,43,10202,34,Climber,24,FR,EF Education - EasyPost,,,",,",1345,11311
19,RR,25 July 2025,Albertville,La Plagne,93.1,3431,340,33.63,13 km solo,Venturini Clément,https://www.procyclingstats.com/rider/clement-venturini,1993-10-16,1993,France,1.65,60.0,22.04,Villeurbanne,64,finished,47,10359,138,Classic,31,FR,Arkéa - B&B Hotels,,,",,",1345,11311
19,RR,25 July 2025,Albertville,La Plagne,93.1,3431,340,33.63,13 km solo,Vermeersch Gianni,https://www.procyclingstats.com/rider/gianni-vermeersch,1992-11-19,1992,Belgium,1.73,68.0,22.72,Roeselare,65,finished,96,14444,107,Classic,32,BE,Alpecin - Deceuninck,,,",,",1345,11311
19,RR,25 July 2025,Albertville,La Plagne,93.1,3431,340,33.63,13 km solo,Thomas Geraint,https://www.procyclingstats.com/rider/geraint-thomas,1986-05-25,1986,Great Britain,1.83,71.0,21.2,Cardiff,66,finished,52,10784,61,GC,39,GB,INEOS Grenadiers,,,",,",1345,11311
19,RR,25 July 2025,Albertville,La Plagne,93.1,3431,340,33.63,13 km solo,Plapp Luke,https://www.procyclingstats.com/rider/luke-plapp,2000-12-25,2000,Australia,1.81,72.0,21.98,Melbourne,67,finished,116,16849,126,GC,24,AU,Team Jayco AlUla,,,",,",1345,11311
19,RR,25 July 2025,Albertville,La Plagne,93.1,3431,340,33.63,13 km solo,Van Wilder Ilan,https://www.procyclingstats.com/rider/ilan-van-wilder,2000-05-14,2000,Belgium,1.71,64.0,21.89,Jette,68,finished,34,8594,28,GC,25,BE,Soudal Quick-Step,,,23:02,1382,11348
19,RR,25 July 2025,Albertville,La Plagne,93.1,3431,340,33.63,13 km solo,Hirschi Marc,https://www.procyclingstats.com/rider/marc-hirschi,1998-08-24,1998,Switzerland,1.74,61.0,20.15,Bern,69,finished,86,13717,114,Classic,26,CH,Tudor Pro Cycling Team,,,",,",1382,11348
19,RR,25 July 2025,Albertville,La Plagne,93.1,3431,340,33.63,13 km solo,Alaphilippe Julian,https://www.procyclingstats.com/rider/julian-alaphilippe,1992-06-11,1992,France,1.73,62.0,20.72,Saint-Amand-Montrond,70,finished,45,10295,111,Classic,33,FR,Tudor Pro Cycling Team,,,23:05,1385,11351
19,RR,25 July 2025,Albertville,La Plagne,93.1,3431,340,33.63,13 km solo,Vercher Mattéo,https://www.procyclingstats.com/rider/matheo-vercher,2001-01-26,2001,France,1.71,,,Lyon,71,finished,126,17468,188,Hills,24,FR,TotalEnergies,,,",,",1385,11351
19,RR,25 July 2025,Albertville,La Plagne,93.1,3431,340,33.63,13 km solo,Madouas Valentin,https://www.procyclingstats.com/rider/valentin-madouas,1996-07-12,1996,France,1.79,71.0,22.16,Brest,72,finished,22,5986,95,Classic,29,FR,Groupama - FDJ,,,23:25,1405,11371
19,RR,25 July 2025,Albertville,La Plagne,93.1,3431,340,33.63,13 km solo,Sivakov Pavel,https://www.procyclingstats.com/rider/pavel-sivakov,1997-07-11,1997,France,1.88,70.0,19.81,San Donà di Piave Previous nationalities Russia until 2022,73,finished,68,12754,5,GC,28,FR,UAE Team Emirates - XRG,,,",,",1405,11371
19,RR,25 July 2025,Albertville,La Plagne,93.1,3431,340,33.63,13 km solo,Grégoire Romain,https://www.procyclingstats.com/rider/romain-gregoire,2003-01-21,2003,France,1.76,64.0,20.66,Besançon,74,finished,36,9118,94,Classic,22,FR,Groupama - FDJ,,,",,",1405,11371
19,RR,25 July 2025,Albertville,La Plagne,93.1,3431,340,33.63,13 km solo,Delettre Alexandre,https://www.procyclingstats.com/rider/alexandre-delettre,1997-10-25,1997,France,1.7,62.0,21.45,Gonesse,75,finished,59,11548,183,Classic,27,FR,TotalEnergies,,,",,",1405,11371
19,RR,25 July 2025,Albertville,La Plagne,93.1,3431,340,33.63,13 km solo,Benoot Tiesj,https://www.procyclingstats.com/rider/tiesj-benoot,1994-03-11,1994,Belgium,1.9,72.0,19.94,Ghent,76,finished,48,10506,13,Classic,31,BE,Team Visma | Lease a Bike,,,",,",1405,11371
19,RR,25 July 2025,Albertville,La Plagne,93.1,3431,340,33.63,13 km solo,Buitrago Santiago,https://www.procyclingstats.com/rider/santiago-buitrago-sanchez,1999-09-26,1999,Colombia,1.74,59.0,19.49,Bogotá,77,finished,35,9035,51,Climber,25,CO,Bahrain - Victorious,,,",,",1405,11371
19,RR,25 July 2025,Albertville,La Plagne,93.1,3431,340,33.63,13 km solo,Burgaudeau Mathieu,https://www.procyclingstats.com/rider/mathieu-burgaudeau,1998-11-17,1998,France,1.68,61.0,21.61,Noirmoutier-en-l'Île,78,finished,54,11073,182,Hills,26,FR,TotalEnergies,,,",,",1405,11371
19,RR,25 July 2025,Albertville,La Plagne,93.1,3431,340,33.63,13 km solo,Swift Connor,https://www.procyclingstats.com/rider/connor-swift,1995-10-30,1995,Great Britain,1.9,75.0,20.78,Thorne,79,finished,107,15525,67,Classic,29,GB,INEOS Grenadiers,,,",,",1405,11371
19,RR,25 July 2025,Albertville,La Plagne,93.1,3431,340,33.63,13 km solo,Woods Michael,https://www.procyclingstats.com/rider/michael-woods,1986-10-12,1986,Canada,1.75,62.0,20.24,Toronto,80,finished,56,11219,201,Climber,38,CA,Israel - Premier Tech,,,",,",1405,11371
19,RR,25 July 2025,Albertville,La Plagne,93.1,3431,340,33.63,13 km solo,Simmons Quinn,https://www.procyclingstats.com/rider/quinn-simmons,2001-05-08,2001,United States,1.85,73.0,21.33,Durango,81,finished,53,10952,84,Hills,24,US,Lidl - Trek,,,23:38,1418,11384
19,RR,25 July 2025,Albertville,La Plagne,93.1,3431,340,33.63,13 km solo,Pithie Laurence,https://www.procyclingstats.com/rider/laurence-pithie,2002-07-17,2002,New Zealand,1.85,74.0,21.62,Christchurch,82,finished,90,14084,75,Classic,23,NZ,Red Bull - BORA - hansgrohe,,,",,",1418,11384
19,RR,25 July 2025,Albertville,La Plagne,93.1,3431,340,33.63,13 km solo,Stuyven Jasper,https://www.procyclingstats.com/rider/jasper-stuyven,1992-04-17,1992,Belgium,1.87,80.0,22.88,Leuven,83,finished,66,12371,87,Classic,33,BE,Lidl - Trek,,,23:44,1424,11390
19,RR,25 July 2025,Albertville,La Plagne,93.1,3431,340,33.63,13 km solo,Groves Kaden,https://www.procyclingstats.com/rider/kaden-groves,1998-12-23,1998,Australia,1.76,76.0,24.54,Gympie,84,finished,95,14443,103,Hills,26,AU,Alpecin - Deceuninck,,,",,",1424,11390
19,RR,25 July 2025,Albertville,La Plagne,93.1,3431,340,33.63,13 km solo,Izagirre Ion,https://www.procyclingstats.com/rider/ion-izagirre,1989-02-04,1989,Spain,1.73,60.0,20.05,Ormaiztegi,85,finished,72,12902,164,GC,36,ES,Cofidis,,,24:22,1462,11428
19,RR,25 July 2025,Albertville,La Plagne,93.1,3431,340,33.63,13 km solo,Rutsch Jonas,https://www.procyclingstats.com/rider/jonas-rutsch,1998-01-24,1998,Germany,1.97,82.0,21.13,Erbach im Odenwald,86,finished,124,17362,46,Classic,27,DE,Intermarché - Wanty,,,25:48,1548,11514
19,RR,25 July 2025,Albertville,La Plagne,93.1,3431,340,33.63,13 km solo,Teunissen Mike,https://www.procyclingstats.com/rider/mike-teunissen,1992-08-25,1992,Netherlands,1.84,73.0,21.56,Ysselsteyn,87,finished,87,13768,177,Classic,32,NL,XDS Astana Team,,,26:30,1590,11556
19,RR,25 July 2025,Albertville,La Plagne,93.1,3431,340,33.63,13 km solo,Touzé Damien,https://www.procyclingstats.com/rider/damien-touze,1996-07-07,1996,France,1.74,69.0,22.79,Iville,88,finished,97,14508,168,Classic,29,FR,Cofidis,,,27:24,1644,11610
19,RR,25 July 2025,Albertville,La Plagne,93.1,3431,340,33.63,13 km solo,Penhoët Paul,https://www.procyclingstats.com/rider/paul-penhoet,2001-12-28,2001,France,1.73,64.0,21.38,Clamart,89,finished,111,16171,97,Classic,23,FR,Groupama - FDJ,,,",,",1644,11610
19,RR,25 July 2025,Albertville,La Plagne,93.1,3431,340,33.63,13 km solo,Russo Clément,https://www.procyclingstats.com/rider/clement-russo,1995-01-20,1995,France,1.87,74.0,21.16,Lyon,90,finished,91,14131,98,Classic,30,FR,Groupama - FDJ,,,27:45,1665,11631
19,RR,25 July 2025,Albertville,La Plagne,93.1,3431,340,33.63,13 km solo,Asgreen Kasper,https://www.procyclingstats.com/rider/kasper-asgreen,1995-02-08,1995,Denmark,1.93,75.0,20.13,Kolding,91,finished,94,14305,33,TT,30,DK,EF Education - EasyPost,,,27:47,1667,11633
19,RR,25 July 2025,Albertville,La Plagne,93.1,3431,340,33.63,13 km solo,Trentin Matteo,https://www.procyclingstats.com/rider/matteo-trentin,1989-08-02,1989,Italy,1.79,74.0,23.1,Borgo Valsugana,92,finished,105,15454,118,Classic,35,IT,Tudor Pro Cycling Team,,,28:38,1718,11684
19,RR,25 July 2025,Albertville,La Plagne,93.1,3431,340,33.63,13 km solo,Albanese Vincenzo,https://www.procyclingstats.com/rider/vincenzo-albanese,1996-11-12,1996,Italy,1.75,70.0,22.86,Oliveto Citra,93,finished,109,15995,32,Hills,28,IT,EF Education - EasyPost,,,",,",1718,11684
19,RR,25 July 2025,Albertville,La Plagne,93.1,3431,340,33.63,13 km solo,Van Moer Brent,https://www.procyclingstats.com/rider/brent-van-moer,1998-01-12,1998,Belgium,1.91,79.0,21.66,Beveren,94,finished,83,13626,218,Classic,27,BE,Lotto,,,",,",1718,11684
19,RR,25 July 2025,Albertville,La Plagne,93.1,3431,340,33.63,13 km solo,Schmid Mauro,https://www.procyclingstats.com/rider/mauro-schmid,1999-12-04,1999,Switzerland,1.87,70.0,20.02,Bülach,95,finished,103,15240,128,Hills,25,CH,Team Jayco AlUla,,,",,",1718,11684
19,RR,25 July 2025,Albertville,La Plagne,93.1,3431,340,33.63,13 km solo,Eenkhoorn Pascal,https://www.procyclingstats.com/rider/pascal-eenkhoorn,1997-02-08,1997,Netherlands,1.85,72.0,21.04,Zwolle,96,finished,55,11194,23,Classic,28,NL,Soudal Quick-Step,,,",,",1718,11684
19,RR,25 July 2025,Albertville,La Plagne,93.1,3431,340,33.63,13 km solo,van Dijke Mick,https://www.procyclingstats.com/rider/mick-van-dijke,2000-03-15,2000,Netherlands,1.9,74.0,20.5,Goes,97,finished,121,17210,76,Classic,25,NL,Red Bull - BORA - hansgrohe,,,",,",1718,11684
19,RR,25 July 2025,Albertville,La Plagne,93.1,3431,340,33.63,13 km solo,Dillier Silvan,https://www.procyclingstats.com/rider/silvan-dillier,1990-08-03,1990,Switzerland,1.83,75.0,22.4,Aarau,98,finished,127,17547,102,Classic,34,CH,Alpecin - Deceuninck,,,",,",1718,11684
19,RR,25 July 2025,Albertville,La Plagne,93.1,3431,340,33.63,13 km solo,García Cortina Iván,https://www.procyclingstats.com/rider/ivan-garcia-cortina,1995-11-20,1995,Spain,1.83,77.0,22.99,Gijón,99,finished,114,16673,145,Classic,29,ES,Movistar Team,,,",,",1718,11684
19,RR,25 July 2025,Albertville,La Plagne,93.1,3431,340,33.63,13 km solo,Schachmann Maximilian,https://www.procyclingstats.com/rider/maximilian-schachmann,1994-01-09,1994,Germany,1.83,71.0,21.2,Berlin,100,finished,71,12901,26,GC,31,DE,Soudal Quick-Step,,,",,",1718,11684
19,RR,25 July 2025,Albertville,La Plagne,93.1,3431,340,33.63,13 km solo,Wright Fred,https://www.procyclingstats.com/rider/alfred-wright,1999-06-13,1999,Great Britain,1.84,75.0,22.15,London,101,finished,101,14859,58,Hills,26,GB,Bahrain - Victorious,,,",,",1718,11684
19,RR,25 July 2025,Albertville,La Plagne,93.1,3431,340,33.63,13 km solo,Bittner Pavel,https://www.procyclingstats.com/rider/pavel-bittner,2002-10-29,2002,Czech Republic,1.84,73.0,21.56,Olomouc,102,finished,129,17759,193,Sprint,22,CZ,Team Picnic PostNL,,,",,",1718,11684
19,RR,25 July 2025,Albertville,La Plagne,93.1,3431,340,33.63,13 km solo,Märkl Niklas,https://www.procyclingstats.com/rider/niklas-markl,1999-03-03,1999,Germany,1.85,70.0,20.45,Queidersbach,103,finished,108,15878,196,Sprint,26,DE,Team Picnic PostNL,,,",,",1718,11684
19,RR,25 July 2025,Albertville,La Plagne,93.1,3431,340,33.63,13 km solo,Ackermann Pascal,https://www.procyclingstats.com/rider/pascal-ackermann,1994-01-17,1994,Germany,1.8,78.0,24.07,Kandel,104,finished,122,17292,202,Sprint,31,DE,Israel - Premier Tech,,,",,",1718,11684
19,RR,25 July 2025,Albertville,La Plagne,93.1,3431,340,33.63,13 km solo,Champoussin Clément,https://www.procyclingstats.com/rider/clement-champoussin,1998-05-29,1998,France,1.8,61.0,18.83,Nice,105,finished,74,12962,174,Climber,27,FR,XDS Astana Team,,,",,",1718,11684
19,RR,25 July 2025,Albertville,La Plagne,93.1,3431,340,33.63,13 km solo,Barré Louis,https://www.procyclingstats.com/rider/louis-barre,2000-04-06,2000,France,1.84,68.0,20.09,Nantes,106,finished,88,13894,42,Classic,25,FR,Intermarché - Wanty,,,",,",1718,11684
19,RR,25 July 2025,Albertville,La Plagne,93.1,3431,340,33.63,13 km solo,Romeo Iván,https://www.procyclingstats.com/rider/ivan-romeo,2003-08-16,2003,Spain,1.93,75.0,20.13,Valladolid,107,finished,106,15500,147,GC,21,ES,Movistar Team,,,",,",1718,11684
19,RR,25 July 2025,Albertville,La Plagne,93.1,3431,340,33.63,13 km solo,Castrillo Pablo,https://www.procyclingstats.com/rider/pablo-castrillo-zapater,2001-01-02,2001,Spain,1.83,74.0,22.1,Jaca,108,finished,110,16042,143,Climber,24,ES,Movistar Team,,,",,",1718,11684
19,RR,25 July 2025,Albertville,La Plagne,93.1,3431,340,33.63,13 km solo,Flynn Sean,https://www.procyclingstats.com/rider/sean-flynn,2000-03-02,2000,Great Britain,1.77,67.0,21.39,Edinburgh,109,finished,130,17788,194,GC,25,GB,Team Picnic PostNL,,,",,",1718,11684
19,RR,25 July 2025,Albertville,La Plagne,93.1,3431,340,33.63,13 km solo,Watson Samuel,https://www.procyclingstats.com/rider/samuel-watson,2001-09-24,2001,Great Britain,1.88,68.0,19.24,Leeds,110,finished,125,17414,68,Hills,23,GB,INEOS Grenadiers,,,",,",1718,11684
19,RR,25 July 2025,Albertville,La Plagne,93.1,3431,340,33.63,13 km solo,Andresen Tobias Lund,https://www.procyclingstats.com/rider/tobias-lund-andresen,2002-08-20,2002,Denmark,1.81,69.0,21.06,Taastrup,111,finished,100,14811,195,Classic,22,DK,Team Picnic PostNL,,,",,",1718,11684
19,RR,25 July 2025,Albertville,La Plagne,93.1,3431,340,33.63,13 km solo,Louvel Matis,https://www.procyclingstats.com/rider/matis-louvel,1999-07-19,1999,France,1.87,77.0,22.02,Mont Saint Aignan,112,finished,102,15181,205,Classic,26,FR,Israel - Premier Tech,,,29:19,1759,11725
19,RR,25 July 2025,Albertville,La Plagne,93.1,3431,340,33.63,13 km solo,Turgis Anthony,https://www.procyclingstats.com/rider/anthony-turgis,1994-05-16,1994,France,1.78,70.0,22.09,Bourg-la-Reine,113,finished,112,16318,187,Classic,31,FR,TotalEnergies,,,",,",1759,11725
19,RR,25 July 2025,Albertville,La Plagne,93.1,3431,340,33.63,13 km solo,Thomas Benjamin,https://www.procyclingstats.com/rider/benjamin-thomas-2,1995-09-12,1995,France,1.79,68.0,21.22,Lavaur,114,finished,153,19171,167,TT,29,FR,Cofidis,,,29:23,1763,11729
19,RR,25 July 2025,Albertville,La Plagne,93.1,3431,340,33.63,13 km solo,Stannard Robert,https://www.procyclingstats.com/rider/robert-stannard,1998-09-16,1998,Australia,1.79,74.0,23.1,Sydney Previous nationalities New Zealand until 2016,115,finished,119,16905,57,Hills,26,AU,Bahrain - Victorious,,,29:24,1764,11730
19,RR,25 July 2025,Albertville,La Plagne,93.1,3431,340,33.63,13 km solo,Capiot Amaury,https://www.procyclingstats.com/rider/amaury-capiot,1993-06-25,1993,Belgium,1.86,69.0,19.94,Tongeren,116,finished,133,18053,132,Classic,32,BE,Arkéa - B&B Hotels,,,",,",1764,11730
19,RR,25 July 2025,Albertville,La Plagne,93.1,3431,340,33.63,13 km solo,Mayrhofer Marius,https://www.procyclingstats.com/rider/marius-mayrhofer,2000-09-18,2000,Germany,1.82,70.0,21.13,Tübingen,117,finished,89,13998,116,Hills,24,DE,Tudor Pro Cycling Team,,,29:32,1772,11738
19,RR,25 July 2025,Albertville,La Plagne,93.1,3431,340,33.63,13 km solo,Milan Jonathan,https://www.procyclingstats.com/rider/jonathan-milan,2000-10-01,2000,Italy,1.94,84.0,22.32,Tolmezzo,118,finished,145,18830,81,Sprint,24,IT,Lidl - Trek,,,",,",1772,11738
19,RR,25 July 2025,Albertville,La Plagne,93.1,3431,340,33.63,13 km solo,Affini Edoardo,https://www.procyclingstats.com/rider/edoardo-affini,1996-06-24,1996,Italy,1.9,85.0,23.55,Mantua,119,finished,115,16780,12,TT,29,IT,Team Visma | Lease a Bike,,,",,",1772,11738
19,RR,25 July 2025,Albertville,La Plagne,93.1,3431,340,33.63,13 km solo,Neilands Krists,https://www.procyclingstats.com/rider/krists-neilands,1994-08-18,1994,Latvia,1.89,69.0,19.32,Kuldīga,120,finished,85,13692,207,Classic,30,LV,Israel - Premier Tech,,,",,",1772,11738
19,RR,25 July 2025,Albertville,La Plagne,93.1,3431,340,33.63,13 km solo,Démare Arnaud,https://www.procyclingstats.com/rider/arnaud-demare,1991-08-26,1991,France,1.81,76.0,23.2,Beauvais,121,finished,152,19130,134,Classic,33,FR,Arkéa - B&B Hotels,,,",,",1772,11738
19,RR,25 July 2025,Albertville,La Plagne,93.1,3431,340,33.63,13 km solo,Fedorov Yevgeniy,https://www.procyclingstats.com/rider/yevgeniy-fedorov,2000-02-16,2000,Kazakhstan,1.93,80.0,21.48,Aktobe,122,finished,157,19351,175,Classic,25,KZ,XDS Astana Team,,,",,",1772,11738
19,RR,25 July 2025,Albertville,La Plagne,93.1,3431,340,33.63,13 km solo,Lutsenko Alexey,https://www.procyclingstats.com/rider/aleksey-lutsenko,1992-09-07,1992,Kazakhstan,1.74,74.0,24.44,Petropavl,123,finished,76,13087,206,GC,32,KZ,Israel - Premier Tech,,,",,",1772,11738
19,RR,25 July 2025,Albertville,La Plagne,93.1,3431,340,33.63,13 km solo,Blackmore Joseph,https://www.procyclingstats.com/rider/joseph-blackmore,2003-02-23,2003,Great Britain,1.81,66.0,20.15,Sidcup,124,finished,50,10744,203,GC,22,GB,Israel - Premier Tech,,,",,",1772,11738
19,RR,25 July 2025,Albertville,La Plagne,93.1,3431,340,33.63,13 km solo,van Aert Wout,https://www.procyclingstats.com/rider/wout-van-aert,1994-09-15,1994,Belgium,1.9,78.0,21.61,Herentals,125,finished,70,12846,17,Classic,30,BE,Team Visma | Lease a Bike,,,",,",1772,11738
19,RR,25 July 2025,Albertville,La Plagne,93.1,3431,340,33.63,13 km solo,Rex Laurenz,https://www.procyclingstats.com/rider/laurenz-rex,1999-12-15,1999,Belgium,1.93,83.0,22.28,Marburg,126,finished,138,18451,45,Classic,25,BE,Intermarché - Wanty,,,",,",1772,11738
19,RR,25 July 2025,Albertville,La Plagne,93.1,3431,340,33.63,13 km solo,Hoelgaard Markus,https://www.procyclingstats.com/rider/markus-hoelgaard,1994-10-04,1994,Norway,1.88,74.0,20.94,Stavanger,127,finished,67,12389,225,Classic,30,NO,Uno-X Mobility,,,",,",1772,11738
19,RR,25 July 2025,Albertville,La Plagne,93.1,3431,340,33.63,13 km solo,Braet Vito,https://www.procyclingstats.com/rider/vito-braet,2000-11-02,2000,Belgium,1.84,68.0,20.09,Hulste,128,finished,141,18619,43,Classic,24,BE,Intermarché - Wanty,,,",,",1772,11738
19,RR,25 July 2025,Albertville,La Plagne,93.1,3431,340,33.63,13 km solo,Aranburu Alex,https://www.procyclingstats.com/rider/alex-aranburu,1995-09-19,1995,Spain,1.78,63.0,19.88,Ezkio-Itsaso,129,finished,79,13396,162,Classic,29,ES,Cofidis,,,",,",1772,11738
19,RR,25 July 2025,Albertville,La Plagne,93.1,3431,340,33.63,13 km solo,Bauhaus Phil,https://www.procyclingstats.com/rider/phil-bauhaus,1994-07-08,1994,Germany,1.84,75.0,22.15,Bocholt,130,finished,150,19064,52,Sprint,31,DE,Bahrain - Victorious,,,",,",1772,11738
19,RR,25 July 2025,Albertville,La Plagne,93.1,3431,340,33.63,13 km solo,Dainese Alberto,https://www.procyclingstats.com/rider/alberto-dainese,1998-03-25,1998,Italy,1.75,72.0,23.51,Abano Terme,131,finished,118,16878,112,Sprint,27,IT,Tudor Pro Cycling Team,,,",,",1772,11738
19,RR,25 July 2025,Albertville,La Plagne,93.1,3431,340,33.63,13 km solo,Mezgec Luka,https://www.procyclingstats.com/rider/luka-mezgec,1988-06-27,1988,Slovenia,1.83,72.0,21.5,Kranj,132,finished,151,19103,125,Hills,37,SI,Team Jayco AlUla,,,",,",1772,11738
19,RR,25 July 2025,Albertville,La Plagne,93.1,3431,340,33.63,13 km solo,Durbridge Luke,https://www.procyclingstats.com/rider/luke-durbridge,1991-04-09,1991,Australia,1.87,78.0,22.31,Greenmount,133,finished,134,18096,123,TT,34,AU,Team Jayco AlUla,,,",,",1772,11738
19,RR,25 July 2025,Albertville,La Plagne,93.1,3431,340,33.63,13 km solo,van Sintmaartensdijk Roel,https://www.procyclingstats.com/rider/roel-van-sintmaartensdijk,2001-05-08,2001,Netherlands,1.97,77.0,19.84,Zuidland,134,finished,156,19346,47,GC,24,NL,Intermarché - Wanty,,,",,",1772,11738
19,RR,25 July 2025,Albertville,La Plagne,93.1,3431,340,33.63,13 km solo,Askey Lewis,https://www.procyclingstats.com/rider/lewis-askey,2001-05-04,2001,Great Britain,1.87,75.0,21.45,Cannock,135,finished,135,18267,92,Classic,24,GB,Groupama - FDJ,,,",,",1772,11738
19,RR,25 July 2025,Albertville,La Plagne,93.1,3431,340,33.63,13 km solo,Sepúlveda Eduardo,https://www.procyclingstats.com/rider/eduardo-sepulveda,1991-06-13,1991,Argentina,1.73,59.0,19.71,Rawson,136,finished,117,16869,216,GC,34,AR,Lotto,,,",,",1772,11738
19,RR,25 July 2025,Albertville,La Plagne,93.1,3431,340,33.63,13 km solo,Edvardsen-Fredheim Stian,https://www.procyclingstats.com/rider/stian-fredheim,2003-03-23,2003,Norway,1.84,72.0,21.27,Kristiansand,137,finished,142,18688,224,Sprint,22,NO,Uno-X Mobility,,,",,",1772,11738
19,RR,25 July 2025,Albertville,La Plagne,93.1,3431,340,33.63,13 km solo,Nys Thibau,https://www.procyclingstats.com/rider/thibau-nys,2002-11-12,2002,Belgium,1.76,64.0,20.66,Bonheiden,138,finished,113,16513,83,Hills,22,BE,Lidl - Trek,,,",,",1772,11738
19,RR,25 July 2025,Albertville,La Plagne,93.1,3431,340,33.63,13 km solo,Ballerini Davide,https://www.procyclingstats.com/rider/davide-ballerini,1994-09-21,1994,Italy,1.83,71.0,21.2,Cantù,139,finished,154,19228,172,Classic,30,IT,XDS Astana Team,,,29:43,1783,11749
19,RR,25 July 2025,Albertville,La Plagne,93.1,3431,340,33.63,13 km solo,Grignard Sébastien,https://www.procyclingstats.com/rider/sebastien-grignard,1999-04-29,1999,Belgium,1.79,68.0,21.22,Mons,140,finished,143,18723,215,Classic,26,BE,Lotto,,,",,",1783,11749
19,RR,25 July 2025,Albertville,La Plagne,93.1,3431,340,33.63,13 km solo,Van Lerberghe Bert,https://www.procyclingstats.com/rider/bert-van-lerberghe,1992-09-29,1992,Belgium,1.9,83.0,22.99,Kortrijk,141,finished,146,18902,27,Classic,32,BE,Soudal Quick-Step,,,29:47,1787,11753
19,RR,25 July 2025,Albertville,La Plagne,93.1,3431,340,33.63,13 km solo,Moscon Gianni,https://www.procyclingstats.com/rider/gianni-moscon,1994-04-20,1994,Italy,1.8,71.0,21.91,Trento,142,finished,104,15343,74,Classic,31,IT,Red Bull - BORA - hansgrohe,,,",,",1787,11753
19,RR,25 July 2025,Albertville,La Plagne,93.1,3431,340,33.63,13 km solo,Boivin Guillaume,https://www.procyclingstats.com/rider/guillaume-boivin,1989-05-25,1989,Canada,1.8,78.0,24.07,Montreal,143,finished,148,18959,204,Classic,36,CA,Israel - Premier Tech,,,29:49,1789,11755
19,RR,25 July 2025,Albertville,La Plagne,93.1,3431,340,33.63,13 km solo,Stewart Jake,https://www.procyclingstats.com/rider/jake-stewart,1999-10-02,1999,Great Britain,1.79,66.0,20.6,Coventry,144,finished,120,16957,208,Hills,25,GB,Israel - Premier Tech,,,",,",1789,11755
19,RR,25 July 2025,Albertville,La Plagne,93.1,3431,340,33.63,13 km solo,Lienhard Fabian,https://www.procyclingstats.com/rider/fabian-lienhard,1993-09-03,1993,Switzerland,1.83,73.0,21.8,Steinmaur,145,finished,158,19455,115,Classic,31,CH,Tudor Pro Cycling Team,,,",,",1789,11755
19,RR,25 July 2025,Albertville,La Plagne,93.1,3431,340,33.63,13 km solo,Drizners Jarrad,https://www.procyclingstats.com/rider/jarrad-drizners,1999-05-31,1999,Australia,1.86,70.0,20.23,Adelaide,146,finished,136,18304,214,GC,26,AU,Lotto,,,",,",1789,11755
19,RR,25 July 2025,Albertville,La Plagne,93.1,3431,340,33.63,13 km solo,Renard Alexis,https://www.procyclingstats.com/rider/alexis-renard,1999-06-01,1999,France,1.86,74.0,21.39,Saint-Brieuc,147,finished,144,18791,165,Classic,26,FR,Cofidis,,,29:52,1792,11758
19,RR,25 July 2025,Albertville,La Plagne,93.1,3431,340,33.63,13 km solo,Cort Magnus,https://www.procyclingstats.com/rider/magnus-cort-nielsen,1993-01-16,1993,Denmark,1.84,68.0,20.09,Rønne,148,finished,131,17788,223,Hills,32,DK,Uno-X Mobility,,,",,",1792,11758
19,RR,25 July 2025,Albertville,La Plagne,93.1,3431,340,33.63,13 km solo,Naberman Tim,https://www.procyclingstats.com/rider/tim-naberman,1999-05-11,1999,Netherlands,1.87,70.0,20.02,Genemuiden,149,finished,128,17630,197,GC,26,NL,Team Picnic PostNL,,,29:55,1795,11761
19,RR,25 July 2025,Albertville,La Plagne,93.1,3431,340,33.63,13 km solo,Skujiņš Toms,https://www.procyclingstats.com/rider/toms-skujins,1991-06-15,1991,Latvia,1.81,72.0,21.98,Sigulda,150,finished,98,14656,86,Classic,34,LV,Lidl - Trek,,,29:58,1798,11764
19,RR,25 July 2025,Albertville,La Plagne,93.1,3431,340,33.63,13 km solo,Merlier Tim,https://www.procyclingstats.com/rider/tim-merlier,1992-10-30,1992,Belgium,1.88,76.0,21.5,Wortegem-Petegem,151,finished,147,18934,24,Sprint,32,BE,Soudal Quick-Step,,,",,",1798,11764
19,RR,25 July 2025,Albertville,La Plagne,93.1,3431,340,33.63,13 km solo,Girmay Biniam,https://www.procyclingstats.com/rider/biniam-girmay,2000-04-02,2000,Eritrea,1.84,70.0,20.68,Asmara,152,finished,132,17972,41,Classic,25,ER,Intermarché - Wanty,,,30:14,1814,11780
19,RR,25 July 2025,Albertville,La Plagne,93.1,3431,340,33.63,13 km solo,Page Hugo,https://www.procyclingstats.com/rider/hugo-page,2001-07-24,2001,France,1.85,71.0,20.75,Chartres,153,finished,140,18550,44,Classic,24,FR,Intermarché - Wanty,,,",,",1814,11780
19,RR,25 July 2025,Albertville,La Plagne,93.1,3431,340,33.63,13 km solo,Gradek Kamil,https://www.procyclingstats.com/rider/kamil-gradek,1990-09-17,1990,Poland,1.94,83.0,22.05,Koziegłowy,154,finished,155,19326,53,TT,34,PL,Bahrain - Victorious,,,",,",1814,11780
19,RR,25 July 2025,Albertville,La Plagne,93.1,3431,340,33.63,13 km solo,Reinders Elmar,https://www.procyclingstats.com/rider/elmar-reinders,1992-03-14,1992,Netherlands,1.9,78.1,21.63,Emmen,155,finished,137,18425,127,Classic,33,NL,Team Jayco AlUla,,,30:16,1816,11782
19,RR,25 July 2025,Albertville,La Plagne,93.1,3431,340,33.63,13 km solo,Groenewegen Dylan,https://www.procyclingstats.com/rider/dylan-groenewegen,1993-06-21,1993,Netherlands,1.77,70.0,22.34,Amsterdam,156,finished,149,18999,124,Sprint,32,NL,Team Jayco AlUla,,,",,",1816,11782
19,RR,25 July 2025,Albertville,La Plagne,93.1,3431,340,33.63,13 km solo,De Lie Arnaud,https://www.procyclingstats.com/rider/arnaud-de-lie,2002-03-16,2002,Belgium,1.82,78.0,23.55,Libramont,157,finished,139,18470,211,Classic,23,BE,Lotto,,,30:29,1829,11795
19,RR,25 July 2025,Albertville,La Plagne,93.1,3431,340,33.63,13 km solo,Mohorič Matej,https://www.procyclingstats.com/rider/matej-mohoric,1994-10-19,1994,Slovenia,1.86,71.0,20.52,Kranj,158,finished,123,17312,56,Classic,30,SI,Bahrain - Victorious,,,30:41,1841,11807
19,RR,25 July 2025,Albertville,La Plagne,93.1,3431,340,33.63,13 km solo,Consonni Simone,https://www.procyclingstats.com/rider/simone-consonni,1994-09-12,1994,Italy,1.65,60.0,22.04,Ponte San Pietro,159,finished,160,19795,82,Classic,30,IT,Lidl - Trek,,,31:10,1870,11836
19,RR,25 July 2025,Albertville,La Plagne,93.1,3431,340,33.63,13 km solo,Meeus Jordi,https://www.procyclingstats.com/rider/jordi-meeus,1998-07-01,1998,Belgium,1.9,80.0,22.16,Lommel,160,finished,161,19860,73,Classic,27,BE,Red Bull - BORA - hansgrohe,,,",,",1870,11836
19,RR,25 July 2025,Albertville,La Plagne,93.1,3431,340,33.63,13 km solo,Theuns Edward,https://www.procyclingstats.com/rider/edward-theuns,1991-04-30,1991,Belgium,1.83,72.0,21.5,Ghent,161,finished,159,19780,88,Classic,34,BE,Lidl - Trek,,,32:02,1922,11888
20,RR,26 July 2025,Nantua,Pontarlier,184.2,2916,107,44.899,16.8 km solo,Groves Kaden,https://www.procyclingstats.com/rider/kaden-groves,1998-12-23,1998,Australia,1.76,76.0,24.54,Gympie,1,finished,86,14009,103,Hills,26,AU,Alpecin - Deceuninck,210.0,100.0,4:06:09,0,14769
20,RR,26 July 2025,Nantua,Pontarlier,184.2,2916,107,44.899,16.8 km solo,van den Broek Frank,https://www.procyclingstats.com/rider/frank-van-den-broek,2000-12-28,2000,Netherlands,1.78,70.0,22.09,Warmond,2,finished,39,9944,198,GC,24,NL,Team Picnic PostNL,150.0,70.0,0:54,54,14823
20,RR,26 July 2025,Nantua,Pontarlier,184.2,2916,107,44.899,16.8 km solo,Eenkhoorn Pascal,https://www.procyclingstats.com/rider/pascal-eenkhoorn,1997-02-08,1997,Netherlands,1.85,72.0,21.04,Zwolle,3,finished,49,10825,23,Classic,28,NL,Soudal Quick-Step,110.0,50.0,0:59,59,14828
20,RR,26 July 2025,Nantua,Pontarlier,184.2,2916,107,44.899,16.8 km solo,Velasco Simone,https://www.procyclingstats.com/rider/simone-velasco,1995-12-02,1995,Italy,1.7,59.0,20.42,Bologna,4,finished,38,9691,178,Classic,29,IT,XDS Astana Team,90.0,40.0,1:04,64,14833
20,RR,26 July 2025,Nantua,Pontarlier,184.2,2916,107,44.899,16.8 km solo,Grégoire Romain,https://www.procyclingstats.com/rider/romain-gregoire,2003-01-21,2003,France,1.76,64.0,20.66,Besançon,5,finished,34,8758,94,Classic,22,FR,Groupama - FDJ,70.0,32.0,",,",64,14833
20,RR,26 July 2025,Nantua,Pontarlier,184.2,2916,107,44.899,16.8 km solo,Stewart Jake,https://www.procyclingstats.com/rider/jake-stewart,1999-10-02,1999,Great Britain,1.79,66.0,20.6,Coventry,6,finished,108,16597,208,Hills,25,GB,Israel - Premier Tech,55.0,26.0,",,",64,14833
20,RR,26 July 2025,Nantua,Pontarlier,184.2,2916,107,44.899,16.8 km solo,Jegat Jordan,https://www.procyclingstats.com/rider/jordan-jegat,1999-06-07,1999,France,1.76,59.0,19.05,Vannes,7,finished,10,1962,186,Climber,26,FR,TotalEnergies,45.0,22.0,",,",64,14833
20,RR,26 July 2025,Nantua,Pontarlier,184.2,2916,107,44.899,16.8 km solo,Wellens Tim,https://www.procyclingstats.com/rider/tim-wellens,1991-05-10,1991,Belgium,1.82,71.0,21.43,Sint-Truiden,8,finished,37,9504,7,GC,34,BE,UAE Team Emirates - XRG,40.0,18.0,",,",64,14833
20,RR,26 July 2025,Nantua,Pontarlier,184.2,2916,107,44.899,16.8 km solo,Jorgenson Matteo,https://www.procyclingstats.com/rider/matteo-jorgenson,1999-07-01,1999,United States,1.9,69.0,19.11,Walnut Creek,9,finished,19,5368,15,GC,26,US,Team Visma | Lease a Bike,35.0,14.0,",,",64,14833
20,RR,26 July 2025,Nantua,Pontarlier,184.2,2916,107,44.899,16.8 km solo,Sweeny Harry,https://www.procyclingstats.com/rider/harry-sweeny,1998-07-09,1998,Australia,1.86,75.0,21.68,Warwick,10,finished,35,8878,36,GC,27,AU,EF Education - EasyPost,30.0,10.0,",,",64,14833
20,RR,26 July 2025,Nantua,Pontarlier,184.2,2916,107,44.899,16.8 km solo,Trentin Matteo,https://www.procyclingstats.com/rider/matteo-trentin,1989-08-02,1989,Italy,1.79,74.0,23.1,Borgo Valsugana,11,finished,99,15151,118,Classic,35,IT,Tudor Pro Cycling Team,25.0,8.0,2:01,121,14890
20,RR,26 July 2025,Nantua,Pontarlier,184.2,2916,107,44.899,16.8 km solo,Costiou Ewen,https://www.procyclingstats.com/rider/ewen-costiou,2002-11-10,2002,France,1.76,64.0,20.66,Brest,12,finished,51,11195,133,GC,22,FR,Arkéa - B&B Hotels,20.0,6.0,3:45,225,14994
20,RR,26 July 2025,Nantua,Pontarlier,184.2,2916,107,44.899,16.8 km solo,Ballerini Davide,https://www.procyclingstats.com/rider/davide-ballerini,1994-09-21,1994,Italy,1.83,71.0,21.2,Cantù,13,finished,135,19228,172,Classic,30,IT,XDS Astana Team,15.0,4.0,7:04,424,15193
20,RR,26 July 2025,Nantua,Pontarlier,184.2,2916,107,44.899,16.8 km solo,Teunissen Mike,https://www.procyclingstats.com/rider/mike-teunissen,1992-08-25,1992,Netherlands,1.84,73.0,21.56,Ysselsteyn,14,finished,80,13768,177,Classic,32,NL,XDS Astana Team,10.0,2.0,",,",424,15193
20,RR,26 July 2025,Nantua,Pontarlier,184.2,2916,107,44.899,16.8 km solo,Abrahamsen Jonas,https://www.procyclingstats.com/rider/jonas-abrahamsen,1995-09-20,1995,Norway,1.83,78.0,23.29,Skien,15,finished,71,12981,222,Classic,29,NO,Uno-X Mobility,5.0,1.0,",,",424,15193
20,RR,26 July 2025,Nantua,Pontarlier,184.2,2916,107,44.899,16.8 km solo,Turgis Anthony,https://www.procyclingstats.com/rider/anthony-turgis,1994-05-16,1994,France,1.78,70.0,22.09,Bourg-la-Reine,16,finished,106,16318,187,Classic,31,FR,TotalEnergies,,,",,",424,15193
20,RR,26 July 2025,Nantua,Pontarlier,184.2,2916,107,44.899,16.8 km solo,Barré Louis,https://www.procyclingstats.com/rider/louis-barre,2000-04-06,2000,France,1.84,68.0,20.09,Nantes,17,finished,82,13894,42,Classic,25,FR,Intermarché - Wanty,,,",,",424,15193
20,RR,26 July 2025,Nantua,Pontarlier,184.2,2916,107,44.899,16.8 km solo,Meurisse Xandro,https://www.procyclingstats.com/rider/xandro-meurisse,1992-01-31,1992,Belgium,1.81,68.0,20.76,Kortrijk,18,finished,22,6226,104,GC,33,BE,Alpecin - Deceuninck,,,",,",424,15193
20,RR,26 July 2025,Nantua,Pontarlier,184.2,2916,107,44.899,16.8 km solo,Gachignard Thomas,https://www.procyclingstats.com/rider/thomas-gachignard,2000-08-17,2000,France,,,,Niort,19,finished,60,12194,184,GC,24,FR,TotalEnergies,,,",,",424,15193
20,RR,26 July 2025,Nantua,Pontarlier,184.2,2916,107,44.899,16.8 km solo,Le Berre Mathis,https://www.procyclingstats.com/rider/mathis-le-berre,2001-04-16,2001,France,1.76,68.0,21.95,Saint-Brieuc,20,finished,61,12328,136,Hills,24,FR,Arkéa - B&B Hotels,,,",,",424,15193
20,RR,26 July 2025,Nantua,Pontarlier,184.2,2916,107,44.899,16.8 km solo,Louvel Matis,https://www.procyclingstats.com/rider/matis-louvel,1999-07-19,1999,France,1.87,77.0,22.02,Mont Saint Aignan,21,finished,100,15181,205,Classic,26,FR,Israel - Premier Tech,,,",,",424,15193
20,RR,26 July 2025,Nantua,Pontarlier,184.2,2916,107,44.899,16.8 km solo,Pithie Laurence,https://www.procyclingstats.com/rider/laurence-pithie,2002-07-17,2002,New Zealand,1.85,74.0,21.62,Christchurch,22,finished,89,14084,75,Classic,23,NZ,Red Bull - BORA - hansgrohe,,,",,",424,15193
20,RR,26 July 2025,Nantua,Pontarlier,184.2,2916,107,44.899,16.8 km solo,Lipowitz Florian,https://www.procyclingstats.com/rider/florian-lipowitz,2000-09-21,2000,Germany,1.81,68.0,20.76,Laichingen,23,finished,3,669,72,GC,24,DE,Red Bull - BORA - hansgrohe,,,",,",424,15193
20,RR,26 July 2025,Nantua,Pontarlier,184.2,2916,107,44.899,16.8 km solo,Johannessen Tobias Halland,https://www.procyclingstats.com/rider/tobias-halland-johannessen,1999-08-23,1999,Norway,1.76,62.0,20.02,Drøbak,24,finished,6,1214,221,Climber,25,NO,Uno-X Mobility,,,",,",424,15193
20,RR,26 July 2025,Nantua,Pontarlier,184.2,2916,107,44.899,16.8 km solo,Vauquelin Kévin,https://www.procyclingstats.com/rider/kevin-vauquelin,2001-04-26,2001,France,1.76,69.0,22.28,Bayeux,25,finished,7,1355,131,GC,24,FR,Arkéa - B&B Hotels,,,",,",424,15193
20,RR,26 July 2025,Nantua,Pontarlier,184.2,2916,107,44.899,16.8 km solo,Hoelgaard Markus,https://www.procyclingstats.com/rider/markus-hoelgaard,1994-10-04,1994,Norway,1.88,74.0,20.94,Stavanger,26,finished,64,12389,225,Classic,30,NO,Uno-X Mobility,,,",,",424,15193
20,RR,26 July 2025,Nantua,Pontarlier,184.2,2916,107,44.899,16.8 km solo,Powless Neilson,https://www.procyclingstats.com/rider/neilson-powless,1996-09-03,1996,United States,1.83,67.0,20.01,Eglin,27,finished,47,10732,35,Classic,28,US,EF Education - EasyPost,,,",,",424,15193
20,RR,26 July 2025,Nantua,Pontarlier,184.2,2916,107,44.899,16.8 km solo,Healy Ben,https://www.procyclingstats.com/rider/ben-healy,2000-09-11,2000,Ireland,1.75,62.0,20.24,Kingswinford Previous nationalities Great Britain until 2016,28,finished,9,1682,31,Climber,24,IE,EF Education - EasyPost,,,",,",424,15193
20,RR,26 July 2025,Nantua,Pontarlier,184.2,2916,107,44.899,16.8 km solo,Schachmann Maximilian,https://www.procyclingstats.com/rider/maximilian-schachmann,1994-01-09,1994,Germany,1.83,71.0,21.2,Berlin,29,finished,68,12901,26,GC,31,DE,Soudal Quick-Step,,,",,",424,15193
20,RR,26 July 2025,Nantua,Pontarlier,184.2,2916,107,44.899,16.8 km solo,Berckmoes Jenno,https://www.procyclingstats.com/rider/jenno-berckmoes,2001-02-04,2001,Belgium,1.77,61.0,19.47,Ghent,30,finished,66,12792,212,Classic,24,BE,Lotto,,,",,",424,15193
20,RR,26 July 2025,Nantua,Pontarlier,184.2,2916,107,44.899,16.8 km solo,van Aert Wout,https://www.procyclingstats.com/rider/wout-van-aert,1994-09-15,1994,Belgium,1.9,78.0,21.61,Herentals,31,finished,67,12846,17,Classic,30,BE,Team Visma | Lease a Bike,,,",,",424,15193
20,RR,26 July 2025,Nantua,Pontarlier,184.2,2916,107,44.899,16.8 km solo,Pogačar Tadej,https://www.procyclingstats.com/rider/tadej-pogacar,1998-09-21,1998,Slovenia,1.76,66.0,21.31,Klanec,32,finished,1,0,1,Climber,26,SI,UAE Team Emirates - XRG,,,",,",424,15193
20,RR,26 July 2025,Nantua,Pontarlier,184.2,2916,107,44.899,16.8 km solo,van Dijke Mick,https://www.procyclingstats.com/rider/mick-van-dijke,2000-03-15,2000,Netherlands,1.9,74.0,20.5,Goes,33,finished,113,17210,76,Classic,25,NL,Red Bull - BORA - hansgrohe,,,",,",424,15193
20,RR,26 July 2025,Nantua,Pontarlier,184.2,2916,107,44.899,16.8 km solo,Vingegaard Jonas,https://www.procyclingstats.com/rider/jonas-vingegaard,1996-12-10,1996,Denmark,1.75,58.0,18.94,Hillerslev,34,finished,2,264,11,GC,28,DK,Team Visma | Lease a Bike,,,",,",424,15193
20,RR,26 July 2025,Nantua,Pontarlier,184.2,2916,107,44.899,16.8 km solo,Roglič Primož,https://www.procyclingstats.com/rider/primoz-roglic,1989-10-29,1989,Slovenia,1.77,65.0,20.75,Trbovlje,35,finished,8,1530,71,Climber,35,SI,Red Bull - BORA - hansgrohe,,,",,",424,15193
20,RR,26 July 2025,Nantua,Pontarlier,184.2,2916,107,44.899,16.8 km solo,Yates Simon,https://www.procyclingstats.com/rider/simon-yates,1992-08-07,1992,Great Britain,1.72,58.0,19.61,Bury,36,finished,15,4650,18,Climber,32,GB,Team Visma | Lease a Bike,,,",,",424,15193
20,RR,26 July 2025,Nantua,Pontarlier,184.2,2916,107,44.899,16.8 km solo,Rodríguez Cristián,https://www.procyclingstats.com/rider/cristian-rodriguez,1995-03-03,1995,Spain,1.78,59.0,18.62,El Ejido,37,finished,20,5775,137,GC,30,ES,Arkéa - B&B Hotels,,,",,",424,15193
20,RR,26 July 2025,Nantua,Pontarlier,184.2,2916,107,44.899,16.8 km solo,Izagirre Ion,https://www.procyclingstats.com/rider/ion-izagirre,1989-02-04,1989,Spain,1.73,60.0,20.05,Ormaiztegi,38,finished,69,12902,164,GC,36,ES,Cofidis,,,",,",424,15193
20,RR,26 July 2025,Nantua,Pontarlier,184.2,2916,107,44.899,16.8 km solo,García Pierna Raúl,https://www.procyclingstats.com/rider/raul-garcia-pierna,2001-02-23,2001,Spain,1.75,67.0,21.88,Tres Cantos,39,finished,26,8158,135,Climber,24,ES,Arkéa - B&B Hotels,,,",,",424,15193
20,RR,26 July 2025,Nantua,Pontarlier,184.2,2916,107,44.899,16.8 km solo,Van Wilder Ilan,https://www.procyclingstats.com/rider/ilan-van-wilder,2000-05-14,2000,Belgium,1.71,64.0,21.89,Jette,40,finished,32,8594,28,GC,25,BE,Soudal Quick-Step,,,",,",424,15193
20,RR,26 July 2025,Nantua,Pontarlier,184.2,2916,107,44.899,16.8 km solo,Asgreen Kasper,https://www.procyclingstats.com/rider/kasper-asgreen,1995-02-08,1995,Denmark,1.93,75.0,20.13,Kolding,41,finished,91,14305,33,TT,30,DK,EF Education - EasyPost,,,",,",424,15193
20,RR,26 July 2025,Nantua,Pontarlier,184.2,2916,107,44.899,16.8 km solo,Higuita Sergio,https://www.procyclingstats.com/rider/sergio-higuita,1997-08-01,1997,Colombia,1.66,57.0,20.69,Medellín,42,finished,14,4099,176,Climber,27,CO,XDS Astana Team,,,",,",424,15193
20,RR,26 July 2025,Nantua,Pontarlier,184.2,2916,107,44.899,16.8 km solo,Madouas Valentin,https://www.procyclingstats.com/rider/valentin-madouas,1996-07-12,1996,France,1.79,71.0,22.16,Brest,43,finished,21,5986,95,Classic,29,FR,Groupama - FDJ,,,",,",424,15193
20,RR,26 July 2025,Nantua,Pontarlier,184.2,2916,107,44.899,16.8 km solo,Onley Oscar,https://www.procyclingstats.com/rider/oscar-onley,2002-10-13,2002,Great Britain,1.73,62.0,20.72,Kelso,44,finished,4,732,191,GC,22,GB,Team Picnic PostNL,,,",,",424,15193
20,RR,26 July 2025,Nantua,Pontarlier,184.2,2916,107,44.899,16.8 km solo,Naesen Oliver,https://www.procyclingstats.com/rider/oliver-naesen,1990-09-16,1990,Belgium,1.84,74.0,21.86,Oostende,45,finished,73,13168,155,Classic,34,BE,Decathlon AG2R La Mondiale Team,,,",,",424,15193
20,RR,26 July 2025,Nantua,Pontarlier,184.2,2916,107,44.899,16.8 km solo,Tronchon Bastien,https://www.procyclingstats.com/rider/bastien-tronchon,2002-03-29,2002,France,1.85,72.0,21.04,Chambéry,46,finished,77,13596,158,Classic,23,FR,Decathlon AG2R La Mondiale Team,,,",,",424,15193
20,RR,26 July 2025,Nantua,Pontarlier,184.2,2916,107,44.899,16.8 km solo,Gall Felix,https://www.procyclingstats.com/rider/felix-gall,1998-02-27,1998,Austria,1.8,66.0,20.37,Nußdorf-Debant,47,finished,5,1032,151,Climber,27,AT,Decathlon AG2R La Mondiale Team,,,",,",424,15193
20,RR,26 July 2025,Nantua,Pontarlier,184.2,2916,107,44.899,16.8 km solo,Paret-Peintre Valentin,https://www.procyclingstats.com/rider/valentin-paret-peintre,2001-01-14,2001,France,1.78,52.0,16.41,Annemasse,48,finished,41,10025,25,Climber,24,FR,Soudal Quick-Step,,,",,",424,15193
20,RR,26 July 2025,Nantua,Pontarlier,184.2,2916,107,44.899,16.8 km solo,Teuns Dylan,https://www.procyclingstats.com/rider/dylan-teuns,1992-03-01,1992,Belgium,1.81,64.0,19.54,Diest,49,finished,90,14148,166,GC,33,BE,Cofidis,,,",,",424,15193
20,RR,26 July 2025,Nantua,Pontarlier,184.2,2916,107,44.899,16.8 km solo,Leknessund Andreas,https://www.procyclingstats.com/rider/andreas-leknessund,1999-05-21,1999,Norway,1.86,72.0,20.81,Tromsø,50,finished,57,11684,227,GC,26,NO,Uno-X Mobility,,,",,",424,15193
20,RR,26 July 2025,Nantua,Pontarlier,184.2,2916,107,44.899,16.8 km solo,Delettre Alexandre,https://www.procyclingstats.com/rider/alexandre-delettre,1997-10-25,1997,France,1.7,62.0,21.45,Gonesse,51,finished,55,11548,183,Classic,27,FR,TotalEnergies,,,",,",424,15193
20,RR,26 July 2025,Nantua,Pontarlier,184.2,2916,107,44.899,16.8 km solo,Mayrhofer Marius,https://www.procyclingstats.com/rider/marius-mayrhofer,2000-09-18,2000,Germany,1.82,70.0,21.13,Tübingen,52,finished,83,13998,116,Hills,24,DE,Tudor Pro Cycling Team,,,",,",424,15193
20,RR,26 July 2025,Nantua,Pontarlier,184.2,2916,107,44.899,16.8 km solo,Hirschi Marc,https://www.procyclingstats.com/rider/marc-hirschi,1998-08-24,1998,Switzerland,1.74,61.0,20.15,Bern,53,finished,78,13717,114,Classic,26,CH,Tudor Pro Cycling Team,,,",,",424,15193
20,RR,26 July 2025,Nantua,Pontarlier,184.2,2916,107,44.899,16.8 km solo,Mühlberger Gregor,https://www.procyclingstats.com/rider/gregor-muhlberger,1994-04-04,1994,Austria,1.8,64.0,19.75,Haidershofen,54,finished,18,5297,146,GC,31,AT,Movistar Team,,,",,",424,15193
20,RR,26 July 2025,Nantua,Pontarlier,184.2,2916,107,44.899,16.8 km solo,Andresen Tobias Lund,https://www.procyclingstats.com/rider/tobias-lund-andresen,2002-08-20,2002,Denmark,1.81,69.0,21.06,Taastrup,55,finished,96,14811,195,Classic,22,DK,Team Picnic PostNL,,,",,",424,15193
20,RR,26 July 2025,Nantua,Pontarlier,184.2,2916,107,44.899,16.8 km solo,O'Connor Ben,https://www.procyclingstats.com/rider/ben-o-connor,1995-11-25,1995,Australia,1.88,67.0,18.96,Subiaco,56,finished,11,2074,121,GC,29,AU,Team Jayco AlUla,,,",,",424,15193
20,RR,26 July 2025,Nantua,Pontarlier,184.2,2916,107,44.899,16.8 km solo,Arensman Thymen,https://www.procyclingstats.com/rider/thymen-arensman,1999-12-04,1999,Netherlands,1.9,68.0,18.84,Deil,57,finished,12,3161,62,GC,25,NL,INEOS Grenadiers,,,",,",424,15193
20,RR,26 July 2025,Nantua,Pontarlier,184.2,2916,107,44.899,16.8 km solo,Skujiņš Toms,https://www.procyclingstats.com/rider/toms-skujins,1991-06-15,1991,Latvia,1.81,72.0,21.98,Sigulda,58,finished,95,14656,86,Classic,34,LV,Lidl - Trek,,,",,",424,15193
20,RR,26 July 2025,Nantua,Pontarlier,184.2,2916,107,44.899,16.8 km solo,Stuyven Jasper,https://www.procyclingstats.com/rider/jasper-stuyven,1992-04-17,1992,Belgium,1.87,80.0,22.88,Leuven,59,finished,62,12371,87,Classic,33,BE,Lidl - Trek,,,",,",424,15193
20,RR,26 July 2025,Nantua,Pontarlier,184.2,2916,107,44.899,16.8 km solo,Laurance Axel,https://www.procyclingstats.com/rider/axel-laurance,2001-04-13,2001,France,1.79,63.0,19.66,Calan,60,finished,53,11410,65,Hills,24,FR,INEOS Grenadiers,,,",,",424,15193
20,RR,26 July 2025,Nantua,Pontarlier,184.2,2916,107,44.899,16.8 km solo,Blackmore Joseph,https://www.procyclingstats.com/rider/joseph-blackmore,2003-02-23,2003,Great Britain,1.81,66.0,20.15,Sidcup,61,finished,48,10744,203,GC,22,GB,Israel - Premier Tech,,,",,",424,15193
20,RR,26 July 2025,Nantua,Pontarlier,184.2,2916,107,44.899,16.8 km solo,Politt Nils,https://www.procyclingstats.com/rider/nils-politt,1994-03-06,1994,Germany,1.92,80.0,21.7,Cologne,62,finished,75,13485,4,Classic,31,DE,UAE Team Emirates - XRG,,,",,",424,15193
20,RR,26 July 2025,Nantua,Pontarlier,184.2,2916,107,44.899,16.8 km solo,Paret-Peintre Aurélien,https://www.procyclingstats.com/rider/aurelien-paret-peintre,1996-02-27,1996,France,1.84,64.0,18.9,Annemasse,63,finished,25,7972,156,GC,29,FR,Decathlon AG2R La Mondiale Team,,,",,",424,15193
20,RR,26 July 2025,Nantua,Pontarlier,184.2,2916,107,44.899,16.8 km solo,Buchmann Emanuel,https://www.procyclingstats.com/rider/emanuel-buchmann,1992-11-18,1992,Germany,1.8,59.0,18.21,Ravensburg,64,finished,30,8494,161,GC,32,DE,Cofidis,,,",,",424,15193
20,RR,26 July 2025,Nantua,Pontarlier,184.2,2916,107,44.899,16.8 km solo,Foss Tobias,https://www.procyclingstats.com/rider/tobias-foss,1997-05-25,1997,Norway,1.84,74.0,21.86,Vingrom,65,finished,70,12915,63,TT,28,NO,INEOS Grenadiers,,,",,",424,15193
20,RR,26 July 2025,Nantua,Pontarlier,184.2,2916,107,44.899,16.8 km solo,Watson Samuel,https://www.procyclingstats.com/rider/samuel-watson,2001-09-24,2001,Great Britain,1.88,68.0,19.24,Leeds,66,finished,115,17414,68,Hills,23,GB,INEOS Grenadiers,,,",,",424,15193
20,RR,26 July 2025,Nantua,Pontarlier,184.2,2916,107,44.899,16.8 km solo,Rubio Einer,https://www.procyclingstats.com/rider/einer-rubio,1998-02-22,1998,Colombia,1.64,56.0,20.82,Chíquiza,67,finished,31,8516,148,Climber,27,CO,Movistar Team,,,",,",424,15193
20,RR,26 July 2025,Nantua,Pontarlier,184.2,2916,107,44.899,16.8 km solo,Storer Michael,https://www.procyclingstats.com/rider/michael-storer,1997-02-28,1997,Australia,1.77,63.0,20.11,Perth,68,finished,42,10251,117,Climber,28,AU,Tudor Pro Cycling Team,,,",,",424,15193
20,RR,26 July 2025,Nantua,Pontarlier,184.2,2916,107,44.899,16.8 km solo,Martin Guillaume,https://www.procyclingstats.com/rider/guillaume-martin,1993-06-09,1993,France,1.73,55.0,18.38,Paris,69,finished,16,4687,91,Climber,32,FR,Groupama - FDJ,,,",,",424,15193
20,RR,26 July 2025,Nantua,Pontarlier,184.2,2916,107,44.899,16.8 km solo,Woods Michael,https://www.procyclingstats.com/rider/michael-woods,1986-10-12,1986,Canada,1.75,62.0,20.24,Toronto,70,finished,52,11219,201,Climber,38,CA,Israel - Premier Tech,,,",,",424,15193
20,RR,26 July 2025,Nantua,Pontarlier,184.2,2916,107,44.899,16.8 km solo,Johannessen Anders Halland,https://www.procyclingstats.com/rider/anders-halland-johannessen,1999-08-23,1999,Norway,1.76,,,Drøbak,71,finished,76,13562,226,GC,25,NO,Uno-X Mobility,,,",,",424,15193
20,RR,26 July 2025,Nantua,Pontarlier,184.2,2916,107,44.899,16.8 km solo,Soler Marc,https://www.procyclingstats.com/rider/marc-soler,1993-11-22,1993,Spain,1.86,68.0,19.66,Vilanova i la Geltrú,72,finished,29,8461,6,Climber,31,ES,UAE Team Emirates - XRG,,,",,",424,15193
20,RR,26 July 2025,Nantua,Pontarlier,184.2,2916,107,44.899,16.8 km solo,Narváez Jhonatan,https://www.procyclingstats.com/rider/jhonatan-narvaez,1997-03-04,1997,Ecuador,1.74,65.0,21.47,El Playón de San Francisco,73,finished,13,3876,3,Hills,28,EC,UAE Team Emirates - XRG,,,",,",424,15193
20,RR,26 July 2025,Nantua,Pontarlier,184.2,2916,107,44.899,16.8 km solo,Schmid Mauro,https://www.procyclingstats.com/rider/mauro-schmid,1999-12-04,1999,Switzerland,1.87,70.0,20.02,Bülach,74,finished,101,15240,128,Hills,25,CH,Team Jayco AlUla,,,",,",424,15193
20,RR,26 July 2025,Nantua,Pontarlier,184.2,2916,107,44.899,16.8 km solo,Venturini Clément,https://www.procyclingstats.com/rider/clement-venturini,1993-10-16,1993,France,1.65,60.0,22.04,Villeurbanne,75,finished,43,10359,138,Classic,31,FR,Arkéa - B&B Hotels,,,",,",424,15193
20,RR,26 July 2025,Nantua,Pontarlier,184.2,2916,107,44.899,16.8 km solo,Touzé Damien,https://www.procyclingstats.com/rider/damien-touze,1996-07-07,1996,France,1.74,69.0,22.79,Iville,76,finished,94,14508,168,Classic,29,FR,Cofidis,,,",,",424,15193
20,RR,26 July 2025,Nantua,Pontarlier,184.2,2916,107,44.899,16.8 km solo,Armirail Bruno,https://www.procyclingstats.com/rider/bruno-armirail,1994-04-11,1994,France,1.9,72.0,19.94,Bagnères-de-Bigorre,77,finished,50,10992,152,TT,31,FR,Decathlon AG2R La Mondiale Team,,,11:11,671,15440
20,RR,26 July 2025,Nantua,Pontarlier,184.2,2916,107,44.899,16.8 km solo,Russo Clément,https://www.procyclingstats.com/rider/clement-russo,1995-01-20,1995,France,1.87,74.0,21.16,Lyon,78,finished,93,14504,98,Classic,30,FR,Groupama - FDJ,,,13:17,797,15566
20,RR,26 July 2025,Nantua,Pontarlier,184.2,2916,107,44.899,16.8 km solo,Askey Lewis,https://www.procyclingstats.com/rider/lewis-askey,2001-05-04,2001,Great Britain,1.87,75.0,21.45,Cannock,79,finished,127,18640,92,Classic,24,GB,Groupama - FDJ,,,",,",797,15566
20,RR,26 July 2025,Nantua,Pontarlier,184.2,2916,107,44.899,16.8 km solo,Baudin Alex,https://www.procyclingstats.com/rider/alex-baudin,2001-05-25,2001,France,1.83,64.0,19.11,Albertville,80,finished,46,10575,34,Climber,24,FR,EF Education - EasyPost,,,",,",797,15566
20,RR,26 July 2025,Nantua,Pontarlier,184.2,2916,107,44.899,16.8 km solo,Naberman Tim,https://www.procyclingstats.com/rider/tim-naberman,1999-05-11,1999,Netherlands,1.87,70.0,20.02,Genemuiden,81,finished,120,18003,197,GC,26,NL,Team Picnic PostNL,,,",,",797,15566
20,RR,26 July 2025,Nantua,Pontarlier,184.2,2916,107,44.899,16.8 km solo,Barguil Warren,https://www.procyclingstats.com/rider/warren-barguil,1991-10-28,1991,France,1.83,61.0,18.21,Hennebont,82,finished,23,6489,192,Climber,33,FR,Team Picnic PostNL,,,",,",797,15566
20,RR,26 July 2025,Nantua,Pontarlier,184.2,2916,107,44.899,16.8 km solo,Aranburu Alex,https://www.procyclingstats.com/rider/alex-aranburu,1995-09-19,1995,Spain,1.78,63.0,19.88,Ezkio-Itsaso,83,finished,81,13769,162,Classic,29,ES,Cofidis,,,",,",797,15566
20,RR,26 July 2025,Nantua,Pontarlier,184.2,2916,107,44.899,16.8 km solo,Neilands Krists,https://www.procyclingstats.com/rider/krists-neilands,1994-08-18,1994,Latvia,1.89,69.0,19.32,Kuldīga,84,finished,88,14065,207,Classic,30,LV,Israel - Premier Tech,,,",,",797,15566
20,RR,26 July 2025,Nantua,Pontarlier,184.2,2916,107,44.899,16.8 km solo,Drizners Jarrad,https://www.procyclingstats.com/rider/jarrad-drizners,1999-05-31,1999,Australia,1.86,70.0,20.23,Adelaide,85,finished,129,18677,214,GC,26,AU,Lotto,,,",,",797,15566
20,RR,26 July 2025,Nantua,Pontarlier,184.2,2916,107,44.899,16.8 km solo,Van Moer Brent,https://www.procyclingstats.com/rider/brent-van-moer,1998-01-12,1998,Belgium,1.91,79.0,21.66,Beveren,86,finished,84,13999,218,Classic,27,BE,Lotto,,,",,",797,15566
20,RR,26 July 2025,Nantua,Pontarlier,184.2,2916,107,44.899,16.8 km solo,Martinez Lenny,https://www.procyclingstats.com/rider/lenny-martinez,2003-07-11,2003,France,1.68,52.0,18.42,Cannes,87,finished,79,13745,55,Climber,22,FR,Bahrain - Victorious,,,",,",797,15566
20,RR,26 July 2025,Nantua,Pontarlier,184.2,2916,107,44.899,16.8 km solo,Rickaert Jonas,https://www.procyclingstats.com/rider/jonas-rickaert,1994-02-07,1994,Belgium,1.9,88.0,24.38,Sint-Eloois-Vijve,88,finished,98,15077,105,Classic,31,BE,Alpecin - Deceuninck,,,22:17,1337,16106
20,RR,26 July 2025,Nantua,Pontarlier,184.2,2916,107,44.899,16.8 km solo,Benoot Tiesj,https://www.procyclingstats.com/rider/tiesj-benoot,1994-03-11,1994,Belgium,1.9,72.0,19.94,Ghent,89,finished,54,11419,13,Classic,31,BE,Team Visma | Lease a Bike,,,",,",1337,16106
20,RR,26 July 2025,Nantua,Pontarlier,184.2,2916,107,44.899,16.8 km solo,Berthet Clément,https://www.procyclingstats.com/rider/clement-berthet,1997-08-02,1997,France,1.84,68.0,20.09,Pierre Bénite,90,finished,36,9170,153,Climber,27,FR,Decathlon AG2R La Mondiale Team,,,",,",1337,16106
20,RR,26 July 2025,Nantua,Pontarlier,184.2,2916,107,44.899,16.8 km solo,Buitrago Santiago,https://www.procyclingstats.com/rider/santiago-buitrago-sanchez,1999-09-26,1999,Colombia,1.74,59.0,19.49,Bogotá,91,finished,40,9948,51,Climber,25,CO,Bahrain - Victorious,,,",,",1337,16106
20,RR,26 July 2025,Nantua,Pontarlier,184.2,2916,107,44.899,16.8 km solo,Tejada Harold,https://www.procyclingstats.com/rider/harold-tejada,1997-04-27,1997,Colombia,1.8,63.0,19.44,Pitalito,92,finished,44,10474,171,Climber,28,CO,XDS Astana Team,,,",,",1337,16106
20,RR,26 July 2025,Nantua,Pontarlier,184.2,2916,107,44.899,16.8 km solo,Pacher Quentin,https://www.procyclingstats.com/rider/quentin-pacher,1992-01-06,1992,France,1.79,62.0,19.35,Libourne,93,finished,45,10560,96,Hills,33,FR,Groupama - FDJ,,,",,",1337,16106
20,RR,26 July 2025,Nantua,Pontarlier,184.2,2916,107,44.899,16.8 km solo,Affini Edoardo,https://www.procyclingstats.com/rider/edoardo-affini,1996-06-24,1996,Italy,1.9,85.0,23.55,Mantua,94,finished,118,17693,12,TT,29,IT,Team Visma | Lease a Bike,,,",,",1337,16106
20,RR,26 July 2025,Nantua,Pontarlier,184.2,2916,107,44.899,16.8 km solo,Thomas Geraint,https://www.procyclingstats.com/rider/geraint-thomas,1986-05-25,1986,Great Britain,1.83,71.0,21.2,Cardiff,95,finished,58,11697,61,GC,39,GB,INEOS Grenadiers,,,",,",1337,16106
20,RR,26 July 2025,Nantua,Pontarlier,184.2,2916,107,44.899,16.8 km solo,Campenaerts Victor,https://www.procyclingstats.com/rider/victor-campenaerts,1991-10-28,1991,Belgium,1.73,68.0,22.72,Hoboken,96,finished,28,8436,14,TT,33,BE,Team Visma | Lease a Bike,,,",,",1337,16106
20,RR,26 July 2025,Nantua,Pontarlier,184.2,2916,107,44.899,16.8 km solo,Page Hugo,https://www.procyclingstats.com/rider/hugo-page,2001-07-24,2001,France,1.85,71.0,20.75,Chartres,97,finished,138,19463,44,Classic,24,FR,Intermarché - Wanty,,,",,",1337,16106
20,RR,26 July 2025,Nantua,Pontarlier,184.2,2916,107,44.899,16.8 km solo,Penhoët Paul,https://www.procyclingstats.com/rider/paul-penhoet,2001-12-28,2001,France,1.73,64.0,21.38,Clamart,98,finished,111,17084,97,Classic,23,FR,Groupama - FDJ,,,",,",1337,16106
20,RR,26 July 2025,Nantua,Pontarlier,184.2,2916,107,44.899,16.8 km solo,Kuss Sepp,https://www.procyclingstats.com/rider/sepp-kuss,1994-09-13,1994,United States,1.82,61.0,18.42,Durango,99,finished,17,4824,16,Climber,30,US,Team Visma | Lease a Bike,,,",,",1337,16106
20,RR,26 July 2025,Nantua,Pontarlier,184.2,2916,107,44.899,16.8 km solo,Verstrynge Emiel,https://www.procyclingstats.com/rider/emiel-verstrynge,2002-02-04,2002,Belgium,1.89,69.0,19.32,Eeklo,100,finished,65,12481,108,Climber,23,BE,Alpecin - Deceuninck,,,",,",1337,16106
20,RR,26 July 2025,Nantua,Pontarlier,184.2,2916,107,44.899,16.8 km solo,Scotson Callum,https://www.procyclingstats.com/rider/callum-scotson,1996-08-10,1996,Australia,1.83,77.0,22.99,Campbelltown,101,finished,33,8740,157,GC,28,AU,Decathlon AG2R La Mondiale Team,,,",,",1337,16106
20,RR,26 July 2025,Nantua,Pontarlier,184.2,2916,107,44.899,16.8 km solo,Yates Adam,https://www.procyclingstats.com/rider/adam-yates,1992-08-07,1992,Great Britain,1.73,58.0,19.38,Bury,102,finished,24,6521,8,Climber,32,GB,UAE Team Emirates - XRG,,,",,",1337,16106
20,RR,26 July 2025,Nantua,Pontarlier,184.2,2916,107,44.899,16.8 km solo,Wright Fred,https://www.procyclingstats.com/rider/alfred-wright,1999-06-13,1999,Great Britain,1.84,75.0,22.15,London,103,finished,104,15772,58,Hills,26,GB,Bahrain - Victorious,,,",,",1337,16106
20,RR,26 July 2025,Nantua,Pontarlier,184.2,2916,107,44.899,16.8 km solo,Valgren Michael,https://www.procyclingstats.com/rider/michael-valgren-andersen,1992-02-07,1992,Denmark,1.79,71.0,22.16,Østerild,104,finished,72,13021,37,Classic,33,DK,EF Education - EasyPost,,,",,",1337,16106
20,RR,26 July 2025,Nantua,Pontarlier,184.2,2916,107,44.899,16.8 km solo,Dainese Alberto,https://www.procyclingstats.com/rider/alberto-dainese,1998-03-25,1998,Italy,1.75,72.0,23.51,Abano Terme,105,finished,119,17791,112,Sprint,27,IT,Tudor Pro Cycling Team,,,",,",1337,16106
20,RR,26 July 2025,Nantua,Pontarlier,184.2,2916,107,44.899,16.8 km solo,Vlasov Aleksandr,https://www.procyclingstats.com/rider/aleksandr-vlasov,1996-04-23,1996,Russia,1.86,68.0,19.66,Vyborg,106,finished,27,8175,78,Climber,29,RU,Red Bull - BORA - hansgrohe,,,",,",1337,16106
20,RR,26 July 2025,Nantua,Pontarlier,184.2,2916,107,44.899,16.8 km solo,Simmons Quinn,https://www.procyclingstats.com/rider/quinn-simmons,2001-05-08,2001,United States,1.85,73.0,21.33,Durango,107,finished,59,11865,84,Hills,24,US,Lidl - Trek,,,",,",1337,16106
20,RR,26 July 2025,Nantua,Pontarlier,184.2,2916,107,44.899,16.8 km solo,Barta Will,https://www.procyclingstats.com/rider/william-barta,1996-01-04,1996,United States,1.8,61.0,18.83,Boise,108,finished,102,15607,142,TT,29,US,Movistar Team,,,",,",1337,16106
20,RR,26 July 2025,Nantua,Pontarlier,184.2,2916,107,44.899,16.8 km solo,Moscon Gianni,https://www.procyclingstats.com/rider/gianni-moscon,1994-04-20,1994,Italy,1.8,71.0,21.91,Trento,109,finished,105,16256,74,Classic,31,IT,Red Bull - BORA - hansgrohe,,,",,",1337,16106
20,RR,26 July 2025,Nantua,Pontarlier,184.2,2916,107,44.899,16.8 km solo,Edvardsen-Fredheim Stian,https://www.procyclingstats.com/rider/stian-fredheim,2003-03-23,2003,Norway,1.84,72.0,21.27,Kristiansand,110,finished,139,19601,224,Sprint,22,NO,Uno-X Mobility,,,",,",1337,16106
20,RR,26 July 2025,Nantua,Pontarlier,184.2,2916,107,44.899,16.8 km solo,Girmay Biniam,https://www.procyclingstats.com/rider/biniam-girmay,2000-04-02,2000,Eritrea,1.84,70.0,20.68,Asmara,111,finished,132,18895,41,Classic,25,ER,Intermarché - Wanty,,,22:27,1347,16116
20,RR,26 July 2025,Nantua,Pontarlier,184.2,2916,107,44.899,16.8 km solo,Cort Magnus,https://www.procyclingstats.com/rider/magnus-cort-nielsen,1993-01-16,1993,Denmark,1.84,68.0,20.09,Rønne,112,finished,130,18711,223,Hills,32,DK,Uno-X Mobility,,,",,",1347,16116
20,RR,26 July 2025,Nantua,Pontarlier,184.2,2916,107,44.899,16.8 km solo,Oliveira Nelson,https://www.procyclingstats.com/rider/nelson-oliveira,1989-03-06,1989,Portugal,1.8,67.0,20.68,Anadia,113,finished,74,13263,144,TT,36,PT,Movistar Team,,,",,",1347,16116
20,RR,26 July 2025,Nantua,Pontarlier,184.2,2916,107,44.899,16.8 km solo,Vercher Mattéo,https://www.procyclingstats.com/rider/matheo-vercher,2001-01-26,2001,France,1.71,,,Lyon,114,finished,124,18393,188,Hills,24,FR,TotalEnergies,,,22:29,1349,16118
20,RR,26 July 2025,Nantua,Pontarlier,184.2,2916,107,44.899,16.8 km solo,García Cortina Iván,https://www.procyclingstats.com/rider/ivan-garcia-cortina,1995-11-20,1995,Spain,1.83,77.0,22.99,Gijón,115,finished,117,17598,145,Classic,29,ES,Movistar Team,,,",,",1349,16118
20,RR,26 July 2025,Nantua,Pontarlier,184.2,2916,107,44.899,16.8 km solo,Romeo Iván,https://www.procyclingstats.com/rider/ivan-romeo,2003-08-16,2003,Spain,1.93,75.0,20.13,Valladolid,116,finished,107,16429,147,GC,21,ES,Movistar Team,,,22:33,1353,16122
20,RR,26 July 2025,Nantua,Pontarlier,184.2,2916,107,44.899,16.8 km solo,Castrillo Pablo,https://www.procyclingstats.com/rider/pablo-castrillo-zapater,2001-01-02,2001,Spain,1.83,74.0,22.1,Jaca,117,finished,110,16971,143,Climber,24,ES,Movistar Team,,,",,",1353,16122
20,RR,26 July 2025,Nantua,Pontarlier,184.2,2916,107,44.899,16.8 km solo,Nys Thibau,https://www.procyclingstats.com/rider/thibau-nys,2002-11-12,2002,Belgium,1.76,64.0,20.66,Bonheiden,118,finished,116,17442,83,Hills,22,BE,Lidl - Trek,,,",,",1353,16122
20,RR,26 July 2025,Nantua,Pontarlier,184.2,2916,107,44.899,16.8 km solo,Meeus Jordi,https://www.procyclingstats.com/rider/jordi-meeus,1998-07-01,1998,Belgium,1.9,80.0,22.16,Lommel,119,finished,158,20905,73,Classic,27,BE,Red Bull - BORA - hansgrohe,,,24:29,1469,16238
20,RR,26 July 2025,Nantua,Pontarlier,184.2,2916,107,44.899,16.8 km solo,Champoussin Clément,https://www.procyclingstats.com/rider/clement-champoussin,1998-05-29,1998,France,1.8,61.0,18.83,Nice,120,finished,85,14007,174,Climber,27,FR,XDS Astana Team,,,",,",1469,16238
20,RR,26 July 2025,Nantua,Pontarlier,184.2,2916,107,44.899,16.8 km solo,Sepúlveda Eduardo,https://www.procyclingstats.com/rider/eduardo-sepulveda,1991-06-13,1991,Argentina,1.73,59.0,19.71,Rawson,121,finished,122,18174,216,GC,34,AR,Lotto,,,28:49,1729,16498
20,RR,26 July 2025,Nantua,Pontarlier,184.2,2916,107,44.899,16.8 km solo,Sivakov Pavel,https://www.procyclingstats.com/rider/pavel-sivakov,1997-07-11,1997,France,1.88,70.0,19.81,San Donà di Piave Previous nationalities Russia until 2022,122,finished,87,14059,5,GC,28,FR,UAE Team Emirates - XRG,,,",,",1729,16498
20,RR,26 July 2025,Nantua,Pontarlier,184.2,2916,107,44.899,16.8 km solo,Rutsch Jonas,https://www.procyclingstats.com/rider/jonas-rutsch,1998-01-24,1998,Germany,1.97,82.0,21.13,Erbach im Odenwald,123,finished,128,18667,46,Classic,27,DE,Intermarché - Wanty,,,",,",1729,16498
20,RR,26 July 2025,Nantua,Pontarlier,184.2,2916,107,44.899,16.8 km solo,Rex Laurenz,https://www.procyclingstats.com/rider/laurenz-rex,1999-12-15,1999,Belgium,1.93,83.0,22.28,Marburg,124,finished,141,19756,45,Classic,25,BE,Intermarché - Wanty,,,",,",1729,16498
20,RR,26 July 2025,Nantua,Pontarlier,184.2,2916,107,44.899,16.8 km solo,Mohorič Matej,https://www.procyclingstats.com/rider/matej-mohoric,1994-10-19,1994,Slovenia,1.86,71.0,20.52,Kranj,125,finished,126,18617,56,Classic,30,SI,Bahrain - Victorious,,,",,",1729,16498
20,RR,26 July 2025,Nantua,Pontarlier,184.2,2916,107,44.899,16.8 km solo,Plapp Luke,https://www.procyclingstats.com/rider/luke-plapp,2000-12-25,2000,Australia,1.81,72.0,21.98,Melbourne,126,finished,121,18154,126,GC,24,AU,Team Jayco AlUla,,,",,",1729,16498
20,RR,26 July 2025,Nantua,Pontarlier,184.2,2916,107,44.899,16.8 km solo,Gradek Kamil,https://www.procyclingstats.com/rider/kamil-gradek,1990-09-17,1990,Poland,1.94,83.0,22.05,Koziegłowy,127,finished,155,20631,53,TT,34,PL,Bahrain - Victorious,,,",,",1729,16498
20,RR,26 July 2025,Nantua,Pontarlier,184.2,2916,107,44.899,16.8 km solo,Stannard Robert,https://www.procyclingstats.com/rider/robert-stannard,1998-09-16,1998,Australia,1.79,74.0,23.1,Sydney Previous nationalities New Zealand until 2016,128,finished,123,18210,57,Hills,26,AU,Bahrain - Victorious,,,",,",1729,16498
20,RR,26 July 2025,Nantua,Pontarlier,184.2,2916,107,44.899,16.8 km solo,Swift Connor,https://www.procyclingstats.com/rider/connor-swift,1995-10-30,1995,Great Britain,1.9,75.0,20.78,Thorne,129,finished,109,16830,67,Classic,29,GB,INEOS Grenadiers,,,",,",1729,16498
20,RR,26 July 2025,Nantua,Pontarlier,184.2,2916,107,44.899,16.8 km solo,Grignard Sébastien,https://www.procyclingstats.com/rider/sebastien-grignard,1999-04-29,1999,Belgium,1.79,68.0,21.22,Mons,130,finished,144,20028,215,Classic,26,BE,Lotto,,,",,",1729,16498
20,RR,26 July 2025,Nantua,Pontarlier,184.2,2916,107,44.899,16.8 km solo,Renard Alexis,https://www.procyclingstats.com/rider/alexis-renard,1999-06-01,1999,France,1.86,74.0,21.39,Saint-Brieuc,131,finished,145,20096,165,Classic,26,FR,Cofidis,,,",,",1729,16498
20,RR,26 July 2025,Nantua,Pontarlier,184.2,2916,107,44.899,16.8 km solo,Dillier Silvan,https://www.procyclingstats.com/rider/silvan-dillier,1990-08-03,1990,Switzerland,1.83,75.0,22.4,Aarau,132,finished,131,18852,102,Classic,34,CH,Alpecin - Deceuninck,,,",,",1729,16498
20,RR,26 July 2025,Nantua,Pontarlier,184.2,2916,107,44.899,16.8 km solo,Reinders Elmar,https://www.procyclingstats.com/rider/elmar-reinders,1992-03-14,1992,Netherlands,1.9,78.1,21.63,Emmen,133,finished,140,19730,127,Classic,33,NL,Team Jayco AlUla,,,",,",1729,16498
20,RR,26 July 2025,Nantua,Pontarlier,184.2,2916,107,44.899,16.8 km solo,Durbridge Luke,https://www.procyclingstats.com/rider/luke-durbridge,1991-04-09,1991,Australia,1.87,78.0,22.31,Greenmount,134,finished,137,19401,123,TT,34,AU,Team Jayco AlUla,,,",,",1729,16498
20,RR,26 July 2025,Nantua,Pontarlier,184.2,2916,107,44.899,16.8 km solo,Capiot Amaury,https://www.procyclingstats.com/rider/amaury-capiot,1993-06-25,1993,Belgium,1.86,69.0,19.94,Tongeren,135,finished,136,19358,132,Classic,32,BE,Arkéa - B&B Hotels,,,",,",1729,16498
20,RR,26 July 2025,Nantua,Pontarlier,184.2,2916,107,44.899,16.8 km solo,Groenewegen Dylan,https://www.procyclingstats.com/rider/dylan-groenewegen,1993-06-21,1993,Netherlands,1.77,70.0,22.34,Amsterdam,136,finished,150,20304,124,Sprint,32,NL,Team Jayco AlUla,,,",,",1729,16498
20,RR,26 July 2025,Nantua,Pontarlier,184.2,2916,107,44.899,16.8 km solo,Van Lerberghe Bert,https://www.procyclingstats.com/rider/bert-van-lerberghe,1992-09-29,1992,Belgium,1.9,83.0,22.99,Kortrijk,137,finished,147,20207,27,Classic,32,BE,Soudal Quick-Step,,,",,",1729,16498
20,RR,26 July 2025,Nantua,Pontarlier,184.2,2916,107,44.899,16.8 km solo,Démare Arnaud,https://www.procyclingstats.com/rider/arnaud-demare,1991-08-26,1991,France,1.81,76.0,23.2,Beauvais,138,finished,153,20435,134,Classic,33,FR,Arkéa - B&B Hotels,,,",,",1729,16498
20,RR,26 July 2025,Nantua,Pontarlier,184.2,2916,107,44.899,16.8 km solo,Boivin Guillaume,https://www.procyclingstats.com/rider/guillaume-boivin,1989-05-25,1989,Canada,1.8,78.0,24.07,Montreal,139,finished,149,20264,204,Classic,36,CA,Israel - Premier Tech,,,",,",1729,16498
20,RR,26 July 2025,Nantua,Pontarlier,184.2,2916,107,44.899,16.8 km solo,Haller Marco,https://www.procyclingstats.com/rider/marco-haller,1991-04-01,1991,Austria,1.78,72.0,22.72,Sankt Veit an der Glan,140,finished,97,14964,113,Classic,34,AT,Tudor Pro Cycling Team,,,",,",1729,16498
20,RR,26 July 2025,Nantua,Pontarlier,184.2,2916,107,44.899,16.8 km solo,Mezgec Luka,https://www.procyclingstats.com/rider/luka-mezgec,1988-06-27,1988,Slovenia,1.83,72.0,21.5,Kranj,141,finished,152,20408,125,Hills,37,SI,Team Jayco AlUla,,,",,",1729,16498
20,RR,26 July 2025,Nantua,Pontarlier,184.2,2916,107,44.899,16.8 km solo,Lienhard Fabian,https://www.procyclingstats.com/rider/fabian-lienhard,1993-09-03,1993,Switzerland,1.83,73.0,21.8,Steinmaur,142,finished,157,20760,115,Classic,31,CH,Tudor Pro Cycling Team,,,",,",1729,16498
20,RR,26 July 2025,Nantua,Pontarlier,184.2,2916,107,44.899,16.8 km solo,Bauhaus Phil,https://www.procyclingstats.com/rider/phil-bauhaus,1994-07-08,1994,Germany,1.84,75.0,22.15,Bocholt,143,finished,151,20369,52,Sprint,31,DE,Bahrain - Victorious,,,",,",1729,16498
20,RR,26 July 2025,Nantua,Pontarlier,184.2,2916,107,44.899,16.8 km solo,Flynn Sean,https://www.procyclingstats.com/rider/sean-flynn,2000-03-02,2000,Great Britain,1.77,67.0,21.39,Edinburgh,144,finished,134,19093,194,GC,25,GB,Team Picnic PostNL,,,",,",1729,16498
20,RR,26 July 2025,Nantua,Pontarlier,184.2,2916,107,44.899,16.8 km solo,Merlier Tim,https://www.procyclingstats.com/rider/tim-merlier,1992-10-30,1992,Belgium,1.88,76.0,21.5,Wortegem-Petegem,145,finished,148,20239,24,Sprint,32,BE,Soudal Quick-Step,,,",,",1729,16498
20,RR,26 July 2025,Nantua,Pontarlier,184.2,2916,107,44.899,16.8 km solo,Bittner Pavel,https://www.procyclingstats.com/rider/pavel-bittner,2002-10-29,2002,Czech Republic,1.84,73.0,21.56,Olomouc,146,finished,133,19064,193,Sprint,22,CZ,Team Picnic PostNL,,,",,",1729,16498
20,RR,26 July 2025,Nantua,Pontarlier,184.2,2916,107,44.899,16.8 km solo,Vermeersch Gianni,https://www.procyclingstats.com/rider/gianni-vermeersch,1992-11-19,1992,Belgium,1.73,68.0,22.72,Roeselare,147,finished,103,15749,107,Classic,32,BE,Alpecin - Deceuninck,,,",,",1729,16498
20,RR,26 July 2025,Nantua,Pontarlier,184.2,2916,107,44.899,16.8 km solo,Burgaudeau Mathieu,https://www.procyclingstats.com/rider/mathieu-burgaudeau,1998-11-17,1998,France,1.68,61.0,21.61,Noirmoutier-en-l'Île,148,finished,63,12378,182,Hills,26,FR,TotalEnergies,,,",,",1729,16498
20,RR,26 July 2025,Nantua,Pontarlier,184.2,2916,107,44.899,16.8 km solo,Theuns Edward,https://www.procyclingstats.com/rider/edward-theuns,1991-04-30,1991,Belgium,1.83,72.0,21.5,Ghent,149,finished,159,21085,88,Classic,34,BE,Lidl - Trek,,,",,",1729,16498
20,RR,26 July 2025,Nantua,Pontarlier,184.2,2916,107,44.899,16.8 km solo,Milan Jonathan,https://www.procyclingstats.com/rider/jonathan-milan,2000-10-01,2000,Italy,1.94,84.0,22.32,Tolmezzo,150,finished,146,20135,81,Sprint,24,IT,Lidl - Trek,,,",,",1729,16498
20,RR,26 July 2025,Nantua,Pontarlier,184.2,2916,107,44.899,16.8 km solo,Consonni Simone,https://www.procyclingstats.com/rider/simone-consonni,1994-09-12,1994,Italy,1.65,60.0,22.04,Ponte San Pietro,151,finished,160,21100,82,Classic,30,IT,Lidl - Trek,,,",,",1729,16498
20,RR,26 July 2025,Nantua,Pontarlier,184.2,2916,107,44.899,16.8 km solo,van Sintmaartensdijk Roel,https://www.procyclingstats.com/rider/roel-van-sintmaartensdijk,2001-05-08,2001,Netherlands,1.97,77.0,19.84,Zuidland,152,finished,156,20651,47,GC,24,NL,Intermarché - Wanty,,,",,",1729,16498
20,RR,26 July 2025,Nantua,Pontarlier,184.2,2916,107,44.899,16.8 km solo,Braet Vito,https://www.procyclingstats.com/rider/vito-braet,2000-11-02,2000,Belgium,1.84,68.0,20.09,Hulste,153,finished,143,19924,43,Classic,24,BE,Intermarché - Wanty,,,",,",1729,16498
20,RR,26 July 2025,Nantua,Pontarlier,184.2,2916,107,44.899,16.8 km solo,Albanese Vincenzo,https://www.procyclingstats.com/rider/vincenzo-albanese,1996-11-12,1996,Italy,1.75,70.0,22.86,Oliveto Citra,154,finished,114,17300,32,Hills,28,IT,EF Education - EasyPost,,,",,",1729,16498
20,RR,26 July 2025,Nantua,Pontarlier,184.2,2916,107,44.899,16.8 km solo,Lutsenko Alexey,https://www.procyclingstats.com/rider/aleksey-lutsenko,1992-09-07,1992,Kazakhstan,1.74,74.0,24.44,Petropavl,155,finished,92,14392,206,GC,32,KZ,Israel - Premier Tech,,,",,",1729,16498
20,RR,26 July 2025,Nantua,Pontarlier,184.2,2916,107,44.899,16.8 km solo,Ackermann Pascal,https://www.procyclingstats.com/rider/pascal-ackermann,1994-01-17,1994,Germany,1.8,78.0,24.07,Kandel,156,finished,125,18597,202,Sprint,31,DE,Israel - Premier Tech,,,",,",1729,16498
20,RR,26 July 2025,Nantua,Pontarlier,184.2,2916,107,44.899,16.8 km solo,Märkl Niklas,https://www.procyclingstats.com/rider/niklas-markl,1999-03-03,1999,Germany,1.85,70.0,20.45,Queidersbach,157,finished,112,17183,196,Sprint,26,DE,Team Picnic PostNL,,,",,",1729,16498
20,RR,26 July 2025,Nantua,Pontarlier,184.2,2916,107,44.899,16.8 km solo,Thomas Benjamin,https://www.procyclingstats.com/rider/benjamin-thomas-2,1995-09-12,1995,France,1.79,68.0,21.22,Lavaur,158,finished,154,20476,167,TT,29,FR,Cofidis,,,",,",1729,16498
20,RR,26 July 2025,Nantua,Pontarlier,184.2,2916,107,44.899,16.8 km solo,De Lie Arnaud,https://www.procyclingstats.com/rider/arnaud-de-lie,2002-03-16,2002,Belgium,1.82,78.0,23.55,Libramont,159,finished,142,19775,211,Classic,23,BE,Lotto,,,",,",1729,16498
20,RR,26 July 2025,Nantua,Pontarlier,184.2,2916,107,44.899,16.8 km solo,Alaphilippe Julian,https://www.procyclingstats.com/rider/julian-alaphilippe,1992-06-11,1992,France,1.73,62.0,20.72,Saint-Amand-Montrond,160,finished,56,11600,111,Classic,33,FR,Tudor Pro Cycling Team,,,",,",1729,16498
20,RR,26 July 2025,Nantua,Pontarlier,184.2,2916,107,44.899,16.8 km solo,Fedorov Yevgeniy,https://www.procyclingstats.com/rider/yevgeniy-fedorov,2000-02-16,2000,Kazakhstan,1.93,80.0,21.48,Aktobe,,DNS,,,175,Classic,25,KZ,XDS Astana Team,,,,,
21,RR,27 July 2025,Mantes-la-Ville,Paris (Champs-Élysées),132.3,1129,26,42.336,6.4 km solo,van Aert Wout,https://www.procyclingstats.com/rider/wout-van-aert,1994-09-15,1994,Belgium,1.9,78.0,21.61,Herentals,1,finished,67,12836,17,Classic,30,BE,Team Visma | Lease a Bike,210.0,100.0,3:07:30,0,11250
21,RR,27 July 2025,Mantes-la-Ville,Paris (Champs-Élysées),132.3,1129,26,42.336,6.4 km solo,Ballerini Davide,https://www.procyclingstats.com/rider/davide-ballerini,1994-09-21,1994,Italy,1.83,71.0,21.2,Cantù,2,finished,135,19222,172,Classic,30,IT,XDS Astana Team,150.0,70.0,0:19,19,11269
21,RR,27 July 2025,Mantes-la-Ville,Paris (Champs-Élysées),132.3,1129,26,42.336,6.4 km solo,Mohorič Matej,https://www.procyclingstats.com/rider/matej-mohoric,1994-10-19,1994,Slovenia,1.86,71.0,20.52,Kranj,3,finished,126,18613,56,Classic,30,SI,Bahrain - Victorious,110.0,50.0,",,",19,11269
21,RR,27 July 2025,Mantes-la-Ville,Paris (Champs-Élysées),132.3,1129,26,42.336,6.4 km solo,Pogačar Tadej,https://www.procyclingstats.com/rider/tadej-pogacar,1998-09-21,1998,Slovenia,1.76,66.0,21.31,Klanec,4,finished,1,0,1,Climber,26,SI,UAE Team Emirates - XRG,90.0,40.0,",,",19,11269
21,RR,27 July 2025,Mantes-la-Ville,Paris (Champs-Élysées),132.3,1129,26,42.336,6.4 km solo,Jorgenson Matteo,https://www.procyclingstats.com/rider/matteo-jorgenson,1999-07-01,1999,United States,1.9,69.0,19.11,Walnut Creek,5,finished,19,5368,15,GC,26,US,Team Visma | Lease a Bike,70.0,32.0,0:26,26,11276
21,RR,27 July 2025,Mantes-la-Ville,Paris (Champs-Élysées),132.3,1129,26,42.336,6.4 km solo,Trentin Matteo,https://www.procyclingstats.com/rider/matteo-trentin,1989-08-02,1989,Italy,1.79,74.0,23.1,Borgo Valsugana,6,finished,99,15151,118,Classic,35,IT,Tudor Pro Cycling Team,55.0,26.0,0:38,38,11288
21,RR,27 July 2025,Mantes-la-Ville,Paris (Champs-Élysées),132.3,1129,26,42.336,6.4 km solo,De Lie Arnaud,https://www.procyclingstats.com/rider/arnaud-de-lie,2002-03-16,2002,Belgium,1.82,78.0,23.55,Libramont,7,finished,142,19775,211,Classic,23,BE,Lotto,45.0,22.0,1:14,74,11324
21,RR,27 July 2025,Mantes-la-Ville,Paris (Champs-Élysées),132.3,1129,26,42.336,6.4 km solo,Vauquelin Kévin,https://www.procyclingstats.com/rider/kevin-vauquelin,2001-04-26,2001,France,1.76,69.0,22.28,Bayeux,8,finished,7,1355,131,GC,24,FR,Arkéa - B&B Hotels,40.0,18.0,",,",74,11324
21,RR,27 July 2025,Mantes-la-Ville,Paris (Champs-Élysées),132.3,1129,26,42.336,6.4 km solo,Teunissen Mike,https://www.procyclingstats.com/rider/mike-teunissen,1992-08-25,1992,Netherlands,1.84,73.0,21.56,Ysselsteyn,9,finished,80,13768,177,Classic,32,NL,XDS Astana Team,35.0,14.0,",,",74,11324
21,RR,27 July 2025,Mantes-la-Ville,Paris (Champs-Élysées),132.3,1129,26,42.336,6.4 km solo,Teuns Dylan,https://www.procyclingstats.com/rider/dylan-teuns,1992-03-01,1992,Belgium,1.81,64.0,19.54,Diest,10,finished,90,14148,166,GC,33,BE,Cofidis,30.0,10.0,",,",74,11324
21,RR,27 July 2025,Mantes-la-Ville,Paris (Champs-Élysées),132.3,1129,26,42.336,6.4 km solo,Groves Kaden,https://www.procyclingstats.com/rider/kaden-groves,1998-12-23,1998,Australia,1.76,76.0,24.54,Gympie,11,finished,86,14009,103,Hills,26,AU,Alpecin - Deceuninck,25.0,8.0,1:22,82,11332
21,RR,27 July 2025,Mantes-la-Ville,Paris (Champs-Élysées),132.3,1129,26,42.336,6.4 km solo,Andresen Tobias Lund,https://www.procyclingstats.com/rider/tobias-lund-andresen,2002-08-20,2002,Denmark,1.81,69.0,21.06,Taastrup,12,finished,96,14811,195,Classic,22,DK,Team Picnic PostNL,20.0,6.0,",,",82,11332
21,RR,27 July 2025,Mantes-la-Ville,Paris (Champs-Élysées),132.3,1129,26,42.336,6.4 km solo,Girmay Biniam,https://www.procyclingstats.com/rider/biniam-girmay,2000-04-02,2000,Eritrea,1.84,70.0,20.68,Asmara,13,finished,132,18895,41,Classic,25,ER,Intermarché - Wanty,15.0,4.0,",,",82,11332
21,RR,27 July 2025,Mantes-la-Ville,Paris (Champs-Élysées),132.3,1129,26,42.336,6.4 km solo,Aranburu Alex,https://www.procyclingstats.com/rider/alex-aranburu,1995-09-19,1995,Spain,1.78,63.0,19.88,Ezkio-Itsaso,14,finished,81,13769,162,Classic,29,ES,Cofidis,10.0,2.0,",,",82,11332
21,RR,27 July 2025,Mantes-la-Ville,Paris (Champs-Élysées),132.3,1129,26,42.336,6.4 km solo,Powless Neilson,https://www.procyclingstats.com/rider/neilson-powless,1996-09-03,1996,United States,1.83,67.0,20.01,Eglin,15,finished,47,10732,35,Classic,28,US,EF Education - EasyPost,5.0,1.0,",,",82,11332
21,RR,27 July 2025,Mantes-la-Ville,Paris (Champs-Élysées),132.3,1129,26,42.336,6.4 km solo,Abrahamsen Jonas,https://www.procyclingstats.com/rider/jonas-abrahamsen,1995-09-20,1995,Norway,1.83,78.0,23.29,Skien,16,finished,71,12981,222,Classic,29,NO,Uno-X Mobility,,,",,",82,11332
21,RR,27 July 2025,Mantes-la-Ville,Paris (Champs-Élysées),132.3,1129,26,42.336,6.4 km solo,Paret-Peintre Valentin,https://www.procyclingstats.com/rider/valentin-paret-peintre,2001-01-14,2001,France,1.78,52.0,16.41,Annemasse,17,finished,41,10025,25,Climber,24,FR,Soudal Quick-Step,,,",,",82,11332
21,RR,27 July 2025,Mantes-la-Ville,Paris (Champs-Élysées),132.3,1129,26,42.336,6.4 km solo,Russo Clément,https://www.procyclingstats.com/rider/clement-russo,1995-01-20,1995,France,1.87,74.0,21.16,Lyon,18,finished,93,14504,98,Classic,30,FR,Groupama - FDJ,,,",,",82,11332
21,RR,27 July 2025,Mantes-la-Ville,Paris (Champs-Élysées),132.3,1129,26,42.336,6.4 km solo,Alaphilippe Julian,https://www.procyclingstats.com/rider/julian-alaphilippe,1992-06-11,1992,France,1.73,62.0,20.72,Saint-Amand-Montrond,19,finished,56,11600,111,Classic,33,FR,Tudor Pro Cycling Team,,,",,",82,11332
21,RR,27 July 2025,Mantes-la-Ville,Paris (Champs-Élysées),132.3,1129,26,42.336,6.4 km solo,Laurance Axel,https://www.procyclingstats.com/rider/axel-laurance,2001-04-13,2001,France,1.79,63.0,19.66,Calan,20,finished,53,11410,65,Hills,24,FR,INEOS Grenadiers,,,",,",82,11332
21,RR,27 July 2025,Mantes-la-Ville,Paris (Champs-Élysées),132.3,1129,26,42.336,6.4 km solo,Campenaerts Victor,https://www.procyclingstats.com/rider/victor-campenaerts,1991-10-28,1991,Belgium,1.73,68.0,22.72,Hoboken,21,finished,28,8436,14,TT,33,BE,Team Visma | Lease a Bike,,,1:34,94,11344
21,RR,27 July 2025,Mantes-la-Ville,Paris (Champs-Élysées),132.3,1129,26,42.336,6.4 km solo,Wright Fred,https://www.procyclingstats.com/rider/alfred-wright,1999-06-13,1999,Great Britain,1.84,75.0,22.15,London,22,finished,104,15772,58,Hills,26,GB,Bahrain - Victorious,,,1:46,106,11356
21,RR,27 July 2025,Mantes-la-Ville,Paris (Champs-Élysées),132.3,1129,26,42.336,6.4 km solo,Tronchon Bastien,https://www.procyclingstats.com/rider/bastien-tronchon,2002-03-29,2002,France,1.85,72.0,21.04,Chambéry,23,finished,77,13596,158,Classic,23,FR,Decathlon AG2R La Mondiale Team,,,2:07,127,11377
21,RR,27 July 2025,Mantes-la-Ville,Paris (Champs-Élysées),132.3,1129,26,42.336,6.4 km solo,Paret-Peintre Aurélien,https://www.procyclingstats.com/rider/aurelien-paret-peintre,1996-02-27,1996,France,1.84,64.0,18.9,Annemasse,24,finished,25,7972,156,GC,29,FR,Decathlon AG2R La Mondiale Team,,,",,",127,11377
21,RR,27 July 2025,Mantes-la-Ville,Paris (Champs-Élysées),132.3,1129,26,42.336,6.4 km solo,Berckmoes Jenno,https://www.procyclingstats.com/rider/jenno-berckmoes,2001-02-04,2001,Belgium,1.77,61.0,19.47,Ghent,25,finished,66,12792,212,Classic,24,BE,Lotto,,,",,",127,11377
21,RR,27 July 2025,Mantes-la-Ville,Paris (Champs-Élysées),132.3,1129,26,42.336,6.4 km solo,Stuyven Jasper,https://www.procyclingstats.com/rider/jasper-stuyven,1992-04-17,1992,Belgium,1.87,80.0,22.88,Leuven,26,finished,62,12371,87,Classic,33,BE,Lidl - Trek,,,",,",127,11377
21,RR,27 July 2025,Mantes-la-Ville,Paris (Champs-Élysées),132.3,1129,26,42.336,6.4 km solo,Bittner Pavel,https://www.procyclingstats.com/rider/pavel-bittner,2002-10-29,2002,Czech Republic,1.84,73.0,21.56,Olomouc,27,finished,133,19064,193,Sprint,22,CZ,Team Picnic PostNL,,,3:20,200,11450
21,RR,27 July 2025,Mantes-la-Ville,Paris (Champs-Élysées),132.3,1129,26,42.336,6.4 km solo,Louvel Matis,https://www.procyclingstats.com/rider/matis-louvel,1999-07-19,1999,France,1.87,77.0,22.02,Mont Saint Aignan,28,finished,100,15181,205,Classic,26,FR,Israel - Premier Tech,,,3:42,222,11472
21,RR,27 July 2025,Mantes-la-Ville,Paris (Champs-Élysées),132.3,1129,26,42.336,6.4 km solo,Eenkhoorn Pascal,https://www.procyclingstats.com/rider/pascal-eenkhoorn,1997-02-08,1997,Netherlands,1.85,72.0,21.04,Zwolle,29,finished,49,10825,23,Classic,28,NL,Soudal Quick-Step,,,4:34,274,11524
21,RR,27 July 2025,Mantes-la-Ville,Paris (Champs-Élysées),132.3,1129,26,42.336,6.4 km solo,Askey Lewis,https://www.procyclingstats.com/rider/lewis-askey,2001-05-04,2001,Great Britain,1.87,75.0,21.45,Cannock,30,finished,127,18640,92,Classic,24,GB,Groupama - FDJ,,,5:08,308,11558
21,RR,27 July 2025,Mantes-la-Ville,Paris (Champs-Élysées),132.3,1129,26,42.336,6.4 km solo,Stewart Jake,https://www.procyclingstats.com/rider/jake-stewart,1999-10-02,1999,Great Britain,1.79,66.0,20.6,Coventry,31,finished,108,16597,208,Hills,25,GB,Israel - Premier Tech,,,",,",308,11558
21,RR,27 July 2025,Mantes-la-Ville,Paris (Champs-Élysées),132.3,1129,26,42.336,6.4 km solo,Skujiņš Toms,https://www.procyclingstats.com/rider/toms-skujins,1991-06-15,1991,Latvia,1.81,72.0,21.98,Sigulda,32,finished,95,14656,86,Classic,34,LV,Lidl - Trek,,,",,",308,11558
21,RR,27 July 2025,Mantes-la-Ville,Paris (Champs-Élysées),132.3,1129,26,42.336,6.4 km solo,Boivin Guillaume,https://www.procyclingstats.com/rider/guillaume-boivin,1989-05-25,1989,Canada,1.8,78.0,24.07,Montreal,33,finished,149,20264,204,Classic,36,CA,Israel - Premier Tech,,,",,",308,11558
21,RR,27 July 2025,Mantes-la-Ville,Paris (Champs-Élysées),132.3,1129,26,42.336,6.4 km solo,Neilands Krists,https://www.procyclingstats.com/rider/krists-neilands,1994-08-18,1994,Latvia,1.89,69.0,19.32,Kuldīga,34,finished,88,14065,207,Classic,30,LV,Israel - Premier Tech,,,",,",308,11558
21,RR,27 July 2025,Mantes-la-Ville,Paris (Champs-Élysées),132.3,1129,26,42.336,6.4 km solo,Flynn Sean,https://www.procyclingstats.com/rider/sean-flynn,2000-03-02,2000,Great Britain,1.77,67.0,21.39,Edinburgh,35,finished,134,19093,194,GC,25,GB,Team Picnic PostNL,,,",,",308,11558
21,RR,27 July 2025,Mantes-la-Ville,Paris (Champs-Élysées),132.3,1129,26,42.336,6.4 km solo,García Cortina Iván,https://www.procyclingstats.com/rider/ivan-garcia-cortina,1995-11-20,1995,Spain,1.83,77.0,22.99,Gijón,36,finished,117,17598,145,Classic,29,ES,Movistar Team,,,",,",308,11558
21,RR,27 July 2025,Mantes-la-Ville,Paris (Champs-Élysées),132.3,1129,26,42.336,6.4 km solo,Thomas Geraint,https://www.procyclingstats.com/rider/geraint-thomas,1986-05-25,1986,Great Britain,1.83,71.0,21.2,Cardiff,37,finished,58,11697,61,GC,39,GB,INEOS Grenadiers,,,",,",308,11558
21,RR,27 July 2025,Mantes-la-Ville,Paris (Champs-Élysées),132.3,1129,26,42.336,6.4 km solo,Gachignard Thomas,https://www.procyclingstats.com/rider/thomas-gachignard,2000-08-17,2000,France,,,,Niort,38,finished,60,12194,184,GC,24,FR,TotalEnergies,,,",,",308,11558
21,RR,27 July 2025,Mantes-la-Ville,Paris (Champs-Élysées),132.3,1129,26,42.336,6.4 km solo,Delettre Alexandre,https://www.procyclingstats.com/rider/alexandre-delettre,1997-10-25,1997,France,1.7,62.0,21.45,Gonesse,39,finished,55,11548,183,Classic,27,FR,TotalEnergies,,,",,",308,11558
21,RR,27 July 2025,Mantes-la-Ville,Paris (Champs-Élysées),132.3,1129,26,42.336,6.4 km solo,Asgreen Kasper,https://www.procyclingstats.com/rider/kasper-asgreen,1995-02-08,1995,Denmark,1.93,75.0,20.13,Kolding,40,finished,91,14305,33,TT,30,DK,EF Education - EasyPost,,,",,",308,11558
21,RR,27 July 2025,Mantes-la-Ville,Paris (Champs-Élysées),132.3,1129,26,42.336,6.4 km solo,Milan Jonathan,https://www.procyclingstats.com/rider/jonathan-milan,2000-10-01,2000,Italy,1.94,84.0,22.32,Tolmezzo,41,finished,146,20135,81,Sprint,24,IT,Lidl - Trek,,,",,",308,11558
21,RR,27 July 2025,Mantes-la-Ville,Paris (Champs-Élysées),132.3,1129,26,42.336,6.4 km solo,Swift Connor,https://www.procyclingstats.com/rider/connor-swift,1995-10-30,1995,Great Britain,1.9,75.0,20.78,Thorne,42,finished,109,16830,67,Classic,29,GB,INEOS Grenadiers,,,",,",308,11558
21,RR,27 July 2025,Mantes-la-Ville,Paris (Champs-Élysées),132.3,1129,26,42.336,6.4 km solo,Madouas Valentin,https://www.procyclingstats.com/rider/valentin-madouas,1996-07-12,1996,France,1.79,71.0,22.16,Brest,43,finished,21,5986,95,Classic,29,FR,Groupama - FDJ,,,",,",308,11558
21,RR,27 July 2025,Mantes-la-Ville,Paris (Champs-Élysées),132.3,1129,26,42.336,6.4 km solo,Martin Guillaume,https://www.procyclingstats.com/rider/guillaume-martin,1993-06-09,1993,France,1.73,55.0,18.38,Paris,44,finished,16,4687,91,Climber,32,FR,Groupama - FDJ,,,",,",308,11558
21,RR,27 July 2025,Mantes-la-Ville,Paris (Champs-Élysées),132.3,1129,26,42.336,6.4 km solo,Mezgec Luka,https://www.procyclingstats.com/rider/luka-mezgec,1988-06-27,1988,Slovenia,1.83,72.0,21.5,Kranj,45,finished,152,20408,125,Hills,37,SI,Team Jayco AlUla,,,",,",308,11558
21,RR,27 July 2025,Mantes-la-Ville,Paris (Champs-Élysées),132.3,1129,26,42.336,6.4 km solo,Groenewegen Dylan,https://www.procyclingstats.com/rider/dylan-groenewegen,1993-06-21,1993,Netherlands,1.77,70.0,22.34,Amsterdam,46,finished,150,20304,124,Sprint,32,NL,Team Jayco AlUla,,,",,",308,11558
21,RR,27 July 2025,Mantes-la-Ville,Paris (Champs-Élysées),132.3,1129,26,42.336,6.4 km solo,Stannard Robert,https://www.procyclingstats.com/rider/robert-stannard,1998-09-16,1998,Australia,1.79,74.0,23.1,Sydney Previous nationalities New Zealand until 2016,47,finished,123,18210,57,Hills,26,AU,Bahrain - Victorious,,,",,",308,11558
21,RR,27 July 2025,Mantes-la-Ville,Paris (Champs-Élysées),132.3,1129,26,42.336,6.4 km solo,Izagirre Ion,https://www.procyclingstats.com/rider/ion-izagirre,1989-02-04,1989,Spain,1.73,60.0,20.05,Ormaiztegi,48,finished,69,12902,164,GC,36,ES,Cofidis,,,",,",308,11558
21,RR,27 July 2025,Mantes-la-Ville,Paris (Champs-Élysées),132.3,1129,26,42.336,6.4 km solo,Venturini Clément,https://www.procyclingstats.com/rider/clement-venturini,1993-10-16,1993,France,1.65,60.0,22.04,Villeurbanne,49,finished,43,10359,138,Classic,31,FR,Arkéa - B&B Hotels,,,",,",308,11558
21,RR,27 July 2025,Mantes-la-Ville,Paris (Champs-Élysées),132.3,1129,26,42.336,6.4 km solo,Barguil Warren,https://www.procyclingstats.com/rider/warren-barguil,1991-10-28,1991,France,1.83,61.0,18.21,Hennebont,50,finished,23,6489,192,Climber,33,FR,Team Picnic PostNL,,,5:14,314,11564
21,RR,27 July 2025,Mantes-la-Ville,Paris (Champs-Élysées),132.3,1129,26,42.336,6.4 km solo,Meeus Jordi,https://www.procyclingstats.com/rider/jordi-meeus,1998-07-01,1998,Belgium,1.9,80.0,22.16,Lommel,51,finished,158,20905,73,Classic,27,BE,Red Bull - BORA - hansgrohe,,,",,",314,11564
21,RR,27 July 2025,Mantes-la-Ville,Paris (Champs-Élysées),132.3,1129,26,42.336,6.4 km solo,Lipowitz Florian,https://www.procyclingstats.com/rider/florian-lipowitz,2000-09-21,2000,Germany,1.81,68.0,20.76,Laichingen,52,finished,3,660,72,GC,24,DE,Red Bull - BORA - hansgrohe,,,",,",314,11564
21,RR,27 July 2025,Mantes-la-Ville,Paris (Champs-Élysées),132.3,1129,26,42.336,6.4 km solo,Démare Arnaud,https://www.procyclingstats.com/rider/arnaud-demare,1991-08-26,1991,France,1.81,76.0,23.2,Beauvais,53,finished,153,20435,134,Classic,33,FR,Arkéa - B&B Hotels,,,5:56,356,11606
21,RR,27 July 2025,Mantes-la-Ville,Paris (Champs-Élysées),132.3,1129,26,42.336,6.4 km solo,Foss Tobias,https://www.procyclingstats.com/rider/tobias-foss,1997-05-25,1997,Norway,1.84,74.0,21.86,Vingrom,54,finished,70,12915,63,TT,28,NO,INEOS Grenadiers,,,6:36,396,11646
21,RR,27 July 2025,Mantes-la-Ville,Paris (Champs-Élysées),132.3,1129,26,42.336,6.4 km solo,Haller Marco,https://www.procyclingstats.com/rider/marco-haller,1991-04-01,1991,Austria,1.78,72.0,22.72,Sankt Veit an der Glan,55,finished,97,14964,113,Classic,34,AT,Tudor Pro Cycling Team,,,7:26,446,11696
21,RR,27 July 2025,Mantes-la-Ville,Paris (Champs-Élysées),132.3,1129,26,42.336,6.4 km solo,Mayrhofer Marius,https://www.procyclingstats.com/rider/marius-mayrhofer,2000-09-18,2000,Germany,1.82,70.0,21.13,Tübingen,56,finished,83,13998,116,Hills,24,DE,Tudor Pro Cycling Team,,,",,",446,11696
21,RR,27 July 2025,Mantes-la-Ville,Paris (Champs-Élysées),132.3,1129,26,42.336,6.4 km solo,O'Connor Ben,https://www.procyclingstats.com/rider/ben-o-connor,1995-11-25,1995,Australia,1.88,67.0,18.96,Subiaco,57,finished,11,2074,121,GC,29,AU,Team Jayco AlUla,,,",,",446,11696
21,RR,27 July 2025,Mantes-la-Ville,Paris (Champs-Élysées),132.3,1129,26,42.336,6.4 km solo,Arensman Thymen,https://www.procyclingstats.com/rider/thymen-arensman,1999-12-04,1999,Netherlands,1.9,68.0,18.84,Deil,58,finished,12,3161,62,GC,25,NL,INEOS Grenadiers,,,",,",446,11696
21,RR,27 July 2025,Mantes-la-Ville,Paris (Champs-Élysées),132.3,1129,26,42.336,6.4 km solo,Blackmore Joseph,https://www.procyclingstats.com/rider/joseph-blackmore,2003-02-23,2003,Great Britain,1.81,66.0,20.15,Sidcup,59,finished,48,10744,203,GC,22,GB,Israel - Premier Tech,,,",,",446,11696
21,RR,27 July 2025,Mantes-la-Ville,Paris (Champs-Élysées),132.3,1129,26,42.336,6.4 km solo,Oliveira Nelson,https://www.procyclingstats.com/rider/nelson-oliveira,1989-03-06,1989,Portugal,1.8,67.0,20.68,Anadia,60,finished,74,13263,144,TT,36,PT,Movistar Team,,,",,",446,11696
21,RR,27 July 2025,Mantes-la-Ville,Paris (Champs-Élysées),132.3,1129,26,42.336,6.4 km solo,Jegat Jordan,https://www.procyclingstats.com/rider/jordan-jegat,1999-06-07,1999,France,1.76,59.0,19.05,Vannes,61,finished,10,1962,186,Climber,26,FR,TotalEnergies,,,",,",446,11696
21,RR,27 July 2025,Mantes-la-Ville,Paris (Champs-Élysées),132.3,1129,26,42.336,6.4 km solo,Martinez Lenny,https://www.procyclingstats.com/rider/lenny-martinez,2003-07-11,2003,France,1.68,52.0,18.42,Cannes,62,finished,79,13745,55,Climber,22,FR,Bahrain - Victorious,,,",,",446,11696
21,RR,27 July 2025,Mantes-la-Ville,Paris (Champs-Élysées),132.3,1129,26,42.336,6.4 km solo,Naesen Oliver,https://www.procyclingstats.com/rider/oliver-naesen,1990-09-16,1990,Belgium,1.84,74.0,21.86,Oostende,63,finished,73,13168,155,Classic,34,BE,Decathlon AG2R La Mondiale Team,,,",,",446,11696
21,RR,27 July 2025,Mantes-la-Ville,Paris (Champs-Élysées),132.3,1129,26,42.336,6.4 km solo,Edvardsen-Fredheim Stian,https://www.procyclingstats.com/rider/stian-fredheim,2003-03-23,2003,Norway,1.84,72.0,21.27,Kristiansand,64,finished,139,19601,224,Sprint,22,NO,Uno-X Mobility,,,",,",446,11696
21,RR,27 July 2025,Mantes-la-Ville,Paris (Champs-Élysées),132.3,1129,26,42.336,6.4 km solo,Van Lerberghe Bert,https://www.procyclingstats.com/rider/bert-van-lerberghe,1992-09-29,1992,Belgium,1.9,83.0,22.99,Kortrijk,65,finished,147,20207,27,Classic,32,BE,Soudal Quick-Step,,,",,",446,11696
21,RR,27 July 2025,Mantes-la-Ville,Paris (Champs-Élysées),132.3,1129,26,42.336,6.4 km solo,Meurisse Xandro,https://www.procyclingstats.com/rider/xandro-meurisse,1992-01-31,1992,Belgium,1.81,68.0,20.76,Kortrijk,66,finished,22,6226,104,GC,33,BE,Alpecin - Deceuninck,,,",,",446,11696
21,RR,27 July 2025,Mantes-la-Ville,Paris (Champs-Élysées),132.3,1129,26,42.336,6.4 km solo,Renard Alexis,https://www.procyclingstats.com/rider/alexis-renard,1999-06-01,1999,France,1.86,74.0,21.39,Saint-Brieuc,67,finished,145,20096,165,Classic,26,FR,Cofidis,,,",,",446,11696
21,RR,27 July 2025,Mantes-la-Ville,Paris (Champs-Élysées),132.3,1129,26,42.336,6.4 km solo,Grégoire Romain,https://www.procyclingstats.com/rider/romain-gregoire,2003-01-21,2003,France,1.76,64.0,20.66,Besançon,68,finished,34,8758,94,Classic,22,FR,Groupama - FDJ,,,",,",446,11696
21,RR,27 July 2025,Mantes-la-Ville,Paris (Champs-Élysées),132.3,1129,26,42.336,6.4 km solo,Le Berre Mathis,https://www.procyclingstats.com/rider/mathis-le-berre,2001-04-16,2001,France,1.76,68.0,21.95,Saint-Brieuc,69,finished,61,12328,136,Hills,24,FR,Arkéa - B&B Hotels,,,",,",446,11696
21,RR,27 July 2025,Mantes-la-Ville,Paris (Champs-Élysées),132.3,1129,26,42.336,6.4 km solo,Kuss Sepp,https://www.procyclingstats.com/rider/sepp-kuss,1994-09-13,1994,United States,1.82,61.0,18.42,Durango,70,finished,17,4824,16,Climber,30,US,Team Visma | Lease a Bike,,,",,",446,11696
21,RR,27 July 2025,Mantes-la-Ville,Paris (Champs-Élysées),132.3,1129,26,42.336,6.4 km solo,Pithie Laurence,https://www.procyclingstats.com/rider/laurence-pithie,2002-07-17,2002,New Zealand,1.85,74.0,21.62,Christchurch,71,finished,89,14084,75,Classic,23,NZ,Red Bull - BORA - hansgrohe,,,",,",446,11696
21,RR,27 July 2025,Mantes-la-Ville,Paris (Champs-Élysées),132.3,1129,26,42.336,6.4 km solo,van Dijke Mick,https://www.procyclingstats.com/rider/mick-van-dijke,2000-03-15,2000,Netherlands,1.9,74.0,20.5,Goes,72,finished,113,17210,76,Classic,25,NL,Red Bull - BORA - hansgrohe,,,",,",446,11696
21,RR,27 July 2025,Mantes-la-Ville,Paris (Champs-Élysées),132.3,1129,26,42.336,6.4 km solo,Touzé Damien,https://www.procyclingstats.com/rider/damien-touze,1996-07-07,1996,France,1.74,69.0,22.79,Iville,73,finished,94,14508,168,Classic,29,FR,Cofidis,,,",,",446,11696
21,RR,27 July 2025,Mantes-la-Ville,Paris (Champs-Élysées),132.3,1129,26,42.336,6.4 km solo,Vingegaard Jonas,https://www.procyclingstats.com/rider/jonas-vingegaard,1996-12-10,1996,Denmark,1.75,58.0,18.94,Hillerslev,74,finished,2,264,11,GC,28,DK,Team Visma | Lease a Bike,,,",,",446,11696
21,RR,27 July 2025,Mantes-la-Ville,Paris (Champs-Élysées),132.3,1129,26,42.336,6.4 km solo,Van Wilder Ilan,https://www.procyclingstats.com/rider/ilan-van-wilder,2000-05-14,2000,Belgium,1.71,64.0,21.89,Jette,75,finished,32,8594,28,GC,25,BE,Soudal Quick-Step,,,",,",446,11696
21,RR,27 July 2025,Mantes-la-Ville,Paris (Champs-Élysées),132.3,1129,26,42.336,6.4 km solo,Van Moer Brent,https://www.procyclingstats.com/rider/brent-van-moer,1998-01-12,1998,Belgium,1.91,79.0,21.66,Beveren,76,finished,84,13999,218,Classic,27,BE,Lotto,,,",,",446,11696
21,RR,27 July 2025,Mantes-la-Ville,Paris (Champs-Élysées),132.3,1129,26,42.336,6.4 km solo,Schachmann Maximilian,https://www.procyclingstats.com/rider/maximilian-schachmann,1994-01-09,1994,Germany,1.83,71.0,21.2,Berlin,77,finished,68,12901,26,GC,31,DE,Soudal Quick-Step,,,",,",446,11696
21,RR,27 July 2025,Mantes-la-Ville,Paris (Champs-Élysées),132.3,1129,26,42.336,6.4 km solo,van den Broek Frank,https://www.procyclingstats.com/rider/frank-van-den-broek,2000-12-28,2000,Netherlands,1.78,70.0,22.09,Warmond,78,finished,39,9944,198,GC,24,NL,Team Picnic PostNL,,,",,",446,11696
21,RR,27 July 2025,Mantes-la-Ville,Paris (Champs-Élysées),132.3,1129,26,42.336,6.4 km solo,Onley Oscar,https://www.procyclingstats.com/rider/oscar-onley,2002-10-13,2002,Great Britain,1.73,62.0,20.72,Kelso,79,finished,4,732,191,GC,22,GB,Team Picnic PostNL,,,",,",446,11696
21,RR,27 July 2025,Mantes-la-Ville,Paris (Champs-Élysées),132.3,1129,26,42.336,6.4 km solo,Barta Will,https://www.procyclingstats.com/rider/william-barta,1996-01-04,1996,United States,1.8,61.0,18.83,Boise,80,finished,102,15607,142,TT,29,US,Movistar Team,,,",,",446,11696
21,RR,27 July 2025,Mantes-la-Ville,Paris (Champs-Élysées),132.3,1129,26,42.336,6.4 km solo,Benoot Tiesj,https://www.procyclingstats.com/rider/tiesj-benoot,1994-03-11,1994,Belgium,1.9,72.0,19.94,Ghent,81,finished,54,11419,13,Classic,31,BE,Team Visma | Lease a Bike,,,",,",446,11696
21,RR,27 July 2025,Mantes-la-Ville,Paris (Champs-Élysées),132.3,1129,26,42.336,6.4 km solo,Bauhaus Phil,https://www.procyclingstats.com/rider/phil-bauhaus,1994-07-08,1994,Germany,1.84,75.0,22.15,Bocholt,82,finished,151,20369,52,Sprint,31,DE,Bahrain - Victorious,,,",,",446,11696
21,RR,27 July 2025,Mantes-la-Ville,Paris (Champs-Élysées),132.3,1129,26,42.336,6.4 km solo,Hirschi Marc,https://www.procyclingstats.com/rider/marc-hirschi,1998-08-24,1998,Switzerland,1.74,61.0,20.15,Bern,83,finished,78,13717,114,Classic,26,CH,Tudor Pro Cycling Team,,,",,",446,11696
21,RR,27 July 2025,Mantes-la-Ville,Paris (Champs-Élysées),132.3,1129,26,42.336,6.4 km solo,Hoelgaard Markus,https://www.procyclingstats.com/rider/markus-hoelgaard,1994-10-04,1994,Norway,1.88,74.0,20.94,Stavanger,84,finished,64,12389,225,Classic,30,NO,Uno-X Mobility,,,",,",446,11696
21,RR,27 July 2025,Mantes-la-Ville,Paris (Champs-Élysées),132.3,1129,26,42.336,6.4 km solo,Yates Adam,https://www.procyclingstats.com/rider/adam-yates,1992-08-07,1992,Great Britain,1.73,58.0,19.38,Bury,85,finished,24,6521,8,Climber,32,GB,UAE Team Emirates - XRG,,,",,",446,11696
21,RR,27 July 2025,Mantes-la-Ville,Paris (Champs-Élysées),132.3,1129,26,42.336,6.4 km solo,Rutsch Jonas,https://www.procyclingstats.com/rider/jonas-rutsch,1998-01-24,1998,Germany,1.97,82.0,21.13,Erbach im Odenwald,86,finished,128,18667,46,Classic,27,DE,Intermarché - Wanty,,,",,",446,11696
21,RR,27 July 2025,Mantes-la-Ville,Paris (Champs-Élysées),132.3,1129,26,42.336,6.4 km solo,Johannessen Anders Halland,https://www.procyclingstats.com/rider/anders-halland-johannessen,1999-08-23,1999,Norway,1.76,,,Drøbak,87,finished,76,13562,226,GC,25,NO,Uno-X Mobility,,,",,",446,11696
21,RR,27 July 2025,Mantes-la-Ville,Paris (Champs-Élysées),132.3,1129,26,42.336,6.4 km solo,Johannessen Tobias Halland,https://www.procyclingstats.com/rider/tobias-halland-johannessen,1999-08-23,1999,Norway,1.76,62.0,20.02,Drøbak,88,finished,6,1214,221,Climber,25,NO,Uno-X Mobility,,,",,",446,11696
21,RR,27 July 2025,Mantes-la-Ville,Paris (Champs-Élysées),132.3,1129,26,42.336,6.4 km solo,Albanese Vincenzo,https://www.procyclingstats.com/rider/vincenzo-albanese,1996-11-12,1996,Italy,1.75,70.0,22.86,Oliveto Citra,89,finished,114,17300,32,Hills,28,IT,EF Education - EasyPost,,,7:34,454,11704
21,RR,27 July 2025,Mantes-la-Ville,Paris (Champs-Élysées),132.3,1129,26,42.336,6.4 km solo,Vermeersch Gianni,https://www.procyclingstats.com/rider/gianni-vermeersch,1992-11-19,1992,Belgium,1.73,68.0,22.72,Roeselare,90,finished,103,15749,107,Classic,32,BE,Alpecin - Deceuninck,,,8:04,484,11734
21,RR,27 July 2025,Mantes-la-Ville,Paris (Champs-Élysées),132.3,1129,26,42.336,6.4 km solo,Ackermann Pascal,https://www.procyclingstats.com/rider/pascal-ackermann,1994-01-17,1994,Germany,1.8,78.0,24.07,Kandel,91,finished,125,18597,202,Sprint,31,DE,Israel - Premier Tech,,,8:47,527,11777
21,RR,27 July 2025,Mantes-la-Ville,Paris (Champs-Élysées),132.3,1129,26,42.336,6.4 km solo,Märkl Niklas,https://www.procyclingstats.com/rider/niklas-markl,1999-03-03,1999,Germany,1.85,70.0,20.45,Queidersbach,92,finished,112,17183,196,Sprint,26,DE,Team Picnic PostNL,,,",,",527,11777
21,RR,27 July 2025,Mantes-la-Ville,Paris (Champs-Élysées),132.3,1129,26,42.336,6.4 km solo,Wellens Tim,https://www.procyclingstats.com/rider/tim-wellens,1991-05-10,1991,Belgium,1.82,71.0,21.43,Sint-Truiden,93,finished,37,9504,7,GC,34,BE,UAE Team Emirates - XRG,,,10:10,610,11860
21,RR,27 July 2025,Mantes-la-Ville,Paris (Champs-Élysées),132.3,1129,26,42.336,6.4 km solo,Politt Nils,https://www.procyclingstats.com/rider/nils-politt,1994-03-06,1994,Germany,1.92,80.0,21.7,Cologne,94,finished,75,13485,4,Classic,31,DE,UAE Team Emirates - XRG,,,",,",610,11860
21,RR,27 July 2025,Mantes-la-Ville,Paris (Champs-Élysées),132.3,1129,26,42.336,6.4 km solo,Velasco Simone,https://www.procyclingstats.com/rider/simone-velasco,1995-12-02,1995,Italy,1.7,59.0,20.42,Bologna,95,finished,38,9691,178,Classic,29,IT,XDS Astana Team,,,",,",610,11860
21,RR,27 July 2025,Mantes-la-Ville,Paris (Champs-Élysées),132.3,1129,26,42.336,6.4 km solo,Watson Samuel,https://www.procyclingstats.com/rider/samuel-watson,2001-09-24,2001,Great Britain,1.88,68.0,19.24,Leeds,96,finished,115,17414,68,Hills,23,GB,INEOS Grenadiers,,,10:54,654,11904
21,RR,27 July 2025,Mantes-la-Ville,Paris (Champs-Élysées),132.3,1129,26,42.336,6.4 km solo,Verstrynge Emiel,https://www.procyclingstats.com/rider/emiel-verstrynge,2002-02-04,2002,Belgium,1.89,69.0,19.32,Eeklo,97,finished,65,12481,108,Climber,23,BE,Alpecin - Deceuninck,,,",,",654,11904
21,RR,27 July 2025,Mantes-la-Ville,Paris (Champs-Élysées),132.3,1129,26,42.336,6.4 km solo,Roglič Primož,https://www.procyclingstats.com/rider/primoz-roglic,1989-10-29,1989,Slovenia,1.77,65.0,20.75,Trbovlje,98,finished,8,1530,71,Climber,35,SI,Red Bull - BORA - hansgrohe,,,11:13,673,11923
21,RR,27 July 2025,Mantes-la-Ville,Paris (Champs-Élysées),132.3,1129,26,42.336,6.4 km solo,Dainese Alberto,https://www.procyclingstats.com/rider/alberto-dainese,1998-03-25,1998,Italy,1.75,72.0,23.51,Abano Terme,99,finished,119,17791,112,Sprint,27,IT,Tudor Pro Cycling Team,,,11:23,683,11933
21,RR,27 July 2025,Mantes-la-Ville,Paris (Champs-Élysées),132.3,1129,26,42.336,6.4 km solo,Affini Edoardo,https://www.procyclingstats.com/rider/edoardo-affini,1996-06-24,1996,Italy,1.9,85.0,23.55,Mantua,100,finished,118,17693,12,TT,29,IT,Team Visma | Lease a Bike,,,",,",683,11933
21,RR,27 July 2025,Mantes-la-Ville,Paris (Champs-Élysées),132.3,1129,26,42.336,6.4 km solo,Grignard Sébastien,https://www.procyclingstats.com/rider/sebastien-grignard,1999-04-29,1999,Belgium,1.79,68.0,21.22,Mons,101,finished,144,20028,215,Classic,26,BE,Lotto,,,",,",683,11933
21,RR,27 July 2025,Mantes-la-Ville,Paris (Champs-Élysées),132.3,1129,26,42.336,6.4 km solo,Naberman Tim,https://www.procyclingstats.com/rider/tim-naberman,1999-05-11,1999,Netherlands,1.87,70.0,20.02,Genemuiden,102,finished,120,18003,197,GC,26,NL,Team Picnic PostNL,,,",,",683,11933
21,RR,27 July 2025,Mantes-la-Ville,Paris (Champs-Élysées),132.3,1129,26,42.336,6.4 km solo,Berthet Clément,https://www.procyclingstats.com/rider/clement-berthet,1997-08-02,1997,France,1.84,68.0,20.09,Pierre Bénite,103,finished,36,9170,153,Climber,27,FR,Decathlon AG2R La Mondiale Team,,,",,",683,11933
21,RR,27 July 2025,Mantes-la-Ville,Paris (Champs-Élysées),132.3,1129,26,42.336,6.4 km solo,Sivakov Pavel,https://www.procyclingstats.com/rider/pavel-sivakov,1997-07-11,1997,France,1.88,70.0,19.81,San Donà di Piave Previous nationalities Russia until 2022,104,finished,87,14059,5,GC,28,FR,UAE Team Emirates - XRG,,,",,",683,11933
21,RR,27 July 2025,Mantes-la-Ville,Paris (Champs-Élysées),132.3,1129,26,42.336,6.4 km solo,Rickaert Jonas,https://www.procyclingstats.com/rider/jonas-rickaert,1994-02-07,1994,Belgium,1.9,88.0,24.38,Sint-Eloois-Vijve,105,finished,98,15077,105,Classic,31,BE,Alpecin - Deceuninck,,,",,",683,11933
21,RR,27 July 2025,Mantes-la-Ville,Paris (Champs-Élysées),132.3,1129,26,42.336,6.4 km solo,Sepúlveda Eduardo,https://www.procyclingstats.com/rider/eduardo-sepulveda,1991-06-13,1991,Argentina,1.73,59.0,19.71,Rawson,106,finished,122,18174,216,GC,34,AR,Lotto,,,",,",683,11933
21,RR,27 July 2025,Mantes-la-Ville,Paris (Champs-Élysées),132.3,1129,26,42.336,6.4 km solo,Durbridge Luke,https://www.procyclingstats.com/rider/luke-durbridge,1991-04-09,1991,Australia,1.87,78.0,22.31,Greenmount,107,finished,137,19401,123,TT,34,AU,Team Jayco AlUla,,,",,",683,11933
21,RR,27 July 2025,Mantes-la-Ville,Paris (Champs-Élysées),132.3,1129,26,42.336,6.4 km solo,Reinders Elmar,https://www.procyclingstats.com/rider/elmar-reinders,1992-03-14,1992,Netherlands,1.9,78.1,21.63,Emmen,108,finished,140,19730,127,Classic,33,NL,Team Jayco AlUla,,,",,",683,11933
21,RR,27 July 2025,Mantes-la-Ville,Paris (Champs-Élysées),132.3,1129,26,42.336,6.4 km solo,Yates Simon,https://www.procyclingstats.com/rider/simon-yates,1992-08-07,1992,Great Britain,1.72,58.0,19.61,Bury,109,finished,15,4650,18,Climber,32,GB,Team Visma | Lease a Bike,,,",,",683,11933
21,RR,27 July 2025,Mantes-la-Ville,Paris (Champs-Élysées),132.3,1129,26,42.336,6.4 km solo,Capiot Amaury,https://www.procyclingstats.com/rider/amaury-capiot,1993-06-25,1993,Belgium,1.86,69.0,19.94,Tongeren,110,finished,136,19358,132,Classic,32,BE,Arkéa - B&B Hotels,,,",,",683,11933
21,RR,27 July 2025,Mantes-la-Ville,Paris (Champs-Élysées),132.3,1129,26,42.336,6.4 km solo,Rodríguez Cristián,https://www.procyclingstats.com/rider/cristian-rodriguez,1995-03-03,1995,Spain,1.78,59.0,18.62,El Ejido,111,finished,20,5775,137,GC,30,ES,Arkéa - B&B Hotels,,,",,",683,11933
21,RR,27 July 2025,Mantes-la-Ville,Paris (Champs-Élysées),132.3,1129,26,42.336,6.4 km solo,Leknessund Andreas,https://www.procyclingstats.com/rider/andreas-leknessund,1999-05-21,1999,Norway,1.86,72.0,20.81,Tromsø,112,finished,57,11684,227,GC,26,NO,Uno-X Mobility,,,",,",683,11933
21,RR,27 July 2025,Mantes-la-Ville,Paris (Champs-Élysées),132.3,1129,26,42.336,6.4 km solo,Storer Michael,https://www.procyclingstats.com/rider/michael-storer,1997-02-28,1997,Australia,1.77,63.0,20.11,Perth,113,finished,42,10251,117,Climber,28,AU,Tudor Pro Cycling Team,,,",,",683,11933
21,RR,27 July 2025,Mantes-la-Ville,Paris (Champs-Élysées),132.3,1129,26,42.336,6.4 km solo,Narváez Jhonatan,https://www.procyclingstats.com/rider/jhonatan-narvaez,1997-03-04,1997,Ecuador,1.74,65.0,21.47,El Playón de San Francisco,114,finished,13,3876,3,Hills,28,EC,UAE Team Emirates - XRG,,,",,",683,11933
21,RR,27 July 2025,Mantes-la-Ville,Paris (Champs-Élysées),132.3,1129,26,42.336,6.4 km solo,Soler Marc,https://www.procyclingstats.com/rider/marc-soler,1993-11-22,1993,Spain,1.86,68.0,19.66,Vilanova i la Geltrú,115,finished,29,8461,6,Climber,31,ES,UAE Team Emirates - XRG,,,",,",683,11933
21,RR,27 July 2025,Mantes-la-Ville,Paris (Champs-Élysées),132.3,1129,26,42.336,6.4 km solo,Rubio Einer,https://www.procyclingstats.com/rider/einer-rubio,1998-02-22,1998,Colombia,1.64,56.0,20.82,Chíquiza,116,finished,31,8516,148,Climber,27,CO,Movistar Team,,,",,",683,11933
21,RR,27 July 2025,Mantes-la-Ville,Paris (Champs-Élysées),132.3,1129,26,42.336,6.4 km solo,Buitrago Santiago,https://www.procyclingstats.com/rider/santiago-buitrago-sanchez,1999-09-26,1999,Colombia,1.74,59.0,19.49,Bogotá,117,finished,40,9948,51,Climber,25,CO,Bahrain - Victorious,,,",,",683,11933
21,RR,27 July 2025,Mantes-la-Ville,Paris (Champs-Élysées),132.3,1129,26,42.336,6.4 km solo,Armirail Bruno,https://www.procyclingstats.com/rider/bruno-armirail,1994-04-11,1994,France,1.9,72.0,19.94,Bagnères-de-Bigorre,118,finished,50,10992,152,TT,31,FR,Decathlon AG2R La Mondiale Team,,,",,",683,11933
21,RR,27 July 2025,Mantes-la-Ville,Paris (Champs-Élysées),132.3,1129,26,42.336,6.4 km solo,Penhoët Paul,https://www.procyclingstats.com/rider/paul-penhoet,2001-12-28,2001,France,1.73,64.0,21.38,Clamart,119,finished,111,17084,97,Classic,23,FR,Groupama - FDJ,,,",,",683,11933
21,RR,27 July 2025,Mantes-la-Ville,Paris (Champs-Élysées),132.3,1129,26,42.336,6.4 km solo,Pacher Quentin,https://www.procyclingstats.com/rider/quentin-pacher,1992-01-06,1992,France,1.79,62.0,19.35,Libourne,120,finished,45,10560,96,Hills,33,FR,Groupama - FDJ,,,",,",683,11933
21,RR,27 July 2025,Mantes-la-Ville,Paris (Champs-Élysées),132.3,1129,26,42.336,6.4 km solo,Lienhard Fabian,https://www.procyclingstats.com/rider/fabian-lienhard,1993-09-03,1993,Switzerland,1.83,73.0,21.8,Steinmaur,121,finished,157,20760,115,Classic,31,CH,Tudor Pro Cycling Team,,,",,",683,11933
21,RR,27 July 2025,Mantes-la-Ville,Paris (Champs-Élysées),132.3,1129,26,42.336,6.4 km solo,Dillier Silvan,https://www.procyclingstats.com/rider/silvan-dillier,1990-08-03,1990,Switzerland,1.83,75.0,22.4,Aarau,122,finished,131,18852,102,Classic,34,CH,Alpecin - Deceuninck,,,",,",683,11933
21,RR,27 July 2025,Mantes-la-Ville,Paris (Champs-Élysées),132.3,1129,26,42.336,6.4 km solo,Braet Vito,https://www.procyclingstats.com/rider/vito-braet,2000-11-02,2000,Belgium,1.84,68.0,20.09,Hulste,123,finished,143,19924,43,Classic,24,BE,Intermarché - Wanty,,,",,",683,11933
21,RR,27 July 2025,Mantes-la-Ville,Paris (Champs-Élysées),132.3,1129,26,42.336,6.4 km solo,Rex Laurenz,https://www.procyclingstats.com/rider/laurenz-rex,1999-12-15,1999,Belgium,1.93,83.0,22.28,Marburg,124,finished,141,19756,45,Classic,25,BE,Intermarché - Wanty,,,",,",683,11933
21,RR,27 July 2025,Mantes-la-Ville,Paris (Champs-Élysées),132.3,1129,26,42.336,6.4 km solo,Simmons Quinn,https://www.procyclingstats.com/rider/quinn-simmons,2001-05-08,2001,United States,1.85,73.0,21.33,Durango,125,finished,59,11856,84,Hills,24,US,Lidl - Trek,,,11:34,694,11944
21,RR,27 July 2025,Mantes-la-Ville,Paris (Champs-Élysées),132.3,1129,26,42.336,6.4 km solo,Lutsenko Alexey,https://www.procyclingstats.com/rider/aleksey-lutsenko,1992-09-07,1992,Kazakhstan,1.74,74.0,24.44,Petropavl,126,finished,92,14392,206,GC,32,KZ,Israel - Premier Tech,,,",,",694,11944
21,RR,27 July 2025,Mantes-la-Ville,Paris (Champs-Élysées),132.3,1129,26,42.336,6.4 km solo,Higuita Sergio,https://www.procyclingstats.com/rider/sergio-higuita,1997-08-01,1997,Colombia,1.66,57.0,20.69,Medellín,127,finished,14,4099,176,Climber,27,CO,XDS Astana Team,,,",,",694,11944
21,RR,27 July 2025,Mantes-la-Ville,Paris (Champs-Élysées),132.3,1129,26,42.336,6.4 km solo,García Pierna Raúl,https://www.procyclingstats.com/rider/raul-garcia-pierna,2001-02-23,2001,Spain,1.75,67.0,21.88,Tres Cantos,128,finished,26,8158,135,Climber,24,ES,Arkéa - B&B Hotels,,,11:44,704,11954
21,RR,27 July 2025,Mantes-la-Ville,Paris (Champs-Élysées),132.3,1129,26,42.336,6.4 km solo,van Sintmaartensdijk Roel,https://www.procyclingstats.com/rider/roel-van-sintmaartensdijk,2001-05-08,2001,Netherlands,1.97,77.0,19.84,Zuidland,129,finished,156,20651,47,GC,24,NL,Intermarché - Wanty,,,12:34,754,12004
21,RR,27 July 2025,Mantes-la-Ville,Paris (Champs-Élysées),132.3,1129,26,42.336,6.4 km solo,Merlier Tim,https://www.procyclingstats.com/rider/tim-merlier,1992-10-30,1992,Belgium,1.88,76.0,21.5,Wortegem-Petegem,130,finished,148,20239,24,Sprint,32,BE,Soudal Quick-Step,,,",,",754,12004
21,RR,27 July 2025,Mantes-la-Ville,Paris (Champs-Élysées),132.3,1129,26,42.336,6.4 km solo,Schmid Mauro,https://www.procyclingstats.com/rider/mauro-schmid,1999-12-04,1999,Switzerland,1.87,70.0,20.02,Bülach,131,finished,101,15240,128,Hills,25,CH,Team Jayco AlUla,,,",,",754,12004
21,RR,27 July 2025,Mantes-la-Ville,Paris (Champs-Élysées),132.3,1129,26,42.336,6.4 km solo,Plapp Luke,https://www.procyclingstats.com/rider/luke-plapp,2000-12-25,2000,Australia,1.81,72.0,21.98,Melbourne,132,finished,121,18154,126,GC,24,AU,Team Jayco AlUla,,,",,",754,12004
21,RR,27 July 2025,Mantes-la-Ville,Paris (Champs-Élysées),132.3,1129,26,42.336,6.4 km solo,Vlasov Aleksandr,https://www.procyclingstats.com/rider/aleksandr-vlasov,1996-04-23,1996,Russia,1.86,68.0,19.66,Vyborg,133,finished,27,8175,78,Climber,29,RU,Red Bull - BORA - hansgrohe,,,",,",754,12004
21,RR,27 July 2025,Mantes-la-Ville,Paris (Champs-Élysées),132.3,1129,26,42.336,6.4 km solo,Mühlberger Gregor,https://www.procyclingstats.com/rider/gregor-muhlberger,1994-04-04,1994,Austria,1.8,64.0,19.75,Haidershofen,134,finished,18,5297,146,GC,31,AT,Movistar Team,,,",,",754,12004
21,RR,27 July 2025,Mantes-la-Ville,Paris (Champs-Élysées),132.3,1129,26,42.336,6.4 km solo,Gall Felix,https://www.procyclingstats.com/rider/felix-gall,1998-02-27,1998,Austria,1.8,66.0,20.37,Nußdorf-Debant,135,finished,5,1032,151,Climber,27,AT,Decathlon AG2R La Mondiale Team,,,",,",754,12004
21,RR,27 July 2025,Mantes-la-Ville,Paris (Champs-Élysées),132.3,1129,26,42.336,6.4 km solo,Buchmann Emanuel,https://www.procyclingstats.com/rider/emanuel-buchmann,1992-11-18,1992,Germany,1.8,59.0,18.21,Ravensburg,136,finished,30,8494,161,GC,32,DE,Cofidis,,,",,",754,12004
21,RR,27 July 2025,Mantes-la-Ville,Paris (Champs-Élysées),132.3,1129,26,42.336,6.4 km solo,Drizners Jarrad,https://www.procyclingstats.com/rider/jarrad-drizners,1999-05-31,1999,Australia,1.86,70.0,20.23,Adelaide,137,finished,129,18677,214,GC,26,AU,Lotto,,,",,",754,12004
21,RR,27 July 2025,Mantes-la-Ville,Paris (Champs-Élysées),132.3,1129,26,42.336,6.4 km solo,Scotson Callum,https://www.procyclingstats.com/rider/callum-scotson,1996-08-10,1996,Australia,1.83,77.0,22.99,Campbelltown,138,finished,33,8740,157,GC,28,AU,Decathlon AG2R La Mondiale Team,,,",,",754,12004
21,RR,27 July 2025,Mantes-la-Ville,Paris (Champs-Élysées),132.3,1129,26,42.336,6.4 km solo,Burgaudeau Mathieu,https://www.procyclingstats.com/rider/mathieu-burgaudeau,1998-11-17,1998,France,1.68,61.0,21.61,Noirmoutier-en-l'Île,139,finished,63,12378,182,Hills,26,FR,TotalEnergies,,,",,",754,12004
21,RR,27 July 2025,Mantes-la-Ville,Paris (Champs-Élysées),132.3,1129,26,42.336,6.4 km solo,Champoussin Clément,https://www.procyclingstats.com/rider/clement-champoussin,1998-05-29,1998,France,1.8,61.0,18.83,Nice,140,finished,85,14007,174,Climber,27,FR,XDS Astana Team,,,",,",754,12004
21,RR,27 July 2025,Mantes-la-Ville,Paris (Champs-Élysées),132.3,1129,26,42.336,6.4 km solo,Page Hugo,https://www.procyclingstats.com/rider/hugo-page,2001-07-24,2001,France,1.85,71.0,20.75,Chartres,141,finished,138,19463,44,Classic,24,FR,Intermarché - Wanty,,,13:13,793,12043
21,RR,27 July 2025,Mantes-la-Ville,Paris (Champs-Élysées),132.3,1129,26,42.336,6.4 km solo,Barré Louis,https://www.procyclingstats.com/rider/louis-barre,2000-04-06,2000,France,1.84,68.0,20.09,Nantes,142,finished,82,13894,42,Classic,25,FR,Intermarché - Wanty,,,",,",793,12043
21,RR,27 July 2025,Mantes-la-Ville,Paris (Champs-Élysées),132.3,1129,26,42.336,6.4 km solo,Costiou Ewen,https://www.procyclingstats.com/rider/ewen-costiou,2002-11-10,2002,France,1.76,64.0,20.66,Brest,143,finished,51,11195,133,GC,22,FR,Arkéa - B&B Hotels,,,",,",793,12043
21,RR,27 July 2025,Mantes-la-Ville,Paris (Champs-Élysées),132.3,1129,26,42.336,6.4 km solo,Sweeny Harry,https://www.procyclingstats.com/rider/harry-sweeny,1998-07-09,1998,Australia,1.86,75.0,21.68,Warwick,144,finished,35,8878,36,GC,27,AU,EF Education - EasyPost,,,",,",793,12043
21,RR,27 July 2025,Mantes-la-Ville,Paris (Champs-Élysées),132.3,1129,26,42.336,6.4 km solo,Valgren Michael,https://www.procyclingstats.com/rider/michael-valgren-andersen,1992-02-07,1992,Denmark,1.79,71.0,22.16,Østerild,145,finished,72,13021,37,Classic,33,DK,EF Education - EasyPost,,,",,",793,12043
21,RR,27 July 2025,Mantes-la-Ville,Paris (Champs-Élysées),132.3,1129,26,42.336,6.4 km solo,Healy Ben,https://www.procyclingstats.com/rider/ben-healy,2000-09-11,2000,Ireland,1.75,62.0,20.24,Kingswinford Previous nationalities Great Britain until 2016,146,finished,9,1682,31,Climber,24,IE,EF Education - EasyPost,,,",,",793,12043
21,RR,27 July 2025,Mantes-la-Ville,Paris (Champs-Élysées),132.3,1129,26,42.336,6.4 km solo,Baudin Alex,https://www.procyclingstats.com/rider/alex-baudin,2001-05-25,2001,France,1.83,64.0,19.11,Albertville,147,finished,46,10575,34,Climber,24,FR,EF Education - EasyPost,,,",,",793,12043
21,RR,27 July 2025,Mantes-la-Ville,Paris (Champs-Élysées),132.3,1129,26,42.336,6.4 km solo,Turgis Anthony,https://www.procyclingstats.com/rider/anthony-turgis,1994-05-16,1994,France,1.78,70.0,22.09,Bourg-la-Reine,148,finished,106,16318,187,Classic,31,FR,TotalEnergies,,,13:32,812,12062
21,RR,27 July 2025,Mantes-la-Ville,Paris (Champs-Élysées),132.3,1129,26,42.336,6.4 km solo,Vercher Mattéo,https://www.procyclingstats.com/rider/matheo-vercher,2001-01-26,2001,France,1.71,,,Lyon,149,finished,124,18393,188,Hills,24,FR,TotalEnergies,,,",,",812,12062
21,RR,27 July 2025,Mantes-la-Ville,Paris (Champs-Élysées),132.3,1129,26,42.336,6.4 km solo,Tejada Harold,https://www.procyclingstats.com/rider/harold-tejada,1997-04-27,1997,Colombia,1.8,63.0,19.44,Pitalito,150,finished,44,10474,171,Climber,28,CO,XDS Astana Team,,,13:37,817,12067
21,RR,27 July 2025,Mantes-la-Ville,Paris (Champs-Élysées),132.3,1129,26,42.336,6.4 km solo,Romeo Iván,https://www.procyclingstats.com/rider/ivan-romeo,2003-08-16,2003,Spain,1.93,75.0,20.13,Valladolid,151,finished,107,16429,147,GC,21,ES,Movistar Team,,,13:45,825,12075
21,RR,27 July 2025,Mantes-la-Ville,Paris (Champs-Élysées),132.3,1129,26,42.336,6.4 km solo,Thomas Benjamin,https://www.procyclingstats.com/rider/benjamin-thomas-2,1995-09-12,1995,France,1.79,68.0,21.22,Lavaur,152,finished,154,20476,167,TT,29,FR,Cofidis,,,14:23,863,12113
21,RR,27 July 2025,Mantes-la-Ville,Paris (Champs-Élysées),132.3,1129,26,42.336,6.4 km solo,Woods Michael,https://www.procyclingstats.com/rider/michael-woods,1986-10-12,1986,Canada,1.75,62.0,20.24,Toronto,153,finished,52,11219,201,Climber,38,CA,Israel - Premier Tech,,,",,",863,12113
21,RR,27 July 2025,Mantes-la-Ville,Paris (Champs-Élysées),132.3,1129,26,42.336,6.4 km solo,Cort Magnus,https://www.procyclingstats.com/rider/magnus-cort-nielsen,1993-01-16,1993,Denmark,1.84,68.0,20.09,Rønne,154,finished,130,18711,223,Hills,32,DK,Uno-X Mobility,,,14:28,868,12118
21,RR,27 July 2025,Mantes-la-Ville,Paris (Champs-Élysées),132.3,1129,26,42.336,6.4 km solo,Gradek Kamil,https://www.procyclingstats.com/rider/kamil-gradek,1990-09-17,1990,Poland,1.94,83.0,22.05,Koziegłowy,155,finished,155,20631,53,TT,34,PL,Bahrain - Victorious,,,",,",868,12118
21,RR,27 July 2025,Mantes-la-Ville,Paris (Champs-Élysées),132.3,1129,26,42.336,6.4 km solo,Moscon Gianni,https://www.procyclingstats.com/rider/gianni-moscon,1994-04-20,1994,Italy,1.8,71.0,21.91,Trento,156,finished,105,16256,74,Classic,31,IT,Red Bull - BORA - hansgrohe,,,14:37,877,12127
21,RR,27 July 2025,Mantes-la-Ville,Paris (Champs-Élysées),132.3,1129,26,42.336,6.4 km solo,Theuns Edward,https://www.procyclingstats.com/rider/edward-theuns,1991-04-30,1991,Belgium,1.83,72.0,21.5,Ghent,157,finished,159,21085,88,Classic,34,BE,Lidl - Trek,,,15:17,917,12167
21,RR,27 July 2025,Mantes-la-Ville,Paris (Champs-Élysées),132.3,1129,26,42.336,6.4 km solo,Consonni Simone,https://www.procyclingstats.com/rider/simone-consonni,1994-09-12,1994,Italy,1.65,60.0,22.04,Ponte San Pietro,158,finished,160,21100,82,Classic,30,IT,Lidl - Trek,,,",,",917,12167
21,RR,27 July 2025,Mantes-la-Ville,Paris (Champs-Élysées),132.3,1129,26,42.336,6.4 km solo,Castrillo Pablo,https://www.procyclingstats.com/rider/pablo-castrillo-zapater,2001-01-02,2001,Spain,1.83,74.0,22.1,Jaca,159,finished,110,16971,143,Climber,24,ES,Movistar Team,,,",,",917,12167
21,RR,27 July 2025,Mantes-la-Ville,Paris (Champs-Élysées),132.3,1129,26,42.336,6.4 km solo,Nys Thibau,https://www.procyclingstats.com/rider/thibau-nys,2002-11-12,2002,Belgium,1.76,64.0,20.66,Bonheiden,160,finished,116,17442,83,Hills,22,BE,Lidl - Trek,,,",,",917,12167
