stage,stage_type,date,departure,arrival,distance_km,vertical_meters,profile_score,avg_speed_winner_kmh,won_how,rider,rider_url,date_of_birth,birth_year,nationality,height_m,weight_kg,bmi,place_of_birth,rank,status,gc_position,gc_timelag_seconds,bib,specialty,age,nationality_code,team,uci_points,pcs_points,time_raw,stage_gap_seconds,elapsed_seconds
1,RR,04 July 2026,Barcelona,Barcelona,19.6,167,16,53.95,-,Vingegaard Jonas,https://www.procyclingstats.com/rider/jonas-vingegaard,1996-12-10,1996,Denmark,1.75,58.0,18.94,Hillerslev,1,finished,11,,11,GC,29,DK,Team Visma | Lease a Bike,25.0,,21:47,0,1307
1,RR,04 July 2026,Barcelona,Barcelona,19.6,167,16,53.95,-,Ganna Filippo,https://www.procyclingstats.com/rider/filippo-ganna,1996-07-25,1996,Italy,1.93,83.0,22.28,Verbania,2,finished,84,,84,TT,29,IT,Netcompany INEOS,,,0:08,8,1315
1,RR,04 July 2026,Barcelona,Barcelona,19.6,167,16,53.95,-,Pogačar Tadej,https://www.procyclingstats.com/rider/tadej-pogacar,1998-09-21,1998,Slovenia,1.76,66.0,21.31,Klanec,3,finished,1,,1,Climber,27,SI,UAE Team Emirates - XRG,,,0:12,12,1319
1,RR,04 July 2026,Barcelona,Barcelona,19.6,167,16,53.95,-,Ayuso Juan,https://www.procyclingstats.com/rider/juan-ayuso-pesquera,2002-09-16,2002,Spain,1.83,65.0,19.41,Barcelona,4,finished,31,,31,Climber,23,ES,Lidl - Trek,,,0:16,16,1323
1,RR,04 July 2026,Barcelona,Barcelona,19.6,167,16,53.95,-,Evenepoel Remco,https://www.procyclingstats.com/rider/remco-evenepoel,2000-01-25,2000,Belgium,1.71,63.0,21.55,Aalst,5,finished,21,,21,Climber,26,BE,Red Bull - BORA - hansgrohe,,,0:19,19,1326
1,RR,04 July 2026,Barcelona,Barcelona,19.6,167,16,53.95,-,del Toro Isaac,https://www.procyclingstats.com/rider/isaac-del-toro,2003-11-27,2003,Mexico,1.8,64.0,19.75,Ensenada,6,finished,2,,2,Climber,22,MX,UAE Team Emirates - XRG,,,0:26,26,1333
1,RR,04 July 2026,Barcelona,Barcelona,19.6,167,16,53.95,-,Piganzoli Davide,https://www.procyclingstats.com/rider/davide-piganzoli,2002-07-08,2002,Italy,1.74,61.0,20.15,Morbegno,7,finished,18,,18,GC,23,IT,Team Visma | Lease a Bike,,,0:28,28,1335
1,RR,04 July 2026,Barcelona,Barcelona,19.6,167,16,53.95,-,Lipowitz Florian,https://www.procyclingstats.com/rider/florian-lipowitz,2000-09-21,2000,Germany,1.81,68.0,20.76,Laichingen,8,finished,25,,25,GC,25,DE,Red Bull - BORA - hansgrohe,,,0:35,35,1342
1,RR,04 July 2026,Barcelona,Barcelona,19.6,167,16,53.95,-,Foss Tobias,https://www.procyclingstats.com/rider/tobias-foss,1997-05-25,1997,Norway,1.84,74.0,21.86,Vingrom,9,finished,83,,83,TT,29,NO,Netcompany INEOS,,,0:38,38,1345
1,RR,04 July 2026,Barcelona,Barcelona,19.6,167,16,53.95,-,Seixas Paul,https://www.procyclingstats.com/rider/paul-seixas,2006-09-24,2006,France,1.86,64.0,18.5,Lyon,10,finished,51,,51,Climber,19,FR,Decathlon CMA CGM Team,,,0:39,39,1346
1,RR,04 July 2026,Barcelona,Barcelona,19.6,167,16,53.95,-,van der Poel Mathieu,https://www.procyclingstats.com/rider/mathieu-van-der-poel,1995-01-19,1995,Netherlands,1.84,75.0,22.15,Kapellen,11,finished,101,,101,Classic,31,NL,Alpecin - Premier Tech,,,",,",39,1346
1,RR,04 July 2026,Barcelona,Barcelona,19.6,167,16,53.95,-,Grégoire Romain,https://www.procyclingstats.com/rider/romain-gregoire,2003-01-21,2003,France,1.76,64.0,20.66,Besançon,12,finished,181,,181,Classic,23,FR,Groupama - FDJ United,,,0:41,41,1348
1,RR,04 July 2026,Barcelona,Barcelona,19.6,167,16,53.95,-,Tiberi Antonio,https://www.procyclingstats.com/rider/antonio-tiberi,2001-06-24,2001,Italy,1.82,62.0,18.72,Frosinone,13,finished,77,,77,GC,25,IT,Bahrain - Victorious,,,0:47,47,1354
1,RR,04 July 2026,Barcelona,Barcelona,19.6,167,16,53.95,-,Riccitello Matthew,https://www.procyclingstats.com/rider/matthew-riccitello,2002-03-05,2002,United States,1.72,55.0,18.59,Tucson,14,finished,58,,58,Climber,24,US,Decathlon CMA CGM Team,,,0:50,50,1357
1,RR,04 July 2026,Barcelona,Barcelona,19.6,167,16,53.95,-,Martinez Lenny,https://www.procyclingstats.com/rider/lenny-martinez,2003-07-11,2003,France,1.68,52.0,18.42,Cannes,15,finished,71,,71,Climber,22,FR,Bahrain - Victorious,,,",,",50,1357
1,RR,04 July 2026,Barcelona,Barcelona,19.6,167,16,53.95,-,Matthews Michael,https://www.procyclingstats.com/rider/michael-matthews,1990-09-26,1990,Australia,1.78,72.0,22.72,Canberra,16,finished,115,,115,Classic,35,AU,Team Jayco AlUla,,,0:51,51,1358
1,RR,04 July 2026,Barcelona,Barcelona,19.6,167,16,53.95,-,Baudin Alex,https://www.procyclingstats.com/rider/alex-baudin,2001-05-25,2001,France,1.83,64.0,19.11,Albertville,17,finished,43,,43,Climber,25,FR,EF Education - EasyPost,,,0:57,57,1364
1,RR,04 July 2026,Barcelona,Barcelona,19.6,167,16,53.95,-,Pidcock Tom,https://www.procyclingstats.com/rider/tom-pidcock,1999-07-30,1999,Great Britain,1.7,58.0,20.07,Leeds,18,finished,171,,171,Classic,26,GB,Pinarello Q36.5 Pro Cycling Team,,,",,",57,1364
1,RR,04 July 2026,Barcelona,Barcelona,19.6,167,16,53.95,-,Van Wilder Ilan,https://www.procyclingstats.com/rider/ilan-van-wilder,2000-05-14,2000,Belgium,1.71,64.0,21.89,Jette,19,finished,97,,97,GC,26,BE,Soudal Quick-Step,,,0:58,58,1365
1,RR,04 July 2026,Barcelona,Barcelona,19.6,167,16,53.95,-,Johannessen Tobias Halland,https://www.procyclingstats.com/rider/tobias-halland-johannessen,1999-08-23,1999,Norway,1.76,62.0,20.02,Drøbak,20,finished,121,,121,Climber,26,NO,Uno-X Mobility,,,1:00,60,1367
1,RR,04 July 2026,Barcelona,Barcelona,19.6,167,16,53.95,-,Arensman Thymen,https://www.procyclingstats.com/rider/thymen-arensman,1999-12-04,1999,Netherlands,1.9,68.0,18.84,Deil,21,finished,82,,82,GC,26,NL,Netcompany INEOS,,,1:01,61,1368
1,RR,04 July 2026,Barcelona,Barcelona,19.6,167,16,53.95,-,Jegat Jordan,https://www.procyclingstats.com/rider/jordan-jegat,1999-06-07,1999,France,1.76,59.0,19.05,Vannes,22,finished,201,,201,Climber,27,FR,TotalEnergies,,,1:02,62,1369
1,RR,04 July 2026,Barcelona,Barcelona,19.6,167,16,53.95,-,Vacek Mathias,https://www.procyclingstats.com/rider/mathias-vacek,2002-06-12,2002,Czech Republic,1.88,75.0,21.22,Beroun,23,finished,37,,37,TT,24,CZ,Lidl - Trek,,,1:12,72,1379
1,RR,04 July 2026,Barcelona,Barcelona,19.6,167,16,53.95,-,Molenaar Alex,https://www.procyclingstats.com/rider/alex-molenaar,1999-07-13,1999,Netherlands,1.84,63.0,18.61,Rotterdam,24,finished,224,,224,Hills,26,NL,Caja Rural - Seguros RGA,,,",,",72,1379
1,RR,04 July 2026,Barcelona,Barcelona,19.6,167,16,53.95,-,Voisard Yannis,https://www.procyclingstats.com/rider/yannis-voisard,1998-07-26,1998,Switzerland,,56.0,,Fontenais,25,finished,198,,198,GC,27,CH,Tudor Pro Cycling Team,,,1:14,74,1381
1,RR,04 July 2026,Barcelona,Barcelona,19.6,167,16,53.95,-,Vauquelin Kévin,https://www.procyclingstats.com/rider/kevin-vauquelin,2001-04-26,2001,France,1.76,69.0,22.28,Bayeux,26,finished,88,,88,GC,25,FR,Netcompany INEOS,,,",,",74,1381
1,RR,04 July 2026,Barcelona,Barcelona,19.6,167,16,53.95,-,Bennett George,https://www.procyclingstats.com/rider/george-bennett,1990-04-07,1990,New Zealand,1.81,58.0,17.7,Nelson,27,finished,133,,133,GC,36,NZ,NSN Cycling Team,,,1:16,76,1383
1,RR,04 July 2026,Barcelona,Barcelona,19.6,167,16,53.95,-,Izagirre Ion,https://www.procyclingstats.com/rider/ion-izagirre,1989-02-04,1989,Spain,1.73,60.0,20.05,Ormaiztegi,28,finished,161,,161,GC,37,ES,Cofidis,,,1:17,77,1384
1,RR,04 July 2026,Barcelona,Barcelona,19.6,167,16,53.95,-,García Pierna Raúl,https://www.procyclingstats.com/rider/raul-garcia-pierna,2001-02-23,2001,Spain,1.75,67.0,21.88,Tres Cantos,29,finished,144,,144,Climber,25,ES,Movistar Team,,,1:18,78,1385
1,RR,04 July 2026,Barcelona,Barcelona,19.6,167,16,53.95,-,Alaphilippe Julian,https://www.procyclingstats.com/rider/julian-alaphilippe,1992-06-11,1992,France,1.73,62.0,20.72,Saint-Amand-Montrond,30,finished,191,,191,Classic,34,FR,Tudor Pro Cycling Team,,,1:25,85,1392
1,RR,04 July 2026,Barcelona,Barcelona,19.6,167,16,53.95,-,Træen Torstein,https://www.procyclingstats.com/rider/torstein-traeen,1995-07-16,1995,Norway,1.81,63.0,19.23,Hønefoss,31,finished,127,,127,GC,30,NO,Uno-X Mobility,,,1:29,89,1396
1,RR,04 July 2026,Barcelona,Barcelona,19.6,167,16,53.95,-,Steinhauser Georg,https://www.procyclingstats.com/rider/georg-steinhauser,2001-10-21,2001,Germany,1.89,70.0,19.6,Lindenberg im Allgäu,32,finished,46,,46,Climber,24,DE,EF Education - EasyPost,,,1:30,90,1397
1,RR,04 July 2026,Barcelona,Barcelona,19.6,167,16,53.95,-,Skjelmose Mattias,https://www.procyclingstats.com/rider/mattias-skjelmose-jensen,2000-09-26,2000,Denmark,1.8,65.0,20.06,Copenhagen,33,finished,35,,35,Climber,25,DK,Lidl - Trek,,,1:33,93,1400
1,RR,04 July 2026,Barcelona,Barcelona,19.6,167,16,53.95,-,Van Eetvelt Lennert,https://www.procyclingstats.com/rider/lennert-van-eetvelt,2001-07-17,2001,Belgium,1.76,63.0,20.34,Binkom,34,finished,156,,156,Climber,24,BE,Lotto Intermarché,,,1:36,96,1403
1,RR,04 July 2026,Barcelona,Barcelona,19.6,167,16,53.95,-,Carapaz Richard,https://www.procyclingstats.com/rider/richard-carapaz,1993-05-29,1993,Ecuador,1.7,62.0,21.45,El Carmelo,35,finished,41,,41,Climber,33,EC,EF Education - EasyPost,,,",,",96,1403
1,RR,04 July 2026,Barcelona,Barcelona,19.6,167,16,53.95,-,Parra José Félix,https://www.procyclingstats.com/rider/jose-felix-parra,1997-01-16,1997,Spain,1.71,55.0,18.81,Ossa de Montiel,36,finished,228,,228,GC,29,ES,Caja Rural - Seguros RGA,,,1:38,98,1405
1,RR,04 July 2026,Barcelona,Barcelona,19.6,167,16,53.95,-,Castrillo Pablo,https://www.procyclingstats.com/rider/pablo-castrillo-zapater,2001-01-02,2001,Spain,1.83,74.0,22.1,Jaca,37,finished,142,,142,Climber,25,ES,Movistar Team,,,1:51,111,1418
1,RR,04 July 2026,Barcelona,Barcelona,19.6,167,16,53.95,-,Cepeda Jefferson Alveiro,https://www.procyclingstats.com/rider/jefferson-cepeda-hernandez,1996-03-02,1996,Ecuador,1.7,61.0,21.11,El Playón,38,finished,143,,143,GC,30,EC,Movistar Team,,,",,",111,1418
1,RR,04 July 2026,Barcelona,Barcelona,19.6,167,16,53.95,-,Balderstone Abel,https://www.procyclingstats.com/rider/abel-balderstone-roumens,2000-07-07,2000,Spain,1.79,61.0,19.04,Ullastrell,39,finished,222,,222,GC,25,ES,Caja Rural - Seguros RGA,,,1:52,112,1419
1,RR,04 July 2026,Barcelona,Barcelona,19.6,167,16,53.95,-,Uijtdebroeks Cian,https://www.procyclingstats.com/rider/cian-uijtdebroeks,2003-02-28,2003,Belgium,1.85,68.0,19.87,Abolens,40,finished,141,,141,GC,23,BE,Movistar Team,,,1:53,113,1420
1,RR,04 July 2026,Barcelona,Barcelona,19.6,167,16,53.95,-,Dhondt Robbe,https://www.procyclingstats.com/rider/robbe-dhondt,2004-06-25,2004,Belgium,1.76,,,Zottegem,41,finished,215,,215,GC,22,BE,Team Picnic PostNL,,,1:55,115,1422
1,RR,04 July 2026,Barcelona,Barcelona,19.6,167,16,53.95,-,Plapp Luke,https://www.procyclingstats.com/rider/luke-plapp,2000-12-25,2000,Australia,1.81,72.0,21.98,Melbourne,42,finished,117,,117,GC,25,AU,Team Jayco AlUla,,,1:57,117,1424
1,RR,04 July 2026,Barcelona,Barcelona,19.6,167,16,53.95,-,Kuss Sepp,https://www.procyclingstats.com/rider/sepp-kuss,1994-09-13,1994,United States,1.82,61.0,18.42,Durango,43,finished,17,,17,Climber,31,US,Team Visma | Lease a Bike,,,1:58,118,1425
1,RR,04 July 2026,Barcelona,Barcelona,19.6,167,16,53.95,-,Paret-Peintre Aurélien,https://www.procyclingstats.com/rider/aurelien-paret-peintre,1996-02-27,1996,France,1.84,64.0,18.9,Annemasse,44,finished,56,,56,GC,30,FR,Decathlon CMA CGM Team,,,2:02,122,1429
1,RR,04 July 2026,Barcelona,Barcelona,19.6,167,16,53.95,-,Gee-West Derek,https://www.procyclingstats.com/rider/derek-gee,1997-08-03,1997,Canada,1.89,72.0,20.16,Ottawa,45,finished,32,,32,Climber,28,CA,Lidl - Trek,,,2:03,123,1430
1,RR,04 July 2026,Barcelona,Barcelona,19.6,167,16,53.95,-,Van Gils Maxim,https://www.procyclingstats.com/rider/maxim-van-gils,1999-11-25,1999,Belgium,1.74,63.0,20.81,Brasschaat,46,finished,28,,28,Classic,26,BE,Red Bull - BORA - hansgrohe,,,2:04,124,1431
1,RR,04 July 2026,Barcelona,Barcelona,19.6,167,16,53.95,-,van Baarle Dylan,https://www.procyclingstats.com/rider/dylan-van-baarle,1992-05-21,1992,Netherlands,1.89,74.0,20.72,Voorburg,47,finished,95,,95,Classic,34,NL,Soudal Quick-Step,,,2:06,126,1433
1,RR,04 July 2026,Barcelona,Barcelona,19.6,167,16,53.95,-,Le Berre Mathis,https://www.procyclingstats.com/rider/mathis-le-berre,2001-04-16,2001,France,1.76,68.0,21.95,Saint-Brieuc,48,finished,206,,206,Hills,25,FR,TotalEnergies,,,",,",126,1433
1,RR,04 July 2026,Barcelona,Barcelona,19.6,167,16,53.95,-,Quinn Sean,https://www.procyclingstats.com/rider/sean-quinn,2000-05-10,2000,United States,1.87,67.0,19.16,Los Angeles,49,finished,45,,45,GC,26,US,EF Education - EasyPost,,,2:08,128,1435
1,RR,04 July 2026,Barcelona,Barcelona,19.6,167,16,53.95,-,Godon Dorian,https://www.procyclingstats.com/rider/dorian-godon,1996-05-25,1996,France,1.89,74.0,20.72,Vitry-sur-Seine,50,finished,85,,85,Hills,30,FR,Netcompany INEOS,,,2:10,130,1437
1,RR,04 July 2026,Barcelona,Barcelona,19.6,167,16,53.95,-,Berckmoes Jenno,https://www.procyclingstats.com/rider/jenno-berckmoes,2001-02-04,2001,Belgium,1.77,61.0,19.47,Ghent,51,finished,153,,153,Classic,25,BE,Lotto Intermarché,,,",,",130,1437
1,RR,04 July 2026,Barcelona,Barcelona,19.6,167,16,53.95,-,Verstrynge Emiel,https://www.procyclingstats.com/rider/emiel-verstrynge,2002-02-04,2002,Belgium,1.89,69.0,19.32,Eeklo,52,finished,108,,108,Climber,24,BE,Alpecin - Premier Tech,,,2:11,131,1438
1,RR,04 July 2026,Barcelona,Barcelona,19.6,167,16,53.95,-,Tarling Joshua,https://www.procyclingstats.com/rider/joshua-tarling,2004-02-15,2004,Great Britain,1.94,78.0,20.72,Aberaeron,53,finished,87,,87,TT,22,GB,Netcompany INEOS,,,2:14,134,1441
1,RR,04 July 2026,Barcelona,Barcelona,19.6,167,16,53.95,-,Higuita Sergio,https://www.procyclingstats.com/rider/sergio-higuita,1997-08-01,1997,Colombia,1.66,57.0,20.69,Medellín,54,finished,61,,61,Climber,28,CO,XDS Astana Team,,,2:18,138,1445
1,RR,04 July 2026,Barcelona,Barcelona,19.6,167,16,53.95,-,Hindley Jai,https://www.procyclingstats.com/rider/jai-hindley,1996-05-05,1996,Australia,1.75,60.0,19.59,Perth,55,finished,24,,24,Climber,30,AU,Red Bull - BORA - hansgrohe,,,2:24,144,1451
1,RR,04 July 2026,Barcelona,Barcelona,19.6,167,16,53.95,-,Hirschi Marc,https://www.procyclingstats.com/rider/marc-hirschi,1998-08-24,1998,Switzerland,1.74,61.0,20.15,Bern,56,finished,194,,194,Classic,27,CH,Tudor Pro Cycling Team,,,2:25,145,1452
1,RR,04 July 2026,Barcelona,Barcelona,19.6,167,16,53.95,-,McNulty Brandon,https://www.procyclingstats.com/rider/brandon-mcnulty,1998-04-02,1998,United States,1.83,69.0,20.6,Phoenix,57,finished,4,,4,GC,28,US,UAE Team Emirates - XRG,,,2:26,146,1453
1,RR,04 July 2026,Barcelona,Barcelona,19.6,167,16,53.95,-,Braz Afonso Clément,https://www.procyclingstats.com/rider/clement-braz-afonso,1999-11-08,1999,France,1.63,50.0,18.82,Brive-la-Gaillarde,58,finished,183,,183,Climber,26,FR,Groupama - FDJ United,,,2:30,150,1457
1,RR,04 July 2026,Barcelona,Barcelona,19.6,167,16,53.95,-,Jorgenson Matteo,https://www.procyclingstats.com/rider/matteo-jorgenson,1999-07-01,1999,United States,1.9,69.0,19.11,Walnut Creek,59,finished,16,,16,GC,27,US,Team Visma | Lease a Bike,,,",,",150,1457
1,RR,04 July 2026,Barcelona,Barcelona,19.6,167,16,53.95,-,van den Broek Frank,https://www.procyclingstats.com/rider/frank-van-den-broek,2000-12-28,2000,Netherlands,1.78,70.0,22.09,Warmond,60,finished,218,,218,GC,25,NL,Team Picnic PostNL,,,2:33,153,1460
1,RR,04 July 2026,Barcelona,Barcelona,19.6,167,16,53.95,-,Hessmann Michel,https://www.procyclingstats.com/rider/michel-hessmann,2001-04-06,2001,Germany,1.91,78.0,21.38,Münster,61,finished,145,,145,Hills,25,DE,Movistar Team,,,2:36,156,1463
1,RR,04 July 2026,Barcelona,Barcelona,19.6,167,16,53.95,-,Oliveira Nelson,https://www.procyclingstats.com/rider/nelson-oliveira,1989-03-06,1989,Portugal,1.8,67.0,20.68,Anadia,62,finished,146,,146,TT,37,PT,Movistar Team,,,",,",156,1463
1,RR,04 July 2026,Barcelona,Barcelona,19.6,167,16,53.95,-,Vercher Mattéo,https://www.procyclingstats.com/rider/matheo-vercher,2001-01-26,2001,France,1.71,,,Lyon,63,finished,208,,208,Hills,25,FR,TotalEnergies,,,2:37,157,1464
1,RR,04 July 2026,Barcelona,Barcelona,19.6,167,16,53.95,-,Breuillard Nicolas,https://www.procyclingstats.com/rider/nicolas-breuillard,2000-03-13,2000,France,1.75,,,Pertuis,64,finished,202,,202,GC,26,FR,TotalEnergies,,,",,",157,1464
1,RR,04 July 2026,Barcelona,Barcelona,19.6,167,16,53.95,-,Kirsch Alex,https://www.procyclingstats.com/rider/alex-kirsch,1992-06-12,1992,Luxembourg,1.94,78.0,20.72,Luxembourg,65,finished,166,,166,TT,34,LU,Cofidis,,,2:38,158,1465
1,RR,04 July 2026,Barcelona,Barcelona,19.6,167,16,53.95,-,Debruyne Ramses,https://www.procyclingstats.com/rider/ramses-debruyne,2002-08-31,2002,Belgium,1.79,66.0,20.6,Rollegem,66,finished,102,,102,Climber,23,BE,Alpecin - Premier Tech,,,2:40,160,1467
1,RR,04 July 2026,Barcelona,Barcelona,19.6,167,16,53.95,-,Hermans Quinten,https://www.procyclingstats.com/rider/quinten-hermans,1995-07-29,1995,Belgium,1.74,62.0,20.48,Antwerp,67,finished,174,,174,Hills,30,BE,Pinarello Q36.5 Pro Cycling Team,,,2:43,163,1470
1,RR,04 July 2026,Barcelona,Barcelona,19.6,167,16,53.95,-,Tejada Harold,https://www.procyclingstats.com/rider/harold-tejada,1997-04-27,1997,Colombia,1.8,63.0,19.44,Pitalito,68,finished,65,,65,Climber,29,CO,XDS Astana Team,,,2:46,166,1473
1,RR,04 July 2026,Barcelona,Barcelona,19.6,167,16,53.95,-,Stuyven Jasper,https://www.procyclingstats.com/rider/jasper-stuyven,1992-04-17,1992,Belgium,1.87,80.0,22.88,Leuven,69,finished,94,,94,Classic,34,BE,Soudal Quick-Step,,,",,",166,1473
1,RR,04 July 2026,Barcelona,Barcelona,19.6,167,16,53.95,-,Paret-Peintre Valentin,https://www.procyclingstats.com/rider/valentin-paret-peintre,2001-01-14,2001,France,1.78,52.0,16.41,Annemasse,70,finished,93,,93,Climber,25,FR,Soudal Quick-Step,,,",,",166,1473
1,RR,04 July 2026,Barcelona,Barcelona,19.6,167,16,53.95,-,Romo Javier,https://www.procyclingstats.com/rider/javier-romo,1999-01-06,1999,Spain,1.84,70.0,20.68,Villafranca de los Caballeros,71,finished,147,,147,GC,27,ES,Movistar Team,,,",,",166,1473
1,RR,04 July 2026,Barcelona,Barcelona,19.6,167,16,53.95,-,Großschartner Felix,https://www.procyclingstats.com/rider/felix-grossschartner,1993-12-23,1993,Austria,1.84,64.0,18.9,Wels,72,finished,3,,3,GC,32,AT,UAE Team Emirates - XRG,,,2:54,174,1481
1,RR,04 July 2026,Barcelona,Barcelona,19.6,167,16,53.95,-,Kwiatkowski Michał,https://www.procyclingstats.com/rider/michal-kwiatkowski,1990-06-02,1990,Poland,1.76,68.0,21.95,Chełmża,73,finished,86,,86,Classic,36,PL,Netcompany INEOS,,,3:00,180,1487
1,RR,04 July 2026,Barcelona,Barcelona,19.6,167,16,53.95,-,Wellens Tim,https://www.procyclingstats.com/rider/tim-wellens,1991-05-10,1991,Belgium,1.82,71.0,21.43,Sint-Truiden,74,finished,7,,7,GC,35,BE,UAE Team Emirates - XRG,,,3:02,182,1489
1,RR,04 July 2026,Barcelona,Barcelona,19.6,167,16,53.95,-,Biesterbos Frits,https://www.procyclingstats.com/rider/frits-biesterbos,2002-02-14,2002,Netherlands,,,,Apeldoorn,75,finished,212,,212,Classic,24,NL,Team Picnic PostNL,,,3:05,185,1492
1,RR,04 July 2026,Barcelona,Barcelona,19.6,167,16,53.95,-,Bittner Pavel,https://www.procyclingstats.com/rider/pavel-bittner,2002-10-29,2002,Czech Republic,1.84,73.0,21.56,Olomouc,76,finished,213,,213,Sprint,23,CZ,Team Picnic PostNL,,,",,",185,1492
1,RR,04 July 2026,Barcelona,Barcelona,19.6,167,16,53.95,-,Barguil Warren,https://www.procyclingstats.com/rider/warren-barguil,1991-10-28,1991,France,1.83,61.0,18.21,Hennebont,77,finished,211,,211,Climber,34,FR,Team Picnic PostNL,,,",,",185,1492
1,RR,04 July 2026,Barcelona,Barcelona,19.6,167,16,53.95,-,Degenkolb John,https://www.procyclingstats.com/rider/john-degenkolb,1989-01-07,1989,Germany,1.8,82.0,25.31,Gera,78,finished,214,,214,Classic,37,DE,Team Picnic PostNL,,,",,",185,1492
1,RR,04 July 2026,Barcelona,Barcelona,19.6,167,16,53.95,-,van den Berg Julius,https://www.procyclingstats.com/rider/julius-van-den-berg,1996-10-23,1996,Netherlands,1.9,78.0,21.61,Purmerend,79,finished,217,,217,Sprint,29,NL,Team Picnic PostNL,,,",,",185,1492
1,RR,04 July 2026,Barcelona,Barcelona,19.6,167,16,53.95,-,Bernal Egan,https://www.procyclingstats.com/rider/egan-bernal,1997-01-13,1997,Colombia,1.75,60.0,19.59,Bogotá,80,finished,81,,81,GC,29,CO,Netcompany INEOS,,,3:06,186,1493
1,RR,04 July 2026,Barcelona,Barcelona,19.6,167,16,53.95,-,Girmay Biniam,https://www.procyclingstats.com/rider/biniam-girmay,2000-04-02,2000,Eritrea,1.84,70.0,20.68,Asmara,81,finished,131,,131,Classic,26,ER,NSN Cycling Team,,,3:10,190,1497
1,RR,04 July 2026,Barcelona,Barcelona,19.6,167,16,53.95,-,Marsman Tim,https://www.procyclingstats.com/rider/tim-marsman,2000-10-04,2000,Netherlands,1.91,75.0,20.56,Hattem,82,finished,104,,104,Sprint,25,NL,Alpecin - Premier Tech,,,",,",190,1497
1,RR,04 July 2026,Barcelona,Barcelona,19.6,167,16,53.95,-,Kanter Max,https://www.procyclingstats.com/rider/max-kanter,1997-10-22,1997,Germany,1.76,68.0,21.95,Cottbus,83,finished,64,,64,Sprint,28,DE,XDS Astana Team,,,",,",190,1497
1,RR,04 July 2026,Barcelona,Barcelona,19.6,167,16,53.95,-,Healy Ben,https://www.procyclingstats.com/rider/ben-healy,2000-09-11,2000,Ireland,1.75,62.0,20.24,Kingswinford Previous nationalities Great Britain until 2016,84,finished,44,,44,Climber,25,IE,EF Education - EasyPost,,,3:11,191,1498
1,RR,04 July 2026,Barcelona,Barcelona,19.6,167,16,53.95,-,Asgreen Kasper,https://www.procyclingstats.com/rider/kasper-asgreen,1995-02-08,1995,Denmark,1.93,75.0,20.13,Kolding,85,finished,42,,42,TT,31,DK,EF Education - EasyPost,,,",,",191,1498
1,RR,04 July 2026,Barcelona,Barcelona,19.6,167,16,53.95,-,Caruso Damiano,https://www.procyclingstats.com/rider/damiano-caruso,1987-10-12,1987,Italy,1.79,67.0,20.91,Ragusa,86,finished,73,,73,GC,38,IT,Bahrain - Victorious,,,3:12,192,1499
1,RR,04 July 2026,Barcelona,Barcelona,19.6,167,16,53.95,-,Charmig Anthon,https://www.procyclingstats.com/rider/anthon-charmig,1998-03-25,1998,Denmark,1.82,66.0,19.93,Aarhus,87,finished,123,,123,GC,28,DK,Uno-X Mobility,,,",,",192,1499
1,RR,04 July 2026,Barcelona,Barcelona,19.6,167,16,53.95,-,Van Mechelen Vlad,https://www.procyclingstats.com/rider/vlad-van-mechelen,2004-06-02,2004,Belgium,1.83,73.0,21.8,Leuven,88,finished,78,,78,Sprint,22,BE,Bahrain - Victorious,,,3:13,193,1500
1,RR,04 July 2026,Barcelona,Barcelona,19.6,167,16,53.95,-,Frigo Marco,https://www.procyclingstats.com/rider/marco-frigo,2000-03-02,2000,Italy,1.88,70.0,19.81,Bassano del Grappa,89,finished,134,,134,Climber,26,IT,NSN Cycling Team,,,3:14,194,1501
1,RR,04 July 2026,Barcelona,Barcelona,19.6,167,16,53.95,-,Neilands Krists,https://www.procyclingstats.com/rider/krists-neilands,1994-08-18,1994,Latvia,1.89,69.0,19.32,Kuldīga,90,finished,136,,136,Classic,31,LV,NSN Cycling Team,,,",,",194,1501
1,RR,04 July 2026,Barcelona,Barcelona,19.6,167,16,53.95,-,Van Asbroeck Tom,https://www.procyclingstats.com/rider/tom-van-asbroeck,1990-04-19,1990,Belgium,1.82,72.0,21.74,Aalst,91,finished,138,,138,Sprint,36,BE,NSN Cycling Team,,,",,",194,1501
1,RR,04 July 2026,Barcelona,Barcelona,19.6,167,16,53.95,-,Askey Lewis,https://www.procyclingstats.com/rider/lewis-askey,2001-05-04,2001,Great Britain,1.87,75.0,21.45,Cannock,92,finished,132,,132,Classic,25,GB,NSN Cycling Team,,,",,",194,1501
1,RR,04 July 2026,Barcelona,Barcelona,19.6,167,16,53.95,-,Thomas Benjamin,https://www.procyclingstats.com/rider/benjamin-thomas-2,1995-09-12,1995,France,1.79,68.0,21.22,Lavaur,93,finished,168,,168,TT,30,FR,Cofidis,,,3:15,195,1502
1,RR,04 July 2026,Barcelona,Barcelona,19.6,167,16,53.95,-,Russo Clément,https://www.procyclingstats.com/rider/clement-russo,1995-01-20,1995,France,1.87,74.0,21.16,Lyon,94,finished,188,,188,Classic,31,FR,Groupama - FDJ United,,,",,",195,1502
1,RR,04 July 2026,Barcelona,Barcelona,19.6,167,16,53.95,-,Germani Lorenzo,https://www.procyclingstats.com/rider/lorenzo-germani,2002-03-03,2002,Italy,1.79,62.0,19.35,Sora,95,finished,185,,185,GC,24,IT,Groupama - FDJ United,,,",,",195,1502
1,RR,04 July 2026,Barcelona,Barcelona,19.6,167,16,53.95,-,Costiou Ewen,https://www.procyclingstats.com/rider/ewen-costiou,2002-11-10,2002,France,1.76,64.0,20.66,Brest,96,finished,184,,184,GC,23,FR,Groupama - FDJ United,,,",,",195,1502
1,RR,04 July 2026,Barcelona,Barcelona,19.6,167,16,53.95,-,Märkl Niklas,https://www.procyclingstats.com/rider/niklas-markl,1999-03-03,1999,Germany,1.85,70.0,20.45,Queidersbach,97,finished,216,,216,Sprint,27,DE,Team Picnic PostNL,,,3:16,196,1503
1,RR,04 July 2026,Barcelona,Barcelona,19.6,167,16,53.95,-,Pacher Quentin,https://www.procyclingstats.com/rider/quentin-pacher,1992-01-06,1992,France,1.79,62.0,19.35,Libourne,98,finished,187,,187,Hills,34,FR,Groupama - FDJ United,,,3:18,198,1505
1,RR,04 July 2026,Barcelona,Barcelona,19.6,167,16,53.95,-,Benoot Tiesj,https://www.procyclingstats.com/rider/tiesj-benoot,1994-03-11,1994,Belgium,1.9,72.0,19.94,Ghent,99,finished,52,,52,Classic,32,BE,Decathlon CMA CGM Team,,,3:19,199,1506
1,RR,04 July 2026,Barcelona,Barcelona,19.6,167,16,53.95,-,Howson Damien,https://www.procyclingstats.com/rider/damien-howson,1992-08-13,1992,Australia,1.88,68.0,19.24,Adelaide,100,finished,175,,175,GC,33,AU,Pinarello Q36.5 Pro Cycling Team,,,3:21,201,1508
1,RR,04 July 2026,Barcelona,Barcelona,19.6,167,16,53.95,-,Wright Fred,https://www.procyclingstats.com/rider/alfred-wright,1999-06-13,1999,Great Britain,1.84,75.0,22.15,London,101,finished,178,,178,Hills,27,GB,Pinarello Q36.5 Pro Cycling Team,,,3:22,202,1509
1,RR,04 July 2026,Barcelona,Barcelona,19.6,167,16,53.95,-,Rubio Einer,https://www.procyclingstats.com/rider/einer-rubio,1998-02-22,1998,Colombia,1.64,56.0,20.82,Chíquiza,102,finished,148,,148,Climber,28,CO,Movistar Team,,,3:25,205,1512
1,RR,04 July 2026,Barcelona,Barcelona,19.6,167,16,53.95,-,Storer Michael,https://www.procyclingstats.com/rider/michael-storer,1997-02-28,1997,Australia,1.77,63.0,20.11,Perth,103,finished,196,,196,Climber,29,AU,Tudor Pro Cycling Team,,,3:27,207,1514
1,RR,04 July 2026,Barcelona,Barcelona,19.6,167,16,53.95,-,Vervaeke Louis,https://www.procyclingstats.com/rider/louis-vervaeke,1993-10-06,1993,Belgium,1.81,68.0,20.76,Ronse,104,finished,98,,98,GC,32,BE,Soudal Quick-Step,,,3:28,208,1515
1,RR,04 July 2026,Barcelona,Barcelona,19.6,167,16,53.95,-,Vermeersch Florian,https://www.procyclingstats.com/rider/florian-vermeersch,1999-03-12,1999,Belgium,1.93,85.0,22.82,Ghent,105,finished,6,,6,Classic,27,BE,UAE Team Emirates - XRG,,,",,",208,1515
1,RR,04 July 2026,Barcelona,Barcelona,19.6,167,16,53.95,-,Armirail Bruno,https://www.procyclingstats.com/rider/bruno-armirail,1994-04-11,1994,France,1.9,72.0,19.94,Bagnères-de-Bigorre,106,finished,13,,13,TT,32,FR,Team Visma | Lease a Bike,,,",,",208,1515
1,RR,04 July 2026,Barcelona,Barcelona,19.6,167,16,53.95,-,Campenaerts Victor,https://www.procyclingstats.com/rider/victor-campenaerts,1991-10-28,1991,Belgium,1.73,68.0,22.72,Hoboken,107,finished,14,,14,TT,34,BE,Team Visma | Lease a Bike,,,",,",208,1515
1,RR,04 July 2026,Barcelona,Barcelona,19.6,167,16,53.95,-,Artz Huub,https://www.procyclingstats.com/rider/huub-artz,2002-05-14,2002,Netherlands,1.86,71.0,20.52,Wintelre,108,finished,152,,152,Hills,24,NL,Lotto Intermarché,,,3:29,209,1516
1,RR,04 July 2026,Barcelona,Barcelona,19.6,167,16,53.95,-,Meurisse Xandro,https://www.procyclingstats.com/rider/xandro-meurisse,1992-01-31,1992,Belgium,1.81,68.0,20.76,Kortrijk,109,finished,176,,176,GC,34,BE,Pinarello Q36.5 Pro Cycling Team,,,3:30,210,1517
1,RR,04 July 2026,Barcelona,Barcelona,19.6,167,16,53.95,-,Azparren Xabier Mikel,https://www.procyclingstats.com/rider/xabier-mikel-azparren-irurzun,1999-02-25,1999,Spain,,,,San Sebastián,110,finished,172,,172,TT,27,ES,Pinarello Q36.5 Pro Cycling Team,,,",,",210,1517
1,RR,04 July 2026,Barcelona,Barcelona,19.6,167,16,53.95,-,Berthet Clément,https://www.procyclingstats.com/rider/clement-berthet,1997-08-02,1997,France,1.84,68.0,20.09,Pierre Bénite,111,finished,182,,182,Climber,28,FR,Groupama - FDJ United,,,3:34,214,1521
1,RR,04 July 2026,Barcelona,Barcelona,19.6,167,16,53.95,-,Martin Guillaume,https://www.procyclingstats.com/rider/guillaume-martin,1993-06-09,1993,France,1.73,55.0,18.38,Paris,112,finished,186,,186,Climber,33,FR,Groupama - FDJ United,,,",,",214,1521
1,RR,04 July 2026,Barcelona,Barcelona,19.6,167,16,53.95,-,Stewart Jake,https://www.procyclingstats.com/rider/jake-stewart,1999-10-02,1999,Great Britain,1.79,66.0,20.6,Coventry,113,finished,137,,137,Hills,26,GB,NSN Cycling Team,,,3:36,216,1523
1,RR,04 July 2026,Barcelona,Barcelona,19.6,167,16,53.95,-,Oldani Stefano,https://www.procyclingstats.com/rider/stefano-oldani,1998-01-10,1998,Italy,1.78,65.0,20.52,Milan,114,finished,226,,226,Hills,28,IT,Caja Rural - Seguros RGA,,,3:38,218,1525
1,RR,04 July 2026,Barcelona,Barcelona,19.6,167,16,53.95,-,Berwick Sebastian,https://www.procyclingstats.com/rider/sebastian-berwick,1999-12-15,1999,Australia,1.75,59.0,19.27,Brisbane,115,finished,223,,223,GC,26,AU,Caja Rural - Seguros RGA,,,",,",218,1525
1,RR,04 July 2026,Barcelona,Barcelona,19.6,167,16,53.95,-,Delettre Alexandre,https://www.procyclingstats.com/rider/alexandre-delettre,1997-10-25,1997,France,1.7,62.0,21.45,Gonesse,116,finished,204,,204,Classic,28,FR,TotalEnergies,,,3:41,221,1528
1,RR,04 July 2026,Barcelona,Barcelona,19.6,167,16,53.95,-,Walker Max,https://www.procyclingstats.com/rider/max-walker,2001-07-12,2001,Great Britain,,,,Douglas,117,finished,48,,48,TT,24,GB,EF Education - EasyPost,,,3:43,223,1530
1,RR,04 July 2026,Barcelona,Barcelona,19.6,167,16,53.95,-,Pluimers Rick,https://www.procyclingstats.com/rider/rick-pluimers,2000-12-07,2000,Netherlands,1.8,67.0,20.68,Enter,118,finished,195,,195,Hills,25,NL,Tudor Pro Cycling Team,,,3:45,225,1532
1,RR,04 July 2026,Barcelona,Barcelona,19.6,167,16,53.95,-,de Kleijn Arvid,https://www.procyclingstats.com/rider/arvid-de-kleijn,1994-03-21,1994,Netherlands,1.71,68.0,23.26,Herveld,119,finished,192,,192,Sprint,32,NL,Tudor Pro Cycling Team,,,",,",225,1532
1,RR,04 July 2026,Barcelona,Barcelona,19.6,167,16,53.95,-,Johannessen Anders Halland,https://www.procyclingstats.com/rider/anders-halland-johannessen,1999-08-23,1999,Norway,1.76,,,Drøbak,120,finished,125,,125,GC,26,NO,Uno-X Mobility,,,3:50,230,1537
1,RR,04 July 2026,Barcelona,Barcelona,19.6,167,16,53.95,-,Aranburu Alex,https://www.procyclingstats.com/rider/alex-aranburu,1995-09-19,1995,Spain,1.78,63.0,19.88,Ezkio-Itsaso,121,finished,163,,163,Classic,30,ES,Cofidis,,,3:54,234,1541
1,RR,04 July 2026,Barcelona,Barcelona,19.6,167,16,53.95,-,Abrahamsen Jonas,https://www.procyclingstats.com/rider/jonas-abrahamsen,1995-09-20,1995,Norway,1.83,78.0,23.29,Skien,122,finished,122,,122,Classic,30,NO,Uno-X Mobility,,,3:55,235,1542
1,RR,04 July 2026,Barcelona,Barcelona,19.6,167,16,53.95,-,Cort Magnus,https://www.procyclingstats.com/rider/magnus-cort-nielsen,1993-01-16,1993,Denmark,1.84,68.0,20.09,Rønne,123,finished,124,,124,Hills,33,DK,Uno-X Mobility,,,",,",235,1542
1,RR,04 July 2026,Barcelona,Barcelona,19.6,167,16,53.95,-,Louvel Matis,https://www.procyclingstats.com/rider/matis-louvel,1999-07-19,1999,France,1.87,77.0,22.02,Mont Saint Aignan,124,finished,135,,135,Classic,26,FR,NSN Cycling Team,,,",,",235,1542
1,RR,04 July 2026,Barcelona,Barcelona,19.6,167,16,53.95,-,Mohorič Matej,https://www.procyclingstats.com/rider/matej-mohoric,1994-10-19,1994,Slovenia,1.86,71.0,20.52,Kranj,125,finished,75,,75,Classic,31,SI,Bahrain - Victorious,,,3:56,236,1543
1,RR,04 July 2026,Barcelona,Barcelona,19.6,167,16,53.95,-,Planckaert Edward,https://www.procyclingstats.com/rider/edward-planckaert,1995-02-01,1995,Belgium,1.78,71.0,22.41,Kortrijk,126,finished,106,,106,Classic,31,BE,Alpecin - Premier Tech,,,3:58,238,1545
1,RR,04 July 2026,Barcelona,Barcelona,19.6,167,16,53.95,-,Skaarseth Anders,https://www.procyclingstats.com/rider/anders-skaarseth,1995-05-07,1995,Norway,1.86,,,Lillehammer,127,finished,126,,126,Classic,31,NO,Uno-X Mobility,,,3:59,239,1546
1,RR,04 July 2026,Barcelona,Barcelona,19.6,167,16,53.95,-,Prodhomme Nicolas,https://www.procyclingstats.com/rider/nicolas-prodhomme,1997-02-01,1997,France,1.74,63.0,20.81,L'Aigle,128,finished,57,,57,GC,29,FR,Decathlon CMA CGM Team,,,4:01,241,1548
1,RR,04 July 2026,Barcelona,Barcelona,19.6,167,16,53.95,-,Turgis Anthony,https://www.procyclingstats.com/rider/anthony-turgis,1994-05-16,1994,France,1.78,70.0,22.09,Bourg-la-Reine,129,finished,207,,207,Classic,32,FR,TotalEnergies,,,4:03,243,1550
1,RR,04 July 2026,Barcelona,Barcelona,19.6,167,16,53.95,-,Gaviria Fernando,https://www.procyclingstats.com/rider/fernando-gaviria,1994-08-19,1994,Colombia,1.81,71.0,21.67,La Ceja,130,finished,221,,221,Sprint,31,CO,Caja Rural - Seguros RGA,,,4:05,245,1552
1,RR,04 July 2026,Barcelona,Barcelona,19.6,167,16,53.95,-,Cattaneo Mattia,https://www.procyclingstats.com/rider/mattia-cattaneo,1990-10-25,1990,Italy,1.84,67.0,19.79,Alzano Lombardo,131,finished,22,,22,TT,35,IT,Red Bull - BORA - hansgrohe,,,4:06,246,1553
1,RR,04 July 2026,Barcelona,Barcelona,19.6,167,16,53.95,-,Tratnik Jan,https://www.procyclingstats.com/rider/jan-tratnik,1990-02-23,1990,Slovenia,1.73,67.0,22.39,Idrija,132,finished,26,,26,TT,36,SI,Red Bull - BORA - hansgrohe,,,",,",246,1553
1,RR,04 July 2026,Barcelona,Barcelona,19.6,167,16,53.95,-,Zimmermann Georg,https://www.procyclingstats.com/rider/georg-zimmermann,1997-10-11,1997,Germany,1.81,70.0,21.37,Augsburg,133,finished,158,,158,Classic,28,DE,Lotto Intermarché,,,",,",246,1553
1,RR,04 July 2026,Barcelona,Barcelona,19.6,167,16,53.95,-,Craps Lars,https://www.procyclingstats.com/rider/lars-craps,2001-10-17,2001,Belgium,1.85,67.0,19.58,Aalst,134,finished,154,,154,GC,24,BE,Lotto Intermarché,,,4:08,248,1555
1,RR,04 July 2026,Barcelona,Barcelona,19.6,167,16,53.95,-,Slock Liam,https://www.procyclingstats.com/rider/liam-slock,2000-09-18,2000,Belgium,1.88,74.0,20.94,Ghent,135,finished,155,,155,GC,25,BE,Lotto Intermarché,,,",,",248,1555
1,RR,04 July 2026,Barcelona,Barcelona,19.6,167,16,53.95,-,Veistroffer Baptiste,https://www.procyclingstats.com/rider/baptiste-veistroffer,2000-05-29,2000,France,1.82,73.0,22.04,Fouesnant,136,finished,157,,157,Hills,26,FR,Lotto Intermarché,,,",,",248,1555
1,RR,04 July 2026,Barcelona,Barcelona,19.6,167,16,53.95,-,De Lie Arnaud,https://www.procyclingstats.com/rider/arnaud-de-lie,2002-03-16,2002,Belgium,1.82,78.0,23.55,Libramont,137,finished,151,,151,Classic,24,BE,Lotto Intermarché,,,4:09,249,1556
1,RR,04 July 2026,Barcelona,Barcelona,19.6,167,16,53.95,-,Biermans Jenthe,https://www.procyclingstats.com/rider/jenthe-biermans,1995-10-30,1995,Belgium,1.84,78.0,23.04,Geel,138,finished,164,,164,Classic,30,BE,Cofidis,,,4:10,250,1557
1,RR,04 July 2026,Barcelona,Barcelona,19.6,167,16,53.95,-,Page Hugo,https://www.procyclingstats.com/rider/hugo-page,2001-07-24,2001,France,1.85,71.0,20.75,Chartres,139,finished,167,,167,Classic,24,FR,Cofidis,,,",,",250,1557
1,RR,04 July 2026,Barcelona,Barcelona,19.6,167,16,53.95,-,Kooij Olav,https://www.procyclingstats.com/rider/olav-kooij,2001-10-17,2001,Netherlands,1.84,72.0,21.27,Numansdorp,140,finished,55,,55,Sprint,24,NL,Decathlon CMA CGM Team,,,4:12,252,1559
1,RR,04 July 2026,Barcelona,Barcelona,19.6,167,16,53.95,-,Hoole Daan,https://www.procyclingstats.com/rider/daan-hoole,1999-02-22,1999,Netherlands,1.98,84.0,21.43,Zuidland,141,finished,54,,54,TT,27,NL,Decathlon CMA CGM Team,,,",,",252,1559
1,RR,04 July 2026,Barcelona,Barcelona,19.6,167,16,53.95,-,Otruba Jakub,https://www.procyclingstats.com/rider/jakub-otruba,1998-01-30,1998,Czech Republic,1.9,75.0,20.78,Olomouc,142,finished,227,,227,GC,28,CZ,Caja Rural - Seguros RGA,,,",,",252,1559
1,RR,04 July 2026,Barcelona,Barcelona,19.6,167,16,53.95,-,Stannard Robert,https://www.procyclingstats.com/rider/robert-stannard,1998-09-16,1998,Australia,1.79,74.0,23.1,Sydney Previous nationalities New Zealand until 2016,143,finished,76,,76,Hills,27,AU,Bahrain - Victorious,,,4:15,255,1562
1,RR,04 July 2026,Barcelona,Barcelona,19.6,167,16,53.95,-,Wærenskjold Søren,https://www.procyclingstats.com/rider/soren-waerenskjold,2000-03-12,2000,Norway,1.95,92.0,24.19,Mandal,144,finished,128,,128,Classic,26,NO,Uno-X Mobility,,,",,",255,1562
1,RR,04 July 2026,Barcelona,Barcelona,19.6,167,16,53.95,-,Skujiņš Toms,https://www.procyclingstats.com/rider/toms-skujins,1991-06-15,1991,Latvia,1.81,72.0,21.98,Sigulda,145,finished,36,,36,Classic,35,LV,Lidl - Trek,,,4:16,256,1563
1,RR,04 July 2026,Barcelona,Barcelona,19.6,167,16,53.95,-,Harper Chris,https://www.procyclingstats.com/rider/chris-harper,1994-11-23,1994,Australia,1.85,67.0,19.58,Melbourne,146,finished,173,,173,GC,31,AU,Pinarello Q36.5 Pro Cycling Team,,,4:21,261,1568
1,RR,04 July 2026,Barcelona,Barcelona,19.6,167,16,53.95,-,Verona Carlos,https://www.procyclingstats.com/rider/carlos-verona,1992-11-04,1992,Spain,1.86,68.0,19.66,San Lorenzo de El Escorial,147,finished,38,,38,GC,33,ES,Lidl - Trek,,,4:22,262,1569
1,RR,04 July 2026,Barcelona,Barcelona,19.6,167,16,53.95,-,Pedersen Mads,https://www.procyclingstats.com/rider/mads-pedersen,1995-12-18,1995,Denmark,1.8,76.0,23.46,Tølløse,148,finished,33,,33,Classic,30,DK,Lidl - Trek,,,",,",262,1569
1,RR,04 July 2026,Barcelona,Barcelona,19.6,167,16,53.95,-,Hagenes Per Strand,https://www.procyclingstats.com/rider/per-strand-hagenes,2003-07-10,2003,Norway,1.86,78.0,22.55,Sandnes,149,finished,15,,15,Classic,22,NO,Team Visma | Lease a Bike,,,4:23,263,1570
1,RR,04 July 2026,Barcelona,Barcelona,19.6,167,16,53.95,-,Affini Edoardo,https://www.procyclingstats.com/rider/edoardo-affini,1996-06-24,1996,Italy,1.9,85.0,23.55,Mantua,150,finished,12,,12,TT,30,IT,Team Visma | Lease a Bike,,,",,",263,1570
1,RR,04 July 2026,Barcelona,Barcelona,19.6,167,16,53.95,-,Simmons Quinn,https://www.procyclingstats.com/rider/quinn-simmons,2001-05-08,2001,United States,1.85,73.0,21.33,Durango,151,finished,34,,34,Hills,25,US,Lidl - Trek,,,",,",263,1570
1,RR,04 July 2026,Barcelona,Barcelona,19.6,167,16,53.95,-,Eenkhoorn Pascal,https://www.procyclingstats.com/rider/pascal-eenkhoorn,1997-02-08,1997,Netherlands,1.85,72.0,21.04,Zwolle,152,finished,92,,92,Classic,29,NL,Soudal Quick-Step,,,4:26,266,1573
1,RR,04 July 2026,Barcelona,Barcelona,19.6,167,16,53.95,-,Politt Nils,https://www.procyclingstats.com/rider/nils-politt,1994-03-06,1994,Germany,1.92,80.0,21.7,Cologne,153,finished,5,,5,Classic,32,DE,UAE Team Emirates - XRG,,,4:27,267,1574
1,RR,04 July 2026,Barcelona,Barcelona,19.6,167,16,53.95,-,Yates Adam,https://www.procyclingstats.com/rider/adam-yates,1992-08-07,1992,Great Britain,1.73,58.0,19.38,Bury,154,finished,8,,8,Climber,33,GB,UAE Team Emirates - XRG,,,",,",267,1574
1,RR,04 July 2026,Barcelona,Barcelona,19.6,167,16,53.95,-,Van Moer Brent,https://www.procyclingstats.com/rider/brent-van-moer,1998-01-12,1998,Belgium,1.91,79.0,21.66,Beveren,155,finished,177,,177,Classic,28,BE,Pinarello Q36.5 Pro Cycling Team,,,",,",267,1574
1,RR,04 July 2026,Barcelona,Barcelona,19.6,167,16,53.95,-,Nicolau Joel,https://www.procyclingstats.com/rider/joel-nicolau,1997-12-23,1997,Spain,1.76,66.0,21.31,Llofriu,156,finished,225,,225,Hills,28,ES,Caja Rural - Seguros RGA,,,4:28,268,1575
1,RR,04 July 2026,Barcelona,Barcelona,19.6,167,16,53.95,-,Bol Cees,https://www.procyclingstats.com/rider/cees-bol,1995-07-27,1995,Netherlands,1.94,83.0,22.05,Zaandam,157,finished,53,,53,Sprint,30,NL,Decathlon CMA CGM Team,,,4:31,271,1578
1,RR,04 July 2026,Barcelona,Barcelona,19.6,167,16,53.95,-,Fretin Milan,https://www.procyclingstats.com/rider/milan-fretin,2001-03-19,2001,Belgium,1.82,70.0,21.13,Genk,158,finished,165,,165,Classic,25,BE,Cofidis,,,4:32,272,1579
1,RR,04 July 2026,Barcelona,Barcelona,19.6,167,16,53.95,-,O'Connor Ben,https://www.procyclingstats.com/rider/ben-o-connor,1995-11-25,1995,Australia,1.88,67.0,18.96,Subiaco,159,finished,111,,111,GC,30,AU,Team Jayco AlUla,,,4:33,273,1580
1,RR,04 July 2026,Barcelona,Barcelona,19.6,167,16,53.95,-,O'Brien Kelland,https://www.procyclingstats.com/rider/kelland-brien,1998-05-22,1998,Australia,1.92,77.0,20.89,Melbourne,160,finished,116,,116,Classic,28,AU,Team Jayco AlUla,,,",,",273,1580
1,RR,04 July 2026,Barcelona,Barcelona,19.6,167,16,53.95,-,Engelhardt Felix,https://www.procyclingstats.com/rider/felix-engelhardt,2000-08-19,2000,Germany,1.8,68.0,20.99,Ulm,161,finished,114,,114,Classic,25,DE,Team Jayco AlUla,,,",,",273,1580
1,RR,04 July 2026,Barcelona,Barcelona,19.6,167,16,53.95,-,Delbove Joris,https://www.procyclingstats.com/rider/joris-delbove,2000-07-15,2000,France,,,,Troyes,162,finished,203,,203,GC,25,FR,TotalEnergies,,,4:34,274,1581
1,RR,04 July 2026,Barcelona,Barcelona,19.6,167,16,53.95,-,Schmid Mauro,https://www.procyclingstats.com/rider/mauro-schmid,1999-12-04,1999,Switzerland,1.87,70.0,20.02,Bülach,163,finished,118,,118,Hills,26,CH,Team Jayco AlUla,,,4:35,275,1582
1,RR,04 July 2026,Barcelona,Barcelona,19.6,167,16,53.95,-,Gradek Kamil,https://www.procyclingstats.com/rider/kamil-gradek,1990-09-17,1990,Poland,1.94,83.0,22.05,Koziegłowy,164,finished,74,,74,TT,35,PL,Bahrain - Victorious,,,4:37,277,1584
1,RR,04 July 2026,Barcelona,Barcelona,19.6,167,16,53.95,-,Bauhaus Phil,https://www.procyclingstats.com/rider/phil-bauhaus,1994-07-08,1994,Germany,1.84,75.0,22.15,Bocholt,165,finished,72,,72,Sprint,31,DE,Bahrain - Victorious,,,",,",277,1584
1,RR,04 July 2026,Barcelona,Barcelona,19.6,167,16,53.95,-,Gate Aaron,https://www.procyclingstats.com/rider/aaron-gate,1990-11-26,1990,New Zealand,1.81,71.0,21.67,Auckland,166,finished,63,,63,GC,35,NZ,XDS Astana Team,,,",,",277,1584
1,RR,04 July 2026,Barcelona,Barcelona,19.6,167,16,53.95,-,Teunissen Mike,https://www.procyclingstats.com/rider/mike-teunissen,1992-08-25,1992,Netherlands,1.84,73.0,21.56,Ysselsteyn,167,finished,66,,66,Classic,33,NL,XDS Astana Team,,,4:46,286,1593
1,RR,04 July 2026,Barcelona,Barcelona,19.6,167,16,53.95,-,Ballerini Davide,https://www.procyclingstats.com/rider/davide-ballerini,1994-09-21,1994,Italy,1.83,71.0,21.2,Cantù,168,finished,62,,62,Classic,31,IT,XDS Astana Team,,,",,",286,1593
1,RR,04 July 2026,Barcelona,Barcelona,19.6,167,16,53.95,-,Van Lerberghe Bert,https://www.procyclingstats.com/rider/bert-van-lerberghe,1992-09-29,1992,Belgium,1.9,83.0,22.99,Kortrijk,169,finished,96,,96,Classic,33,BE,Soudal Quick-Step,,,4:49,289,1596
1,RR,04 July 2026,Barcelona,Barcelona,19.6,167,16,53.95,-,Merlier Tim,https://www.procyclingstats.com/rider/tim-merlier,1992-10-30,1992,Belgium,1.88,76.0,21.5,Wortegem-Petegem,170,finished,91,,91,Sprint,33,BE,Soudal Quick-Step,,,",,",289,1596
1,RR,04 July 2026,Barcelona,Barcelona,19.6,167,16,53.95,-,Ackermann Pascal,https://www.procyclingstats.com/rider/pascal-ackermann,1994-01-17,1994,Germany,1.8,78.0,24.07,Kandel,171,finished,112,,112,Sprint,32,DE,Team Jayco AlUla,,,4:51,291,1598
1,RR,04 July 2026,Barcelona,Barcelona,19.6,167,16,53.95,-,Durbridge Luke,https://www.procyclingstats.com/rider/luke-durbridge,1991-04-09,1991,Australia,1.87,78.0,22.31,Greenmount,172,finished,113,,113,TT,35,AU,Team Jayco AlUla,,,",,",291,1598
1,RR,04 July 2026,Barcelona,Barcelona,19.6,167,16,53.95,-,Guernalec Thibault,https://www.procyclingstats.com/rider/thibault-guernalec,1997-07-31,1997,France,1.85,71.0,20.75,Châteaulin,173,finished,205,,205,TT,28,FR,TotalEnergies,,,4:52,292,1599
1,RR,04 July 2026,Barcelona,Barcelona,19.6,167,16,53.95,-,Vinokurov Nicolas,https://www.procyclingstats.com/rider/nicolas-vinokurov,2002-07-07,2002,Kazakhstan,1.84,69.0,20.38,Nice,174,finished,68,,68,GC,23,KZ,XDS Astana Team,,,4:54,294,1601
1,RR,04 July 2026,Barcelona,Barcelona,19.6,167,16,53.95,-,Trentin Matteo,https://www.procyclingstats.com/rider/matteo-trentin,1989-08-02,1989,Italy,1.79,74.0,23.1,Borgo Valsugana,175,finished,197,,197,Classic,36,IT,Tudor Pro Cycling Team,,,5:06,306,1613
1,RR,04 July 2026,Barcelona,Barcelona,19.6,167,16,53.95,-,Haller Marco,https://www.procyclingstats.com/rider/marco-haller,1991-04-01,1991,Austria,1.78,72.0,22.72,Sankt Veit an der Glan,176,finished,193,,193,Classic,35,AT,Tudor Pro Cycling Team,,,",,",306,1613
1,RR,04 July 2026,Barcelona,Barcelona,19.6,167,16,53.95,-,Philipsen Jasper,https://www.procyclingstats.com/rider/jasper-philipsen,1998-03-02,1998,Belgium,1.76,75.0,24.21,Mol,177,finished,105,,105,Sprint,28,BE,Alpecin - Premier Tech,,,5:07,307,1614
1,RR,04 July 2026,Barcelona,Barcelona,19.6,167,16,53.95,-,Dillier Silvan,https://www.procyclingstats.com/rider/silvan-dillier,1990-08-03,1990,Switzerland,1.83,75.0,22.4,Aarau,178,finished,103,,103,Classic,35,CH,Alpecin - Premier Tech,,,",,",307,1614
1,RR,04 July 2026,Barcelona,Barcelona,19.6,167,16,53.95,-,Rickaert Jonas,https://www.procyclingstats.com/rider/jonas-rickaert,1994-02-07,1994,Belgium,1.9,88.0,24.38,Sint-Eloois-Vijve,179,finished,107,,107,Classic,32,BE,Alpecin - Premier Tech,,,5:08,308,1615
1,RR,04 July 2026,Barcelona,Barcelona,19.6,167,16,53.95,-,Valgren Michael,https://www.procyclingstats.com/rider/michael-valgren-andersen,1992-02-07,1992,Denmark,1.79,71.0,22.16,Østerild,180,finished,47,,47,Classic,34,DK,EF Education - EasyPost,,,",,",308,1615
1,RR,04 July 2026,Barcelona,Barcelona,19.6,167,16,53.95,-,Denz Nico,https://www.procyclingstats.com/rider/nico-denz,1994-02-15,1994,Germany,1.83,71.0,21.2,Waldshut-Tiengen,181,finished,23,,23,Hills,32,DE,Red Bull - BORA - hansgrohe,,,5:13,313,1620
1,RR,04 July 2026,Barcelona,Barcelona,19.6,167,16,53.95,-,van Dijke Tim,https://www.procyclingstats.com/rider/tim-van-dijke,2000-03-15,2000,Netherlands,1.89,74.0,20.72,Goes,182,finished,27,,27,Classic,26,NL,Red Bull - BORA - hansgrohe,,,5:17,317,1624
1,RR,04 July 2026,Barcelona,Barcelona,19.6,167,16,53.95,-,Allegaert Piet,https://www.procyclingstats.com/rider/piet-allegaert,1995-01-20,1995,Belgium,1.81,70.0,21.37,Moorslede,183,finished,162,,162,Classic,31,BE,Cofidis,,,5:33,333,1640
1,RR,04 July 2026,Barcelona,Barcelona,19.6,167,16,53.95,-,Velasco Simone,https://www.procyclingstats.com/rider/simone-velasco,1995-12-02,1995,Italy,1.7,59.0,20.42,Bologna,184,finished,67,,67,Classic,30,IT,XDS Astana Team,,,5:58,358,1665
2,RR,05 July 2026,Tarragona,Barcelona,168.5,2049,137,45.951,Sprint of small group,del Toro Isaac,https://www.procyclingstats.com/rider/isaac-del-toro,2003-11-27,2003,Mexico,1.8,64.0,19.75,Ensenada,1,finished,4,16,2,Climber,22,MX,UAE Team Emirates - XRG,210.0,100.0,3:40:01,0,13201
2,RR,05 July 2026,Tarragona,Barcelona,168.5,2049,137,45.951,Sprint of small group,Pogačar Tadej,https://www.procyclingstats.com/rider/tadej-pogacar,1998-09-21,1998,Slovenia,1.76,66.0,21.31,Klanec,2,finished,2,6,1,Climber,27,SI,UAE Team Emirates - XRG,150.0,70.0,",,",0,13201
2,RR,05 July 2026,Tarragona,Barcelona,168.5,2049,137,45.951,Sprint of small group,Evenepoel Remco,https://www.procyclingstats.com/rider/remco-evenepoel,2000-01-25,2000,Belgium,1.71,63.0,21.55,Aalst,3,finished,3,15,21,Climber,26,BE,Red Bull - BORA - hansgrohe,110.0,50.0,",,",0,13201
2,RR,05 July 2026,Tarragona,Barcelona,168.5,2049,137,45.951,Sprint of small group,Vingegaard Jonas,https://www.procyclingstats.com/rider/jonas-vingegaard,1996-12-10,1996,Denmark,1.75,58.0,18.94,Hillerslev,4,finished,1,0,11,GC,29,DK,Team Visma | Lease a Bike,90.0,40.0,",,",0,13201
2,RR,05 July 2026,Tarragona,Barcelona,168.5,2049,137,45.951,Sprint of small group,Skjelmose Mattias,https://www.procyclingstats.com/rider/mattias-skjelmose-jensen,2000-09-26,2000,Denmark,1.8,65.0,20.06,Copenhagen,5,finished,16,96,35,Climber,25,DK,Lidl - Trek,70.0,32.0,0:03,3,13204
2,RR,05 July 2026,Tarragona,Barcelona,168.5,2049,137,45.951,Sprint of small group,Johannessen Tobias Halland,https://www.procyclingstats.com/rider/tobias-halland-johannessen,1999-08-23,1999,Norway,1.76,62.0,20.02,Drøbak,6,finished,12,63,121,Climber,26,NO,Uno-X Mobility,55.0,26.0,",,",3,13204
2,RR,05 July 2026,Tarragona,Barcelona,168.5,2049,137,45.951,Sprint of small group,Grégoire Romain,https://www.procyclingstats.com/rider/romain-gregoire,2003-01-21,2003,France,1.76,64.0,20.66,Besançon,7,finished,7,44,181,Classic,23,FR,Groupama - FDJ United,45.0,22.0,",,",3,13204
2,RR,05 July 2026,Tarragona,Barcelona,168.5,2049,137,45.951,Sprint of small group,Martinez Lenny,https://www.procyclingstats.com/rider/lenny-martinez,2003-07-11,2003,France,1.68,52.0,18.42,Cannes,8,finished,9,53,71,Climber,22,FR,Bahrain - Victorious,40.0,18.0,",,",3,13204
2,RR,05 July 2026,Tarragona,Barcelona,168.5,2049,137,45.951,Sprint of small group,Seixas Paul,https://www.procyclingstats.com/rider/paul-seixas,2006-09-24,2006,France,1.86,64.0,18.5,Lyon,9,finished,6,42,51,Climber,19,FR,Decathlon CMA CGM Team,35.0,14.0,",,",3,13204
2,RR,05 July 2026,Tarragona,Barcelona,168.5,2049,137,45.951,Sprint of small group,Pidcock Tom,https://www.procyclingstats.com/rider/tom-pidcock,1999-07-30,1999,Great Britain,1.7,58.0,20.07,Leeds,10,finished,10,60,171,Classic,26,GB,Pinarello Q36.5 Pro Cycling Team,30.0,10.0,",,",3,13204
2,RR,05 July 2026,Tarragona,Barcelona,168.5,2049,137,45.951,Sprint of small group,Van Eetvelt Lennert,https://www.procyclingstats.com/rider/lennert-van-eetvelt,2001-07-17,2001,Belgium,1.76,63.0,20.34,Binkom,11,finished,18,99,156,Climber,24,BE,Lotto Intermarché,25.0,8.0,",,",3,13204
2,RR,05 July 2026,Tarragona,Barcelona,168.5,2049,137,45.951,Sprint of small group,Ayuso Juan,https://www.procyclingstats.com/rider/juan-ayuso-pesquera,2002-09-16,2002,Spain,1.83,65.0,19.41,Barcelona,12,finished,5,19,31,Climber,23,ES,Lidl - Trek,20.0,6.0,",,",3,13204
2,RR,05 July 2026,Tarragona,Barcelona,168.5,2049,137,45.951,Sprint of small group,Van Wilder Ilan,https://www.procyclingstats.com/rider/ilan-van-wilder,2000-05-14,2000,Belgium,1.71,64.0,21.89,Jette,13,finished,11,61,97,GC,26,BE,Soudal Quick-Step,15.0,4.0,",,",3,13204
2,RR,05 July 2026,Tarragona,Barcelona,168.5,2049,137,45.951,Sprint of small group,Carapaz Richard,https://www.procyclingstats.com/rider/richard-carapaz,1993-05-29,1993,Ecuador,1.7,62.0,21.45,El Carmelo,14,finished,19,103,41,Climber,33,EC,EF Education - EasyPost,10.0,2.0,0:07,7,13208
2,RR,05 July 2026,Tarragona,Barcelona,168.5,2049,137,45.951,Sprint of small group,Baudin Alex,https://www.procyclingstats.com/rider/alex-baudin,2001-05-25,2001,France,1.83,64.0,19.11,Albertville,15,finished,13,67,43,Climber,25,FR,EF Education - EasyPost,5.0,1.0,0:10,10,13211
2,RR,05 July 2026,Tarragona,Barcelona,168.5,2049,137,45.951,Sprint of small group,Lipowitz Florian,https://www.procyclingstats.com/rider/florian-lipowitz,2000-09-21,2000,Germany,1.81,68.0,20.76,Laichingen,16,finished,8,45,25,GC,25,DE,Red Bull - BORA - hansgrohe,,,",,",10,13211
2,RR,05 July 2026,Tarragona,Barcelona,168.5,2049,137,45.951,Sprint of small group,Uijtdebroeks Cian,https://www.procyclingstats.com/rider/cian-uijtdebroeks,2003-02-28,2003,Belgium,1.85,68.0,19.87,Abolens,17,finished,22,140,141,GC,23,BE,Movistar Team,,,0:27,27,13228
2,RR,05 July 2026,Tarragona,Barcelona,168.5,2049,137,45.951,Sprint of small group,Yates Adam,https://www.procyclingstats.com/rider/adam-yates,1992-08-07,1992,Great Britain,1.73,58.0,19.38,Bury,18,finished,35,306,8,Climber,33,GB,UAE Team Emirates - XRG,,,0:39,39,13240
2,RR,05 July 2026,Tarragona,Barcelona,168.5,2049,137,45.951,Sprint of small group,Higuita Sergio,https://www.procyclingstats.com/rider/sergio-higuita,1997-08-01,1997,Colombia,1.66,57.0,20.69,Medellín,19,finished,26,181,61,Climber,28,CO,XDS Astana Team,,,0:43,43,13244
2,RR,05 July 2026,Tarragona,Barcelona,168.5,2049,137,45.951,Sprint of small group,Foss Tobias,https://www.procyclingstats.com/rider/tobias-foss,1997-05-25,1997,Norway,1.84,74.0,21.86,Vingrom,20,finished,14,81,83,TT,29,NO,Netcompany INEOS,,,",,",43,13244
2,RR,05 July 2026,Tarragona,Barcelona,168.5,2049,137,45.951,Sprint of small group,Arensman Thymen,https://www.procyclingstats.com/rider/thymen-arensman,1999-12-04,1999,Netherlands,1.9,68.0,18.84,Deil,21,finished,20,108,82,GC,26,NL,Netcompany INEOS,,,0:47,47,13248
2,RR,05 July 2026,Tarragona,Barcelona,168.5,2049,137,45.951,Sprint of small group,van der Poel Mathieu,https://www.procyclingstats.com/rider/mathieu-van-der-poel,1995-01-19,1995,Netherlands,1.84,75.0,22.15,Kapellen,22,finished,15,86,101,Classic,31,NL,Alpecin - Premier Tech,,,",,",47,13248
2,RR,05 July 2026,Tarragona,Barcelona,168.5,2049,137,45.951,Sprint of small group,Bernal Egan,https://www.procyclingstats.com/rider/egan-bernal,1997-01-13,1997,Colombia,1.75,60.0,19.59,Bogotá,23,finished,31,233,81,GC,29,CO,Netcompany INEOS,,,",,",47,13248
2,RR,05 July 2026,Tarragona,Barcelona,168.5,2049,137,45.951,Sprint of small group,Aranburu Alex,https://www.procyclingstats.com/rider/alex-aranburu,1995-09-19,1995,Spain,1.78,63.0,19.88,Ezkio-Itsaso,24,finished,34,283,163,Classic,30,ES,Cofidis,,,0:49,49,13250
2,RR,05 July 2026,Tarragona,Barcelona,168.5,2049,137,45.951,Sprint of small group,Tejada Harold,https://www.procyclingstats.com/rider/harold-tejada,1997-04-27,1997,Colombia,1.8,63.0,19.44,Pitalito,25,finished,29,217,65,Climber,29,CO,XDS Astana Team,,,0:51,51,13252
2,RR,05 July 2026,Tarragona,Barcelona,168.5,2049,137,45.951,Sprint of small group,Parra José Félix,https://www.procyclingstats.com/rider/jose-felix-parra,1997-01-16,1997,Spain,1.71,55.0,18.81,Ossa de Montiel,26,finished,25,152,228,GC,29,ES,Caja Rural - Seguros RGA,,,0:54,54,13255
2,RR,05 July 2026,Tarragona,Barcelona,168.5,2049,137,45.951,Sprint of small group,Voisard Yannis,https://www.procyclingstats.com/rider/yannis-voisard,1998-07-26,1998,Switzerland,,56.0,,Fontenais,27,finished,23,144,198,GC,27,CH,Tudor Pro Cycling Team,,,1:10,70,13271
2,RR,05 July 2026,Tarragona,Barcelona,168.5,2049,137,45.951,Sprint of small group,Piganzoli Davide,https://www.procyclingstats.com/rider/davide-piganzoli,2002-07-08,2002,Italy,1.74,61.0,20.15,Morbegno,28,finished,17,98,18,GC,23,IT,Team Visma | Lease a Bike,,,",,",70,13271
2,RR,05 July 2026,Tarragona,Barcelona,168.5,2049,137,45.951,Sprint of small group,Jegat Jordan,https://www.procyclingstats.com/rider/jordan-jegat,1999-06-07,1999,France,1.76,59.0,19.05,Vannes,29,finished,21,132,201,Climber,27,FR,TotalEnergies,,,",,",70,13271
2,RR,05 July 2026,Tarragona,Barcelona,168.5,2049,137,45.951,Sprint of small group,Izagirre Ion,https://www.procyclingstats.com/rider/ion-izagirre,1989-02-04,1989,Spain,1.73,60.0,20.05,Ormaiztegi,30,finished,24,148,161,GC,37,ES,Cofidis,,,1:11,71,13272
2,RR,05 July 2026,Tarragona,Barcelona,168.5,2049,137,45.951,Sprint of small group,Romo Javier,https://www.procyclingstats.com/rider/javier-romo,1999-01-06,1999,Spain,1.84,70.0,20.68,Villafranca de los Caballeros,31,finished,32,244,147,GC,27,ES,Movistar Team,,,1:18,78,13279
2,RR,05 July 2026,Tarragona,Barcelona,168.5,2049,137,45.951,Sprint of small group,Balderstone Abel,https://www.procyclingstats.com/rider/abel-balderstone-roumens,2000-07-07,2000,Spain,1.79,61.0,19.04,Ullastrell,32,finished,27,190,222,GC,25,ES,Caja Rural - Seguros RGA,,,",,",78,13279
2,RR,05 July 2026,Tarragona,Barcelona,168.5,2049,137,45.951,Sprint of small group,Delbove Joris,https://www.procyclingstats.com/rider/joris-delbove,2000-07-15,2000,France,,,,Troyes,33,finished,37,370,203,GC,25,FR,TotalEnergies,,,1:36,96,13297
2,RR,05 July 2026,Tarragona,Barcelona,168.5,2049,137,45.951,Sprint of small group,Quinn Sean,https://www.procyclingstats.com/rider/sean-quinn,2000-05-10,2000,United States,1.87,67.0,19.16,Los Angeles,34,finished,30,227,45,GC,26,US,EF Education - EasyPost,,,1:39,99,13300
2,RR,05 July 2026,Tarragona,Barcelona,168.5,2049,137,45.951,Sprint of small group,Træen Torstein,https://www.procyclingstats.com/rider/torstein-traeen,1995-07-16,1995,Norway,1.81,63.0,19.23,Hønefoss,35,finished,28,204,127,GC,30,NO,Uno-X Mobility,,,1:55,115,13316
2,RR,05 July 2026,Tarragona,Barcelona,168.5,2049,137,45.951,Sprint of small group,Hindley Jai,https://www.procyclingstats.com/rider/jai-hindley,1996-05-05,1996,Australia,1.75,60.0,19.59,Perth,36,finished,33,259,24,Climber,30,AU,Red Bull - BORA - hansgrohe,,,",,",115,13316
2,RR,05 July 2026,Tarragona,Barcelona,168.5,2049,137,45.951,Sprint of small group,Benoot Tiesj,https://www.procyclingstats.com/rider/tiesj-benoot,1994-03-11,1994,Belgium,1.9,72.0,19.94,Ghent,37,finished,36,314,52,Classic,32,BE,Decathlon CMA CGM Team,,,",,",115,13316
2,RR,05 July 2026,Tarragona,Barcelona,168.5,2049,137,45.951,Sprint of small group,Vacek Mathias,https://www.procyclingstats.com/rider/mathias-vacek,2002-06-12,2002,Czech Republic,1.88,75.0,21.22,Beroun,38,finished,38,374,37,TT,24,CZ,Lidl - Trek,,,5:02,302,13503
2,RR,05 July 2026,Tarragona,Barcelona,168.5,2049,137,45.951,Sprint of small group,McNulty Brandon,https://www.procyclingstats.com/rider/brandon-mcnulty,1998-04-02,1998,United States,1.83,69.0,20.6,Phoenix,39,finished,42,448,4,GC,28,US,UAE Team Emirates - XRG,,,",,",302,13503
2,RR,05 July 2026,Tarragona,Barcelona,168.5,2049,137,45.951,Sprint of small group,O'Connor Ben,https://www.procyclingstats.com/rider/ben-o-connor,1995-11-25,1995,Australia,1.88,67.0,18.96,Subiaco,40,finished,51,604,111,GC,30,AU,Team Jayco AlUla,,,5:31,331,13532
2,RR,05 July 2026,Tarragona,Barcelona,168.5,2049,137,45.951,Sprint of small group,Riccitello Matthew,https://www.procyclingstats.com/rider/matthew-riccitello,2002-03-05,2002,United States,1.72,55.0,18.59,Tucson,41,finished,39,381,58,Climber,24,US,Decathlon CMA CGM Team,,,",,",331,13532
2,RR,05 July 2026,Tarragona,Barcelona,168.5,2049,137,45.951,Sprint of small group,Martin Guillaume,https://www.procyclingstats.com/rider/guillaume-martin,1993-06-09,1993,France,1.73,55.0,18.38,Paris,42,finished,49,545,186,Climber,33,FR,Groupama - FDJ United,,,",,",331,13532
2,RR,05 July 2026,Tarragona,Barcelona,168.5,2049,137,45.951,Sprint of small group,Bennett George,https://www.procyclingstats.com/rider/george-bennett,1990-04-07,1990,New Zealand,1.81,58.0,17.7,Nelson,43,finished,41,407,133,GC,36,NZ,NSN Cycling Team,,,",,",331,13532
2,RR,05 July 2026,Tarragona,Barcelona,168.5,2049,137,45.951,Sprint of small group,Plapp Luke,https://www.procyclingstats.com/rider/luke-plapp,2000-12-25,2000,Australia,1.81,72.0,21.98,Melbourne,44,finished,43,448,117,GC,25,AU,Team Jayco AlUla,,,",,",331,13532
2,RR,05 July 2026,Tarragona,Barcelona,168.5,2049,137,45.951,Sprint of small group,Gee-West Derek,https://www.procyclingstats.com/rider/derek-gee,1997-08-03,1997,Canada,1.89,72.0,20.16,Ottawa,45,finished,44,454,32,Climber,28,CA,Lidl - Trek,,,",,",331,13532
2,RR,05 July 2026,Tarragona,Barcelona,168.5,2049,137,45.951,Sprint of small group,Tiberi Antonio,https://www.procyclingstats.com/rider/antonio-tiberi,2001-06-24,2001,Italy,1.82,62.0,18.72,Frosinone,46,finished,40,391,77,GC,25,IT,Bahrain - Victorious,,,5:44,344,13545
2,RR,05 July 2026,Tarragona,Barcelona,168.5,2049,137,45.951,Sprint of small group,Hermans Quinten,https://www.procyclingstats.com/rider/quinten-hermans,1995-07-29,1995,Belgium,1.74,62.0,20.48,Antwerp,47,finished,47,520,174,Hills,30,BE,Pinarello Q36.5 Pro Cycling Team,,,5:57,357,13558
2,RR,05 July 2026,Tarragona,Barcelona,168.5,2049,137,45.951,Sprint of small group,Jorgenson Matteo,https://www.procyclingstats.com/rider/matteo-jorgenson,1999-07-01,1999,United States,1.9,69.0,19.11,Walnut Creek,48,finished,46,513,16,GC,27,US,Team Visma | Lease a Bike,,,6:03,363,13564
2,RR,05 July 2026,Tarragona,Barcelona,168.5,2049,137,45.951,Sprint of small group,Schmid Mauro,https://www.procyclingstats.com/rider/mauro-schmid,1999-12-04,1999,Switzerland,1.87,70.0,20.02,Bülach,49,finished,54,656,118,Hills,26,CH,Team Jayco AlUla,,,6:21,381,13582
2,RR,05 July 2026,Tarragona,Barcelona,168.5,2049,137,45.951,Sprint of small group,Armirail Bruno,https://www.procyclingstats.com/rider/bruno-armirail,1994-04-11,1994,France,1.9,72.0,19.94,Bagnères-de-Bigorre,50,finished,52,620,13,TT,32,FR,Team Visma | Lease a Bike,,,6:52,412,13613
2,RR,05 July 2026,Tarragona,Barcelona,168.5,2049,137,45.951,Sprint of small group,Vauquelin Kévin,https://www.procyclingstats.com/rider/kevin-vauquelin,2001-04-26,2001,France,1.76,69.0,22.28,Bayeux,51,finished,45,486,88,GC,25,FR,Netcompany INEOS,,,",,",412,13613
2,RR,05 July 2026,Tarragona,Barcelona,168.5,2049,137,45.951,Sprint of small group,Kuss Sepp,https://www.procyclingstats.com/rider/sepp-kuss,1994-09-13,1994,United States,1.82,61.0,18.42,Durango,52,finished,48,530,17,Climber,31,US,Team Visma | Lease a Bike,,,",,",412,13613
2,RR,05 July 2026,Tarragona,Barcelona,168.5,2049,137,45.951,Sprint of small group,Johannessen Anders Halland,https://www.procyclingstats.com/rider/anders-halland-johannessen,1999-08-23,1999,Norway,1.76,,,Drøbak,53,finished,53,642,125,GC,26,NO,Uno-X Mobility,,,",,",412,13613
2,RR,05 July 2026,Tarragona,Barcelona,168.5,2049,137,45.951,Sprint of small group,Braz Afonso Clément,https://www.procyclingstats.com/rider/clement-braz-afonso,1999-11-08,1999,France,1.63,50.0,18.82,Brive-la-Gaillarde,54,finished,50,585,183,Climber,26,FR,Groupama - FDJ United,,,7:15,435,13636
2,RR,05 July 2026,Tarragona,Barcelona,168.5,2049,137,45.951,Sprint of small group,Skaarseth Anders,https://www.procyclingstats.com/rider/anders-skaarseth,1995-05-07,1995,Norway,1.86,,,Lillehammer,55,finished,62,759,126,Classic,31,NO,Uno-X Mobility,,,8:40,520,13721
2,RR,05 July 2026,Tarragona,Barcelona,168.5,2049,137,45.951,Sprint of small group,Eenkhoorn Pascal,https://www.procyclingstats.com/rider/pascal-eenkhoorn,1997-02-08,1997,Netherlands,1.85,72.0,21.04,Zwolle,56,finished,78,834,92,Classic,29,NL,Soudal Quick-Step,,,9:28,568,13769
2,RR,05 July 2026,Tarragona,Barcelona,168.5,2049,137,45.951,Sprint of small group,Steinhauser Georg,https://www.procyclingstats.com/rider/georg-steinhauser,2001-10-21,2001,Germany,1.89,70.0,19.6,Lindenberg im Allgäu,57,finished,55,658,46,Climber,24,DE,EF Education - EasyPost,,,",,",568,13769
2,RR,05 July 2026,Tarragona,Barcelona,168.5,2049,137,45.951,Sprint of small group,Zimmermann Georg,https://www.procyclingstats.com/rider/georg-zimmermann,1997-10-11,1997,Germany,1.81,70.0,21.37,Augsburg,58,finished,71,814,158,Classic,28,DE,Lotto Intermarché,,,",,",568,13769
2,RR,05 July 2026,Tarragona,Barcelona,168.5,2049,137,45.951,Sprint of small group,Pluimers Rick,https://www.procyclingstats.com/rider/rick-pluimers,2000-12-07,2000,Netherlands,1.8,67.0,20.68,Enter,59,finished,68,793,195,Hills,25,NL,Tudor Pro Cycling Team,,,",,",568,13769
2,RR,05 July 2026,Tarragona,Barcelona,168.5,2049,137,45.951,Sprint of small group,Dhondt Robbe,https://www.procyclingstats.com/rider/robbe-dhondt,2004-06-25,2004,Belgium,1.76,,,Zottegem,60,finished,56,683,215,GC,22,BE,Team Picnic PostNL,,,",,",568,13769
2,RR,05 July 2026,Tarragona,Barcelona,168.5,2049,137,45.951,Sprint of small group,Berwick Sebastian,https://www.procyclingstats.com/rider/sebastian-berwick,1999-12-15,1999,Australia,1.75,59.0,19.27,Brisbane,61,finished,65,786,223,GC,26,AU,Caja Rural - Seguros RGA,,,",,",568,13769
2,RR,05 July 2026,Tarragona,Barcelona,168.5,2049,137,45.951,Sprint of small group,Prodhomme Nicolas,https://www.procyclingstats.com/rider/nicolas-prodhomme,1997-02-01,1997,France,1.74,63.0,20.81,L'Aigle,62,finished,70,809,57,GC,29,FR,Decathlon CMA CGM Team,,,",,",568,13769
2,RR,05 July 2026,Tarragona,Barcelona,168.5,2049,137,45.951,Sprint of small group,Vervaeke Louis,https://www.procyclingstats.com/rider/louis-vervaeke,1993-10-06,1993,Belgium,1.81,68.0,20.76,Ronse,63,finished,64,776,98,GC,32,BE,Soudal Quick-Step,,,",,",568,13769
2,RR,05 July 2026,Tarragona,Barcelona,168.5,2049,137,45.951,Sprint of small group,Hirschi Marc,https://www.procyclingstats.com/rider/marc-hirschi,1998-08-24,1998,Switzerland,1.74,61.0,20.15,Bern,64,finished,58,713,194,Classic,27,CH,Tudor Pro Cycling Team,,,",,",568,13769
2,RR,05 July 2026,Tarragona,Barcelona,168.5,2049,137,45.951,Sprint of small group,Craps Lars,https://www.procyclingstats.com/rider/lars-craps,2001-10-17,2001,Belgium,1.85,67.0,19.58,Aalst,65,finished,72,816,154,GC,24,BE,Lotto Intermarché,,,",,",568,13769
2,RR,05 July 2026,Tarragona,Barcelona,168.5,2049,137,45.951,Sprint of small group,Verstrynge Emiel,https://www.procyclingstats.com/rider/emiel-verstrynge,2002-02-04,2002,Belgium,1.89,69.0,19.32,Eeklo,66,finished,57,699,108,Climber,24,BE,Alpecin - Premier Tech,,,",,",568,13769
2,RR,05 July 2026,Tarragona,Barcelona,168.5,2049,137,45.951,Sprint of small group,Harper Chris,https://www.procyclingstats.com/rider/chris-harper,1994-11-23,1994,Australia,1.85,67.0,19.58,Melbourne,67,finished,77,829,173,GC,31,AU,Pinarello Q36.5 Pro Cycling Team,,,",,",568,13769
2,RR,05 July 2026,Tarragona,Barcelona,168.5,2049,137,45.951,Sprint of small group,Debruyne Ramses,https://www.procyclingstats.com/rider/ramses-debruyne,2002-08-31,2002,Belgium,1.79,66.0,20.6,Rollegem,68,finished,59,740,102,Climber,23,BE,Alpecin - Premier Tech,,,9:40,580,13781
2,RR,05 July 2026,Tarragona,Barcelona,168.5,2049,137,45.951,Sprint of small group,Pacher Quentin,https://www.procyclingstats.com/rider/quentin-pacher,1992-01-06,1992,France,1.79,62.0,19.35,Libourne,69,finished,73,822,187,Hills,34,FR,Groupama - FDJ United,,,10:24,624,13825
2,RR,05 July 2026,Tarragona,Barcelona,168.5,2049,137,45.951,Sprint of small group,Nicolau Joel,https://www.procyclingstats.com/rider/joel-nicolau,1997-12-23,1997,Spain,1.76,66.0,21.31,Llofriu,70,finished,104,929,225,Hills,28,ES,Caja Rural - Seguros RGA,,,11:01,661,13862
2,RR,05 July 2026,Tarragona,Barcelona,168.5,2049,137,45.951,Sprint of small group,Van Gils Maxim,https://www.procyclingstats.com/rider/maxim-van-gils,1999-11-25,1999,Belgium,1.74,63.0,20.81,Brasschaat,71,finished,66,790,28,Classic,26,BE,Red Bull - BORA - hansgrohe,,,11:06,666,13867
2,RR,05 July 2026,Tarragona,Barcelona,168.5,2049,137,45.951,Sprint of small group,Meurisse Xandro,https://www.procyclingstats.com/rider/xandro-meurisse,1992-01-31,1992,Belgium,1.81,68.0,20.76,Kortrijk,72,finished,88,876,176,GC,34,BE,Pinarello Q36.5 Pro Cycling Team,,,",,",666,13867
2,RR,05 July 2026,Tarragona,Barcelona,168.5,2049,137,45.951,Sprint of small group,Caruso Damiano,https://www.procyclingstats.com/rider/damiano-caruso,1987-10-12,1987,Italy,1.79,67.0,20.91,Ragusa,73,finished,82,858,73,GC,38,IT,Bahrain - Victorious,,,",,",666,13867
2,RR,05 July 2026,Tarragona,Barcelona,168.5,2049,137,45.951,Sprint of small group,Guernalec Thibault,https://www.procyclingstats.com/rider/thibault-guernalec,1997-07-31,1997,France,1.85,71.0,20.75,Châteaulin,74,finished,110,958,205,TT,28,FR,TotalEnergies,,,",,",666,13867
2,RR,05 July 2026,Tarragona,Barcelona,168.5,2049,137,45.951,Sprint of small group,Frigo Marco,https://www.procyclingstats.com/rider/marco-frigo,2000-03-02,2000,Italy,1.88,70.0,19.81,Bassano del Grappa,75,finished,83,860,134,Climber,26,IT,NSN Cycling Team,,,",,",666,13867
2,RR,05 July 2026,Tarragona,Barcelona,168.5,2049,137,45.951,Sprint of small group,Stannard Robert,https://www.procyclingstats.com/rider/robert-stannard,1998-09-16,1998,Australia,1.79,74.0,23.1,Sydney Previous nationalities New Zealand until 2016,76,finished,98,921,76,Hills,27,AU,Bahrain - Victorious,,,",,",666,13867
2,RR,05 July 2026,Tarragona,Barcelona,168.5,2049,137,45.951,Sprint of small group,Oliveira Nelson,https://www.procyclingstats.com/rider/nelson-oliveira,1989-03-06,1989,Portugal,1.8,67.0,20.68,Anadia,77,finished,74,822,146,TT,37,PT,Movistar Team,,,",,",666,13867
2,RR,05 July 2026,Tarragona,Barcelona,168.5,2049,137,45.951,Sprint of small group,Germani Lorenzo,https://www.procyclingstats.com/rider/lorenzo-germani,2002-03-03,2002,Italy,1.79,62.0,19.35,Sora,78,finished,84,861,185,GC,24,IT,Groupama - FDJ United,,,",,",666,13867
2,RR,05 July 2026,Tarragona,Barcelona,168.5,2049,137,45.951,Sprint of small group,Costiou Ewen,https://www.procyclingstats.com/rider/ewen-costiou,2002-11-10,2002,France,1.76,64.0,20.66,Brest,79,finished,85,861,184,GC,23,FR,Groupama - FDJ United,,,",,",666,13867
2,RR,05 July 2026,Tarragona,Barcelona,168.5,2049,137,45.951,Sprint of small group,Delettre Alexandre,https://www.procyclingstats.com/rider/alexandre-delettre,1997-10-25,1997,France,1.7,62.0,21.45,Gonesse,80,finished,89,887,204,Classic,28,FR,TotalEnergies,,,",,",666,13867
2,RR,05 July 2026,Tarragona,Barcelona,168.5,2049,137,45.951,Sprint of small group,Vercher Mattéo,https://www.procyclingstats.com/rider/matheo-vercher,2001-01-26,2001,France,1.71,,,Lyon,81,finished,75,823,208,Hills,25,FR,TotalEnergies,,,",,",666,13867
2,RR,05 July 2026,Tarragona,Barcelona,168.5,2049,137,45.951,Sprint of small group,Breuillard Nicolas,https://www.procyclingstats.com/rider/nicolas-breuillard,2000-03-13,2000,France,1.75,,,Pertuis,82,finished,76,823,202,GC,26,FR,TotalEnergies,,,",,",666,13867
2,RR,05 July 2026,Tarragona,Barcelona,168.5,2049,137,45.951,Sprint of small group,Cattaneo Mattia,https://www.procyclingstats.com/rider/mattia-cattaneo,1990-10-25,1990,Italy,1.84,67.0,19.79,Alzano Lombardo,83,finished,96,912,22,TT,35,IT,Red Bull - BORA - hansgrohe,,,",,",666,13867
2,RR,05 July 2026,Tarragona,Barcelona,168.5,2049,137,45.951,Sprint of small group,Thomas Benjamin,https://www.procyclingstats.com/rider/benjamin-thomas-2,1995-09-12,1995,France,1.79,68.0,21.22,Lavaur,84,finished,86,861,168,TT,30,FR,Cofidis,,,",,",666,13867
2,RR,05 July 2026,Tarragona,Barcelona,168.5,2049,137,45.951,Sprint of small group,Tarling Joshua,https://www.procyclingstats.com/rider/joshua-tarling,2004-02-15,2004,Great Britain,1.94,78.0,20.72,Aberaeron,85,finished,69,800,87,TT,22,GB,Netcompany INEOS,,,",,",666,13867
2,RR,05 July 2026,Tarragona,Barcelona,168.5,2049,137,45.951,Sprint of small group,Kwiatkowski Michał,https://www.procyclingstats.com/rider/michal-kwiatkowski,1990-06-02,1990,Poland,1.76,68.0,21.95,Chełmża,86,finished,79,846,86,Classic,36,PL,Netcompany INEOS,,,",,",666,13867
2,RR,05 July 2026,Tarragona,Barcelona,168.5,2049,137,45.951,Sprint of small group,Teunissen Mike,https://www.procyclingstats.com/rider/mike-teunissen,1992-08-25,1992,Netherlands,1.84,73.0,21.56,Ysselsteyn,87,finished,108,952,66,Classic,33,NL,XDS Astana Team,,,",,",666,13867
2,RR,05 July 2026,Tarragona,Barcelona,168.5,2049,137,45.951,Sprint of small group,Durbridge Luke,https://www.procyclingstats.com/rider/luke-durbridge,1991-04-09,1991,Australia,1.87,78.0,22.31,Greenmount,88,finished,109,957,113,TT,35,AU,Team Jayco AlUla,,,",,",666,13867
2,RR,05 July 2026,Tarragona,Barcelona,168.5,2049,137,45.951,Sprint of small group,van Baarle Dylan,https://www.procyclingstats.com/rider/dylan-van-baarle,1992-05-21,1992,Netherlands,1.89,74.0,20.72,Voorburg,89,finished,67,792,95,Classic,34,NL,Soudal Quick-Step,,,",,",666,13867
2,RR,05 July 2026,Tarragona,Barcelona,168.5,2049,137,45.951,Sprint of small group,García Pierna Raúl,https://www.procyclingstats.com/rider/raul-garcia-pierna,2001-02-23,2001,Spain,1.75,67.0,21.88,Tres Cantos,90,finished,60,744,144,Climber,25,ES,Movistar Team,,,",,",666,13867
2,RR,05 July 2026,Tarragona,Barcelona,168.5,2049,137,45.951,Sprint of small group,Alaphilippe Julian,https://www.procyclingstats.com/rider/julian-alaphilippe,1992-06-11,1992,France,1.73,62.0,20.72,Saint-Amand-Montrond,91,finished,61,751,191,Classic,34,FR,Tudor Pro Cycling Team,,,",,",666,13867
2,RR,05 July 2026,Tarragona,Barcelona,168.5,2049,137,45.951,Sprint of small group,Matthews Michael,https://www.procyclingstats.com/rider/michael-matthews,1990-09-26,1990,Australia,1.78,72.0,22.72,Canberra,92,finished,63,768,115,Classic,35,AU,Team Jayco AlUla,,,11:57,717,13918
2,RR,05 July 2026,Tarragona,Barcelona,168.5,2049,137,45.951,Sprint of small group,Paret-Peintre Valentin,https://www.procyclingstats.com/rider/valentin-paret-peintre,2001-01-14,2001,France,1.78,52.0,16.41,Annemasse,93,finished,92,894,93,Climber,25,FR,Soudal Quick-Step,,,12:08,728,13929
2,RR,05 July 2026,Tarragona,Barcelona,168.5,2049,137,45.951,Sprint of small group,Russo Clément,https://www.procyclingstats.com/rider/clement-russo,1995-01-20,1995,France,1.87,74.0,21.16,Lyon,94,finished,99,923,188,Classic,31,FR,Groupama - FDJ United,,,",,",728,13929
2,RR,05 July 2026,Tarragona,Barcelona,168.5,2049,137,45.951,Sprint of small group,Märkl Niklas,https://www.procyclingstats.com/rider/niklas-markl,1999-03-03,1999,Germany,1.85,70.0,20.45,Queidersbach,95,finished,100,924,216,Sprint,27,DE,Team Picnic PostNL,,,",,",728,13929
2,RR,05 July 2026,Tarragona,Barcelona,168.5,2049,137,45.951,Sprint of small group,Paret-Peintre Aurélien,https://www.procyclingstats.com/rider/aurelien-paret-peintre,1996-02-27,1996,France,1.84,64.0,18.9,Annemasse,96,finished,80,850,56,GC,30,FR,Decathlon CMA CGM Team,,,",,",728,13929
2,RR,05 July 2026,Tarragona,Barcelona,168.5,2049,137,45.951,Sprint of small group,Gate Aaron,https://www.procyclingstats.com/rider/aaron-gate,1990-11-26,1990,New Zealand,1.81,71.0,21.67,Auckland,97,finished,122,1005,63,GC,35,NZ,XDS Astana Team,,,",,",728,13929
2,RR,05 July 2026,Tarragona,Barcelona,168.5,2049,137,45.951,Sprint of small group,Campenaerts Victor,https://www.procyclingstats.com/rider/victor-campenaerts,1991-10-28,1991,Belgium,1.73,68.0,22.72,Hoboken,98,finished,105,936,14,TT,34,BE,Team Visma | Lease a Bike,,,",,",728,13929
2,RR,05 July 2026,Tarragona,Barcelona,168.5,2049,137,45.951,Sprint of small group,Wellens Tim,https://www.procyclingstats.com/rider/tim-wellens,1991-05-10,1991,Belgium,1.82,71.0,21.43,Sint-Truiden,99,finished,95,910,7,GC,35,BE,UAE Team Emirates - XRG,,,",,",728,13929
2,RR,05 July 2026,Tarragona,Barcelona,168.5,2049,137,45.951,Sprint of small group,Großschartner Felix,https://www.procyclingstats.com/rider/felix-grossschartner,1993-12-23,1993,Austria,1.84,64.0,18.9,Wels,100,finished,93,902,3,GC,32,AT,UAE Team Emirates - XRG,,,",,",728,13929
2,RR,05 July 2026,Tarragona,Barcelona,168.5,2049,137,45.951,Sprint of small group,Le Berre Mathis,https://www.procyclingstats.com/rider/mathis-le-berre,2001-04-16,2001,France,1.76,68.0,21.95,Saint-Brieuc,101,finished,81,854,206,Hills,25,FR,TotalEnergies,,,",,",728,13929
2,RR,05 July 2026,Tarragona,Barcelona,168.5,2049,137,45.951,Sprint of small group,Verona Carlos,https://www.procyclingstats.com/rider/carlos-verona,1992-11-04,1992,Spain,1.86,68.0,19.66,San Lorenzo de El Escorial,102,finished,114,990,38,GC,33,ES,Lidl - Trek,,,",,",728,13929
2,RR,05 July 2026,Tarragona,Barcelona,168.5,2049,137,45.951,Sprint of small group,Rickaert Jonas,https://www.procyclingstats.com/rider/jonas-rickaert,1994-02-07,1994,Belgium,1.9,88.0,24.38,Sint-Eloois-Vijve,103,finished,135,1036,107,Classic,32,BE,Alpecin - Premier Tech,,,",,",728,13929
2,RR,05 July 2026,Tarragona,Barcelona,168.5,2049,137,45.951,Sprint of small group,Asgreen Kasper,https://www.procyclingstats.com/rider/kasper-asgreen,1995-02-08,1995,Denmark,1.93,75.0,20.13,Kolding,104,finished,97,919,42,TT,31,DK,EF Education - EasyPost,,,",,",728,13929
2,RR,05 July 2026,Tarragona,Barcelona,168.5,2049,137,45.951,Sprint of small group,Walker Max,https://www.procyclingstats.com/rider/max-walker,2001-07-12,2001,Great Britain,,,,Douglas,105,finished,111,959,48,TT,24,GB,EF Education - EasyPost,,,12:16,736,13937
2,RR,05 July 2026,Tarragona,Barcelona,168.5,2049,137,45.951,Sprint of small group,Valgren Michael,https://www.procyclingstats.com/rider/michael-valgren-andersen,1992-02-07,1992,Denmark,1.79,71.0,22.16,Østerild,106,finished,136,1044,47,Classic,34,DK,EF Education - EasyPost,,,",,",736,13937
2,RR,05 July 2026,Tarragona,Barcelona,168.5,2049,137,45.951,Sprint of small group,Healy Ben,https://www.procyclingstats.com/rider/ben-healy,2000-09-11,2000,Ireland,1.75,62.0,20.24,Kingswinford Previous nationalities Great Britain until 2016,107,finished,103,927,44,Climber,25,IE,EF Education - EasyPost,,,",,",736,13937
2,RR,05 July 2026,Tarragona,Barcelona,168.5,2049,137,45.951,Sprint of small group,Hessmann Michel,https://www.procyclingstats.com/rider/michel-hessmann,2001-04-06,2001,Germany,1.91,78.0,21.38,Münster,108,finished,91,892,145,Hills,25,DE,Movistar Team,,,",,",736,13937
2,RR,05 July 2026,Tarragona,Barcelona,168.5,2049,137,45.951,Sprint of small group,Berckmoes Jenno,https://www.procyclingstats.com/rider/jenno-berckmoes,2001-02-04,2001,Belgium,1.77,61.0,19.47,Ghent,109,finished,87,866,153,Classic,25,BE,Lotto Intermarché,,,",,",736,13937
2,RR,05 July 2026,Tarragona,Barcelona,168.5,2049,137,45.951,Sprint of small group,Askey Lewis,https://www.procyclingstats.com/rider/lewis-askey,2001-05-04,2001,Great Britain,1.87,75.0,21.45,Cannock,110,finished,107,944,132,Classic,25,GB,NSN Cycling Team,,,12:30,750,13951
2,RR,05 July 2026,Tarragona,Barcelona,168.5,2049,137,45.951,Sprint of small group,Planckaert Edward,https://www.procyclingstats.com/rider/edward-planckaert,1995-02-01,1995,Belgium,1.78,71.0,22.41,Kortrijk,111,finished,123,1005,106,Classic,31,BE,Alpecin - Premier Tech,,,12:47,767,13968
2,RR,05 July 2026,Tarragona,Barcelona,168.5,2049,137,45.951,Sprint of small group,Engelhardt Felix,https://www.procyclingstats.com/rider/felix-engelhardt,2000-08-19,2000,Germany,1.8,68.0,20.99,Ulm,112,finished,155,1086,114,Classic,25,DE,Team Jayco AlUla,,,13:33,813,14014
2,RR,05 July 2026,Tarragona,Barcelona,168.5,2049,137,45.951,Sprint of small group,Politt Nils,https://www.procyclingstats.com/rider/nils-politt,1994-03-06,1994,Germany,1.92,80.0,21.7,Cologne,113,finished,152,1080,5,Classic,32,DE,UAE Team Emirates - XRG,,,",,",813,14014
2,RR,05 July 2026,Tarragona,Barcelona,168.5,2049,137,45.951,Sprint of small group,Abrahamsen Jonas,https://www.procyclingstats.com/rider/jonas-abrahamsen,1995-09-20,1995,Norway,1.83,78.0,23.29,Skien,114,finished,137,1048,122,Classic,30,NO,Uno-X Mobility,,,",,",813,14014
2,RR,05 July 2026,Tarragona,Barcelona,168.5,2049,137,45.951,Sprint of small group,Van Asbroeck Tom,https://www.procyclingstats.com/rider/tom-van-asbroeck,1990-04-19,1990,Belgium,1.82,72.0,21.74,Aalst,115,finished,125,1007,138,Sprint,36,BE,NSN Cycling Team,,,",,",813,14014
2,RR,05 July 2026,Tarragona,Barcelona,168.5,2049,137,45.951,Sprint of small group,Dillier Silvan,https://www.procyclingstats.com/rider/silvan-dillier,1990-08-03,1990,Switzerland,1.83,75.0,22.4,Aarau,116,finished,163,1120,103,Classic,35,CH,Alpecin - Premier Tech,,,",,",813,14014
2,RR,05 July 2026,Tarragona,Barcelona,168.5,2049,137,45.951,Sprint of small group,Vinokurov Nicolas,https://www.procyclingstats.com/rider/nicolas-vinokurov,2002-07-07,2002,Kazakhstan,1.84,69.0,20.38,Nice,117,finished,160,1107,68,GC,23,KZ,XDS Astana Team,,,",,",813,14014
2,RR,05 July 2026,Tarragona,Barcelona,168.5,2049,137,45.951,Sprint of small group,Page Hugo,https://www.procyclingstats.com/rider/hugo-page,2001-07-24,2001,France,1.85,71.0,20.75,Chartres,118,finished,145,1063,167,Classic,24,FR,Cofidis,,,",,",813,14014
2,RR,05 July 2026,Tarragona,Barcelona,168.5,2049,137,45.951,Sprint of small group,Rubio Einer,https://www.procyclingstats.com/rider/einer-rubio,1998-02-22,1998,Colombia,1.64,56.0,20.82,Chíquiza,119,finished,128,1018,148,Climber,28,CO,Movistar Team,,,",,",813,14014
2,RR,05 July 2026,Tarragona,Barcelona,168.5,2049,137,45.951,Sprint of small group,Denz Nico,https://www.procyclingstats.com/rider/nico-denz,1994-02-15,1994,Germany,1.83,71.0,21.2,Waldshut-Tiengen,120,finished,165,1126,23,Hills,32,DE,Red Bull - BORA - hansgrohe,,,",,",813,14014
2,RR,05 July 2026,Tarragona,Barcelona,168.5,2049,137,45.951,Sprint of small group,Godon Dorian,https://www.procyclingstats.com/rider/dorian-godon,1996-05-25,1996,France,1.89,74.0,20.72,Vitry-sur-Seine,121,finished,106,943,85,Hills,30,FR,Netcompany INEOS,,,",,",813,14014
2,RR,05 July 2026,Tarragona,Barcelona,168.5,2049,137,45.951,Sprint of small group,Barguil Warren,https://www.procyclingstats.com/rider/warren-barguil,1991-10-28,1991,France,1.83,61.0,18.21,Hennebont,122,finished,116,998,211,Climber,34,FR,Team Picnic PostNL,,,",,",813,14014
2,RR,05 July 2026,Tarragona,Barcelona,168.5,2049,137,45.951,Sprint of small group,Degenkolb John,https://www.procyclingstats.com/rider/john-degenkolb,1989-01-07,1989,Germany,1.8,82.0,25.31,Gera,123,finished,117,998,214,Classic,37,DE,Team Picnic PostNL,,,",,",813,14014
2,RR,05 July 2026,Tarragona,Barcelona,168.5,2049,137,45.951,Sprint of small group,Azparren Xabier Mikel,https://www.procyclingstats.com/rider/xabier-mikel-azparren-irurzun,1999-02-25,1999,Spain,,,,San Sebastián,124,finished,132,1023,172,TT,27,ES,Pinarello Q36.5 Pro Cycling Team,,,",,",813,14014
2,RR,05 July 2026,Tarragona,Barcelona,168.5,2049,137,45.951,Sprint of small group,Howson Damien,https://www.procyclingstats.com/rider/damien-howson,1992-08-13,1992,Australia,1.88,68.0,19.24,Adelaide,125,finished,127,1014,175,GC,33,AU,Pinarello Q36.5 Pro Cycling Team,,,",,",813,14014
2,RR,05 July 2026,Tarragona,Barcelona,168.5,2049,137,45.951,Sprint of small group,Cepeda Jefferson Alveiro,https://www.procyclingstats.com/rider/jefferson-cepeda-hernandez,1996-03-02,1996,Ecuador,1.7,61.0,21.11,El Playón,126,finished,101,924,143,GC,30,EC,Movistar Team,,,",,",813,14014
2,RR,05 July 2026,Tarragona,Barcelona,168.5,2049,137,45.951,Sprint of small group,Castrillo Pablo,https://www.procyclingstats.com/rider/pablo-castrillo-zapater,2001-01-02,2001,Spain,1.83,74.0,22.1,Jaca,127,finished,102,924,142,Climber,25,ES,Movistar Team,,,",,",813,14014
2,RR,05 July 2026,Tarragona,Barcelona,168.5,2049,137,45.951,Sprint of small group,Marsman Tim,https://www.procyclingstats.com/rider/tim-marsman,2000-10-04,2000,Netherlands,1.91,75.0,20.56,Hattem,128,finished,120,1003,104,Sprint,25,NL,Alpecin - Premier Tech,,,",,",813,14014
2,RR,05 July 2026,Tarragona,Barcelona,168.5,2049,137,45.951,Sprint of small group,Charmig Anthon,https://www.procyclingstats.com/rider/anthon-charmig,1998-03-25,1998,Denmark,1.82,66.0,19.93,Aarhus,129,finished,124,1005,123,GC,28,DK,Uno-X Mobility,,,",,",813,14014
2,RR,05 July 2026,Tarragona,Barcelona,168.5,2049,137,45.951,Sprint of small group,Turgis Anthony,https://www.procyclingstats.com/rider/anthony-turgis,1994-05-16,1994,France,1.78,70.0,22.09,Bourg-la-Reine,130,finished,141,1056,207,Classic,32,FR,TotalEnergies,,,",,",813,14014
2,RR,05 July 2026,Tarragona,Barcelona,168.5,2049,137,45.951,Sprint of small group,Louvel Matis,https://www.procyclingstats.com/rider/matis-louvel,1999-07-19,1999,France,1.87,77.0,22.02,Mont Saint Aignan,131,finished,138,1048,135,Classic,26,FR,NSN Cycling Team,,,",,",813,14014
2,RR,05 July 2026,Tarragona,Barcelona,168.5,2049,137,45.951,Sprint of small group,Philipsen Jasper,https://www.procyclingstats.com/rider/jasper-philipsen,1998-03-02,1998,Belgium,1.76,75.0,24.21,Mol,132,finished,164,1120,105,Sprint,28,BE,Alpecin - Premier Tech,,,",,",813,14014
2,RR,05 July 2026,Tarragona,Barcelona,168.5,2049,137,45.951,Sprint of small group,Stuyven Jasper,https://www.procyclingstats.com/rider/jasper-stuyven,1992-04-17,1992,Belgium,1.87,80.0,22.88,Leuven,133,finished,112,979,94,Classic,34,BE,Soudal Quick-Step,,,",,",813,14014
2,RR,05 July 2026,Tarragona,Barcelona,168.5,2049,137,45.951,Sprint of small group,Van Moer Brent,https://www.procyclingstats.com/rider/brent-van-moer,1998-01-12,1998,Belgium,1.91,79.0,21.66,Beveren,134,finished,153,1080,177,Classic,28,BE,Pinarello Q36.5 Pro Cycling Team,,,",,",813,14014
2,RR,05 July 2026,Tarragona,Barcelona,168.5,2049,137,45.951,Sprint of small group,Vermeersch Florian,https://www.procyclingstats.com/rider/florian-vermeersch,1999-03-12,1999,Belgium,1.93,85.0,22.82,Ghent,135,finished,130,1021,6,Classic,27,BE,UAE Team Emirates - XRG,,,",,",813,14014
2,RR,05 July 2026,Tarragona,Barcelona,168.5,2049,137,45.951,Sprint of small group,van Dijke Tim,https://www.procyclingstats.com/rider/tim-van-dijke,2000-03-15,2000,Netherlands,1.89,74.0,20.72,Goes,136,finished,167,1130,27,Classic,26,NL,Red Bull - BORA - hansgrohe,,,",,",813,14014
2,RR,05 July 2026,Tarragona,Barcelona,168.5,2049,137,45.951,Sprint of small group,Biesterbos Frits,https://www.procyclingstats.com/rider/frits-biesterbos,2002-02-14,2002,Netherlands,,,,Apeldoorn,137,finished,118,998,212,Classic,24,NL,Team Picnic PostNL,,,",,",813,14014
2,RR,05 July 2026,Tarragona,Barcelona,168.5,2049,137,45.951,Sprint of small group,Storer Michael,https://www.procyclingstats.com/rider/michael-storer,1997-02-28,1997,Australia,1.77,63.0,20.11,Perth,138,finished,129,1020,196,Climber,29,AU,Tudor Pro Cycling Team,,,",,",813,14014
2,RR,05 July 2026,Tarragona,Barcelona,168.5,2049,137,45.951,Sprint of small group,Bittner Pavel,https://www.procyclingstats.com/rider/pavel-bittner,2002-10-29,2002,Czech Republic,1.84,73.0,21.56,Olomouc,139,finished,119,998,213,Sprint,23,CZ,Team Picnic PostNL,,,",,",813,14014
2,RR,05 July 2026,Tarragona,Barcelona,168.5,2049,137,45.951,Sprint of small group,Oldani Stefano,https://www.procyclingstats.com/rider/stefano-oldani,1998-01-10,1998,Italy,1.78,65.0,20.52,Milan,140,finished,134,1031,226,Hills,28,IT,Caja Rural - Seguros RGA,,,",,",813,14014
2,RR,05 July 2026,Tarragona,Barcelona,168.5,2049,137,45.951,Sprint of small group,Gaviria Fernando,https://www.procyclingstats.com/rider/fernando-gaviria,1994-08-19,1994,Colombia,1.81,71.0,21.67,La Ceja,141,finished,142,1058,221,Sprint,31,CO,Caja Rural - Seguros RGA,,,",,",813,14014
2,RR,05 July 2026,Tarragona,Barcelona,168.5,2049,137,45.951,Sprint of small group,Kanter Max,https://www.procyclingstats.com/rider/max-kanter,1997-10-22,1997,Germany,1.76,68.0,21.95,Cottbus,142,finished,121,1003,64,Sprint,28,DE,XDS Astana Team,,,",,",813,14014
2,RR,05 July 2026,Tarragona,Barcelona,168.5,2049,137,45.951,Sprint of small group,Biermans Jenthe,https://www.procyclingstats.com/rider/jenthe-biermans,1995-10-30,1995,Belgium,1.84,78.0,23.04,Geel,143,finished,146,1063,164,Classic,30,BE,Cofidis,,,",,",813,14014
2,RR,05 July 2026,Tarragona,Barcelona,168.5,2049,137,45.951,Sprint of small group,Otruba Jakub,https://www.procyclingstats.com/rider/jakub-otruba,1998-01-30,1998,Czech Republic,1.9,75.0,20.78,Olomouc,144,finished,147,1065,227,GC,28,CZ,Caja Rural - Seguros RGA,,,",,",813,14014
2,RR,05 July 2026,Tarragona,Barcelona,168.5,2049,137,45.951,Sprint of small group,Skujiņš Toms,https://www.procyclingstats.com/rider/toms-skujins,1991-06-15,1991,Latvia,1.81,72.0,21.98,Sigulda,145,finished,150,1069,36,Classic,35,LV,Lidl - Trek,,,",,",813,14014
2,RR,05 July 2026,Tarragona,Barcelona,168.5,2049,137,45.951,Sprint of small group,Neilands Krists,https://www.procyclingstats.com/rider/krists-neilands,1994-08-18,1994,Latvia,1.89,69.0,19.32,Kuldīga,146,finished,126,1007,136,Classic,31,LV,NSN Cycling Team,,,",,",813,14014
2,RR,05 July 2026,Tarragona,Barcelona,168.5,2049,137,45.951,Sprint of small group,Merlier Tim,https://www.procyclingstats.com/rider/tim-merlier,1992-10-30,1992,Belgium,1.88,76.0,21.5,Wortegem-Petegem,147,finished,159,1102,91,Sprint,33,BE,Soudal Quick-Step,,,",,",813,14014
2,RR,05 July 2026,Tarragona,Barcelona,168.5,2049,137,45.951,Sprint of small group,Hoole Daan,https://www.procyclingstats.com/rider/daan-hoole,1999-02-22,1999,Netherlands,1.98,84.0,21.43,Zuidland,148,finished,148,1065,54,TT,27,NL,Decathlon CMA CGM Team,,,",,",813,14014
2,RR,05 July 2026,Tarragona,Barcelona,168.5,2049,137,45.951,Sprint of small group,Fretin Milan,https://www.procyclingstats.com/rider/milan-fretin,2001-03-19,2001,Belgium,1.82,70.0,21.13,Genk,149,finished,156,1098,165,Classic,25,BE,Cofidis,,,13:46,826,14027
2,RR,05 July 2026,Tarragona,Barcelona,168.5,2049,137,45.951,Sprint of small group,Cort Magnus,https://www.procyclingstats.com/rider/magnus-cort-nielsen,1993-01-16,1993,Denmark,1.84,68.0,20.09,Rønne,150,finished,149,1067,124,Hills,33,DK,Uno-X Mobility,,,13:52,832,14033
2,RR,05 July 2026,Tarragona,Barcelona,168.5,2049,137,45.951,Sprint of small group,Mohorič Matej,https://www.procyclingstats.com/rider/matej-mohoric,1994-10-19,1994,Slovenia,1.86,71.0,20.52,Kranj,151,finished,151,1072,75,Classic,31,SI,Bahrain - Victorious,,,13:56,836,14037
2,RR,05 July 2026,Tarragona,Barcelona,168.5,2049,137,45.951,Sprint of small group,Tratnik Jan,https://www.procyclingstats.com/rider/jan-tratnik,1990-02-23,1990,Slovenia,1.73,67.0,22.39,Idrija,152,finished,154,1082,26,TT,36,SI,Red Bull - BORA - hansgrohe,,,",,",836,14037
2,RR,05 July 2026,Tarragona,Barcelona,168.5,2049,137,45.951,Sprint of small group,Simmons Quinn,https://www.procyclingstats.com/rider/quinn-simmons,2001-05-08,2001,United States,1.85,73.0,21.33,Durango,153,finished,158,1099,34,Hills,25,US,Lidl - Trek,,,",,",836,14037
2,RR,05 July 2026,Tarragona,Barcelona,168.5,2049,137,45.951,Sprint of small group,Kirsch Alex,https://www.procyclingstats.com/rider/alex-kirsch,1992-06-12,1992,Luxembourg,1.94,78.0,20.72,Luxembourg,154,finished,115,994,166,TT,34,LU,Cofidis,,,",,",836,14037
2,RR,05 July 2026,Tarragona,Barcelona,168.5,2049,137,45.951,Sprint of small group,Stewart Jake,https://www.procyclingstats.com/rider/jake-stewart,1999-10-02,1999,Great Britain,1.79,66.0,20.6,Coventry,155,finished,139,1052,137,Hills,26,GB,NSN Cycling Team,,,",,",836,14037
2,RR,05 July 2026,Tarragona,Barcelona,168.5,2049,137,45.951,Sprint of small group,Pedersen Mads,https://www.procyclingstats.com/rider/mads-pedersen,1995-12-18,1995,Denmark,1.8,76.0,23.46,Tølløse,156,finished,157,1098,33,Classic,30,DK,Lidl - Trek,,,",,",836,14037
2,RR,05 July 2026,Tarragona,Barcelona,168.5,2049,137,45.951,Sprint of small group,Girmay Biniam,https://www.procyclingstats.com/rider/biniam-girmay,2000-04-02,2000,Eritrea,1.84,70.0,20.68,Asmara,157,finished,133,1026,131,Classic,26,ER,NSN Cycling Team,,,",,",836,14037
2,RR,05 July 2026,Tarragona,Barcelona,168.5,2049,137,45.951,Sprint of small group,de Kleijn Arvid,https://www.procyclingstats.com/rider/arvid-de-kleijn,1994-03-21,1994,Netherlands,1.71,68.0,23.26,Herveld,158,finished,143,1061,192,Sprint,32,NL,Tudor Pro Cycling Team,,,",,",836,14037
2,RR,05 July 2026,Tarragona,Barcelona,168.5,2049,137,45.951,Sprint of small group,Bauhaus Phil,https://www.procyclingstats.com/rider/phil-bauhaus,1994-07-08,1994,Germany,1.84,75.0,22.15,Bocholt,159,finished,161,1113,72,Sprint,31,DE,Bahrain - Victorious,,,",,",836,14037
2,RR,05 July 2026,Tarragona,Barcelona,168.5,2049,137,45.951,Sprint of small group,van den Berg Julius,https://www.procyclingstats.com/rider/julius-van-den-berg,1996-10-23,1996,Netherlands,1.9,78.0,21.61,Purmerend,160,finished,131,1021,217,Sprint,29,NL,Team Picnic PostNL,,,",,",836,14037
2,RR,05 July 2026,Tarragona,Barcelona,168.5,2049,137,45.951,Sprint of small group,van den Broek Frank,https://www.procyclingstats.com/rider/frank-van-den-broek,2000-12-28,2000,Netherlands,1.78,70.0,22.09,Warmond,161,finished,113,989,218,GC,25,NL,Team Picnic PostNL,,,",,",836,14037
2,RR,05 July 2026,Tarragona,Barcelona,168.5,2049,137,45.951,Sprint of small group,Ackermann Pascal,https://www.procyclingstats.com/rider/pascal-ackermann,1994-01-17,1994,Germany,1.8,78.0,24.07,Kandel,162,finished,166,1127,112,Sprint,32,DE,Team Jayco AlUla,,,",,",836,14037
2,RR,05 July 2026,Tarragona,Barcelona,168.5,2049,137,45.951,Sprint of small group,Gradek Kamil,https://www.procyclingstats.com/rider/kamil-gradek,1990-09-17,1990,Poland,1.94,83.0,22.05,Koziegłowy,163,finished,162,1113,74,TT,35,PL,Bahrain - Victorious,,,",,",836,14037
2,RR,05 July 2026,Tarragona,Barcelona,168.5,2049,137,45.951,Sprint of small group,Velasco Simone,https://www.procyclingstats.com/rider/simone-velasco,1995-12-02,1995,Italy,1.7,59.0,20.42,Bologna,164,finished,173,1194,67,Classic,30,IT,XDS Astana Team,,,",,",836,14037
2,RR,05 July 2026,Tarragona,Barcelona,168.5,2049,137,45.951,Sprint of small group,Molenaar Alex,https://www.procyclingstats.com/rider/alex-molenaar,1999-07-13,1999,Netherlands,1.84,63.0,18.61,Rotterdam,165,finished,94,908,224,Hills,26,NL,Caja Rural - Seguros RGA,,,",,",836,14037
2,RR,05 July 2026,Tarragona,Barcelona,168.5,2049,137,45.951,Sprint of small group,Allegaert Piet,https://www.procyclingstats.com/rider/piet-allegaert,1995-01-20,1995,Belgium,1.81,70.0,21.37,Moorslede,166,finished,171,1169,162,Classic,31,BE,Cofidis,,,",,",836,14037
2,RR,05 July 2026,Tarragona,Barcelona,168.5,2049,137,45.951,Sprint of small group,Van Mechelen Vlad,https://www.procyclingstats.com/rider/vlad-van-mechelen,2004-06-02,2004,Belgium,1.83,73.0,21.8,Leuven,167,finished,140,1053,78,Sprint,22,BE,Bahrain - Victorious,,,14:20,860,14061
2,RR,05 July 2026,Tarragona,Barcelona,168.5,2049,137,45.951,Sprint of small group,Wright Fred,https://www.procyclingstats.com/rider/alfred-wright,1999-06-13,1999,Great Britain,1.84,75.0,22.15,London,168,finished,144,1062,178,Hills,27,GB,Pinarello Q36.5 Pro Cycling Team,,,",,",860,14061
2,RR,05 July 2026,Tarragona,Barcelona,168.5,2049,137,45.951,Sprint of small group,Ganna Filippo,https://www.procyclingstats.com/rider/filippo-ganna,1996-07-25,1996,Italy,1.93,83.0,22.28,Verbania,169,finished,90,891,84,TT,29,IT,Netcompany INEOS,,,14:43,883,14084
2,RR,05 July 2026,Tarragona,Barcelona,168.5,2049,137,45.951,Sprint of small group,Van Lerberghe Bert,https://www.procyclingstats.com/rider/bert-van-lerberghe,1992-09-29,1992,Belgium,1.9,83.0,22.99,Kortrijk,170,finished,172,1180,96,Classic,33,BE,Soudal Quick-Step,,,14:51,891,14092
2,RR,05 July 2026,Tarragona,Barcelona,168.5,2049,137,45.951,Sprint of small group,Hagenes Per Strand,https://www.procyclingstats.com/rider/per-strand-hagenes,2003-07-10,2003,Norway,1.86,78.0,22.55,Sandnes,171,finished,170,1165,15,Classic,22,NO,Team Visma | Lease a Bike,,,15:02,902,14103
2,RR,05 July 2026,Tarragona,Barcelona,168.5,2049,137,45.951,Sprint of small group,Wærenskjold Søren,https://www.procyclingstats.com/rider/soren-waerenskjold,2000-03-12,2000,Norway,1.95,92.0,24.19,Mandal,172,finished,169,1161,128,Classic,26,NO,Uno-X Mobility,,,15:06,906,14107
2,RR,05 July 2026,Tarragona,Barcelona,168.5,2049,137,45.951,Sprint of small group,Trentin Matteo,https://www.procyclingstats.com/rider/matteo-trentin,1989-08-02,1989,Italy,1.79,74.0,23.1,Borgo Valsugana,173,finished,175,1235,197,Classic,36,IT,Tudor Pro Cycling Team,,,15:29,929,14130
2,RR,05 July 2026,Tarragona,Barcelona,168.5,2049,137,45.951,Sprint of small group,Artz Huub,https://www.procyclingstats.com/rider/huub-artz,2002-05-14,2002,Netherlands,1.86,71.0,20.52,Wintelre,174,finished,168,1138,152,Hills,24,NL,Lotto Intermarché,,,",,",929,14130
2,RR,05 July 2026,Tarragona,Barcelona,168.5,2049,137,45.951,Sprint of small group,Ballerini Davide,https://www.procyclingstats.com/rider/davide-ballerini,1994-09-21,1994,Italy,1.83,71.0,21.2,Cantù,175,finished,174,1230,62,Classic,31,IT,XDS Astana Team,,,15:44,944,14145
2,RR,05 July 2026,Tarragona,Barcelona,168.5,2049,137,45.951,Sprint of small group,Haller Marco,https://www.procyclingstats.com/rider/marco-haller,1991-04-01,1991,Austria,1.78,72.0,22.72,Sankt Veit an der Glan,176,finished,178,1274,193,Classic,35,AT,Tudor Pro Cycling Team,,,16:08,968,14169
2,RR,05 July 2026,Tarragona,Barcelona,168.5,2049,137,45.951,Sprint of small group,Slock Liam,https://www.procyclingstats.com/rider/liam-slock,2000-09-18,2000,Belgium,1.88,74.0,20.94,Ghent,177,finished,176,1241,155,GC,25,BE,Lotto Intermarché,,,16:33,993,14194
2,RR,05 July 2026,Tarragona,Barcelona,168.5,2049,137,45.951,Sprint of small group,Affini Edoardo,https://www.procyclingstats.com/rider/edoardo-affini,1996-06-24,1996,Italy,1.9,85.0,23.55,Mantua,178,finished,177,1270,12,TT,30,IT,Team Visma | Lease a Bike,,,16:47,1007,14208
2,RR,05 July 2026,Tarragona,Barcelona,168.5,2049,137,45.951,Sprint of small group,O'Brien Kelland,https://www.procyclingstats.com/rider/kelland-brien,1998-05-22,1998,Australia,1.92,77.0,20.89,Melbourne,179,finished,180,1342,116,Classic,28,AU,Team Jayco AlUla,,,17:49,1069,14270
2,RR,05 July 2026,Tarragona,Barcelona,168.5,2049,137,45.951,Sprint of small group,Kooij Olav,https://www.procyclingstats.com/rider/olav-kooij,2001-10-17,2001,Netherlands,1.84,72.0,21.27,Numansdorp,180,finished,179,1340,55,Sprint,24,NL,Decathlon CMA CGM Team,,,18:08,1088,14289
2,RR,05 July 2026,Tarragona,Barcelona,168.5,2049,137,45.951,Sprint of small group,Bol Cees,https://www.procyclingstats.com/rider/cees-bol,1995-07-27,1995,Netherlands,1.94,83.0,22.05,Zaandam,181,finished,183,1359,53,Sprint,30,NL,Decathlon CMA CGM Team,,,",,",1088,14289
2,RR,05 July 2026,Tarragona,Barcelona,168.5,2049,137,45.951,Sprint of small group,Veistroffer Baptiste,https://www.procyclingstats.com/rider/baptiste-veistroffer,2000-05-29,2000,France,1.82,73.0,22.04,Fouesnant,182,finished,181,1353,157,Hills,26,FR,Lotto Intermarché,,,18:25,1105,14306
2,RR,05 July 2026,Tarragona,Barcelona,168.5,2049,137,45.951,Sprint of small group,De Lie Arnaud,https://www.procyclingstats.com/rider/arnaud-de-lie,2002-03-16,2002,Belgium,1.82,78.0,23.55,Libramont,183,finished,182,1354,151,Classic,24,BE,Lotto Intermarché,,,",,",1105,14306
2,RR,05 July 2026,Tarragona,Barcelona,168.5,2049,137,45.951,Sprint of small group,Berthet Clément,https://www.procyclingstats.com/rider/clement-berthet,1997-08-02,1997,France,1.84,68.0,20.09,Pierre Bénite,,DNS,,,182,Climber,28,FR,Groupama - FDJ United,,,,,
3,RR,06 July 2026,Granollers,Les Angles,195.9,3940,185,41.216,Sprint of small group,Pogačar Tadej,https://www.procyclingstats.com/rider/tadej-pogacar,1998-09-21,1998,Slovenia,1.76,66.0,21.31,Klanec,1,finished,1,0,1,Climber,27,SI,UAE Team Emirates - XRG,210.0,100.0,4:45:11,0,17111
3,RR,06 July 2026,Granollers,Les Angles,195.9,3940,185,41.216,Sprint of small group,Vingegaard Jonas,https://www.procyclingstats.com/rider/jonas-vingegaard,1996-12-10,1996,Denmark,1.75,58.0,18.94,Hillerslev,2,finished,2,0,11,GC,29,DK,Team Visma | Lease a Bike,150.0,70.0,0:02,2,17113
3,RR,06 July 2026,Granollers,Les Angles,195.9,3940,185,41.216,Sprint of small group,Carapaz Richard,https://www.procyclingstats.com/rider/richard-carapaz,1993-05-29,1993,Ecuador,1.7,62.0,21.45,El Carmelo,3,finished,12,105,41,Climber,33,EC,EF Education - EasyPost,110.0,50.0,",,",2,17113
3,RR,06 July 2026,Granollers,Les Angles,195.9,3940,185,41.216,Sprint of small group,Seixas Paul,https://www.procyclingstats.com/rider/paul-seixas,2006-09-24,2006,France,1.86,64.0,18.5,Lyon,4,finished,6,48,51,Climber,19,FR,Decathlon CMA CGM Team,90.0,40.0,",,",2,17113
3,RR,06 July 2026,Granollers,Les Angles,195.9,3940,185,41.216,Sprint of small group,Johannessen Tobias Halland,https://www.procyclingstats.com/rider/tobias-halland-johannessen,1999-08-23,1999,Norway,1.76,62.0,20.02,Drøbak,5,finished,9,71,121,Climber,26,NO,Uno-X Mobility,70.0,32.0,0:04,4,17115
3,RR,06 July 2026,Granollers,Les Angles,195.9,3940,185,41.216,Sprint of small group,Van Eetvelt Lennert,https://www.procyclingstats.com/rider/lennert-van-eetvelt,2001-07-17,2001,Belgium,1.76,63.0,20.34,Binkom,6,finished,13,107,156,Climber,24,BE,Lotto Intermarché,55.0,26.0,",,",4,17115
3,RR,06 July 2026,Granollers,Les Angles,195.9,3940,185,41.216,Sprint of small group,Lipowitz Florian,https://www.procyclingstats.com/rider/florian-lipowitz,2000-09-21,2000,Germany,1.81,68.0,20.76,Laichingen,7,finished,7,53,25,GC,25,DE,Red Bull - BORA - hansgrohe,45.0,22.0,",,",4,17115
3,RR,06 July 2026,Granollers,Les Angles,195.9,3940,185,41.216,Sprint of small group,Evenepoel Remco,https://www.procyclingstats.com/rider/remco-evenepoel,2000-01-25,2000,Belgium,1.71,63.0,21.55,Aalst,8,finished,3,23,21,Climber,26,BE,Red Bull - BORA - hansgrohe,40.0,18.0,",,",4,17115
3,RR,06 July 2026,Granollers,Les Angles,195.9,3940,185,41.216,Sprint of small group,del Toro Isaac,https://www.procyclingstats.com/rider/isaac-del-toro,2003-11-27,2003,Mexico,1.8,64.0,19.75,Ensenada,9,finished,4,24,2,Climber,22,MX,UAE Team Emirates - XRG,35.0,14.0,",,",4,17115
3,RR,06 July 2026,Granollers,Les Angles,195.9,3940,185,41.216,Sprint of small group,Ayuso Juan,https://www.procyclingstats.com/rider/juan-ayuso-pesquera,2002-09-16,2002,Spain,1.83,65.0,19.41,Barcelona,10,finished,5,27,31,Climber,23,ES,Lidl - Trek,30.0,10.0,",,",4,17115
3,RR,06 July 2026,Granollers,Les Angles,195.9,3940,185,41.216,Sprint of small group,Skjelmose Mattias,https://www.procyclingstats.com/rider/mattias-skjelmose-jensen,2000-09-26,2000,Denmark,1.8,65.0,20.06,Copenhagen,11,finished,14,110,35,Climber,25,DK,Lidl - Trek,25.0,8.0,0:10,10,17121
3,RR,06 July 2026,Granollers,Les Angles,195.9,3940,185,41.216,Sprint of small group,Van Wilder Ilan,https://www.procyclingstats.com/rider/ilan-van-wilder,2000-05-14,2000,Belgium,1.71,64.0,21.89,Jette,12,finished,10,77,97,GC,26,BE,Soudal Quick-Step,20.0,6.0,0:12,12,17123
3,RR,06 July 2026,Granollers,Les Angles,195.9,3940,185,41.216,Sprint of small group,Martinez Lenny,https://www.procyclingstats.com/rider/lenny-martinez,2003-07-11,2003,France,1.68,52.0,18.42,Cannes,13,finished,8,69,71,Climber,22,FR,Bahrain - Victorious,15.0,4.0,",,",12,17123
3,RR,06 July 2026,Granollers,Les Angles,195.9,3940,185,41.216,Sprint of small group,Jegat Jordan,https://www.procyclingstats.com/rider/jordan-jegat,1999-06-07,1999,France,1.76,59.0,19.05,Vannes,14,finished,17,148,201,Climber,27,FR,TotalEnergies,10.0,2.0,",,",12,17123
3,RR,06 July 2026,Granollers,Les Angles,195.9,3940,185,41.216,Sprint of small group,Higuita Sergio,https://www.procyclingstats.com/rider/sergio-higuita,1997-08-01,1997,Colombia,1.66,57.0,20.69,Medellín,15,finished,18,203,61,Climber,28,CO,XDS Astana Team,5.0,1.0,0:18,18,17129
3,RR,06 July 2026,Granollers,Les Angles,195.9,3940,185,41.216,Sprint of small group,Pidcock Tom,https://www.procyclingstats.com/rider/tom-pidcock,1999-07-30,1999,Great Britain,1.7,58.0,20.07,Leeds,16,finished,11,82,171,Classic,26,GB,Pinarello Q36.5 Pro Cycling Team,,,",,",18,17129
3,RR,06 July 2026,Granollers,Les Angles,195.9,3940,185,41.216,Sprint of small group,Bernal Egan,https://www.procyclingstats.com/rider/egan-bernal,1997-01-13,1997,Colombia,1.75,60.0,19.59,Bogotá,17,finished,21,255,81,GC,29,CO,Netcompany INEOS,,,",,",18,17129
3,RR,06 July 2026,Granollers,Les Angles,195.9,3940,185,41.216,Sprint of small group,Benoot Tiesj,https://www.procyclingstats.com/rider/tiesj-benoot,1994-03-11,1994,Belgium,1.9,72.0,19.94,Ghent,18,finished,27,345,52,Classic,32,BE,Decathlon CMA CGM Team,,,0:27,27,17138
3,RR,06 July 2026,Granollers,Les Angles,195.9,3940,185,41.216,Sprint of small group,Arensman Thymen,https://www.procyclingstats.com/rider/thymen-arensman,1999-12-04,1999,Netherlands,1.9,68.0,18.84,Deil,19,finished,16,139,82,GC,26,NL,Netcompany INEOS,,,",,",27,17138
3,RR,06 July 2026,Granollers,Les Angles,195.9,3940,185,41.216,Sprint of small group,Piganzoli Davide,https://www.procyclingstats.com/rider/davide-piganzoli,2002-07-08,2002,Italy,1.74,61.0,20.15,Morbegno,20,finished,15,135,18,GC,23,IT,Team Visma | Lease a Bike,,,0:33,33,17144
3,RR,06 July 2026,Granollers,Les Angles,195.9,3940,185,41.216,Sprint of small group,Tiberi Antonio,https://www.procyclingstats.com/rider/antonio-tiberi,2001-06-24,2001,Italy,1.82,62.0,18.72,Frosinone,21,finished,30,437,77,GC,25,IT,Bahrain - Victorious,,,0:42,42,17153
3,RR,06 July 2026,Granollers,Les Angles,195.9,3940,185,41.216,Sprint of small group,Debruyne Ramses,https://www.procyclingstats.com/rider/ramses-debruyne,2002-08-31,2002,Belgium,1.79,66.0,20.6,Rollegem,22,finished,37,792,102,Climber,23,BE,Alpecin - Premier Tech,,,0:48,48,17159
3,RR,06 July 2026,Granollers,Les Angles,195.9,3940,185,41.216,Sprint of small group,Yates Adam,https://www.procyclingstats.com/rider/adam-yates,1992-08-07,1992,Great Britain,1.73,58.0,19.38,Bury,23,finished,28,360,8,Climber,33,GB,UAE Team Emirates - XRG,,,0:50,50,17161
3,RR,06 July 2026,Granollers,Les Angles,195.9,3940,185,41.216,Sprint of small group,Kuss Sepp,https://www.procyclingstats.com/rider/sepp-kuss,1994-09-13,1994,United States,1.82,61.0,18.42,Durango,24,finished,32,584,17,Climber,31,US,Team Visma | Lease a Bike,,,",,",50,17161
3,RR,06 July 2026,Granollers,Les Angles,195.9,3940,185,41.216,Sprint of small group,Tejada Harold,https://www.procyclingstats.com/rider/harold-tejada,1997-04-27,1997,Colombia,1.8,63.0,19.44,Pitalito,25,finished,23,278,65,Climber,29,CO,XDS Astana Team,,,0:57,57,17168
3,RR,06 July 2026,Granollers,Les Angles,195.9,3940,185,41.216,Sprint of small group,Castrillo Pablo,https://www.procyclingstats.com/rider/pablo-castrillo-zapater,2001-01-02,2001,Spain,1.83,74.0,22.1,Jaca,26,finished,43,988,142,Climber,25,ES,Movistar Team,,,1:00,60,17171
3,RR,06 July 2026,Granollers,Les Angles,195.9,3940,185,41.216,Sprint of small group,Uijtdebroeks Cian,https://www.procyclingstats.com/rider/cian-uijtdebroeks,2003-02-28,2003,Belgium,1.85,68.0,19.87,Abolens,27,finished,19,204,141,GC,23,BE,Movistar Team,,,",,",60,17171
3,RR,06 July 2026,Granollers,Les Angles,195.9,3940,185,41.216,Sprint of small group,Martin Guillaume,https://www.procyclingstats.com/rider/guillaume-martin,1993-06-09,1993,France,1.73,55.0,18.38,Paris,28,finished,34,615,186,Climber,33,FR,Groupama - FDJ United,,,1:06,66,17177
3,RR,06 July 2026,Granollers,Les Angles,195.9,3940,185,41.216,Sprint of small group,Voisard Yannis,https://www.procyclingstats.com/rider/yannis-voisard,1998-07-26,1998,Switzerland,,56.0,,Fontenais,29,finished,20,230,198,GC,27,CH,Tudor Pro Cycling Team,,,1:22,82,17193
3,RR,06 July 2026,Granollers,Les Angles,195.9,3940,185,41.216,Sprint of small group,Træen Torstein,https://www.procyclingstats.com/rider/torstein-traeen,1995-07-16,1995,Norway,1.81,63.0,19.23,Hønefoss,30,finished,24,306,127,GC,30,NO,Uno-X Mobility,,,1:38,98,17209
3,RR,06 July 2026,Granollers,Les Angles,195.9,3940,185,41.216,Sprint of small group,Hindley Jai,https://www.procyclingstats.com/rider/jai-hindley,1996-05-05,1996,Australia,1.75,60.0,19.59,Perth,31,finished,29,361,24,Climber,30,AU,Red Bull - BORA - hansgrohe,,,",,",98,17209
3,RR,06 July 2026,Granollers,Les Angles,195.9,3940,185,41.216,Sprint of small group,Quinn Sean,https://www.procyclingstats.com/rider/sean-quinn,2000-05-10,2000,United States,1.87,67.0,19.16,Los Angeles,32,finished,26,334,45,GC,26,US,EF Education - EasyPost,,,1:43,103,17214
3,RR,06 July 2026,Granollers,Les Angles,195.9,3940,185,41.216,Sprint of small group,Parra José Félix,https://www.procyclingstats.com/rider/jose-felix-parra,1997-01-16,1997,Spain,1.71,55.0,18.81,Ossa de Montiel,33,finished,22,261,228,GC,29,ES,Caja Rural - Seguros RGA,,,1:45,105,17216
3,RR,06 July 2026,Granollers,Les Angles,195.9,3940,185,41.216,Sprint of small group,Paret-Peintre Aurélien,https://www.procyclingstats.com/rider/aurelien-paret-peintre,1996-02-27,1996,France,1.84,64.0,18.9,Annemasse,34,finished,42,988,56,GC,30,FR,Decathlon CMA CGM Team,,,2:14,134,17245
3,RR,06 July 2026,Granollers,Les Angles,195.9,3940,185,41.216,Sprint of small group,McNulty Brandon,https://www.procyclingstats.com/rider/brandon-mcnulty,1998-04-02,1998,United States,1.83,69.0,20.6,Phoenix,35,finished,33,595,4,GC,28,US,UAE Team Emirates - XRG,,,2:23,143,17254
3,RR,06 July 2026,Granollers,Les Angles,195.9,3940,185,41.216,Sprint of small group,Van Gils Maxim,https://www.procyclingstats.com/rider/maxim-van-gils,1999-11-25,1999,Belgium,1.74,63.0,20.81,Brasschaat,36,finished,38,947,28,Classic,26,BE,Red Bull - BORA - hansgrohe,,,2:33,153,17264
3,RR,06 July 2026,Granollers,Les Angles,195.9,3940,185,41.216,Sprint of small group,Prodhomme Nicolas,https://www.procyclingstats.com/rider/nicolas-prodhomme,1997-02-01,1997,France,1.74,63.0,20.81,L'Aigle,37,finished,39,966,57,GC,29,FR,Decathlon CMA CGM Team,,,",,",153,17264
3,RR,06 July 2026,Granollers,Les Angles,195.9,3940,185,41.216,Sprint of small group,Vacek Mathias,https://www.procyclingstats.com/rider/mathias-vacek,2002-06-12,2002,Czech Republic,1.88,75.0,21.22,Beroun,38,finished,31,536,37,TT,24,CZ,Lidl - Trek,,,2:38,158,17269
3,RR,06 July 2026,Granollers,Les Angles,195.9,3940,185,41.216,Sprint of small group,Harper Chris,https://www.procyclingstats.com/rider/chris-harper,1994-11-23,1994,Australia,1.85,67.0,19.58,Melbourne,39,finished,44,994,173,GC,31,AU,Pinarello Q36.5 Pro Cycling Team,,,2:41,161,17272
3,RR,06 July 2026,Granollers,Les Angles,195.9,3940,185,41.216,Sprint of small group,Jorgenson Matteo,https://www.procyclingstats.com/rider/matteo-jorgenson,1999-07-01,1999,United States,1.9,69.0,19.11,Walnut Creek,40,finished,36,679,16,GC,27,US,Team Visma | Lease a Bike,,,2:42,162,17273
3,RR,06 July 2026,Granollers,Les Angles,195.9,3940,185,41.216,Sprint of small group,Simmons Quinn,https://www.procyclingstats.com/rider/quinn-simmons,2001-05-08,2001,United States,1.85,73.0,21.33,Durango,41,finished,52,1272,34,Hills,25,US,Lidl - Trek,,,2:49,169,17280
3,RR,06 July 2026,Granollers,Les Angles,195.9,3940,185,41.216,Sprint of small group,Paret-Peintre Valentin,https://www.procyclingstats.com/rider/valentin-paret-peintre,2001-01-14,2001,France,1.78,52.0,16.41,Annemasse,42,finished,48,1078,93,Climber,25,FR,Soudal Quick-Step,,,3:00,180,17291
3,RR,06 July 2026,Granollers,Les Angles,195.9,3940,185,41.216,Sprint of small group,Breuillard Nicolas,https://www.procyclingstats.com/rider/nicolas-breuillard,2000-03-13,2000,France,1.75,,,Pertuis,43,finished,47,1020,202,GC,26,FR,TotalEnergies,,,3:13,193,17304
3,RR,06 July 2026,Granollers,Les Angles,195.9,3940,185,41.216,Sprint of small group,Verona Carlos,https://www.procyclingstats.com/rider/carlos-verona,1992-11-04,1992,Spain,1.86,68.0,19.66,San Lorenzo de El Escorial,44,finished,49,1201,38,GC,33,ES,Lidl - Trek,,,3:27,207,17318
3,RR,06 July 2026,Granollers,Les Angles,195.9,3940,185,41.216,Sprint of small group,Skaarseth Anders,https://www.procyclingstats.com/rider/anders-skaarseth,1995-05-07,1995,Norway,1.86,,,Lillehammer,45,finished,41,970,126,Classic,31,NO,Uno-X Mobility,,,",,",207,17318
3,RR,06 July 2026,Granollers,Les Angles,195.9,3940,185,41.216,Sprint of small group,Bennett George,https://www.procyclingstats.com/rider/george-bennett,1990-04-07,1990,New Zealand,1.81,58.0,17.7,Nelson,46,finished,35,653,133,GC,36,NZ,NSN Cycling Team,,,4:02,242,17353
3,RR,06 July 2026,Granollers,Les Angles,195.9,3940,185,41.216,Sprint of small group,Baudin Alex,https://www.procyclingstats.com/rider/alex-baudin,2001-05-25,2001,France,1.83,64.0,19.11,Albertville,47,finished,25,319,43,Climber,25,FR,EF Education - EasyPost,,,4:08,248,17359
3,RR,06 July 2026,Granollers,Les Angles,195.9,3940,185,41.216,Sprint of small group,García Pierna Raúl,https://www.procyclingstats.com/rider/raul-garcia-pierna,2001-02-23,2001,Spain,1.75,67.0,21.88,Tres Cantos,48,finished,45,1004,144,Climber,25,ES,Movistar Team,,,4:16,256,17367
3,RR,06 July 2026,Granollers,Les Angles,195.9,3940,185,41.216,Sprint of small group,Großschartner Felix,https://www.procyclingstats.com/rider/felix-grossschartner,1993-12-23,1993,Austria,1.84,64.0,18.9,Wels,49,finished,50,1208,3,GC,32,AT,UAE Team Emirates - XRG,,,5:02,302,17413
3,RR,06 July 2026,Granollers,Les Angles,195.9,3940,185,41.216,Sprint of small group,Vercher Mattéo,https://www.procyclingstats.com/rider/matheo-vercher,2001-01-26,2001,France,1.71,,,Lyon,50,finished,54,1283,208,Hills,25,FR,TotalEnergies,,,7:36,456,17567
3,RR,06 July 2026,Granollers,Les Angles,195.9,3940,185,41.216,Sprint of small group,Asgreen Kasper,https://www.procyclingstats.com/rider/kasper-asgreen,1995-02-08,1995,Denmark,1.93,75.0,20.13,Kolding,51,finished,68,1738,42,TT,31,DK,EF Education - EasyPost,,,13:35,815,17926
3,RR,06 July 2026,Granollers,Les Angles,195.9,3940,185,41.216,Sprint of small group,Oliveira Nelson,https://www.procyclingstats.com/rider/nelson-oliveira,1989-03-06,1989,Portugal,1.8,67.0,20.68,Anadia,52,finished,62,1641,146,TT,37,PT,Movistar Team,,,",,",815,17926
3,RR,06 July 2026,Granollers,Les Angles,195.9,3940,185,41.216,Sprint of small group,Balderstone Abel,https://www.procyclingstats.com/rider/abel-balderstone-roumens,2000-07-07,2000,Spain,1.79,61.0,19.04,Ullastrell,53,finished,46,1009,222,GC,25,ES,Caja Rural - Seguros RGA,,,",,",815,17926
3,RR,06 July 2026,Granollers,Les Angles,195.9,3940,185,41.216,Sprint of small group,Rubio Einer,https://www.procyclingstats.com/rider/einer-rubio,1998-02-22,1998,Colombia,1.64,56.0,20.82,Chíquiza,54,finished,71,1837,148,Climber,28,CO,Movistar Team,,,",,",815,17926
3,RR,06 July 2026,Granollers,Les Angles,195.9,3940,185,41.216,Sprint of small group,Izagirre Ion,https://www.procyclingstats.com/rider/ion-izagirre,1989-02-04,1989,Spain,1.73,60.0,20.05,Ormaiztegi,55,finished,40,967,161,GC,37,ES,Cofidis,,,",,",815,17926
3,RR,06 July 2026,Granollers,Les Angles,195.9,3940,185,41.216,Sprint of small group,Hirschi Marc,https://www.procyclingstats.com/rider/marc-hirschi,1998-08-24,1998,Switzerland,1.74,61.0,20.15,Bern,56,finished,59,1532,194,Classic,27,CH,Tudor Pro Cycling Team,,,",,",815,17926
3,RR,06 July 2026,Granollers,Les Angles,195.9,3940,185,41.216,Sprint of small group,Vauquelin Kévin,https://www.procyclingstats.com/rider/kevin-vauquelin,2001-04-26,2001,France,1.76,69.0,22.28,Bayeux,57,finished,55,1305,88,GC,25,FR,Netcompany INEOS,,,",,",815,17926
3,RR,06 July 2026,Granollers,Les Angles,195.9,3940,185,41.216,Sprint of small group,Storer Michael,https://www.procyclingstats.com/rider/michael-storer,1997-02-28,1997,Australia,1.77,63.0,20.11,Perth,58,finished,72,1839,196,Climber,29,AU,Tudor Pro Cycling Team,,,",,",815,17926
3,RR,06 July 2026,Granollers,Les Angles,195.9,3940,185,41.216,Sprint of small group,Germani Lorenzo,https://www.procyclingstats.com/rider/lorenzo-germani,2002-03-03,2002,Italy,1.79,62.0,19.35,Sora,59,finished,64,1680,185,GC,24,IT,Groupama - FDJ United,,,",,",815,17926
3,RR,06 July 2026,Granollers,Les Angles,195.9,3940,185,41.216,Sprint of small group,Cattaneo Mattia,https://www.procyclingstats.com/rider/mattia-cattaneo,1990-10-25,1990,Italy,1.84,67.0,19.79,Alzano Lombardo,60,finished,67,1731,22,TT,35,IT,Red Bull - BORA - hansgrohe,,,",,",815,17926
3,RR,06 July 2026,Granollers,Les Angles,195.9,3940,185,41.216,Sprint of small group,Caruso Damiano,https://www.procyclingstats.com/rider/damiano-caruso,1987-10-12,1987,Italy,1.79,67.0,20.91,Ragusa,61,finished,63,1677,73,GC,38,IT,Bahrain - Victorious,,,",,",815,17926
3,RR,06 July 2026,Granollers,Les Angles,195.9,3940,185,41.216,Sprint of small group,Campenaerts Victor,https://www.procyclingstats.com/rider/victor-campenaerts,1991-10-28,1991,Belgium,1.73,68.0,22.72,Hoboken,62,finished,69,1755,14,TT,34,BE,Team Visma | Lease a Bike,,,",,",815,17926
3,RR,06 July 2026,Granollers,Les Angles,195.9,3940,185,41.216,Sprint of small group,Hermans Quinten,https://www.procyclingstats.com/rider/quinten-hermans,1995-07-29,1995,Belgium,1.74,62.0,20.48,Antwerp,63,finished,56,1339,174,Hills,30,BE,Pinarello Q36.5 Pro Cycling Team,,,",,",815,17926
3,RR,06 July 2026,Granollers,Les Angles,195.9,3940,185,41.216,Sprint of small group,Meurisse Xandro,https://www.procyclingstats.com/rider/xandro-meurisse,1992-01-31,1992,Belgium,1.81,68.0,20.76,Kortrijk,64,finished,65,1695,176,GC,34,BE,Pinarello Q36.5 Pro Cycling Team,,,",,",815,17926
3,RR,06 July 2026,Granollers,Les Angles,195.9,3940,185,41.216,Sprint of small group,Skujiņš Toms,https://www.procyclingstats.com/rider/toms-skujins,1991-06-15,1991,Latvia,1.81,72.0,21.98,Sigulda,65,finished,73,1888,36,Classic,35,LV,Lidl - Trek,,,",,",815,17926
3,RR,06 July 2026,Granollers,Les Angles,195.9,3940,185,41.216,Sprint of small group,Braz Afonso Clément,https://www.procyclingstats.com/rider/clement-braz-afonso,1999-11-08,1999,France,1.63,50.0,18.82,Brive-la-Gaillarde,66,finished,57,1404,183,Climber,26,FR,Groupama - FDJ United,,,",,",815,17926
3,RR,06 July 2026,Granollers,Les Angles,195.9,3940,185,41.216,Sprint of small group,Gee-West Derek,https://www.procyclingstats.com/rider/derek-gee,1997-08-03,1997,Canada,1.89,72.0,20.16,Ottawa,67,finished,53,1273,32,Climber,28,CA,Lidl - Trek,,,",,",815,17926
3,RR,06 July 2026,Granollers,Les Angles,195.9,3940,185,41.216,Sprint of small group,Van Mechelen Vlad,https://www.procyclingstats.com/rider/vlad-van-mechelen,2004-06-02,2004,Belgium,1.83,73.0,21.8,Leuven,68,finished,75,1891,78,Sprint,22,BE,Bahrain - Victorious,,,13:54,834,17945
3,RR,06 July 2026,Granollers,Les Angles,195.9,3940,185,41.216,Sprint of small group,Velasco Simone,https://www.procyclingstats.com/rider/simone-velasco,1995-12-02,1995,Italy,1.7,59.0,20.42,Bologna,69,finished,91,2176,67,Classic,30,IT,XDS Astana Team,,,16:18,978,18089
3,RR,06 July 2026,Granollers,Les Angles,195.9,3940,185,41.216,Sprint of small group,Cort Magnus,https://www.procyclingstats.com/rider/magnus-cort-nielsen,1993-01-16,1993,Denmark,1.84,68.0,20.09,Rønne,70,finished,85,2129,124,Hills,33,DK,Uno-X Mobility,,,17:38,1058,18169
3,RR,06 July 2026,Granollers,Les Angles,195.9,3940,185,41.216,Sprint of small group,Politt Nils,https://www.procyclingstats.com/rider/nils-politt,1994-03-06,1994,Germany,1.92,80.0,21.7,Cologne,71,finished,101,2276,5,Classic,32,DE,UAE Team Emirates - XRG,,,19:52,1192,18303
3,RR,06 July 2026,Granollers,Les Angles,195.9,3940,185,41.216,Sprint of small group,Matthews Michael,https://www.procyclingstats.com/rider/michael-matthews,1990-09-26,1990,Australia,1.78,72.0,22.72,Canberra,72,finished,77,1969,115,Classic,35,AU,Team Jayco AlUla,,,19:57,1197,18308
3,RR,06 July 2026,Granollers,Les Angles,195.9,3940,185,41.216,Sprint of small group,Abrahamsen Jonas,https://www.procyclingstats.com/rider/jonas-abrahamsen,1995-09-20,1995,Norway,1.83,78.0,23.29,Skien,73,finished,95,2249,122,Classic,30,NO,Uno-X Mobility,,,",,",1197,18308
3,RR,06 July 2026,Granollers,Les Angles,195.9,3940,185,41.216,Sprint of small group,Wellens Tim,https://www.procyclingstats.com/rider/tim-wellens,1991-05-10,1991,Belgium,1.82,71.0,21.43,Sint-Truiden,74,finished,87,2132,7,GC,35,BE,UAE Team Emirates - XRG,,,20:18,1218,18329
3,RR,06 July 2026,Granollers,Les Angles,195.9,3940,185,41.216,Sprint of small group,Grégoire Romain,https://www.procyclingstats.com/rider/romain-gregoire,2003-01-21,2003,France,1.76,64.0,20.66,Besançon,75,finished,51,1266,181,Classic,23,FR,Groupama - FDJ United,,,",,",1218,18329
3,RR,06 July 2026,Granollers,Les Angles,195.9,3940,185,41.216,Sprint of small group,Eenkhoorn Pascal,https://www.procyclingstats.com/rider/pascal-eenkhoorn,1997-02-08,1997,Netherlands,1.85,72.0,21.04,Zwolle,76,finished,81,2056,92,Classic,29,NL,Soudal Quick-Step,,,",,",1218,18329
3,RR,06 July 2026,Granollers,Les Angles,195.9,3940,185,41.216,Sprint of small group,Cepeda Jefferson Alveiro,https://www.procyclingstats.com/rider/jefferson-cepeda-hernandez,1996-03-02,1996,Ecuador,1.7,61.0,21.11,El Playón,77,finished,88,2146,143,GC,30,EC,Movistar Team,,,",,",1218,18329
3,RR,06 July 2026,Granollers,Les Angles,195.9,3940,185,41.216,Sprint of small group,Romo Javier,https://www.procyclingstats.com/rider/javier-romo,1999-01-06,1999,Spain,1.84,70.0,20.68,Villafranca de los Caballeros,78,finished,58,1466,147,GC,27,ES,Movistar Team,,,",,",1218,18329
3,RR,06 July 2026,Granollers,Les Angles,195.9,3940,185,41.216,Sprint of small group,Le Berre Mathis,https://www.procyclingstats.com/rider/mathis-le-berre,2001-04-16,2001,France,1.76,68.0,21.95,Saint-Brieuc,79,finished,83,2076,206,Hills,25,FR,TotalEnergies,,,",,",1218,18329
3,RR,06 July 2026,Granollers,Les Angles,195.9,3940,185,41.216,Sprint of small group,Zimmermann Georg,https://www.procyclingstats.com/rider/georg-zimmermann,1997-10-11,1997,Germany,1.81,70.0,21.37,Augsburg,80,finished,79,2036,158,Classic,28,DE,Lotto Intermarché,,,",,",1218,18329
3,RR,06 July 2026,Granollers,Les Angles,195.9,3940,185,41.216,Sprint of small group,O'Connor Ben,https://www.procyclingstats.com/rider/ben-o-connor,1995-11-25,1995,Australia,1.88,67.0,18.96,Subiaco,81,finished,70,1830,111,GC,30,AU,Team Jayco AlUla,,,20:22,1222,18333
3,RR,06 July 2026,Granollers,Les Angles,195.9,3940,185,41.216,Sprint of small group,Oldani Stefano,https://www.procyclingstats.com/rider/stefano-oldani,1998-01-10,1998,Italy,1.78,65.0,20.52,Milan,82,finished,99,2267,226,Hills,28,IT,Caja Rural - Seguros RGA,,,20:32,1232,18343
3,RR,06 July 2026,Granollers,Les Angles,195.9,3940,185,41.216,Sprint of small group,Berwick Sebastian,https://www.procyclingstats.com/rider/sebastian-berwick,1999-12-15,1999,Australia,1.75,59.0,19.27,Brisbane,83,finished,78,2022,223,GC,26,AU,Caja Rural - Seguros RGA,,,",,",1232,18343
3,RR,06 July 2026,Granollers,Les Angles,195.9,3940,185,41.216,Sprint of small group,Otruba Jakub,https://www.procyclingstats.com/rider/jakub-otruba,1998-01-30,1998,Czech Republic,1.9,75.0,20.78,Olomouc,84,finished,103,2301,227,GC,28,CZ,Caja Rural - Seguros RGA,,,",,",1232,18343
3,RR,06 July 2026,Granollers,Les Angles,195.9,3940,185,41.216,Sprint of small group,Delettre Alexandre,https://www.procyclingstats.com/rider/alexandre-delettre,1997-10-25,1997,France,1.7,62.0,21.45,Gonesse,85,finished,86,2132,204,Classic,28,FR,TotalEnergies,,,20:41,1241,18352
3,RR,06 July 2026,Granollers,Les Angles,195.9,3940,185,41.216,Sprint of small group,Delbove Joris,https://www.procyclingstats.com/rider/joris-delbove,2000-07-15,2000,France,,,,Troyes,86,finished,61,1615,203,GC,25,FR,TotalEnergies,,,",,",1241,18352
3,RR,06 July 2026,Granollers,Les Angles,195.9,3940,185,41.216,Sprint of small group,van Baarle Dylan,https://www.procyclingstats.com/rider/dylan-van-baarle,1992-05-21,1992,Netherlands,1.89,74.0,20.72,Voorburg,87,finished,80,2037,95,Classic,34,NL,Soudal Quick-Step,,,",,",1241,18352
3,RR,06 July 2026,Granollers,Les Angles,195.9,3940,185,41.216,Sprint of small group,Stuyven Jasper,https://www.procyclingstats.com/rider/jasper-stuyven,1992-04-17,1992,Belgium,1.87,80.0,22.88,Leuven,88,finished,94,2234,94,Classic,34,BE,Soudal Quick-Step,,,20:51,1251,18362
3,RR,06 July 2026,Granollers,Les Angles,195.9,3940,185,41.216,Sprint of small group,Healy Ben,https://www.procyclingstats.com/rider/ben-healy,2000-09-11,2000,Ireland,1.75,62.0,20.24,Kingswinford Previous nationalities Great Britain until 2016,89,finished,92,2191,44,Climber,25,IE,EF Education - EasyPost,,,21:00,1260,18371
3,RR,06 July 2026,Granollers,Les Angles,195.9,3940,185,41.216,Sprint of small group,Schmid Mauro,https://www.procyclingstats.com/rider/mauro-schmid,1999-12-04,1999,Switzerland,1.87,70.0,20.02,Bülach,90,finished,76,1948,118,Hills,26,CH,Team Jayco AlUla,,,21:28,1288,18399
3,RR,06 July 2026,Granollers,Les Angles,195.9,3940,185,41.216,Sprint of small group,Dillier Silvan,https://www.procyclingstats.com/rider/silvan-dillier,1990-08-03,1990,Switzerland,1.83,75.0,22.4,Aarau,91,finished,128,2503,103,Classic,35,CH,Alpecin - Premier Tech,,,22:59,1379,18490
3,RR,06 July 2026,Granollers,Les Angles,195.9,3940,185,41.216,Sprint of small group,Engelhardt Felix,https://www.procyclingstats.com/rider/felix-engelhardt,2000-08-19,2000,Germany,1.8,68.0,20.99,Ulm,92,finished,123,2469,114,Classic,25,DE,Team Jayco AlUla,,,",,",1379,18490
3,RR,06 July 2026,Granollers,Les Angles,195.9,3940,185,41.216,Sprint of small group,Teunissen Mike,https://www.procyclingstats.com/rider/mike-teunissen,1992-08-25,1992,Netherlands,1.84,73.0,21.56,Ysselsteyn,93,finished,107,2335,66,Classic,33,NL,XDS Astana Team,,,",,",1379,18490
3,RR,06 July 2026,Granollers,Les Angles,195.9,3940,185,41.216,Sprint of small group,Russo Clément,https://www.procyclingstats.com/rider/clement-russo,1995-01-20,1995,France,1.87,74.0,21.16,Lyon,94,finished,105,2306,188,Classic,31,FR,Groupama - FDJ United,,,",,",1379,18490
3,RR,06 July 2026,Granollers,Les Angles,195.9,3940,185,41.216,Sprint of small group,Pacher Quentin,https://www.procyclingstats.com/rider/quentin-pacher,1992-01-06,1992,France,1.79,62.0,19.35,Libourne,95,finished,93,2205,187,Hills,34,FR,Groupama - FDJ United,,,",,",1379,18490
3,RR,06 July 2026,Granollers,Les Angles,195.9,3940,185,41.216,Sprint of small group,Pluimers Rick,https://www.procyclingstats.com/rider/rick-pluimers,2000-12-07,2000,Netherlands,1.8,67.0,20.68,Enter,96,finished,90,2176,195,Hills,25,NL,Tudor Pro Cycling Team,,,",,",1379,18490
3,RR,06 July 2026,Granollers,Les Angles,195.9,3940,185,41.216,Sprint of small group,Berckmoes Jenno,https://www.procyclingstats.com/rider/jenno-berckmoes,2001-02-04,2001,Belgium,1.77,61.0,19.47,Ghent,97,finished,96,2249,153,Classic,25,BE,Lotto Intermarché,,,",,",1379,18490
3,RR,06 July 2026,Granollers,Les Angles,195.9,3940,185,41.216,Sprint of small group,Charmig Anthon,https://www.procyclingstats.com/rider/anthon-charmig,1998-03-25,1998,Denmark,1.82,66.0,19.93,Aarhus,98,finished,112,2388,123,GC,28,DK,Uno-X Mobility,,,",,",1379,18490
3,RR,06 July 2026,Granollers,Les Angles,195.9,3940,185,41.216,Sprint of small group,Howson Damien,https://www.procyclingstats.com/rider/damien-howson,1992-08-13,1992,Australia,1.88,68.0,19.24,Adelaide,99,finished,114,2397,175,GC,33,AU,Pinarello Q36.5 Pro Cycling Team,,,",,",1379,18490
3,RR,06 July 2026,Granollers,Les Angles,195.9,3940,185,41.216,Sprint of small group,Stannard Robert,https://www.procyclingstats.com/rider/robert-stannard,1998-09-16,1998,Australia,1.79,74.0,23.1,Sydney Previous nationalities New Zealand until 2016,100,finished,104,2304,76,Hills,27,AU,Bahrain - Victorious,,,",,",1379,18490
3,RR,06 July 2026,Granollers,Les Angles,195.9,3940,185,41.216,Sprint of small group,Gate Aaron,https://www.procyclingstats.com/rider/aaron-gate,1990-11-26,1990,New Zealand,1.81,71.0,21.67,Auckland,101,finished,111,2388,63,GC,35,NZ,XDS Astana Team,,,",,",1379,18490
3,RR,06 July 2026,Granollers,Les Angles,195.9,3940,185,41.216,Sprint of small group,Durbridge Luke,https://www.procyclingstats.com/rider/luke-durbridge,1991-04-09,1991,Australia,1.87,78.0,22.31,Greenmount,102,finished,108,2340,113,TT,35,AU,Team Jayco AlUla,,,",,",1379,18490
3,RR,06 July 2026,Granollers,Les Angles,195.9,3940,185,41.216,Sprint of small group,Vervaeke Louis,https://www.procyclingstats.com/rider/louis-vervaeke,1993-10-06,1993,Belgium,1.81,68.0,20.76,Ronse,103,finished,89,2159,98,GC,32,BE,Soudal Quick-Step,,,",,",1379,18490
3,RR,06 July 2026,Granollers,Les Angles,195.9,3940,185,41.216,Sprint of small group,Verstrynge Emiel,https://www.procyclingstats.com/rider/emiel-verstrynge,2002-02-04,2002,Belgium,1.89,69.0,19.32,Eeklo,104,finished,84,2082,108,Climber,24,BE,Alpecin - Premier Tech,,,",,",1379,18490
3,RR,06 July 2026,Granollers,Les Angles,195.9,3940,185,41.216,Sprint of small group,Denz Nico,https://www.procyclingstats.com/rider/nico-denz,1994-02-15,1994,Germany,1.83,71.0,21.2,Waldshut-Tiengen,105,finished,129,2509,23,Hills,32,DE,Red Bull - BORA - hansgrohe,,,",,",1379,18490
3,RR,06 July 2026,Granollers,Les Angles,195.9,3940,185,41.216,Sprint of small group,Mohorič Matej,https://www.procyclingstats.com/rider/matej-mohoric,1994-10-19,1994,Slovenia,1.86,71.0,20.52,Kranj,106,finished,120,2455,75,Classic,31,SI,Bahrain - Victorious,,,",,",1379,18490
3,RR,06 July 2026,Granollers,Les Angles,195.9,3940,185,41.216,Sprint of small group,Costiou Ewen,https://www.procyclingstats.com/rider/ewen-costiou,2002-11-10,2002,France,1.76,64.0,20.66,Brest,107,finished,98,2255,184,GC,23,FR,Groupama - FDJ United,,,23:10,1390,18501
3,RR,06 July 2026,Granollers,Les Angles,195.9,3940,185,41.216,Sprint of small group,Steinhauser Georg,https://www.procyclingstats.com/rider/georg-steinhauser,2001-10-21,2001,Germany,1.89,70.0,19.6,Lindenberg im Allgäu,108,finished,82,2062,46,Climber,24,DE,EF Education - EasyPost,,,23:20,1400,18511
3,RR,06 July 2026,Granollers,Les Angles,195.9,3940,185,41.216,Sprint of small group,Guernalec Thibault,https://www.procyclingstats.com/rider/thibault-guernalec,1997-07-31,1997,France,1.85,71.0,20.75,Châteaulin,109,finished,109,2362,205,TT,28,FR,TotalEnergies,,,",,",1400,18511
3,RR,06 July 2026,Granollers,Les Angles,195.9,3940,185,41.216,Sprint of small group,Rickaert Jonas,https://www.procyclingstats.com/rider/jonas-rickaert,1994-02-07,1994,Belgium,1.9,88.0,24.38,Sint-Eloois-Vijve,110,finished,119,2444,107,Classic,32,BE,Alpecin - Premier Tech,,,23:24,1404,18515
3,RR,06 July 2026,Granollers,Les Angles,195.9,3940,185,41.216,Sprint of small group,Aranburu Alex,https://www.procyclingstats.com/rider/alex-aranburu,1995-09-19,1995,Spain,1.78,63.0,19.88,Ezkio-Itsaso,111,finished,66,1696,163,Classic,30,ES,Cofidis,,,23:29,1409,18520
3,RR,06 July 2026,Granollers,Les Angles,195.9,3940,185,41.216,Sprint of small group,Valgren Michael,https://www.procyclingstats.com/rider/michael-valgren-andersen,1992-02-07,1992,Denmark,1.79,71.0,22.16,Østerild,112,finished,121,2457,47,Classic,34,DK,EF Education - EasyPost,,,",,",1409,18520
3,RR,06 July 2026,Granollers,Les Angles,195.9,3940,185,41.216,Sprint of small group,Frigo Marco,https://www.procyclingstats.com/rider/marco-frigo,2000-03-02,2000,Italy,1.88,70.0,19.81,Bassano del Grappa,113,finished,102,2280,134,Climber,26,IT,NSN Cycling Team,,,23:36,1416,18527
3,RR,06 July 2026,Granollers,Les Angles,195.9,3940,185,41.216,Sprint of small group,Barguil Warren,https://www.procyclingstats.com/rider/warren-barguil,1991-10-28,1991,France,1.83,61.0,18.21,Hennebont,114,finished,116,2418,211,Climber,34,FR,Team Picnic PostNL,,,",,",1416,18527
3,RR,06 July 2026,Granollers,Les Angles,195.9,3940,185,41.216,Sprint of small group,Turgis Anthony,https://www.procyclingstats.com/rider/anthony-turgis,1994-05-16,1994,France,1.78,70.0,22.09,Bourg-la-Reine,115,finished,124,2480,207,Classic,32,FR,TotalEnergies,,,23:40,1420,18531
3,RR,06 July 2026,Granollers,Les Angles,195.9,3940,185,41.216,Sprint of small group,van den Broek Frank,https://www.procyclingstats.com/rider/frank-van-den-broek,2000-12-28,2000,Netherlands,1.78,70.0,22.09,Warmond,116,finished,117,2419,218,GC,25,NL,Team Picnic PostNL,,,23:46,1426,18537
3,RR,06 July 2026,Granollers,Les Angles,195.9,3940,185,41.216,Sprint of small group,Van Moer Brent,https://www.procyclingstats.com/rider/brent-van-moer,1998-01-12,1998,Belgium,1.91,79.0,21.66,Beveren,117,finished,130,2516,177,Classic,28,BE,Pinarello Q36.5 Pro Cycling Team,,,23:52,1432,18543
3,RR,06 July 2026,Granollers,Les Angles,195.9,3940,185,41.216,Sprint of small group,Craps Lars,https://www.procyclingstats.com/rider/lars-craps,2001-10-17,2001,Belgium,1.85,67.0,19.58,Aalst,118,finished,97,2252,154,GC,24,BE,Lotto Intermarché,,,",,",1432,18543
3,RR,06 July 2026,Granollers,Les Angles,195.9,3940,185,41.216,Sprint of small group,Walker Max,https://www.procyclingstats.com/rider/max-walker,2001-07-12,2001,Great Britain,,,,Douglas,119,finished,113,2395,48,TT,24,GB,EF Education - EasyPost,,,",,",1432,18543
3,RR,06 July 2026,Granollers,Les Angles,195.9,3940,185,41.216,Sprint of small group,Neilands Krists,https://www.procyclingstats.com/rider/krists-neilands,1994-08-18,1994,Latvia,1.89,69.0,19.32,Kuldīga,120,finished,118,2443,136,Classic,31,LV,NSN Cycling Team,,,",,",1432,18543
3,RR,06 July 2026,Granollers,Les Angles,195.9,3940,185,41.216,Sprint of small group,Plapp Luke,https://www.procyclingstats.com/rider/luke-plapp,2000-12-25,2000,Australia,1.81,72.0,21.98,Melbourne,121,finished,74,1889,117,GC,25,AU,Team Jayco AlUla,,,23:57,1437,18548
3,RR,06 July 2026,Granollers,Les Angles,195.9,3940,185,41.216,Sprint of small group,Thomas Benjamin,https://www.procyclingstats.com/rider/benjamin-thomas-2,1995-09-12,1995,France,1.79,68.0,21.22,Lavaur,122,finished,106,2318,168,TT,30,FR,Cofidis,,,24:13,1453,18564
3,RR,06 July 2026,Granollers,Les Angles,195.9,3940,185,41.216,Sprint of small group,Tratnik Jan,https://www.procyclingstats.com/rider/jan-tratnik,1990-02-23,1990,Slovenia,1.73,67.0,22.39,Idrija,123,finished,132,2539,26,TT,36,SI,Red Bull - BORA - hansgrohe,,,",,",1453,18564
3,RR,06 July 2026,Granollers,Les Angles,195.9,3940,185,41.216,Sprint of small group,Planckaert Edward,https://www.procyclingstats.com/rider/edward-planckaert,1995-02-01,1995,Belgium,1.78,71.0,22.41,Kortrijk,124,finished,122,2466,106,Classic,31,BE,Alpecin - Premier Tech,,,24:17,1457,18568
3,RR,06 July 2026,Granollers,Les Angles,195.9,3940,185,41.216,Sprint of small group,van der Poel Mathieu,https://www.procyclingstats.com/rider/mathieu-van-der-poel,1995-01-19,1995,Netherlands,1.84,75.0,22.15,Kapellen,125,finished,60,1547,101,Classic,31,NL,Alpecin - Premier Tech,,,",,",1457,18568
3,RR,06 July 2026,Granollers,Les Angles,195.9,3940,185,41.216,Sprint of small group,Philipsen Jasper,https://www.procyclingstats.com/rider/jasper-philipsen,1998-03-02,1998,Belgium,1.76,75.0,24.21,Mol,126,finished,136,2581,105,Sprint,28,BE,Alpecin - Premier Tech,,,",,",1457,18568
3,RR,06 July 2026,Granollers,Les Angles,195.9,3940,185,41.216,Sprint of small group,Azparren Xabier Mikel,https://www.procyclingstats.com/rider/xabier-mikel-azparren-irurzun,1999-02-25,1999,Spain,,,,San Sebastián,127,finished,125,2484,172,TT,27,ES,Pinarello Q36.5 Pro Cycling Team,,,",,",1457,18568
3,RR,06 July 2026,Granollers,Les Angles,195.9,3940,185,41.216,Sprint of small group,Hoole Daan,https://www.procyclingstats.com/rider/daan-hoole,1999-02-22,1999,Netherlands,1.98,84.0,21.43,Zuidland,128,finished,131,2537,54,TT,27,NL,Decathlon CMA CGM Team,,,24:28,1468,18579
3,RR,06 July 2026,Granollers,Les Angles,195.9,3940,185,41.216,Sprint of small group,Pedersen Mads,https://www.procyclingstats.com/rider/mads-pedersen,1995-12-18,1995,Denmark,1.8,76.0,23.46,Tølløse,129,finished,134,2570,33,Classic,30,DK,Lidl - Trek,,,",,",1468,18579
3,RR,06 July 2026,Granollers,Les Angles,195.9,3940,185,41.216,Sprint of small group,Hessmann Michel,https://www.procyclingstats.com/rider/michel-hessmann,2001-04-06,2001,Germany,1.91,78.0,21.38,Münster,130,finished,110,2364,145,Hills,25,DE,Movistar Team,,,",,",1468,18579
3,RR,06 July 2026,Granollers,Les Angles,195.9,3940,185,41.216,Sprint of small group,Nicolau Joel,https://www.procyclingstats.com/rider/joel-nicolau,1997-12-23,1997,Spain,1.76,66.0,21.31,Llofriu,131,finished,115,2401,225,Hills,28,ES,Caja Rural - Seguros RGA,,,",,",1468,18579
3,RR,06 July 2026,Granollers,Les Angles,195.9,3940,185,41.216,Sprint of small group,Girmay Biniam,https://www.procyclingstats.com/rider/biniam-girmay,2000-04-02,2000,Eritrea,1.84,70.0,20.68,Asmara,132,finished,127,2500,131,Classic,26,ER,NSN Cycling Team,,,24:30,1470,18581
3,RR,06 July 2026,Granollers,Les Angles,195.9,3940,185,41.216,Sprint of small group,Kanter Max,https://www.procyclingstats.com/rider/max-kanter,1997-10-22,1997,Germany,1.76,68.0,21.95,Cottbus,133,finished,126,2487,64,Sprint,28,DE,XDS Astana Team,,,24:40,1480,18591
3,RR,06 July 2026,Granollers,Les Angles,195.9,3940,185,41.216,Sprint of small group,Trentin Matteo,https://www.procyclingstats.com/rider/matteo-trentin,1989-08-02,1989,Italy,1.79,74.0,23.1,Borgo Valsugana,134,finished,137,2728,197,Classic,36,IT,Tudor Pro Cycling Team,,,24:49,1489,18600
3,RR,06 July 2026,Granollers,Les Angles,195.9,3940,185,41.216,Sprint of small group,Vermeersch Florian,https://www.procyclingstats.com/rider/florian-vermeersch,1999-03-12,1999,Belgium,1.93,85.0,22.82,Ghent,135,finished,133,2547,6,Classic,27,BE,UAE Team Emirates - XRG,,,25:22,1522,18633
3,RR,06 July 2026,Granollers,Les Angles,195.9,3940,185,41.216,Sprint of small group,Wærenskjold Søren,https://www.procyclingstats.com/rider/soren-waerenskjold,2000-03-12,2000,Norway,1.95,92.0,24.19,Mandal,136,finished,139,2736,128,Classic,26,NO,Uno-X Mobility,,,26:11,1571,18682
3,RR,06 July 2026,Granollers,Les Angles,195.9,3940,185,41.216,Sprint of small group,Vinokurov Nicolas,https://www.procyclingstats.com/rider/nicolas-vinokurov,2002-07-07,2002,Kazakhstan,1.84,69.0,20.38,Nice,137,finished,138,2731,68,GC,23,KZ,XDS Astana Team,,,27:00,1620,18731
3,RR,06 July 2026,Granollers,Les Angles,195.9,3940,185,41.216,Sprint of small group,Kirsch Alex,https://www.procyclingstats.com/rider/alex-kirsch,1992-06-12,1992,Luxembourg,1.94,78.0,20.72,Luxembourg,138,finished,142,2872,166,TT,34,LU,Cofidis,,,31:14,1874,18985
3,RR,06 July 2026,Granollers,Les Angles,195.9,3940,185,41.216,Sprint of small group,Veistroffer Baptiste,https://www.procyclingstats.com/rider/baptiste-veistroffer,2000-05-29,2000,France,1.82,73.0,22.04,Fouesnant,139,finished,179,3544,157,Hills,26,FR,Lotto Intermarché,,,36:27,2187,19298
3,RR,06 July 2026,Granollers,Les Angles,195.9,3940,185,41.216,Sprint of small group,Louvel Matis,https://www.procyclingstats.com/rider/matis-louvel,1999-07-19,1999,France,1.87,77.0,22.02,Mont Saint Aignan,140,finished,158,3239,135,Classic,26,FR,NSN Cycling Team,,,",,",2187,19298
3,RR,06 July 2026,Granollers,Les Angles,195.9,3940,185,41.216,Sprint of small group,Alaphilippe Julian,https://www.procyclingstats.com/rider/julian-alaphilippe,1992-06-11,1992,France,1.73,62.0,20.72,Saint-Amand-Montrond,141,finished,143,2942,191,Classic,34,FR,Tudor Pro Cycling Team,,,",,",2187,19298
3,RR,06 July 2026,Granollers,Les Angles,195.9,3940,185,41.216,Sprint of small group,Van Asbroeck Tom,https://www.procyclingstats.com/rider/tom-van-asbroeck,1990-04-19,1990,Belgium,1.82,72.0,21.74,Aalst,142,finished,156,3198,138,Sprint,36,BE,NSN Cycling Team,,,",,",2187,19298
3,RR,06 July 2026,Granollers,Les Angles,195.9,3940,185,41.216,Sprint of small group,Molenaar Alex,https://www.procyclingstats.com/rider/alex-molenaar,1999-07-13,1999,Netherlands,1.84,63.0,18.61,Rotterdam,143,finished,147,3099,224,Hills,26,NL,Caja Rural - Seguros RGA,,,",,",2187,19298
3,RR,06 July 2026,Granollers,Les Angles,195.9,3940,185,41.216,Sprint of small group,Degenkolb John,https://www.procyclingstats.com/rider/john-degenkolb,1989-01-07,1989,Germany,1.8,82.0,25.31,Gera,144,finished,152,3192,214,Classic,37,DE,Team Picnic PostNL,,,36:30,2190,19301
3,RR,06 July 2026,Granollers,Les Angles,195.9,3940,185,41.216,Sprint of small group,Riccitello Matthew,https://www.procyclingstats.com/rider/matthew-riccitello,2002-03-05,2002,United States,1.72,55.0,18.59,Tucson,145,finished,135,2575,58,Climber,24,US,Decathlon CMA CGM Team,,,",,",2190,19301
3,RR,06 July 2026,Granollers,Les Angles,195.9,3940,185,41.216,Sprint of small group,Fretin Milan,https://www.procyclingstats.com/rider/milan-fretin,2001-03-19,2001,Belgium,1.82,70.0,21.13,Genk,146,finished,163,3292,165,Classic,25,BE,Cofidis,,,",,",2190,19301
3,RR,06 July 2026,Granollers,Les Angles,195.9,3940,185,41.216,Sprint of small group,Biermans Jenthe,https://www.procyclingstats.com/rider/jenthe-biermans,1995-10-30,1995,Belgium,1.84,78.0,23.04,Geel,147,finished,161,3257,164,Classic,30,BE,Cofidis,,,",,",2190,19301
3,RR,06 July 2026,Granollers,Les Angles,195.9,3940,185,41.216,Sprint of small group,Bittner Pavel,https://www.procyclingstats.com/rider/pavel-bittner,2002-10-29,2002,Czech Republic,1.84,73.0,21.56,Olomouc,148,finished,153,3192,213,Sprint,23,CZ,Team Picnic PostNL,,,",,",2190,19301
3,RR,06 July 2026,Granollers,Les Angles,195.9,3940,185,41.216,Sprint of small group,Märkl Niklas,https://www.procyclingstats.com/rider/niklas-markl,1999-03-03,1999,Germany,1.85,70.0,20.45,Queidersbach,149,finished,148,3118,216,Sprint,27,DE,Team Picnic PostNL,,,",,",2190,19301
3,RR,06 July 2026,Granollers,Les Angles,195.9,3940,185,41.216,Sprint of small group,Bauhaus Phil,https://www.procyclingstats.com/rider/phil-bauhaus,1994-07-08,1994,Germany,1.84,75.0,22.15,Bocholt,150,finished,165,3307,72,Sprint,31,DE,Bahrain - Victorious,,,",,",2190,19301
3,RR,06 July 2026,Granollers,Les Angles,195.9,3940,185,41.216,Sprint of small group,Ackermann Pascal,https://www.procyclingstats.com/rider/pascal-ackermann,1994-01-17,1994,Germany,1.8,78.0,24.07,Kandel,151,finished,167,3321,112,Sprint,32,DE,Team Jayco AlUla,,,",,",2190,19301
3,RR,06 July 2026,Granollers,Les Angles,195.9,3940,185,41.216,Sprint of small group,van Dijke Tim,https://www.procyclingstats.com/rider/tim-van-dijke,2000-03-15,2000,Netherlands,1.89,74.0,20.72,Goes,152,finished,168,3324,27,Classic,26,NL,Red Bull - BORA - hansgrohe,,,",,",2190,19301
3,RR,06 July 2026,Granollers,Les Angles,195.9,3940,185,41.216,Sprint of small group,Gradek Kamil,https://www.procyclingstats.com/rider/kamil-gradek,1990-09-17,1990,Poland,1.94,83.0,22.05,Koziegłowy,153,finished,166,3307,74,TT,35,PL,Bahrain - Victorious,,,",,",2190,19301
3,RR,06 July 2026,Granollers,Les Angles,195.9,3940,185,41.216,Sprint of small group,Marsman Tim,https://www.procyclingstats.com/rider/tim-marsman,2000-10-04,2000,Netherlands,1.91,75.0,20.56,Hattem,154,finished,155,3197,104,Sprint,25,NL,Alpecin - Premier Tech,,,",,",2190,19301
3,RR,06 July 2026,Granollers,Les Angles,195.9,3940,185,41.216,Sprint of small group,Van Lerberghe Bert,https://www.procyclingstats.com/rider/bert-van-lerberghe,1992-09-29,1992,Belgium,1.9,83.0,22.99,Kortrijk,155,finished,173,3374,96,Classic,33,BE,Soudal Quick-Step,,,",,",2190,19301
3,RR,06 July 2026,Granollers,Les Angles,195.9,3940,185,41.216,Sprint of small group,Merlier Tim,https://www.procyclingstats.com/rider/tim-merlier,1992-10-30,1992,Belgium,1.88,76.0,21.5,Wortegem-Petegem,156,finished,164,3296,91,Sprint,33,BE,Soudal Quick-Step,,,",,",2190,19301
3,RR,06 July 2026,Granollers,Les Angles,195.9,3940,185,41.216,Sprint of small group,van den Berg Julius,https://www.procyclingstats.com/rider/julius-van-den-berg,1996-10-23,1996,Netherlands,1.9,78.0,21.61,Purmerend,157,finished,157,3215,217,Sprint,29,NL,Team Picnic PostNL,,,",,",2190,19301
3,RR,06 July 2026,Granollers,Les Angles,195.9,3940,185,41.216,Sprint of small group,Stewart Jake,https://www.procyclingstats.com/rider/jake-stewart,1999-10-02,1999,Great Britain,1.79,66.0,20.6,Coventry,158,finished,159,3246,137,Hills,26,GB,NSN Cycling Team,,,",,",2190,19301
3,RR,06 July 2026,Granollers,Les Angles,195.9,3940,185,41.216,Sprint of small group,Kooij Olav,https://www.procyclingstats.com/rider/olav-kooij,2001-10-17,2001,Netherlands,1.84,72.0,21.27,Numansdorp,159,finished,177,3534,55,Sprint,24,NL,Decathlon CMA CGM Team,,,",,",2190,19301
3,RR,06 July 2026,Granollers,Les Angles,195.9,3940,185,41.216,Sprint of small group,Biesterbos Frits,https://www.procyclingstats.com/rider/frits-biesterbos,2002-02-14,2002,Netherlands,,,,Apeldoorn,160,finished,154,3192,212,Classic,24,NL,Team Picnic PostNL,,,",,",2190,19301
3,RR,06 July 2026,Granollers,Les Angles,195.9,3940,185,41.216,Sprint of small group,Gaviria Fernando,https://www.procyclingstats.com/rider/fernando-gaviria,1994-08-19,1994,Colombia,1.81,71.0,21.67,La Ceja,161,finished,160,3252,221,Sprint,31,CO,Caja Rural - Seguros RGA,,,",,",2190,19301
3,RR,06 July 2026,Granollers,Les Angles,195.9,3940,185,41.216,Sprint of small group,Bol Cees,https://www.procyclingstats.com/rider/cees-bol,1995-07-27,1995,Netherlands,1.94,83.0,22.05,Zaandam,162,finished,180,3553,53,Sprint,30,NL,Decathlon CMA CGM Team,,,",,",2190,19301
3,RR,06 July 2026,Granollers,Les Angles,195.9,3940,185,41.216,Sprint of small group,Affini Edoardo,https://www.procyclingstats.com/rider/edoardo-affini,1996-06-24,1996,Italy,1.9,85.0,23.55,Mantua,163,finished,175,3464,12,TT,30,IT,Team Visma | Lease a Bike,,,",,",2190,19301
3,RR,06 July 2026,Granollers,Les Angles,195.9,3940,185,41.216,Sprint of small group,Allegaert Piet,https://www.procyclingstats.com/rider/piet-allegaert,1995-01-20,1995,Belgium,1.81,70.0,21.37,Moorslede,164,finished,172,3363,162,Classic,31,BE,Cofidis,,,",,",2190,19301
3,RR,06 July 2026,Granollers,Les Angles,195.9,3940,185,41.216,Sprint of small group,Hagenes Per Strand,https://www.procyclingstats.com/rider/per-strand-hagenes,2003-07-10,2003,Norway,1.86,78.0,22.55,Sandnes,165,finished,171,3359,15,Classic,22,NO,Team Visma | Lease a Bike,,,",,",2190,19301
3,RR,06 July 2026,Granollers,Les Angles,195.9,3940,185,41.216,Sprint of small group,Kwiatkowski Michał,https://www.procyclingstats.com/rider/michal-kwiatkowski,1990-06-02,1990,Poland,1.76,68.0,21.95,Chełmża,166,finished,145,3040,86,Classic,36,PL,Netcompany INEOS,,,",,",2190,19301
3,RR,06 July 2026,Granollers,Les Angles,195.9,3940,185,41.216,Sprint of small group,Artz Huub,https://www.procyclingstats.com/rider/huub-artz,2002-05-14,2002,Netherlands,1.86,71.0,20.52,Wintelre,167,finished,170,3332,152,Hills,24,NL,Lotto Intermarché,,,",,",2190,19301
3,RR,06 July 2026,Granollers,Les Angles,195.9,3940,185,41.216,Sprint of small group,Johannessen Anders Halland,https://www.procyclingstats.com/rider/anders-halland-johannessen,1999-08-23,1999,Norway,1.76,,,Drøbak,168,finished,141,2836,125,GC,26,NO,Uno-X Mobility,,,",,",2190,19301
3,RR,06 July 2026,Granollers,Les Angles,195.9,3940,185,41.216,Sprint of small group,Armirail Bruno,https://www.procyclingstats.com/rider/bruno-armirail,1994-04-11,1994,France,1.9,72.0,19.94,Bagnères-de-Bigorre,169,finished,140,2814,13,TT,32,FR,Team Visma | Lease a Bike,,,",,",2190,19301
3,RR,06 July 2026,Granollers,Les Angles,195.9,3940,185,41.216,Sprint of small group,Askey Lewis,https://www.procyclingstats.com/rider/lewis-askey,2001-05-04,2001,Great Britain,1.87,75.0,21.45,Cannock,170,finished,150,3138,132,Classic,25,GB,NSN Cycling Team,,,",,",2190,19301
3,RR,06 July 2026,Granollers,Les Angles,195.9,3940,185,41.216,Sprint of small group,Foss Tobias,https://www.procyclingstats.com/rider/tobias-foss,1997-05-25,1997,Norway,1.84,74.0,21.86,Vingrom,171,finished,100,2275,83,TT,29,NO,Netcompany INEOS,,,",,",2190,19301
3,RR,06 July 2026,Granollers,Les Angles,195.9,3940,185,41.216,Sprint of small group,Godon Dorian,https://www.procyclingstats.com/rider/dorian-godon,1996-05-25,1996,France,1.89,74.0,20.72,Vitry-sur-Seine,172,finished,149,3137,85,Hills,30,FR,Netcompany INEOS,,,",,",2190,19301
3,RR,06 July 2026,Granollers,Les Angles,195.9,3940,185,41.216,Sprint of small group,Page Hugo,https://www.procyclingstats.com/rider/hugo-page,2001-07-24,2001,France,1.85,71.0,20.75,Chartres,173,finished,162,3257,167,Classic,24,FR,Cofidis,,,",,",2190,19301
3,RR,06 July 2026,Granollers,Les Angles,195.9,3940,185,41.216,Sprint of small group,Slock Liam,https://www.procyclingstats.com/rider/liam-slock,2000-09-18,2000,Belgium,1.88,74.0,20.94,Ghent,174,finished,174,3447,155,GC,25,BE,Lotto Intermarché,,,36:42,2202,19313
3,RR,06 July 2026,Granollers,Les Angles,195.9,3940,185,41.216,Sprint of small group,Ballerini Davide,https://www.procyclingstats.com/rider/davide-ballerini,1994-09-21,1994,Italy,1.83,71.0,21.2,Cantù,175,finished,176,3494,62,Classic,31,IT,XDS Astana Team,,,37:40,2260,19371
3,RR,06 July 2026,Granollers,Les Angles,195.9,3940,185,41.216,Sprint of small group,Wright Fred,https://www.procyclingstats.com/rider/alfred-wright,1999-06-13,1999,Great Britain,1.84,75.0,22.15,London,176,finished,169,3327,178,Hills,27,GB,Pinarello Q36.5 Pro Cycling Team,,,37:41,2261,19372
3,RR,06 July 2026,Granollers,Les Angles,195.9,3940,185,41.216,Sprint of small group,Dhondt Robbe,https://www.procyclingstats.com/rider/robbe-dhondt,2004-06-25,2004,Belgium,1.76,,,Zottegem,177,finished,144,2974,215,GC,22,BE,Team Picnic PostNL,,,38:07,2287,19398
3,RR,06 July 2026,Granollers,Les Angles,195.9,3940,185,41.216,Sprint of small group,Tarling Joshua,https://www.procyclingstats.com/rider/joshua-tarling,2004-02-15,2004,Great Britain,1.94,78.0,20.72,Aberaeron,178,finished,146,3094,87,TT,22,GB,Netcompany INEOS,,,38:10,2290,19401
3,RR,06 July 2026,Granollers,Les Angles,195.9,3940,185,41.216,Sprint of small group,Ganna Filippo,https://www.procyclingstats.com/rider/filippo-ganna,1996-07-25,1996,Italy,1.93,83.0,22.28,Verbania,179,finished,151,3185,84,TT,29,IT,Netcompany INEOS,,,",,",2290,19401
3,RR,06 July 2026,Granollers,Les Angles,195.9,3940,185,41.216,Sprint of small group,Haller Marco,https://www.procyclingstats.com/rider/marco-haller,1991-04-01,1991,Austria,1.78,72.0,22.72,Sankt Veit an der Glan,180,finished,181,3570,193,Classic,35,AT,Tudor Pro Cycling Team,,,38:12,2292,19403
3,RR,06 July 2026,Granollers,Les Angles,195.9,3940,185,41.216,Sprint of small group,O'Brien Kelland,https://www.procyclingstats.com/rider/kelland-brien,1998-05-22,1998,Australia,1.92,77.0,20.89,Melbourne,181,finished,182,3657,116,Classic,28,AU,Team Jayco AlUla,,,38:31,2311,19422
3,RR,06 July 2026,Granollers,Les Angles,195.9,3940,185,41.216,Sprint of small group,de Kleijn Arvid,https://www.procyclingstats.com/rider/arvid-de-kleijn,1994-03-21,1994,Netherlands,1.71,68.0,23.26,Herveld,182,finished,178,3541,192,Sprint,32,NL,Tudor Pro Cycling Team,,,41:16,2476,19587
3,RR,06 July 2026,Granollers,Les Angles,195.9,3940,185,41.216,Sprint of small group,De Lie Arnaud,https://www.procyclingstats.com/rider/arnaud-de-lie,2002-03-16,2002,Belgium,1.82,78.0,23.55,Libramont,,DNF,,,151,Classic,24,BE,Lotto Intermarché,,,,,
4,RR,07 July 2026,Carcassonne,Foix,181.9,2784,108,43.525,Sprint of 10 riders,Pedersen Mads,https://www.procyclingstats.com/rider/mads-pedersen,1995-12-18,1995,Denmark,1.8,76.0,23.46,Tølløse,1,finished,78,2254,33,Classic,30,DK,Lidl - Trek,210.0,100.0,4:10:45,0,15045
4,RR,07 July 2026,Carcassonne,Foix,181.9,2784,108,43.525,Sprint of 10 riders,Simmons Quinn,https://www.procyclingstats.com/rider/quinn-simmons,2001-05-08,2001,United States,1.85,73.0,21.33,Durango,2,finished,36,960,34,Hills,25,US,Lidl - Trek,150.0,70.0,",,",0,15045
4,RR,07 July 2026,Carcassonne,Foix,181.9,2784,108,43.525,Sprint of 10 riders,García Pierna Raúl,https://www.procyclingstats.com/rider/raul-garcia-pierna,2001-02-23,2001,Spain,1.75,67.0,21.88,Tres Cantos,3,finished,25,694,144,Climber,25,ES,Movistar Team,110.0,50.0,",,",0,15045
4,RR,07 July 2026,Carcassonne,Foix,181.9,2784,108,43.525,Sprint of 10 riders,Frigo Marco,https://www.procyclingstats.com/rider/marco-frigo,2000-03-02,2000,Italy,1.88,70.0,19.81,Bassano del Grappa,4,finished,63,1974,134,Climber,26,IT,NSN Cycling Team,90.0,40.0,",,",0,15045
4,RR,07 July 2026,Carcassonne,Foix,181.9,2784,108,43.525,Sprint of 10 riders,Debruyne Ramses,https://www.procyclingstats.com/rider/ramses-debruyne,2002-08-31,2002,Belgium,1.79,66.0,20.6,Rollegem,5,finished,6,486,102,Climber,23,BE,Alpecin - Premier Tech,70.0,32.0,",,",0,15045
4,RR,07 July 2026,Carcassonne,Foix,181.9,2784,108,43.525,Sprint of 10 riders,Vauquelin Kévin,https://www.procyclingstats.com/rider/kevin-vauquelin,2001-04-26,2001,France,1.76,69.0,22.28,Bayeux,6,finished,37,999,88,GC,25,FR,Netcompany INEOS,55.0,26.0,",,",0,15045
4,RR,07 July 2026,Carcassonne,Foix,181.9,2784,108,43.525,Sprint of 10 riders,Quinn Sean,https://www.procyclingstats.com/rider/sean-quinn,2000-05-10,2000,United States,1.87,67.0,19.16,Los Angeles,7,finished,2,28,45,GC,26,US,EF Education - EasyPost,45.0,22.0,",,",0,15045
4,RR,07 July 2026,Carcassonne,Foix,181.9,2784,108,43.525,Sprint of 10 riders,Træen Torstein,https://www.procyclingstats.com/rider/torstein-traeen,1995-07-16,1995,Norway,1.81,63.0,19.23,Hønefoss,8,finished,1,0,127,GC,30,NO,Uno-X Mobility,40.0,18.0,",,",0,15045
4,RR,07 July 2026,Carcassonne,Foix,181.9,2784,108,43.525,Sprint of 10 riders,Castrillo Pablo,https://www.procyclingstats.com/rider/pablo-castrillo-zapater,2001-01-02,2001,Spain,1.83,74.0,22.1,Jaca,9,finished,24,682,142,Climber,25,ES,Movistar Team,35.0,14.0,",,",0,15045
4,RR,07 July 2026,Carcassonne,Foix,181.9,2784,108,43.525,Sprint of 10 riders,Vacek Mathias,https://www.procyclingstats.com/rider/mathias-vacek,2002-06-12,2002,Czech Republic,1.88,75.0,21.22,Beroun,10,finished,3,230,37,TT,24,CZ,Lidl - Trek,30.0,10.0,",,",0,15045
4,RR,07 July 2026,Carcassonne,Foix,181.9,2784,108,43.525,Sprint of 10 riders,Matthews Michael,https://www.procyclingstats.com/rider/michael-matthews,1990-09-26,1990,Australia,1.78,72.0,22.72,Canberra,11,finished,58,1810,115,Classic,35,AU,Team Jayco AlUla,25.0,8.0,2:27,147,15192
4,RR,07 July 2026,Carcassonne,Foix,181.9,2784,108,43.525,Sprint of 10 riders,Delettre Alexandre,https://www.procyclingstats.com/rider/alexandre-delettre,1997-10-25,1997,France,1.7,62.0,21.45,Gonesse,12,finished,62,1973,204,Classic,28,FR,TotalEnergies,20.0,6.0,",,",147,15192
4,RR,07 July 2026,Carcassonne,Foix,181.9,2784,108,43.525,Sprint of 10 riders,Van Mechelen Vlad,https://www.procyclingstats.com/rider/vlad-van-mechelen,2004-06-02,2004,Belgium,1.83,73.0,21.8,Leuven,13,finished,55,1732,78,Sprint,22,BE,Bahrain - Victorious,15.0,4.0,",,",147,15192
4,RR,07 July 2026,Carcassonne,Foix,181.9,2784,108,43.525,Sprint of 10 riders,Stuyven Jasper,https://www.procyclingstats.com/rider/jasper-stuyven,1992-04-17,1992,Belgium,1.87,80.0,22.88,Leuven,14,finished,66,2075,94,Classic,34,BE,Soudal Quick-Step,10.0,2.0,",,",147,15192
4,RR,07 July 2026,Carcassonne,Foix,181.9,2784,108,43.525,Sprint of 10 riders,Molenaar Alex,https://www.procyclingstats.com/rider/alex-molenaar,1999-07-13,1999,Netherlands,1.84,63.0,18.61,Rotterdam,15,finished,124,2940,224,Hills,26,NL,Caja Rural - Seguros RGA,5.0,1.0,",,",147,15192
4,RR,07 July 2026,Carcassonne,Foix,181.9,2784,108,43.525,Sprint of 10 riders,van den Broek Frank,https://www.procyclingstats.com/rider/frank-van-den-broek,2000-12-28,2000,Netherlands,1.78,70.0,22.09,Warmond,16,finished,79,2260,218,GC,25,NL,Team Picnic PostNL,,,",,",147,15192
4,RR,07 July 2026,Carcassonne,Foix,181.9,2784,108,43.525,Sprint of 10 riders,Zimmermann Georg,https://www.procyclingstats.com/rider/georg-zimmermann,1997-10-11,1997,Germany,1.81,70.0,21.37,Augsburg,17,finished,59,1877,158,Classic,28,DE,Lotto Intermarché,,,",,",147,15192
4,RR,07 July 2026,Carcassonne,Foix,181.9,2784,108,43.525,Sprint of 10 riders,Hermans Quinten,https://www.procyclingstats.com/rider/quinten-hermans,1995-07-29,1995,Belgium,1.74,62.0,20.48,Antwerp,18,finished,44,1180,174,Hills,30,BE,Pinarello Q36.5 Pro Cycling Team,,,",,",147,15192
4,RR,07 July 2026,Carcassonne,Foix,181.9,2784,108,43.525,Sprint of 10 riders,Nicolau Joel,https://www.procyclingstats.com/rider/joel-nicolau,1997-12-23,1997,Spain,1.76,66.0,21.31,Llofriu,19,finished,76,2242,225,Hills,28,ES,Caja Rural - Seguros RGA,,,",,",147,15192
4,RR,07 July 2026,Carcassonne,Foix,181.9,2784,108,43.525,Sprint of 10 riders,Izagirre Ion,https://www.procyclingstats.com/rider/ion-izagirre,1989-02-04,1989,Spain,1.73,60.0,20.05,Ormaiztegi,20,finished,31,808,161,GC,37,ES,Cofidis,,,",,",147,15192
4,RR,07 July 2026,Carcassonne,Foix,181.9,2784,108,43.525,Sprint of 10 riders,Denz Nico,https://www.procyclingstats.com/rider/nico-denz,1994-02-15,1994,Germany,1.83,71.0,21.2,Waldshut-Tiengen,21,finished,83,2350,23,Hills,32,DE,Red Bull - BORA - hansgrohe,,,",,",147,15192
4,RR,07 July 2026,Carcassonne,Foix,181.9,2784,108,43.525,Sprint of 10 riders,Grégoire Romain,https://www.procyclingstats.com/rider/romain-gregoire,2003-01-21,2003,France,1.76,64.0,20.66,Besançon,22,finished,41,1107,181,Classic,23,FR,Groupama - FDJ United,,,",,",147,15192
4,RR,07 July 2026,Carcassonne,Foix,181.9,2784,108,43.525,Sprint of 10 riders,Eenkhoorn Pascal,https://www.procyclingstats.com/rider/pascal-eenkhoorn,1997-02-08,1997,Netherlands,1.85,72.0,21.04,Zwolle,23,finished,74,2224,92,Classic,29,NL,Soudal Quick-Step,,,7:54,474,15519
4,RR,07 July 2026,Carcassonne,Foix,181.9,2784,108,43.525,Sprint of 10 riders,Kirsch Alex,https://www.procyclingstats.com/rider/alex-kirsch,1992-06-12,1992,Luxembourg,1.94,78.0,20.72,Luxembourg,24,finished,130,3040,166,TT,34,LU,Cofidis,,,",,",474,15519
4,RR,07 July 2026,Carcassonne,Foix,181.9,2784,108,43.525,Sprint of 10 riders,Van Moer Brent,https://www.procyclingstats.com/rider/brent-van-moer,1998-01-12,1998,Belgium,1.91,79.0,21.66,Beveren,25,finished,102,2688,177,Classic,28,BE,Pinarello Q36.5 Pro Cycling Team,,,7:58,478,15523
4,RR,07 July 2026,Carcassonne,Foix,181.9,2784,108,43.525,Sprint of 10 riders,Tratnik Jan,https://www.procyclingstats.com/rider/jan-tratnik,1990-02-23,1990,Slovenia,1.73,67.0,22.39,Idrija,26,finished,103,2711,26,TT,36,SI,Red Bull - BORA - hansgrohe,,,",,",478,15523
4,RR,07 July 2026,Carcassonne,Foix,181.9,2784,108,43.525,Sprint of 10 riders,Valgren Michael,https://www.procyclingstats.com/rider/michael-valgren-andersen,1992-02-07,1992,Denmark,1.79,71.0,22.16,Østerild,27,finished,95,2629,47,Classic,34,DK,EF Education - EasyPost,,,",,",478,15523
4,RR,07 July 2026,Carcassonne,Foix,181.9,2784,108,43.525,Sprint of 10 riders,Planckaert Edward,https://www.procyclingstats.com/rider/edward-planckaert,1995-02-01,1995,Belgium,1.78,71.0,22.41,Kortrijk,28,finished,97,2638,106,Classic,31,BE,Alpecin - Premier Tech,,,",,",478,15523
4,RR,07 July 2026,Carcassonne,Foix,181.9,2784,108,43.525,Sprint of 10 riders,Costiou Ewen,https://www.procyclingstats.com/rider/ewen-costiou,2002-11-10,2002,France,1.76,64.0,20.66,Brest,29,finished,87,2427,184,GC,23,FR,Groupama - FDJ United,,,",,",478,15523
4,RR,07 July 2026,Carcassonne,Foix,181.9,2784,108,43.525,Sprint of 10 riders,Yates Adam,https://www.procyclingstats.com/rider/adam-yates,1992-08-07,1992,Great Britain,1.73,58.0,19.38,Bury,30,finished,33,833,8,Climber,33,GB,UAE Team Emirates - XRG,,,12:59,779,15824
4,RR,07 July 2026,Carcassonne,Foix,181.9,2784,108,43.525,Sprint of 10 riders,Großschartner Felix,https://www.procyclingstats.com/rider/felix-grossschartner,1993-12-23,1993,Austria,1.84,64.0,18.9,Wels,31,finished,54,1681,3,GC,32,AT,UAE Team Emirates - XRG,,,",,",779,15824
4,RR,07 July 2026,Carcassonne,Foix,181.9,2784,108,43.525,Sprint of 10 riders,McNulty Brandon,https://www.procyclingstats.com/rider/brandon-mcnulty,1998-04-02,1998,United States,1.83,69.0,20.6,Phoenix,32,finished,39,1068,4,GC,28,US,UAE Team Emirates - XRG,,,",,",779,15824
4,RR,07 July 2026,Carcassonne,Foix,181.9,2784,108,43.525,Sprint of 10 riders,Pogačar Tadej,https://www.procyclingstats.com/rider/tadej-pogacar,1998-09-21,1998,Slovenia,1.76,66.0,21.31,Klanec,33,finished,4,473,1,Climber,27,SI,UAE Team Emirates - XRG,,,",,",779,15824
4,RR,07 July 2026,Carcassonne,Foix,181.9,2784,108,43.525,Sprint of 10 riders,del Toro Isaac,https://www.procyclingstats.com/rider/isaac-del-toro,2003-11-27,2003,Mexico,1.8,64.0,19.75,Ensenada,34,finished,8,497,2,Climber,22,MX,UAE Team Emirates - XRG,,,",,",779,15824
4,RR,07 July 2026,Carcassonne,Foix,181.9,2784,108,43.525,Sprint of 10 riders,Skujiņš Toms,https://www.procyclingstats.com/rider/toms-skujins,1991-06-15,1991,Latvia,1.81,72.0,21.98,Sigulda,35,finished,84,2361,36,Classic,35,LV,Lidl - Trek,,,",,",779,15824
4,RR,07 July 2026,Carcassonne,Foix,181.9,2784,108,43.525,Sprint of 10 riders,Gee-West Derek,https://www.procyclingstats.com/rider/derek-gee,1997-08-03,1997,Canada,1.89,72.0,20.16,Ottawa,36,finished,56,1746,32,Climber,28,CA,Lidl - Trek,,,",,",779,15824
4,RR,07 July 2026,Carcassonne,Foix,181.9,2784,108,43.525,Sprint of 10 riders,Verona Carlos,https://www.procyclingstats.com/rider/carlos-verona,1992-11-04,1992,Spain,1.86,68.0,19.66,San Lorenzo de El Escorial,37,finished,53,1674,38,GC,33,ES,Lidl - Trek,,,",,",779,15824
4,RR,07 July 2026,Carcassonne,Foix,181.9,2784,108,43.525,Sprint of 10 riders,Ayuso Juan,https://www.procyclingstats.com/rider/juan-ayuso-pesquera,2002-09-16,2002,Spain,1.83,65.0,19.41,Barcelona,38,finished,9,500,31,Climber,23,ES,Lidl - Trek,,,",,",779,15824
4,RR,07 July 2026,Carcassonne,Foix,181.9,2784,108,43.525,Sprint of 10 riders,Skjelmose Mattias,https://www.procyclingstats.com/rider/mattias-skjelmose-jensen,2000-09-26,2000,Denmark,1.8,65.0,20.06,Copenhagen,39,finished,18,583,35,Climber,25,DK,Lidl - Trek,,,",,",779,15824
4,RR,07 July 2026,Carcassonne,Foix,181.9,2784,108,43.525,Sprint of 10 riders,Hagenes Per Strand,https://www.procyclingstats.com/rider/per-strand-hagenes,2003-07-10,2003,Norway,1.86,78.0,22.55,Sandnes,40,finished,154,3832,15,Classic,22,NO,Team Visma | Lease a Bike,,,",,",779,15824
4,RR,07 July 2026,Carcassonne,Foix,181.9,2784,108,43.525,Sprint of 10 riders,Affini Edoardo,https://www.procyclingstats.com/rider/edoardo-affini,1996-06-24,1996,Italy,1.9,85.0,23.55,Mantua,41,finished,156,3937,12,TT,30,IT,Team Visma | Lease a Bike,,,",,",779,15824
4,RR,07 July 2026,Carcassonne,Foix,181.9,2784,108,43.525,Sprint of 10 riders,Jorgenson Matteo,https://www.procyclingstats.com/rider/matteo-jorgenson,1999-07-01,1999,United States,1.9,69.0,19.11,Walnut Creek,42,finished,43,1152,16,GC,27,US,Team Visma | Lease a Bike,,,",,",779,15824
4,RR,07 July 2026,Carcassonne,Foix,181.9,2784,108,43.525,Sprint of 10 riders,Vingegaard Jonas,https://www.procyclingstats.com/rider/jonas-vingegaard,1996-12-10,1996,Denmark,1.75,58.0,18.94,Hillerslev,43,finished,5,473,11,GC,29,DK,Team Visma | Lease a Bike,,,",,",779,15824
4,RR,07 July 2026,Carcassonne,Foix,181.9,2784,108,43.525,Sprint of 10 riders,Piganzoli Davide,https://www.procyclingstats.com/rider/davide-piganzoli,2002-07-08,2002,Italy,1.74,61.0,20.15,Morbegno,44,finished,19,608,18,GC,23,IT,Team Visma | Lease a Bike,,,",,",779,15824
4,RR,07 July 2026,Carcassonne,Foix,181.9,2784,108,43.525,Sprint of 10 riders,Campenaerts Victor,https://www.procyclingstats.com/rider/victor-campenaerts,1991-10-28,1991,Belgium,1.73,68.0,22.72,Hoboken,45,finished,75,2228,14,TT,34,BE,Team Visma | Lease a Bike,,,",,",779,15824
4,RR,07 July 2026,Carcassonne,Foix,181.9,2784,108,43.525,Sprint of 10 riders,Kuss Sepp,https://www.procyclingstats.com/rider/sepp-kuss,1994-09-13,1994,United States,1.82,61.0,18.42,Durango,46,finished,38,1057,17,Climber,31,US,Team Visma | Lease a Bike,,,",,",779,15824
4,RR,07 July 2026,Carcassonne,Foix,181.9,2784,108,43.525,Sprint of 10 riders,Armirail Bruno,https://www.procyclingstats.com/rider/bruno-armirail,1994-04-11,1994,France,1.9,72.0,19.94,Bagnères-de-Bigorre,47,finished,133,3287,13,TT,32,FR,Team Visma | Lease a Bike,,,",,",779,15824
4,RR,07 July 2026,Carcassonne,Foix,181.9,2784,108,43.525,Sprint of 10 riders,Wellens Tim,https://www.procyclingstats.com/rider/tim-wellens,1991-05-10,1991,Belgium,1.82,71.0,21.43,Sint-Truiden,48,finished,92,2605,7,GC,35,BE,UAE Team Emirates - XRG,,,",,",779,15824
4,RR,07 July 2026,Carcassonne,Foix,181.9,2784,108,43.525,Sprint of 10 riders,Hoole Daan,https://www.procyclingstats.com/rider/daan-hoole,1999-02-22,1999,Netherlands,1.98,84.0,21.43,Zuidland,49,finished,129,3010,54,TT,27,NL,Decathlon CMA CGM Team,,,",,",779,15824
4,RR,07 July 2026,Carcassonne,Foix,181.9,2784,108,43.525,Sprint of 10 riders,Seixas Paul,https://www.procyclingstats.com/rider/paul-seixas,2006-09-24,2006,France,1.86,64.0,18.5,Lyon,50,finished,10,521,51,Climber,19,FR,Decathlon CMA CGM Team,,,",,",779,15824
4,RR,07 July 2026,Carcassonne,Foix,181.9,2784,108,43.525,Sprint of 10 riders,Paret-Peintre Aurélien,https://www.procyclingstats.com/rider/aurelien-paret-peintre,1996-02-27,1996,France,1.84,64.0,18.9,Annemasse,51,finished,48,1461,56,GC,30,FR,Decathlon CMA CGM Team,,,",,",779,15824
4,RR,07 July 2026,Carcassonne,Foix,181.9,2784,108,43.525,Sprint of 10 riders,Benoot Tiesj,https://www.procyclingstats.com/rider/tiesj-benoot,1994-03-11,1994,Belgium,1.9,72.0,19.94,Ghent,52,finished,32,818,52,Classic,32,BE,Decathlon CMA CGM Team,,,",,",779,15824
4,RR,07 July 2026,Carcassonne,Foix,181.9,2784,108,43.525,Sprint of 10 riders,Riccitello Matthew,https://www.procyclingstats.com/rider/matthew-riccitello,2002-03-05,2002,United States,1.72,55.0,18.59,Tucson,53,finished,131,3048,58,Climber,24,US,Decathlon CMA CGM Team,,,",,",779,15824
4,RR,07 July 2026,Carcassonne,Foix,181.9,2784,108,43.525,Sprint of 10 riders,Prodhomme Nicolas,https://www.procyclingstats.com/rider/nicolas-prodhomme,1997-02-01,1997,France,1.74,63.0,20.81,L'Aigle,54,finished,46,1439,57,GC,29,FR,Decathlon CMA CGM Team,,,",,",779,15824
4,RR,07 July 2026,Carcassonne,Foix,181.9,2784,108,43.525,Sprint of 10 riders,Hindley Jai,https://www.procyclingstats.com/rider/jai-hindley,1996-05-05,1996,Australia,1.75,60.0,19.59,Perth,55,finished,34,834,24,Climber,30,AU,Red Bull - BORA - hansgrohe,,,",,",779,15824
4,RR,07 July 2026,Carcassonne,Foix,181.9,2784,108,43.525,Sprint of 10 riders,van Dijke Tim,https://www.procyclingstats.com/rider/tim-van-dijke,2000-03-15,2000,Netherlands,1.89,74.0,20.72,Goes,56,finished,152,3797,27,Classic,26,NL,Red Bull - BORA - hansgrohe,,,",,",779,15824
4,RR,07 July 2026,Carcassonne,Foix,181.9,2784,108,43.525,Sprint of 10 riders,Evenepoel Remco,https://www.procyclingstats.com/rider/remco-evenepoel,2000-01-25,2000,Belgium,1.71,63.0,21.55,Aalst,57,finished,7,496,21,Climber,26,BE,Red Bull - BORA - hansgrohe,,,",,",779,15824
4,RR,07 July 2026,Carcassonne,Foix,181.9,2784,108,43.525,Sprint of 10 riders,Van Gils Maxim,https://www.procyclingstats.com/rider/maxim-van-gils,1999-11-25,1999,Belgium,1.74,63.0,20.81,Brasschaat,58,finished,45,1420,28,Classic,26,BE,Red Bull - BORA - hansgrohe,,,",,",779,15824
4,RR,07 July 2026,Carcassonne,Foix,181.9,2784,108,43.525,Sprint of 10 riders,Cattaneo Mattia,https://www.procyclingstats.com/rider/mattia-cattaneo,1990-10-25,1990,Italy,1.84,67.0,19.79,Alzano Lombardo,59,finished,72,2204,22,TT,35,IT,Red Bull - BORA - hansgrohe,,,",,",779,15824
4,RR,07 July 2026,Carcassonne,Foix,181.9,2784,108,43.525,Sprint of 10 riders,Lipowitz Florian,https://www.procyclingstats.com/rider/florian-lipowitz,2000-09-21,2000,Germany,1.81,68.0,20.76,Laichingen,60,finished,11,526,25,GC,25,DE,Red Bull - BORA - hansgrohe,,,",,",779,15824
4,RR,07 July 2026,Carcassonne,Foix,181.9,2784,108,43.525,Sprint of 10 riders,Healy Ben,https://www.procyclingstats.com/rider/ben-healy,2000-09-11,2000,Ireland,1.75,62.0,20.24,Kingswinford Previous nationalities Great Britain until 2016,61,finished,100,2664,44,Climber,25,IE,EF Education - EasyPost,,,",,",779,15824
4,RR,07 July 2026,Carcassonne,Foix,181.9,2784,108,43.525,Sprint of 10 riders,Carapaz Richard,https://www.procyclingstats.com/rider/richard-carapaz,1993-05-29,1993,Ecuador,1.7,62.0,21.45,El Carmelo,62,finished,16,578,41,Climber,33,EC,EF Education - EasyPost,,,",,",779,15824
4,RR,07 July 2026,Carcassonne,Foix,181.9,2784,108,43.525,Sprint of 10 riders,Baudin Alex,https://www.procyclingstats.com/rider/alex-baudin,2001-05-25,2001,France,1.83,64.0,19.11,Albertville,63,finished,30,792,43,Climber,25,FR,EF Education - EasyPost,,,",,",779,15824
4,RR,07 July 2026,Carcassonne,Foix,181.9,2784,108,43.525,Sprint of 10 riders,Walker Max,https://www.procyclingstats.com/rider/max-walker,2001-07-12,2001,Great Britain,,,,Douglas,64,finished,118,2868,48,TT,24,GB,EF Education - EasyPost,,,",,",779,15824
4,RR,07 July 2026,Carcassonne,Foix,181.9,2784,108,43.525,Sprint of 10 riders,Asgreen Kasper,https://www.procyclingstats.com/rider/kasper-asgreen,1995-02-08,1995,Denmark,1.93,75.0,20.13,Kolding,65,finished,73,2211,42,TT,31,DK,EF Education - EasyPost,,,",,",779,15824
4,RR,07 July 2026,Carcassonne,Foix,181.9,2784,108,43.525,Sprint of 10 riders,Mohorič Matej,https://www.procyclingstats.com/rider/matej-mohoric,1994-10-19,1994,Slovenia,1.86,71.0,20.52,Kranj,66,finished,123,2928,75,Classic,31,SI,Bahrain - Victorious,,,",,",779,15824
4,RR,07 July 2026,Carcassonne,Foix,181.9,2784,108,43.525,Sprint of 10 riders,Caruso Damiano,https://www.procyclingstats.com/rider/damiano-caruso,1987-10-12,1987,Italy,1.79,67.0,20.91,Ragusa,67,finished,69,2150,73,GC,38,IT,Bahrain - Victorious,,,",,",779,15824
4,RR,07 July 2026,Carcassonne,Foix,181.9,2784,108,43.525,Sprint of 10 riders,Tiberi Antonio,https://www.procyclingstats.com/rider/antonio-tiberi,2001-06-24,2001,Italy,1.82,62.0,18.72,Frosinone,68,finished,35,910,77,GC,25,IT,Bahrain - Victorious,,,",,",779,15824
4,RR,07 July 2026,Carcassonne,Foix,181.9,2784,108,43.525,Sprint of 10 riders,Martinez Lenny,https://www.procyclingstats.com/rider/lenny-martinez,2003-07-11,2003,France,1.68,52.0,18.42,Cannes,69,finished,12,542,71,Climber,22,FR,Bahrain - Victorious,,,",,",779,15824
4,RR,07 July 2026,Carcassonne,Foix,181.9,2784,108,43.525,Sprint of 10 riders,Johannessen Tobias Halland,https://www.procyclingstats.com/rider/tobias-halland-johannessen,1999-08-23,1999,Norway,1.76,62.0,20.02,Drøbak,70,finished,13,544,121,Climber,26,NO,Uno-X Mobility,,,",,",779,15824
4,RR,07 July 2026,Carcassonne,Foix,181.9,2784,108,43.525,Sprint of 10 riders,Skaarseth Anders,https://www.procyclingstats.com/rider/anders-skaarseth,1995-05-07,1995,Norway,1.86,,,Lillehammer,71,finished,47,1443,126,Classic,31,NO,Uno-X Mobility,,,",,",779,15824
4,RR,07 July 2026,Carcassonne,Foix,181.9,2784,108,43.525,Sprint of 10 riders,Abrahamsen Jonas,https://www.procyclingstats.com/rider/jonas-abrahamsen,1995-09-20,1995,Norway,1.83,78.0,23.29,Skien,72,finished,104,2722,122,Classic,30,NO,Uno-X Mobility,,,",,",779,15824
4,RR,07 July 2026,Carcassonne,Foix,181.9,2784,108,43.525,Sprint of 10 riders,Charmig Anthon,https://www.procyclingstats.com/rider/anthon-charmig,1998-03-25,1998,Denmark,1.82,66.0,19.93,Aarhus,73,finished,117,2861,123,GC,28,DK,Uno-X Mobility,,,",,",779,15824
4,RR,07 July 2026,Carcassonne,Foix,181.9,2784,108,43.525,Sprint of 10 riders,Cort Magnus,https://www.procyclingstats.com/rider/magnus-cort-nielsen,1993-01-16,1993,Denmark,1.84,68.0,20.09,Rønne,74,finished,91,2602,124,Hills,33,DK,Uno-X Mobility,,,",,",779,15824
4,RR,07 July 2026,Carcassonne,Foix,181.9,2784,108,43.525,Sprint of 10 riders,Johannessen Anders Halland,https://www.procyclingstats.com/rider/anders-halland-johannessen,1999-08-23,1999,Norway,1.76,,,Drøbak,75,finished,135,3309,125,GC,26,NO,Uno-X Mobility,,,",,",779,15824
4,RR,07 July 2026,Carcassonne,Foix,181.9,2784,108,43.525,Sprint of 10 riders,Azparren Xabier Mikel,https://www.procyclingstats.com/rider/xabier-mikel-azparren-irurzun,1999-02-25,1999,Spain,,,,San Sebastián,76,finished,127,2957,172,TT,27,ES,Pinarello Q36.5 Pro Cycling Team,,,",,",779,15824
4,RR,07 July 2026,Carcassonne,Foix,181.9,2784,108,43.525,Sprint of 10 riders,Meurisse Xandro,https://www.procyclingstats.com/rider/xandro-meurisse,1992-01-31,1992,Belgium,1.81,68.0,20.76,Kortrijk,77,finished,71,2168,176,GC,34,BE,Pinarello Q36.5 Pro Cycling Team,,,",,",779,15824
4,RR,07 July 2026,Carcassonne,Foix,181.9,2784,108,43.525,Sprint of 10 riders,Wright Fred,https://www.procyclingstats.com/rider/alfred-wright,1999-06-13,1999,Great Britain,1.84,75.0,22.15,London,78,finished,153,3800,178,Hills,27,GB,Pinarello Q36.5 Pro Cycling Team,,,",,",779,15824
4,RR,07 July 2026,Carcassonne,Foix,181.9,2784,108,43.525,Sprint of 10 riders,Pidcock Tom,https://www.procyclingstats.com/rider/tom-pidcock,1999-07-30,1999,Great Britain,1.7,58.0,20.07,Leeds,79,finished,15,555,171,Classic,26,GB,Pinarello Q36.5 Pro Cycling Team,,,",,",779,15824
4,RR,07 July 2026,Carcassonne,Foix,181.9,2784,108,43.525,Sprint of 10 riders,Le Berre Mathis,https://www.procyclingstats.com/rider/mathis-le-berre,2001-04-16,2001,France,1.76,68.0,21.95,Saint-Brieuc,80,finished,89,2549,206,Hills,25,FR,TotalEnergies,,,",,",779,15824
4,RR,07 July 2026,Carcassonne,Foix,181.9,2784,108,43.525,Sprint of 10 riders,Harper Chris,https://www.procyclingstats.com/rider/chris-harper,1994-11-23,1994,Australia,1.85,67.0,19.58,Melbourne,81,finished,49,1467,173,GC,31,AU,Pinarello Q36.5 Pro Cycling Team,,,",,",779,15824
4,RR,07 July 2026,Carcassonne,Foix,181.9,2784,108,43.525,Sprint of 10 riders,Alaphilippe Julian,https://www.procyclingstats.com/rider/julian-alaphilippe,1992-06-11,1992,France,1.73,62.0,20.72,Saint-Amand-Montrond,82,finished,138,3415,191,Classic,34,FR,Tudor Pro Cycling Team,,,",,",779,15824
4,RR,07 July 2026,Carcassonne,Foix,181.9,2784,108,43.525,Sprint of 10 riders,Voisard Yannis,https://www.procyclingstats.com/rider/yannis-voisard,1998-07-26,1998,Switzerland,,56.0,,Fontenais,83,finished,26,703,198,GC,27,CH,Tudor Pro Cycling Team,,,",,",779,15824
4,RR,07 July 2026,Carcassonne,Foix,181.9,2784,108,43.525,Sprint of 10 riders,Oliveira Nelson,https://www.procyclingstats.com/rider/nelson-oliveira,1989-03-06,1989,Portugal,1.8,67.0,20.68,Anadia,84,finished,68,2114,146,TT,37,PT,Movistar Team,,,",,",779,15824
4,RR,07 July 2026,Carcassonne,Foix,181.9,2784,108,43.525,Sprint of 10 riders,Pluimers Rick,https://www.procyclingstats.com/rider/rick-pluimers,2000-12-07,2000,Netherlands,1.8,67.0,20.68,Enter,85,finished,98,2649,195,Hills,25,NL,Tudor Pro Cycling Team,,,",,",779,15824
4,RR,07 July 2026,Carcassonne,Foix,181.9,2784,108,43.525,Sprint of 10 riders,Uijtdebroeks Cian,https://www.procyclingstats.com/rider/cian-uijtdebroeks,2003-02-28,2003,Belgium,1.85,68.0,19.87,Abolens,86,finished,23,677,141,GC,23,BE,Movistar Team,,,",,",779,15824
4,RR,07 July 2026,Carcassonne,Foix,181.9,2784,108,43.525,Sprint of 10 riders,Cepeda Jefferson Alveiro,https://www.procyclingstats.com/rider/jefferson-cepeda-hernandez,1996-03-02,1996,Ecuador,1.7,61.0,21.11,El Playón,87,finished,94,2619,143,GC,30,EC,Movistar Team,,,",,",779,15824
4,RR,07 July 2026,Carcassonne,Foix,181.9,2784,108,43.525,Sprint of 10 riders,Arensman Thymen,https://www.procyclingstats.com/rider/thymen-arensman,1999-12-04,1999,Netherlands,1.9,68.0,18.84,Deil,88,finished,20,612,82,GC,26,NL,Netcompany INEOS,,,",,",779,15824
4,RR,07 July 2026,Carcassonne,Foix,181.9,2784,108,43.525,Sprint of 10 riders,Kwiatkowski Michał,https://www.procyclingstats.com/rider/michal-kwiatkowski,1990-06-02,1990,Poland,1.76,68.0,21.95,Chełmża,89,finished,141,3513,86,Classic,36,PL,Netcompany INEOS,,,",,",779,15824
4,RR,07 July 2026,Carcassonne,Foix,181.9,2784,108,43.525,Sprint of 10 riders,Bernal Egan,https://www.procyclingstats.com/rider/egan-bernal,1997-01-13,1997,Colombia,1.75,60.0,19.59,Bogotá,90,finished,27,728,81,GC,29,CO,Netcompany INEOS,,,",,",779,15824
4,RR,07 July 2026,Carcassonne,Foix,181.9,2784,108,43.525,Sprint of 10 riders,Jegat Jordan,https://www.procyclingstats.com/rider/jordan-jegat,1999-06-07,1999,France,1.76,59.0,19.05,Vannes,91,finished,21,621,201,Climber,27,FR,TotalEnergies,,,",,",779,15824
4,RR,07 July 2026,Carcassonne,Foix,181.9,2784,108,43.525,Sprint of 10 riders,Van Wilder Ilan,https://www.procyclingstats.com/rider/ilan-van-wilder,2000-05-14,2000,Belgium,1.71,64.0,21.89,Jette,92,finished,14,550,97,GC,26,BE,Soudal Quick-Step,,,",,",779,15824
4,RR,07 July 2026,Carcassonne,Foix,181.9,2784,108,43.525,Sprint of 10 riders,Foss Tobias,https://www.procyclingstats.com/rider/tobias-foss,1997-05-25,1997,Norway,1.84,74.0,21.86,Vingrom,93,finished,107,2748,83,TT,29,NO,Netcompany INEOS,,,",,",779,15824
4,RR,07 July 2026,Carcassonne,Foix,181.9,2784,108,43.525,Sprint of 10 riders,Vervaeke Louis,https://www.procyclingstats.com/rider/louis-vervaeke,1993-10-06,1993,Belgium,1.81,68.0,20.76,Ronse,94,finished,96,2632,98,GC,32,BE,Soudal Quick-Step,,,",,",779,15824
4,RR,07 July 2026,Carcassonne,Foix,181.9,2784,108,43.525,Sprint of 10 riders,O'Connor Ben,https://www.procyclingstats.com/rider/ben-o-connor,1995-11-25,1995,Australia,1.88,67.0,18.96,Subiaco,95,finished,80,2303,111,GC,30,AU,Team Jayco AlUla,,,",,",779,15824
4,RR,07 July 2026,Carcassonne,Foix,181.9,2784,108,43.525,Sprint of 10 riders,Paret-Peintre Valentin,https://www.procyclingstats.com/rider/valentin-paret-peintre,2001-01-14,2001,France,1.78,52.0,16.41,Annemasse,96,finished,52,1551,93,Climber,25,FR,Soudal Quick-Step,,,",,",779,15824
4,RR,07 July 2026,Carcassonne,Foix,181.9,2784,108,43.525,Sprint of 10 riders,Russo Clément,https://www.procyclingstats.com/rider/clement-russo,1995-01-20,1995,France,1.87,74.0,21.16,Lyon,97,finished,111,2779,188,Classic,31,FR,Groupama - FDJ United,,,",,",779,15824
4,RR,07 July 2026,Carcassonne,Foix,181.9,2784,108,43.525,Sprint of 10 riders,Gate Aaron,https://www.procyclingstats.com/rider/aaron-gate,1990-11-26,1990,New Zealand,1.81,71.0,21.67,Auckland,98,finished,116,2861,63,GC,35,NZ,XDS Astana Team,,,",,",779,15824
4,RR,07 July 2026,Carcassonne,Foix,181.9,2784,108,43.525,Sprint of 10 riders,Germani Lorenzo,https://www.procyclingstats.com/rider/lorenzo-germani,2002-03-03,2002,Italy,1.79,62.0,19.35,Sora,99,finished,70,2153,185,GC,24,IT,Groupama - FDJ United,,,",,",779,15824
4,RR,07 July 2026,Carcassonne,Foix,181.9,2784,108,43.525,Sprint of 10 riders,Martin Guillaume,https://www.procyclingstats.com/rider/guillaume-martin,1993-06-09,1993,France,1.73,55.0,18.38,Paris,100,finished,40,1088,186,Climber,33,FR,Groupama - FDJ United,,,",,",779,15824
4,RR,07 July 2026,Carcassonne,Foix,181.9,2784,108,43.525,Sprint of 10 riders,Higuita Sergio,https://www.procyclingstats.com/rider/sergio-higuita,1997-08-01,1997,Colombia,1.66,57.0,20.69,Medellín,101,finished,22,676,61,Climber,28,CO,XDS Astana Team,,,",,",779,15824
4,RR,07 July 2026,Carcassonne,Foix,181.9,2784,108,43.525,Sprint of 10 riders,Tejada Harold,https://www.procyclingstats.com/rider/harold-tejada,1997-04-27,1997,Colombia,1.8,63.0,19.44,Pitalito,102,finished,29,751,65,Climber,29,CO,XDS Astana Team,,,",,",779,15824
4,RR,07 July 2026,Carcassonne,Foix,181.9,2784,108,43.525,Sprint of 10 riders,Otruba Jakub,https://www.procyclingstats.com/rider/jakub-otruba,1998-01-30,1998,Czech Republic,1.9,75.0,20.78,Olomouc,103,finished,109,2774,227,GC,28,CZ,Caja Rural - Seguros RGA,,,",,",779,15824
4,RR,07 July 2026,Carcassonne,Foix,181.9,2784,108,43.525,Sprint of 10 riders,Biermans Jenthe,https://www.procyclingstats.com/rider/jenthe-biermans,1995-10-30,1995,Belgium,1.84,78.0,23.04,Geel,104,finished,149,3730,164,Classic,30,BE,Cofidis,,,",,",779,15824
4,RR,07 July 2026,Carcassonne,Foix,181.9,2784,108,43.525,Sprint of 10 riders,Page Hugo,https://www.procyclingstats.com/rider/hugo-page,2001-07-24,2001,France,1.85,71.0,20.75,Chartres,105,finished,150,3730,167,Classic,24,FR,Cofidis,,,",,",779,15824
4,RR,07 July 2026,Carcassonne,Foix,181.9,2784,108,43.525,Sprint of 10 riders,Berwick Sebastian,https://www.procyclingstats.com/rider/sebastian-berwick,1999-12-15,1999,Australia,1.75,59.0,19.27,Brisbane,106,finished,88,2495,223,GC,26,AU,Caja Rural - Seguros RGA,,,",,",779,15824
4,RR,07 July 2026,Carcassonne,Foix,181.9,2784,108,43.525,Sprint of 10 riders,Van Asbroeck Tom,https://www.procyclingstats.com/rider/tom-van-asbroeck,1990-04-19,1990,Belgium,1.82,72.0,21.74,Aalst,107,finished,148,3671,138,Sprint,36,BE,NSN Cycling Team,,,",,",779,15824
4,RR,07 July 2026,Carcassonne,Foix,181.9,2784,108,43.525,Sprint of 10 riders,Parra José Félix,https://www.procyclingstats.com/rider/jose-felix-parra,1997-01-16,1997,Spain,1.71,55.0,18.81,Ossa de Montiel,108,finished,28,734,228,GC,29,ES,Caja Rural - Seguros RGA,,,",,",779,15824
4,RR,07 July 2026,Carcassonne,Foix,181.9,2784,108,43.525,Sprint of 10 riders,Berckmoes Jenno,https://www.procyclingstats.com/rider/jenno-berckmoes,2001-02-04,2001,Belgium,1.77,61.0,19.47,Ghent,109,finished,105,2722,153,Classic,25,BE,Lotto Intermarché,,,",,",779,15824
4,RR,07 July 2026,Carcassonne,Foix,181.9,2784,108,43.525,Sprint of 10 riders,Craps Lars,https://www.procyclingstats.com/rider/lars-craps,2001-10-17,2001,Belgium,1.85,67.0,19.58,Aalst,110,finished,106,2725,154,GC,24,BE,Lotto Intermarché,,,",,",779,15824
4,RR,07 July 2026,Carcassonne,Foix,181.9,2784,108,43.525,Sprint of 10 riders,Van Eetvelt Lennert,https://www.procyclingstats.com/rider/lennert-van-eetvelt,2001-07-17,2001,Belgium,1.76,63.0,20.34,Binkom,111,finished,17,580,156,Climber,24,BE,Lotto Intermarché,,,",,",779,15824
4,RR,07 July 2026,Carcassonne,Foix,181.9,2784,108,43.525,Sprint of 10 riders,Guernalec Thibault,https://www.procyclingstats.com/rider/thibault-guernalec,1997-07-31,1997,France,1.85,71.0,20.75,Châteaulin,112,finished,114,2835,205,TT,28,FR,TotalEnergies,,,",,",779,15824
4,RR,07 July 2026,Carcassonne,Foix,181.9,2784,108,43.525,Sprint of 10 riders,Märkl Niklas,https://www.procyclingstats.com/rider/niklas-markl,1999-03-03,1999,Germany,1.85,70.0,20.45,Queidersbach,113,finished,144,3591,216,Sprint,27,DE,Team Picnic PostNL,,,",,",779,15824
4,RR,07 July 2026,Carcassonne,Foix,181.9,2784,108,43.525,Sprint of 10 riders,Biesterbos Frits,https://www.procyclingstats.com/rider/frits-biesterbos,2002-02-14,2002,Netherlands,,,,Apeldoorn,114,finished,146,3665,212,Classic,24,NL,Team Picnic PostNL,,,",,",779,15824
4,RR,07 July 2026,Carcassonne,Foix,181.9,2784,108,43.525,Sprint of 10 riders,Stannard Robert,https://www.procyclingstats.com/rider/robert-stannard,1998-09-16,1998,Australia,1.79,74.0,23.1,Sydney Previous nationalities New Zealand until 2016,115,finished,110,2777,76,Hills,27,AU,Bahrain - Victorious,,,",,",779,15824
4,RR,07 July 2026,Carcassonne,Foix,181.9,2784,108,43.525,Sprint of 10 riders,Romo Javier,https://www.procyclingstats.com/rider/javier-romo,1999-01-06,1999,Spain,1.84,70.0,20.68,Villafranca de los Caballeros,116,finished,61,1939,147,GC,27,ES,Movistar Team,,,",,",779,15824
4,RR,07 July 2026,Carcassonne,Foix,181.9,2784,108,43.525,Sprint of 10 riders,Rubio Einer,https://www.procyclingstats.com/rider/einer-rubio,1998-02-22,1998,Colombia,1.64,56.0,20.82,Chíquiza,117,finished,81,2310,148,Climber,28,CO,Movistar Team,,,",,",779,15824
4,RR,07 July 2026,Carcassonne,Foix,181.9,2784,108,43.525,Sprint of 10 riders,Hessmann Michel,https://www.procyclingstats.com/rider/michel-hessmann,2001-04-06,2001,Germany,1.91,78.0,21.38,Münster,118,finished,115,2837,145,Hills,25,DE,Movistar Team,,,",,",779,15824
4,RR,07 July 2026,Carcassonne,Foix,181.9,2784,108,43.525,Sprint of 10 riders,Barguil Warren,https://www.procyclingstats.com/rider/warren-barguil,1991-10-28,1991,France,1.83,61.0,18.21,Hennebont,119,finished,120,2891,211,Climber,34,FR,Team Picnic PostNL,,,",,",779,15824
4,RR,07 July 2026,Carcassonne,Foix,181.9,2784,108,43.525,Sprint of 10 riders,Pacher Quentin,https://www.procyclingstats.com/rider/quentin-pacher,1992-01-06,1992,France,1.79,62.0,19.35,Libourne,120,finished,101,2678,187,Hills,34,FR,Groupama - FDJ United,,,",,",779,15824
4,RR,07 July 2026,Carcassonne,Foix,181.9,2784,108,43.525,Sprint of 10 riders,Braz Afonso Clément,https://www.procyclingstats.com/rider/clement-braz-afonso,1999-11-08,1999,France,1.63,50.0,18.82,Brive-la-Gaillarde,121,finished,60,1877,183,Climber,26,FR,Groupama - FDJ United,,,",,",779,15824
4,RR,07 July 2026,Carcassonne,Foix,181.9,2784,108,43.525,Sprint of 10 riders,Rickaert Jonas,https://www.procyclingstats.com/rider/jonas-rickaert,1994-02-07,1994,Belgium,1.9,88.0,24.38,Sint-Eloois-Vijve,122,finished,122,2917,107,Classic,32,BE,Alpecin - Premier Tech,,,",,",779,15824
4,RR,07 July 2026,Carcassonne,Foix,181.9,2784,108,43.525,Sprint of 10 riders,Dillier Silvan,https://www.procyclingstats.com/rider/silvan-dillier,1990-08-03,1990,Switzerland,1.83,75.0,22.4,Aarau,123,finished,128,2976,103,Classic,35,CH,Alpecin - Premier Tech,,,",,",779,15824
4,RR,07 July 2026,Carcassonne,Foix,181.9,2784,108,43.525,Sprint of 10 riders,Marsman Tim,https://www.procyclingstats.com/rider/tim-marsman,2000-10-04,2000,Netherlands,1.91,75.0,20.56,Hattem,124,finished,147,3670,104,Sprint,25,NL,Alpecin - Premier Tech,,,",,",779,15824
4,RR,07 July 2026,Carcassonne,Foix,181.9,2784,108,43.525,Sprint of 10 riders,Dhondt Robbe,https://www.procyclingstats.com/rider/robbe-dhondt,2004-06-25,2004,Belgium,1.76,,,Zottegem,125,finished,139,3447,215,GC,22,BE,Team Picnic PostNL,,,",,",779,15824
4,RR,07 July 2026,Carcassonne,Foix,181.9,2784,108,43.525,Sprint of 10 riders,Balderstone Abel,https://www.procyclingstats.com/rider/abel-balderstone-roumens,2000-07-07,2000,Spain,1.79,61.0,19.04,Ullastrell,126,finished,50,1482,222,GC,26,ES,Caja Rural - Seguros RGA,,,",,",779,15824
4,RR,07 July 2026,Carcassonne,Foix,181.9,2784,108,43.525,Sprint of 10 riders,Engelhardt Felix,https://www.procyclingstats.com/rider/felix-engelhardt,2000-08-19,2000,Germany,1.8,68.0,20.99,Ulm,127,finished,125,2942,114,Classic,25,DE,Team Jayco AlUla,,,",,",779,15824
4,RR,07 July 2026,Carcassonne,Foix,181.9,2784,108,43.525,Sprint of 10 riders,Verstrynge Emiel,https://www.procyclingstats.com/rider/emiel-verstrynge,2002-02-04,2002,Belgium,1.89,69.0,19.32,Eeklo,128,finished,90,2555,108,Climber,24,BE,Alpecin - Premier Tech,,,",,",779,15824
4,RR,07 July 2026,Carcassonne,Foix,181.9,2784,108,43.525,Sprint of 10 riders,Politt Nils,https://www.procyclingstats.com/rider/nils-politt,1994-03-06,1994,Germany,1.92,80.0,21.7,Cologne,129,finished,108,2749,5,Classic,32,DE,UAE Team Emirates - XRG,,,",,",779,15824
4,RR,07 July 2026,Carcassonne,Foix,181.9,2784,108,43.525,Sprint of 10 riders,Hirschi Marc,https://www.procyclingstats.com/rider/marc-hirschi,1998-08-24,1998,Switzerland,1.74,61.0,20.15,Bern,130,finished,64,2005,194,Classic,27,CH,Tudor Pro Cycling Team,,,",,",779,15824
4,RR,07 July 2026,Carcassonne,Foix,181.9,2784,108,43.525,Sprint of 10 riders,Schmid Mauro,https://www.procyclingstats.com/rider/mauro-schmid,1999-12-04,1999,Switzerland,1.87,70.0,20.02,Bülach,131,finished,86,2421,118,Hills,26,CH,Team Jayco AlUla,,,",,",779,15824
4,RR,07 July 2026,Carcassonne,Foix,181.9,2784,108,43.525,Sprint of 10 riders,Breuillard Nicolas,https://www.procyclingstats.com/rider/nicolas-breuillard,2000-03-13,2000,France,1.75,,,Pertuis,132,finished,51,1493,202,GC,26,FR,TotalEnergies,,,",,",779,15824
4,RR,07 July 2026,Carcassonne,Foix,181.9,2784,108,43.525,Sprint of 10 riders,Delbove Joris,https://www.procyclingstats.com/rider/joris-delbove,2000-07-15,2000,France,,,,Troyes,133,finished,67,2088,203,GC,25,FR,TotalEnergies,,,",,",779,15824
4,RR,07 July 2026,Carcassonne,Foix,181.9,2784,108,43.525,Sprint of 10 riders,van der Poel Mathieu,https://www.procyclingstats.com/rider/mathieu-van-der-poel,1995-01-19,1995,Netherlands,1.84,75.0,22.15,Kapellen,134,finished,65,2020,101,Classic,31,NL,Alpecin - Premier Tech,,,",,",779,15824
4,RR,07 July 2026,Carcassonne,Foix,181.9,2784,108,43.525,Sprint of 10 riders,Neilands Krists,https://www.procyclingstats.com/rider/krists-neilands,1994-08-18,1994,Latvia,1.89,69.0,19.32,Kuldīga,135,finished,121,2916,136,Classic,31,LV,NSN Cycling Team,,,",,",779,15824
4,RR,07 July 2026,Carcassonne,Foix,181.9,2784,108,43.525,Sprint of 10 riders,Turgis Anthony,https://www.procyclingstats.com/rider/anthony-turgis,1994-05-16,1994,France,1.78,70.0,22.09,Bourg-la-Reine,136,finished,126,2953,207,Classic,32,FR,TotalEnergies,,,",,",779,15824
4,RR,07 July 2026,Carcassonne,Foix,181.9,2784,108,43.525,Sprint of 10 riders,Veistroffer Baptiste,https://www.procyclingstats.com/rider/baptiste-veistroffer,2000-05-29,2000,France,1.82,73.0,22.04,Fouesnant,137,finished,157,4017,157,Hills,26,FR,Lotto Intermarché,,,",,",779,15824
4,RR,07 July 2026,Carcassonne,Foix,181.9,2784,108,43.525,Sprint of 10 riders,Bennett George,https://www.procyclingstats.com/rider/george-bennett,1990-04-07,1990,New Zealand,1.81,58.0,17.7,Nelson,138,finished,42,1126,133,GC,36,NZ,NSN Cycling Team,,,",,",779,15824
4,RR,07 July 2026,Carcassonne,Foix,181.9,2784,108,43.525,Sprint of 10 riders,Durbridge Luke,https://www.procyclingstats.com/rider/luke-durbridge,1991-04-09,1991,Australia,1.87,78.0,22.31,Greenmount,139,finished,113,2813,113,TT,35,AU,Team Jayco AlUla,,,",,",779,15824
4,RR,07 July 2026,Carcassonne,Foix,181.9,2784,108,43.525,Sprint of 10 riders,Vercher Mattéo,https://www.procyclingstats.com/rider/matheo-vercher,2001-01-26,2001,France,1.71,,,Lyon,140,finished,57,1756,208,Hills,25,FR,TotalEnergies,,,",,",779,15824
4,RR,07 July 2026,Carcassonne,Foix,181.9,2784,108,43.525,Sprint of 10 riders,Plapp Luke,https://www.procyclingstats.com/rider/luke-plapp,2000-12-25,2000,Australia,1.81,72.0,21.98,Melbourne,141,finished,85,2362,117,GC,25,AU,Team Jayco AlUla,,,",,",779,15824
4,RR,07 July 2026,Carcassonne,Foix,181.9,2784,108,43.525,Sprint of 10 riders,Howson Damien,https://www.procyclingstats.com/rider/damien-howson,1992-08-13,1992,Australia,1.88,68.0,19.24,Adelaide,142,finished,119,2870,175,GC,33,AU,Pinarello Q36.5 Pro Cycling Team,,,",,",779,15824
4,RR,07 July 2026,Carcassonne,Foix,181.9,2784,108,43.525,Sprint of 10 riders,Velasco Simone,https://www.procyclingstats.com/rider/simone-velasco,1995-12-02,1995,Italy,1.7,59.0,20.42,Bologna,143,finished,99,2649,67,Classic,30,IT,XDS Astana Team,,,",,",779,15824
4,RR,07 July 2026,Carcassonne,Foix,181.9,2784,108,43.525,Sprint of 10 riders,Storer Michael,https://www.procyclingstats.com/rider/michael-storer,1997-02-28,1997,Australia,1.77,63.0,20.11,Perth,144,finished,82,2312,196,Climber,29,AU,Tudor Pro Cycling Team,,,",,",779,15824
4,RR,07 July 2026,Carcassonne,Foix,181.9,2784,108,43.525,Sprint of 10 riders,Thomas Benjamin,https://www.procyclingstats.com/rider/benjamin-thomas-2,1995-09-12,1995,France,1.79,68.0,21.22,Lavaur,145,finished,112,2791,168,TT,30,FR,Cofidis,,,",,",779,15824
4,RR,07 July 2026,Carcassonne,Foix,181.9,2784,108,43.525,Sprint of 10 riders,Steinhauser Georg,https://www.procyclingstats.com/rider/georg-steinhauser,2001-10-21,2001,Germany,1.89,70.0,19.6,Lindenberg im Allgäu,146,finished,93,2613,46,Climber,24,DE,EF Education - EasyPost,,,14:17,857,15902
4,RR,07 July 2026,Carcassonne,Foix,181.9,2784,108,43.525,Sprint of 10 riders,Aranburu Alex,https://www.procyclingstats.com/rider/alex-aranburu,1995-09-19,1995,Spain,1.78,63.0,19.88,Ezkio-Itsaso,147,finished,77,2254,163,Classic,30,ES,Cofidis,,,14:24,864,15909
4,RR,07 July 2026,Carcassonne,Foix,181.9,2784,108,43.525,Sprint of 10 riders,Vinokurov Nicolas,https://www.procyclingstats.com/rider/nicolas-vinokurov,2002-07-07,2002,Kazakhstan,1.84,69.0,20.38,Nice,148,finished,136,3315,68,GC,24,KZ,XDS Astana Team,,,14:50,890,15935
4,RR,07 July 2026,Carcassonne,Foix,181.9,2784,108,43.525,Sprint of 10 riders,Bittner Pavel,https://www.procyclingstats.com/rider/pavel-bittner,2002-10-29,2002,Czech Republic,1.84,73.0,21.56,Olomouc,149,finished,163,4214,213,Sprint,23,CZ,Team Picnic PostNL,,,22:08,1328,16373
4,RR,07 July 2026,Carcassonne,Foix,181.9,2784,108,43.525,Sprint of 10 riders,van den Berg Julius,https://www.procyclingstats.com/rider/julius-van-den-berg,1996-10-23,1996,Netherlands,1.9,78.0,21.61,Purmerend,150,finished,164,4237,217,Sprint,29,NL,Team Picnic PostNL,,,",,",1328,16373
4,RR,07 July 2026,Carcassonne,Foix,181.9,2784,108,43.525,Sprint of 10 riders,Degenkolb John,https://www.procyclingstats.com/rider/john-degenkolb,1989-01-07,1989,Germany,1.8,82.0,25.31,Gera,151,finished,162,4214,214,Classic,37,DE,Team Picnic PostNL,,,",,",1328,16373
4,RR,07 July 2026,Carcassonne,Foix,181.9,2784,108,43.525,Sprint of 10 riders,Godon Dorian,https://www.procyclingstats.com/rider/dorian-godon,1996-05-25,1996,France,1.89,74.0,20.72,Vitry-sur-Seine,152,finished,158,4159,85,Hills,30,FR,Netcompany INEOS,,,",,",1328,16373
4,RR,07 July 2026,Carcassonne,Foix,181.9,2784,108,43.525,Sprint of 10 riders,Kanter Max,https://www.procyclingstats.com/rider/max-kanter,1997-10-22,1997,Germany,1.76,68.0,21.95,Cottbus,153,finished,140,3509,64,Sprint,28,DE,XDS Astana Team,,,",,",1328,16373
4,RR,07 July 2026,Carcassonne,Foix,181.9,2784,108,43.525,Sprint of 10 riders,Teunissen Mike,https://www.procyclingstats.com/rider/mike-teunissen,1992-08-25,1992,Netherlands,1.84,73.0,21.56,Ysselsteyn,154,finished,137,3357,66,Classic,33,NL,XDS Astana Team,,,",,",1328,16373
4,RR,07 July 2026,Carcassonne,Foix,181.9,2784,108,43.525,Sprint of 10 riders,Oldani Stefano,https://www.procyclingstats.com/rider/stefano-oldani,1998-01-10,1998,Italy,1.78,65.0,20.52,Milan,155,finished,134,3289,226,Hills,28,IT,Caja Rural - Seguros RGA,,,",,",1328,16373
4,RR,07 July 2026,Carcassonne,Foix,181.9,2784,108,43.525,Sprint of 10 riders,Fretin Milan,https://www.procyclingstats.com/rider/milan-fretin,2001-03-19,2001,Belgium,1.82,70.0,21.13,Genk,156,finished,168,4314,165,Classic,25,BE,Cofidis,,,",,",1328,16373
4,RR,07 July 2026,Carcassonne,Foix,181.9,2784,108,43.525,Sprint of 10 riders,Vermeersch Florian,https://www.procyclingstats.com/rider/florian-vermeersch,1999-03-12,1999,Belgium,1.93,85.0,22.82,Ghent,157,finished,143,3569,6,Classic,27,BE,UAE Team Emirates - XRG,,,",,",1328,16373
4,RR,07 July 2026,Carcassonne,Foix,181.9,2784,108,43.525,Sprint of 10 riders,Askey Lewis,https://www.procyclingstats.com/rider/lewis-askey,2001-05-04,2001,Great Britain,1.87,75.0,21.45,Cannock,158,finished,159,4160,132,Classic,25,GB,NSN Cycling Team,,,",,",1328,16373
4,RR,07 July 2026,Carcassonne,Foix,181.9,2784,108,43.525,Sprint of 10 riders,Bauhaus Phil,https://www.procyclingstats.com/rider/phil-bauhaus,1994-07-08,1994,Germany,1.84,75.0,22.15,Bocholt,159,finished,170,4329,72,Sprint,31,DE,Bahrain - Victorious,,,",,",1328,16373
4,RR,07 July 2026,Carcassonne,Foix,181.9,2784,108,43.525,Sprint of 10 riders,Allegaert Piet,https://www.procyclingstats.com/rider/piet-allegaert,1995-01-20,1995,Belgium,1.81,70.0,21.37,Moorslede,160,finished,173,4385,162,Classic,31,BE,Cofidis,,,",,",1328,16373
4,RR,07 July 2026,Carcassonne,Foix,181.9,2784,108,43.525,Sprint of 10 riders,Bol Cees,https://www.procyclingstats.com/rider/cees-bol,1995-07-27,1995,Netherlands,1.94,83.0,22.05,Zaandam,161,finished,179,4575,53,Sprint,30,NL,Decathlon CMA CGM Team,,,",,",1328,16373
4,RR,07 July 2026,Carcassonne,Foix,181.9,2784,108,43.525,Sprint of 10 riders,Wærenskjold Søren,https://www.procyclingstats.com/rider/soren-waerenskjold,2000-03-12,2000,Norway,1.95,92.0,24.19,Mandal,162,finished,151,3758,128,Classic,26,NO,Uno-X Mobility,,,",,",1328,16373
4,RR,07 July 2026,Carcassonne,Foix,181.9,2784,108,43.525,Sprint of 10 riders,Kooij Olav,https://www.procyclingstats.com/rider/olav-kooij,2001-10-17,2001,Netherlands,1.84,72.0,21.27,Numansdorp,163,finished,178,4556,55,Sprint,24,NL,Decathlon CMA CGM Team,,,",,",1328,16373
4,RR,07 July 2026,Carcassonne,Foix,181.9,2784,108,43.525,Sprint of 10 riders,Gradek Kamil,https://www.procyclingstats.com/rider/kamil-gradek,1990-09-17,1990,Poland,1.94,83.0,22.05,Koziegłowy,164,finished,171,4329,74,TT,35,PL,Bahrain - Victorious,,,",,",1328,16373
4,RR,07 July 2026,Carcassonne,Foix,181.9,2784,108,43.525,Sprint of 10 riders,Ballerini Davide,https://www.procyclingstats.com/rider/davide-ballerini,1994-09-21,1994,Italy,1.83,71.0,21.2,Cantù,165,finished,177,4516,62,Classic,31,IT,XDS Astana Team,,,",,",1328,16373
4,RR,07 July 2026,Carcassonne,Foix,181.9,2784,108,43.525,Sprint of 10 riders,Gaviria Fernando,https://www.procyclingstats.com/rider/fernando-gaviria,1994-08-19,1994,Colombia,1.81,71.0,21.67,La Ceja,166,finished,167,4274,221,Sprint,31,CO,Caja Rural - Seguros RGA,,,",,",1328,16373
4,RR,07 July 2026,Carcassonne,Foix,181.9,2784,108,43.525,Sprint of 10 riders,Girmay Biniam,https://www.procyclingstats.com/rider/biniam-girmay,2000-04-02,2000,Eritrea,1.84,70.0,20.68,Asmara,167,finished,142,3522,131,Classic,26,ER,NSN Cycling Team,,,",,",1328,16373
4,RR,07 July 2026,Carcassonne,Foix,181.9,2784,108,43.525,Sprint of 10 riders,Louvel Matis,https://www.procyclingstats.com/rider/matis-louvel,1999-07-19,1999,France,1.87,77.0,22.02,Mont Saint Aignan,168,finished,165,4261,135,Classic,26,FR,NSN Cycling Team,,,",,",1328,16373
4,RR,07 July 2026,Carcassonne,Foix,181.9,2784,108,43.525,Sprint of 10 riders,Stewart Jake,https://www.procyclingstats.com/rider/jake-stewart,1999-10-02,1999,Great Britain,1.79,66.0,20.6,Coventry,169,finished,166,4268,137,Hills,26,GB,NSN Cycling Team,,,",,",1328,16373
4,RR,07 July 2026,Carcassonne,Foix,181.9,2784,108,43.525,Sprint of 10 riders,Ganna Filippo,https://www.procyclingstats.com/rider/filippo-ganna,1996-07-25,1996,Italy,1.93,83.0,22.28,Verbania,170,finished,161,4207,84,TT,29,IT,Netcompany INEOS,,,",,",1328,16373
4,RR,07 July 2026,Carcassonne,Foix,181.9,2784,108,43.525,Sprint of 10 riders,Merlier Tim,https://www.procyclingstats.com/rider/tim-merlier,1992-10-30,1992,Belgium,1.88,76.0,21.5,Wortegem-Petegem,171,finished,169,4318,91,Sprint,33,BE,Soudal Quick-Step,,,",,",1328,16373
4,RR,07 July 2026,Carcassonne,Foix,181.9,2784,108,43.525,Sprint of 10 riders,van Baarle Dylan,https://www.procyclingstats.com/rider/dylan-van-baarle,1992-05-21,1992,Netherlands,1.89,74.0,20.72,Voorburg,172,finished,132,3092,95,Classic,34,NL,Soudal Quick-Step,,,22:41,1361,16406
4,RR,07 July 2026,Carcassonne,Foix,181.9,2784,108,43.525,Sprint of 10 riders,Artz Huub,https://www.procyclingstats.com/rider/huub-artz,2002-05-14,2002,Netherlands,1.86,71.0,20.52,Wintelre,173,finished,174,4387,152,Hills,24,NL,Lotto Intermarché,,,",,",1361,16406
4,RR,07 July 2026,Carcassonne,Foix,181.9,2784,108,43.525,Sprint of 10 riders,Van Lerberghe Bert,https://www.procyclingstats.com/rider/bert-van-lerberghe,1992-09-29,1992,Belgium,1.9,83.0,22.99,Kortrijk,174,finished,175,4429,96,Classic,33,BE,Soudal Quick-Step,,,",,",1361,16406
4,RR,07 July 2026,Carcassonne,Foix,181.9,2784,108,43.525,Sprint of 10 riders,Philipsen Jasper,https://www.procyclingstats.com/rider/jasper-philipsen,1998-03-02,1998,Belgium,1.76,75.0,24.21,Mol,175,finished,145,3636,105,Sprint,28,BE,Alpecin - Premier Tech,,,",,",1361,16406
4,RR,07 July 2026,Carcassonne,Foix,181.9,2784,108,43.525,Sprint of 10 riders,Ackermann Pascal,https://www.procyclingstats.com/rider/pascal-ackermann,1994-01-17,1994,Germany,1.8,78.0,24.07,Kandel,176,finished,172,4376,112,Sprint,32,DE,Team Jayco AlUla,,,",,",1361,16406
4,RR,07 July 2026,Carcassonne,Foix,181.9,2784,108,43.525,Sprint of 10 riders,Slock Liam,https://www.procyclingstats.com/rider/liam-slock,2000-09-18,2000,Belgium,1.88,74.0,20.94,Ghent,177,finished,176,4502,155,GC,25,BE,Lotto Intermarché,,,",,",1361,16406
4,RR,07 July 2026,Carcassonne,Foix,181.9,2784,108,43.525,Sprint of 10 riders,Tarling Joshua,https://www.procyclingstats.com/rider/joshua-tarling,2004-02-15,2004,Great Britain,1.94,78.0,20.72,Aberaeron,178,finished,160,4197,87,TT,22,GB,Netcompany INEOS,,,23:29,1409,16454
4,RR,07 July 2026,Carcassonne,Foix,181.9,2784,108,43.525,Sprint of 10 riders,Haller Marco,https://www.procyclingstats.com/rider/marco-haller,1991-04-01,1991,Austria,1.78,72.0,22.72,Sankt Veit an der Glan,179,finished,181,4777,193,Classic,35,AT,Tudor Pro Cycling Team,,,25:13,1513,16558
4,RR,07 July 2026,Carcassonne,Foix,181.9,2784,108,43.525,Sprint of 10 riders,Trentin Matteo,https://www.procyclingstats.com/rider/matteo-trentin,1989-08-02,1989,Italy,1.79,74.0,23.1,Borgo Valsugana,180,finished,155,3935,197,Classic,36,IT,Tudor Pro Cycling Team,,,",,",1513,16558
4,RR,07 July 2026,Carcassonne,Foix,181.9,2784,108,43.525,Sprint of 10 riders,de Kleijn Arvid,https://www.procyclingstats.com/rider/arvid-de-kleijn,1994-03-21,1994,Netherlands,1.71,68.0,23.26,Herveld,181,finished,180,4748,192,Sprint,32,NL,Tudor Pro Cycling Team,,,",,",1513,16558
4,RR,07 July 2026,Carcassonne,Foix,181.9,2784,108,43.525,Sprint of 10 riders,O'Brien Kelland,https://www.procyclingstats.com/rider/kelland-brien,1998-05-22,1998,Australia,1.92,77.0,20.89,Melbourne,,OTL,,,116,Classic,28,AU,Team Jayco AlUla,,,46:02,,
5,RR,08 July 2026,Lannemezan,Pau,158.3,1395,58,45.42,Sprint of 19 riders,Kooij Olav,https://www.procyclingstats.com/rider/olav-kooij,2001-10-17,2001,Netherlands,1.84,72.0,21.27,Numansdorp,1,finished,175,4532,55,Sprint,24,NL,Decathlon CMA CGM Team,210.0,100.0,3:29:07,0,12547
5,RR,08 July 2026,Lannemezan,Pau,158.3,1395,58,45.42,Sprint of 19 riders,Kanter Max,https://www.procyclingstats.com/rider/max-kanter,1997-10-22,1997,Germany,1.76,68.0,21.95,Cottbus,2,finished,138,3489,64,Sprint,28,DE,XDS Astana Team,150.0,70.0,",,",0,12547
5,RR,08 July 2026,Lannemezan,Pau,158.3,1395,58,45.42,Sprint of 19 riders,Merlier Tim,https://www.procyclingstats.com/rider/tim-merlier,1992-10-30,1992,Belgium,1.88,76.0,21.5,Wortegem-Petegem,3,finished,166,4300,91,Sprint,33,BE,Soudal Quick-Step,110.0,50.0,",,",0,12547
5,RR,08 July 2026,Lannemezan,Pau,158.3,1395,58,45.42,Sprint of 19 riders,Artz Huub,https://www.procyclingstats.com/rider/huub-artz,2002-05-14,2002,Netherlands,1.86,71.0,20.52,Wintelre,4,finished,170,4373,152,Hills,24,NL,Lotto Intermarché,90.0,40.0,",,",0,12547
5,RR,08 July 2026,Lannemezan,Pau,158.3,1395,58,45.42,Sprint of 19 riders,Philipsen Jasper,https://www.procyclingstats.com/rider/jasper-philipsen,1998-03-02,1998,Belgium,1.76,75.0,24.21,Mol,5,finished,143,3622,105,Sprint,28,BE,Alpecin - Premier Tech,70.0,32.0,",,",0,12547
5,RR,08 July 2026,Lannemezan,Pau,158.3,1395,58,45.42,Sprint of 19 riders,Girmay Biniam,https://www.procyclingstats.com/rider/biniam-girmay,2000-04-02,2000,Eritrea,1.84,70.0,20.68,Asmara,6,finished,139,3508,131,Classic,26,ER,NSN Cycling Team,55.0,26.0,",,",0,12547
5,RR,08 July 2026,Lannemezan,Pau,158.3,1395,58,45.42,Sprint of 19 riders,Pedersen Mads,https://www.procyclingstats.com/rider/mads-pedersen,1995-12-18,1995,Denmark,1.8,76.0,23.46,Tølløse,7,finished,71,2240,33,Classic,30,DK,Lidl - Trek,45.0,22.0,",,",0,12547
5,RR,08 July 2026,Lannemezan,Pau,158.3,1395,58,45.42,Sprint of 19 riders,Fretin Milan,https://www.procyclingstats.com/rider/milan-fretin,2001-03-19,2001,Belgium,1.82,70.0,21.13,Genk,8,finished,165,4300,165,Classic,25,BE,Cofidis,40.0,18.0,",,",0,12547
5,RR,08 July 2026,Lannemezan,Pau,158.3,1395,58,45.42,Sprint of 19 riders,Turgis Anthony,https://www.procyclingstats.com/rider/anthony-turgis,1994-05-16,1994,France,1.78,70.0,22.09,Bourg-la-Reine,9,finished,112,2939,207,Classic,32,FR,TotalEnergies,35.0,14.0,",,",0,12547
5,RR,08 July 2026,Lannemezan,Pau,158.3,1395,58,45.42,Sprint of 19 riders,Wærenskjold Søren,https://www.procyclingstats.com/rider/soren-waerenskjold,2000-03-12,2000,Norway,1.95,92.0,24.19,Mandal,10,finished,150,3744,128,Classic,26,NO,Uno-X Mobility,30.0,10.0,",,",0,12547
5,RR,08 July 2026,Lannemezan,Pau,158.3,1395,58,45.42,Sprint of 19 riders,Berckmoes Jenno,https://www.procyclingstats.com/rider/jenno-berckmoes,2001-02-04,2001,Belgium,1.77,61.0,19.47,Ghent,11,finished,94,2708,153,Classic,25,BE,Lotto Intermarché,25.0,8.0,",,",0,12547
5,RR,08 July 2026,Lannemezan,Pau,158.3,1395,58,45.42,Sprint of 19 riders,Ackermann Pascal,https://www.procyclingstats.com/rider/pascal-ackermann,1994-01-17,1994,Germany,1.8,78.0,24.07,Kandel,12,finished,169,4362,112,Sprint,32,DE,Team Jayco AlUla,20.0,6.0,",,",0,12547
5,RR,08 July 2026,Lannemezan,Pau,158.3,1395,58,45.42,Sprint of 19 riders,Russo Clément,https://www.procyclingstats.com/rider/clement-russo,1995-01-20,1995,France,1.87,74.0,21.16,Lyon,13,finished,102,2765,188,Classic,31,FR,Groupama - FDJ United,15.0,4.0,",,",0,12547
5,RR,08 July 2026,Lannemezan,Pau,158.3,1395,58,45.42,Sprint of 19 riders,Pluimers Rick,https://www.procyclingstats.com/rider/rick-pluimers,2000-12-07,2000,Netherlands,1.8,67.0,20.68,Enter,14,finished,90,2635,195,Hills,25,NL,Tudor Pro Cycling Team,10.0,2.0,",,",0,12547
5,RR,08 July 2026,Lannemezan,Pau,158.3,1395,58,45.42,Sprint of 19 riders,Godon Dorian,https://www.procyclingstats.com/rider/dorian-godon,1996-05-25,1996,France,1.89,74.0,20.72,Vitry-sur-Seine,15,finished,158,4145,85,Hills,30,FR,Netcompany INEOS,5.0,1.0,",,",0,12547
5,RR,08 July 2026,Lannemezan,Pau,158.3,1395,58,45.42,Sprint of 19 riders,Bittner Pavel,https://www.procyclingstats.com/rider/pavel-bittner,2002-10-29,2002,Czech Republic,1.84,73.0,21.56,Olomouc,16,finished,160,4200,213,Sprint,23,CZ,Team Picnic PostNL,,,",,",0,12547
5,RR,08 July 2026,Lannemezan,Pau,158.3,1395,58,45.42,Sprint of 19 riders,Gaviria Fernando,https://www.procyclingstats.com/rider/fernando-gaviria,1994-08-19,1994,Colombia,1.81,71.0,21.67,La Ceja,17,finished,163,4260,221,Sprint,31,CO,Caja Rural - Seguros RGA,,,",,",0,12547
5,RR,08 July 2026,Lannemezan,Pau,158.3,1395,58,45.42,Sprint of 19 riders,Bauhaus Phil,https://www.procyclingstats.com/rider/phil-bauhaus,1994-07-08,1994,Germany,1.84,75.0,22.15,Bocholt,18,finished,168,4315,72,Sprint,32,DE,Bahrain - Victorious,,,",,",0,12547
5,RR,08 July 2026,Lannemezan,Pau,158.3,1395,58,45.42,Sprint of 19 riders,Teunissen Mike,https://www.procyclingstats.com/rider/mike-teunissen,1992-08-25,1992,Netherlands,1.84,73.0,21.56,Ysselsteyn,19,finished,132,3343,66,Classic,33,NL,XDS Astana Team,,,",,",0,12547
5,RR,08 July 2026,Lannemezan,Pau,158.3,1395,58,45.42,Sprint of 19 riders,Gate Aaron,https://www.procyclingstats.com/rider/aaron-gate,1990-11-26,1990,New Zealand,1.81,71.0,21.67,Auckland,20,finished,109,2854,63,GC,35,NZ,XDS Astana Team,,,0:07,7,12554
5,RR,08 July 2026,Lannemezan,Pau,158.3,1395,58,45.42,Sprint of 19 riders,Pogačar Tadej,https://www.procyclingstats.com/rider/tadej-pogacar,1998-09-21,1998,Slovenia,1.76,66.0,21.31,Klanec,21,finished,4,473,1,Climber,27,SI,UAE Team Emirates - XRG,,,0:14,14,12561
5,RR,08 July 2026,Lannemezan,Pau,158.3,1395,58,45.42,Sprint of 19 riders,Evenepoel Remco,https://www.procyclingstats.com/rider/remco-evenepoel,2000-01-25,2000,Belgium,1.71,63.0,21.55,Aalst,22,finished,7,496,21,Climber,26,BE,Red Bull - BORA - hansgrohe,,,",,",14,12561
5,RR,08 July 2026,Lannemezan,Pau,158.3,1395,58,45.42,Sprint of 19 riders,Seixas Paul,https://www.procyclingstats.com/rider/paul-seixas,2006-09-24,2006,France,1.86,64.0,18.5,Lyon,23,finished,10,521,51,Climber,19,FR,Decathlon CMA CGM Team,,,",,",14,12561
5,RR,08 July 2026,Lannemezan,Pau,158.3,1395,58,45.42,Sprint of 19 riders,Pidcock Tom,https://www.procyclingstats.com/rider/tom-pidcock,1999-07-30,1999,Great Britain,1.7,58.0,20.07,Leeds,24,finished,15,555,171,Classic,26,GB,Pinarello Q36.5 Pro Cycling Team,,,",,",14,12561
5,RR,08 July 2026,Lannemezan,Pau,158.3,1395,58,45.42,Sprint of 19 riders,Carapaz Richard,https://www.procyclingstats.com/rider/richard-carapaz,1993-05-29,1993,Ecuador,1.7,62.0,21.45,El Carmelo,25,finished,16,578,41,Climber,33,EC,EF Education - EasyPost,,,",,",14,12561
5,RR,08 July 2026,Lannemezan,Pau,158.3,1395,58,45.42,Sprint of 19 riders,Van Wilder Ilan,https://www.procyclingstats.com/rider/ilan-van-wilder,2000-05-14,2000,Belgium,1.71,64.0,21.89,Jette,26,finished,14,550,97,GC,26,BE,Soudal Quick-Step,,,",,",14,12561
5,RR,08 July 2026,Lannemezan,Pau,158.3,1395,58,45.42,Sprint of 19 riders,Van Gils Maxim,https://www.procyclingstats.com/rider/maxim-van-gils,1999-11-25,1999,Belgium,1.74,63.0,20.81,Brasschaat,27,finished,45,1420,28,Classic,26,BE,Red Bull - BORA - hansgrohe,,,",,",14,12561
5,RR,08 July 2026,Lannemezan,Pau,158.3,1395,58,45.42,Sprint of 19 riders,Arensman Thymen,https://www.procyclingstats.com/rider/thymen-arensman,1999-12-04,1999,Netherlands,1.9,68.0,18.84,Deil,28,finished,19,612,82,GC,26,NL,Netcompany INEOS,,,",,",14,12561
5,RR,08 July 2026,Lannemezan,Pau,158.3,1395,58,45.42,Sprint of 19 riders,Quinn Sean,https://www.procyclingstats.com/rider/sean-quinn,2000-05-10,2000,United States,1.87,67.0,19.16,Los Angeles,29,finished,2,28,45,GC,26,US,EF Education - EasyPost,,,",,",14,12561
5,RR,08 July 2026,Lannemezan,Pau,158.3,1395,58,45.42,Sprint of 19 riders,Van Asbroeck Tom,https://www.procyclingstats.com/rider/tom-van-asbroeck,1990-04-19,1990,Belgium,1.82,72.0,21.74,Aalst,30,finished,147,3671,138,Sprint,36,BE,NSN Cycling Team,,,",,",14,12561
5,RR,08 July 2026,Lannemezan,Pau,158.3,1395,58,45.42,Sprint of 19 riders,Vacek Mathias,https://www.procyclingstats.com/rider/mathias-vacek,2002-06-12,2002,Czech Republic,1.88,75.0,21.22,Beroun,31,finished,3,230,37,TT,24,CZ,Lidl - Trek,,,",,",14,12561
5,RR,08 July 2026,Lannemezan,Pau,158.3,1395,58,45.42,Sprint of 19 riders,del Toro Isaac,https://www.procyclingstats.com/rider/isaac-del-toro,2003-11-27,2003,Mexico,1.8,64.0,19.75,Ensenada,32,finished,8,497,2,Climber,22,MX,UAE Team Emirates - XRG,,,",,",14,12561
5,RR,08 July 2026,Lannemezan,Pau,158.3,1395,58,45.42,Sprint of 19 riders,Jorgenson Matteo,https://www.procyclingstats.com/rider/matteo-jorgenson,1999-07-01,1999,United States,1.9,69.0,19.11,Walnut Creek,33,finished,41,1152,16,GC,27,US,Team Visma | Lease a Bike,,,",,",14,12561
5,RR,08 July 2026,Lannemezan,Pau,158.3,1395,58,45.42,Sprint of 19 riders,Skjelmose Mattias,https://www.procyclingstats.com/rider/mattias-skjelmose-jensen,2000-09-26,2000,Denmark,1.8,65.0,20.06,Copenhagen,34,finished,17,583,35,Climber,25,DK,Lidl - Trek,,,",,",14,12561
5,RR,08 July 2026,Lannemezan,Pau,158.3,1395,58,45.42,Sprint of 19 riders,Ayuso Juan,https://www.procyclingstats.com/rider/juan-ayuso-pesquera,2002-09-16,2002,Spain,1.83,65.0,19.41,Barcelona,35,finished,9,500,31,Climber,23,ES,Lidl - Trek,,,",,",14,12561
5,RR,08 July 2026,Lannemezan,Pau,158.3,1395,58,45.42,Sprint of 19 riders,Debruyne Ramses,https://www.procyclingstats.com/rider/ramses-debruyne,2002-08-31,2002,Belgium,1.79,66.0,20.6,Rollegem,36,finished,6,486,102,Climber,23,BE,Alpecin - Premier Tech,,,",,",14,12561
5,RR,08 July 2026,Lannemezan,Pau,158.3,1395,58,45.42,Sprint of 19 riders,Jegat Jordan,https://www.procyclingstats.com/rider/jordan-jegat,1999-06-07,1999,France,1.76,59.0,19.05,Vannes,37,finished,21,621,201,Climber,27,FR,TotalEnergies,,,",,",14,12561
5,RR,08 July 2026,Lannemezan,Pau,158.3,1395,58,45.42,Sprint of 19 riders,McNulty Brandon,https://www.procyclingstats.com/rider/brandon-mcnulty,1998-04-02,1998,United States,1.83,69.0,20.6,Phoenix,38,finished,38,1068,4,GC,28,US,UAE Team Emirates - XRG,,,",,",14,12561
5,RR,08 July 2026,Lannemezan,Pau,158.3,1395,58,45.42,Sprint of 19 riders,Johannessen Tobias Halland,https://www.procyclingstats.com/rider/tobias-halland-johannessen,1999-08-23,1999,Norway,1.76,62.0,20.02,Drøbak,39,finished,13,544,121,Climber,26,NO,Uno-X Mobility,,,",,",14,12561
5,RR,08 July 2026,Lannemezan,Pau,158.3,1395,58,45.42,Sprint of 19 riders,Voisard Yannis,https://www.procyclingstats.com/rider/yannis-voisard,1998-07-26,1998,Switzerland,,56.0,,Fontenais,40,finished,25,703,198,GC,27,CH,Tudor Pro Cycling Team,,,",,",14,12561
5,RR,08 July 2026,Lannemezan,Pau,158.3,1395,58,45.42,Sprint of 19 riders,Tiberi Antonio,https://www.procyclingstats.com/rider/antonio-tiberi,2001-06-24,2001,Italy,1.82,62.0,18.72,Frosinone,41,finished,32,910,77,GC,25,IT,Bahrain - Victorious,,,",,",14,12561
5,RR,08 July 2026,Lannemezan,Pau,158.3,1395,58,45.42,Sprint of 19 riders,Higuita Sergio,https://www.procyclingstats.com/rider/sergio-higuita,1997-08-01,1997,Colombia,1.66,57.0,20.69,Medellín,42,finished,22,676,61,Climber,28,CO,XDS Astana Team,,,",,",14,12561
5,RR,08 July 2026,Lannemezan,Pau,158.3,1395,58,45.42,Sprint of 19 riders,Vauquelin Kévin,https://www.procyclingstats.com/rider/kevin-vauquelin,2001-04-26,2001,France,1.76,69.0,22.28,Bayeux,43,finished,37,999,88,GC,25,FR,Netcompany INEOS,,,",,",14,12561
5,RR,08 July 2026,Lannemezan,Pau,158.3,1395,58,45.42,Sprint of 19 riders,Bernal Egan,https://www.procyclingstats.com/rider/egan-bernal,1997-01-13,1997,Colombia,1.75,60.0,19.59,Bogotá,44,finished,26,728,81,GC,29,CO,Netcompany INEOS,,,",,",14,12561
5,RR,08 July 2026,Lannemezan,Pau,158.3,1395,58,45.42,Sprint of 19 riders,Tejada Harold,https://www.procyclingstats.com/rider/harold-tejada,1997-04-27,1997,Colombia,1.8,63.0,19.44,Pitalito,45,finished,28,751,65,Climber,29,CO,XDS Astana Team,,,",,",14,12561
5,RR,08 July 2026,Lannemezan,Pau,158.3,1395,58,45.42,Sprint of 19 riders,Rickaert Jonas,https://www.procyclingstats.com/rider/jonas-rickaert,1994-02-07,1994,Belgium,1.9,88.0,24.38,Sint-Eloois-Vijve,46,finished,111,2917,107,Classic,32,BE,Alpecin - Premier Tech,,,",,",14,12561
5,RR,08 July 2026,Lannemezan,Pau,158.3,1395,58,45.42,Sprint of 19 riders,Lipowitz Florian,https://www.procyclingstats.com/rider/florian-lipowitz,2000-09-21,2000,Germany,1.81,68.0,20.76,Laichingen,47,finished,11,526,25,GC,25,DE,Red Bull - BORA - hansgrohe,,,",,",14,12561
5,RR,08 July 2026,Lannemezan,Pau,158.3,1395,58,45.42,Sprint of 19 riders,Martin Guillaume,https://www.procyclingstats.com/rider/guillaume-martin,1993-06-09,1993,France,1.73,55.0,18.38,Paris,48,finished,39,1088,186,Climber,33,FR,Groupama - FDJ United,,,",,",14,12561
5,RR,08 July 2026,Lannemezan,Pau,158.3,1395,58,45.42,Sprint of 19 riders,Skujiņš Toms,https://www.procyclingstats.com/rider/toms-skujins,1991-06-15,1991,Latvia,1.81,72.0,21.98,Sigulda,49,finished,76,2361,36,Classic,35,LV,Lidl - Trek,,,",,",14,12561
5,RR,08 July 2026,Lannemezan,Pau,158.3,1395,58,45.42,Sprint of 19 riders,Bol Cees,https://www.procyclingstats.com/rider/cees-bol,1995-07-27,1995,Netherlands,1.94,83.0,22.05,Zaandam,50,finished,176,4575,53,Sprint,30,NL,Decathlon CMA CGM Team,,,",,",14,12561
5,RR,08 July 2026,Lannemezan,Pau,158.3,1395,58,45.42,Sprint of 19 riders,Page Hugo,https://www.procyclingstats.com/rider/hugo-page,2001-07-24,2001,France,1.85,71.0,20.75,Chartres,51,finished,149,3730,167,Classic,24,FR,Cofidis,,,",,",14,12561
5,RR,08 July 2026,Lannemezan,Pau,158.3,1395,58,45.42,Sprint of 19 riders,Piganzoli Davide,https://www.procyclingstats.com/rider/davide-piganzoli,2002-07-08,2002,Italy,1.74,61.0,20.15,Morbegno,52,finished,18,608,18,GC,24,IT,Team Visma | Lease a Bike,,,",,",14,12561
5,RR,08 July 2026,Lannemezan,Pau,158.3,1395,58,45.42,Sprint of 19 riders,Vingegaard Jonas,https://www.procyclingstats.com/rider/jonas-vingegaard,1996-12-10,1996,Denmark,1.75,58.0,18.94,Hillerslev,53,finished,5,473,11,GC,29,DK,Team Visma | Lease a Bike,,,",,",14,12561
5,RR,08 July 2026,Lannemezan,Pau,158.3,1395,58,45.42,Sprint of 19 riders,Træen Torstein,https://www.procyclingstats.com/rider/torstein-traeen,1995-07-16,1995,Norway,1.81,63.0,19.23,Hønefoss,54,finished,1,0,127,GC,30,NO,Uno-X Mobility,,,",,",14,12561
5,RR,08 July 2026,Lannemezan,Pau,158.3,1395,58,45.42,Sprint of 19 riders,Delbove Joris,https://www.procyclingstats.com/rider/joris-delbove,2000-07-15,2000,France,,,,Troyes,55,finished,62,2088,203,GC,25,FR,TotalEnergies,,,",,",14,12561
5,RR,08 July 2026,Lannemezan,Pau,158.3,1395,58,45.42,Sprint of 19 riders,García Pierna Raúl,https://www.procyclingstats.com/rider/raul-garcia-pierna,2001-02-23,2001,Spain,1.75,67.0,21.88,Tres Cantos,56,finished,24,694,144,Climber,25,ES,Movistar Team,,,",,",14,12561
5,RR,08 July 2026,Lannemezan,Pau,158.3,1395,58,45.42,Sprint of 19 riders,Ballerini Davide,https://www.procyclingstats.com/rider/davide-ballerini,1994-09-21,1994,Italy,1.83,71.0,21.2,Cantù,57,finished,174,4516,62,Classic,31,IT,XDS Astana Team,,,",,",14,12561
5,RR,08 July 2026,Lannemezan,Pau,158.3,1395,58,45.42,Sprint of 19 riders,van den Berg Julius,https://www.procyclingstats.com/rider/julius-van-den-berg,1996-10-23,1996,Netherlands,1.9,78.0,21.61,Purmerend,58,finished,161,4237,217,Sprint,29,NL,Team Picnic PostNL,,,",,",14,12561
5,RR,08 July 2026,Lannemezan,Pau,158.3,1395,58,45.42,Sprint of 19 riders,Cepeda Jefferson Alveiro,https://www.procyclingstats.com/rider/jefferson-cepeda-hernandez,1996-03-02,1996,Ecuador,1.7,61.0,21.11,El Playón,59,finished,89,2619,143,GC,30,EC,Movistar Team,,,",,",14,12561
5,RR,08 July 2026,Lannemezan,Pau,158.3,1395,58,45.42,Sprint of 19 riders,Biesterbos Frits,https://www.procyclingstats.com/rider/frits-biesterbos,2002-02-14,2002,Netherlands,,,,Apeldoorn,60,finished,145,3665,212,Classic,24,NL,Team Picnic PostNL,,,",,",14,12561
5,RR,08 July 2026,Lannemezan,Pau,158.3,1395,58,45.42,Sprint of 19 riders,Allegaert Piet,https://www.procyclingstats.com/rider/piet-allegaert,1995-01-20,1995,Belgium,1.81,70.0,21.37,Moorslede,61,finished,171,4385,162,Classic,31,BE,Cofidis,,,",,",14,12561
5,RR,08 July 2026,Lannemezan,Pau,158.3,1395,58,45.42,Sprint of 19 riders,Großschartner Felix,https://www.procyclingstats.com/rider/felix-grossschartner,1993-12-23,1993,Austria,1.84,64.0,18.9,Wels,62,finished,51,1681,3,GC,32,AT,UAE Team Emirates - XRG,,,",,",14,12561
5,RR,08 July 2026,Lannemezan,Pau,158.3,1395,58,45.42,Sprint of 19 riders,Yates Adam,https://www.procyclingstats.com/rider/adam-yates,1992-08-07,1992,Great Britain,1.73,58.0,19.38,Bury,63,finished,31,833,8,Climber,33,GB,UAE Team Emirates - XRG,,,",,",14,12561
5,RR,08 July 2026,Lannemezan,Pau,158.3,1395,58,45.42,Sprint of 19 riders,Martinez Lenny,https://www.procyclingstats.com/rider/lenny-martinez,2003-07-11,2003,France,1.68,52.0,18.42,Cannes,64,finished,12,542,71,Climber,22,FR,Bahrain - Victorious,,,",,",14,12561
5,RR,08 July 2026,Lannemezan,Pau,158.3,1395,58,45.42,Sprint of 19 riders,Zimmermann Georg,https://www.procyclingstats.com/rider/georg-zimmermann,1997-10-11,1997,Germany,1.81,70.0,21.37,Augsburg,65,finished,57,1877,158,Classic,28,DE,Lotto Intermarché,,,",,",14,12561
5,RR,08 July 2026,Lannemezan,Pau,158.3,1395,58,45.42,Sprint of 19 riders,Askey Lewis,https://www.procyclingstats.com/rider/lewis-askey,2001-05-04,2001,Great Britain,1.87,75.0,21.45,Cannock,66,finished,159,4160,132,Classic,25,GB,NSN Cycling Team,,,",,",14,12561
5,RR,08 July 2026,Lannemezan,Pau,158.3,1395,58,45.42,Sprint of 19 riders,Germani Lorenzo,https://www.procyclingstats.com/rider/lorenzo-germani,2002-03-03,2002,Italy,1.79,62.0,19.35,Sora,67,finished,65,2153,185,GC,24,IT,Groupama - FDJ United,,,",,",14,12561
5,RR,08 July 2026,Lannemezan,Pau,158.3,1395,58,45.42,Sprint of 19 riders,Izagirre Ion,https://www.procyclingstats.com/rider/ion-izagirre,1989-02-04,1989,Spain,1.73,60.0,20.05,Ormaiztegi,68,finished,30,808,161,GC,37,ES,Cofidis,,,",,",14,12561
5,RR,08 July 2026,Lannemezan,Pau,158.3,1395,58,45.42,Sprint of 19 riders,Armirail Bruno,https://www.procyclingstats.com/rider/bruno-armirail,1994-04-11,1994,France,1.9,72.0,19.94,Bagnères-de-Bigorre,69,finished,131,3287,13,TT,32,FR,Team Visma | Lease a Bike,,,",,",14,12561
5,RR,08 July 2026,Lannemezan,Pau,158.3,1395,58,45.42,Sprint of 19 riders,Rubio Einer,https://www.procyclingstats.com/rider/einer-rubio,1998-02-22,1998,Colombia,1.64,56.0,20.82,Chíquiza,70,finished,73,2310,148,Climber,28,CO,Movistar Team,,,",,",14,12561
5,RR,08 July 2026,Lannemezan,Pau,158.3,1395,58,45.42,Sprint of 19 riders,Parra José Félix,https://www.procyclingstats.com/rider/jose-felix-parra,1997-01-16,1997,Spain,1.71,55.0,18.81,Ossa de Montiel,71,finished,27,734,228,GC,29,ES,Caja Rural - Seguros RGA,,,",,",14,12561
5,RR,08 July 2026,Lannemezan,Pau,158.3,1395,58,45.42,Sprint of 19 riders,Uijtdebroeks Cian,https://www.procyclingstats.com/rider/cian-uijtdebroeks,2003-02-28,2003,Belgium,1.85,68.0,19.87,Abolens,72,finished,23,677,141,GC,23,BE,Movistar Team,,,",,",14,12561
5,RR,08 July 2026,Lannemezan,Pau,158.3,1395,58,45.42,Sprint of 19 riders,Hoole Daan,https://www.procyclingstats.com/rider/daan-hoole,1999-02-22,1999,Netherlands,1.98,84.0,21.43,Zuidland,73,finished,122,3010,54,TT,27,NL,Decathlon CMA CGM Team,,,",,",14,12561
5,RR,08 July 2026,Lannemezan,Pau,158.3,1395,58,45.42,Sprint of 19 riders,Foss Tobias,https://www.procyclingstats.com/rider/tobias-foss,1997-05-25,1997,Norway,1.84,74.0,21.86,Vingrom,74,finished,97,2748,83,TT,29,NO,Netcompany INEOS,,,",,",14,12561
5,RR,08 July 2026,Lannemezan,Pau,158.3,1395,58,45.42,Sprint of 19 riders,Le Berre Mathis,https://www.procyclingstats.com/rider/mathis-le-berre,2001-04-16,2001,France,1.76,68.0,21.95,Saint-Brieuc,75,finished,87,2549,206,Hills,25,FR,TotalEnergies,,,",,",14,12561
5,RR,08 July 2026,Lannemezan,Pau,158.3,1395,58,45.42,Sprint of 19 riders,Politt Nils,https://www.procyclingstats.com/rider/nils-politt,1994-03-06,1994,Germany,1.92,80.0,21.7,Cologne,76,finished,98,2749,5,Classic,32,DE,UAE Team Emirates - XRG,,,",,",14,12561
5,RR,08 July 2026,Lannemezan,Pau,158.3,1395,58,45.42,Sprint of 19 riders,Cattaneo Mattia,https://www.procyclingstats.com/rider/mattia-cattaneo,1990-10-25,1990,Italy,1.84,67.0,19.79,Alzano Lombardo,77,finished,69,2204,22,TT,35,IT,Red Bull - BORA - hansgrohe,,,",,",14,12561
5,RR,08 July 2026,Lannemezan,Pau,158.3,1395,58,45.42,Sprint of 19 riders,O'Connor Ben,https://www.procyclingstats.com/rider/ben-o-connor,1995-11-25,1995,Australia,1.88,67.0,18.96,Subiaco,78,finished,72,2303,111,GC,30,AU,Team Jayco AlUla,,,",,",14,12561
5,RR,08 July 2026,Lannemezan,Pau,158.3,1395,58,45.42,Sprint of 19 riders,Marsman Tim,https://www.procyclingstats.com/rider/tim-marsman,2000-10-04,2000,Netherlands,1.91,75.0,20.56,Hattem,79,finished,146,3670,104,Sprint,25,NL,Alpecin - Premier Tech,,,",,",14,12561
5,RR,08 July 2026,Lannemezan,Pau,158.3,1395,58,45.42,Sprint of 19 riders,Planckaert Edward,https://www.procyclingstats.com/rider/edward-planckaert,1995-02-01,1995,Belgium,1.78,71.0,22.41,Kortrijk,80,finished,93,2664,106,Classic,31,BE,Alpecin - Premier Tech,,,0:40,40,12587
5,RR,08 July 2026,Lannemezan,Pau,158.3,1395,58,45.42,Sprint of 19 riders,Stewart Jake,https://www.procyclingstats.com/rider/jake-stewart,1999-10-02,1999,Great Britain,1.79,66.0,20.6,Coventry,81,finished,167,4301,137,Hills,26,GB,NSN Cycling Team,,,0:47,47,12594
5,RR,08 July 2026,Lannemezan,Pau,158.3,1395,58,45.42,Sprint of 19 riders,Abrahamsen Jonas,https://www.procyclingstats.com/rider/jonas-abrahamsen,1995-09-20,1995,Norway,1.83,78.0,23.29,Skien,82,finished,100,2755,122,Classic,30,NO,Uno-X Mobility,,,",,",47,12594
5,RR,08 July 2026,Lannemezan,Pau,158.3,1395,58,45.42,Sprint of 19 riders,Azparren Xabier Mikel,https://www.procyclingstats.com/rider/xabier-mikel-azparren-irurzun,1999-02-25,1999,Spain,,,,San Sebastián,83,finished,117,2990,172,TT,27,ES,Pinarello Q36.5 Pro Cycling Team,,,",,",47,12594
5,RR,08 July 2026,Lannemezan,Pau,158.3,1395,58,45.42,Sprint of 19 riders,Neilands Krists,https://www.procyclingstats.com/rider/krists-neilands,1994-08-18,1994,Latvia,1.89,69.0,19.32,Kuldīga,84,finished,114,2949,136,Classic,31,LV,NSN Cycling Team,,,",,",47,12594
5,RR,08 July 2026,Lannemezan,Pau,158.3,1395,58,45.42,Sprint of 19 riders,Simmons Quinn,https://www.procyclingstats.com/rider/quinn-simmons,2001-05-08,2001,United States,1.85,73.0,21.33,Durango,85,finished,36,993,34,Hills,25,US,Lidl - Trek,,,",,",47,12594
5,RR,08 July 2026,Lannemezan,Pau,158.3,1395,58,45.42,Sprint of 19 riders,Meurisse Xandro,https://www.procyclingstats.com/rider/xandro-meurisse,1992-01-31,1992,Belgium,1.81,68.0,20.76,Kortrijk,86,finished,68,2201,176,GC,34,BE,Pinarello Q36.5 Pro Cycling Team,,,",,",47,12594
5,RR,08 July 2026,Lannemezan,Pau,158.3,1395,58,45.42,Sprint of 19 riders,Denz Nico,https://www.procyclingstats.com/rider/nico-denz,1994-02-15,1994,Germany,1.83,71.0,21.2,Waldshut-Tiengen,87,finished,78,2383,23,Hills,32,DE,Red Bull - BORA - hansgrohe,,,",,",47,12594
5,RR,08 July 2026,Lannemezan,Pau,158.3,1395,58,45.42,Sprint of 19 riders,Kuss Sepp,https://www.procyclingstats.com/rider/sepp-kuss,1994-09-13,1994,United States,1.82,61.0,18.42,Durango,88,finished,40,1090,17,Climber,31,US,Team Visma | Lease a Bike,,,",,",47,12594
5,RR,08 July 2026,Lannemezan,Pau,158.3,1395,58,45.42,Sprint of 19 riders,Gee-West Derek,https://www.procyclingstats.com/rider/derek-gee,1997-08-03,1997,Canada,1.89,72.0,20.16,Ottawa,89,finished,54,1779,32,Climber,28,CA,Lidl - Trek,,,",,",47,12594
5,RR,08 July 2026,Lannemezan,Pau,158.3,1395,58,45.42,Sprint of 19 riders,Vinokurov Nicolas,https://www.procyclingstats.com/rider/nicolas-vinokurov,2002-07-07,2002,Kazakhstan,1.84,69.0,20.38,Nice,90,finished,134,3348,68,GC,24,KZ,XDS Astana Team,,,",,",47,12594
5,RR,08 July 2026,Lannemezan,Pau,158.3,1395,58,45.42,Sprint of 19 riders,Wellens Tim,https://www.procyclingstats.com/rider/tim-wellens,1991-05-10,1991,Belgium,1.82,71.0,21.43,Sint-Truiden,91,finished,92,2638,7,GC,35,BE,UAE Team Emirates - XRG,,,",,",47,12594
5,RR,08 July 2026,Lannemezan,Pau,158.3,1395,58,45.42,Sprint of 19 riders,van Dijke Tim,https://www.procyclingstats.com/rider/tim-van-dijke,2000-03-15,2000,Netherlands,1.89,74.0,20.72,Goes,92,finished,151,3830,27,Classic,26,NL,Red Bull - BORA - hansgrohe,,,",,",47,12594
5,RR,08 July 2026,Lannemezan,Pau,158.3,1395,58,45.42,Sprint of 19 riders,Craps Lars,https://www.procyclingstats.com/rider/lars-craps,2001-10-17,2001,Belgium,1.85,67.0,19.58,Aalst,93,finished,101,2758,154,GC,24,BE,Lotto Intermarché,,,",,",47,12594
5,RR,08 July 2026,Lannemezan,Pau,158.3,1395,58,45.42,Sprint of 19 riders,Van Moer Brent,https://www.procyclingstats.com/rider/brent-van-moer,1998-01-12,1998,Belgium,1.91,79.0,21.66,Beveren,94,finished,95,2721,177,Classic,28,BE,Pinarello Q36.5 Pro Cycling Team,,,",,",47,12594
5,RR,08 July 2026,Lannemezan,Pau,158.3,1395,58,45.42,Sprint of 19 riders,Van Eetvelt Lennert,https://www.procyclingstats.com/rider/lennert-van-eetvelt,2001-07-17,2001,Belgium,1.76,63.0,20.34,Binkom,95,finished,20,613,156,Climber,24,BE,Lotto Intermarché,,,",,",47,12594
5,RR,08 July 2026,Lannemezan,Pau,158.3,1395,58,45.42,Sprint of 19 riders,Hermans Quinten,https://www.procyclingstats.com/rider/quinten-hermans,1995-07-29,1995,Belgium,1.74,62.0,20.48,Antwerp,96,finished,44,1213,174,Hills,30,BE,Pinarello Q36.5 Pro Cycling Team,,,",,",47,12594
5,RR,08 July 2026,Lannemezan,Pau,158.3,1395,58,45.42,Sprint of 19 riders,Verona Carlos,https://www.procyclingstats.com/rider/carlos-verona,1992-11-04,1992,Spain,1.86,68.0,19.66,San Lorenzo de El Escorial,97,finished,53,1707,38,GC,33,ES,Lidl - Trek,,,",,",47,12594
5,RR,08 July 2026,Lannemezan,Pau,158.3,1395,58,45.42,Sprint of 19 riders,Prodhomme Nicolas,https://www.procyclingstats.com/rider/nicolas-prodhomme,1997-02-01,1997,France,1.74,63.0,20.81,L'Aigle,98,finished,46,1472,57,GC,29,FR,Decathlon CMA CGM Team,,,",,",47,12594
5,RR,08 July 2026,Lannemezan,Pau,158.3,1395,58,45.42,Sprint of 19 riders,Oliveira Nelson,https://www.procyclingstats.com/rider/nelson-oliveira,1989-03-06,1989,Portugal,1.8,67.0,20.68,Anadia,99,finished,64,2147,146,TT,37,PT,Movistar Team,,,",,",47,12594
5,RR,08 July 2026,Lannemezan,Pau,158.3,1395,58,45.42,Sprint of 19 riders,Cort Magnus,https://www.procyclingstats.com/rider/magnus-cort-nielsen,1993-01-16,1993,Denmark,1.84,68.0,20.09,Rønne,100,finished,91,2635,124,Hills,33,DK,Uno-X Mobility,,,",,",47,12594
5,RR,08 July 2026,Lannemezan,Pau,158.3,1395,58,45.42,Sprint of 19 riders,Degenkolb John,https://www.procyclingstats.com/rider/john-degenkolb,1989-01-07,1989,Germany,1.8,82.0,25.31,Gera,101,finished,162,4247,214,Classic,37,DE,Team Picnic PostNL,,,",,",47,12594
5,RR,08 July 2026,Lannemezan,Pau,158.3,1395,58,45.42,Sprint of 19 riders,Bennett George,https://www.procyclingstats.com/rider/george-bennett,1990-04-07,1990,New Zealand,1.81,58.0,17.7,Nelson,102,finished,42,1159,133,GC,36,NZ,NSN Cycling Team,,,",,",47,12594
5,RR,08 July 2026,Lannemezan,Pau,158.3,1395,58,45.42,Sprint of 19 riders,Skaarseth Anders,https://www.procyclingstats.com/rider/anders-skaarseth,1995-05-07,1995,Norway,1.86,,,Lillehammer,103,finished,47,1476,126,Classic,31,NO,Uno-X Mobility,,,",,",47,12594
5,RR,08 July 2026,Lannemezan,Pau,158.3,1395,58,45.42,Sprint of 19 riders,Alaphilippe Julian,https://www.procyclingstats.com/rider/julian-alaphilippe,1992-06-11,1992,France,1.73,62.0,20.72,Saint-Amand-Montrond,104,finished,136,3448,191,Classic,34,FR,Tudor Pro Cycling Team,,,",,",47,12594
5,RR,08 July 2026,Lannemezan,Pau,158.3,1395,58,45.42,Sprint of 19 riders,Stannard Robert,https://www.procyclingstats.com/rider/robert-stannard,1998-09-16,1998,Australia,1.79,74.0,23.1,Sydney Previous nationalities New Zealand until 2016,105,finished,107,2827,76,Hills,27,AU,Bahrain - Victorious,,,1:04,64,12611
5,RR,08 July 2026,Lannemezan,Pau,158.3,1395,58,45.42,Sprint of 19 riders,Kwiatkowski Michał,https://www.procyclingstats.com/rider/michal-kwiatkowski,1990-06-02,1990,Poland,1.76,68.0,21.95,Chełmża,106,finished,140,3563,86,Classic,36,PL,Netcompany INEOS,,,",,",64,12611
5,RR,08 July 2026,Lannemezan,Pau,158.3,1395,58,45.42,Sprint of 19 riders,Romo Javier,https://www.procyclingstats.com/rider/javier-romo,1999-01-06,1999,Spain,1.84,70.0,20.68,Villafranca de los Caballeros,107,finished,60,1996,147,GC,27,ES,Movistar Team,,,1:11,71,12618
5,RR,08 July 2026,Lannemezan,Pau,158.3,1395,58,45.42,Sprint of 19 riders,Mohorič Matej,https://www.procyclingstats.com/rider/matej-mohoric,1994-10-19,1994,Slovenia,1.86,71.0,20.52,Kranj,108,finished,118,2993,75,Classic,31,SI,Bahrain - Victorious,,,1:19,79,12626
5,RR,08 July 2026,Lannemezan,Pau,158.3,1395,58,45.42,Sprint of 19 riders,Ganna Filippo,https://www.procyclingstats.com/rider/filippo-ganna,1996-07-25,1996,Italy,1.93,83.0,22.28,Verbania,109,finished,164,4272,84,TT,29,IT,Netcompany INEOS,,,",,",79,12626
5,RR,08 July 2026,Lannemezan,Pau,158.3,1395,58,45.42,Sprint of 19 riders,Vermeersch Florian,https://www.procyclingstats.com/rider/florian-vermeersch,1999-03-12,1999,Belgium,1.93,85.0,22.82,Ghent,110,finished,144,3634,6,Classic,27,BE,UAE Team Emirates - XRG,,,",,",79,12626
5,RR,08 July 2026,Lannemezan,Pau,158.3,1395,58,45.42,Sprint of 19 riders,Affini Edoardo,https://www.procyclingstats.com/rider/edoardo-affini,1996-06-24,1996,Italy,1.9,85.0,23.55,Mantua,111,finished,155,4002,12,TT,30,IT,Team Visma | Lease a Bike,,,",,",79,12626
5,RR,08 July 2026,Lannemezan,Pau,158.3,1395,58,45.42,Sprint of 19 riders,Veistroffer Baptiste,https://www.procyclingstats.com/rider/baptiste-veistroffer,2000-05-29,2000,France,1.82,73.0,22.04,Fouesnant,112,finished,157,4082,157,Hills,26,FR,Lotto Intermarché,,,",,",79,12626
5,RR,08 July 2026,Lannemezan,Pau,158.3,1395,58,45.42,Sprint of 19 riders,Castrillo Pablo,https://www.procyclingstats.com/rider/pablo-castrillo-zapater,2001-01-02,2001,Spain,1.83,74.0,22.1,Jaca,113,finished,29,764,142,Climber,25,ES,Movistar Team,,,1:36,96,12643
5,RR,08 July 2026,Lannemezan,Pau,158.3,1395,58,45.42,Sprint of 19 riders,Engelhardt Felix,https://www.procyclingstats.com/rider/felix-engelhardt,2000-08-19,2000,Germany,1.8,68.0,20.99,Ulm,114,finished,124,3024,114,Classic,25,DE,Team Jayco AlUla,,,",,",96,12643
5,RR,08 July 2026,Lannemezan,Pau,158.3,1395,58,45.42,Sprint of 19 riders,Delettre Alexandre,https://www.procyclingstats.com/rider/alexandre-delettre,1997-10-25,1997,France,1.7,62.0,21.45,Gonesse,115,finished,61,2055,204,Classic,28,FR,TotalEnergies,,,",,",96,12643
5,RR,08 July 2026,Lannemezan,Pau,158.3,1395,58,45.42,Sprint of 19 riders,Märkl Niklas,https://www.procyclingstats.com/rider/niklas-markl,1999-03-03,1999,Germany,1.85,70.0,20.45,Queidersbach,116,finished,148,3682,216,Sprint,27,DE,Team Picnic PostNL,,,1:45,105,12652
5,RR,08 July 2026,Lannemezan,Pau,158.3,1395,58,45.42,Sprint of 19 riders,Grégoire Romain,https://www.procyclingstats.com/rider/romain-gregoire,2003-01-21,2003,France,1.76,64.0,20.66,Besançon,117,finished,43,1198,181,Classic,23,FR,Groupama - FDJ United,,,",,",105,12652
5,RR,08 July 2026,Lannemezan,Pau,158.3,1395,58,45.42,Sprint of 19 riders,Braz Afonso Clément,https://www.procyclingstats.com/rider/clement-braz-afonso,1999-11-08,1999,France,1.63,50.0,18.82,Brive-la-Gaillarde,118,finished,59,1968,183,Climber,26,FR,Groupama - FDJ United,,,",,",105,12652
5,RR,08 July 2026,Lannemezan,Pau,158.3,1395,58,45.42,Sprint of 19 riders,Schmid Mauro,https://www.procyclingstats.com/rider/mauro-schmid,1999-12-04,1999,Switzerland,1.87,70.0,20.02,Bülach,119,finished,85,2528,118,Hills,26,CH,Team Jayco AlUla,,,2:01,121,12668
5,RR,08 July 2026,Lannemezan,Pau,158.3,1395,58,45.42,Sprint of 19 riders,Hindley Jai,https://www.procyclingstats.com/rider/jai-hindley,1996-05-05,1996,Australia,1.75,60.0,19.59,Perth,120,finished,34,941,24,Climber,30,AU,Red Bull - BORA - hansgrohe,,,",,",121,12668
5,RR,08 July 2026,Lannemezan,Pau,158.3,1395,58,45.42,Sprint of 19 riders,Hagenes Per Strand,https://www.procyclingstats.com/rider/per-strand-hagenes,2003-07-10,2003,Norway,1.86,78.0,22.55,Sandnes,121,finished,153,3943,15,Classic,22,NO,Team Visma | Lease a Bike,,,2:05,125,12672
5,RR,08 July 2026,Lannemezan,Pau,158.3,1395,58,45.42,Sprint of 19 riders,Haller Marco,https://www.procyclingstats.com/rider/marco-haller,1991-04-01,1991,Austria,1.78,72.0,22.72,Sankt Veit an der Glan,122,finished,180,4888,193,Classic,35,AT,Tudor Pro Cycling Team,,,",,",125,12672
5,RR,08 July 2026,Lannemezan,Pau,158.3,1395,58,45.42,Sprint of 19 riders,Trentin Matteo,https://www.procyclingstats.com/rider/matteo-trentin,1989-08-02,1989,Italy,1.79,74.0,23.1,Borgo Valsugana,123,finished,156,4046,197,Classic,36,IT,Tudor Pro Cycling Team,,,",,",125,12672
5,RR,08 July 2026,Lannemezan,Pau,158.3,1395,58,45.42,Sprint of 19 riders,Guernalec Thibault,https://www.procyclingstats.com/rider/thibault-guernalec,1997-07-31,1997,France,1.85,71.0,20.75,Châteaulin,124,finished,115,2952,205,TT,28,FR,TotalEnergies,,,2:11,131,12678
5,RR,08 July 2026,Lannemezan,Pau,158.3,1395,58,45.42,Sprint of 19 riders,Slock Liam,https://www.procyclingstats.com/rider/liam-slock,2000-09-18,2000,Belgium,1.88,74.0,20.94,Ghent,125,finished,177,4619,155,GC,25,BE,Lotto Intermarché,,,",,",131,12678
5,RR,08 July 2026,Lannemezan,Pau,158.3,1395,58,45.42,Sprint of 19 riders,Barguil Warren,https://www.procyclingstats.com/rider/warren-barguil,1991-10-28,1991,France,1.83,61.0,18.21,Hennebont,126,finished,121,3008,211,Climber,34,FR,Team Picnic PostNL,,,",,",131,12678
5,RR,08 July 2026,Lannemezan,Pau,158.3,1395,58,45.42,Sprint of 19 riders,Pacher Quentin,https://www.procyclingstats.com/rider/quentin-pacher,1992-01-06,1992,France,1.79,62.0,19.35,Libourne,127,finished,104,2795,187,Hills,34,FR,Groupama - FDJ United,,,",,",131,12678
5,RR,08 July 2026,Lannemezan,Pau,158.3,1395,58,45.42,Sprint of 19 riders,van der Poel Mathieu,https://www.procyclingstats.com/rider/mathieu-van-der-poel,1995-01-19,1995,Netherlands,1.84,75.0,22.15,Kapellen,128,finished,63,2137,101,Classic,31,NL,Alpecin - Premier Tech,,,",,",131,12678
5,RR,08 July 2026,Lannemezan,Pau,158.3,1395,58,45.42,Sprint of 19 riders,Balderstone Abel,https://www.procyclingstats.com/rider/abel-balderstone-roumens,2000-07-07,2000,Spain,1.79,61.0,19.04,Ullastrell,129,finished,48,1599,222,GC,26,ES,Caja Rural - Seguros RGA,,,",,",131,12678
5,RR,08 July 2026,Lannemezan,Pau,158.3,1395,58,45.42,Sprint of 19 riders,Asgreen Kasper,https://www.procyclingstats.com/rider/kasper-asgreen,1995-02-08,1995,Denmark,1.93,75.0,20.13,Kolding,130,finished,74,2328,42,TT,31,DK,EF Education - EasyPost,,,",,",131,12678
5,RR,08 July 2026,Lannemezan,Pau,158.3,1395,58,45.42,Sprint of 19 riders,van den Broek Frank,https://www.procyclingstats.com/rider/frank-van-den-broek,2000-12-28,2000,Netherlands,1.78,70.0,22.09,Warmond,131,finished,77,2377,218,GC,25,NL,Team Picnic PostNL,,,",,",131,12678
5,RR,08 July 2026,Lannemezan,Pau,158.3,1395,58,45.42,Sprint of 19 riders,Dhondt Robbe,https://www.procyclingstats.com/rider/robbe-dhondt,2004-06-25,2004,Belgium,1.76,,,Zottegem,132,finished,141,3564,215,GC,22,BE,Team Picnic PostNL,,,",,",131,12678
5,RR,08 July 2026,Lannemezan,Pau,158.3,1395,58,45.42,Sprint of 19 riders,Kirsch Alex,https://www.procyclingstats.com/rider/alex-kirsch,1992-06-12,1992,Luxembourg,1.94,78.0,20.72,Luxembourg,133,finished,128,3157,166,TT,34,LU,Cofidis,,,",,",131,12678
5,RR,08 July 2026,Lannemezan,Pau,158.3,1395,58,45.42,Sprint of 19 riders,Healy Ben,https://www.procyclingstats.com/rider/ben-healy,2000-09-11,2000,Ireland,1.75,62.0,20.24,Kingswinford Previous nationalities Great Britain until 2016,134,finished,103,2781,44,Climber,25,IE,EF Education - EasyPost,,,",,",131,12678
5,RR,08 July 2026,Lannemezan,Pau,158.3,1395,58,45.42,Sprint of 19 riders,Van Mechelen Vlad,https://www.procyclingstats.com/rider/vlad-van-mechelen,2004-06-02,2004,Belgium,1.83,73.0,21.8,Leuven,135,finished,56,1861,78,Sprint,22,BE,Bahrain - Victorious,,,2:23,143,12690
5,RR,08 July 2026,Lannemezan,Pau,158.3,1395,58,45.42,Sprint of 19 riders,Riccitello Matthew,https://www.procyclingstats.com/rider/matthew-riccitello,2002-03-05,2002,United States,1.72,55.0,18.59,Tucson,136,finished,130,3189,58,Climber,24,US,Decathlon CMA CGM Team,,,2:35,155,12702
5,RR,08 July 2026,Lannemezan,Pau,158.3,1395,58,45.42,Sprint of 19 riders,Benoot Tiesj,https://www.procyclingstats.com/rider/tiesj-benoot,1994-03-11,1994,Belgium,1.9,72.0,19.94,Ghent,137,finished,35,959,52,Classic,32,BE,Decathlon CMA CGM Team,,,",,",155,12702
5,RR,08 July 2026,Lannemezan,Pau,158.3,1395,58,45.42,Sprint of 19 riders,Vercher Mattéo,https://www.procyclingstats.com/rider/matheo-vercher,2001-01-26,2001,France,1.71,,,Lyon,138,finished,58,1897,208,Hills,25,FR,TotalEnergies,,,",,",155,12702
5,RR,08 July 2026,Lannemezan,Pau,158.3,1395,58,45.42,Sprint of 19 riders,Johannessen Anders Halland,https://www.procyclingstats.com/rider/anders-halland-johannessen,1999-08-23,1999,Norway,1.76,,,Drøbak,139,finished,137,3450,125,GC,26,NO,Uno-X Mobility,,,",,",155,12702
5,RR,08 July 2026,Lannemezan,Pau,158.3,1395,58,45.42,Sprint of 19 riders,Charmig Anthon,https://www.procyclingstats.com/rider/anthon-charmig,1998-03-25,1998,Denmark,1.82,66.0,19.93,Aarhus,140,finished,120,3002,123,GC,28,DK,Uno-X Mobility,,,",,",155,12702
5,RR,08 July 2026,Lannemezan,Pau,158.3,1395,58,45.42,Sprint of 19 riders,Baudin Alex,https://www.procyclingstats.com/rider/alex-baudin,2001-05-25,2001,France,1.83,64.0,19.11,Albertville,141,finished,33,933,43,Climber,25,FR,EF Education - EasyPost,,,",,",155,12702
5,RR,08 July 2026,Lannemezan,Pau,158.3,1395,58,45.42,Sprint of 19 riders,Paret-Peintre Valentin,https://www.procyclingstats.com/rider/valentin-paret-peintre,2001-01-14,2001,France,1.78,52.0,16.41,Annemasse,142,finished,52,1692,93,Climber,25,FR,Soudal Quick-Step,,,",,",155,12702
5,RR,08 July 2026,Lannemezan,Pau,158.3,1395,58,45.42,Sprint of 19 riders,Biermans Jenthe,https://www.procyclingstats.com/rider/jenthe-biermans,1995-10-30,1995,Belgium,1.84,78.0,23.04,Geel,143,finished,152,3871,164,Classic,30,BE,Cofidis,,,",,",155,12702
5,RR,08 July 2026,Lannemezan,Pau,158.3,1395,58,45.42,Sprint of 19 riders,Aranburu Alex,https://www.procyclingstats.com/rider/alex-aranburu,1995-09-19,1995,Spain,1.78,63.0,19.88,Ezkio-Itsaso,144,finished,80,2395,163,Classic,30,ES,Cofidis,,,",,",155,12702
5,RR,08 July 2026,Lannemezan,Pau,158.3,1395,58,45.42,Sprint of 19 riders,Thomas Benjamin,https://www.procyclingstats.com/rider/benjamin-thomas-2,1995-09-12,1995,France,1.79,68.0,21.22,Lavaur,145,finished,116,2958,168,TT,30,FR,Cofidis,,,3:01,181,12728
5,RR,08 July 2026,Lannemezan,Pau,158.3,1395,58,45.42,Sprint of 19 riders,Dillier Silvan,https://www.procyclingstats.com/rider/silvan-dillier,1990-08-03,1990,Switzerland,1.83,75.0,22.4,Aarau,146,finished,129,3162,103,Classic,35,CH,Alpecin - Premier Tech,,,3:20,200,12747
5,RR,08 July 2026,Lannemezan,Pau,158.3,1395,58,45.42,Sprint of 19 riders,Wright Fred,https://www.procyclingstats.com/rider/alfred-wright,1999-06-13,1999,Great Britain,1.84,75.0,22.15,London,147,finished,154,3986,178,Hills,27,GB,Pinarello Q36.5 Pro Cycling Team,,,",,",200,12747
5,RR,08 July 2026,Lannemezan,Pau,158.3,1395,58,45.42,Sprint of 19 riders,Gradek Kamil,https://www.procyclingstats.com/rider/kamil-gradek,1990-09-17,1990,Poland,1.94,83.0,22.05,Koziegłowy,148,finished,173,4515,74,TT,35,PL,Bahrain - Victorious,,,",,",200,12747
5,RR,08 July 2026,Lannemezan,Pau,158.3,1395,58,45.42,Sprint of 19 riders,Costiou Ewen,https://www.procyclingstats.com/rider/ewen-costiou,2002-11-10,2002,France,1.76,64.0,20.66,Brest,149,finished,88,2613,184,GC,23,FR,Groupama - FDJ United,,,",,",200,12747
5,RR,08 July 2026,Lannemezan,Pau,158.3,1395,58,45.42,Sprint of 19 riders,Eenkhoorn Pascal,https://www.procyclingstats.com/rider/pascal-eenkhoorn,1997-02-08,1997,Netherlands,1.85,72.0,21.04,Zwolle,150,finished,81,2410,92,Classic,29,NL,Soudal Quick-Step,,,",,",200,12747
5,RR,08 July 2026,Lannemezan,Pau,158.3,1395,58,45.42,Sprint of 19 riders,Valgren Michael,https://www.procyclingstats.com/rider/michael-valgren-andersen,1992-02-07,1992,Denmark,1.79,71.0,22.16,Østerild,151,finished,106,2815,47,Classic,34,DK,EF Education - EasyPost,,,",,",200,12747
5,RR,08 July 2026,Lannemezan,Pau,158.3,1395,58,45.42,Sprint of 19 riders,Durbridge Luke,https://www.procyclingstats.com/rider/luke-durbridge,1991-04-09,1991,Australia,1.87,78.0,22.31,Greenmount,152,finished,119,2999,113,TT,35,AU,Team Jayco AlUla,,,",,",200,12747
5,RR,08 July 2026,Lannemezan,Pau,158.3,1395,58,45.42,Sprint of 19 riders,Walker Max,https://www.procyclingstats.com/rider/max-walker,2001-07-12,2001,Great Britain,,,,Douglas,153,finished,125,3054,48,TT,24,GB,EF Education - EasyPost,,,",,",200,12747
5,RR,08 July 2026,Lannemezan,Pau,158.3,1395,58,45.42,Sprint of 19 riders,Howson Damien,https://www.procyclingstats.com/rider/damien-howson,1992-08-13,1992,Australia,1.88,68.0,19.24,Adelaide,154,finished,126,3056,175,GC,33,AU,Pinarello Q36.5 Pro Cycling Team,,,",,",200,12747
5,RR,08 July 2026,Lannemezan,Pau,158.3,1395,58,45.42,Sprint of 19 riders,Caruso Damiano,https://www.procyclingstats.com/rider/damiano-caruso,1987-10-12,1987,Italy,1.79,67.0,20.91,Ragusa,155,finished,75,2336,73,GC,38,IT,Bahrain - Victorious,,,",,",200,12747
5,RR,08 July 2026,Lannemezan,Pau,158.3,1395,58,45.42,Sprint of 19 riders,Frigo Marco,https://www.procyclingstats.com/rider/marco-frigo,2000-03-02,2000,Italy,1.88,70.0,19.81,Bassano del Grappa,156,finished,66,2160,134,Climber,26,IT,NSN Cycling Team,,,",,",200,12747
5,RR,08 July 2026,Lannemezan,Pau,158.3,1395,58,45.42,Sprint of 19 riders,Hirschi Marc,https://www.procyclingstats.com/rider/marc-hirschi,1998-08-24,1998,Switzerland,1.74,61.0,20.15,Bern,157,finished,67,2191,194,Classic,27,CH,Tudor Pro Cycling Team,,,",,",200,12747
5,RR,08 July 2026,Lannemezan,Pau,158.3,1395,58,45.42,Sprint of 19 riders,Velasco Simone,https://www.procyclingstats.com/rider/simone-velasco,1995-12-02,1995,Italy,1.7,59.0,20.42,Bologna,158,finished,108,2835,67,Classic,30,IT,XDS Astana Team,,,",,",200,12747
5,RR,08 July 2026,Lannemezan,Pau,158.3,1395,58,45.42,Sprint of 19 riders,Tratnik Jan,https://www.procyclingstats.com/rider/jan-tratnik,1990-02-23,1990,Slovenia,1.73,67.0,22.39,Idrija,159,finished,110,2897,26,TT,36,SI,Red Bull - BORA - hansgrohe,,,",,",200,12747
5,RR,08 July 2026,Lannemezan,Pau,158.3,1395,58,45.42,Sprint of 19 riders,Plapp Luke,https://www.procyclingstats.com/rider/luke-plapp,2000-12-25,2000,Australia,1.81,72.0,21.98,Melbourne,160,finished,86,2548,117,GC,25,AU,Team Jayco AlUla,,,",,",200,12747
5,RR,08 July 2026,Lannemezan,Pau,158.3,1395,58,45.42,Sprint of 19 riders,Harper Chris,https://www.procyclingstats.com/rider/chris-harper,1994-11-23,1994,Australia,1.85,67.0,19.58,Melbourne,161,finished,49,1653,173,GC,31,AU,Pinarello Q36.5 Pro Cycling Team,,,",,",200,12747
5,RR,08 July 2026,Lannemezan,Pau,158.3,1395,58,45.42,Sprint of 19 riders,Hessmann Michel,https://www.procyclingstats.com/rider/michel-hessmann,2001-04-06,2001,Germany,1.91,78.0,21.38,Münster,162,finished,123,3023,145,Hills,25,DE,Movistar Team,,,",,",200,12747
5,RR,08 July 2026,Lannemezan,Pau,158.3,1395,58,45.42,Sprint of 19 riders,Storer Michael,https://www.procyclingstats.com/rider/michael-storer,1997-02-28,1997,Australia,1.77,63.0,20.11,Perth,163,finished,83,2498,196,Climber,29,AU,Tudor Pro Cycling Team,,,",,",200,12747
5,RR,08 July 2026,Lannemezan,Pau,158.3,1395,58,45.42,Sprint of 19 riders,Verstrynge Emiel,https://www.procyclingstats.com/rider/emiel-verstrynge,2002-02-04,2002,Belgium,1.89,69.0,19.32,Eeklo,164,finished,96,2741,108,Climber,24,BE,Alpecin - Premier Tech,,,",,",200,12747
5,RR,08 July 2026,Lannemezan,Pau,158.3,1395,58,45.42,Sprint of 19 riders,Breuillard Nicolas,https://www.procyclingstats.com/rider/nicolas-breuillard,2000-03-13,2000,France,1.75,,,Pertuis,165,finished,50,1679,202,GC,26,FR,TotalEnergies,,,",,",200,12747
5,RR,08 July 2026,Lannemezan,Pau,158.3,1395,58,45.42,Sprint of 19 riders,Steinhauser Georg,https://www.procyclingstats.com/rider/georg-steinhauser,2001-10-21,2001,Germany,1.89,70.0,19.6,Lindenberg im Allgäu,166,finished,105,2799,46,Climber,24,DE,EF Education - EasyPost,,,",,",200,12747
5,RR,08 July 2026,Lannemezan,Pau,158.3,1395,58,45.42,Sprint of 19 riders,Tarling Joshua,https://www.procyclingstats.com/rider/joshua-tarling,2004-02-15,2004,Great Britain,1.94,78.0,20.72,Aberaeron,167,finished,172,4392,87,TT,22,GB,Netcompany INEOS,,,3:29,209,12756
5,RR,08 July 2026,Lannemezan,Pau,158.3,1395,58,45.42,Sprint of 19 riders,Berwick Sebastian,https://www.procyclingstats.com/rider/sebastian-berwick,1999-12-15,1999,Australia,1.75,59.0,19.27,Brisbane,168,finished,99,2751,223,GC,26,AU,Caja Rural - Seguros RGA,,,4:30,270,12817
5,RR,08 July 2026,Lannemezan,Pau,158.3,1395,58,45.42,Sprint of 19 riders,Nicolau Joel,https://www.procyclingstats.com/rider/joel-nicolau,1997-12-23,1997,Spain,1.76,66.0,21.31,Llofriu,169,finished,82,2498,225,Hills,28,ES,Caja Rural - Seguros RGA,,,",,",270,12817
5,RR,08 July 2026,Lannemezan,Pau,158.3,1395,58,45.42,Sprint of 19 riders,Campenaerts Victor,https://www.procyclingstats.com/rider/victor-campenaerts,1991-10-28,1991,Belgium,1.73,68.0,22.72,Hoboken,170,finished,84,2504,14,TT,34,BE,Team Visma | Lease a Bike,,,4:50,290,12837
5,RR,08 July 2026,Lannemezan,Pau,158.3,1395,58,45.42,Sprint of 19 riders,Oldani Stefano,https://www.procyclingstats.com/rider/stefano-oldani,1998-01-10,1998,Italy,1.78,65.0,20.52,Milan,171,finished,142,3572,226,Hills,28,IT,Caja Rural - Seguros RGA,,,4:57,297,12844
5,RR,08 July 2026,Lannemezan,Pau,158.3,1395,58,45.42,Sprint of 19 riders,Otruba Jakub,https://www.procyclingstats.com/rider/jakub-otruba,1998-01-30,1998,Czech Republic,1.9,75.0,20.78,Olomouc,172,finished,127,3057,227,GC,28,CZ,Caja Rural - Seguros RGA,,,",,",297,12844
5,RR,08 July 2026,Lannemezan,Pau,158.3,1395,58,45.42,Sprint of 19 riders,Vervaeke Louis,https://www.procyclingstats.com/rider/louis-vervaeke,1993-10-06,1993,Belgium,1.81,68.0,20.76,Ronse,173,finished,113,2948,98,GC,32,BE,Soudal Quick-Step,,,5:30,330,12877
5,RR,08 July 2026,Lannemezan,Pau,158.3,1395,58,45.42,Sprint of 19 riders,Stuyven Jasper,https://www.procyclingstats.com/rider/jasper-stuyven,1992-04-17,1992,Belgium,1.87,80.0,22.88,Leuven,174,finished,79,2391,94,Classic,34,BE,Soudal Quick-Step,,,",,",330,12877
5,RR,08 July 2026,Lannemezan,Pau,158.3,1395,58,45.42,Sprint of 19 riders,van Baarle Dylan,https://www.procyclingstats.com/rider/dylan-van-baarle,1992-05-21,1992,Netherlands,1.89,74.0,20.72,Voorburg,175,finished,135,3408,95,Classic,34,NL,Soudal Quick-Step,,,",,",330,12877
5,RR,08 July 2026,Lannemezan,Pau,158.3,1395,58,45.42,Sprint of 19 riders,Van Lerberghe Bert,https://www.procyclingstats.com/rider/bert-van-lerberghe,1992-09-29,1992,Belgium,1.9,83.0,22.99,Kortrijk,176,finished,179,4745,96,Classic,33,BE,Soudal Quick-Step,,,",,",330,12877
5,RR,08 July 2026,Lannemezan,Pau,158.3,1395,58,45.42,Sprint of 19 riders,Paret-Peintre Aurélien,https://www.procyclingstats.com/rider/aurelien-paret-peintre,1996-02-27,1996,France,1.84,64.0,18.9,Annemasse,177,finished,55,1785,56,GC,30,FR,Decathlon CMA CGM Team,,,5:38,338,12885
5,RR,08 July 2026,Lannemezan,Pau,158.3,1395,58,45.42,Sprint of 19 riders,Louvel Matis,https://www.procyclingstats.com/rider/matis-louvel,1999-07-19,1999,France,1.87,77.0,22.02,Mont Saint Aignan,178,finished,178,4645,135,Classic,26,FR,NSN Cycling Team,,,6:38,398,12945
5,RR,08 July 2026,Lannemezan,Pau,158.3,1395,58,45.42,Sprint of 19 riders,Matthews Michael,https://www.procyclingstats.com/rider/michael-matthews,1990-09-26,1990,Australia,1.78,72.0,22.72,Canberra,179,finished,70,2208,115,Classic,35,AU,Team Jayco AlUla,,,6:52,412,12959
5,RR,08 July 2026,Lannemezan,Pau,158.3,1395,58,45.42,Sprint of 19 riders,Molenaar Alex,https://www.procyclingstats.com/rider/alex-molenaar,1999-07-13,1999,Netherlands,1.84,63.0,18.61,Rotterdam,180,finished,133,3346,224,Hills,26,NL,Caja Rural - Seguros RGA,,,7:00,420,12967
5,RR,08 July 2026,Lannemezan,Pau,158.3,1395,58,45.42,Sprint of 19 riders,de Kleijn Arvid,https://www.procyclingstats.com/rider/arvid-de-kleijn,1994-03-21,1994,Netherlands,1.71,68.0,23.26,Herveld,181,finished,181,5395,192,Sprint,32,NL,Tudor Pro Cycling Team,,,11:01,661,13208
6,RR,09 July 2026,Pau,Gavarnie-Gèdre,186.2,4149,316,41.056,42.7 km solo,Pogačar Tadej,https://www.procyclingstats.com/rider/tadej-pogacar,1998-09-21,1998,Slovenia,1.76,66.0,21.31,Klanec,1,finished,1,0,1,Climber,27,SI,UAE Team Emirates - XRG,210.0,100.0,4:32:07,0,16327
6,RR,09 July 2026,Pau,Gavarnie-Gèdre,186.2,4149,316,41.056,42.7 km solo,Vingegaard Jonas,https://www.procyclingstats.com/rider/jonas-vingegaard,1996-12-10,1996,Denmark,1.75,58.0,18.94,Hillerslev,2,finished,2,162,11,GC,29,DK,Team Visma | Lease a Bike,150.0,70.0,2:38,158,16485
6,RR,09 July 2026,Pau,Gavarnie-Gèdre,186.2,4149,316,41.056,42.7 km solo,del Toro Isaac,https://www.procyclingstats.com/rider/isaac-del-toro,2003-11-27,2003,Mexico,1.8,64.0,19.75,Ensenada,3,finished,3,207,2,Climber,22,MX,UAE Team Emirates - XRG,110.0,50.0,2:57,177,16504
6,RR,09 July 2026,Pau,Gavarnie-Gèdre,186.2,4149,316,41.056,42.7 km solo,Evenepoel Remco,https://www.procyclingstats.com/rider/remco-evenepoel,2000-01-25,2000,Belgium,1.71,63.0,21.55,Aalst,4,finished,4,210,21,Climber,26,BE,Red Bull - BORA - hansgrohe,90.0,40.0,",,",177,16504
6,RR,09 July 2026,Pau,Gavarnie-Gèdre,186.2,4149,316,41.056,42.7 km solo,Seixas Paul,https://www.procyclingstats.com/rider/paul-seixas,2006-09-24,2006,France,1.86,64.0,18.5,Lyon,5,finished,6,235,51,Climber,19,FR,Decathlon CMA CGM Team,70.0,32.0,",,",177,16504
6,RR,09 July 2026,Pau,Gavarnie-Gèdre,186.2,4149,316,41.056,42.7 km solo,Lipowitz Florian,https://www.procyclingstats.com/rider/florian-lipowitz,2000-09-21,2000,Germany,1.81,68.0,20.76,Laichingen,6,finished,7,240,25,GC,25,DE,Red Bull - BORA - hansgrohe,55.0,26.0,",,",177,16504
6,RR,09 July 2026,Pau,Gavarnie-Gèdre,186.2,4149,316,41.056,42.7 km solo,Ayuso Juan,https://www.procyclingstats.com/rider/juan-ayuso-pesquera,2002-09-16,2002,Spain,1.83,65.0,19.41,Barcelona,7,finished,5,214,31,Climber,23,ES,Lidl - Trek,45.0,22.0,",,",177,16504
6,RR,09 July 2026,Pau,Gavarnie-Gèdre,186.2,4149,316,41.056,42.7 km solo,Skjelmose Mattias,https://www.procyclingstats.com/rider/mattias-skjelmose-jensen,2000-09-26,2000,Denmark,1.8,65.0,20.06,Copenhagen,8,finished,9,297,35,Climber,25,DK,Lidl - Trek,40.0,18.0,",,",177,16504
6,RR,09 July 2026,Pau,Gavarnie-Gèdre,186.2,4149,316,41.056,42.7 km solo,Martinez Lenny,https://www.procyclingstats.com/rider/lenny-martinez,2003-07-11,2003,France,1.68,52.0,18.42,Cannes,9,finished,8,261,71,Climber,22,FR,Bahrain - Victorious,35.0,14.0,3:02,182,16509
6,RR,09 July 2026,Pau,Gavarnie-Gèdre,186.2,4149,316,41.056,42.7 km solo,Kuss Sepp,https://www.procyclingstats.com/rider/sepp-kuss,1994-09-13,1994,United States,1.82,61.0,18.42,Durango,10,finished,24,813,17,Climber,31,US,Team Visma | Lease a Bike,30.0,10.0,3:06,186,16513
6,RR,09 July 2026,Pau,Gavarnie-Gèdre,186.2,4149,316,41.056,42.7 km solo,Bernal Egan,https://www.procyclingstats.com/rider/egan-bernal,1997-01-13,1997,Colombia,1.75,60.0,19.59,Bogotá,11,finished,11,552,81,GC,29,CO,Netcompany INEOS,25.0,8.0,4:47,287,16614
6,RR,09 July 2026,Pau,Gavarnie-Gèdre,186.2,4149,316,41.056,42.7 km solo,Jegat Jordan,https://www.procyclingstats.com/rider/jordan-jegat,1999-06-07,1999,France,1.76,59.0,19.05,Vannes,12,finished,19,656,201,Climber,27,FR,TotalEnergies,20.0,6.0,8:18,498,16825
6,RR,09 July 2026,Pau,Gavarnie-Gèdre,186.2,4149,316,41.056,42.7 km solo,Tejada Harold,https://www.procyclingstats.com/rider/harold-tejada,1997-04-27,1997,Colombia,1.8,63.0,19.44,Pitalito,13,finished,22,786,65,Climber,29,CO,XDS Astana Team,15.0,4.0,",,",498,16825
6,RR,09 July 2026,Pau,Gavarnie-Gèdre,186.2,4149,316,41.056,42.7 km solo,Van Wilder Ilan,https://www.procyclingstats.com/rider/ilan-van-wilder,2000-05-14,2000,Belgium,1.71,64.0,21.89,Jette,14,finished,14,585,97,GC,26,BE,Soudal Quick-Step,10.0,2.0,",,",498,16825
6,RR,09 July 2026,Pau,Gavarnie-Gèdre,186.2,4149,316,41.056,42.7 km solo,Pidcock Tom,https://www.procyclingstats.com/rider/tom-pidcock,1999-07-30,1999,Great Britain,1.7,58.0,20.07,Leeds,15,finished,15,590,171,Classic,26,GB,Pinarello Q36.5 Pro Cycling Team,5.0,1.0,",,",498,16825
6,RR,09 July 2026,Pau,Gavarnie-Gèdre,186.2,4149,316,41.056,42.7 km solo,Voisard Yannis,https://www.procyclingstats.com/rider/yannis-voisard,1998-07-26,1998,Switzerland,,56.0,,Fontenais,16,finished,21,741,198,GC,27,CH,Tudor Pro Cycling Team,,,8:21,501,16828
6,RR,09 July 2026,Pau,Gavarnie-Gèdre,186.2,4149,316,41.056,42.7 km solo,Yates Adam,https://www.procyclingstats.com/rider/adam-yates,1992-08-07,1992,Great Britain,1.73,58.0,19.38,Bury,17,finished,25,871,8,Climber,33,GB,UAE Team Emirates - XRG,,,",,",501,16828
6,RR,09 July 2026,Pau,Gavarnie-Gèdre,186.2,4149,316,41.056,42.7 km solo,Johannessen Tobias Halland,https://www.procyclingstats.com/rider/tobias-halland-johannessen,1999-08-23,1999,Norway,1.76,62.0,20.02,Drøbak,18,finished,13,582,121,Climber,26,NO,Uno-X Mobility,,,",,",501,16828
6,RR,09 July 2026,Pau,Gavarnie-Gèdre,186.2,4149,316,41.056,42.7 km solo,Van Eetvelt Lennert,https://www.procyclingstats.com/rider/lennert-van-eetvelt,2001-07-17,2001,Belgium,1.76,63.0,20.34,Binkom,19,finished,18,651,156,Climber,24,BE,Lotto Intermarché,,,",,",501,16828
6,RR,09 July 2026,Pau,Gavarnie-Gèdre,186.2,4149,316,41.056,42.7 km solo,McNulty Brandon,https://www.procyclingstats.com/rider/brandon-mcnulty,1998-04-02,1998,United States,1.83,69.0,20.6,Phoenix,20,finished,26,1106,4,GC,28,US,UAE Team Emirates - XRG,,,",,",501,16828
6,RR,09 July 2026,Pau,Gavarnie-Gèdre,186.2,4149,316,41.056,42.7 km solo,Piganzoli Davide,https://www.procyclingstats.com/rider/davide-piganzoli,2002-07-08,2002,Italy,1.74,61.0,20.15,Morbegno,21,finished,17,646,18,GC,24,IT,Team Visma | Lease a Bike,,,",,",501,16828
6,RR,09 July 2026,Pau,Gavarnie-Gèdre,186.2,4149,316,41.056,42.7 km solo,Castrillo Pablo,https://www.procyclingstats.com/rider/pablo-castrillo-zapater,2001-01-02,2001,Spain,1.83,74.0,22.1,Jaca,22,finished,23,804,142,Climber,25,ES,Movistar Team,,,8:23,503,16830
6,RR,09 July 2026,Pau,Gavarnie-Gèdre,186.2,4149,316,41.056,42.7 km solo,Carapaz Richard,https://www.procyclingstats.com/rider/richard-carapaz,1993-05-29,1993,Ecuador,1.7,62.0,21.45,El Carmelo,23,finished,16,646,41,Climber,33,EC,EF Education - EasyPost,,,8:51,531,16858
6,RR,09 July 2026,Pau,Gavarnie-Gèdre,186.2,4149,316,41.056,42.7 km solo,Harper Chris,https://www.procyclingstats.com/rider/chris-harper,1994-11-23,1994,Australia,1.85,67.0,19.58,Melbourne,24,finished,33,1763,173,GC,31,AU,Pinarello Q36.5 Pro Cycling Team,,,9:33,573,16900
6,RR,09 July 2026,Pau,Gavarnie-Gèdre,186.2,4149,316,41.056,42.7 km solo,Vacek Mathias,https://www.procyclingstats.com/rider/mathias-vacek,2002-06-12,2002,Czech Republic,1.88,75.0,21.22,Beroun,25,finished,10,430,37,TT,24,CZ,Lidl - Trek,,,11:03,663,16990
6,RR,09 July 2026,Pau,Gavarnie-Gèdre,186.2,4149,316,41.056,42.7 km solo,Debruyne Ramses,https://www.procyclingstats.com/rider/ramses-debruyne,2002-08-31,2002,Belgium,1.79,66.0,20.6,Rollegem,26,finished,20,686,102,Climber,23,BE,Alpecin - Premier Tech,,,",,",663,16990
6,RR,09 July 2026,Pau,Gavarnie-Gèdre,186.2,4149,316,41.056,42.7 km solo,Verona Carlos,https://www.procyclingstats.com/rider/carlos-verona,1992-11-04,1992,Spain,1.86,68.0,19.66,San Lorenzo de El Escorial,27,finished,40,2190,38,GC,33,ES,Lidl - Trek,,,15:46,946,17273
6,RR,09 July 2026,Pau,Gavarnie-Gèdre,186.2,4149,316,41.056,42.7 km solo,Benoot Tiesj,https://www.procyclingstats.com/rider/tiesj-benoot,1994-03-11,1994,Belgium,1.9,72.0,19.94,Ghent,28,finished,30,1506,52,Classic,32,BE,Decathlon CMA CGM Team,,,16:50,1010,17337
6,RR,09 July 2026,Pau,Gavarnie-Gèdre,186.2,4149,316,41.056,42.7 km solo,Arensman Thymen,https://www.procyclingstats.com/rider/thymen-arensman,1999-12-04,1999,Netherlands,1.9,68.0,18.84,Deil,29,finished,27,1159,82,GC,26,NL,Netcompany INEOS,,,",,",1010,17337
6,RR,09 July 2026,Pau,Gavarnie-Gèdre,186.2,4149,316,41.056,42.7 km solo,Prodhomme Nicolas,https://www.procyclingstats.com/rider/nicolas-prodhomme,1997-02-01,1997,France,1.74,63.0,20.81,L'Aigle,30,finished,37,2019,57,GC,29,FR,Decathlon CMA CGM Team,,,",,",1010,17337
6,RR,09 July 2026,Pau,Gavarnie-Gèdre,186.2,4149,316,41.056,42.7 km solo,Quinn Sean,https://www.procyclingstats.com/rider/sean-quinn,2000-05-10,2000,United States,1.87,67.0,19.16,Los Angeles,31,finished,12,575,45,GC,26,US,EF Education - EasyPost,,,",,",1010,17337
6,RR,09 July 2026,Pau,Gavarnie-Gèdre,186.2,4149,316,41.056,42.7 km solo,Hindley Jai,https://www.procyclingstats.com/rider/jai-hindley,1996-05-05,1996,Australia,1.75,60.0,19.59,Perth,32,finished,31,1596,24,Climber,30,AU,Red Bull - BORA - hansgrohe,,,18:38,1118,17445
6,RR,09 July 2026,Pau,Gavarnie-Gèdre,186.2,4149,316,41.056,42.7 km solo,Tiberi Antonio,https://www.procyclingstats.com/rider/antonio-tiberi,2001-06-24,2001,Italy,1.82,62.0,18.72,Frosinone,33,finished,32,1623,77,GC,25,IT,Bahrain - Victorious,,,19:36,1176,17503
6,RR,09 July 2026,Pau,Gavarnie-Gèdre,186.2,4149,316,41.056,42.7 km solo,Martin Guillaume,https://www.procyclingstats.com/rider/guillaume-martin,1993-06-09,1993,France,1.73,55.0,18.38,Paris,34,finished,35,1882,186,Climber,33,FR,Groupama - FDJ United,,,20:57,1257,17584
6,RR,09 July 2026,Pau,Gavarnie-Gèdre,186.2,4149,316,41.056,42.7 km solo,Higuita Sergio,https://www.procyclingstats.com/rider/sergio-higuita,1997-08-01,1997,Colombia,1.66,57.0,20.69,Medellín,35,finished,29,1472,61,Climber,28,CO,XDS Astana Team,,,20:59,1259,17586
6,RR,09 July 2026,Pau,Gavarnie-Gèdre,186.2,4149,316,41.056,42.7 km solo,Jorgenson Matteo,https://www.procyclingstats.com/rider/matteo-jorgenson,1999-07-01,1999,United States,1.9,69.0,19.11,Walnut Creek,36,finished,36,1948,16,GC,27,US,Team Visma | Lease a Bike,,,",,",1259,17586
6,RR,09 July 2026,Pau,Gavarnie-Gèdre,186.2,4149,316,41.056,42.7 km solo,O'Connor Ben,https://www.procyclingstats.com/rider/ben-o-connor,1995-11-25,1995,Australia,1.88,67.0,18.96,Subiaco,37,finished,50,3161,111,GC,30,AU,Team Jayco AlUla,,,22:01,1321,17648
6,RR,09 July 2026,Pau,Gavarnie-Gèdre,186.2,4149,316,41.056,42.7 km solo,Großschartner Felix,https://www.procyclingstats.com/rider/felix-grossschartner,1993-12-23,1993,Austria,1.84,64.0,18.9,Wels,38,finished,46,2539,3,GC,32,AT,UAE Team Emirates - XRG,,,",,",1321,17648
6,RR,09 July 2026,Pau,Gavarnie-Gèdre,186.2,4149,316,41.056,42.7 km solo,Hermans Quinten,https://www.procyclingstats.com/rider/quinten-hermans,1995-07-29,1995,Belgium,1.74,62.0,20.48,Antwerp,39,finished,41,2310,174,Hills,30,BE,Pinarello Q36.5 Pro Cycling Team,,,26:00,1560,17887
6,RR,09 July 2026,Pau,Gavarnie-Gèdre,186.2,4149,316,41.056,42.7 km solo,Foss Tobias,https://www.procyclingstats.com/rider/tobias-foss,1997-05-25,1997,Norway,1.84,74.0,21.86,Vingrom,40,finished,66,3845,83,TT,29,NO,Netcompany INEOS,,,",,",1560,17887
6,RR,09 July 2026,Pau,Gavarnie-Gèdre,186.2,4149,316,41.056,42.7 km solo,Hirschi Marc,https://www.procyclingstats.com/rider/marc-hirschi,1998-08-24,1998,Switzerland,1.74,61.0,20.15,Bern,41,finished,54,3288,194,Classic,27,CH,Tudor Pro Cycling Team,,,",,",1560,17887
6,RR,09 July 2026,Pau,Gavarnie-Gèdre,186.2,4149,316,41.056,42.7 km solo,Riccitello Matthew,https://www.procyclingstats.com/rider/matthew-riccitello,2002-03-05,2002,United States,1.72,55.0,18.59,Tucson,42,finished,84,4286,58,Climber,24,US,Decathlon CMA CGM Team,,,",,",1560,17887
6,RR,09 July 2026,Pau,Gavarnie-Gèdre,186.2,4149,316,41.056,42.7 km solo,Parra José Félix,https://www.procyclingstats.com/rider/jose-felix-parra,1997-01-16,1997,Spain,1.71,55.0,18.81,Ossa de Montiel,43,finished,34,1831,228,GC,29,ES,Caja Rural - Seguros RGA,,,",,",1560,17887
6,RR,09 July 2026,Pau,Gavarnie-Gèdre,186.2,4149,316,41.056,42.7 km solo,Valgren Michael,https://www.procyclingstats.com/rider/michael-valgren-andersen,1992-02-07,1992,Denmark,1.79,71.0,22.16,Østerild,44,finished,68,3912,47,Classic,34,DK,EF Education - EasyPost,,,",,",1560,17887
6,RR,09 July 2026,Pau,Gavarnie-Gèdre,186.2,4149,316,41.056,42.7 km solo,Van Gils Maxim,https://www.procyclingstats.com/rider/maxim-van-gils,1999-11-25,1999,Belgium,1.74,63.0,20.81,Brasschaat,45,finished,45,2517,28,Classic,26,BE,Red Bull - BORA - hansgrohe,,,",,",1560,17887
6,RR,09 July 2026,Pau,Gavarnie-Gèdre,186.2,4149,316,41.056,42.7 km solo,Caruso Damiano,https://www.procyclingstats.com/rider/damiano-caruso,1987-10-12,1987,Italy,1.79,67.0,20.91,Ragusa,46,finished,58,3604,73,GC,38,IT,Bahrain - Victorious,,,28:51,1731,18058
6,RR,09 July 2026,Pau,Gavarnie-Gèdre,186.2,4149,316,41.056,42.7 km solo,Cattaneo Mattia,https://www.procyclingstats.com/rider/mattia-cattaneo,1990-10-25,1990,Italy,1.84,67.0,19.79,Alzano Lombardo,47,finished,56,3472,22,TT,35,IT,Red Bull - BORA - hansgrohe,,,",,",1731,18058
6,RR,09 July 2026,Pau,Gavarnie-Gèdre,186.2,4149,316,41.056,42.7 km solo,Izagirre Ion,https://www.procyclingstats.com/rider/ion-izagirre,1989-02-04,1989,Spain,1.73,60.0,20.05,Ormaiztegi,48,finished,38,2076,161,GC,37,ES,Cofidis,,,",,",1731,18058
6,RR,09 July 2026,Pau,Gavarnie-Gèdre,186.2,4149,316,41.056,42.7 km solo,Wellens Tim,https://www.procyclingstats.com/rider/tim-wellens,1991-05-10,1991,Belgium,1.82,71.0,21.43,Sint-Truiden,49,finished,67,3906,7,GC,35,BE,UAE Team Emirates - XRG,,,",,",1731,18058
6,RR,09 July 2026,Pau,Gavarnie-Gèdre,186.2,4149,316,41.056,42.7 km solo,Johannessen Anders Halland,https://www.procyclingstats.com/rider/anders-halland-johannessen,1999-08-23,1999,Norway,1.76,,,Drøbak,50,finished,101,4782,125,GC,26,NO,Uno-X Mobility,,,29:55,1795,18122
6,RR,09 July 2026,Pau,Gavarnie-Gèdre,186.2,4149,316,41.056,42.7 km solo,Træen Torstein,https://www.procyclingstats.com/rider/torstein-traeen,1995-07-16,1995,Norway,1.81,63.0,19.23,Hønefoss,51,finished,28,1332,127,GC,30,NO,Uno-X Mobility,,,",,",1795,18122
6,RR,09 July 2026,Pau,Gavarnie-Gèdre,186.2,4149,316,41.056,42.7 km solo,Delbove Joris,https://www.procyclingstats.com/rider/joris-delbove,2000-07-15,2000,France,,,,Troyes,52,finished,57,3472,203,GC,25,FR,TotalEnergies,,,30:47,1847,18174
6,RR,09 July 2026,Pau,Gavarnie-Gèdre,186.2,4149,316,41.056,42.7 km solo,Paret-Peintre Valentin,https://www.procyclingstats.com/rider/valentin-paret-peintre,2001-01-14,2001,France,1.78,52.0,16.41,Annemasse,53,finished,49,3076,93,Climber,25,FR,Soudal Quick-Step,,,",,",1847,18174
6,RR,09 July 2026,Pau,Gavarnie-Gèdre,186.2,4149,316,41.056,42.7 km solo,Cepeda Jefferson Alveiro,https://www.procyclingstats.com/rider/jefferson-cepeda-hernandez,1996-03-02,1996,Ecuador,1.7,61.0,21.11,El Playón,54,finished,73,4003,143,GC,30,EC,Movistar Team,,,",,",1847,18174
6,RR,09 July 2026,Pau,Gavarnie-Gèdre,186.2,4149,316,41.056,42.7 km solo,Balderstone Abel,https://www.procyclingstats.com/rider/abel-balderstone-roumens,2000-07-07,2000,Spain,1.79,61.0,19.04,Ullastrell,55,finished,48,2983,222,GC,26,ES,Caja Rural - Seguros RGA,,,",,",1847,18174
6,RR,09 July 2026,Pau,Gavarnie-Gèdre,186.2,4149,316,41.056,42.7 km solo,Rubio Einer,https://www.procyclingstats.com/rider/einer-rubio,1998-02-22,1998,Colombia,1.64,56.0,20.82,Chíquiza,56,finished,62,3694,148,Climber,28,CO,Movistar Team,,,",,",1847,18174
6,RR,09 July 2026,Pau,Gavarnie-Gèdre,186.2,4149,316,41.056,42.7 km solo,Politt Nils,https://www.procyclingstats.com/rider/nils-politt,1994-03-06,1994,Germany,1.92,80.0,21.7,Cologne,57,finished,77,4171,5,Classic,32,DE,UAE Team Emirates - XRG,,,31:25,1885,18212
6,RR,09 July 2026,Pau,Gavarnie-Gèdre,186.2,4149,316,41.056,42.7 km solo,Berwick Sebastian,https://www.procyclingstats.com/rider/sebastian-berwick,1999-12-15,1999,Australia,1.75,59.0,19.27,Brisbane,58,finished,78,4173,223,GC,26,AU,Caja Rural - Seguros RGA,,,",,",1885,18212
6,RR,09 July 2026,Pau,Gavarnie-Gèdre,186.2,4149,316,41.056,42.7 km solo,Gee-West Derek,https://www.procyclingstats.com/rider/derek-gee,1997-08-03,1997,Canada,1.89,72.0,20.16,Ottawa,59,finished,51,3201,32,Climber,28,CA,Lidl - Trek,,,",,",1885,18212
6,RR,09 July 2026,Pau,Gavarnie-Gèdre,186.2,4149,316,41.056,42.7 km solo,Storer Michael,https://www.procyclingstats.com/rider/michael-storer,1997-02-28,1997,Australia,1.77,63.0,20.11,Perth,60,finished,69,3920,196,Climber,29,AU,Tudor Pro Cycling Team,,,",,",1885,18212
6,RR,09 July 2026,Pau,Gavarnie-Gèdre,186.2,4149,316,41.056,42.7 km solo,Simmons Quinn,https://www.procyclingstats.com/rider/quinn-simmons,2001-05-08,2001,United States,1.85,73.0,21.33,Durango,61,finished,43,2415,34,Hills,25,US,Lidl - Trek,,,",,",1885,18212
6,RR,09 July 2026,Pau,Gavarnie-Gèdre,186.2,4149,316,41.056,42.7 km solo,Meurisse Xandro,https://www.procyclingstats.com/rider/xandro-meurisse,1992-01-31,1992,Belgium,1.81,68.0,20.76,Kortrijk,62,finished,59,3623,176,GC,34,BE,Pinarello Q36.5 Pro Cycling Team,,,",,",1885,18212
6,RR,09 July 2026,Pau,Gavarnie-Gèdre,186.2,4149,316,41.056,42.7 km solo,Romo Javier,https://www.procyclingstats.com/rider/javier-romo,1999-01-06,1999,Spain,1.84,70.0,20.68,Villafranca de los Caballeros,63,finished,55,3418,147,GC,27,ES,Movistar Team,,,",,",1885,18212
6,RR,09 July 2026,Pau,Gavarnie-Gèdre,186.2,4149,316,41.056,42.7 km solo,Vauquelin Kévin,https://www.procyclingstats.com/rider/kevin-vauquelin,2001-04-26,2001,France,1.76,69.0,22.28,Bayeux,64,finished,44,2421,88,GC,25,FR,Netcompany INEOS,,,",,",1885,18212
6,RR,09 July 2026,Pau,Gavarnie-Gèdre,186.2,4149,316,41.056,42.7 km solo,García Pierna Raúl,https://www.procyclingstats.com/rider/raul-garcia-pierna,2001-02-23,2001,Spain,1.75,67.0,21.88,Tres Cantos,65,finished,39,2116,144,Climber,25,ES,Movistar Team,,,",,",1885,18212
6,RR,09 July 2026,Pau,Gavarnie-Gèdre,186.2,4149,316,41.056,42.7 km solo,Skujiņš Toms,https://www.procyclingstats.com/rider/toms-skujins,1991-06-15,1991,Latvia,1.81,72.0,21.98,Sigulda,66,finished,65,3783,36,Classic,35,LV,Lidl - Trek,,,",,",1885,18212
6,RR,09 July 2026,Pau,Gavarnie-Gèdre,186.2,4149,316,41.056,42.7 km solo,Skaarseth Anders,https://www.procyclingstats.com/rider/anders-skaarseth,1995-05-07,1995,Norway,1.86,,,Lillehammer,67,finished,47,2898,126,Classic,31,NO,Uno-X Mobility,,,",,",1885,18212
6,RR,09 July 2026,Pau,Gavarnie-Gèdre,186.2,4149,316,41.056,42.7 km solo,Baudin Alex,https://www.procyclingstats.com/rider/alex-baudin,2001-05-25,2001,France,1.83,64.0,19.11,Albertville,68,finished,42,2355,43,Climber,25,FR,EF Education - EasyPost,,,",,",1885,18212
6,RR,09 July 2026,Pau,Gavarnie-Gèdre,186.2,4149,316,41.056,42.7 km solo,Campenaerts Victor,https://www.procyclingstats.com/rider/victor-campenaerts,1991-10-28,1991,Belgium,1.73,68.0,22.72,Hoboken,69,finished,75,4134,14,TT,34,BE,Team Visma | Lease a Bike,,,34:53,2093,18420
6,RR,09 July 2026,Pau,Gavarnie-Gèdre,186.2,4149,316,41.056,42.7 km solo,Craps Lars,https://www.procyclingstats.com/rider/lars-craps,2001-10-17,2001,Belgium,1.85,67.0,19.58,Aalst,70,finished,85,4388,154,GC,24,BE,Lotto Intermarché,,,",,",2093,18420
6,RR,09 July 2026,Pau,Gavarnie-Gèdre,186.2,4149,316,41.056,42.7 km solo,Russo Clément,https://www.procyclingstats.com/rider/clement-russo,1995-01-20,1995,France,1.87,74.0,21.16,Lyon,71,finished,86,4395,188,Classic,31,FR,Groupama - FDJ United,,,",,",2093,18420
6,RR,09 July 2026,Pau,Gavarnie-Gèdre,186.2,4149,316,41.056,42.7 km solo,Delettre Alexandre,https://www.procyclingstats.com/rider/alexandre-delettre,1997-10-25,1997,France,1.7,62.0,21.45,Gonesse,72,finished,61,3685,204,Classic,28,FR,TotalEnergies,,,",,",2093,18420
6,RR,09 July 2026,Pau,Gavarnie-Gèdre,186.2,4149,316,41.056,42.7 km solo,Le Berre Mathis,https://www.procyclingstats.com/rider/mathis-le-berre,2001-04-16,2001,France,1.76,68.0,21.95,Saint-Brieuc,73,finished,79,4179,206,Hills,25,FR,TotalEnergies,,,",,",2093,18420
6,RR,09 July 2026,Pau,Gavarnie-Gèdre,186.2,4149,316,41.056,42.7 km solo,Engelhardt Felix,https://www.procyclingstats.com/rider/felix-engelhardt,2000-08-19,2000,Germany,1.8,68.0,20.99,Ulm,74,finished,106,4839,114,Classic,25,DE,Team Jayco AlUla,,,37:58,2278,18605
6,RR,09 July 2026,Pau,Gavarnie-Gèdre,186.2,4149,316,41.056,42.7 km solo,Howson Damien,https://www.procyclingstats.com/rider/damien-howson,1992-08-13,1992,Australia,1.88,68.0,19.24,Adelaide,75,finished,110,4871,175,GC,33,AU,Pinarello Q36.5 Pro Cycling Team,,,",,",2278,18605
6,RR,09 July 2026,Pau,Gavarnie-Gèdre,186.2,4149,316,41.056,42.7 km solo,Asgreen Kasper,https://www.procyclingstats.com/rider/kasper-asgreen,1995-02-08,1995,Denmark,1.93,75.0,20.13,Kolding,76,finished,76,4170,42,TT,31,DK,EF Education - EasyPost,,,38:25,2305,18632
6,RR,09 July 2026,Pau,Gavarnie-Gèdre,186.2,4149,316,41.056,42.7 km solo,Paret-Peintre Aurélien,https://www.procyclingstats.com/rider/aurelien-paret-peintre,1996-02-27,1996,France,1.84,64.0,18.9,Annemasse,77,finished,60,3627,56,GC,30,FR,Decathlon CMA CGM Team,,,",,",2305,18632
6,RR,09 July 2026,Pau,Gavarnie-Gèdre,186.2,4149,316,41.056,42.7 km solo,Alaphilippe Julian,https://www.procyclingstats.com/rider/julian-alaphilippe,1992-06-11,1992,France,1.73,62.0,20.72,Saint-Amand-Montrond,78,finished,132,5290,191,Classic,34,FR,Tudor Pro Cycling Team,,,",,",2305,18632
6,RR,09 July 2026,Pau,Gavarnie-Gèdre,186.2,4149,316,41.056,42.7 km solo,Kirsch Alex,https://www.procyclingstats.com/rider/alex-kirsch,1992-06-12,1992,Luxembourg,1.94,78.0,20.72,Luxembourg,79,finished,116,4999,166,TT,34,LU,Cofidis,,,",,",2305,18632
6,RR,09 July 2026,Pau,Gavarnie-Gèdre,186.2,4149,316,41.056,42.7 km solo,Vinokurov Nicolas,https://www.procyclingstats.com/rider/nicolas-vinokurov,2002-07-07,2002,Kazakhstan,1.84,69.0,20.38,Nice,80,finished,130,5190,68,GC,24,KZ,XDS Astana Team,,,",,",2305,18632
6,RR,09 July 2026,Pau,Gavarnie-Gèdre,186.2,4149,316,41.056,42.7 km solo,Armirail Bruno,https://www.procyclingstats.com/rider/bruno-armirail,1994-04-11,1994,France,1.9,72.0,19.94,Bagnères-de-Bigorre,81,finished,128,5129,13,TT,32,FR,Team Visma | Lease a Bike,,,",,",2305,18632
6,RR,09 July 2026,Pau,Gavarnie-Gèdre,186.2,4149,316,41.056,42.7 km solo,Oliveira Nelson,https://www.procyclingstats.com/rider/nelson-oliveira,1989-03-06,1989,Portugal,1.8,67.0,20.68,Anadia,82,finished,72,3989,146,TT,37,PT,Movistar Team,,,",,",2305,18632
6,RR,09 July 2026,Pau,Gavarnie-Gèdre,186.2,4149,316,41.056,42.7 km solo,Vercher Mattéo,https://www.procyclingstats.com/rider/matheo-vercher,2001-01-26,2001,France,1.71,,,Lyon,83,finished,63,3739,208,Hills,25,FR,TotalEnergies,,,",,",2305,18632
6,RR,09 July 2026,Pau,Gavarnie-Gèdre,186.2,4149,316,41.056,42.7 km solo,van Baarle Dylan,https://www.procyclingstats.com/rider/dylan-van-baarle,1992-05-21,1992,Netherlands,1.89,74.0,20.72,Voorburg,84,finished,131,5250,95,Classic,34,NL,Soudal Quick-Step,,,",,",2305,18632
6,RR,09 July 2026,Pau,Gavarnie-Gèdre,186.2,4149,316,41.056,42.7 km solo,Vervaeke Louis,https://www.procyclingstats.com/rider/louis-vervaeke,1993-10-06,1993,Belgium,1.81,68.0,20.76,Ronse,85,finished,103,4790,98,GC,32,BE,Soudal Quick-Step,,,",,",2305,18632
6,RR,09 July 2026,Pau,Gavarnie-Gèdre,186.2,4149,316,41.056,42.7 km solo,Van Moer Brent,https://www.procyclingstats.com/rider/brent-van-moer,1998-01-12,1998,Belgium,1.91,79.0,21.66,Beveren,86,finished,102,4786,177,Classic,28,BE,Pinarello Q36.5 Pro Cycling Team,,,42:08,2528,18855
6,RR,09 July 2026,Pau,Gavarnie-Gèdre,186.2,4149,316,41.056,42.7 km solo,Stuyven Jasper,https://www.procyclingstats.com/rider/jasper-stuyven,1992-04-17,1992,Belgium,1.87,80.0,22.88,Leuven,87,finished,89,4456,94,Classic,34,BE,Soudal Quick-Step,,,",,",2528,18855
6,RR,09 July 2026,Pau,Gavarnie-Gèdre,186.2,4149,316,41.056,42.7 km solo,Slock Liam,https://www.procyclingstats.com/rider/liam-slock,2000-09-18,2000,Belgium,1.88,74.0,20.94,Ghent,88,finished,174,6684,155,GC,25,BE,Lotto Intermarché,,,",,",2528,18855
6,RR,09 July 2026,Pau,Gavarnie-Gèdre,186.2,4149,316,41.056,42.7 km solo,Artz Huub,https://www.procyclingstats.com/rider/huub-artz,2002-05-14,2002,Netherlands,1.86,71.0,20.52,Wintelre,89,finished,165,6438,152,Hills,24,NL,Lotto Intermarché,,,",,",2528,18855
6,RR,09 July 2026,Pau,Gavarnie-Gèdre,186.2,4149,316,41.056,42.7 km solo,Guernalec Thibault,https://www.procyclingstats.com/rider/thibault-guernalec,1997-07-31,1997,France,1.85,71.0,20.75,Châteaulin,90,finished,119,5017,205,TT,28,FR,TotalEnergies,,,",,",2528,18855
6,RR,09 July 2026,Pau,Gavarnie-Gèdre,186.2,4149,316,41.056,42.7 km solo,Barguil Warren,https://www.procyclingstats.com/rider/warren-barguil,1991-10-28,1991,France,1.83,61.0,18.21,Hennebont,91,finished,124,5073,211,Climber,34,FR,Team Picnic PostNL,,,",,",2528,18855
6,RR,09 July 2026,Pau,Gavarnie-Gèdre,186.2,4149,316,41.056,42.7 km solo,Berckmoes Jenno,https://www.procyclingstats.com/rider/jenno-berckmoes,2001-02-04,2001,Belgium,1.77,61.0,19.47,Ghent,92,finished,100,4773,153,Classic,25,BE,Lotto Intermarché,,,",,",2528,18855
6,RR,09 July 2026,Pau,Gavarnie-Gèdre,186.2,4149,316,41.056,42.7 km solo,Wright Fred,https://www.procyclingstats.com/rider/alfred-wright,1999-06-13,1999,Great Britain,1.84,75.0,22.15,London,93,finished,152,6051,178,Hills,27,GB,Pinarello Q36.5 Pro Cycling Team,,,",,",2528,18855
6,RR,09 July 2026,Pau,Gavarnie-Gèdre,186.2,4149,316,41.056,42.7 km solo,Pacher Quentin,https://www.procyclingstats.com/rider/quentin-pacher,1992-01-06,1992,France,1.79,62.0,19.35,Libourne,94,finished,108,4860,187,Hills,34,FR,Groupama - FDJ United,,,",,",2528,18855
6,RR,09 July 2026,Pau,Gavarnie-Gèdre,186.2,4149,316,41.056,42.7 km solo,Veistroffer Baptiste,https://www.procyclingstats.com/rider/baptiste-veistroffer,2000-05-29,2000,France,1.82,73.0,22.04,Fouesnant,95,finished,155,6147,157,Hills,26,FR,Lotto Intermarché,,,",,",2528,18855
6,RR,09 July 2026,Pau,Gavarnie-Gèdre,186.2,4149,316,41.056,42.7 km solo,Abrahamsen Jonas,https://www.procyclingstats.com/rider/jonas-abrahamsen,1995-09-20,1995,Norway,1.83,78.0,23.29,Skien,96,finished,105,4820,122,Classic,30,NO,Uno-X Mobility,,,",,",2528,18855
6,RR,09 July 2026,Pau,Gavarnie-Gèdre,186.2,4149,316,41.056,42.7 km solo,Godon Dorian,https://www.procyclingstats.com/rider/dorian-godon,1996-05-25,1996,France,1.89,74.0,20.72,Vitry-sur-Seine,97,finished,156,6210,85,Hills,30,FR,Netcompany INEOS,,,",,",2528,18855
6,RR,09 July 2026,Pau,Gavarnie-Gèdre,186.2,4149,316,41.056,42.7 km solo,Charmig Anthon,https://www.procyclingstats.com/rider/anthon-charmig,1998-03-25,1998,Denmark,1.82,66.0,19.93,Aarhus,98,finished,123,5067,123,GC,28,DK,Uno-X Mobility,,,",,",2528,18855
6,RR,09 July 2026,Pau,Gavarnie-Gèdre,186.2,4149,316,41.056,42.7 km solo,Van Mechelen Vlad,https://www.procyclingstats.com/rider/vlad-van-mechelen,2004-06-02,2004,Belgium,1.83,73.0,21.8,Leuven,99,finished,70,3926,78,Sprint,22,BE,Bahrain - Victorious,,,",,",2528,18855
6,RR,09 July 2026,Pau,Gavarnie-Gèdre,186.2,4149,316,41.056,42.7 km solo,Stannard Robert,https://www.procyclingstats.com/rider/robert-stannard,1998-09-16,1998,Australia,1.79,74.0,23.1,Sydney Previous nationalities New Zealand until 2016,100,finished,111,4892,76,Hills,27,AU,Bahrain - Victorious,,,",,",2528,18855
6,RR,09 July 2026,Pau,Gavarnie-Gèdre,186.2,4149,316,41.056,42.7 km solo,Trentin Matteo,https://www.procyclingstats.com/rider/matteo-trentin,1989-08-02,1989,Italy,1.79,74.0,23.1,Borgo Valsugana,101,finished,154,6111,197,Classic,36,IT,Tudor Pro Cycling Team,,,",,",2528,18855
6,RR,09 July 2026,Pau,Gavarnie-Gèdre,186.2,4149,316,41.056,42.7 km solo,Mohorič Matej,https://www.procyclingstats.com/rider/matej-mohoric,1994-10-19,1994,Slovenia,1.86,71.0,20.52,Kranj,102,finished,121,5058,75,Classic,31,SI,Bahrain - Victorious,,,",,",2528,18855
6,RR,09 July 2026,Pau,Gavarnie-Gèdre,186.2,4149,316,41.056,42.7 km solo,Denz Nico,https://www.procyclingstats.com/rider/nico-denz,1994-02-15,1994,Germany,1.83,71.0,21.2,Waldshut-Tiengen,103,finished,88,4448,23,Hills,32,DE,Red Bull - BORA - hansgrohe,,,",,",2528,18855
6,RR,09 July 2026,Pau,Gavarnie-Gèdre,186.2,4149,316,41.056,42.7 km solo,Germani Lorenzo,https://www.procyclingstats.com/rider/lorenzo-germani,2002-03-03,2002,Italy,1.79,62.0,19.35,Sora,104,finished,81,4218,185,GC,24,IT,Groupama - FDJ United,,,",,",2528,18855
6,RR,09 July 2026,Pau,Gavarnie-Gèdre,186.2,4149,316,41.056,42.7 km solo,van der Poel Mathieu,https://www.procyclingstats.com/rider/mathieu-van-der-poel,1995-01-19,1995,Netherlands,1.84,75.0,22.15,Kapellen,105,finished,80,4202,101,Classic,31,NL,Alpecin - Premier Tech,,,",,",2528,18855
6,RR,09 July 2026,Pau,Gavarnie-Gèdre,186.2,4149,316,41.056,42.7 km solo,Tratnik Jan,https://www.procyclingstats.com/rider/jan-tratnik,1990-02-23,1990,Slovenia,1.73,67.0,22.39,Idrija,106,finished,114,4962,26,TT,36,SI,Red Bull - BORA - hansgrohe,,,",,",2528,18855
6,RR,09 July 2026,Pau,Gavarnie-Gèdre,186.2,4149,316,41.056,42.7 km solo,Pluimers Rick,https://www.procyclingstats.com/rider/rick-pluimers,2000-12-07,2000,Netherlands,1.8,67.0,20.68,Enter,107,finished,97,4700,195,Hills,25,NL,Tudor Pro Cycling Team,,,",,",2528,18855
6,RR,09 July 2026,Pau,Gavarnie-Gèdre,186.2,4149,316,41.056,42.7 km solo,van Dijke Tim,https://www.procyclingstats.com/rider/tim-van-dijke,2000-03-15,2000,Netherlands,1.89,74.0,20.72,Goes,108,finished,147,5895,27,Classic,26,NL,Red Bull - BORA - hansgrohe,,,",,",2528,18855
6,RR,09 July 2026,Pau,Gavarnie-Gèdre,186.2,4149,316,41.056,42.7 km solo,Rickaert Jonas,https://www.procyclingstats.com/rider/jonas-rickaert,1994-02-07,1994,Belgium,1.9,88.0,24.38,Sint-Eloois-Vijve,109,finished,115,4982,107,Classic,32,BE,Alpecin - Premier Tech,,,",,",2528,18855
6,RR,09 July 2026,Pau,Gavarnie-Gèdre,186.2,4149,316,41.056,42.7 km solo,Wærenskjold Søren,https://www.procyclingstats.com/rider/soren-waerenskjold,2000-03-12,2000,Norway,1.95,92.0,24.19,Mandal,110,finished,145,5809,128,Classic,26,NO,Uno-X Mobility,,,",,",2528,18855
6,RR,09 July 2026,Pau,Gavarnie-Gèdre,186.2,4149,316,41.056,42.7 km solo,Hagenes Per Strand,https://www.procyclingstats.com/rider/per-strand-hagenes,2003-07-10,2003,Norway,1.86,78.0,22.55,Sandnes,111,finished,151,6008,15,Classic,22,NO,Team Visma | Lease a Bike,,,",,",2528,18855
6,RR,09 July 2026,Pau,Gavarnie-Gèdre,186.2,4149,316,41.056,42.7 km solo,Bittner Pavel,https://www.procyclingstats.com/rider/pavel-bittner,2002-10-29,2002,Czech Republic,1.84,73.0,21.56,Olomouc,112,finished,157,6265,213,Sprint,23,CZ,Team Picnic PostNL,,,",,",2528,18855
6,RR,09 July 2026,Pau,Gavarnie-Gèdre,186.2,4149,316,41.056,42.7 km solo,Vermeersch Florian,https://www.procyclingstats.com/rider/florian-vermeersch,1999-03-12,1999,Belgium,1.93,85.0,22.82,Ghent,113,finished,141,5699,6,Classic,27,BE,UAE Team Emirates - XRG,,,",,",2528,18855
6,RR,09 July 2026,Pau,Gavarnie-Gèdre,186.2,4149,316,41.056,42.7 km solo,Fretin Milan,https://www.procyclingstats.com/rider/milan-fretin,2001-03-19,2001,Belgium,1.82,70.0,21.13,Genk,114,finished,161,6365,165,Classic,25,BE,Cofidis,,,",,",2528,18855
6,RR,09 July 2026,Pau,Gavarnie-Gèdre,186.2,4149,316,41.056,42.7 km solo,Frigo Marco,https://www.procyclingstats.com/rider/marco-frigo,2000-03-02,2000,Italy,1.88,70.0,19.81,Bassano del Grappa,115,finished,82,4225,134,Climber,26,IT,NSN Cycling Team,,,",,",2528,18855
6,RR,09 July 2026,Pau,Gavarnie-Gèdre,186.2,4149,316,41.056,42.7 km solo,Aranburu Alex,https://www.procyclingstats.com/rider/alex-aranburu,1995-09-19,1995,Spain,1.78,63.0,19.88,Ezkio-Itsaso,116,finished,90,4460,163,Classic,30,ES,Cofidis,,,",,",2528,18855
6,RR,09 July 2026,Pau,Gavarnie-Gèdre,186.2,4149,316,41.056,42.7 km solo,van den Broek Frank,https://www.procyclingstats.com/rider/frank-van-den-broek,2000-12-28,2000,Netherlands,1.78,70.0,22.09,Warmond,117,finished,87,4442,218,GC,25,NL,Team Picnic PostNL,,,",,",2528,18855
6,RR,09 July 2026,Pau,Gavarnie-Gèdre,186.2,4149,316,41.056,42.7 km solo,Teunissen Mike,https://www.procyclingstats.com/rider/mike-teunissen,1992-08-25,1992,Netherlands,1.84,73.0,21.56,Ysselsteyn,118,finished,134,5408,66,Classic,33,NL,XDS Astana Team,,,",,",2528,18855
6,RR,09 July 2026,Pau,Gavarnie-Gèdre,186.2,4149,316,41.056,42.7 km solo,Biermans Jenthe,https://www.procyclingstats.com/rider/jenthe-biermans,1995-10-30,1995,Belgium,1.84,78.0,23.04,Geel,119,finished,149,5936,164,Classic,30,BE,Cofidis,,,",,",2528,18855
6,RR,09 July 2026,Pau,Gavarnie-Gèdre,186.2,4149,316,41.056,42.7 km solo,Velasco Simone,https://www.procyclingstats.com/rider/simone-velasco,1995-12-02,1995,Italy,1.7,59.0,20.42,Bologna,120,finished,112,4900,67,Classic,30,IT,XDS Astana Team,,,",,",2528,18855
6,RR,09 July 2026,Pau,Gavarnie-Gèdre,186.2,4149,316,41.056,42.7 km solo,Van Asbroeck Tom,https://www.procyclingstats.com/rider/tom-van-asbroeck,1990-04-19,1990,Belgium,1.82,72.0,21.74,Aalst,121,finished,143,5736,138,Sprint,36,BE,NSN Cycling Team,,,",,",2528,18855
6,RR,09 July 2026,Pau,Gavarnie-Gèdre,186.2,4149,316,41.056,42.7 km solo,Nicolau Joel,https://www.procyclingstats.com/rider/joel-nicolau,1997-12-23,1997,Spain,1.76,66.0,21.31,Llofriu,122,finished,92,4563,225,Hills,28,ES,Caja Rural - Seguros RGA,,,",,",2528,18855
6,RR,09 July 2026,Pau,Gavarnie-Gèdre,186.2,4149,316,41.056,42.7 km solo,Oldani Stefano,https://www.procyclingstats.com/rider/stefano-oldani,1998-01-10,1998,Italy,1.78,65.0,20.52,Milan,123,finished,140,5637,226,Hills,28,IT,Caja Rural - Seguros RGA,,,",,",2528,18855
6,RR,09 July 2026,Pau,Gavarnie-Gèdre,186.2,4149,316,41.056,42.7 km solo,Azparren Xabier Mikel,https://www.procyclingstats.com/rider/xabier-mikel-azparren-irurzun,1999-02-25,1999,Spain,,,,San Sebastián,124,finished,120,5055,172,TT,27,ES,Pinarello Q36.5 Pro Cycling Team,,,",,",2528,18855
6,RR,09 July 2026,Pau,Gavarnie-Gèdre,186.2,4149,316,41.056,42.7 km solo,Matthews Michael,https://www.procyclingstats.com/rider/michael-matthews,1990-09-26,1990,Australia,1.78,72.0,22.72,Canberra,125,finished,83,4273,115,Classic,35,AU,Team Jayco AlUla,,,",,",2528,18855
6,RR,09 July 2026,Pau,Gavarnie-Gèdre,186.2,4149,316,41.056,42.7 km solo,Bennett George,https://www.procyclingstats.com/rider/george-bennett,1990-04-07,1990,New Zealand,1.81,58.0,17.7,Nelson,126,finished,52,3224,133,GC,36,NZ,NSN Cycling Team,,,",,",2528,18855
6,RR,09 July 2026,Pau,Gavarnie-Gèdre,186.2,4149,316,41.056,42.7 km solo,Durbridge Luke,https://www.procyclingstats.com/rider/luke-durbridge,1991-04-09,1991,Australia,1.87,78.0,22.31,Greenmount,127,finished,122,5064,113,TT,35,AU,Team Jayco AlUla,,,",,",2528,18855
6,RR,09 July 2026,Pau,Gavarnie-Gèdre,186.2,4149,316,41.056,42.7 km solo,Ganna Filippo,https://www.procyclingstats.com/rider/filippo-ganna,1996-07-25,1996,Italy,1.93,83.0,22.28,Verbania,128,finished,160,6337,84,TT,29,IT,Netcompany INEOS,,,",,",2528,18855
6,RR,09 July 2026,Pau,Gavarnie-Gèdre,186.2,4149,316,41.056,42.7 km solo,Ackermann Pascal,https://www.procyclingstats.com/rider/pascal-ackermann,1994-01-17,1994,Germany,1.8,78.0,24.07,Kandel,129,finished,164,6427,112,Sprint,32,DE,Team Jayco AlUla,,,",,",2528,18855
6,RR,09 July 2026,Pau,Gavarnie-Gèdre,186.2,4149,316,41.056,42.7 km solo,Neilands Krists,https://www.procyclingstats.com/rider/krists-neilands,1994-08-18,1994,Latvia,1.89,69.0,19.32,Kuldīga,130,finished,118,5014,136,Classic,31,LV,NSN Cycling Team,,,",,",2528,18855
6,RR,09 July 2026,Pau,Gavarnie-Gèdre,186.2,4149,316,41.056,42.7 km solo,Haller Marco,https://www.procyclingstats.com/rider/marco-haller,1991-04-01,1991,Austria,1.78,72.0,22.72,Sankt Veit an der Glan,131,finished,177,6953,193,Classic,35,AT,Tudor Pro Cycling Team,,,",,",2528,18855
6,RR,09 July 2026,Pau,Gavarnie-Gèdre,186.2,4149,316,41.056,42.7 km solo,Degenkolb John,https://www.procyclingstats.com/rider/john-degenkolb,1989-01-07,1989,Germany,1.8,82.0,25.31,Gera,132,finished,159,6312,214,Classic,37,DE,Team Picnic PostNL,,,",,",2528,18855
6,RR,09 July 2026,Pau,Gavarnie-Gèdre,186.2,4149,316,41.056,42.7 km solo,Biesterbos Frits,https://www.procyclingstats.com/rider/frits-biesterbos,2002-02-14,2002,Netherlands,,,,Apeldoorn,133,finished,142,5730,212,Classic,24,NL,Team Picnic PostNL,,,",,",2528,18855
6,RR,09 July 2026,Pau,Gavarnie-Gèdre,186.2,4149,316,41.056,42.7 km solo,Tarling Joshua,https://www.procyclingstats.com/rider/joshua-tarling,2004-02-15,2004,Great Britain,1.94,78.0,20.72,Aberaeron,134,finished,166,6457,87,TT,22,GB,Netcompany INEOS,,,",,",2528,18855
6,RR,09 July 2026,Pau,Gavarnie-Gèdre,186.2,4149,316,41.056,42.7 km solo,Turgis Anthony,https://www.procyclingstats.com/rider/anthony-turgis,1994-05-16,1994,France,1.78,70.0,22.09,Bourg-la-Reine,135,finished,117,5004,207,Classic,32,FR,TotalEnergies,,,",,",2528,18855
6,RR,09 July 2026,Pau,Gavarnie-Gèdre,186.2,4149,316,41.056,42.7 km solo,Stewart Jake,https://www.procyclingstats.com/rider/jake-stewart,1999-10-02,1999,Great Britain,1.79,66.0,20.6,Coventry,136,finished,162,6366,137,Hills,26,GB,NSN Cycling Team,,,",,",2528,18855
6,RR,09 July 2026,Pau,Gavarnie-Gèdre,186.2,4149,316,41.056,42.7 km solo,Breuillard Nicolas,https://www.procyclingstats.com/rider/nicolas-breuillard,2000-03-13,2000,France,1.75,,,Pertuis,137,finished,64,3744,202,GC,26,FR,TotalEnergies,,,",,",2528,18855
6,RR,09 July 2026,Pau,Gavarnie-Gèdre,186.2,4149,316,41.056,42.7 km solo,Cort Magnus,https://www.procyclingstats.com/rider/magnus-cort-nielsen,1993-01-16,1993,Denmark,1.84,68.0,20.09,Rønne,138,finished,98,4700,124,Hills,33,DK,Uno-X Mobility,,,",,",2528,18855
6,RR,09 July 2026,Pau,Gavarnie-Gèdre,186.2,4149,316,41.056,42.7 km solo,van den Berg Julius,https://www.procyclingstats.com/rider/julius-van-den-berg,1996-10-23,1996,Netherlands,1.9,78.0,21.61,Purmerend,139,finished,158,6302,217,Sprint,29,NL,Team Picnic PostNL,,,",,",2528,18855
6,RR,09 July 2026,Pau,Gavarnie-Gèdre,186.2,4149,316,41.056,42.7 km solo,Verstrynge Emiel,https://www.procyclingstats.com/rider/emiel-verstrynge,2002-02-04,2002,Belgium,1.89,69.0,19.32,Eeklo,140,finished,104,4806,108,Climber,24,BE,Alpecin - Premier Tech,,,",,",2528,18855
6,RR,09 July 2026,Pau,Gavarnie-Gèdre,186.2,4149,316,41.056,42.7 km solo,Affini Edoardo,https://www.procyclingstats.com/rider/edoardo-affini,1996-06-24,1996,Italy,1.9,85.0,23.55,Mantua,141,finished,153,6067,12,TT,30,IT,Team Visma | Lease a Bike,,,",,",2528,18855
6,RR,09 July 2026,Pau,Gavarnie-Gèdre,186.2,4149,316,41.056,42.7 km solo,Steinhauser Georg,https://www.procyclingstats.com/rider/georg-steinhauser,2001-10-21,2001,Germany,1.89,70.0,19.6,Lindenberg im Allgäu,142,finished,109,4864,46,Climber,24,DE,EF Education - EasyPost,,,",,",2528,18855
6,RR,09 July 2026,Pau,Gavarnie-Gèdre,186.2,4149,316,41.056,42.7 km solo,Walker Max,https://www.procyclingstats.com/rider/max-walker,2001-07-12,2001,Great Britain,,,,Douglas,143,finished,127,5119,48,TT,24,GB,EF Education - EasyPost,,,",,",2528,18855
6,RR,09 July 2026,Pau,Gavarnie-Gèdre,186.2,4149,316,41.056,42.7 km solo,Healy Ben,https://www.procyclingstats.com/rider/ben-healy,2000-09-11,2000,Ireland,1.75,62.0,20.24,Kingswinford Previous nationalities Great Britain until 2016,144,finished,107,4846,44,Climber,25,IE,EF Education - EasyPost,,,",,",2528,18855
6,RR,09 July 2026,Pau,Gavarnie-Gèdre,186.2,4149,316,41.056,42.7 km solo,Gate Aaron,https://www.procyclingstats.com/rider/aaron-gate,1990-11-26,1990,New Zealand,1.81,71.0,21.67,Auckland,145,finished,113,4919,63,GC,35,NZ,XDS Astana Team,,,",,",2528,18855
6,RR,09 July 2026,Pau,Gavarnie-Gèdre,186.2,4149,316,41.056,42.7 km solo,Kanter Max,https://www.procyclingstats.com/rider/max-kanter,1997-10-22,1997,Germany,1.76,68.0,21.95,Cottbus,146,finished,136,5554,64,Sprint,28,DE,XDS Astana Team,,,",,",2528,18855
6,RR,09 July 2026,Pau,Gavarnie-Gèdre,186.2,4149,316,41.056,42.7 km solo,Kwiatkowski Michał,https://www.procyclingstats.com/rider/michal-kwiatkowski,1990-06-02,1990,Poland,1.76,68.0,21.95,Chełmża,147,finished,138,5628,86,Classic,36,PL,Netcompany INEOS,,,",,",2528,18855
6,RR,09 July 2026,Pau,Gavarnie-Gèdre,186.2,4149,316,41.056,42.7 km solo,Schmid Mauro,https://www.procyclingstats.com/rider/mauro-schmid,1999-12-04,1999,Switzerland,1.87,70.0,20.02,Bülach,148,finished,93,4593,118,Hills,26,CH,Team Jayco AlUla,,,",,",2528,18855
6,RR,09 July 2026,Pau,Gavarnie-Gèdre,186.2,4149,316,41.056,42.7 km solo,Plapp Luke,https://www.procyclingstats.com/rider/luke-plapp,2000-12-25,2000,Australia,1.81,72.0,21.98,Melbourne,149,finished,94,4613,117,GC,25,AU,Team Jayco AlUla,,,",,",2528,18855
6,RR,09 July 2026,Pau,Gavarnie-Gèdre,186.2,4149,316,41.056,42.7 km solo,Zimmermann Georg,https://www.procyclingstats.com/rider/georg-zimmermann,1997-10-11,1997,Germany,1.81,70.0,21.37,Augsburg,150,finished,71,3942,158,Classic,28,DE,Lotto Intermarché,,,",,",2528,18855
6,RR,09 July 2026,Pau,Gavarnie-Gèdre,186.2,4149,316,41.056,42.7 km solo,Gradek Kamil,https://www.procyclingstats.com/rider/kamil-gradek,1990-09-17,1990,Poland,1.94,83.0,22.05,Koziegłowy,151,finished,170,6580,74,TT,35,PL,Bahrain - Victorious,,,",,",2528,18855
6,RR,09 July 2026,Pau,Gavarnie-Gèdre,186.2,4149,316,41.056,42.7 km solo,Dhondt Robbe,https://www.procyclingstats.com/rider/robbe-dhondt,2004-06-25,2004,Belgium,1.76,,,Zottegem,152,finished,139,5629,215,GC,22,BE,Team Picnic PostNL,,,",,",2528,18855
6,RR,09 July 2026,Pau,Gavarnie-Gèdre,186.2,4149,316,41.056,42.7 km solo,Braz Afonso Clément,https://www.procyclingstats.com/rider/clement-braz-afonso,1999-11-08,1999,France,1.63,50.0,18.82,Brive-la-Gaillarde,153,finished,74,4033,183,Climber,26,FR,Groupama - FDJ United,,,",,",2528,18855
6,RR,09 July 2026,Pau,Gavarnie-Gèdre,186.2,4149,316,41.056,42.7 km solo,Hessmann Michel,https://www.procyclingstats.com/rider/michel-hessmann,2001-04-06,2001,Germany,1.91,78.0,21.38,Münster,154,finished,126,5088,145,Hills,25,DE,Movistar Team,,,",,",2528,18855
6,RR,09 July 2026,Pau,Gavarnie-Gèdre,186.2,4149,316,41.056,42.7 km solo,Louvel Matis,https://www.procyclingstats.com/rider/matis-louvel,1999-07-19,1999,France,1.87,77.0,22.02,Mont Saint Aignan,155,finished,175,6710,135,Classic,26,FR,NSN Cycling Team,,,",,",2528,18855
6,RR,09 July 2026,Pau,Gavarnie-Gèdre,186.2,4149,316,41.056,42.7 km solo,Page Hugo,https://www.procyclingstats.com/rider/hugo-page,2001-07-24,2001,France,1.85,71.0,20.75,Chartres,156,finished,144,5795,167,Classic,24,FR,Cofidis,,,",,",2528,18855
6,RR,09 July 2026,Pau,Gavarnie-Gèdre,186.2,4149,316,41.056,42.7 km solo,Grégoire Romain,https://www.procyclingstats.com/rider/romain-gregoire,2003-01-21,2003,France,1.76,64.0,20.66,Besançon,157,finished,53,3263,181,Classic,23,FR,Groupama - FDJ United,,,",,",2528,18855
6,RR,09 July 2026,Pau,Gavarnie-Gèdre,186.2,4149,316,41.056,42.7 km solo,Costiou Ewen,https://www.procyclingstats.com/rider/ewen-costiou,2002-11-10,2002,France,1.76,64.0,20.66,Brest,158,finished,96,4678,184,GC,23,FR,Groupama - FDJ United,,,",,",2528,18855
6,RR,09 July 2026,Pau,Gavarnie-Gèdre,186.2,4149,316,41.056,42.7 km solo,Ballerini Davide,https://www.procyclingstats.com/rider/davide-ballerini,1994-09-21,1994,Italy,1.83,71.0,21.2,Cantù,159,finished,171,6581,62,Classic,31,IT,XDS Astana Team,,,",,",2528,18855
6,RR,09 July 2026,Pau,Gavarnie-Gèdre,186.2,4149,316,41.056,42.7 km solo,Girmay Biniam,https://www.procyclingstats.com/rider/biniam-girmay,2000-04-02,2000,Eritrea,1.84,70.0,20.68,Asmara,160,finished,137,5573,131,Classic,26,ER,NSN Cycling Team,,,",,",2528,18855
6,RR,09 July 2026,Pau,Gavarnie-Gèdre,186.2,4149,316,41.056,42.7 km solo,Planckaert Edward,https://www.procyclingstats.com/rider/edward-planckaert,1995-02-01,1995,Belgium,1.78,71.0,22.41,Kortrijk,161,finished,99,4729,106,Classic,31,BE,Alpecin - Premier Tech,,,",,",2528,18855
6,RR,09 July 2026,Pau,Gavarnie-Gèdre,186.2,4149,316,41.056,42.7 km solo,Thomas Benjamin,https://www.procyclingstats.com/rider/benjamin-thomas-2,1995-09-12,1995,France,1.79,68.0,21.22,Lavaur,162,finished,125,5076,168,TT,30,FR,Cofidis,,,43:01,2581,18908
6,RR,09 July 2026,Pau,Gavarnie-Gèdre,186.2,4149,316,41.056,42.7 km solo,Kooij Olav,https://www.procyclingstats.com/rider/olav-kooij,2001-10-17,2001,Netherlands,1.84,72.0,21.27,Numansdorp,163,finished,173,6677,55,Sprint,24,NL,Decathlon CMA CGM Team,,,43:28,2608,18935
6,RR,09 July 2026,Pau,Gavarnie-Gèdre,186.2,4149,316,41.056,42.7 km solo,Bol Cees,https://www.procyclingstats.com/rider/cees-bol,1995-07-27,1995,Netherlands,1.94,83.0,22.05,Zaandam,164,finished,176,6720,53,Sprint,30,NL,Decathlon CMA CGM Team,,,",,",2608,18935
6,RR,09 July 2026,Pau,Gavarnie-Gèdre,186.2,4149,316,41.056,42.7 km solo,Hoole Daan,https://www.procyclingstats.com/rider/daan-hoole,1999-02-22,1999,Netherlands,1.98,84.0,21.43,Zuidland,165,finished,129,5155,54,TT,27,NL,Decathlon CMA CGM Team,,,",,",2608,18935
6,RR,09 July 2026,Pau,Gavarnie-Gèdre,186.2,4149,316,41.056,42.7 km solo,Eenkhoorn Pascal,https://www.procyclingstats.com/rider/pascal-eenkhoorn,1997-02-08,1997,Netherlands,1.85,72.0,21.04,Zwolle,166,finished,95,4671,92,Classic,29,NL,Soudal Quick-Step,,,45:24,2724,19051
6,RR,09 July 2026,Pau,Gavarnie-Gèdre,186.2,4149,316,41.056,42.7 km solo,Pedersen Mads,https://www.procyclingstats.com/rider/mads-pedersen,1995-12-18,1995,Denmark,1.8,76.0,23.46,Tølløse,167,finished,91,4501,33,Classic,30,DK,Lidl - Trek,,,",,",2724,19051
6,RR,09 July 2026,Pau,Gavarnie-Gèdre,186.2,4149,316,41.056,42.7 km solo,Bauhaus Phil,https://www.procyclingstats.com/rider/phil-bauhaus,1994-07-08,1994,Germany,1.84,75.0,22.15,Bocholt,168,finished,169,6576,72,Sprint,32,DE,Bahrain - Victorious,,,",,",2724,19051
6,RR,09 July 2026,Pau,Gavarnie-Gèdre,186.2,4149,316,41.056,42.7 km solo,Märkl Niklas,https://www.procyclingstats.com/rider/niklas-markl,1999-03-03,1999,Germany,1.85,70.0,20.45,Queidersbach,169,finished,150,5943,216,Sprint,27,DE,Team Picnic PostNL,,,",,",2724,19051
6,RR,09 July 2026,Pau,Gavarnie-Gèdre,186.2,4149,316,41.056,42.7 km solo,Otruba Jakub,https://www.procyclingstats.com/rider/jakub-otruba,1998-01-30,1998,Czech Republic,1.9,75.0,20.78,Olomouc,170,finished,133,5318,227,GC,28,CZ,Caja Rural - Seguros RGA,,,",,",2724,19051
6,RR,09 July 2026,Pau,Gavarnie-Gèdre,186.2,4149,316,41.056,42.7 km solo,Gaviria Fernando,https://www.procyclingstats.com/rider/fernando-gaviria,1994-08-19,1994,Colombia,1.81,71.0,21.67,La Ceja,171,finished,167,6521,221,Sprint,31,CO,Caja Rural - Seguros RGA,,,",,",2724,19051
6,RR,09 July 2026,Pau,Gavarnie-Gèdre,186.2,4149,316,41.056,42.7 km solo,Dillier Silvan,https://www.procyclingstats.com/rider/silvan-dillier,1990-08-03,1990,Switzerland,1.83,75.0,22.4,Aarau,172,finished,135,5423,103,Classic,35,CH,Alpecin - Premier Tech,,,",,",2724,19051
6,RR,09 July 2026,Pau,Gavarnie-Gèdre,186.2,4149,316,41.056,42.7 km solo,Marsman Tim,https://www.procyclingstats.com/rider/tim-marsman,2000-10-04,2000,Netherlands,1.91,75.0,20.56,Hattem,173,finished,148,5931,104,Sprint,25,NL,Alpecin - Premier Tech,,,",,",2724,19051
6,RR,09 July 2026,Pau,Gavarnie-Gèdre,186.2,4149,316,41.056,42.7 km solo,Allegaert Piet,https://www.procyclingstats.com/rider/piet-allegaert,1995-01-20,1995,Belgium,1.81,70.0,21.37,Moorslede,174,finished,172,6646,162,Classic,31,BE,Cofidis,,,",,",2724,19051
6,RR,09 July 2026,Pau,Gavarnie-Gèdre,186.2,4149,316,41.056,42.7 km solo,Philipsen Jasper,https://www.procyclingstats.com/rider/jasper-philipsen,1998-03-02,1998,Belgium,1.76,75.0,24.21,Mol,175,finished,146,5883,105,Sprint,28,BE,Alpecin - Premier Tech,,,",,",2724,19051
6,RR,09 July 2026,Pau,Gavarnie-Gèdre,186.2,4149,316,41.056,42.7 km solo,Merlier Tim,https://www.procyclingstats.com/rider/tim-merlier,1992-10-30,1992,Belgium,1.88,76.0,21.5,Wortegem-Petegem,176,finished,168,6561,91,Sprint,33,BE,Soudal Quick-Step,,,",,",2724,19051
6,RR,09 July 2026,Pau,Gavarnie-Gèdre,186.2,4149,316,41.056,42.7 km solo,Askey Lewis,https://www.procyclingstats.com/rider/lewis-askey,2001-05-04,2001,Great Britain,1.87,75.0,21.45,Cannock,177,finished,163,6421,132,Classic,25,GB,NSN Cycling Team,,,",,",2724,19051
6,RR,09 July 2026,Pau,Gavarnie-Gèdre,186.2,4149,316,41.056,42.7 km solo,Van Lerberghe Bert,https://www.procyclingstats.com/rider/bert-van-lerberghe,1992-09-29,1992,Belgium,1.9,83.0,22.99,Kortrijk,,DNF,,,96,Classic,33,BE,Soudal Quick-Step,,,,,
6,RR,09 July 2026,Pau,Gavarnie-Gèdre,186.2,4149,316,41.056,42.7 km solo,Uijtdebroeks Cian,https://www.procyclingstats.com/rider/cian-uijtdebroeks,2003-02-28,2003,Belgium,1.85,68.0,19.87,Abolens,,DNF,,,141,GC,23,BE,Movistar Team,,,,,
6,RR,09 July 2026,Pau,Gavarnie-Gèdre,186.2,4149,316,41.056,42.7 km solo,de Kleijn Arvid,https://www.procyclingstats.com/rider/arvid-de-kleijn,1994-03-21,1994,Netherlands,1.71,68.0,23.26,Herveld,,DNF,,,192,Sprint,32,NL,Tudor Pro Cycling Team,,,,,
6,RR,09 July 2026,Pau,Gavarnie-Gèdre,186.2,4149,316,41.056,42.7 km solo,Molenaar Alex,https://www.procyclingstats.com/rider/alex-molenaar,1999-07-13,1999,Netherlands,1.84,63.0,18.61,Rotterdam,,DNS,,,224,Hills,26,NL,Caja Rural - Seguros RGA,,,,,
7,RR,10 July 2026,Hagetmau,Bordeaux,175.1,701,13,46.832,Sprint of large group,Merlier Tim,https://www.procyclingstats.com/rider/tim-merlier,1992-10-30,1992,Belgium,1.88,76.0,21.5,Wortegem-Petegem,1,finished,164,6551,91,Sprint,33,BE,Soudal Quick-Step,210.0,100.0,3:44:20,0,13460
7,RR,10 July 2026,Hagetmau,Bordeaux,175.1,701,13,46.832,Sprint of large group,Wærenskjold Søren,https://www.procyclingstats.com/rider/soren-waerenskjold,2000-03-12,2000,Norway,1.95,92.0,24.19,Mandal,2,finished,143,5803,128,Classic,26,NO,Uno-X Mobility,150.0,70.0,",,",0,13460
7,RR,10 July 2026,Hagetmau,Bordeaux,175.1,701,13,46.832,Sprint of large group,Girmay Biniam,https://www.procyclingstats.com/rider/biniam-girmay,2000-04-02,2000,Eritrea,1.84,70.0,20.68,Asmara,3,finished,135,5569,131,Classic,26,ER,NSN Cycling Team,110.0,50.0,",,",0,13460
7,RR,10 July 2026,Hagetmau,Bordeaux,175.1,701,13,46.832,Sprint of large group,Kanter Max,https://www.procyclingstats.com/rider/max-kanter,1997-10-22,1997,Germany,1.76,68.0,21.95,Cottbus,4,finished,134,5554,64,Sprint,28,DE,XDS Astana Team,90.0,40.0,",,",0,13460
7,RR,10 July 2026,Hagetmau,Bordeaux,175.1,701,13,46.832,Sprint of large group,Philipsen Jasper,https://www.procyclingstats.com/rider/jasper-philipsen,1998-03-02,1998,Belgium,1.76,75.0,24.21,Mol,5,finished,144,5883,105,Sprint,28,BE,Alpecin - Premier Tech,70.0,32.0,",,",0,13460
7,RR,10 July 2026,Hagetmau,Bordeaux,175.1,701,13,46.832,Sprint of large group,Bauhaus Phil,https://www.procyclingstats.com/rider/phil-bauhaus,1994-07-08,1994,Germany,1.84,75.0,22.15,Bocholt,6,finished,166,6576,72,Sprint,32,DE,Bahrain - Victorious,55.0,26.0,",,",0,13460
7,RR,10 July 2026,Hagetmau,Bordeaux,175.1,701,13,46.832,Sprint of large group,Artz Huub,https://www.procyclingstats.com/rider/huub-artz,2002-05-14,2002,Netherlands,1.86,71.0,20.52,Wintelre,7,finished,162,6438,152,Hills,24,NL,Lotto Intermarché,45.0,22.0,",,",0,13460
7,RR,10 July 2026,Hagetmau,Bordeaux,175.1,701,13,46.832,Sprint of large group,Godon Dorian,https://www.procyclingstats.com/rider/dorian-godon,1996-05-25,1996,France,1.89,74.0,20.72,Vitry-sur-Seine,8,finished,154,6210,85,Hills,30,FR,Netcompany INEOS,40.0,18.0,",,",0,13460
7,RR,10 July 2026,Hagetmau,Bordeaux,175.1,701,13,46.832,Sprint of large group,Pedersen Mads,https://www.procyclingstats.com/rider/mads-pedersen,1995-12-18,1995,Denmark,1.8,76.0,23.46,Tølløse,9,finished,87,4501,33,Classic,30,DK,Lidl - Trek,35.0,14.0,",,",0,13460
7,RR,10 July 2026,Hagetmau,Bordeaux,175.1,701,13,46.832,Sprint of large group,Van Asbroeck Tom,https://www.procyclingstats.com/rider/tom-van-asbroeck,1990-04-19,1990,Belgium,1.82,72.0,21.74,Aalst,10,finished,140,5736,138,Sprint,36,BE,NSN Cycling Team,30.0,10.0,",,",0,13460
7,RR,10 July 2026,Hagetmau,Bordeaux,175.1,701,13,46.832,Sprint of large group,Bittner Pavel,https://www.procyclingstats.com/rider/pavel-bittner,2002-10-29,2002,Czech Republic,1.84,73.0,21.56,Olomouc,11,finished,155,6265,213,Sprint,23,CZ,Team Picnic PostNL,25.0,8.0,",,",0,13460
7,RR,10 July 2026,Hagetmau,Bordeaux,175.1,701,13,46.832,Sprint of large group,Ackermann Pascal,https://www.procyclingstats.com/rider/pascal-ackermann,1994-01-17,1994,Germany,1.8,78.0,24.07,Kandel,12,finished,161,6427,112,Sprint,32,DE,Team Jayco AlUla,20.0,6.0,",,",0,13460
7,RR,10 July 2026,Hagetmau,Bordeaux,175.1,701,13,46.832,Sprint of large group,Fretin Milan,https://www.procyclingstats.com/rider/milan-fretin,2001-03-19,2001,Belgium,1.82,70.0,21.13,Genk,13,finished,158,6365,165,Classic,25,BE,Cofidis,15.0,4.0,",,",0,13460
7,RR,10 July 2026,Hagetmau,Bordeaux,175.1,701,13,46.832,Sprint of large group,Gaviria Fernando,https://www.procyclingstats.com/rider/fernando-gaviria,1994-08-19,1994,Colombia,1.81,71.0,21.67,La Ceja,14,finished,163,6521,221,Sprint,31,CO,Caja Rural - Seguros RGA,10.0,2.0,",,",0,13460
7,RR,10 July 2026,Hagetmau,Bordeaux,175.1,701,13,46.832,Sprint of large group,Turgis Anthony,https://www.procyclingstats.com/rider/anthony-turgis,1994-05-16,1994,France,1.78,70.0,22.09,Bourg-la-Reine,15,finished,111,5004,207,Classic,32,FR,TotalEnergies,5.0,1.0,",,",0,13460
7,RR,10 July 2026,Hagetmau,Bordeaux,175.1,701,13,46.832,Sprint of large group,Russo Clément,https://www.procyclingstats.com/rider/clement-russo,1995-01-20,1995,France,1.87,74.0,21.16,Lyon,16,finished,82,4395,188,Classic,31,FR,Groupama - FDJ United,,,",,",0,13460
7,RR,10 July 2026,Hagetmau,Bordeaux,175.1,701,13,46.832,Sprint of large group,Berckmoes Jenno,https://www.procyclingstats.com/rider/jenno-berckmoes,2001-02-04,2001,Belgium,1.77,61.0,19.47,Ghent,17,finished,96,4773,153,Classic,25,BE,Lotto Intermarché,,,",,",0,13460
7,RR,10 July 2026,Hagetmau,Bordeaux,175.1,701,13,46.832,Sprint of large group,Pluimers Rick,https://www.procyclingstats.com/rider/rick-pluimers,2000-12-07,2000,Netherlands,1.8,67.0,20.68,Enter,18,finished,91,4700,195,Hills,25,NL,Tudor Pro Cycling Team,,,",,",0,13460
7,RR,10 July 2026,Hagetmau,Bordeaux,175.1,701,13,46.832,Sprint of large group,Wright Fred,https://www.procyclingstats.com/rider/alfred-wright,1999-06-13,1999,Great Britain,1.84,75.0,22.15,London,19,finished,151,6051,178,Hills,27,GB,Pinarello Q36.5 Pro Cycling Team,,,",,",0,13460
7,RR,10 July 2026,Hagetmau,Bordeaux,175.1,701,13,46.832,Sprint of large group,Gate Aaron,https://www.procyclingstats.com/rider/aaron-gate,1990-11-26,1990,New Zealand,1.81,71.0,21.67,Auckland,20,finished,107,4919,63,GC,35,NZ,XDS Astana Team,,,",,",0,13460
7,RR,10 July 2026,Hagetmau,Bordeaux,175.1,701,13,46.832,Sprint of large group,Abrahamsen Jonas,https://www.procyclingstats.com/rider/jonas-abrahamsen,1995-09-20,1995,Norway,1.83,78.0,23.29,Skien,21,finished,100,4820,122,Classic,30,NO,Uno-X Mobility,,,",,",0,13460
7,RR,10 July 2026,Hagetmau,Bordeaux,175.1,701,13,46.832,Sprint of large group,Teunissen Mike,https://www.procyclingstats.com/rider/mike-teunissen,1992-08-25,1992,Netherlands,1.84,73.0,21.56,Ysselsteyn,22,finished,131,5408,66,Classic,33,NL,XDS Astana Team,,,",,",0,13460
7,RR,10 July 2026,Hagetmau,Bordeaux,175.1,701,13,46.832,Sprint of large group,Kooij Olav,https://www.procyclingstats.com/rider/olav-kooij,2001-10-17,2001,Netherlands,1.84,72.0,21.27,Numansdorp,23,finished,170,6677,55,Sprint,24,NL,Decathlon CMA CGM Team,,,",,",0,13460
7,RR,10 July 2026,Hagetmau,Bordeaux,175.1,701,13,46.832,Sprint of large group,Stannard Robert,https://www.procyclingstats.com/rider/robert-stannard,1998-09-16,1998,Australia,1.79,74.0,23.1,Sydney Previous nationalities New Zealand until 2016,24,finished,104,4892,76,Hills,27,AU,Bahrain - Victorious,,,",,",0,13460
7,RR,10 July 2026,Hagetmau,Bordeaux,175.1,701,13,46.832,Sprint of large group,van der Poel Mathieu,https://www.procyclingstats.com/rider/mathieu-van-der-poel,1995-01-19,1995,Netherlands,1.84,75.0,22.15,Kapellen,25,finished,78,4202,101,Classic,31,NL,Alpecin - Premier Tech,,,",,",0,13460
7,RR,10 July 2026,Hagetmau,Bordeaux,175.1,701,13,46.832,Sprint of large group,Pidcock Tom,https://www.procyclingstats.com/rider/tom-pidcock,1999-07-30,1999,Great Britain,1.7,58.0,20.07,Leeds,26,finished,15,590,171,Classic,26,GB,Pinarello Q36.5 Pro Cycling Team,,,",,",0,13460
7,RR,10 July 2026,Hagetmau,Bordeaux,175.1,701,13,46.832,Sprint of large group,Tejada Harold,https://www.procyclingstats.com/rider/harold-tejada,1997-04-27,1997,Colombia,1.8,63.0,19.44,Pitalito,27,finished,21,786,65,Climber,29,CO,XDS Astana Team,,,",,",0,13460
7,RR,10 July 2026,Hagetmau,Bordeaux,175.1,701,13,46.832,Sprint of large group,Vinokurov Nicolas,https://www.procyclingstats.com/rider/nicolas-vinokurov,2002-07-07,2002,Kazakhstan,1.84,69.0,20.38,Nice,28,finished,122,5190,68,GC,24,KZ,XDS Astana Team,,,",,",0,13460
7,RR,10 July 2026,Hagetmau,Bordeaux,175.1,701,13,46.832,Sprint of large group,Van Moer Brent,https://www.procyclingstats.com/rider/brent-van-moer,1998-01-12,1998,Belgium,1.91,79.0,21.66,Beveren,29,finished,98,4786,177,Classic,28,BE,Pinarello Q36.5 Pro Cycling Team,,,",,",0,13460
7,RR,10 July 2026,Hagetmau,Bordeaux,175.1,701,13,46.832,Sprint of large group,Charmig Anthon,https://www.procyclingstats.com/rider/anthon-charmig,1998-03-25,1998,Denmark,1.82,66.0,19.93,Aarhus,30,finished,116,5067,123,GC,28,DK,Uno-X Mobility,,,",,",0,13460
7,RR,10 July 2026,Hagetmau,Bordeaux,175.1,701,13,46.832,Sprint of large group,Biermans Jenthe,https://www.procyclingstats.com/rider/jenthe-biermans,1995-10-30,1995,Belgium,1.84,78.0,23.04,Geel,31,finished,147,5936,164,Classic,30,BE,Cofidis,,,",,",0,13460
7,RR,10 July 2026,Hagetmau,Bordeaux,175.1,701,13,46.832,Sprint of large group,Skujiņš Toms,https://www.procyclingstats.com/rider/toms-skujins,1991-06-15,1991,Latvia,1.81,72.0,21.98,Sigulda,32,finished,61,3783,36,Classic,35,LV,Lidl - Trek,,,",,",0,13460
7,RR,10 July 2026,Hagetmau,Bordeaux,175.1,701,13,46.832,Sprint of large group,van den Berg Julius,https://www.procyclingstats.com/rider/julius-van-den-berg,1996-10-23,1996,Netherlands,1.9,78.0,21.61,Purmerend,33,finished,157,6302,217,Sprint,29,NL,Team Picnic PostNL,,,",,",0,13460
7,RR,10 July 2026,Hagetmau,Bordeaux,175.1,701,13,46.832,Sprint of large group,Benoot Tiesj,https://www.procyclingstats.com/rider/tiesj-benoot,1994-03-11,1994,Belgium,1.9,72.0,19.94,Ghent,34,finished,28,1506,52,Classic,32,BE,Decathlon CMA CGM Team,,,",,",0,13460
7,RR,10 July 2026,Hagetmau,Bordeaux,175.1,701,13,46.832,Sprint of large group,Vacek Mathias,https://www.procyclingstats.com/rider/mathias-vacek,2002-06-12,2002,Czech Republic,1.88,75.0,21.22,Beroun,35,finished,10,430,37,TT,24,CZ,Lidl - Trek,,,",,",0,13460
7,RR,10 July 2026,Hagetmau,Bordeaux,175.1,701,13,46.832,Sprint of large group,Asgreen Kasper,https://www.procyclingstats.com/rider/kasper-asgreen,1995-02-08,1995,Denmark,1.93,75.0,20.13,Kolding,36,finished,74,4170,42,TT,31,DK,EF Education - EasyPost,,,",,",0,13460
7,RR,10 July 2026,Hagetmau,Bordeaux,175.1,701,13,46.832,Sprint of large group,Prodhomme Nicolas,https://www.procyclingstats.com/rider/nicolas-prodhomme,1997-02-01,1997,France,1.74,63.0,20.81,L'Aigle,37,finished,36,2019,57,GC,29,FR,Decathlon CMA CGM Team,,,",,",0,13460
7,RR,10 July 2026,Hagetmau,Bordeaux,175.1,701,13,46.832,Sprint of large group,Oliveira Nelson,https://www.procyclingstats.com/rider/nelson-oliveira,1989-03-06,1989,Portugal,1.8,67.0,20.68,Anadia,38,finished,68,3989,146,TT,37,PT,Movistar Team,,,",,",0,13460
7,RR,10 July 2026,Hagetmau,Bordeaux,175.1,701,13,46.832,Sprint of large group,Mohorič Matej,https://www.procyclingstats.com/rider/matej-mohoric,1994-10-19,1994,Slovenia,1.86,71.0,20.52,Kranj,39,finished,115,5058,75,Classic,31,SI,Bahrain - Victorious,,,",,",0,13460
7,RR,10 July 2026,Hagetmau,Bordeaux,175.1,701,13,46.832,Sprint of large group,Stuyven Jasper,https://www.procyclingstats.com/rider/jasper-stuyven,1992-04-17,1992,Belgium,1.87,80.0,22.88,Leuven,40,finished,86,4456,94,Classic,34,BE,Soudal Quick-Step,,,",,",0,13460
7,RR,10 July 2026,Hagetmau,Bordeaux,175.1,701,13,46.832,Sprint of large group,Seixas Paul,https://www.procyclingstats.com/rider/paul-seixas,2006-09-24,2006,France,1.86,64.0,18.5,Lyon,41,finished,6,235,51,Climber,19,FR,Decathlon CMA CGM Team,,,",,",0,13460
7,RR,10 July 2026,Hagetmau,Bordeaux,175.1,701,13,46.832,Sprint of large group,Van Gils Maxim,https://www.procyclingstats.com/rider/maxim-van-gils,1999-11-25,1999,Belgium,1.74,63.0,20.81,Brasschaat,42,finished,43,2517,28,Classic,26,BE,Red Bull - BORA - hansgrohe,,,",,",0,13460
7,RR,10 July 2026,Hagetmau,Bordeaux,175.1,701,13,46.832,Sprint of large group,Skaarseth Anders,https://www.procyclingstats.com/rider/anders-skaarseth,1995-05-07,1995,Norway,1.86,,,Lillehammer,43,finished,46,2898,126,Classic,31,NO,Uno-X Mobility,,,",,",0,13460
7,RR,10 July 2026,Hagetmau,Bordeaux,175.1,701,13,46.832,Sprint of large group,van Dijke Tim,https://www.procyclingstats.com/rider/tim-van-dijke,2000-03-15,2000,Netherlands,1.89,74.0,20.72,Goes,44,finished,145,5895,27,Classic,26,NL,Red Bull - BORA - hansgrohe,,,",,",0,13460
7,RR,10 July 2026,Hagetmau,Bordeaux,175.1,701,13,46.832,Sprint of large group,Voisard Yannis,https://www.procyclingstats.com/rider/yannis-voisard,1998-07-26,1998,Switzerland,,56.0,,Fontenais,45,finished,20,741,198,GC,27,CH,Tudor Pro Cycling Team,,,",,",0,13460
7,RR,10 July 2026,Hagetmau,Bordeaux,175.1,701,13,46.832,Sprint of large group,Ballerini Davide,https://www.procyclingstats.com/rider/davide-ballerini,1994-09-21,1994,Italy,1.83,71.0,21.2,Cantù,46,finished,167,6581,62,Classic,31,IT,XDS Astana Team,,,",,",0,13460
7,RR,10 July 2026,Hagetmau,Bordeaux,175.1,701,13,46.832,Sprint of large group,Tiberi Antonio,https://www.procyclingstats.com/rider/antonio-tiberi,2001-06-24,2001,Italy,1.82,62.0,18.72,Frosinone,47,finished,31,1623,77,GC,25,IT,Bahrain - Victorious,,,",,",0,13460
7,RR,10 July 2026,Hagetmau,Bordeaux,175.1,701,13,46.832,Sprint of large group,Lipowitz Florian,https://www.procyclingstats.com/rider/florian-lipowitz,2000-09-21,2000,Germany,1.81,68.0,20.76,Laichingen,48,finished,7,240,25,GC,25,DE,Red Bull - BORA - hansgrohe,,,",,",0,13460
7,RR,10 July 2026,Hagetmau,Bordeaux,175.1,701,13,46.832,Sprint of large group,Politt Nils,https://www.procyclingstats.com/rider/nils-politt,1994-03-06,1994,Germany,1.92,80.0,21.7,Cologne,49,finished,75,4171,5,Classic,32,DE,UAE Team Emirates - XRG,,,",,",0,13460
7,RR,10 July 2026,Hagetmau,Bordeaux,175.1,701,13,46.832,Sprint of large group,McNulty Brandon,https://www.procyclingstats.com/rider/brandon-mcnulty,1998-04-02,1998,United States,1.83,69.0,20.6,Phoenix,50,finished,26,1106,4,GC,28,US,UAE Team Emirates - XRG,,,",,",0,13460
7,RR,10 July 2026,Hagetmau,Bordeaux,175.1,701,13,46.832,Sprint of large group,Yates Adam,https://www.procyclingstats.com/rider/adam-yates,1992-08-07,1992,Great Britain,1.73,58.0,19.38,Bury,51,finished,25,871,8,Climber,33,GB,UAE Team Emirates - XRG,,,",,",0,13460
7,RR,10 July 2026,Hagetmau,Bordeaux,175.1,701,13,46.832,Sprint of large group,Evenepoel Remco,https://www.procyclingstats.com/rider/remco-evenepoel,2000-01-25,2000,Belgium,1.71,63.0,21.55,Aalst,52,finished,4,210,21,Climber,26,BE,Red Bull - BORA - hansgrohe,,,",,",0,13460
7,RR,10 July 2026,Hagetmau,Bordeaux,175.1,701,13,46.832,Sprint of large group,Zimmermann Georg,https://www.procyclingstats.com/rider/georg-zimmermann,1997-10-11,1997,Germany,1.81,70.0,21.37,Augsburg,53,finished,66,3942,158,Classic,28,DE,Lotto Intermarché,,,",,",0,13460
7,RR,10 July 2026,Hagetmau,Bordeaux,175.1,701,13,46.832,Sprint of large group,Craps Lars,https://www.procyclingstats.com/rider/lars-craps,2001-10-17,2001,Belgium,1.85,67.0,19.58,Aalst,54,finished,81,4388,154,GC,24,BE,Lotto Intermarché,,,",,",0,13460
7,RR,10 July 2026,Hagetmau,Bordeaux,175.1,701,13,46.832,Sprint of large group,Delbove Joris,https://www.procyclingstats.com/rider/joris-delbove,2000-07-15,2000,France,,,,Troyes,55,finished,55,3472,203,GC,25,FR,TotalEnergies,,,",,",0,13460
7,RR,10 July 2026,Hagetmau,Bordeaux,175.1,701,13,46.832,Sprint of large group,Pogačar Tadej,https://www.procyclingstats.com/rider/tadej-pogacar,1998-09-21,1998,Slovenia,1.76,66.0,21.31,Klanec,56,finished,1,0,1,Climber,27,SI,UAE Team Emirates - XRG,,,",,",0,13460
7,RR,10 July 2026,Hagetmau,Bordeaux,175.1,701,13,46.832,Sprint of large group,del Toro Isaac,https://www.procyclingstats.com/rider/isaac-del-toro,2003-11-27,2003,Mexico,1.8,64.0,19.75,Ensenada,57,finished,3,207,2,Climber,22,MX,UAE Team Emirates - XRG,,,",,",0,13460
7,RR,10 July 2026,Hagetmau,Bordeaux,175.1,701,13,46.832,Sprint of large group,Affini Edoardo,https://www.procyclingstats.com/rider/edoardo-affini,1996-06-24,1996,Italy,1.9,85.0,23.55,Mantua,58,finished,152,6067,12,TT,30,IT,Team Visma | Lease a Bike,,,",,",0,13460
7,RR,10 July 2026,Hagetmau,Bordeaux,175.1,701,13,46.832,Sprint of large group,Vingegaard Jonas,https://www.procyclingstats.com/rider/jonas-vingegaard,1996-12-10,1996,Denmark,1.75,58.0,18.94,Hillerslev,59,finished,2,162,11,GC,29,DK,Team Visma | Lease a Bike,,,",,",0,13460
7,RR,10 July 2026,Hagetmau,Bordeaux,175.1,701,13,46.832,Sprint of large group,Jegat Jordan,https://www.procyclingstats.com/rider/jordan-jegat,1999-06-07,1999,France,1.76,59.0,19.05,Vannes,60,finished,18,656,201,Climber,27,FR,TotalEnergies,,,",,",0,13460
7,RR,10 July 2026,Hagetmau,Bordeaux,175.1,701,13,46.832,Sprint of large group,Hagenes Per Strand,https://www.procyclingstats.com/rider/per-strand-hagenes,2003-07-10,2003,Norway,1.86,78.0,22.55,Sandnes,61,finished,150,6008,15,Classic,23,NO,Team Visma | Lease a Bike,,,",,",0,13460
7,RR,10 July 2026,Hagetmau,Bordeaux,175.1,701,13,46.832,Sprint of large group,Ayuso Juan,https://www.procyclingstats.com/rider/juan-ayuso-pesquera,2002-09-16,2002,Spain,1.83,65.0,19.41,Barcelona,62,finished,5,214,31,Climber,23,ES,Lidl - Trek,,,",,",0,13460
7,RR,10 July 2026,Hagetmau,Bordeaux,175.1,701,13,46.832,Sprint of large group,Skjelmose Mattias,https://www.procyclingstats.com/rider/mattias-skjelmose-jensen,2000-09-26,2000,Denmark,1.8,65.0,20.06,Copenhagen,63,finished,9,297,35,Climber,25,DK,Lidl - Trek,,,",,",0,13460
7,RR,10 July 2026,Hagetmau,Bordeaux,175.1,701,13,46.832,Sprint of large group,Vermeersch Florian,https://www.procyclingstats.com/rider/florian-vermeersch,1999-03-12,1999,Belgium,1.93,85.0,22.82,Ghent,64,finished,139,5699,6,Classic,27,BE,UAE Team Emirates - XRG,,,",,",0,13460
7,RR,10 July 2026,Hagetmau,Bordeaux,175.1,701,13,46.832,Sprint of large group,Meurisse Xandro,https://www.procyclingstats.com/rider/xandro-meurisse,1992-01-31,1992,Belgium,1.81,68.0,20.76,Kortrijk,65,finished,57,3623,176,GC,34,BE,Pinarello Q36.5 Pro Cycling Team,,,",,",0,13460
7,RR,10 July 2026,Hagetmau,Bordeaux,175.1,701,13,46.832,Sprint of large group,Bernal Egan,https://www.procyclingstats.com/rider/egan-bernal,1997-01-13,1997,Colombia,1.75,60.0,19.59,Bogotá,66,finished,11,552,81,GC,29,CO,Netcompany INEOS,,,",,",0,13460
7,RR,10 July 2026,Hagetmau,Bordeaux,175.1,701,13,46.832,Sprint of large group,Van Wilder Ilan,https://www.procyclingstats.com/rider/ilan-van-wilder,2000-05-14,2000,Belgium,1.71,64.0,21.89,Jette,67,finished,14,585,97,GC,26,BE,Soudal Quick-Step,,,",,",0,13460
7,RR,10 July 2026,Hagetmau,Bordeaux,175.1,701,13,46.832,Sprint of large group,Vauquelin Kévin,https://www.procyclingstats.com/rider/kevin-vauquelin,2001-04-26,2001,France,1.76,69.0,22.28,Bayeux,68,finished,41,2421,88,GC,25,FR,Netcompany INEOS,,,",,",0,13460
7,RR,10 July 2026,Hagetmau,Bordeaux,175.1,701,13,46.832,Sprint of large group,Castrillo Pablo,https://www.procyclingstats.com/rider/pablo-castrillo-zapater,2001-01-02,2001,Spain,1.83,74.0,22.1,Jaca,69,finished,22,804,142,Climber,25,ES,Movistar Team,,,",,",0,13460
7,RR,10 July 2026,Hagetmau,Bordeaux,175.1,701,13,46.832,Sprint of large group,Martin Guillaume,https://www.procyclingstats.com/rider/guillaume-martin,1993-06-09,1993,France,1.73,55.0,18.38,Paris,70,finished,33,1882,186,Climber,33,FR,Groupama - FDJ United,,,",,",0,13460
7,RR,10 July 2026,Hagetmau,Bordeaux,175.1,701,13,46.832,Sprint of large group,Hindley Jai,https://www.procyclingstats.com/rider/jai-hindley,1996-05-05,1996,Australia,1.75,60.0,19.59,Perth,71,finished,29,1596,24,Climber,30,AU,Red Bull - BORA - hansgrohe,,,",,",0,13460
7,RR,10 July 2026,Hagetmau,Bordeaux,175.1,701,13,46.832,Sprint of large group,Großschartner Felix,https://www.procyclingstats.com/rider/felix-grossschartner,1993-12-23,1993,Austria,1.84,64.0,18.9,Wels,72,finished,44,2539,3,GC,32,AT,UAE Team Emirates - XRG,,,",,",0,13460
7,RR,10 July 2026,Hagetmau,Bordeaux,175.1,701,13,46.832,Sprint of large group,Wellens Tim,https://www.procyclingstats.com/rider/tim-wellens,1991-05-10,1991,Belgium,1.82,71.0,21.43,Sint-Truiden,73,finished,64,3906,7,GC,35,BE,UAE Team Emirates - XRG,,,",,",0,13460
7,RR,10 July 2026,Hagetmau,Bordeaux,175.1,701,13,46.832,Sprint of large group,Stewart Jake,https://www.procyclingstats.com/rider/jake-stewart,1999-10-02,1999,Great Britain,1.79,66.0,20.6,Coventry,74,finished,159,6366,137,Hills,26,GB,NSN Cycling Team,,,",,",0,13460
7,RR,10 July 2026,Hagetmau,Bordeaux,175.1,701,13,46.832,Sprint of large group,Jorgenson Matteo,https://www.procyclingstats.com/rider/matteo-jorgenson,1999-07-01,1999,United States,1.9,69.0,19.11,Walnut Creek,75,finished,34,1948,16,GC,27,US,Team Visma | Lease a Bike,,,",,",0,13460
7,RR,10 July 2026,Hagetmau,Bordeaux,175.1,701,13,46.832,Sprint of large group,Piganzoli Davide,https://www.procyclingstats.com/rider/davide-piganzoli,2002-07-08,2002,Italy,1.74,61.0,20.15,Morbegno,76,finished,16,646,18,GC,24,IT,Team Visma | Lease a Bike,,,",,",0,13460
7,RR,10 July 2026,Hagetmau,Bordeaux,175.1,701,13,46.832,Sprint of large group,Campenaerts Victor,https://www.procyclingstats.com/rider/victor-campenaerts,1991-10-28,1991,Belgium,1.73,68.0,22.72,Hoboken,77,finished,73,4134,14,TT,34,BE,Team Visma | Lease a Bike,,,",,",0,13460
7,RR,10 July 2026,Hagetmau,Bordeaux,175.1,701,13,46.832,Sprint of large group,Märkl Niklas,https://www.procyclingstats.com/rider/niklas-markl,1999-03-03,1999,Germany,1.85,70.0,20.45,Queidersbach,78,finished,148,5943,216,Sprint,27,DE,Team Picnic PostNL,,,",,",0,13460
7,RR,10 July 2026,Hagetmau,Bordeaux,175.1,701,13,46.832,Sprint of large group,Germani Lorenzo,https://www.procyclingstats.com/rider/lorenzo-germani,2002-03-03,2002,Italy,1.79,62.0,19.35,Sora,79,finished,79,4218,185,GC,24,IT,Groupama - FDJ United,,,",,",0,13460
7,RR,10 July 2026,Hagetmau,Bordeaux,175.1,701,13,46.832,Sprint of large group,Pacher Quentin,https://www.procyclingstats.com/rider/quentin-pacher,1992-01-06,1992,France,1.79,62.0,19.35,Libourne,80,finished,103,4860,187,Hills,34,FR,Groupama - FDJ United,,,",,",0,13460
7,RR,10 July 2026,Hagetmau,Bordeaux,175.1,701,13,46.832,Sprint of large group,Hermans Quinten,https://www.procyclingstats.com/rider/quinten-hermans,1995-07-29,1995,Belgium,1.74,62.0,20.48,Antwerp,81,finished,40,2310,174,Hills,30,BE,Pinarello Q36.5 Pro Cycling Team,,,",,",0,13460
7,RR,10 July 2026,Hagetmau,Bordeaux,175.1,701,13,46.832,Sprint of large group,Kuss Sepp,https://www.procyclingstats.com/rider/sepp-kuss,1994-09-13,1994,United States,1.82,61.0,18.42,Durango,82,finished,23,813,17,Climber,31,US,Team Visma | Lease a Bike,,,",,",0,13460
7,RR,10 July 2026,Hagetmau,Bordeaux,175.1,701,13,46.832,Sprint of large group,Van Eetvelt Lennert,https://www.procyclingstats.com/rider/lennert-van-eetvelt,2001-07-17,2001,Belgium,1.76,63.0,20.34,Binkom,83,finished,17,651,156,Climber,24,BE,Lotto Intermarché,,,",,",0,13460
7,RR,10 July 2026,Hagetmau,Bordeaux,175.1,701,13,46.832,Sprint of large group,Johannessen Tobias Halland,https://www.procyclingstats.com/rider/tobias-halland-johannessen,1999-08-23,1999,Norway,1.76,62.0,20.02,Drøbak,84,finished,13,582,121,Climber,26,NO,Uno-X Mobility,,,",,",0,13460
7,RR,10 July 2026,Hagetmau,Bordeaux,175.1,701,13,46.832,Sprint of large group,Debruyne Ramses,https://www.procyclingstats.com/rider/ramses-debruyne,2002-08-31,2002,Belgium,1.79,66.0,20.6,Rollegem,85,finished,19,686,102,Climber,23,BE,Alpecin - Premier Tech,,,",,",0,13460
7,RR,10 July 2026,Hagetmau,Bordeaux,175.1,701,13,46.832,Sprint of large group,Cort Magnus,https://www.procyclingstats.com/rider/magnus-cort-nielsen,1993-01-16,1993,Denmark,1.84,68.0,20.09,Rønne,86,finished,92,4700,124,Hills,33,DK,Uno-X Mobility,,,",,",0,13460
7,RR,10 July 2026,Hagetmau,Bordeaux,175.1,701,13,46.832,Sprint of large group,Gee-West Derek,https://www.procyclingstats.com/rider/derek-gee,1997-08-03,1997,Canada,1.89,72.0,20.16,Ottawa,87,finished,48,3201,32,Climber,28,CA,Lidl - Trek,,,",,",0,13460
7,RR,10 July 2026,Hagetmau,Bordeaux,175.1,701,13,46.832,Sprint of large group,Romo Javier,https://www.procyclingstats.com/rider/javier-romo,1999-01-06,1999,Spain,1.84,70.0,20.68,Villafranca de los Caballeros,88,finished,53,3418,147,GC,27,ES,Movistar Team,,,",,",0,13460
7,RR,10 July 2026,Hagetmau,Bordeaux,175.1,701,13,46.832,Sprint of large group,Cattaneo Mattia,https://www.procyclingstats.com/rider/mattia-cattaneo,1990-10-25,1990,Italy,1.84,67.0,19.79,Alzano Lombardo,89,finished,56,3472,22,TT,35,IT,Red Bull - BORA - hansgrohe,,,",,",0,13460
7,RR,10 July 2026,Hagetmau,Bordeaux,175.1,701,13,46.832,Sprint of large group,Martinez Lenny,https://www.procyclingstats.com/rider/lenny-martinez,2003-07-11,2003,France,1.68,52.0,18.42,Cannes,90,finished,8,261,71,Climber,22,FR,Bahrain - Victorious,,,",,",0,13460
7,RR,10 July 2026,Hagetmau,Bordeaux,175.1,701,13,46.832,Sprint of large group,Quinn Sean,https://www.procyclingstats.com/rider/sean-quinn,2000-05-10,2000,United States,1.87,67.0,19.16,Los Angeles,91,finished,12,575,45,GC,26,US,EF Education - EasyPost,,,",,",0,13460
7,RR,10 July 2026,Hagetmau,Bordeaux,175.1,701,13,46.832,Sprint of large group,García Pierna Raúl,https://www.procyclingstats.com/rider/raul-garcia-pierna,2001-02-23,2001,Spain,1.75,67.0,21.88,Tres Cantos,92,finished,37,2116,144,Climber,25,ES,Movistar Team,,,",,",0,13460
7,RR,10 July 2026,Hagetmau,Bordeaux,175.1,701,13,46.832,Sprint of large group,Vercher Mattéo,https://www.procyclingstats.com/rider/matheo-vercher,2001-01-26,2001,France,1.71,,,Lyon,93,finished,60,3739,208,Hills,25,FR,TotalEnergies,,,",,",0,13460
7,RR,10 July 2026,Hagetmau,Bordeaux,175.1,701,13,46.832,Sprint of large group,Parra José Félix,https://www.procyclingstats.com/rider/jose-felix-parra,1997-01-16,1997,Spain,1.71,55.0,18.81,Ossa de Montiel,94,finished,32,1831,228,GC,29,ES,Caja Rural - Seguros RGA,,,",,",0,13460
7,RR,10 July 2026,Hagetmau,Bordeaux,175.1,701,13,46.832,Sprint of large group,Denz Nico,https://www.procyclingstats.com/rider/nico-denz,1994-02-15,1994,Germany,1.83,71.0,21.2,Waldshut-Tiengen,95,finished,85,4448,23,Hills,32,DE,Red Bull - BORA - hansgrohe,,,",,",0,13460
7,RR,10 July 2026,Hagetmau,Bordeaux,175.1,701,13,46.832,Sprint of large group,Bol Cees,https://www.procyclingstats.com/rider/cees-bol,1995-07-27,1995,Netherlands,1.94,83.0,22.05,Zaandam,96,finished,172,6720,53,Sprint,30,NL,Decathlon CMA CGM Team,,,",,",0,13460
7,RR,10 July 2026,Hagetmau,Bordeaux,175.1,701,13,46.832,Sprint of large group,Le Berre Mathis,https://www.procyclingstats.com/rider/mathis-le-berre,2001-04-16,2001,France,1.76,68.0,21.95,Saint-Brieuc,97,finished,77,4179,206,Hills,25,FR,TotalEnergies,,,",,",0,13460
7,RR,10 July 2026,Hagetmau,Bordeaux,175.1,701,13,46.832,Sprint of large group,Planckaert Edward,https://www.procyclingstats.com/rider/edward-planckaert,1995-02-01,1995,Belgium,1.78,71.0,22.41,Kortrijk,98,finished,94,4729,106,Classic,31,BE,Alpecin - Premier Tech,,,",,",0,13460
7,RR,10 July 2026,Hagetmau,Bordeaux,175.1,701,13,46.832,Sprint of large group,Kwiatkowski Michał,https://www.procyclingstats.com/rider/michal-kwiatkowski,1990-06-02,1990,Poland,1.76,68.0,21.95,Chełmża,99,finished,137,5628,86,Classic,36,PL,Netcompany INEOS,,,",,",0,13460
7,RR,10 July 2026,Hagetmau,Bordeaux,175.1,701,13,46.832,Sprint of large group,Rickaert Jonas,https://www.procyclingstats.com/rider/jonas-rickaert,1994-02-07,1994,Belgium,1.9,88.0,24.38,Sint-Eloois-Vijve,100,finished,109,4982,107,Classic,32,BE,Alpecin - Premier Tech,,,",,",0,13460
7,RR,10 July 2026,Hagetmau,Bordeaux,175.1,701,13,46.832,Sprint of large group,Trentin Matteo,https://www.procyclingstats.com/rider/matteo-trentin,1989-08-02,1989,Italy,1.79,74.0,23.1,Borgo Valsugana,101,finished,153,6140,197,Classic,36,IT,Tudor Pro Cycling Team,,,0:29,29,13489
7,RR,10 July 2026,Hagetmau,Bordeaux,175.1,701,13,46.832,Sprint of large group,Howson Damien,https://www.procyclingstats.com/rider/damien-howson,1992-08-13,1992,Australia,1.88,68.0,19.24,Adelaide,102,finished,105,4900,175,GC,33,AU,Pinarello Q36.5 Pro Cycling Team,,,",,",29,13489
7,RR,10 July 2026,Hagetmau,Bordeaux,175.1,701,13,46.832,Sprint of large group,Oldani Stefano,https://www.procyclingstats.com/rider/stefano-oldani,1998-01-10,1998,Italy,1.78,65.0,20.52,Milan,103,finished,138,5666,226,Hills,28,IT,Caja Rural - Seguros RGA,,,",,",29,13489
7,RR,10 July 2026,Hagetmau,Bordeaux,175.1,701,13,46.832,Sprint of large group,Biesterbos Frits,https://www.procyclingstats.com/rider/frits-biesterbos,2002-02-14,2002,Netherlands,,,,Apeldoorn,104,finished,141,5767,212,Classic,24,NL,Team Picnic PostNL,,,0:37,37,13497
7,RR,10 July 2026,Hagetmau,Bordeaux,175.1,701,13,46.832,Sprint of large group,Braz Afonso Clément,https://www.procyclingstats.com/rider/clement-braz-afonso,1999-11-08,1999,France,1.63,50.0,18.82,Brive-la-Gaillarde,105,finished,70,4079,183,Climber,26,FR,Groupama - FDJ United,,,0:46,46,13506
7,RR,10 July 2026,Hagetmau,Bordeaux,175.1,701,13,46.832,Sprint of large group,Delettre Alexandre,https://www.procyclingstats.com/rider/alexandre-delettre,1997-10-25,1997,France,1.7,62.0,21.45,Gonesse,106,finished,59,3731,204,Classic,28,FR,TotalEnergies,,,",,",46,13506
7,RR,10 July 2026,Hagetmau,Bordeaux,175.1,701,13,46.832,Sprint of large group,Vervaeke Louis,https://www.procyclingstats.com/rider/louis-vervaeke,1993-10-06,1993,Belgium,1.81,68.0,20.76,Ronse,107,finished,102,4836,98,GC,32,BE,Soudal Quick-Step,,,",,",46,13506
7,RR,10 July 2026,Hagetmau,Bordeaux,175.1,701,13,46.832,Sprint of large group,Verona Carlos,https://www.procyclingstats.com/rider/carlos-verona,1992-11-04,1992,Spain,1.86,68.0,19.66,San Lorenzo de El Escorial,108,finished,38,2253,38,GC,33,ES,Lidl - Trek,,,1:03,63,13523
7,RR,10 July 2026,Hagetmau,Bordeaux,175.1,701,13,46.832,Sprint of large group,van den Broek Frank,https://www.procyclingstats.com/rider/frank-van-den-broek,2000-12-28,2000,Netherlands,1.78,70.0,22.09,Warmond,109,finished,88,4508,218,GC,25,NL,Team Picnic PostNL,,,1:06,66,13526
7,RR,10 July 2026,Hagetmau,Bordeaux,175.1,701,13,46.832,Sprint of large group,Costiou Ewen,https://www.procyclingstats.com/rider/ewen-costiou,2002-11-10,2002,France,1.76,64.0,20.66,Brest,110,finished,95,4751,184,GC,23,FR,Groupama - FDJ United,,,1:13,73,13533
7,RR,10 July 2026,Hagetmau,Bordeaux,175.1,701,13,46.832,Sprint of large group,Kirsch Alex,https://www.procyclingstats.com/rider/alex-kirsch,1992-06-12,1992,Luxembourg,1.94,78.0,20.72,Luxembourg,111,finished,117,5072,166,TT,34,LU,Cofidis,,,",,",73,13533
7,RR,10 July 2026,Hagetmau,Bordeaux,175.1,701,13,46.832,Sprint of large group,Marsman Tim,https://www.procyclingstats.com/rider/tim-marsman,2000-10-04,2000,Netherlands,1.91,75.0,20.56,Hattem,112,finished,149,6004,104,Sprint,25,NL,Alpecin - Premier Tech,,,",,",73,13533
7,RR,10 July 2026,Hagetmau,Bordeaux,175.1,701,13,46.832,Sprint of large group,Allegaert Piet,https://www.procyclingstats.com/rider/piet-allegaert,1995-01-20,1995,Belgium,1.81,70.0,21.37,Moorslede,113,finished,171,6719,162,Classic,31,BE,Cofidis,,,",,",73,13533
7,RR,10 July 2026,Hagetmau,Bordeaux,175.1,701,13,46.832,Sprint of large group,Alaphilippe Julian,https://www.procyclingstats.com/rider/julian-alaphilippe,1992-06-11,1992,France,1.73,62.0,20.72,Saint-Amand-Montrond,114,finished,130,5363,191,Classic,34,FR,Tudor Pro Cycling Team,,,",,",73,13533
7,RR,10 July 2026,Hagetmau,Bordeaux,175.1,701,13,46.832,Sprint of large group,Engelhardt Felix,https://www.procyclingstats.com/rider/felix-engelhardt,2000-08-19,2000,Germany,1.8,68.0,20.99,Ulm,115,finished,108,4922,114,Classic,25,DE,Team Jayco AlUla,,,1:23,83,13543
7,RR,10 July 2026,Hagetmau,Bordeaux,175.1,701,13,46.832,Sprint of large group,O'Connor Ben,https://www.procyclingstats.com/rider/ben-o-connor,1995-11-25,1995,Australia,1.88,67.0,18.96,Subiaco,116,finished,49,3244,111,GC,30,AU,Team Jayco AlUla,,,",,",83,13543
7,RR,10 July 2026,Hagetmau,Bordeaux,175.1,701,13,46.832,Sprint of large group,Barguil Warren,https://www.procyclingstats.com/rider/warren-barguil,1991-10-28,1991,France,1.83,61.0,18.21,Hennebont,117,finished,120,5156,211,Climber,34,FR,Team Picnic PostNL,,,",,",83,13543
7,RR,10 July 2026,Hagetmau,Bordeaux,175.1,701,13,46.832,Sprint of large group,Guernalec Thibault,https://www.procyclingstats.com/rider/thibault-guernalec,1997-07-31,1997,France,1.85,71.0,20.75,Châteaulin,118,finished,118,5100,205,TT,28,FR,TotalEnergies,,,",,",83,13543
7,RR,10 July 2026,Hagetmau,Bordeaux,175.1,701,13,46.832,Sprint of large group,Degenkolb John,https://www.procyclingstats.com/rider/john-degenkolb,1989-01-07,1989,Germany,1.8,82.0,25.31,Gera,119,finished,160,6395,214,Classic,37,DE,Team Picnic PostNL,,,",,",83,13543
7,RR,10 July 2026,Hagetmau,Bordeaux,175.1,701,13,46.832,Sprint of large group,Caruso Damiano,https://www.procyclingstats.com/rider/damiano-caruso,1987-10-12,1987,Italy,1.79,67.0,20.91,Ragusa,120,finished,58,3687,73,GC,38,IT,Bahrain - Victorious,,,",,",83,13543
7,RR,10 July 2026,Hagetmau,Bordeaux,175.1,701,13,46.832,Sprint of large group,Slock Liam,https://www.procyclingstats.com/rider/liam-slock,2000-09-18,2000,Belgium,1.88,74.0,20.94,Ghent,121,finished,173,6767,155,GC,25,BE,Lotto Intermarché,,,",,",83,13543
7,RR,10 July 2026,Hagetmau,Bordeaux,175.1,701,13,46.832,Sprint of large group,Foss Tobias,https://www.procyclingstats.com/rider/tobias-foss,1997-05-25,1997,Norway,1.84,74.0,21.86,Vingrom,122,finished,67,3942,83,TT,29,NO,Netcompany INEOS,,,1:37,97,13557
7,RR,10 July 2026,Hagetmau,Bordeaux,175.1,701,13,46.832,Sprint of large group,Page Hugo,https://www.procyclingstats.com/rider/hugo-page,2001-07-24,2001,France,1.85,71.0,20.75,Chartres,123,finished,146,5899,167,Classic,24,FR,Cofidis,,,1:44,104,13564
7,RR,10 July 2026,Hagetmau,Bordeaux,175.1,701,13,46.832,Sprint of large group,Armirail Bruno,https://www.procyclingstats.com/rider/bruno-armirail,1994-04-11,1994,France,1.9,72.0,19.94,Bagnères-de-Bigorre,124,finished,125,5247,13,TT,32,FR,Team Visma | Lease a Bike,,,1:58,118,13578
7,RR,10 July 2026,Hagetmau,Bordeaux,175.1,701,13,46.832,Sprint of large group,Arensman Thymen,https://www.procyclingstats.com/rider/thymen-arensman,1999-12-04,1999,Netherlands,1.9,68.0,18.84,Deil,125,finished,27,1159,82,GC,26,NL,Netcompany INEOS,,,*0:00,0,13460
7,RR,10 July 2026,Hagetmau,Bordeaux,175.1,701,13,46.832,Sprint of large group,Veistroffer Baptiste,https://www.procyclingstats.com/rider/baptiste-veistroffer,2000-05-29,2000,France,1.82,73.0,22.04,Fouesnant,126,finished,156,6272,157,Hills,26,FR,Lotto Intermarché,,,2:05,125,13585
7,RR,10 July 2026,Hagetmau,Bordeaux,175.1,701,13,46.832,Sprint of large group,Balderstone Abel,https://www.procyclingstats.com/rider/abel-balderstone-roumens,2000-07-07,2000,Spain,1.79,61.0,19.04,Ullastrell,127,finished,47,3108,222,GC,26,ES,Caja Rural - Seguros RGA,,,",,",125,13585
7,RR,10 July 2026,Hagetmau,Bordeaux,175.1,701,13,46.832,Sprint of large group,Grégoire Romain,https://www.procyclingstats.com/rider/romain-gregoire,2003-01-21,2003,France,1.76,64.0,20.66,Besançon,128,finished,52,3388,181,Classic,23,FR,Groupama - FDJ United,,,",,",125,13585
7,RR,10 July 2026,Hagetmau,Bordeaux,175.1,701,13,46.832,Sprint of large group,Velasco Simone,https://www.procyclingstats.com/rider/simone-velasco,1995-12-02,1995,Italy,1.7,59.0,20.42,Bologna,129,finished,114,5025,67,Classic,30,IT,XDS Astana Team,,,",,",125,13585
7,RR,10 July 2026,Hagetmau,Bordeaux,175.1,701,13,46.832,Sprint of large group,Johannessen Anders Halland,https://www.procyclingstats.com/rider/anders-halland-johannessen,1999-08-23,1999,Norway,1.76,,,Drøbak,130,finished,106,4907,125,GC,26,NO,Uno-X Mobility,,,",,",125,13585
7,RR,10 July 2026,Hagetmau,Bordeaux,175.1,701,13,46.832,Sprint of large group,Steinhauser Georg,https://www.procyclingstats.com/rider/georg-steinhauser,2001-10-21,2001,Germany,1.89,70.0,19.6,Lindenberg im Allgäu,131,finished,110,4989,46,Climber,24,DE,EF Education - EasyPost,,,",,",125,13585
7,RR,10 July 2026,Hagetmau,Bordeaux,175.1,701,13,46.832,Sprint of large group,Schmid Mauro,https://www.procyclingstats.com/rider/mauro-schmid,1999-12-04,1999,Switzerland,1.87,70.0,20.02,Bülach,132,finished,93,4718,118,Hills,26,CH,Team Jayco AlUla,,,",,",125,13585
7,RR,10 July 2026,Hagetmau,Bordeaux,175.1,701,13,46.832,Sprint of large group,Rubio Einer,https://www.procyclingstats.com/rider/einer-rubio,1998-02-22,1998,Colombia,1.64,56.0,20.82,Chíquiza,133,finished,63,3819,148,Climber,28,CO,Movistar Team,,,",,",125,13585
7,RR,10 July 2026,Hagetmau,Bordeaux,175.1,701,13,46.832,Sprint of large group,Riccitello Matthew,https://www.procyclingstats.com/rider/matthew-riccitello,2002-03-05,2002,United States,1.72,55.0,18.59,Tucson,134,finished,83,4411,58,Climber,24,US,Decathlon CMA CGM Team,,,",,",125,13585
7,RR,10 July 2026,Hagetmau,Bordeaux,175.1,701,13,46.832,Sprint of large group,Higuita Sergio,https://www.procyclingstats.com/rider/sergio-higuita,1997-08-01,1997,Colombia,1.66,57.0,20.69,Medellín,135,finished,30,1597,61,Climber,28,CO,XDS Astana Team,,,",,",125,13585
7,RR,10 July 2026,Hagetmau,Bordeaux,175.1,701,13,46.832,Sprint of large group,Bennett George,https://www.procyclingstats.com/rider/george-bennett,1990-04-07,1990,New Zealand,1.81,58.0,17.7,Nelson,136,finished,51,3349,133,GC,36,NZ,NSN Cycling Team,,,",,",125,13585
7,RR,10 July 2026,Hagetmau,Bordeaux,175.1,701,13,46.832,Sprint of large group,Hoole Daan,https://www.procyclingstats.com/rider/daan-hoole,1999-02-22,1999,Netherlands,1.98,84.0,21.43,Zuidland,137,finished,126,5280,54,TT,27,NL,Decathlon CMA CGM Team,,,",,",125,13585
7,RR,10 July 2026,Hagetmau,Bordeaux,175.1,701,13,46.832,Sprint of large group,Matthews Michael,https://www.procyclingstats.com/rider/michael-matthews,1990-09-26,1990,Australia,1.78,72.0,22.72,Canberra,138,finished,84,4411,115,Classic,35,AU,Team Jayco AlUla,,,2:18,138,13598
7,RR,10 July 2026,Hagetmau,Bordeaux,175.1,701,13,46.832,Sprint of large group,Tarling Joshua,https://www.procyclingstats.com/rider/joshua-tarling,2004-02-15,2004,Great Britain,1.94,78.0,20.72,Aberaeron,139,finished,168,6595,87,TT,22,GB,Netcompany INEOS,,,",,",138,13598
7,RR,10 July 2026,Hagetmau,Bordeaux,175.1,701,13,46.832,Sprint of large group,Simmons Quinn,https://www.procyclingstats.com/rider/quinn-simmons,2001-05-08,2001,United States,1.85,73.0,21.33,Durango,140,finished,45,2553,34,Hills,25,US,Lidl - Trek,,,",,",138,13598
7,RR,10 July 2026,Hagetmau,Bordeaux,175.1,701,13,46.832,Sprint of large group,Baudin Alex,https://www.procyclingstats.com/rider/alex-baudin,2001-05-25,2001,France,1.83,64.0,19.11,Albertville,141,finished,42,2514,43,Climber,25,FR,EF Education - EasyPost,,,2:39,159,13619
7,RR,10 July 2026,Hagetmau,Bordeaux,175.1,701,13,46.832,Sprint of large group,Neilands Krists,https://www.procyclingstats.com/rider/krists-neilands,1994-08-18,1994,Latvia,1.89,69.0,19.32,Kuldīga,142,finished,121,5173,136,Classic,31,LV,NSN Cycling Team,,,",,",159,13619
7,RR,10 July 2026,Hagetmau,Bordeaux,175.1,701,13,46.832,Sprint of large group,Valgren Michael,https://www.procyclingstats.com/rider/michael-valgren-andersen,1992-02-07,1992,Denmark,1.79,71.0,22.16,Østerild,143,finished,69,4071,47,Classic,34,DK,EF Education - EasyPost,,,",,",159,13619
7,RR,10 July 2026,Hagetmau,Bordeaux,175.1,701,13,46.832,Sprint of large group,Haller Marco,https://www.procyclingstats.com/rider/marco-haller,1991-04-01,1991,Austria,1.78,72.0,22.72,Sankt Veit an der Glan,144,finished,176,7112,193,Classic,35,AT,Tudor Pro Cycling Team,,,",,",159,13619
7,RR,10 July 2026,Hagetmau,Bordeaux,175.1,701,13,46.832,Sprint of large group,van Baarle Dylan,https://www.procyclingstats.com/rider/dylan-van-baarle,1992-05-21,1992,Netherlands,1.89,74.0,20.72,Voorburg,145,finished,132,5413,95,Classic,34,NL,Soudal Quick-Step,,,2:43,163,13623
7,RR,10 July 2026,Hagetmau,Bordeaux,175.1,701,13,46.832,Sprint of large group,Eenkhoorn Pascal,https://www.procyclingstats.com/rider/pascal-eenkhoorn,1997-02-08,1997,Netherlands,1.85,72.0,21.04,Zwolle,146,finished,101,4834,92,Classic,29,NL,Soudal Quick-Step,,,",,",163,13623
7,RR,10 July 2026,Hagetmau,Bordeaux,175.1,701,13,46.832,Sprint of large group,Hirschi Marc,https://www.procyclingstats.com/rider/marc-hirschi,1998-08-24,1998,Switzerland,1.74,61.0,20.15,Bern,147,finished,54,3451,194,Classic,27,CH,Tudor Pro Cycling Team,,,",,",163,13623
7,RR,10 July 2026,Hagetmau,Bordeaux,175.1,701,13,46.832,Sprint of large group,Walker Max,https://www.procyclingstats.com/rider/max-walker,2001-07-12,2001,Great Britain,,,,Douglas,148,finished,127,5282,48,TT,24,GB,EF Education - EasyPost,,,",,",163,13623
7,RR,10 July 2026,Hagetmau,Bordeaux,175.1,701,13,46.832,Sprint of large group,Paret-Peintre Aurélien,https://www.procyclingstats.com/rider/aurelien-paret-peintre,1996-02-27,1996,France,1.84,64.0,18.9,Annemasse,149,finished,62,3790,56,GC,30,FR,Decathlon CMA CGM Team,,,",,",163,13623
7,RR,10 July 2026,Hagetmau,Bordeaux,175.1,701,13,46.832,Sprint of large group,Dillier Silvan,https://www.procyclingstats.com/rider/silvan-dillier,1990-08-03,1990,Switzerland,1.83,75.0,22.4,Aarau,150,finished,136,5586,103,Classic,35,CH,Alpecin - Premier Tech,,,",,",163,13623
7,RR,10 July 2026,Hagetmau,Bordeaux,175.1,701,13,46.832,Sprint of large group,Van Mechelen Vlad,https://www.procyclingstats.com/rider/vlad-van-mechelen,2004-06-02,2004,Belgium,1.83,73.0,21.8,Leuven,151,finished,71,4095,78,Sprint,22,BE,Bahrain - Victorious,,,2:49,169,13629
7,RR,10 July 2026,Hagetmau,Bordeaux,175.1,701,13,46.832,Sprint of large group,Plapp Luke,https://www.procyclingstats.com/rider/luke-plapp,2000-12-25,2000,Australia,1.81,72.0,21.98,Melbourne,152,finished,97,4782,117,GC,25,AU,Team Jayco AlUla,,,",,",169,13629
7,RR,10 July 2026,Hagetmau,Bordeaux,175.1,701,13,46.832,Sprint of large group,Durbridge Luke,https://www.procyclingstats.com/rider/luke-durbridge,1991-04-09,1991,Australia,1.87,78.0,22.31,Greenmount,153,finished,123,5233,113,TT,35,AU,Team Jayco AlUla,,,",,",169,13629
7,RR,10 July 2026,Hagetmau,Bordeaux,175.1,701,13,46.832,Sprint of large group,Tratnik Jan,https://www.procyclingstats.com/rider/jan-tratnik,1990-02-23,1990,Slovenia,1.73,67.0,22.39,Idrija,154,finished,119,5131,26,TT,36,SI,Red Bull - BORA - hansgrohe,,,",,",169,13629
7,RR,10 July 2026,Hagetmau,Bordeaux,175.1,701,13,46.832,Sprint of large group,Berwick Sebastian,https://www.procyclingstats.com/rider/sebastian-berwick,1999-12-15,1999,Australia,1.75,59.0,19.27,Brisbane,155,finished,80,4342,223,GC,26,AU,Caja Rural - Seguros RGA,,,",,",169,13629
7,RR,10 July 2026,Hagetmau,Bordeaux,175.1,701,13,46.832,Sprint of large group,Carapaz Richard,https://www.procyclingstats.com/rider/richard-carapaz,1993-05-29,1993,Ecuador,1.7,62.0,21.45,El Carmelo,156,finished,24,815,41,Climber,33,EC,EF Education - EasyPost,,,",,",169,13629
7,RR,10 July 2026,Hagetmau,Bordeaux,175.1,701,13,46.832,Sprint of large group,Cepeda Jefferson Alveiro,https://www.procyclingstats.com/rider/jefferson-cepeda-hernandez,1996-03-02,1996,Ecuador,1.7,61.0,21.11,El Playón,157,finished,76,4172,143,GC,30,EC,Movistar Team,,,",,",169,13629
7,RR,10 July 2026,Hagetmau,Bordeaux,175.1,701,13,46.832,Sprint of large group,Breuillard Nicolas,https://www.procyclingstats.com/rider/nicolas-breuillard,2000-03-13,2000,France,1.75,,,Pertuis,158,finished,65,3913,202,GC,26,FR,TotalEnergies,,,",,",169,13629
7,RR,10 July 2026,Hagetmau,Bordeaux,175.1,701,13,46.832,Sprint of large group,Paret-Peintre Valentin,https://www.procyclingstats.com/rider/valentin-paret-peintre,2001-01-14,2001,France,1.78,52.0,16.41,Annemasse,159,finished,50,3245,93,Climber,25,FR,Soudal Quick-Step,,,",,",169,13629
7,RR,10 July 2026,Hagetmau,Bordeaux,175.1,701,13,46.832,Sprint of large group,Dhondt Robbe,https://www.procyclingstats.com/rider/robbe-dhondt,2004-06-25,2004,Belgium,1.76,,,Zottegem,160,finished,142,5798,215,GC,22,BE,Team Picnic PostNL,,,",,",169,13629
7,RR,10 July 2026,Hagetmau,Bordeaux,175.1,701,13,46.832,Sprint of large group,Healy Ben,https://www.procyclingstats.com/rider/ben-healy,2000-09-11,2000,Ireland,1.75,62.0,20.24,Kingswinford Previous nationalities Great Britain until 2016,161,finished,113,5025,44,Climber,25,IE,EF Education - EasyPost,,,2:59,179,13639
7,RR,10 July 2026,Hagetmau,Bordeaux,175.1,701,13,46.832,Sprint of large group,Storer Michael,https://www.procyclingstats.com/rider/michael-storer,1997-02-28,1997,Australia,1.77,63.0,20.11,Perth,162,finished,72,4109,196,Climber,29,AU,Tudor Pro Cycling Team,,,3:09,189,13649
7,RR,10 July 2026,Hagetmau,Bordeaux,175.1,701,13,46.832,Sprint of large group,Izagirre Ion,https://www.procyclingstats.com/rider/ion-izagirre,1989-02-04,1989,Spain,1.73,60.0,20.05,Ormaiztegi,163,finished,39,2265,161,GC,37,ES,Cofidis,,,",,",189,13649
7,RR,10 July 2026,Hagetmau,Bordeaux,175.1,701,13,46.832,Sprint of large group,Azparren Xabier Mikel,https://www.procyclingstats.com/rider/xabier-mikel-azparren-irurzun,1999-02-25,1999,Spain,,,,San Sebastián,164,finished,124,5244,172,TT,27,ES,Pinarello Q36.5 Pro Cycling Team,,,",,",189,13649
7,RR,10 July 2026,Hagetmau,Bordeaux,175.1,701,13,46.832,Sprint of large group,Gradek Kamil,https://www.procyclingstats.com/rider/kamil-gradek,1990-09-17,1990,Poland,1.94,83.0,22.05,Koziegłowy,165,finished,174,6769,74,TT,35,PL,Bahrain - Victorious,,,",,",189,13649
7,RR,10 July 2026,Hagetmau,Bordeaux,175.1,701,13,46.832,Sprint of large group,Hessmann Michel,https://www.procyclingstats.com/rider/michel-hessmann,2001-04-06,2001,Germany,1.91,78.0,21.38,Münster,166,finished,128,5288,145,Hills,25,DE,Movistar Team,,,3:20,200,13660
7,RR,10 July 2026,Hagetmau,Bordeaux,175.1,701,13,46.832,Sprint of large group,Verstrynge Emiel,https://www.procyclingstats.com/rider/emiel-verstrynge,2002-02-04,2002,Belgium,1.89,69.0,19.32,Eeklo,167,finished,112,5006,108,Climber,24,BE,Alpecin - Premier Tech,,,",,",200,13660
7,RR,10 July 2026,Hagetmau,Bordeaux,175.1,701,13,46.832,Sprint of large group,Harper Chris,https://www.procyclingstats.com/rider/chris-harper,1994-11-23,1994,Australia,1.85,67.0,19.58,Melbourne,168,finished,35,1963,173,GC,31,AU,Pinarello Q36.5 Pro Cycling Team,,,",,",200,13660
7,RR,10 July 2026,Hagetmau,Bordeaux,175.1,701,13,46.832,Sprint of large group,Askey Lewis,https://www.procyclingstats.com/rider/lewis-askey,2001-05-04,2001,Great Britain,1.87,75.0,21.45,Cannock,169,finished,169,6631,132,Classic,25,GB,NSN Cycling Team,,,3:30,210,13670
7,RR,10 July 2026,Hagetmau,Bordeaux,175.1,701,13,46.832,Sprint of large group,Louvel Matis,https://www.procyclingstats.com/rider/matis-louvel,1999-07-19,1999,France,1.87,77.0,22.02,Mont Saint Aignan,170,finished,175,6920,135,Classic,26,FR,NSN Cycling Team,,,",,",210,13670
7,RR,10 July 2026,Hagetmau,Bordeaux,175.1,701,13,46.832,Sprint of large group,Nicolau Joel,https://www.procyclingstats.com/rider/joel-nicolau,1997-12-23,1997,Spain,1.76,66.0,21.31,Llofriu,171,finished,99,4786,225,Hills,28,ES,Caja Rural - Seguros RGA,,,3:43,223,13683
7,RR,10 July 2026,Hagetmau,Bordeaux,175.1,701,13,46.832,Sprint of large group,Aranburu Alex,https://www.procyclingstats.com/rider/alex-aranburu,1995-09-19,1995,Spain,1.78,63.0,19.88,Ezkio-Itsaso,172,finished,90,4683,163,Classic,30,ES,Cofidis,,,",,",223,13683
7,RR,10 July 2026,Hagetmau,Bordeaux,175.1,701,13,46.832,Sprint of large group,Otruba Jakub,https://www.procyclingstats.com/rider/jakub-otruba,1998-01-30,1998,Czech Republic,1.9,75.0,20.78,Olomouc,173,finished,133,5541,227,GC,28,CZ,Caja Rural - Seguros RGA,,,",,",223,13683
7,RR,10 July 2026,Hagetmau,Bordeaux,175.1,701,13,46.832,Sprint of large group,Ganna Filippo,https://www.procyclingstats.com/rider/filippo-ganna,1996-07-25,1996,Italy,1.93,83.0,22.28,Verbania,174,finished,165,6560,84,TT,29,IT,Netcompany INEOS,,,",,",223,13683
7,RR,10 July 2026,Hagetmau,Bordeaux,175.1,701,13,46.832,Sprint of large group,Thomas Benjamin,https://www.procyclingstats.com/rider/benjamin-thomas-2,1995-09-12,1995,France,1.79,68.0,21.22,Lavaur,175,finished,129,5338,168,TT,30,FR,Cofidis,,,4:22,262,13722
7,RR,10 July 2026,Hagetmau,Bordeaux,175.1,701,13,46.832,Sprint of large group,Frigo Marco,https://www.procyclingstats.com/rider/marco-frigo,2000-03-02,2000,Italy,1.88,70.0,19.81,Bassano del Grappa,176,finished,89,4532,134,Climber,26,IT,NSN Cycling Team,,,5:07,307,13767
7,RR,10 July 2026,Hagetmau,Bordeaux,175.1,701,13,46.832,Sprint of large group,Træen Torstein,https://www.procyclingstats.com/rider/torstein-traeen,1995-07-16,1995,Norway,1.81,63.0,19.23,Hønefoss,,DNS,,,127,GC,30,NO,Uno-X Mobility,,,,,
8,RR,11 July 2026,Périgueux,Bergerac,180.4,1353,30,46.488,Sprint of large group,Merlier Tim,https://www.procyclingstats.com/rider/tim-merlier,1992-10-30,1992,Belgium,1.88,76.0,21.5,Wortegem-Petegem,1,finished,164,6541,91,Sprint,33,BE,Soudal Quick-Step,210.0,100.0,3:52:50,0,13970
8,RR,11 July 2026,Périgueux,Bergerac,180.4,1353,30,46.488,Sprint of large group,Girmay Biniam,https://www.procyclingstats.com/rider/biniam-girmay,2000-04-02,2000,Eritrea,1.84,70.0,20.68,Asmara,2,finished,132,5563,131,Classic,26,ER,NSN Cycling Team,150.0,70.0,",,",0,13970
8,RR,11 July 2026,Périgueux,Bergerac,180.4,1353,30,46.488,Sprint of large group,Kooij Olav,https://www.procyclingstats.com/rider/olav-kooij,2001-10-17,2001,Netherlands,1.84,72.0,21.27,Numansdorp,3,finished,169,6673,55,Sprint,24,NL,Decathlon CMA CGM Team,110.0,50.0,",,",0,13970
8,RR,11 July 2026,Périgueux,Bergerac,180.4,1353,30,46.488,Sprint of large group,Philipsen Jasper,https://www.procyclingstats.com/rider/jasper-philipsen,1998-03-02,1998,Belgium,1.76,75.0,24.21,Mol,4,finished,143,5883,105,Sprint,28,BE,Alpecin - Premier Tech,90.0,40.0,",,",0,13970
8,RR,11 July 2026,Périgueux,Bergerac,180.4,1353,30,46.488,Sprint of large group,Bittner Pavel,https://www.procyclingstats.com/rider/pavel-bittner,2002-10-29,2002,Czech Republic,1.84,73.0,21.56,Olomouc,5,finished,155,6265,213,Sprint,23,CZ,Team Picnic PostNL,70.0,32.0,",,",0,13970
8,RR,11 July 2026,Périgueux,Bergerac,180.4,1353,30,46.488,Sprint of large group,Pluimers Rick,https://www.procyclingstats.com/rider/rick-pluimers,2000-12-07,2000,Netherlands,1.8,67.0,20.68,Enter,6,finished,89,4700,195,Hills,25,NL,Tudor Pro Cycling Team,55.0,26.0,",,",0,13970
8,RR,11 July 2026,Périgueux,Bergerac,180.4,1353,30,46.488,Sprint of large group,Ackermann Pascal,https://www.procyclingstats.com/rider/pascal-ackermann,1994-01-17,1994,Germany,1.8,78.0,24.07,Kandel,7,finished,159,6427,112,Sprint,32,DE,Team Jayco AlUla,45.0,22.0,",,",0,13970
8,RR,11 July 2026,Périgueux,Bergerac,180.4,1353,30,46.488,Sprint of large group,Russo Clément,https://www.procyclingstats.com/rider/clement-russo,1995-01-20,1995,France,1.87,74.0,21.16,Lyon,8,finished,80,4395,188,Classic,31,FR,Groupama - FDJ United,40.0,18.0,",,",0,13970
8,RR,11 July 2026,Périgueux,Bergerac,180.4,1353,30,46.488,Sprint of large group,Kanter Max,https://www.procyclingstats.com/rider/max-kanter,1997-10-22,1997,Germany,1.76,68.0,21.95,Cottbus,9,finished,131,5554,64,Sprint,28,DE,XDS Astana Team,35.0,14.0,",,",0,13970
8,RR,11 July 2026,Périgueux,Bergerac,180.4,1353,30,46.488,Sprint of large group,Fretin Milan,https://www.procyclingstats.com/rider/milan-fretin,2001-03-19,2001,Belgium,1.82,70.0,21.13,Genk,10,finished,156,6365,165,Classic,25,BE,Cofidis,30.0,10.0,",,",0,13970
8,RR,11 July 2026,Périgueux,Bergerac,180.4,1353,30,46.488,Sprint of large group,Wærenskjold Søren,https://www.procyclingstats.com/rider/soren-waerenskjold,2000-03-12,2000,Norway,1.95,92.0,24.19,Mandal,11,finished,141,5803,128,Classic,26,NO,Uno-X Mobility,25.0,8.0,",,",0,13970
8,RR,11 July 2026,Périgueux,Bergerac,180.4,1353,30,46.488,Sprint of large group,Pedersen Mads,https://www.procyclingstats.com/rider/mads-pedersen,1995-12-18,1995,Denmark,1.8,76.0,23.46,Tølløse,12,finished,85,4501,33,Classic,30,DK,Lidl - Trek,20.0,6.0,",,",0,13970
8,RR,11 July 2026,Périgueux,Bergerac,180.4,1353,30,46.488,Sprint of large group,Gaviria Fernando,https://www.procyclingstats.com/rider/fernando-gaviria,1994-08-19,1994,Colombia,1.81,71.0,21.67,La Ceja,13,finished,163,6521,221,Sprint,31,CO,Caja Rural - Seguros RGA,15.0,4.0,",,",0,13970
8,RR,11 July 2026,Périgueux,Bergerac,180.4,1353,30,46.488,Sprint of large group,Godon Dorian,https://www.procyclingstats.com/rider/dorian-godon,1996-05-25,1996,France,1.89,74.0,20.72,Vitry-sur-Seine,14,finished,154,6210,85,Hills,30,FR,Netcompany INEOS,10.0,2.0,",,",0,13970
8,RR,11 July 2026,Périgueux,Bergerac,180.4,1353,30,46.488,Sprint of large group,Turgis Anthony,https://www.procyclingstats.com/rider/anthony-turgis,1994-05-16,1994,France,1.78,70.0,22.09,Bourg-la-Reine,15,finished,102,5004,207,Classic,32,FR,TotalEnergies,5.0,1.0,",,",0,13970
8,RR,11 July 2026,Périgueux,Bergerac,180.4,1353,30,46.488,Sprint of large group,van der Poel Mathieu,https://www.procyclingstats.com/rider/mathieu-van-der-poel,1995-01-19,1995,Netherlands,1.84,75.0,22.15,Kapellen,16,finished,75,4202,101,Classic,31,NL,Alpecin - Premier Tech,,,",,",0,13970
8,RR,11 July 2026,Périgueux,Bergerac,180.4,1353,30,46.488,Sprint of large group,Bauhaus Phil,https://www.procyclingstats.com/rider/phil-bauhaus,1994-07-08,1994,Germany,1.84,75.0,22.15,Bocholt,17,finished,166,6576,72,Sprint,32,DE,Bahrain - Victorious,,,",,",0,13970
8,RR,11 July 2026,Périgueux,Bergerac,180.4,1353,30,46.488,Sprint of large group,Berckmoes Jenno,https://www.procyclingstats.com/rider/jenno-berckmoes,2001-02-04,2001,Belgium,1.77,61.0,19.47,Ghent,18,finished,94,4773,153,Classic,25,BE,Lotto Intermarché,,,",,",0,13970
8,RR,11 July 2026,Périgueux,Bergerac,180.4,1353,30,46.488,Sprint of large group,Wright Fred,https://www.procyclingstats.com/rider/alfred-wright,1999-06-13,1999,Great Britain,1.84,75.0,22.15,London,19,finished,150,6051,178,Hills,27,GB,Pinarello Q36.5 Pro Cycling Team,,,",,",0,13970
8,RR,11 July 2026,Périgueux,Bergerac,180.4,1353,30,46.488,Sprint of large group,Pacher Quentin,https://www.procyclingstats.com/rider/quentin-pacher,1992-01-06,1992,France,1.79,62.0,19.35,Libourne,20,finished,99,4860,187,Hills,34,FR,Groupama - FDJ United,,,",,",0,13970
8,RR,11 July 2026,Périgueux,Bergerac,180.4,1353,30,46.488,Sprint of large group,Charmig Anthon,https://www.procyclingstats.com/rider/anthon-charmig,1998-03-25,1998,Denmark,1.82,66.0,19.93,Aarhus,21,finished,110,5067,123,GC,28,DK,Uno-X Mobility,,,",,",0,13970
8,RR,11 July 2026,Périgueux,Bergerac,180.4,1353,30,46.488,Sprint of large group,Schmid Mauro,https://www.procyclingstats.com/rider/mauro-schmid,1999-12-04,1999,Switzerland,1.87,70.0,20.02,Bülach,22,finished,91,4718,118,Hills,26,CH,Team Jayco AlUla,,,",,",0,13970
8,RR,11 July 2026,Périgueux,Bergerac,180.4,1353,30,46.488,Sprint of large group,Märkl Niklas,https://www.procyclingstats.com/rider/niklas-markl,1999-03-03,1999,Germany,1.85,70.0,20.45,Queidersbach,23,finished,146,5943,216,Sprint,27,DE,Team Picnic PostNL,,,",,",0,13970
8,RR,11 July 2026,Périgueux,Bergerac,180.4,1353,30,46.488,Sprint of large group,Paret-Peintre Aurélien,https://www.procyclingstats.com/rider/aurelien-paret-peintre,1996-02-27,1996,France,1.84,64.0,18.9,Annemasse,24,finished,61,3790,56,GC,30,FR,Decathlon CMA CGM Team,,,",,",0,13970
8,RR,11 July 2026,Périgueux,Bergerac,180.4,1353,30,46.488,Sprint of large group,Pidcock Tom,https://www.procyclingstats.com/rider/tom-pidcock,1999-07-30,1999,Great Britain,1.7,58.0,20.07,Leeds,25,finished,15,590,171,Classic,26,GB,Pinarello Q36.5 Pro Cycling Team,,,",,",0,13970
8,RR,11 July 2026,Périgueux,Bergerac,180.4,1353,30,46.488,Sprint of large group,van den Broek Frank,https://www.procyclingstats.com/rider/frank-van-den-broek,2000-12-28,2000,Netherlands,1.78,70.0,22.09,Warmond,26,finished,86,4508,218,GC,25,NL,Team Picnic PostNL,,,",,",0,13970
8,RR,11 July 2026,Périgueux,Bergerac,180.4,1353,30,46.488,Sprint of large group,Teunissen Mike,https://www.procyclingstats.com/rider/mike-teunissen,1992-08-25,1992,Netherlands,1.84,73.0,21.56,Ysselsteyn,27,finished,129,5408,66,Classic,33,NL,XDS Astana Team,,,",,",0,13970
8,RR,11 July 2026,Périgueux,Bergerac,180.4,1353,30,46.488,Sprint of large group,Skaarseth Anders,https://www.procyclingstats.com/rider/anders-skaarseth,1995-05-07,1995,Norway,1.86,,,Lillehammer,28,finished,46,2898,126,Classic,31,NO,Uno-X Mobility,,,",,",0,13970
8,RR,11 July 2026,Périgueux,Bergerac,180.4,1353,30,46.488,Sprint of large group,Johannessen Tobias Halland,https://www.procyclingstats.com/rider/tobias-halland-johannessen,1999-08-23,1999,Norway,1.76,62.0,20.02,Drøbak,29,finished,13,582,121,Climber,26,NO,Uno-X Mobility,,,",,",0,13970
8,RR,11 July 2026,Périgueux,Bergerac,180.4,1353,30,46.488,Sprint of large group,Evenepoel Remco,https://www.procyclingstats.com/rider/remco-evenepoel,2000-01-25,2000,Belgium,1.71,63.0,21.55,Aalst,30,finished,4,210,21,Climber,26,BE,Red Bull - BORA - hansgrohe,,,",,",0,13970
8,RR,11 July 2026,Périgueux,Bergerac,180.4,1353,30,46.488,Sprint of large group,Cort Magnus,https://www.procyclingstats.com/rider/magnus-cort-nielsen,1993-01-16,1993,Denmark,1.84,68.0,20.09,Rønne,31,finished,90,4700,124,Hills,33,DK,Uno-X Mobility,,,",,",0,13970
8,RR,11 July 2026,Périgueux,Bergerac,180.4,1353,30,46.488,Sprint of large group,Van Gils Maxim,https://www.procyclingstats.com/rider/maxim-van-gils,1999-11-25,1999,Belgium,1.74,63.0,20.81,Brasschaat,32,finished,42,2517,28,Classic,26,BE,Red Bull - BORA - hansgrohe,,,",,",0,13970
8,RR,11 July 2026,Périgueux,Bergerac,180.4,1353,30,46.488,Sprint of large group,Seixas Paul,https://www.procyclingstats.com/rider/paul-seixas,2006-09-24,2006,France,1.86,64.0,18.5,Lyon,33,finished,6,235,51,Climber,19,FR,Decathlon CMA CGM Team,,,",,",0,13970
8,RR,11 July 2026,Périgueux,Bergerac,180.4,1353,30,46.488,Sprint of large group,Oliveira Nelson,https://www.procyclingstats.com/rider/nelson-oliveira,1989-03-06,1989,Portugal,1.8,67.0,20.68,Anadia,34,finished,65,3989,146,TT,37,PT,Movistar Team,,,",,",0,13970
8,RR,11 July 2026,Périgueux,Bergerac,180.4,1353,30,46.488,Sprint of large group,Tejada Harold,https://www.procyclingstats.com/rider/harold-tejada,1997-04-27,1997,Colombia,1.8,63.0,19.44,Pitalito,35,finished,20,786,65,Climber,29,CO,XDS Astana Team,,,",,",0,13970
8,RR,11 July 2026,Périgueux,Bergerac,180.4,1353,30,46.488,Sprint of large group,Van Asbroeck Tom,https://www.procyclingstats.com/rider/tom-van-asbroeck,1990-04-19,1990,Belgium,1.82,72.0,21.74,Aalst,36,finished,139,5736,138,Sprint,36,BE,NSN Cycling Team,,,",,",0,13970
8,RR,11 July 2026,Périgueux,Bergerac,180.4,1353,30,46.488,Sprint of large group,van Dijke Tim,https://www.procyclingstats.com/rider/tim-van-dijke,2000-03-15,2000,Netherlands,1.89,74.0,20.72,Goes,37,finished,144,5895,27,Classic,26,NL,Red Bull - BORA - hansgrohe,,,",,",0,13970
8,RR,11 July 2026,Périgueux,Bergerac,180.4,1353,30,46.488,Sprint of large group,Martin Guillaume,https://www.procyclingstats.com/rider/guillaume-martin,1993-06-09,1993,France,1.73,55.0,18.38,Paris,38,finished,33,1882,186,Climber,33,FR,Groupama - FDJ United,,,",,",0,13970
8,RR,11 July 2026,Périgueux,Bergerac,180.4,1353,30,46.488,Sprint of large group,Stannard Robert,https://www.procyclingstats.com/rider/robert-stannard,1998-09-16,1998,Australia,1.79,74.0,23.1,Sydney Previous nationalities New Zealand until 2016,39,finished,101,4892,76,Hills,27,AU,Bahrain - Victorious,,,",,",0,13970
8,RR,11 July 2026,Périgueux,Bergerac,180.4,1353,30,46.488,Sprint of large group,Abrahamsen Jonas,https://www.procyclingstats.com/rider/jonas-abrahamsen,1995-09-20,1995,Norway,1.83,78.0,23.29,Skien,40,finished,96,4820,122,Classic,30,NO,Uno-X Mobility,,,",,",0,13970
8,RR,11 July 2026,Périgueux,Bergerac,180.4,1353,30,46.488,Sprint of large group,Parra José Félix,https://www.procyclingstats.com/rider/jose-felix-parra,1997-01-16,1997,Spain,1.71,55.0,18.81,Ossa de Montiel,41,finished,32,1831,228,GC,29,ES,Caja Rural - Seguros RGA,,,",,",0,13970
8,RR,11 July 2026,Périgueux,Bergerac,180.4,1353,30,46.488,Sprint of large group,Caruso Damiano,https://www.procyclingstats.com/rider/damiano-caruso,1987-10-12,1987,Italy,1.79,67.0,20.91,Ragusa,42,finished,58,3687,73,GC,38,IT,Bahrain - Victorious,,,",,",0,13970
8,RR,11 July 2026,Périgueux,Bergerac,180.4,1353,30,46.488,Sprint of large group,Vermeersch Florian,https://www.procyclingstats.com/rider/florian-vermeersch,1999-03-12,1999,Belgium,1.93,85.0,22.82,Ghent,43,finished,138,5699,6,Classic,27,BE,UAE Team Emirates - XRG,,,",,",0,13970
8,RR,11 July 2026,Périgueux,Bergerac,180.4,1353,30,46.488,Sprint of large group,Politt Nils,https://www.procyclingstats.com/rider/nils-politt,1994-03-06,1994,Germany,1.92,80.0,21.7,Cologne,44,finished,72,4171,5,Classic,32,DE,UAE Team Emirates - XRG,,,",,",0,13970
8,RR,11 July 2026,Périgueux,Bergerac,180.4,1353,30,46.488,Sprint of large group,Cattaneo Mattia,https://www.procyclingstats.com/rider/mattia-cattaneo,1990-10-25,1990,Italy,1.84,67.0,19.79,Alzano Lombardo,45,finished,54,3472,22,TT,35,IT,Red Bull - BORA - hansgrohe,,,",,",0,13970
8,RR,11 July 2026,Périgueux,Bergerac,180.4,1353,30,46.488,Sprint of large group,del Toro Isaac,https://www.procyclingstats.com/rider/isaac-del-toro,2003-11-27,2003,Mexico,1.8,64.0,19.75,Ensenada,46,finished,3,207,2,Climber,22,MX,UAE Team Emirates - XRG,,,",,",0,13970
8,RR,11 July 2026,Périgueux,Bergerac,180.4,1353,30,46.488,Sprint of large group,Ayuso Juan,https://www.procyclingstats.com/rider/juan-ayuso-pesquera,2002-09-16,2002,Spain,1.83,65.0,19.41,Barcelona,47,finished,5,214,31,Climber,23,ES,Lidl - Trek,,,",,",0,13970
8,RR,11 July 2026,Périgueux,Bergerac,180.4,1353,30,46.488,Sprint of large group,McNulty Brandon,https://www.procyclingstats.com/rider/brandon-mcnulty,1998-04-02,1998,United States,1.83,69.0,20.6,Phoenix,48,finished,26,1106,4,GC,28,US,UAE Team Emirates - XRG,,,",,",0,13970
8,RR,11 July 2026,Périgueux,Bergerac,180.4,1353,30,46.488,Sprint of large group,Pogačar Tadej,https://www.procyclingstats.com/rider/tadej-pogacar,1998-09-21,1998,Slovenia,1.76,66.0,21.31,Klanec,49,finished,1,0,1,Climber,27,SI,UAE Team Emirates - XRG,,,",,",0,13970
8,RR,11 July 2026,Périgueux,Bergerac,180.4,1353,30,46.488,Sprint of large group,Affini Edoardo,https://www.procyclingstats.com/rider/edoardo-affini,1996-06-24,1996,Italy,1.9,85.0,23.55,Mantua,50,finished,151,6067,12,TT,30,IT,Team Visma | Lease a Bike,,,",,",0,13970
8,RR,11 July 2026,Périgueux,Bergerac,180.4,1353,30,46.488,Sprint of large group,Vingegaard Jonas,https://www.procyclingstats.com/rider/jonas-vingegaard,1996-12-10,1996,Denmark,1.75,58.0,18.94,Hillerslev,51,finished,2,162,11,GC,29,DK,Team Visma | Lease a Bike,,,",,",0,13970
8,RR,11 July 2026,Périgueux,Bergerac,180.4,1353,30,46.488,Sprint of large group,Van Wilder Ilan,https://www.procyclingstats.com/rider/ilan-van-wilder,2000-05-14,2000,Belgium,1.71,64.0,21.89,Jette,52,finished,14,585,97,GC,26,BE,Soudal Quick-Step,,,",,",0,13970
8,RR,11 July 2026,Périgueux,Bergerac,180.4,1353,30,46.488,Sprint of large group,Lipowitz Florian,https://www.procyclingstats.com/rider/florian-lipowitz,2000-09-21,2000,Germany,1.81,68.0,20.76,Laichingen,53,finished,7,240,25,GC,25,DE,Red Bull - BORA - hansgrohe,,,",,",0,13970
8,RR,11 July 2026,Périgueux,Bergerac,180.4,1353,30,46.488,Sprint of large group,Skujiņš Toms,https://www.procyclingstats.com/rider/toms-skujins,1991-06-15,1991,Latvia,1.81,72.0,21.98,Sigulda,54,finished,60,3783,36,Classic,35,LV,Lidl - Trek,,,",,",0,13970
8,RR,11 July 2026,Périgueux,Bergerac,180.4,1353,30,46.488,Sprint of large group,Hagenes Per Strand,https://www.procyclingstats.com/rider/per-strand-hagenes,2003-07-10,2003,Norway,1.86,78.0,22.55,Sandnes,55,finished,148,6008,15,Classic,23,NO,Team Visma | Lease a Bike,,,",,",0,13970
8,RR,11 July 2026,Périgueux,Bergerac,180.4,1353,30,46.488,Sprint of large group,Ganna Filippo,https://www.procyclingstats.com/rider/filippo-ganna,1996-07-25,1996,Italy,1.93,83.0,22.28,Verbania,56,finished,165,6560,84,TT,29,IT,Netcompany INEOS,,,",,",0,13970
8,RR,11 July 2026,Périgueux,Bergerac,180.4,1353,30,46.488,Sprint of large group,Bernal Egan,https://www.procyclingstats.com/rider/egan-bernal,1997-01-13,1997,Colombia,1.75,60.0,19.59,Bogotá,57,finished,11,552,81,GC,29,CO,Netcompany INEOS,,,",,",0,13970
8,RR,11 July 2026,Périgueux,Bergerac,180.4,1353,30,46.488,Sprint of large group,Skjelmose Mattias,https://www.procyclingstats.com/rider/mattias-skjelmose-jensen,2000-09-26,2000,Denmark,1.8,65.0,20.06,Copenhagen,58,finished,9,297,35,Climber,25,DK,Lidl - Trek,,,",,",0,13970
8,RR,11 July 2026,Périgueux,Bergerac,180.4,1353,30,46.488,Sprint of large group,Quinn Sean,https://www.procyclingstats.com/rider/sean-quinn,2000-05-10,2000,United States,1.87,67.0,19.16,Los Angeles,59,finished,12,575,45,GC,26,US,EF Education - EasyPost,,,",,",0,13970
8,RR,11 July 2026,Périgueux,Bergerac,180.4,1353,30,46.488,Sprint of large group,Jegat Jordan,https://www.procyclingstats.com/rider/jordan-jegat,1999-06-07,1999,France,1.76,59.0,19.05,Vannes,60,finished,18,656,201,Climber,27,FR,TotalEnergies,,,",,",0,13970
8,RR,11 July 2026,Périgueux,Bergerac,180.4,1353,30,46.488,Sprint of large group,Artz Huub,https://www.procyclingstats.com/rider/huub-artz,2002-05-14,2002,Netherlands,1.86,71.0,20.52,Wintelre,61,finished,161,6438,152,Hills,24,NL,Lotto Intermarché,,,",,",0,13970
8,RR,11 July 2026,Périgueux,Bergerac,180.4,1353,30,46.488,Sprint of large group,Martinez Lenny,https://www.procyclingstats.com/rider/lenny-martinez,2003-07-11,2003,France,1.68,52.0,18.42,Cannes,62,finished,8,261,71,Climber,23,FR,Bahrain - Victorious,,,",,",0,13970
8,RR,11 July 2026,Périgueux,Bergerac,180.4,1353,30,46.488,Sprint of large group,Vacek Mathias,https://www.procyclingstats.com/rider/mathias-vacek,2002-06-12,2002,Czech Republic,1.88,75.0,21.22,Beroun,63,finished,10,430,37,TT,24,CZ,Lidl - Trek,,,",,",0,13970
8,RR,11 July 2026,Périgueux,Bergerac,180.4,1353,30,46.488,Sprint of large group,Voisard Yannis,https://www.procyclingstats.com/rider/yannis-voisard,1998-07-26,1998,Switzerland,,56.0,,Fontenais,64,finished,19,741,198,GC,27,CH,Tudor Pro Cycling Team,,,",,",0,13970
8,RR,11 July 2026,Périgueux,Bergerac,180.4,1353,30,46.488,Sprint of large group,Kuss Sepp,https://www.procyclingstats.com/rider/sepp-kuss,1994-09-13,1994,United States,1.82,61.0,18.42,Durango,65,finished,23,813,17,Climber,31,US,Team Visma | Lease a Bike,,,",,",0,13970
8,RR,11 July 2026,Périgueux,Bergerac,180.4,1353,30,46.488,Sprint of large group,Castrillo Pablo,https://www.procyclingstats.com/rider/pablo-castrillo-zapater,2001-01-02,2001,Spain,1.83,74.0,22.1,Jaca,66,finished,22,804,142,Climber,25,ES,Movistar Team,,,",,",0,13970
8,RR,11 July 2026,Périgueux,Bergerac,180.4,1353,30,46.488,Sprint of large group,Yates Adam,https://www.procyclingstats.com/rider/adam-yates,1992-08-07,1992,Great Britain,1.73,58.0,19.38,Bury,67,finished,24,871,8,Climber,33,GB,UAE Team Emirates - XRG,,,",,",0,13970
8,RR,11 July 2026,Périgueux,Bergerac,180.4,1353,30,46.488,Sprint of large group,Piganzoli Davide,https://www.procyclingstats.com/rider/davide-piganzoli,2002-07-08,2002,Italy,1.74,61.0,20.15,Morbegno,68,finished,16,646,18,GC,24,IT,Team Visma | Lease a Bike,,,",,",0,13970
8,RR,11 July 2026,Périgueux,Bergerac,180.4,1353,30,46.488,Sprint of large group,Delbove Joris,https://www.procyclingstats.com/rider/joris-delbove,2000-07-15,2000,France,,,,Troyes,69,finished,55,3472,203,GC,25,FR,TotalEnergies,,,",,",0,13970
8,RR,11 July 2026,Périgueux,Bergerac,180.4,1353,30,46.488,Sprint of large group,Van Eetvelt Lennert,https://www.procyclingstats.com/rider/lennert-van-eetvelt,2001-07-17,2001,Belgium,1.76,63.0,20.34,Binkom,70,finished,17,651,156,Climber,24,BE,Lotto Intermarché,,,",,",0,13970
8,RR,11 July 2026,Périgueux,Bergerac,180.4,1353,30,46.488,Sprint of large group,Vauquelin Kévin,https://www.procyclingstats.com/rider/kevin-vauquelin,2001-04-26,2001,France,1.76,69.0,22.28,Bayeux,71,finished,41,2421,88,GC,25,FR,Netcompany INEOS,,,",,",0,13970
8,RR,11 July 2026,Périgueux,Bergerac,180.4,1353,30,46.488,Sprint of large group,Delettre Alexandre,https://www.procyclingstats.com/rider/alexandre-delettre,1997-10-25,1997,France,1.7,62.0,21.45,Gonesse,72,finished,59,3731,204,Classic,28,FR,TotalEnergies,,,",,",0,13970
8,RR,11 July 2026,Périgueux,Bergerac,180.4,1353,30,46.488,Sprint of large group,Bol Cees,https://www.procyclingstats.com/rider/cees-bol,1995-07-27,1995,Netherlands,1.94,83.0,22.05,Zaandam,73,finished,171,6720,53,Sprint,30,NL,Decathlon CMA CGM Team,,,",,",0,13970
8,RR,11 July 2026,Périgueux,Bergerac,180.4,1353,30,46.488,Sprint of large group,Harper Chris,https://www.procyclingstats.com/rider/chris-harper,1994-11-23,1994,Australia,1.85,67.0,19.58,Melbourne,74,finished,35,1963,173,GC,31,AU,Pinarello Q36.5 Pro Cycling Team,,,",,",0,13970
8,RR,11 July 2026,Périgueux,Bergerac,180.4,1353,30,46.488,Sprint of large group,Tiberi Antonio,https://www.procyclingstats.com/rider/antonio-tiberi,2001-06-24,2001,Italy,1.82,62.0,18.72,Frosinone,75,finished,29,1623,77,GC,25,IT,Bahrain - Victorious,,,",,",0,13970
8,RR,11 July 2026,Périgueux,Bergerac,180.4,1353,30,46.488,Sprint of large group,Stuyven Jasper,https://www.procyclingstats.com/rider/jasper-stuyven,1992-04-17,1992,Belgium,1.87,80.0,22.88,Leuven,76,finished,83,4456,94,Classic,34,BE,Soudal Quick-Step,,,",,",0,13970
8,RR,11 July 2026,Périgueux,Bergerac,180.4,1353,30,46.488,Sprint of large group,Germani Lorenzo,https://www.procyclingstats.com/rider/lorenzo-germani,2002-03-03,2002,Italy,1.79,62.0,19.35,Sora,77,finished,76,4218,185,GC,24,IT,Groupama - FDJ United,,,",,",0,13970
8,RR,11 July 2026,Périgueux,Bergerac,180.4,1353,30,46.488,Sprint of large group,Askey Lewis,https://www.procyclingstats.com/rider/lewis-askey,2001-05-04,2001,Great Britain,1.87,75.0,21.45,Cannock,78,finished,167,6631,132,Classic,25,GB,NSN Cycling Team,,,",,",0,13970
8,RR,11 July 2026,Périgueux,Bergerac,180.4,1353,30,46.488,Sprint of large group,Gee-West Derek,https://www.procyclingstats.com/rider/derek-gee,1997-08-03,1997,Canada,1.89,72.0,20.16,Ottawa,79,finished,47,3201,32,Climber,28,CA,Lidl - Trek,,,",,",0,13970
8,RR,11 July 2026,Périgueux,Bergerac,180.4,1353,30,46.488,Sprint of large group,Kirsch Alex,https://www.procyclingstats.com/rider/alex-kirsch,1992-06-12,1992,Luxembourg,1.94,78.0,20.72,Luxembourg,80,finished,112,5072,166,TT,34,LU,Cofidis,,,",,",0,13970
8,RR,11 July 2026,Périgueux,Bergerac,180.4,1353,30,46.488,Sprint of large group,Hessmann Michel,https://www.procyclingstats.com/rider/michel-hessmann,2001-04-06,2001,Germany,1.91,78.0,21.38,Münster,81,finished,120,5288,145,Hills,25,DE,Movistar Team,,,",,",0,13970
8,RR,11 July 2026,Périgueux,Bergerac,180.4,1353,30,46.488,Sprint of large group,Van Mechelen Vlad,https://www.procyclingstats.com/rider/vlad-van-mechelen,2004-06-02,2004,Belgium,1.83,73.0,21.8,Leuven,82,finished,69,4095,78,Sprint,22,BE,Bahrain - Victorious,,,",,",0,13970
8,RR,11 July 2026,Périgueux,Bergerac,180.4,1353,30,46.488,Sprint of large group,Vervaeke Louis,https://www.procyclingstats.com/rider/louis-vervaeke,1993-10-06,1993,Belgium,1.81,68.0,20.76,Ronse,83,finished,97,4836,98,GC,32,BE,Soudal Quick-Step,,,",,",0,13970
8,RR,11 July 2026,Périgueux,Bergerac,180.4,1353,30,46.488,Sprint of large group,Neilands Krists,https://www.procyclingstats.com/rider/krists-neilands,1994-08-18,1994,Latvia,1.89,69.0,19.32,Kuldīga,84,finished,116,5173,136,Classic,31,LV,NSN Cycling Team,,,",,",0,13970
8,RR,11 July 2026,Périgueux,Bergerac,180.4,1353,30,46.488,Sprint of large group,Jorgenson Matteo,https://www.procyclingstats.com/rider/matteo-jorgenson,1999-07-01,1999,United States,1.9,69.0,19.11,Walnut Creek,85,finished,34,1948,16,GC,27,US,Team Visma | Lease a Bike,,,",,",0,13970
8,RR,11 July 2026,Périgueux,Bergerac,180.4,1353,30,46.488,Sprint of large group,Campenaerts Victor,https://www.procyclingstats.com/rider/victor-campenaerts,1991-10-28,1991,Belgium,1.73,68.0,22.72,Hoboken,86,finished,71,4134,14,TT,34,BE,Team Visma | Lease a Bike,,,",,",0,13970
8,RR,11 July 2026,Périgueux,Bergerac,180.4,1353,30,46.488,Sprint of large group,Mohorič Matej,https://www.procyclingstats.com/rider/matej-mohoric,1994-10-19,1994,Slovenia,1.86,71.0,20.52,Kranj,87,finished,109,5058,75,Classic,31,SI,Bahrain - Victorious,,,",,",0,13970
8,RR,11 July 2026,Périgueux,Bergerac,180.4,1353,30,46.488,Sprint of large group,Kwiatkowski Michał,https://www.procyclingstats.com/rider/michal-kwiatkowski,1990-06-02,1990,Poland,1.76,68.0,21.95,Chełmża,88,finished,135,5628,86,Classic,36,PL,Netcompany INEOS,,,",,",0,13970
8,RR,11 July 2026,Périgueux,Bergerac,180.4,1353,30,46.488,Sprint of large group,Le Berre Mathis,https://www.procyclingstats.com/rider/mathis-le-berre,2001-04-16,2001,France,1.76,68.0,21.95,Saint-Brieuc,89,finished,73,4179,206,Hills,25,FR,TotalEnergies,,,",,",0,13970
8,RR,11 July 2026,Périgueux,Bergerac,180.4,1353,30,46.488,Sprint of large group,Grégoire Romain,https://www.procyclingstats.com/rider/romain-gregoire,2003-01-21,2003,France,1.76,64.0,20.66,Besançon,90,finished,51,3423,181,Classic,23,FR,Groupama - FDJ United,,,0:35,35,14005
8,RR,11 July 2026,Périgueux,Bergerac,180.4,1353,30,46.488,Sprint of large group,Rickaert Jonas,https://www.procyclingstats.com/rider/jonas-rickaert,1994-02-07,1994,Belgium,1.9,88.0,24.38,Sint-Eloois-Vijve,91,finished,105,5017,107,Classic,32,BE,Alpecin - Premier Tech,,,",,",35,14005
8,RR,11 July 2026,Périgueux,Bergerac,180.4,1353,30,46.488,Sprint of large group,Planckaert Edward,https://www.procyclingstats.com/rider/edward-planckaert,1995-02-01,1995,Belgium,1.78,71.0,22.41,Kortrijk,92,finished,92,4764,106,Classic,31,BE,Alpecin - Premier Tech,,,",,",35,14005
8,RR,11 July 2026,Périgueux,Bergerac,180.4,1353,30,46.488,Sprint of large group,Trentin Matteo,https://www.procyclingstats.com/rider/matteo-trentin,1989-08-02,1989,Italy,1.79,74.0,23.1,Borgo Valsugana,93,finished,153,6175,197,Classic,36,IT,Tudor Pro Cycling Team,,,",,",35,14005
8,RR,11 July 2026,Périgueux,Bergerac,180.4,1353,30,46.488,Sprint of large group,Hindley Jai,https://www.procyclingstats.com/rider/jai-hindley,1996-05-05,1996,Australia,1.75,60.0,19.59,Perth,94,finished,30,1631,24,Climber,30,AU,Red Bull - BORA - hansgrohe,,,",,",35,14005
8,RR,11 July 2026,Périgueux,Bergerac,180.4,1353,30,46.488,Sprint of large group,Arensman Thymen,https://www.procyclingstats.com/rider/thymen-arensman,1999-12-04,1999,Netherlands,1.9,68.0,18.84,Deil,95,finished,27,1194,82,GC,26,NL,Netcompany INEOS,,,",,",35,14005
8,RR,11 July 2026,Périgueux,Bergerac,180.4,1353,30,46.488,Sprint of large group,Zimmermann Georg,https://www.procyclingstats.com/rider/georg-zimmermann,1997-10-11,1997,Germany,1.81,70.0,21.37,Augsburg,96,finished,64,3977,158,Classic,28,DE,Lotto Intermarché,,,",,",35,14005
8,RR,11 July 2026,Périgueux,Bergerac,180.4,1353,30,46.488,Sprint of large group,Braz Afonso Clément,https://www.procyclingstats.com/rider/clement-braz-afonso,1999-11-08,1999,France,1.63,50.0,18.82,Brive-la-Gaillarde,97,finished,70,4114,183,Climber,26,FR,Groupama - FDJ United,,,",,",35,14005
8,RR,11 July 2026,Périgueux,Bergerac,180.4,1353,30,46.488,Sprint of large group,Romo Javier,https://www.procyclingstats.com/rider/javier-romo,1999-01-06,1999,Spain,1.84,70.0,20.68,Villafranca de los Caballeros,98,finished,52,3453,147,GC,27,ES,Movistar Team,,,",,",35,14005
8,RR,11 July 2026,Périgueux,Bergerac,180.4,1353,30,46.488,Sprint of large group,Biesterbos Frits,https://www.procyclingstats.com/rider/frits-biesterbos,2002-02-14,2002,Netherlands,,,,Apeldoorn,99,finished,140,5802,212,Classic,24,NL,Team Picnic PostNL,,,",,",35,14005
8,RR,11 July 2026,Périgueux,Bergerac,180.4,1353,30,46.488,Sprint of large group,Hermans Quinten,https://www.procyclingstats.com/rider/quinten-hermans,1995-07-29,1995,Belgium,1.74,62.0,20.48,Antwerp,100,finished,39,2345,174,Hills,30,BE,Pinarello Q36.5 Pro Cycling Team,,,",,",35,14005
8,RR,11 July 2026,Périgueux,Bergerac,180.4,1353,30,46.488,Sprint of large group,Denz Nico,https://www.procyclingstats.com/rider/nico-denz,1994-02-15,1994,Germany,1.83,71.0,21.2,Waldshut-Tiengen,101,finished,84,4483,23,Hills,32,DE,Red Bull - BORA - hansgrohe,,,",,",35,14005
8,RR,11 July 2026,Périgueux,Bergerac,180.4,1353,30,46.488,Sprint of large group,Verona Carlos,https://www.procyclingstats.com/rider/carlos-verona,1992-11-04,1992,Spain,1.86,68.0,19.66,San Lorenzo de El Escorial,102,finished,38,2288,38,GC,33,ES,Lidl - Trek,,,",,",35,14005
8,RR,11 July 2026,Périgueux,Bergerac,180.4,1353,30,46.488,Sprint of large group,Allegaert Piet,https://www.procyclingstats.com/rider/piet-allegaert,1995-01-20,1995,Belgium,1.81,70.0,21.37,Moorslede,103,finished,172,6767,162,Classic,31,BE,Cofidis,,,0:48,48,14018
8,RR,11 July 2026,Périgueux,Bergerac,180.4,1353,30,46.488,Sprint of large group,Page Hugo,https://www.procyclingstats.com/rider/hugo-page,2001-07-24,2001,France,1.85,71.0,20.75,Chartres,104,finished,147,5947,167,Classic,24,FR,Cofidis,,,",,",48,14018
8,RR,11 July 2026,Périgueux,Bergerac,180.4,1353,30,46.488,Sprint of large group,Craps Lars,https://www.procyclingstats.com/rider/lars-craps,2001-10-17,2001,Belgium,1.85,67.0,19.58,Aalst,105,finished,81,4436,154,GC,24,BE,Lotto Intermarché,,,",,",48,14018
8,RR,11 July 2026,Périgueux,Bergerac,180.4,1353,30,46.488,Sprint of large group,Meurisse Xandro,https://www.procyclingstats.com/rider/xandro-meurisse,1992-01-31,1992,Belgium,1.81,68.0,20.76,Kortrijk,106,finished,57,3679,176,GC,34,BE,Pinarello Q36.5 Pro Cycling Team,,,0:56,56,14026
8,RR,11 July 2026,Périgueux,Bergerac,180.4,1353,30,46.488,Sprint of large group,Asgreen Kasper,https://www.procyclingstats.com/rider/kasper-asgreen,1995-02-08,1995,Denmark,1.93,75.0,20.13,Kolding,107,finished,77,4233,42,TT,31,DK,EF Education - EasyPost,,,1:03,63,14033
8,RR,11 July 2026,Périgueux,Bergerac,180.4,1353,30,46.488,Sprint of large group,Stewart Jake,https://www.procyclingstats.com/rider/jake-stewart,1999-10-02,1999,Great Britain,1.79,66.0,20.6,Coventry,108,finished,160,6429,137,Hills,26,GB,NSN Cycling Team,,,",,",63,14033
8,RR,11 July 2026,Périgueux,Bergerac,180.4,1353,30,46.488,Sprint of large group,Van Moer Brent,https://www.procyclingstats.com/rider/brent-van-moer,1998-01-12,1998,Belgium,1.91,79.0,21.66,Beveren,109,finished,98,4849,177,Classic,28,BE,Pinarello Q36.5 Pro Cycling Team,,,",,",63,14033
8,RR,11 July 2026,Périgueux,Bergerac,180.4,1353,30,46.488,Sprint of large group,Rubio Einer,https://www.procyclingstats.com/rider/einer-rubio,1998-02-22,1998,Colombia,1.64,56.0,20.82,Chíquiza,110,finished,63,3882,148,Climber,28,CO,Movistar Team,,,",,",63,14033
8,RR,11 July 2026,Périgueux,Bergerac,180.4,1353,30,46.488,Sprint of large group,Prodhomme Nicolas,https://www.procyclingstats.com/rider/nicolas-prodhomme,1997-02-01,1997,France,1.74,63.0,20.81,L'Aigle,111,finished,36,2090,57,GC,29,FR,Decathlon CMA CGM Team,,,1:11,71,14041
8,RR,11 July 2026,Périgueux,Bergerac,180.4,1353,30,46.488,Sprint of large group,Simmons Quinn,https://www.procyclingstats.com/rider/quinn-simmons,2001-05-08,2001,United States,1.85,73.0,21.33,Durango,112,finished,44,2624,34,Hills,25,US,Lidl - Trek,,,",,",71,14041
8,RR,11 July 2026,Périgueux,Bergerac,180.4,1353,30,46.488,Sprint of large group,Benoot Tiesj,https://www.procyclingstats.com/rider/tiesj-benoot,1994-03-11,1994,Belgium,1.9,72.0,19.94,Ghent,113,finished,28,1577,52,Classic,32,BE,Decathlon CMA CGM Team,,,",,",71,14041
8,RR,11 July 2026,Périgueux,Bergerac,180.4,1353,30,46.488,Sprint of large group,Slock Liam,https://www.procyclingstats.com/rider/liam-slock,2000-09-18,2000,Belgium,1.88,74.0,20.94,Ghent,114,finished,173,6847,155,GC,25,BE,Lotto Intermarché,,,1:20,80,14050
8,RR,11 July 2026,Périgueux,Bergerac,180.4,1353,30,46.488,Sprint of large group,Biermans Jenthe,https://www.procyclingstats.com/rider/jenthe-biermans,1995-10-30,1995,Belgium,1.84,78.0,23.04,Geel,115,finished,149,6016,164,Classic,30,BE,Cofidis,,,",,",80,14050
8,RR,11 July 2026,Périgueux,Bergerac,180.4,1353,30,46.488,Sprint of large group,Ballerini Davide,https://www.procyclingstats.com/rider/davide-ballerini,1994-09-21,1994,Italy,1.83,71.0,21.2,Cantù,116,finished,168,6670,62,Classic,31,IT,XDS Astana Team,,,1:29,89,14059
8,RR,11 July 2026,Périgueux,Bergerac,180.4,1353,30,46.488,Sprint of large group,Degenkolb John,https://www.procyclingstats.com/rider/john-degenkolb,1989-01-07,1989,Germany,1.8,82.0,25.31,Gera,117,finished,162,6484,214,Classic,37,DE,Team Picnic PostNL,,,",,",89,14059
8,RR,11 July 2026,Périgueux,Bergerac,180.4,1353,30,46.488,Sprint of large group,Balderstone Abel,https://www.procyclingstats.com/rider/abel-balderstone-roumens,2000-07-07,2000,Spain,1.79,61.0,19.04,Ullastrell,118,finished,48,3201,222,GC,26,ES,Caja Rural - Seguros RGA,,,1:33,93,14063
8,RR,11 July 2026,Périgueux,Bergerac,180.4,1353,30,46.488,Sprint of large group,Engelhardt Felix,https://www.procyclingstats.com/rider/felix-engelhardt,2000-08-19,2000,Germany,1.8,68.0,20.99,Ulm,119,finished,107,5023,114,Classic,25,DE,Team Jayco AlUla,,,1:41,101,14071
8,RR,11 July 2026,Périgueux,Bergerac,180.4,1353,30,46.488,Sprint of large group,Gradek Kamil,https://www.procyclingstats.com/rider/kamil-gradek,1990-09-17,1990,Poland,1.94,83.0,22.05,Koziegłowy,120,finished,174,6870,74,TT,35,PL,Bahrain - Victorious,,,",,",101,14071
8,RR,11 July 2026,Périgueux,Bergerac,180.4,1353,30,46.488,Sprint of large group,Carapaz Richard,https://www.procyclingstats.com/rider/richard-carapaz,1993-05-29,1993,Ecuador,1.7,62.0,21.45,El Carmelo,121,finished,25,924,41,Climber,33,EC,EF Education - EasyPost,,,1:49,109,14079
8,RR,11 July 2026,Périgueux,Bergerac,180.4,1353,30,46.488,Sprint of large group,Matthews Michael,https://www.procyclingstats.com/rider/michael-matthews,1990-09-26,1990,Australia,1.78,72.0,22.72,Canberra,122,finished,88,4520,115,Classic,35,AU,Team Jayco AlUla,,,",,",109,14079
8,RR,11 July 2026,Périgueux,Bergerac,180.4,1353,30,46.488,Sprint of large group,Durbridge Luke,https://www.procyclingstats.com/rider/luke-durbridge,1991-04-09,1991,Australia,1.87,78.0,22.31,Greenmount,123,finished,122,5342,113,TT,35,AU,Team Jayco AlUla,,,",,",109,14079
8,RR,11 July 2026,Périgueux,Bergerac,180.4,1353,30,46.488,Sprint of large group,Azparren Xabier Mikel,https://www.procyclingstats.com/rider/xabier-mikel-azparren-irurzun,1999-02-25,1999,Spain,,,,San Sebastián,124,finished,123,5353,172,TT,27,ES,Pinarello Q36.5 Pro Cycling Team,,,",,",109,14079
8,RR,11 July 2026,Périgueux,Bergerac,180.4,1353,30,46.488,Sprint of large group,Barguil Warren,https://www.procyclingstats.com/rider/warren-barguil,1991-10-28,1991,France,1.83,61.0,18.21,Hennebont,125,finished,119,5265,211,Climber,34,FR,Team Picnic PostNL,,,",,",109,14079
8,RR,11 July 2026,Périgueux,Bergerac,180.4,1353,30,46.488,Sprint of large group,Armirail Bruno,https://www.procyclingstats.com/rider/bruno-armirail,1994-04-11,1994,France,1.9,72.0,19.94,Bagnères-de-Bigorre,126,finished,124,5356,13,TT,32,FR,Team Visma | Lease a Bike,,,",,",109,14079
8,RR,11 July 2026,Périgueux,Bergerac,180.4,1353,30,46.488,Sprint of large group,Veistroffer Baptiste,https://www.procyclingstats.com/rider/baptiste-veistroffer,2000-05-29,2000,France,1.82,73.0,22.04,Fouesnant,127,finished,157,6381,157,Hills,26,FR,Lotto Intermarché,,,",,",109,14079
8,RR,11 July 2026,Périgueux,Bergerac,180.4,1353,30,46.488,Sprint of large group,Gate Aaron,https://www.procyclingstats.com/rider/aaron-gate,1990-11-26,1990,New Zealand,1.81,71.0,21.67,Auckland,128,finished,108,5028,63,GC,35,NZ,XDS Astana Team,,,",,",109,14079
8,RR,11 July 2026,Périgueux,Bergerac,180.4,1353,30,46.488,Sprint of large group,Großschartner Felix,https://www.procyclingstats.com/rider/felix-grossschartner,1993-12-23,1993,Austria,1.84,64.0,18.9,Wels,129,finished,45,2648,3,GC,32,AT,UAE Team Emirates - XRG,,,",,",109,14079
8,RR,11 July 2026,Périgueux,Bergerac,180.4,1353,30,46.488,Sprint of large group,Wellens Tim,https://www.procyclingstats.com/rider/tim-wellens,1991-05-10,1991,Belgium,1.82,71.0,21.43,Sint-Truiden,130,finished,66,4015,7,GC,35,BE,UAE Team Emirates - XRG,,,",,",109,14079
8,RR,11 July 2026,Périgueux,Bergerac,180.4,1353,30,46.488,Sprint of large group,Howson Damien,https://www.procyclingstats.com/rider/damien-howson,1992-08-13,1992,Australia,1.88,68.0,19.24,Adelaide,131,finished,103,5009,175,GC,33,AU,Pinarello Q36.5 Pro Cycling Team,,,",,",109,14079
8,RR,11 July 2026,Périgueux,Bergerac,180.4,1353,30,46.488,Sprint of large group,García Pierna Raúl,https://www.procyclingstats.com/rider/raul-garcia-pierna,2001-02-23,2001,Spain,1.75,67.0,21.88,Tres Cantos,132,finished,37,2225,144,Climber,25,ES,Movistar Team,,,",,",109,14079
8,RR,11 July 2026,Périgueux,Bergerac,180.4,1353,30,46.488,Sprint of large group,Johannessen Anders Halland,https://www.procyclingstats.com/rider/anders-halland-johannessen,1999-08-23,1999,Norway,1.76,,,Drøbak,133,finished,104,5016,125,GC,26,NO,Uno-X Mobility,,,",,",109,14079
8,RR,11 July 2026,Périgueux,Bergerac,180.4,1353,30,46.488,Sprint of large group,Cepeda Jefferson Alveiro,https://www.procyclingstats.com/rider/jefferson-cepeda-hernandez,1996-03-02,1996,Ecuador,1.7,61.0,21.11,El Playón,134,finished,78,4281,143,GC,30,EC,Movistar Team,,,",,",109,14079
8,RR,11 July 2026,Périgueux,Bergerac,180.4,1353,30,46.488,Sprint of large group,Riccitello Matthew,https://www.procyclingstats.com/rider/matthew-riccitello,2002-03-05,2002,United States,1.72,55.0,18.59,Tucson,135,finished,87,4520,58,Climber,24,US,Decathlon CMA CGM Team,,,",,",109,14079
8,RR,11 July 2026,Périgueux,Bergerac,180.4,1353,30,46.488,Sprint of large group,Hoole Daan,https://www.procyclingstats.com/rider/daan-hoole,1999-02-22,1999,Netherlands,1.98,84.0,21.43,Zuidland,136,finished,126,5389,54,TT,27,NL,Decathlon CMA CGM Team,,,",,",109,14079
8,RR,11 July 2026,Périgueux,Bergerac,180.4,1353,30,46.488,Sprint of large group,Dhondt Robbe,https://www.procyclingstats.com/rider/robbe-dhondt,2004-06-25,2004,Belgium,1.76,,,Zottegem,137,finished,145,5907,215,GC,22,BE,Team Picnic PostNL,,,",,",109,14079
8,RR,11 July 2026,Périgueux,Bergerac,180.4,1353,30,46.488,Sprint of large group,van den Berg Julius,https://www.procyclingstats.com/rider/julius-van-den-berg,1996-10-23,1996,Netherlands,1.9,78.0,21.61,Purmerend,138,finished,158,6411,217,Sprint,29,NL,Team Picnic PostNL,,,",,",109,14079
8,RR,11 July 2026,Périgueux,Bergerac,180.4,1353,30,46.488,Sprint of large group,Foss Tobias,https://www.procyclingstats.com/rider/tobias-foss,1997-05-25,1997,Norway,1.84,74.0,21.86,Vingrom,139,finished,67,4051,83,TT,29,NO,Netcompany INEOS,,,",,",109,14079
8,RR,11 July 2026,Périgueux,Bergerac,180.4,1353,30,46.488,Sprint of large group,Tarling Joshua,https://www.procyclingstats.com/rider/joshua-tarling,2004-02-15,2004,Great Britain,1.94,78.0,20.72,Aberaeron,140,finished,170,6704,87,TT,22,GB,Netcompany INEOS,,,",,",109,14079
8,RR,11 July 2026,Périgueux,Bergerac,180.4,1353,30,46.488,Sprint of large group,Baudin Alex,https://www.procyclingstats.com/rider/alex-baudin,2001-05-25,2001,France,1.83,64.0,19.11,Albertville,141,finished,43,2623,43,Climber,25,FR,EF Education - EasyPost,,,",,",109,14079
8,RR,11 July 2026,Périgueux,Bergerac,180.4,1353,30,46.488,Sprint of large group,Vercher Mattéo,https://www.procyclingstats.com/rider/matheo-vercher,2001-01-26,2001,France,1.71,,,Lyon,142,finished,62,3848,208,Hills,25,FR,TotalEnergies,,,",,",109,14079
8,RR,11 July 2026,Périgueux,Bergerac,180.4,1353,30,46.488,Sprint of large group,Valgren Michael,https://www.procyclingstats.com/rider/michael-valgren-andersen,1992-02-07,1992,Denmark,1.79,71.0,22.16,Østerild,143,finished,74,4180,47,Classic,34,DK,EF Education - EasyPost,,,",,",109,14079
8,RR,11 July 2026,Périgueux,Bergerac,180.4,1353,30,46.488,Sprint of large group,Healy Ben,https://www.procyclingstats.com/rider/ben-healy,2000-09-11,2000,Ireland,1.75,62.0,20.24,Kingswinford Previous nationalities Great Britain until 2016,144,finished,114,5134,44,Climber,25,IE,EF Education - EasyPost,,,",,",109,14079
8,RR,11 July 2026,Périgueux,Bergerac,180.4,1353,30,46.488,Sprint of large group,Walker Max,https://www.procyclingstats.com/rider/max-walker,2001-07-12,2001,Great Britain,,,,Douglas,145,finished,127,5391,48,TT,24,GB,EF Education - EasyPost,,,",,",109,14079
8,RR,11 July 2026,Périgueux,Bergerac,180.4,1353,30,46.488,Sprint of large group,Steinhauser Georg,https://www.procyclingstats.com/rider/georg-steinhauser,2001-10-21,2001,Germany,1.89,70.0,19.6,Lindenberg im Allgäu,146,finished,113,5098,46,Climber,24,DE,EF Education - EasyPost,,,",,",109,14079
8,RR,11 July 2026,Périgueux,Bergerac,180.4,1353,30,46.488,Sprint of large group,Tratnik Jan,https://www.procyclingstats.com/rider/jan-tratnik,1990-02-23,1990,Slovenia,1.73,67.0,22.39,Idrija,147,finished,118,5240,26,TT,36,SI,Red Bull - BORA - hansgrohe,,,",,",109,14079
8,RR,11 July 2026,Périgueux,Bergerac,180.4,1353,30,46.488,Sprint of large group,O'Connor Ben,https://www.procyclingstats.com/rider/ben-o-connor,1995-11-25,1995,Australia,1.88,67.0,18.96,Subiaco,148,finished,49,3353,111,GC,30,AU,Team Jayco AlUla,,,",,",109,14079
8,RR,11 July 2026,Périgueux,Bergerac,180.4,1353,30,46.488,Sprint of large group,Costiou Ewen,https://www.procyclingstats.com/rider/ewen-costiou,2002-11-10,2002,France,1.76,64.0,20.66,Brest,149,finished,100,4860,184,GC,23,FR,Groupama - FDJ United,,,",,",109,14079
8,RR,11 July 2026,Périgueux,Bergerac,180.4,1353,30,46.488,Sprint of large group,Izagirre Ion,https://www.procyclingstats.com/rider/ion-izagirre,1989-02-04,1989,Spain,1.73,60.0,20.05,Ormaiztegi,150,finished,40,2374,161,GC,37,ES,Cofidis,,,",,",109,14079
8,RR,11 July 2026,Périgueux,Bergerac,180.4,1353,30,46.488,Sprint of large group,Higuita Sergio,https://www.procyclingstats.com/rider/sergio-higuita,1997-08-01,1997,Colombia,1.66,57.0,20.69,Medellín,151,finished,31,1706,61,Climber,28,CO,XDS Astana Team,,,",,",109,14079
8,RR,11 July 2026,Périgueux,Bergerac,180.4,1353,30,46.488,Sprint of large group,Aranburu Alex,https://www.procyclingstats.com/rider/alex-aranburu,1995-09-19,1995,Spain,1.78,63.0,19.88,Ezkio-Itsaso,152,finished,95,4792,163,Classic,30,ES,Cofidis,,,",,",109,14079
8,RR,11 July 2026,Périgueux,Bergerac,180.4,1353,30,46.488,Sprint of large group,Hirschi Marc,https://www.procyclingstats.com/rider/marc-hirschi,1998-08-24,1998,Switzerland,1.74,61.0,20.15,Bern,153,finished,56,3560,194,Classic,27,CH,Tudor Pro Cycling Team,,,",,",109,14079
8,RR,11 July 2026,Périgueux,Bergerac,180.4,1353,30,46.488,Sprint of large group,Thomas Benjamin,https://www.procyclingstats.com/rider/benjamin-thomas-2,1995-09-12,1995,France,1.79,68.0,21.22,Lavaur,154,finished,130,5447,168,TT,30,FR,Cofidis,,,",,",109,14079
8,RR,11 July 2026,Périgueux,Bergerac,180.4,1353,30,46.488,Sprint of large group,Berwick Sebastian,https://www.procyclingstats.com/rider/sebastian-berwick,1999-12-15,1999,Australia,1.75,59.0,19.27,Brisbane,155,finished,82,4451,223,GC,26,AU,Caja Rural - Seguros RGA,,,",,",109,14079
8,RR,11 July 2026,Périgueux,Bergerac,180.4,1353,30,46.488,Sprint of large group,Bennett George,https://www.procyclingstats.com/rider/george-bennett,1990-04-07,1990,New Zealand,1.81,58.0,17.7,Nelson,156,finished,53,3458,133,GC,36,NZ,NSN Cycling Team,,,",,",109,14079
8,RR,11 July 2026,Périgueux,Bergerac,180.4,1353,30,46.488,Sprint of large group,Debruyne Ramses,https://www.procyclingstats.com/rider/ramses-debruyne,2002-08-31,2002,Belgium,1.79,66.0,20.6,Rollegem,157,finished,21,795,102,Climber,23,BE,Alpecin - Premier Tech,,,",,",109,14079
8,RR,11 July 2026,Périgueux,Bergerac,180.4,1353,30,46.488,Sprint of large group,Marsman Tim,https://www.procyclingstats.com/rider/tim-marsman,2000-10-04,2000,Netherlands,1.91,75.0,20.56,Hattem,158,finished,152,6113,104,Sprint,25,NL,Alpecin - Premier Tech,,,",,",109,14079
8,RR,11 July 2026,Périgueux,Bergerac,180.4,1353,30,46.488,Sprint of large group,Velasco Simone,https://www.procyclingstats.com/rider/simone-velasco,1995-12-02,1995,Italy,1.7,59.0,20.42,Bologna,159,finished,115,5134,67,Classic,30,IT,XDS Astana Team,,,",,",109,14079
8,RR,11 July 2026,Périgueux,Bergerac,180.4,1353,30,46.488,Sprint of large group,Otruba Jakub,https://www.procyclingstats.com/rider/jakub-otruba,1998-01-30,1998,Czech Republic,1.9,75.0,20.78,Olomouc,160,finished,136,5650,227,GC,28,CZ,Caja Rural - Seguros RGA,,,",,",109,14079
8,RR,11 July 2026,Périgueux,Bergerac,180.4,1353,30,46.488,Sprint of large group,Breuillard Nicolas,https://www.procyclingstats.com/rider/nicolas-breuillard,2000-03-13,2000,France,1.75,,,Pertuis,161,finished,68,4053,202,GC,26,FR,TotalEnergies,,,2:20,140,14110
8,RR,11 July 2026,Périgueux,Bergerac,180.4,1353,30,46.488,Sprint of large group,Paret-Peintre Valentin,https://www.procyclingstats.com/rider/valentin-paret-peintre,2001-01-14,2001,France,1.78,52.0,16.41,Annemasse,162,finished,50,3406,93,Climber,25,FR,Soudal Quick-Step,,,2:41,161,14131
8,RR,11 July 2026,Périgueux,Bergerac,180.4,1353,30,46.488,Sprint of large group,van Baarle Dylan,https://www.procyclingstats.com/rider/dylan-van-baarle,1992-05-21,1992,Netherlands,1.89,74.0,20.72,Voorburg,163,finished,133,5574,95,Classic,34,NL,Soudal Quick-Step,,,",,",161,14131
8,RR,11 July 2026,Périgueux,Bergerac,180.4,1353,30,46.488,Sprint of large group,Haller Marco,https://www.procyclingstats.com/rider/marco-haller,1991-04-01,1991,Austria,1.78,72.0,22.72,Sankt Veit an der Glan,164,finished,176,7293,193,Classic,35,AT,Tudor Pro Cycling Team,,,3:01,181,14151
8,RR,11 July 2026,Périgueux,Bergerac,180.4,1353,30,46.488,Sprint of large group,Oldani Stefano,https://www.procyclingstats.com/rider/stefano-oldani,1998-01-10,1998,Italy,1.78,65.0,20.52,Milan,165,finished,137,5666,226,Hills,28,IT,Caja Rural - Seguros RGA,,,*0:00,0,13970
8,RR,11 July 2026,Périgueux,Bergerac,180.4,1353,30,46.488,Sprint of large group,Vinokurov Nicolas,https://www.procyclingstats.com/rider/nicolas-vinokurov,2002-07-07,2002,Kazakhstan,1.84,69.0,20.38,Nice,166,finished,128,5396,68,GC,24,KZ,XDS Astana Team,,,3:26,206,14176
8,RR,11 July 2026,Périgueux,Bergerac,180.4,1353,30,46.488,Sprint of large group,Dillier Silvan,https://www.procyclingstats.com/rider/silvan-dillier,1990-08-03,1990,Switzerland,1.83,75.0,22.4,Aarau,167,finished,142,5822,103,Classic,35,CH,Alpecin - Premier Tech,,,3:56,236,14206
8,RR,11 July 2026,Périgueux,Bergerac,180.4,1353,30,46.488,Sprint of large group,Plapp Luke,https://www.procyclingstats.com/rider/luke-plapp,2000-12-25,2000,Australia,1.81,72.0,21.98,Melbourne,168,finished,106,5018,117,GC,25,AU,Team Jayco AlUla,,,",,",236,14206
8,RR,11 July 2026,Périgueux,Bergerac,180.4,1353,30,46.488,Sprint of large group,Guernalec Thibault,https://www.procyclingstats.com/rider/thibault-guernalec,1997-07-31,1997,France,1.85,71.0,20.75,Châteaulin,169,finished,121,5336,205,TT,28,FR,TotalEnergies,,,",,",236,14206
8,RR,11 July 2026,Périgueux,Bergerac,180.4,1353,30,46.488,Sprint of large group,Louvel Matis,https://www.procyclingstats.com/rider/matis-louvel,1999-07-19,1999,France,1.87,77.0,22.02,Mont Saint Aignan,170,finished,175,7156,135,Classic,26,FR,NSN Cycling Team,,,",,",236,14206
8,RR,11 July 2026,Périgueux,Bergerac,180.4,1353,30,46.488,Sprint of large group,Storer Michael,https://www.procyclingstats.com/rider/michael-storer,1997-02-28,1997,Australia,1.77,63.0,20.11,Perth,171,finished,79,4345,196,Climber,29,AU,Tudor Pro Cycling Team,,,",,",236,14206
8,RR,11 July 2026,Périgueux,Bergerac,180.4,1353,30,46.488,Sprint of large group,Alaphilippe Julian,https://www.procyclingstats.com/rider/julian-alaphilippe,1992-06-11,1992,France,1.73,62.0,20.72,Saint-Amand-Montrond,172,finished,134,5599,191,Classic,34,FR,Tudor Pro Cycling Team,,,",,",236,14206
8,RR,11 July 2026,Périgueux,Bergerac,180.4,1353,30,46.488,Sprint of large group,Frigo Marco,https://www.procyclingstats.com/rider/marco-frigo,2000-03-02,2000,Italy,1.88,70.0,19.81,Bassano del Grappa,173,finished,93,4768,134,Climber,26,IT,NSN Cycling Team,,,",,",236,14206
8,RR,11 July 2026,Périgueux,Bergerac,180.4,1353,30,46.488,Sprint of large group,Nicolau Joel,https://www.procyclingstats.com/rider/joel-nicolau,1997-12-23,1997,Spain,1.76,66.0,21.31,Llofriu,174,finished,111,5071,225,Hills,28,ES,Caja Rural - Seguros RGA,,,4:45,285,14255
8,RR,11 July 2026,Périgueux,Bergerac,180.4,1353,30,46.488,Sprint of large group,Eenkhoorn Pascal,https://www.procyclingstats.com/rider/pascal-eenkhoorn,1997-02-08,1997,Netherlands,1.85,72.0,21.04,Zwolle,175,finished,117,5178,92,Classic,29,NL,Soudal Quick-Step,,,5:44,344,14314
8,RR,11 July 2026,Périgueux,Bergerac,180.4,1353,30,46.488,Sprint of large group,Verstrynge Emiel,https://www.procyclingstats.com/rider/emiel-verstrynge,2002-02-04,2002,Belgium,1.89,69.0,19.32,Eeklo,176,finished,125,5378,108,Climber,24,BE,Alpecin - Premier Tech,,,6:12,372,14342
9,RR,12 July 2026,Malemort,Ussel,154.6,2792,115,44.628,Sprint of small group,van der Poel Mathieu,https://www.procyclingstats.com/rider/mathieu-van-der-poel,1995-01-19,1995,Netherlands,1.84,75.0,22.15,Kapellen,1,finished,56,4186,101,Classic,31,NL,Alpecin - Premier Tech,210.0,100.0,3:27:51,0,12471
9,RR,12 July 2026,Malemort,Ussel,154.6,2792,115,44.628,Sprint of small group,Johannessen Tobias Halland,https://www.procyclingstats.com/rider/tobias-halland-johannessen,1999-08-23,1999,Norway,1.76,62.0,20.02,Drøbak,2,finished,11,570,121,Climber,26,NO,Uno-X Mobility,150.0,70.0,",,",0,12471
9,RR,12 July 2026,Malemort,Ussel,154.6,2792,115,44.628,Sprint of small group,Pidcock Tom,https://www.procyclingstats.com/rider/tom-pidcock,1999-07-30,1999,Great Britain,1.7,58.0,20.07,Leeds,3,finished,13,580,171,Classic,26,GB,Pinarello Q36.5 Pro Cycling Team,110.0,50.0,",,",0,12471
9,RR,12 July 2026,Malemort,Ussel,154.6,2792,115,44.628,Sprint of small group,Baudin Alex,https://www.procyclingstats.com/rider/alex-baudin,2001-05-25,2001,France,1.83,64.0,19.11,Albertville,4,finished,36,2617,43,Climber,25,FR,EF Education - EasyPost,90.0,40.0,",,",0,12471
9,RR,12 July 2026,Malemort,Ussel,154.6,2792,115,44.628,Sprint of small group,Ganna Filippo,https://www.procyclingstats.com/rider/filippo-ganna,1996-07-25,1996,Italy,1.93,83.0,22.28,Verbania,5,finished,121,6560,84,TT,29,IT,Netcompany INEOS,70.0,32.0,0:06,6,12477
9,RR,12 July 2026,Malemort,Ussel,154.6,2792,115,44.628,Sprint of small group,Pedersen Mads,https://www.procyclingstats.com/rider/mads-pedersen,1995-12-18,1995,Denmark,1.8,76.0,23.46,Tølløse,6,finished,63,4501,33,Classic,30,DK,Lidl - Trek,55.0,26.0,",,",6,12477
9,RR,12 July 2026,Malemort,Ussel,154.6,2792,115,44.628,Sprint of small group,Matthews Michael,https://www.procyclingstats.com/rider/michael-matthews,1990-09-26,1990,Australia,1.78,72.0,22.72,Canberra,7,finished,66,4520,115,Classic,35,AU,Team Jayco AlUla,45.0,22.0,",,",6,12477
9,RR,12 July 2026,Malemort,Ussel,154.6,2792,115,44.628,Sprint of small group,Breuillard Nicolas,https://www.procyclingstats.com/rider/nicolas-breuillard,2000-03-13,2000,France,1.75,,,Pertuis,8,finished,52,4053,202,GC,26,FR,TotalEnergies,40.0,18.0,",,",6,12477
9,RR,12 July 2026,Malemort,Ussel,154.6,2792,115,44.628,Sprint of small group,Jegat Jordan,https://www.procyclingstats.com/rider/jordan-jegat,1999-06-07,1999,France,1.76,59.0,19.05,Vannes,9,finished,17,656,201,Climber,27,FR,TotalEnergies,35.0,14.0,",,",6,12477
9,RR,12 July 2026,Malemort,Ussel,154.6,2792,115,44.628,Sprint of small group,Quinn Sean,https://www.procyclingstats.com/rider/sean-quinn,2000-05-10,2000,United States,1.87,67.0,19.16,Los Angeles,10,finished,12,575,45,GC,26,US,EF Education - EasyPost,30.0,10.0,",,",6,12477
9,RR,12 July 2026,Malemort,Ussel,154.6,2792,115,44.628,Sprint of small group,Pogačar Tadej,https://www.procyclingstats.com/rider/tadej-pogacar,1998-09-21,1998,Slovenia,1.76,66.0,21.31,Klanec,11,finished,1,0,1,Climber,27,SI,UAE Team Emirates - XRG,25.0,8.0,",,",6,12477
9,RR,12 July 2026,Malemort,Ussel,154.6,2792,115,44.628,Sprint of small group,Evenepoel Remco,https://www.procyclingstats.com/rider/remco-evenepoel,2000-01-25,2000,Belgium,1.71,63.0,21.55,Aalst,12,finished,4,210,21,Climber,26,BE,Red Bull - BORA - hansgrohe,20.0,6.0,",,",6,12477
9,RR,12 July 2026,Malemort,Ussel,154.6,2792,115,44.628,Sprint of small group,del Toro Isaac,https://www.procyclingstats.com/rider/isaac-del-toro,2003-11-27,2003,Mexico,1.8,64.0,19.75,Ensenada,13,finished,3,207,2,Climber,22,MX,UAE Team Emirates - XRG,15.0,4.0,",,",6,12477
9,RR,12 July 2026,Malemort,Ussel,154.6,2792,115,44.628,Sprint of small group,Aranburu Alex,https://www.procyclingstats.com/rider/alex-aranburu,1995-09-19,1995,Spain,1.78,63.0,19.88,Ezkio-Itsaso,14,finished,69,4792,163,Classic,30,ES,Cofidis,10.0,2.0,",,",6,12477
9,RR,12 July 2026,Malemort,Ussel,154.6,2792,115,44.628,Sprint of small group,Seixas Paul,https://www.procyclingstats.com/rider/paul-seixas,2006-09-24,2006,France,1.86,64.0,18.5,Lyon,15,finished,6,235,51,Climber,19,FR,Decathlon CMA CGM Team,5.0,1.0,",,",6,12477
9,RR,12 July 2026,Malemort,Ussel,154.6,2792,115,44.628,Sprint of small group,Benoot Tiesj,https://www.procyclingstats.com/rider/tiesj-benoot,1994-03-11,1994,Belgium,1.9,72.0,19.94,Ghent,16,finished,27,1577,52,Classic,32,BE,Decathlon CMA CGM Team,,,",,",6,12477
9,RR,12 July 2026,Malemort,Ussel,154.6,2792,115,44.628,Sprint of small group,Debruyne Ramses,https://www.procyclingstats.com/rider/ramses-debruyne,2002-08-31,2002,Belgium,1.79,66.0,20.6,Rollegem,17,finished,19,795,102,Climber,23,BE,Alpecin - Premier Tech,,,",,",6,12477
9,RR,12 July 2026,Malemort,Ussel,154.6,2792,115,44.628,Sprint of small group,Voisard Yannis,https://www.procyclingstats.com/rider/yannis-voisard,1998-07-26,1998,Switzerland,,56.0,,Fontenais,18,finished,18,741,198,GC,27,CH,Tudor Pro Cycling Team,,,",,",6,12477
9,RR,12 July 2026,Malemort,Ussel,154.6,2792,115,44.628,Sprint of small group,Vingegaard Jonas,https://www.procyclingstats.com/rider/jonas-vingegaard,1996-12-10,1996,Denmark,1.75,58.0,18.94,Hillerslev,19,finished,2,162,11,GC,29,DK,Team Visma | Lease a Bike,,,",,",6,12477
9,RR,12 July 2026,Malemort,Ussel,154.6,2792,115,44.628,Sprint of small group,Lipowitz Florian,https://www.procyclingstats.com/rider/florian-lipowitz,2000-09-21,2000,Germany,1.81,68.0,20.76,Laichingen,20,finished,7,240,25,GC,25,DE,Red Bull - BORA - hansgrohe,,,",,",6,12477
9,RR,12 July 2026,Malemort,Ussel,154.6,2792,115,44.628,Sprint of small group,Skjelmose Mattias,https://www.procyclingstats.com/rider/mattias-skjelmose-jensen,2000-09-26,2000,Denmark,1.8,65.0,20.06,Copenhagen,21,finished,9,297,35,Climber,25,DK,Lidl - Trek,,,",,",6,12477
9,RR,12 July 2026,Malemort,Ussel,154.6,2792,115,44.628,Sprint of small group,Van Wilder Ilan,https://www.procyclingstats.com/rider/ilan-van-wilder,2000-05-14,2000,Belgium,1.71,64.0,21.89,Jette,22,finished,14,585,97,GC,26,BE,Soudal Quick-Step,,,",,",6,12477
9,RR,12 July 2026,Malemort,Ussel,154.6,2792,115,44.628,Sprint of small group,Braz Afonso Clément,https://www.procyclingstats.com/rider/clement-braz-afonso,1999-11-08,1999,France,1.63,50.0,18.82,Brive-la-Gaillarde,23,finished,54,4114,183,Climber,26,FR,Groupama - FDJ United,,,",,",6,12477
9,RR,12 July 2026,Malemort,Ussel,154.6,2792,115,44.628,Sprint of small group,Piganzoli Davide,https://www.procyclingstats.com/rider/davide-piganzoli,2002-07-08,2002,Italy,1.74,61.0,20.15,Morbegno,24,finished,15,646,18,GC,24,IT,Team Visma | Lease a Bike,,,",,",6,12477
9,RR,12 July 2026,Malemort,Ussel,154.6,2792,115,44.628,Sprint of small group,Kuss Sepp,https://www.procyclingstats.com/rider/sepp-kuss,1994-09-13,1994,United States,1.82,61.0,18.42,Durango,25,finished,20,813,17,Climber,31,US,Team Visma | Lease a Bike,,,",,",6,12477
9,RR,12 July 2026,Malemort,Ussel,154.6,2792,115,44.628,Sprint of small group,Carapaz Richard,https://www.procyclingstats.com/rider/richard-carapaz,1993-05-29,1993,Ecuador,1.7,62.0,21.45,El Carmelo,26,finished,23,924,41,Climber,33,EC,EF Education - EasyPost,,,",,",6,12477
9,RR,12 July 2026,Malemort,Ussel,154.6,2792,115,44.628,Sprint of small group,Ayuso Juan,https://www.procyclingstats.com/rider/juan-ayuso-pesquera,2002-09-16,2002,Spain,1.83,65.0,19.41,Barcelona,27,finished,5,214,31,Climber,23,ES,Lidl - Trek,,,",,",6,12477
9,RR,12 July 2026,Malemort,Ussel,154.6,2792,115,44.628,Sprint of small group,Hirschi Marc,https://www.procyclingstats.com/rider/marc-hirschi,1998-08-24,1998,Switzerland,1.74,61.0,20.15,Bern,28,finished,47,3560,194,Classic,27,CH,Tudor Pro Cycling Team,,,",,",6,12477
9,RR,12 July 2026,Malemort,Ussel,154.6,2792,115,44.628,Sprint of small group,Rubio Einer,https://www.procyclingstats.com/rider/einer-rubio,1998-02-22,1998,Colombia,1.64,56.0,20.82,Chíquiza,29,finished,48,3882,148,Climber,28,CO,Movistar Team,,,",,",6,12477
9,RR,12 July 2026,Malemort,Ussel,154.6,2792,115,44.628,Sprint of small group,Craps Lars,https://www.procyclingstats.com/rider/lars-craps,2001-10-17,2001,Belgium,1.85,67.0,19.58,Aalst,30,finished,59,4436,154,GC,24,BE,Lotto Intermarché,,,",,",6,12477
9,RR,12 July 2026,Malemort,Ussel,154.6,2792,115,44.628,Sprint of small group,Martinez Lenny,https://www.procyclingstats.com/rider/lenny-martinez,2003-07-11,2003,France,1.68,52.0,18.42,Cannes,31,finished,8,261,71,Climber,23,FR,Bahrain - Victorious,,,",,",6,12477
9,RR,12 July 2026,Malemort,Ussel,154.6,2792,115,44.628,Sprint of small group,Bernal Egan,https://www.procyclingstats.com/rider/egan-bernal,1997-01-13,1997,Colombia,1.75,60.0,19.59,Bogotá,32,finished,10,552,81,GC,29,CO,Netcompany INEOS,,,",,",6,12477
9,RR,12 July 2026,Malemort,Ussel,154.6,2792,115,44.628,Sprint of small group,Costiou Ewen,https://www.procyclingstats.com/rider/ewen-costiou,2002-11-10,2002,France,1.76,64.0,20.66,Brest,33,finished,71,4860,184,GC,23,FR,Groupama - FDJ United,,,",,",6,12477
9,RR,12 July 2026,Malemort,Ussel,154.6,2792,115,44.628,Sprint of small group,Yates Adam,https://www.procyclingstats.com/rider/adam-yates,1992-08-07,1992,Great Britain,1.73,58.0,19.38,Bury,34,finished,22,871,8,Climber,33,GB,UAE Team Emirates - XRG,,,",,",6,12477
9,RR,12 July 2026,Malemort,Ussel,154.6,2792,115,44.628,Sprint of small group,Paret-Peintre Valentin,https://www.procyclingstats.com/rider/valentin-paret-peintre,2001-01-14,2001,France,1.78,52.0,16.41,Annemasse,35,finished,46,3406,93,Climber,25,FR,Soudal Quick-Step,,,",,",6,12477
9,RR,12 July 2026,Malemort,Ussel,154.6,2792,115,44.628,Sprint of small group,Van Eetvelt Lennert,https://www.procyclingstats.com/rider/lennert-van-eetvelt,2001-07-17,2001,Belgium,1.76,63.0,20.34,Binkom,36,finished,16,651,156,Climber,24,BE,Lotto Intermarché,,,",,",6,12477
9,RR,12 July 2026,Malemort,Ussel,154.6,2792,115,44.628,Sprint of small group,Castrillo Pablo,https://www.procyclingstats.com/rider/pablo-castrillo-zapater,2001-01-02,2001,Spain,1.83,74.0,22.1,Jaca,37,finished,21,817,142,Climber,25,ES,Movistar Team,,,0:19,19,12490
9,RR,12 July 2026,Malemort,Ussel,154.6,2792,115,44.628,Sprint of small group,McNulty Brandon,https://www.procyclingstats.com/rider/brandon-mcnulty,1998-04-02,1998,United States,1.83,69.0,20.6,Phoenix,38,finished,25,1122,4,GC,28,US,UAE Team Emirates - XRG,,,0:22,22,12493
9,RR,12 July 2026,Malemort,Ussel,154.6,2792,115,44.628,Sprint of small group,Großschartner Felix,https://www.procyclingstats.com/rider/felix-grossschartner,1993-12-23,1993,Austria,1.84,64.0,18.9,Wels,39,finished,38,2669,3,GC,32,AT,UAE Team Emirates - XRG,,,0:27,27,12498
9,RR,12 July 2026,Malemort,Ussel,154.6,2792,115,44.628,Sprint of small group,Wellens Tim,https://www.procyclingstats.com/rider/tim-wellens,1991-05-10,1991,Belgium,1.82,71.0,21.43,Sint-Truiden,40,finished,51,4036,7,GC,35,BE,UAE Team Emirates - XRG,,,",,",27,12498
9,RR,12 July 2026,Malemort,Ussel,154.6,2792,115,44.628,Sprint of small group,Jorgenson Matteo,https://www.procyclingstats.com/rider/matteo-jorgenson,1999-07-01,1999,United States,1.9,69.0,19.11,Walnut Creek,41,finished,28,1974,16,GC,27,US,Team Visma | Lease a Bike,,,0:32,32,12503
9,RR,12 July 2026,Malemort,Ussel,154.6,2792,115,44.628,Sprint of small group,Prodhomme Nicolas,https://www.procyclingstats.com/rider/nicolas-prodhomme,1997-02-01,1997,France,1.74,63.0,20.81,L'Aigle,42,finished,29,2126,57,GC,29,FR,Decathlon CMA CGM Team,,,0:42,42,12513
9,RR,12 July 2026,Malemort,Ussel,154.6,2792,115,44.628,Sprint of small group,Vauquelin Kévin,https://www.procyclingstats.com/rider/kevin-vauquelin,2001-04-26,2001,France,1.76,69.0,22.28,Bayeux,43,finished,33,2457,88,GC,25,FR,Netcompany INEOS,,,",,",42,12513
9,RR,12 July 2026,Malemort,Ussel,154.6,2792,115,44.628,Sprint of small group,Izagirre Ion,https://www.procyclingstats.com/rider/ion-izagirre,1989-02-04,1989,Spain,1.73,60.0,20.05,Ormaiztegi,44,finished,32,2445,161,GC,37,ES,Cofidis,,,1:17,77,12548
9,RR,12 July 2026,Malemort,Ussel,154.6,2792,115,44.628,Sprint of small group,Verona Carlos,https://www.procyclingstats.com/rider/carlos-verona,1992-11-04,1992,Spain,1.86,68.0,19.66,San Lorenzo de El Escorial,45,finished,31,2393,38,GC,33,ES,Lidl - Trek,,,1:51,111,12582
9,RR,12 July 2026,Malemort,Ussel,154.6,2792,115,44.628,Sprint of small group,Gee-West Derek,https://www.procyclingstats.com/rider/derek-gee,1997-08-03,1997,Canada,1.89,72.0,20.16,Ottawa,46,finished,45,3391,32,Climber,28,CA,Lidl - Trek,,,3:16,196,12667
9,RR,12 July 2026,Malemort,Ussel,154.6,2792,115,44.628,Sprint of small group,Simmons Quinn,https://www.procyclingstats.com/rider/quinn-simmons,2001-05-08,2001,United States,1.85,73.0,21.33,Durango,47,finished,41,2858,34,Hills,25,US,Lidl - Trek,,,4:00,240,12711
9,RR,12 July 2026,Malemort,Ussel,154.6,2792,115,44.628,Sprint of small group,Foss Tobias,https://www.procyclingstats.com/rider/tobias-foss,1997-05-25,1997,Norway,1.84,74.0,21.86,Vingrom,48,finished,64,4506,83,TT,29,NO,Netcompany INEOS,,,7:41,461,12932
9,RR,12 July 2026,Malemort,Ussel,154.6,2792,115,44.628,Sprint of small group,Artz Huub,https://www.procyclingstats.com/rider/huub-artz,2002-05-14,2002,Netherlands,1.86,71.0,20.52,Wintelre,49,finished,142,7026,152,Hills,24,NL,Lotto Intermarché,,,9:54,594,13065
9,RR,12 July 2026,Malemort,Ussel,154.6,2792,115,44.628,Sprint of small group,Delettre Alexandre,https://www.procyclingstats.com/rider/alexandre-delettre,1997-10-25,1997,France,1.7,62.0,21.45,Gonesse,50,finished,58,4319,204,Classic,28,FR,TotalEnergies,,,",,",594,13065
9,RR,12 July 2026,Malemort,Ussel,154.6,2792,115,44.628,Sprint of small group,Delbove Joris,https://www.procyclingstats.com/rider/joris-delbove,2000-07-15,2000,France,,,,Troyes,51,finished,53,4060,203,GC,25,FR,TotalEnergies,,,",,",594,13065
9,RR,12 July 2026,Malemort,Ussel,154.6,2792,115,44.628,Sprint of small group,Godon Dorian,https://www.procyclingstats.com/rider/dorian-godon,1996-05-25,1996,France,1.89,74.0,20.72,Vitry-sur-Seine,52,finished,136,6798,85,Hills,30,FR,Netcompany INEOS,,,",,",594,13065
9,RR,12 July 2026,Malemort,Ussel,154.6,2792,115,44.628,Sprint of small group,Pacher Quentin,https://www.procyclingstats.com/rider/quentin-pacher,1992-01-06,1992,France,1.79,62.0,19.35,Libourne,53,finished,87,5448,187,Hills,34,FR,Groupama - FDJ United,,,",,",594,13065
9,RR,12 July 2026,Malemort,Ussel,154.6,2792,115,44.628,Sprint of small group,Martin Guillaume,https://www.procyclingstats.com/rider/guillaume-martin,1993-06-09,1993,France,1.73,55.0,18.38,Paris,54,finished,34,2470,186,Climber,33,FR,Groupama - FDJ United,,,",,",594,13065
9,RR,12 July 2026,Malemort,Ussel,154.6,2792,115,44.628,Sprint of small group,Harper Chris,https://www.procyclingstats.com/rider/chris-harper,1994-11-23,1994,Australia,1.85,67.0,19.58,Melbourne,55,finished,35,2551,173,GC,31,AU,Pinarello Q36.5 Pro Cycling Team,,,",,",594,13065
9,RR,12 July 2026,Malemort,Ussel,154.6,2792,115,44.628,Sprint of small group,van den Broek Frank,https://www.procyclingstats.com/rider/frank-van-den-broek,2000-12-28,2000,Netherlands,1.78,70.0,22.09,Warmond,56,finished,76,5096,218,GC,25,NL,Team Picnic PostNL,,,",,",594,13065
9,RR,12 July 2026,Malemort,Ussel,154.6,2792,115,44.628,Sprint of small group,Hermans Quinten,https://www.procyclingstats.com/rider/quinten-hermans,1995-07-29,1995,Belgium,1.74,62.0,20.48,Antwerp,57,finished,43,2933,174,Hills,30,BE,Pinarello Q36.5 Pro Cycling Team,,,",,",594,13065
9,RR,12 July 2026,Malemort,Ussel,154.6,2792,115,44.628,Sprint of small group,Tejada Harold,https://www.procyclingstats.com/rider/harold-tejada,1997-04-27,1997,Colombia,1.8,63.0,19.44,Pitalito,58,finished,26,1374,65,Climber,29,CO,XDS Astana Team,,,",,",594,13065
9,RR,12 July 2026,Malemort,Ussel,154.6,2792,115,44.628,Sprint of small group,Vacek Mathias,https://www.procyclingstats.com/rider/mathias-vacek,2002-06-12,2002,Czech Republic,1.88,75.0,21.22,Beroun,59,finished,24,1018,37,TT,24,CZ,Lidl - Trek,,,",,",594,13065
9,RR,12 July 2026,Malemort,Ussel,154.6,2792,115,44.628,Sprint of small group,Stuyven Jasper,https://www.procyclingstats.com/rider/jasper-stuyven,1992-04-17,1992,Belgium,1.87,80.0,22.88,Leuven,60,finished,75,5044,94,Classic,34,BE,Soudal Quick-Step,,,",,",594,13065
9,RR,12 July 2026,Malemort,Ussel,154.6,2792,115,44.628,Sprint of small group,Vervaeke Louis,https://www.procyclingstats.com/rider/louis-vervaeke,1993-10-06,1993,Belgium,1.81,68.0,20.76,Ronse,61,finished,86,5424,98,GC,32,BE,Soudal Quick-Step,,,",,",594,13065
9,RR,12 July 2026,Malemort,Ussel,154.6,2792,115,44.628,Sprint of small group,O'Connor Ben,https://www.procyclingstats.com/rider/ben-o-connor,1995-11-25,1995,Australia,1.88,67.0,18.96,Subiaco,62,finished,50,3946,111,GC,30,AU,Team Jayco AlUla,,,9:59,599,13070
9,RR,12 July 2026,Malemort,Ussel,154.6,2792,115,44.628,Sprint of small group,Hagenes Per Strand,https://www.procyclingstats.com/rider/per-strand-hagenes,2003-07-10,2003,Norway,1.86,78.0,22.55,Sandnes,63,finished,122,6601,15,Classic,23,NO,Team Visma | Lease a Bike,,,",,",599,13070
9,RR,12 July 2026,Malemort,Ussel,154.6,2792,115,44.628,Sprint of small group,Wærenskjold Søren,https://www.procyclingstats.com/rider/soren-waerenskjold,2000-03-12,2000,Norway,1.95,92.0,24.19,Mandal,64,finished,138,6841,128,Classic,26,NO,Uno-X Mobility,,,17:24,1044,13515
9,RR,12 July 2026,Malemort,Ussel,154.6,2792,115,44.628,Sprint of small group,Slock Liam,https://www.procyclingstats.com/rider/liam-slock,2000-09-18,2000,Belgium,1.88,74.0,20.94,Ghent,65,finished,160,7885,155,GC,25,BE,Lotto Intermarché,,,",,",1044,13515
9,RR,12 July 2026,Malemort,Ussel,154.6,2792,115,44.628,Sprint of small group,Le Berre Mathis,https://www.procyclingstats.com/rider/mathis-le-berre,2001-04-16,2001,France,1.76,68.0,21.95,Saint-Brieuc,66,finished,80,5217,206,Hills,25,FR,TotalEnergies,,,",,",1044,13515
9,RR,12 July 2026,Malemort,Ussel,154.6,2792,115,44.628,Sprint of small group,Meurisse Xandro,https://www.procyclingstats.com/rider/xandro-meurisse,1992-01-31,1992,Belgium,1.81,68.0,20.76,Kortrijk,67,finished,67,4717,176,GC,34,BE,Pinarello Q36.5 Pro Cycling Team,,,",,",1044,13515
9,RR,12 July 2026,Malemort,Ussel,154.6,2792,115,44.628,Sprint of small group,Van Moer Brent,https://www.procyclingstats.com/rider/brent-van-moer,1998-01-12,1998,Belgium,1.91,79.0,21.66,Beveren,68,finished,95,5887,177,Classic,28,BE,Pinarello Q36.5 Pro Cycling Team,,,",,",1044,13515
9,RR,12 July 2026,Malemort,Ussel,154.6,2792,115,44.628,Sprint of small group,Abrahamsen Jonas,https://www.procyclingstats.com/rider/jonas-abrahamsen,1995-09-20,1995,Norway,1.83,78.0,23.29,Skien,69,finished,94,5858,122,Classic,30,NO,Uno-X Mobility,,,",,",1044,13515
9,RR,12 July 2026,Malemort,Ussel,154.6,2792,115,44.628,Sprint of small group,Guernalec Thibault,https://www.procyclingstats.com/rider/thibault-guernalec,1997-07-31,1997,France,1.85,71.0,20.75,Châteaulin,70,finished,113,6374,205,TT,28,FR,TotalEnergies,,,",,",1044,13515
9,RR,12 July 2026,Malemort,Ussel,154.6,2792,115,44.628,Sprint of small group,Berckmoes Jenno,https://www.procyclingstats.com/rider/jenno-berckmoes,2001-02-04,2001,Belgium,1.77,61.0,19.47,Ghent,71,finished,93,5811,153,Classic,25,BE,Lotto Intermarché,,,",,",1044,13515
9,RR,12 July 2026,Malemort,Ussel,154.6,2792,115,44.628,Sprint of small group,Trentin Matteo,https://www.procyclingstats.com/rider/matteo-trentin,1989-08-02,1989,Italy,1.79,74.0,23.1,Borgo Valsugana,72,finished,146,7213,197,Classic,36,IT,Tudor Pro Cycling Team,,,",,",1044,13515
9,RR,12 July 2026,Malemort,Ussel,154.6,2792,115,44.628,Sprint of small group,Schmid Mauro,https://www.procyclingstats.com/rider/mauro-schmid,1999-12-04,1999,Switzerland,1.87,70.0,20.02,Bülach,73,finished,92,5756,118,Hills,26,CH,Team Jayco AlUla,,,",,",1044,13515
9,RR,12 July 2026,Malemort,Ussel,154.6,2792,115,44.628,Sprint of small group,Denz Nico,https://www.procyclingstats.com/rider/nico-denz,1994-02-15,1994,Germany,1.83,71.0,21.2,Waldshut-Tiengen,74,finished,89,5521,23,Hills,32,DE,Red Bull - BORA - hansgrohe,,,",,",1044,13515
9,RR,12 July 2026,Malemort,Ussel,154.6,2792,115,44.628,Sprint of small group,Politt Nils,https://www.procyclingstats.com/rider/nils-politt,1994-03-06,1994,Germany,1.92,80.0,21.7,Cologne,75,finished,79,5209,5,Classic,32,DE,UAE Team Emirates - XRG,,,",,",1044,13515
9,RR,12 July 2026,Malemort,Ussel,154.6,2792,115,44.628,Sprint of small group,Stannard Robert,https://www.procyclingstats.com/rider/robert-stannard,1998-09-16,1998,Australia,1.79,74.0,23.1,Sydney Previous nationalities New Zealand until 2016,76,finished,96,5930,76,Hills,27,AU,Bahrain - Victorious,,,",,",1044,13515
9,RR,12 July 2026,Malemort,Ussel,154.6,2792,115,44.628,Sprint of small group,Engelhardt Felix,https://www.procyclingstats.com/rider/felix-engelhardt,2000-08-19,2000,Germany,1.8,68.0,20.99,Ulm,77,finished,102,6061,114,Classic,25,DE,Team Jayco AlUla,,,",,",1044,13515
9,RR,12 July 2026,Malemort,Ussel,154.6,2792,115,44.628,Sprint of small group,Vermeersch Florian,https://www.procyclingstats.com/rider/florian-vermeersch,1999-03-12,1999,Belgium,1.93,85.0,22.82,Ghent,78,finished,132,6737,6,Classic,27,BE,UAE Team Emirates - XRG,,,",,",1044,13515
9,RR,12 July 2026,Malemort,Ussel,154.6,2792,115,44.628,Sprint of small group,Campenaerts Victor,https://www.procyclingstats.com/rider/victor-campenaerts,1991-10-28,1991,Belgium,1.73,68.0,22.72,Hoboken,79,finished,78,5172,14,TT,34,BE,Team Visma | Lease a Bike,,,",,",1044,13515
9,RR,12 July 2026,Malemort,Ussel,154.6,2792,115,44.628,Sprint of small group,Zimmermann Georg,https://www.procyclingstats.com/rider/georg-zimmermann,1997-10-11,1997,Germany,1.81,70.0,21.37,Augsburg,80,finished,73,5015,158,Classic,28,DE,Lotto Intermarché,,,",,",1044,13515
9,RR,12 July 2026,Malemort,Ussel,154.6,2792,115,44.628,Sprint of small group,Veistroffer Baptiste,https://www.procyclingstats.com/rider/baptiste-veistroffer,2000-05-29,2000,France,1.82,73.0,22.04,Fouesnant,81,finished,149,7419,157,Hills,26,FR,Lotto Intermarché,,,",,",1044,13515
9,RR,12 July 2026,Malemort,Ussel,154.6,2792,115,44.628,Sprint of small group,Riccitello Matthew,https://www.procyclingstats.com/rider/matthew-riccitello,2002-03-05,2002,United States,1.72,55.0,18.59,Tucson,82,finished,90,5558,58,Climber,24,US,Decathlon CMA CGM Team,,,",,",1044,13515
9,RR,12 July 2026,Malemort,Ussel,154.6,2792,115,44.628,Sprint of small group,Wright Fred,https://www.procyclingstats.com/rider/alfred-wright,1999-06-13,1999,Great Britain,1.84,75.0,22.15,London,83,finished,143,7089,178,Hills,27,GB,Pinarello Q36.5 Pro Cycling Team,,,",,",1044,13515
9,RR,12 July 2026,Malemort,Ussel,154.6,2792,115,44.628,Sprint of small group,Verstrynge Emiel,https://www.procyclingstats.com/rider/emiel-verstrynge,2002-02-04,2002,Belgium,1.89,69.0,19.32,Eeklo,84,finished,117,6416,108,Climber,24,BE,Alpecin - Premier Tech,,,",,",1044,13515
9,RR,12 July 2026,Malemort,Ussel,154.6,2792,115,44.628,Sprint of small group,Teunissen Mike,https://www.procyclingstats.com/rider/mike-teunissen,1992-08-25,1992,Netherlands,1.84,73.0,21.56,Ysselsteyn,85,finished,119,6446,66,Classic,33,NL,XDS Astana Team,,,",,",1044,13515
9,RR,12 July 2026,Malemort,Ussel,154.6,2792,115,44.628,Sprint of small group,Pluimers Rick,https://www.procyclingstats.com/rider/rick-pluimers,2000-12-07,2000,Netherlands,1.8,67.0,20.68,Enter,86,finished,91,5738,195,Hills,25,NL,Tudor Pro Cycling Team,,,",,",1044,13515
9,RR,12 July 2026,Malemort,Ussel,154.6,2792,115,44.628,Sprint of small group,Hessmann Michel,https://www.procyclingstats.com/rider/michel-hessmann,2001-04-06,2001,Germany,1.91,78.0,21.38,Münster,87,finished,110,6326,145,Hills,25,DE,Movistar Team,,,",,",1044,13515
9,RR,12 July 2026,Malemort,Ussel,154.6,2792,115,44.628,Sprint of small group,Tratnik Jan,https://www.procyclingstats.com/rider/jan-tratnik,1990-02-23,1990,Slovenia,1.73,67.0,22.39,Idrija,88,finished,107,6278,26,TT,36,SI,Red Bull - BORA - hansgrohe,,,",,",1044,13515
9,RR,12 July 2026,Malemort,Ussel,154.6,2792,115,44.628,Sprint of small group,Hindley Jai,https://www.procyclingstats.com/rider/jai-hindley,1996-05-05,1996,Australia,1.75,60.0,19.59,Perth,89,finished,39,2669,24,Climber,30,AU,Red Bull - BORA - hansgrohe,,,",,",1044,13515
9,RR,12 July 2026,Malemort,Ussel,154.6,2792,115,44.628,Sprint of small group,Howson Damien,https://www.procyclingstats.com/rider/damien-howson,1992-08-13,1992,Australia,1.88,68.0,19.24,Adelaide,90,finished,99,6047,175,GC,33,AU,Pinarello Q36.5 Pro Cycling Team,,,",,",1044,13515
9,RR,12 July 2026,Malemort,Ussel,154.6,2792,115,44.628,Sprint of small group,Charmig Anthon,https://www.procyclingstats.com/rider/anthon-charmig,1998-03-25,1998,Denmark,1.82,66.0,19.93,Aarhus,91,finished,104,6105,123,GC,28,DK,Uno-X Mobility,,,",,",1044,13515
9,RR,12 July 2026,Malemort,Ussel,154.6,2792,115,44.628,Sprint of small group,Barguil Warren,https://www.procyclingstats.com/rider/warren-barguil,1991-10-28,1991,France,1.83,61.0,18.21,Hennebont,92,finished,109,6303,211,Climber,34,FR,Team Picnic PostNL,,,",,",1044,13515
9,RR,12 July 2026,Malemort,Ussel,154.6,2792,115,44.628,Sprint of small group,Mohorič Matej,https://www.procyclingstats.com/rider/matej-mohoric,1994-10-19,1994,Slovenia,1.86,71.0,20.52,Kranj,93,finished,103,6096,75,Classic,31,SI,Bahrain - Victorious,,,",,",1044,13515
9,RR,12 July 2026,Malemort,Ussel,154.6,2792,115,44.628,Sprint of small group,Durbridge Luke,https://www.procyclingstats.com/rider/luke-durbridge,1991-04-09,1991,Australia,1.87,78.0,22.31,Greenmount,94,finished,114,6380,113,TT,35,AU,Team Jayco AlUla,,,",,",1044,13515
9,RR,12 July 2026,Malemort,Ussel,154.6,2792,115,44.628,Sprint of small group,Grégoire Romain,https://www.procyclingstats.com/rider/romain-gregoire,2003-01-21,2003,France,1.76,64.0,20.66,Besançon,95,finished,60,4461,181,Classic,23,FR,Groupama - FDJ United,,,",,",1044,13515
9,RR,12 July 2026,Malemort,Ussel,154.6,2792,115,44.628,Sprint of small group,Otruba Jakub,https://www.procyclingstats.com/rider/jakub-otruba,1998-01-30,1998,Czech Republic,1.9,75.0,20.78,Olomouc,96,finished,130,6688,227,GC,28,CZ,Caja Rural - Seguros RGA,,,",,",1044,13515
9,RR,12 July 2026,Malemort,Ussel,154.6,2792,115,44.628,Sprint of small group,Germani Lorenzo,https://www.procyclingstats.com/rider/lorenzo-germani,2002-03-03,2002,Italy,1.79,62.0,19.35,Sora,97,finished,82,5256,185,GC,24,IT,Groupama - FDJ United,,,",,",1044,13515
9,RR,12 July 2026,Malemort,Ussel,154.6,2792,115,44.628,Sprint of small group,Van Mechelen Vlad,https://www.procyclingstats.com/rider/vlad-van-mechelen,2004-06-02,2004,Belgium,1.83,73.0,21.8,Leuven,98,finished,77,5133,78,Sprint,22,BE,Bahrain - Victorious,,,",,",1044,13515
9,RR,12 July 2026,Malemort,Ussel,154.6,2792,115,44.628,Sprint of small group,Biesterbos Frits,https://www.procyclingstats.com/rider/frits-biesterbos,2002-02-14,2002,Netherlands,,,,Apeldoorn,99,finished,137,6840,212,Classic,24,NL,Team Picnic PostNL,,,",,",1044,13515
9,RR,12 July 2026,Malemort,Ussel,154.6,2792,115,44.628,Sprint of small group,Kwiatkowski Michał,https://www.procyclingstats.com/rider/michal-kwiatkowski,1990-06-02,1990,Poland,1.76,68.0,21.95,Chełmża,100,finished,128,6666,86,Classic,36,PL,Netcompany INEOS,,,",,",1044,13515
9,RR,12 July 2026,Malemort,Ussel,154.6,2792,115,44.628,Sprint of small group,Page Hugo,https://www.procyclingstats.com/rider/hugo-page,2001-07-24,2001,France,1.85,71.0,20.75,Chartres,101,finished,139,6985,167,Classic,24,FR,Cofidis,,,",,",1044,13515
9,RR,12 July 2026,Malemort,Ussel,154.6,2792,115,44.628,Sprint of small group,Tarling Joshua,https://www.procyclingstats.com/rider/joshua-tarling,2004-02-15,2004,Great Britain,1.94,78.0,20.72,Aberaeron,102,finished,158,7742,87,TT,22,GB,Netcompany INEOS,,,",,",1044,13515
9,RR,12 July 2026,Malemort,Ussel,154.6,2792,115,44.628,Sprint of small group,Romo Javier,https://www.procyclingstats.com/rider/javier-romo,1999-01-06,1999,Spain,1.84,70.0,20.68,Villafranca de los Caballeros,103,finished,61,4491,147,GC,27,ES,Movistar Team,,,",,",1044,13515
9,RR,12 July 2026,Malemort,Ussel,154.6,2792,115,44.628,Sprint of small group,Haller Marco,https://www.procyclingstats.com/rider/marco-haller,1991-04-01,1991,Austria,1.78,72.0,22.72,Sankt Veit an der Glan,104,finished,173,8331,193,Classic,35,AT,Tudor Pro Cycling Team,,,",,",1044,13515
9,RR,12 July 2026,Malemort,Ussel,154.6,2792,115,44.628,Sprint of small group,Healy Ben,https://www.procyclingstats.com/rider/ben-healy,2000-09-11,2000,Ireland,1.75,62.0,20.24,Kingswinford Previous nationalities Great Britain until 2016,105,finished,106,6172,44,Climber,25,IE,EF Education - EasyPost,,,",,",1044,13515
9,RR,12 July 2026,Malemort,Ussel,154.6,2792,115,44.628,Sprint of small group,Armirail Bruno,https://www.procyclingstats.com/rider/bruno-armirail,1994-04-11,1994,France,1.9,72.0,19.94,Bagnères-de-Bigorre,106,finished,116,6394,13,TT,32,FR,Team Visma | Lease a Bike,,,",,",1044,13515
9,RR,12 July 2026,Malemort,Ussel,154.6,2792,115,44.628,Sprint of small group,Paret-Peintre Aurélien,https://www.procyclingstats.com/rider/aurelien-paret-peintre,1996-02-27,1996,France,1.84,64.0,18.9,Annemasse,107,finished,70,4828,56,GC,30,FR,Decathlon CMA CGM Team,,,",,",1044,13515
9,RR,12 July 2026,Malemort,Ussel,154.6,2792,115,44.628,Sprint of small group,Walker Max,https://www.procyclingstats.com/rider/max-walker,2001-07-12,2001,Great Britain,,,,Douglas,108,finished,118,6429,48,TT,25,GB,EF Education - EasyPost,,,",,",1044,13515
9,RR,12 July 2026,Malemort,Ussel,154.6,2792,115,44.628,Sprint of small group,Balderstone Abel,https://www.procyclingstats.com/rider/abel-balderstone-roumens,2000-07-07,2000,Spain,1.79,61.0,19.04,Ullastrell,109,finished,57,4239,222,GC,26,ES,Caja Rural - Seguros RGA,,,",,",1044,13515
9,RR,12 July 2026,Malemort,Ussel,154.6,2792,115,44.628,Sprint of small group,García Pierna Raúl,https://www.procyclingstats.com/rider/raul-garcia-pierna,2001-02-23,2001,Spain,1.75,67.0,21.88,Tres Cantos,110,finished,44,3263,144,Climber,25,ES,Movistar Team,,,",,",1044,13515
9,RR,12 July 2026,Malemort,Ussel,154.6,2792,115,44.628,Sprint of small group,Parra José Félix,https://www.procyclingstats.com/rider/jose-felix-parra,1997-01-16,1997,Spain,1.71,55.0,18.81,Ossa de Montiel,111,finished,42,2869,228,GC,29,ES,Caja Rural - Seguros RGA,,,",,",1044,13515
9,RR,12 July 2026,Malemort,Ussel,154.6,2792,115,44.628,Sprint of small group,Cepeda Jefferson Alveiro,https://www.procyclingstats.com/rider/jefferson-cepeda-hernandez,1996-03-02,1996,Ecuador,1.7,61.0,21.11,El Playón,112,finished,84,5319,143,GC,30,EC,Movistar Team,,,",,",1044,13515
9,RR,12 July 2026,Malemort,Ussel,154.6,2792,115,44.628,Sprint of small group,Arensman Thymen,https://www.procyclingstats.com/rider/thymen-arensman,1999-12-04,1999,Netherlands,1.9,68.0,18.84,Deil,113,finished,30,2232,82,GC,26,NL,Netcompany INEOS,,,",,",1044,13515
9,RR,12 July 2026,Malemort,Ussel,154.6,2792,115,44.628,Sprint of small group,van Baarle Dylan,https://www.procyclingstats.com/rider/dylan-van-baarle,1992-05-21,1992,Netherlands,1.89,74.0,20.72,Voorburg,114,finished,124,6612,95,Classic,34,NL,Soudal Quick-Step,,,",,",1044,13515
9,RR,12 July 2026,Malemort,Ussel,154.6,2792,115,44.628,Sprint of small group,Skaarseth Anders,https://www.procyclingstats.com/rider/anders-skaarseth,1995-05-07,1995,Norway,1.86,,,Lillehammer,115,finished,49,3936,126,Classic,31,NO,Uno-X Mobility,,,",,",1044,13515
9,RR,12 July 2026,Malemort,Ussel,154.6,2792,115,44.628,Sprint of small group,Johannessen Anders Halland,https://www.procyclingstats.com/rider/anders-halland-johannessen,1999-08-23,1999,Norway,1.76,,,Drøbak,116,finished,100,6054,125,GC,26,NO,Uno-X Mobility,,,",,",1044,13515
9,RR,12 July 2026,Malemort,Ussel,154.6,2792,115,44.628,Sprint of small group,Oliveira Nelson,https://www.procyclingstats.com/rider/nelson-oliveira,1989-03-06,1989,Portugal,1.8,67.0,20.68,Anadia,117,finished,74,5027,146,TT,37,PT,Movistar Team,,,",,",1044,13515
9,RR,12 July 2026,Malemort,Ussel,154.6,2792,115,44.628,Sprint of small group,Tiberi Antonio,https://www.procyclingstats.com/rider/antonio-tiberi,2001-06-24,2001,Italy,1.82,62.0,18.72,Frosinone,118,finished,37,2661,77,GC,25,IT,Bahrain - Victorious,,,",,",1044,13515
9,RR,12 July 2026,Malemort,Ussel,154.6,2792,115,44.628,Sprint of small group,Caruso Damiano,https://www.procyclingstats.com/rider/damiano-caruso,1987-10-12,1987,Italy,1.79,67.0,20.91,Ragusa,119,finished,68,4725,73,GC,38,IT,Bahrain - Victorious,,,",,",1044,13515
9,RR,12 July 2026,Malemort,Ussel,154.6,2792,115,44.628,Sprint of small group,Asgreen Kasper,https://www.procyclingstats.com/rider/kasper-asgreen,1995-02-08,1995,Denmark,1.93,75.0,20.13,Kolding,120,finished,83,5271,42,TT,31,DK,EF Education - EasyPost,,,",,",1044,13515
9,RR,12 July 2026,Malemort,Ussel,154.6,2792,115,44.628,Sprint of small group,Cattaneo Mattia,https://www.procyclingstats.com/rider/mattia-cattaneo,1990-10-25,1990,Italy,1.84,67.0,19.79,Alzano Lombardo,121,finished,65,4510,22,TT,35,IT,Red Bull - BORA - hansgrohe,,,",,",1044,13515
9,RR,12 July 2026,Malemort,Ussel,154.6,2792,115,44.628,Sprint of small group,Higuita Sergio,https://www.procyclingstats.com/rider/sergio-higuita,1997-08-01,1997,Colombia,1.66,57.0,20.69,Medellín,122,finished,40,2744,61,Climber,28,CO,XDS Astana Team,,,",,",1044,13515
9,RR,12 July 2026,Malemort,Ussel,154.6,2792,115,44.628,Sprint of small group,Azparren Xabier Mikel,https://www.procyclingstats.com/rider/xabier-mikel-azparren-irurzun,1999-02-25,1999,Spain,,,,San Sebastián,123,finished,115,6391,172,TT,27,ES,Pinarello Q36.5 Pro Cycling Team,,,",,",1044,13515
9,RR,12 July 2026,Malemort,Ussel,154.6,2792,115,44.628,Sprint of small group,Valgren Michael,https://www.procyclingstats.com/rider/michael-valgren-andersen,1992-02-07,1992,Denmark,1.79,71.0,22.16,Østerild,124,finished,81,5218,47,Classic,34,DK,EF Education - EasyPost,,,",,",1044,13515
9,RR,12 July 2026,Malemort,Ussel,154.6,2792,115,44.628,Sprint of small group,Bennett George,https://www.procyclingstats.com/rider/george-bennett,1990-04-07,1990,New Zealand,1.81,58.0,17.7,Nelson,125,finished,62,4496,133,GC,36,NZ,NSN Cycling Team,,,",,",1044,13515
9,RR,12 July 2026,Malemort,Ussel,154.6,2792,115,44.628,Sprint of small group,Plapp Luke,https://www.procyclingstats.com/rider/luke-plapp,2000-12-25,2000,Australia,1.81,72.0,21.98,Melbourne,126,finished,101,6056,117,GC,25,AU,Team Jayco AlUla,,,",,",1044,13515
9,RR,12 July 2026,Malemort,Ussel,154.6,2792,115,44.628,Sprint of small group,Vercher Mattéo,https://www.procyclingstats.com/rider/matheo-vercher,2001-01-26,2001,France,1.71,,,Lyon,127,finished,72,4886,208,Hills,25,FR,TotalEnergies,,,",,",1044,13515
9,RR,12 July 2026,Malemort,Ussel,154.6,2792,115,44.628,Sprint of small group,Berwick Sebastian,https://www.procyclingstats.com/rider/sebastian-berwick,1999-12-15,1999,Australia,1.75,59.0,19.27,Brisbane,128,finished,88,5499,223,GC,26,AU,Caja Rural - Seguros RGA,,,17:34,1054,13525
9,RR,12 July 2026,Malemort,Ussel,154.6,2792,115,44.628,Sprint of small group,Kirsch Alex,https://www.procyclingstats.com/rider/alex-kirsch,1992-06-12,1992,Luxembourg,1.94,78.0,20.72,Luxembourg,129,finished,105,6125,166,TT,34,LU,Cofidis,,,17:39,1059,13530
9,RR,12 July 2026,Malemort,Ussel,154.6,2792,115,44.628,Sprint of small group,Thomas Benjamin,https://www.procyclingstats.com/rider/benjamin-thomas-2,1995-09-12,1995,France,1.79,68.0,21.22,Lavaur,130,finished,120,6500,168,TT,30,FR,Cofidis,,,",,",1059,13530
9,RR,12 July 2026,Malemort,Ussel,154.6,2792,115,44.628,Sprint of small group,Alaphilippe Julian,https://www.procyclingstats.com/rider/julian-alaphilippe,1992-06-11,1992,France,1.73,62.0,20.72,Saint-Amand-Montrond,131,finished,127,6652,191,Classic,34,FR,Tudor Pro Cycling Team,,,",,",1059,13530
9,RR,12 July 2026,Malemort,Ussel,154.6,2792,115,44.628,Sprint of small group,Russo Clément,https://www.procyclingstats.com/rider/clement-russo,1995-01-20,1995,France,1.87,74.0,21.16,Lyon,132,finished,98,5995,188,Classic,31,FR,Groupama - FDJ United,,,26:46,1606,14077
9,RR,12 July 2026,Malemort,Ussel,154.6,2792,115,44.628,Sprint of small group,Marsman Tim,https://www.procyclingstats.com/rider/tim-marsman,2000-10-04,2000,Netherlands,1.91,75.0,20.56,Hattem,133,finished,157,7713,104,Sprint,25,NL,Alpecin - Premier Tech,,,",,",1606,14077
9,RR,12 July 2026,Malemort,Ussel,154.6,2792,115,44.628,Sprint of small group,Biermans Jenthe,https://www.procyclingstats.com/rider/jenthe-biermans,1995-10-30,1995,Belgium,1.84,78.0,23.04,Geel,134,finished,155,7616,164,Classic,30,BE,Cofidis,,,",,",1606,14077
9,RR,12 July 2026,Malemort,Ussel,154.6,2792,115,44.628,Sprint of small group,Allegaert Piet,https://www.procyclingstats.com/rider/piet-allegaert,1995-01-20,1995,Belgium,1.81,70.0,21.37,Moorslede,135,finished,174,8367,162,Classic,31,BE,Cofidis,,,",,",1606,14077
9,RR,12 July 2026,Malemort,Ussel,154.6,2792,115,44.628,Sprint of small group,Märkl Niklas,https://www.procyclingstats.com/rider/niklas-markl,1999-03-03,1999,Germany,1.85,70.0,20.45,Queidersbach,136,finished,154,7543,216,Sprint,27,DE,Team Picnic PostNL,,,",,",1606,14077
9,RR,12 July 2026,Malemort,Ussel,154.6,2792,115,44.628,Sprint of small group,Ackermann Pascal,https://www.procyclingstats.com/rider/pascal-ackermann,1994-01-17,1994,Germany,1.8,78.0,24.07,Kandel,137,finished,163,8027,112,Sprint,32,DE,Team Jayco AlUla,,,",,",1606,14077
9,RR,12 July 2026,Malemort,Ussel,154.6,2792,115,44.628,Sprint of small group,van Dijke Tim,https://www.procyclingstats.com/rider/tim-van-dijke,2000-03-15,2000,Netherlands,1.89,74.0,20.72,Goes,138,finished,152,7495,27,Classic,26,NL,Red Bull - BORA - hansgrohe,,,",,",1606,14077
9,RR,12 July 2026,Malemort,Ussel,154.6,2792,115,44.628,Sprint of small group,Van Gils Maxim,https://www.procyclingstats.com/rider/maxim-van-gils,1999-11-25,1999,Belgium,1.74,63.0,20.81,Brasschaat,139,finished,55,4117,28,Classic,26,BE,Red Bull - BORA - hansgrohe,,,",,",1606,14077
9,RR,12 July 2026,Malemort,Ussel,154.6,2792,115,44.628,Sprint of small group,Dillier Silvan,https://www.procyclingstats.com/rider/silvan-dillier,1990-08-03,1990,Switzerland,1.83,75.0,22.4,Aarau,140,finished,150,7422,103,Classic,35,CH,Alpecin - Premier Tech,,,",,",1606,14077
9,RR,12 July 2026,Malemort,Ussel,154.6,2792,115,44.628,Sprint of small group,Frigo Marco,https://www.procyclingstats.com/rider/marco-frigo,2000-03-02,2000,Italy,1.88,70.0,19.81,Bassano del Grappa,141,finished,112,6368,134,Climber,26,IT,NSN Cycling Team,,,",,",1606,14077
9,RR,12 July 2026,Malemort,Ussel,154.6,2792,115,44.628,Sprint of small group,Vinokurov Nicolas,https://www.procyclingstats.com/rider/nicolas-vinokurov,2002-07-07,2002,Kazakhstan,1.84,69.0,20.38,Nice,142,finished,141,6996,68,GC,24,KZ,XDS Astana Team,,,",,",1606,14077
9,RR,12 July 2026,Malemort,Ussel,154.6,2792,115,44.628,Sprint of small group,Gate Aaron,https://www.procyclingstats.com/rider/aaron-gate,1990-11-26,1990,New Zealand,1.81,71.0,21.67,Auckland,143,finished,126,6628,63,GC,35,NZ,XDS Astana Team,,,",,",1606,14077
9,RR,12 July 2026,Malemort,Ussel,154.6,2792,115,44.628,Sprint of small group,Oldani Stefano,https://www.procyclingstats.com/rider/stefano-oldani,1998-01-10,1998,Italy,1.78,65.0,20.52,Milan,144,finished,147,7266,226,Hills,28,IT,Caja Rural - Seguros RGA,,,",,",1606,14077
9,RR,12 July 2026,Malemort,Ussel,154.6,2792,115,44.628,Sprint of small group,Skujiņš Toms,https://www.procyclingstats.com/rider/toms-skujins,1991-06-15,1991,Latvia,1.81,72.0,21.98,Sigulda,145,finished,85,5383,36,Classic,35,LV,Lidl - Trek,,,",,",1606,14077
9,RR,12 July 2026,Malemort,Ussel,154.6,2792,115,44.628,Sprint of small group,Neilands Krists,https://www.procyclingstats.com/rider/krists-neilands,1994-08-18,1994,Latvia,1.89,69.0,19.32,Kuldīga,146,finished,134,6773,136,Classic,31,LV,NSN Cycling Team,,,",,",1606,14077
9,RR,12 July 2026,Malemort,Ussel,154.6,2792,115,44.628,Sprint of small group,Turgis Anthony,https://www.procyclingstats.com/rider/anthony-turgis,1994-05-16,1994,France,1.78,70.0,22.09,Bourg-la-Reine,147,finished,123,6604,207,Classic,32,FR,TotalEnergies,,,",,",1606,14077
9,RR,12 July 2026,Malemort,Ussel,154.6,2792,115,44.628,Sprint of small group,Affini Edoardo,https://www.procyclingstats.com/rider/edoardo-affini,1996-06-24,1996,Italy,1.9,85.0,23.55,Mantua,148,finished,156,7667,12,TT,30,IT,Team Visma | Lease a Bike,,,",,",1606,14077
9,RR,12 July 2026,Malemort,Ussel,154.6,2792,115,44.628,Sprint of small group,Bittner Pavel,https://www.procyclingstats.com/rider/pavel-bittner,2002-10-29,2002,Czech Republic,1.84,73.0,21.56,Olomouc,149,finished,159,7865,213,Sprint,23,CZ,Team Picnic PostNL,,,",,",1606,14077
9,RR,12 July 2026,Malemort,Ussel,154.6,2792,115,44.628,Sprint of small group,Cort Magnus,https://www.procyclingstats.com/rider/magnus-cort-nielsen,1993-01-16,1993,Denmark,1.84,68.0,20.09,Rønne,150,finished,108,6300,124,Hills,33,DK,Uno-X Mobility,,,",,",1606,14077
9,RR,12 July 2026,Malemort,Ussel,154.6,2792,115,44.628,Sprint of small group,Bol Cees,https://www.procyclingstats.com/rider/cees-bol,1995-07-27,1995,Netherlands,1.94,83.0,22.05,Zaandam,151,finished,172,8320,53,Sprint,30,NL,Decathlon CMA CGM Team,,,",,",1606,14077
9,RR,12 July 2026,Malemort,Ussel,154.6,2792,115,44.628,Sprint of small group,Eenkhoorn Pascal,https://www.procyclingstats.com/rider/pascal-eenkhoorn,1997-02-08,1997,Netherlands,1.85,72.0,21.04,Zwolle,152,finished,135,6778,92,Classic,29,NL,Soudal Quick-Step,,,",,",1606,14077
9,RR,12 July 2026,Malemort,Ussel,154.6,2792,115,44.628,Sprint of small group,Storer Michael,https://www.procyclingstats.com/rider/michael-storer,1997-02-28,1997,Australia,1.77,63.0,20.11,Perth,153,finished,97,5945,196,Climber,29,AU,Tudor Pro Cycling Team,,,",,",1606,14077
9,RR,12 July 2026,Malemort,Ussel,154.6,2792,115,44.628,Sprint of small group,Hoole Daan,https://www.procyclingstats.com/rider/daan-hoole,1999-02-22,1999,Netherlands,1.98,84.0,21.43,Zuidland,154,finished,140,6989,54,TT,27,NL,Decathlon CMA CGM Team,,,",,",1606,14077
9,RR,12 July 2026,Malemort,Ussel,154.6,2792,115,44.628,Sprint of small group,Gradek Kamil,https://www.procyclingstats.com/rider/kamil-gradek,1990-09-17,1990,Poland,1.94,83.0,22.05,Koziegłowy,155,finished,175,8470,74,TT,35,PL,Bahrain - Victorious,,,",,",1606,14077
9,RR,12 July 2026,Malemort,Ussel,154.6,2792,115,44.628,Sprint of small group,Fretin Milan,https://www.procyclingstats.com/rider/milan-fretin,2001-03-19,2001,Belgium,1.82,70.0,21.13,Genk,156,finished,161,7965,165,Classic,25,BE,Cofidis,,,",,",1606,14077
9,RR,12 July 2026,Malemort,Ussel,154.6,2792,115,44.628,Sprint of small group,Planckaert Edward,https://www.procyclingstats.com/rider/edward-planckaert,1995-02-01,1995,Belgium,1.78,71.0,22.41,Kortrijk,157,finished,111,6364,106,Classic,31,BE,Alpecin - Premier Tech,,,",,",1606,14077
9,RR,12 July 2026,Malemort,Ussel,154.6,2792,115,44.628,Sprint of small group,Ballerini Davide,https://www.procyclingstats.com/rider/davide-ballerini,1994-09-21,1994,Italy,1.83,71.0,21.2,Cantù,158,finished,170,8279,62,Classic,31,IT,XDS Astana Team,,,26:55,1615,14086
9,RR,12 July 2026,Malemort,Ussel,154.6,2792,115,44.628,Sprint of small group,Gaviria Fernando,https://www.procyclingstats.com/rider/fernando-gaviria,1994-08-19,1994,Colombia,1.81,71.0,21.67,La Ceja,159,finished,166,8130,221,Sprint,31,CO,Caja Rural - Seguros RGA,,,",,",1615,14086
9,RR,12 July 2026,Malemort,Ussel,154.6,2792,115,44.628,Sprint of small group,Merlier Tim,https://www.procyclingstats.com/rider/tim-merlier,1992-10-30,1992,Belgium,1.88,76.0,21.5,Wortegem-Petegem,160,finished,167,8150,91,Sprint,33,BE,Soudal Quick-Step,,,",,",1615,14086
9,RR,12 July 2026,Malemort,Ussel,154.6,2792,115,44.628,Sprint of small group,Kooij Olav,https://www.procyclingstats.com/rider/olav-kooij,2001-10-17,2001,Netherlands,1.84,72.0,21.27,Numansdorp,161,finished,171,8282,55,Sprint,24,NL,Decathlon CMA CGM Team,,,",,",1615,14086
9,RR,12 July 2026,Malemort,Ussel,154.6,2792,115,44.628,Sprint of small group,Kanter Max,https://www.procyclingstats.com/rider/max-kanter,1997-10-22,1997,Germany,1.76,68.0,21.95,Cottbus,162,finished,144,7163,64,Sprint,28,DE,XDS Astana Team,,,",,",1615,14086
9,RR,12 July 2026,Malemort,Ussel,154.6,2792,115,44.628,Sprint of small group,van den Berg Julius,https://www.procyclingstats.com/rider/julius-van-den-berg,1996-10-23,1996,Netherlands,1.9,78.0,21.61,Purmerend,163,finished,162,8020,217,Sprint,29,NL,Team Picnic PostNL,,,",,",1615,14086
9,RR,12 July 2026,Malemort,Ussel,154.6,2792,115,44.628,Sprint of small group,Philipsen Jasper,https://www.procyclingstats.com/rider/jasper-philipsen,1998-03-02,1998,Belgium,1.76,75.0,24.21,Mol,164,finished,151,7492,105,Sprint,28,BE,Alpecin - Premier Tech,,,",,",1615,14086
9,RR,12 July 2026,Malemort,Ussel,154.6,2792,115,44.628,Sprint of small group,Degenkolb John,https://www.procyclingstats.com/rider/john-degenkolb,1989-01-07,1989,Germany,1.8,82.0,25.31,Gera,165,finished,165,8093,214,Classic,37,DE,Team Picnic PostNL,,,",,",1615,14086
9,RR,12 July 2026,Malemort,Ussel,154.6,2792,115,44.628,Sprint of small group,Steinhauser Georg,https://www.procyclingstats.com/rider/georg-steinhauser,2001-10-21,2001,Germany,1.89,70.0,19.6,Lindenberg im Allgäu,166,finished,131,6707,46,Climber,24,DE,EF Education - EasyPost,,,",,",1615,14086
9,RR,12 July 2026,Malemort,Ussel,154.6,2792,115,44.628,Sprint of small group,Bauhaus Phil,https://www.procyclingstats.com/rider/phil-bauhaus,1994-07-08,1994,Germany,1.84,75.0,22.15,Bocholt,167,finished,168,8185,72,Sprint,32,DE,Bahrain - Victorious,,,",,",1615,14086
9,RR,12 July 2026,Malemort,Ussel,154.6,2792,115,44.628,Sprint of small group,Nicolau Joel,https://www.procyclingstats.com/rider/joel-nicolau,1997-12-23,1997,Spain,1.76,66.0,21.31,Llofriu,168,finished,129,6680,225,Hills,28,ES,Caja Rural - Seguros RGA,,,",,",1615,14086
9,RR,12 July 2026,Malemort,Ussel,154.6,2792,115,44.628,Sprint of small group,Stewart Jake,https://www.procyclingstats.com/rider/jake-stewart,1999-10-02,1999,Great Britain,1.79,66.0,20.6,Coventry,169,finished,164,8038,137,Hills,26,GB,NSN Cycling Team,,,",,",1615,14086
9,RR,12 July 2026,Malemort,Ussel,154.6,2792,115,44.628,Sprint of small group,Dhondt Robbe,https://www.procyclingstats.com/rider/robbe-dhondt,2004-06-25,2004,Belgium,1.76,,,Zottegem,170,finished,153,7516,215,GC,22,BE,Team Picnic PostNL,,,",,",1615,14086
9,RR,12 July 2026,Malemort,Ussel,154.6,2792,115,44.628,Sprint of small group,Girmay Biniam,https://www.procyclingstats.com/rider/biniam-girmay,2000-04-02,2000,Eritrea,1.84,70.0,20.68,Asmara,171,finished,145,7172,131,Classic,26,ER,NSN Cycling Team,,,",,",1615,14086
9,RR,12 July 2026,Malemort,Ussel,154.6,2792,115,44.628,Sprint of small group,Askey Lewis,https://www.procyclingstats.com/rider/lewis-askey,2001-05-04,2001,Great Britain,1.87,75.0,21.45,Cannock,172,finished,169,8240,132,Classic,25,GB,NSN Cycling Team,,,",,",1615,14086
9,RR,12 July 2026,Malemort,Ussel,154.6,2792,115,44.628,Sprint of small group,Louvel Matis,https://www.procyclingstats.com/rider/matis-louvel,1999-07-19,1999,France,1.87,77.0,22.02,Mont Saint Aignan,173,finished,176,8765,135,Classic,26,FR,NSN Cycling Team,,,",,",1615,14086
9,RR,12 July 2026,Malemort,Ussel,154.6,2792,115,44.628,Sprint of small group,Van Asbroeck Tom,https://www.procyclingstats.com/rider/tom-van-asbroeck,1990-04-19,1990,Belgium,1.82,72.0,21.74,Aalst,174,finished,148,7345,138,Sprint,36,BE,NSN Cycling Team,,,",,",1615,14086
9,RR,12 July 2026,Malemort,Ussel,154.6,2792,115,44.628,Sprint of small group,Velasco Simone,https://www.procyclingstats.com/rider/simone-velasco,1995-12-02,1995,Italy,1.7,59.0,20.42,Bologna,175,finished,133,6743,67,Classic,30,IT,XDS Astana Team,,,",,",1615,14086
9,RR,12 July 2026,Malemort,Ussel,154.6,2792,115,44.628,Sprint of small group,Rickaert Jonas,https://www.procyclingstats.com/rider/jonas-rickaert,1994-02-07,1994,Belgium,1.9,88.0,24.38,Sint-Eloois-Vijve,176,finished,125,6626,107,Classic,32,BE,Alpecin - Premier Tech,,,",,",1615,14086
10,RR,14 July 2026,Aurillac,Le Lioran,165.6,3791,261,41.72,14.8 km solo,Pogačar Tadej,https://www.procyclingstats.com/rider/tadej-pogacar,1998-09-21,1998,Slovenia,1.76,66.0,21.31,Klanec,1,finished,1,0,1,Climber,27,SI,UAE Team Emirates - XRG,210.0,100.0,3:58:08,0,14288
10,RR,14 July 2026,Aurillac,Le Lioran,165.6,3791,261,41.72,14.8 km solo,Evenepoel Remco,https://www.procyclingstats.com/rider/remco-evenepoel,2000-01-25,2000,Belgium,1.71,63.0,21.55,Aalst,2,finished,3,246,21,Climber,26,BE,Red Bull - BORA - hansgrohe,150.0,70.0,0:32,32,14320
10,RR,14 July 2026,Aurillac,Le Lioran,165.6,3791,261,41.72,14.8 km solo,Seixas Paul,https://www.procyclingstats.com/rider/paul-seixas,2006-09-24,2006,France,1.86,64.0,18.5,Lyon,3,finished,5,275,51,Climber,19,FR,Decathlon CMA CGM Team,110.0,50.0,0:34,34,14322
10,RR,14 July 2026,Aurillac,Le Lioran,165.6,3791,261,41.72,14.8 km solo,Lipowitz Florian,https://www.procyclingstats.com/rider/florian-lipowitz,2000-09-21,2000,Germany,1.81,68.0,20.76,Laichingen,4,finished,6,284,25,GC,25,DE,Red Bull - BORA - hansgrohe,90.0,40.0,",,",34,14322
10,RR,14 July 2026,Aurillac,Le Lioran,165.6,3791,261,41.72,14.8 km solo,Ayuso Juan,https://www.procyclingstats.com/rider/juan-ayuso-pesquera,2002-09-16,2002,Spain,1.83,65.0,19.41,Barcelona,5,finished,4,262,31,Climber,23,ES,Lidl - Trek,70.0,32.0,0:38,38,14326
10,RR,14 July 2026,Aurillac,Le Lioran,165.6,3791,261,41.72,14.8 km solo,Skjelmose Mattias,https://www.procyclingstats.com/rider/mattias-skjelmose-jensen,2000-09-26,2000,Denmark,1.8,65.0,20.06,Copenhagen,6,finished,8,345,35,Climber,25,DK,Lidl - Trek,55.0,26.0,",,",38,14326
10,RR,14 July 2026,Aurillac,Le Lioran,165.6,3791,261,41.72,14.8 km solo,Vingegaard Jonas,https://www.procyclingstats.com/rider/jonas-vingegaard,1996-12-10,1996,Denmark,1.75,58.0,18.94,Hillerslev,7,finished,2,216,11,GC,29,DK,Team Visma | Lease a Bike,45.0,22.0,0:44,44,14332
10,RR,14 July 2026,Aurillac,Le Lioran,165.6,3791,261,41.72,14.8 km solo,del Toro Isaac,https://www.procyclingstats.com/rider/isaac-del-toro,2003-11-27,2003,Mexico,1.8,64.0,19.75,Ensenada,8,finished,7,308,2,Climber,22,MX,UAE Team Emirates - XRG,40.0,18.0,1:31,91,14379
10,RR,14 July 2026,Aurillac,Le Lioran,165.6,3791,261,41.72,14.8 km solo,Pidcock Tom,https://www.procyclingstats.com/rider/tom-pidcock,1999-07-30,1999,Great Britain,1.7,58.0,20.07,Leeds,9,finished,10,709,171,Classic,26,GB,Pinarello Q36.5 Pro Cycling Team,35.0,14.0,1:59,119,14407
10,RR,14 July 2026,Aurillac,Le Lioran,165.6,3791,261,41.72,14.8 km solo,Martinez Lenny,https://www.procyclingstats.com/rider/lenny-martinez,2003-07-11,2003,France,1.68,52.0,18.42,Cannes,10,finished,9,394,71,Climber,23,FR,Bahrain - Victorious,30.0,10.0,2:03,123,14411
10,RR,14 July 2026,Aurillac,Le Lioran,165.6,3791,261,41.72,14.8 km solo,Carapaz Richard,https://www.procyclingstats.com/rider/richard-carapaz,1993-05-29,1993,Ecuador,1.7,62.0,21.45,El Carmelo,11,finished,18,1063,41,Climber,33,EC,EF Education - EasyPost,25.0,8.0,2:09,129,14417
10,RR,14 July 2026,Aurillac,Le Lioran,165.6,3791,261,41.72,14.8 km solo,Piganzoli Davide,https://www.procyclingstats.com/rider/davide-piganzoli,2002-07-08,2002,Italy,1.74,61.0,20.15,Morbegno,12,finished,13,818,18,GC,24,IT,Team Visma | Lease a Bike,20.0,6.0,2:42,162,14450
10,RR,14 July 2026,Aurillac,Le Lioran,165.6,3791,261,41.72,14.8 km solo,Van Wilder Ilan,https://www.procyclingstats.com/rider/ilan-van-wilder,2000-05-14,2000,Belgium,1.71,64.0,21.89,Jette,13,finished,12,763,97,GC,26,BE,Soudal Quick-Step,15.0,4.0,2:48,168,14456
10,RR,14 July 2026,Aurillac,Le Lioran,165.6,3791,261,41.72,14.8 km solo,Debruyne Ramses,https://www.procyclingstats.com/rider/ramses-debruyne,2002-08-31,2002,Belgium,1.79,66.0,20.6,Rollegem,14,finished,17,973,102,Climber,23,BE,Alpecin - Premier Tech,10.0,2.0,",,",168,14456
10,RR,14 July 2026,Aurillac,Le Lioran,165.6,3791,261,41.72,14.8 km solo,Bernal Egan,https://www.procyclingstats.com/rider/egan-bernal,1997-01-13,1997,Colombia,1.75,60.0,19.59,Bogotá,15,finished,11,735,81,GC,29,CO,Netcompany INEOS,5.0,1.0,2:53,173,14461
10,RR,14 July 2026,Aurillac,Le Lioran,165.6,3791,261,41.72,14.8 km solo,Voisard Yannis,https://www.procyclingstats.com/rider/yannis-voisard,1998-07-26,1998,Switzerland,,56.0,,Fontenais,16,finished,16,936,198,GC,27,CH,Tudor Pro Cycling Team,,,3:05,185,14473
10,RR,14 July 2026,Aurillac,Le Lioran,165.6,3791,261,41.72,14.8 km solo,Yates Adam,https://www.procyclingstats.com/rider/adam-yates,1992-08-07,1992,Great Britain,1.73,58.0,19.38,Bury,17,finished,20,1106,8,Climber,33,GB,UAE Team Emirates - XRG,,,3:45,225,14513
10,RR,14 July 2026,Aurillac,Le Lioran,165.6,3791,261,41.72,14.8 km solo,Johannessen Tobias Halland,https://www.procyclingstats.com/rider/tobias-halland-johannessen,1999-08-23,1999,Norway,1.76,62.0,20.02,Drøbak,18,finished,14,890,121,Climber,26,NO,Uno-X Mobility,,,4:50,290,14578
10,RR,14 July 2026,Aurillac,Le Lioran,165.6,3791,261,41.72,14.8 km solo,Quinn Sean,https://www.procyclingstats.com/rider/sean-quinn,2000-05-10,2000,United States,1.87,67.0,19.16,Los Angeles,19,finished,15,908,45,GC,26,US,EF Education - EasyPost,,,5:23,323,14611
10,RR,14 July 2026,Aurillac,Le Lioran,165.6,3791,261,41.72,14.8 km solo,Castrillo Pablo,https://www.procyclingstats.com/rider/pablo-castrillo-zapater,2001-01-02,2001,Spain,1.83,74.0,22.1,Jaca,20,finished,21,1232,142,Climber,25,ES,Movistar Team,,,6:45,405,14693
10,RR,14 July 2026,Aurillac,Le Lioran,165.6,3791,261,41.72,14.8 km solo,Benoot Tiesj,https://www.procyclingstats.com/rider/tiesj-benoot,1994-03-11,1994,Belgium,1.9,72.0,19.94,Ghent,21,finished,24,1997,52,Classic,32,BE,Decathlon CMA CGM Team,,,6:50,410,14698
10,RR,14 July 2026,Aurillac,Le Lioran,165.6,3791,261,41.72,14.8 km solo,Verona Carlos,https://www.procyclingstats.com/rider/carlos-verona,1992-11-04,1992,Spain,1.86,68.0,19.66,San Lorenzo de El Escorial,22,finished,28,2813,38,GC,33,ES,Lidl - Trek,,,",,",410,14698
10,RR,14 July 2026,Aurillac,Le Lioran,165.6,3791,261,41.72,14.8 km solo,Jegat Jordan,https://www.procyclingstats.com/rider/jordan-jegat,1999-06-07,1999,France,1.76,59.0,19.05,Vannes,23,finished,19,1076,201,Climber,27,FR,TotalEnergies,,,",,",410,14698
10,RR,14 July 2026,Aurillac,Le Lioran,165.6,3791,261,41.72,14.8 km solo,Riccitello Matthew,https://www.procyclingstats.com/rider/matthew-riccitello,2002-03-05,2002,United States,1.72,55.0,18.59,Tucson,24,finished,60,5978,58,Climber,24,US,Decathlon CMA CGM Team,,,",,",410,14698
10,RR,14 July 2026,Aurillac,Le Lioran,165.6,3791,261,41.72,14.8 km solo,Prodhomme Nicolas,https://www.procyclingstats.com/rider/nicolas-prodhomme,1997-02-01,1997,France,1.74,63.0,20.81,L'Aigle,25,finished,26,2548,57,GC,29,FR,Decathlon CMA CGM Team,,,6:52,412,14700
10,RR,14 July 2026,Aurillac,Le Lioran,165.6,3791,261,41.72,14.8 km solo,Rubio Einer,https://www.procyclingstats.com/rider/einer-rubio,1998-02-22,1998,Colombia,1.64,56.0,20.82,Chíquiza,26,finished,40,4304,148,Climber,28,CO,Movistar Team,,,",,",412,14700
10,RR,14 July 2026,Aurillac,Le Lioran,165.6,3791,261,41.72,14.8 km solo,Kuss Sepp,https://www.procyclingstats.com/rider/sepp-kuss,1994-09-13,1994,United States,1.82,61.0,18.42,Durango,27,finished,22,1252,17,Climber,31,US,Team Visma | Lease a Bike,,,7:09,429,14717
10,RR,14 July 2026,Aurillac,Le Lioran,165.6,3791,261,41.72,14.8 km solo,Hindley Jai,https://www.procyclingstats.com/rider/jai-hindley,1996-05-05,1996,Australia,1.75,60.0,19.59,Perth,28,finished,31,3108,24,Climber,30,AU,Red Bull - BORA - hansgrohe,,,",,",429,14717
10,RR,14 July 2026,Aurillac,Le Lioran,165.6,3791,261,41.72,14.8 km solo,McNulty Brandon,https://www.procyclingstats.com/rider/brandon-mcnulty,1998-04-02,1998,United States,1.83,69.0,20.6,Phoenix,29,finished,23,1561,4,GC,28,US,UAE Team Emirates - XRG,,,",,",429,14717
10,RR,14 July 2026,Aurillac,Le Lioran,165.6,3791,261,41.72,14.8 km solo,Gee-West Derek,https://www.procyclingstats.com/rider/derek-gee,1997-08-03,1997,Canada,1.89,72.0,20.16,Ottawa,30,finished,38,4167,32,Climber,28,CA,Lidl - Trek,,,12:46,766,15054
10,RR,14 July 2026,Aurillac,Le Lioran,165.6,3791,261,41.72,14.8 km solo,Foss Tobias,https://www.procyclingstats.com/rider/tobias-foss,1997-05-25,1997,Norway,1.84,74.0,21.86,Vingrom,31,finished,50,5282,83,TT,29,NO,Netcompany INEOS,,,",,",766,15054
10,RR,14 July 2026,Aurillac,Le Lioran,165.6,3791,261,41.72,14.8 km solo,Arensman Thymen,https://www.procyclingstats.com/rider/thymen-arensman,1999-12-04,1999,Netherlands,1.9,68.0,18.84,Deil,32,finished,30,3008,82,GC,26,NL,Netcompany INEOS,,,",,",766,15054
10,RR,14 July 2026,Aurillac,Le Lioran,165.6,3791,261,41.72,14.8 km solo,Jorgenson Matteo,https://www.procyclingstats.com/rider/matteo-jorgenson,1999-07-01,1999,United States,1.9,69.0,19.11,Walnut Creek,33,finished,27,2750,16,GC,27,US,Team Visma | Lease a Bike,,,",,",766,15054
10,RR,14 July 2026,Aurillac,Le Lioran,165.6,3791,261,41.72,14.8 km solo,Hermans Quinten,https://www.procyclingstats.com/rider/quinten-hermans,1995-07-29,1995,Belgium,1.74,62.0,20.48,Antwerp,34,finished,33,3709,174,Hills,30,BE,Pinarello Q36.5 Pro Cycling Team,,,",,",766,15054
10,RR,14 July 2026,Aurillac,Le Lioran,165.6,3791,261,41.72,14.8 km solo,Breuillard Nicolas,https://www.procyclingstats.com/rider/nicolas-breuillard,2000-03-13,2000,France,1.75,,,Pertuis,35,finished,49,4984,202,GC,26,FR,TotalEnergies,,,15:21,921,15209
10,RR,14 July 2026,Aurillac,Le Lioran,165.6,3791,261,41.72,14.8 km solo,Paret-Peintre Aurélien,https://www.procyclingstats.com/rider/aurelien-paret-peintre,1996-02-27,1996,France,1.84,64.0,18.9,Annemasse,36,finished,59,5971,56,GC,30,FR,Decathlon CMA CGM Team,,,18:53,1133,15421
10,RR,14 July 2026,Aurillac,Le Lioran,165.6,3791,261,41.72,14.8 km solo,Baudin Alex,https://www.procyclingstats.com/rider/alex-baudin,2001-05-25,2001,France,1.83,64.0,19.11,Albertville,37,finished,34,3910,43,Climber,25,FR,EF Education - EasyPost,,,21:23,1283,15571
10,RR,14 July 2026,Aurillac,Le Lioran,165.6,3791,261,41.72,14.8 km solo,Paret-Peintre Valentin,https://www.procyclingstats.com/rider/valentin-paret-peintre,2001-01-14,2001,France,1.78,52.0,16.41,Annemasse,38,finished,46,4699,93,Climber,25,FR,Soudal Quick-Step,,,",,",1283,15571
10,RR,14 July 2026,Aurillac,Le Lioran,165.6,3791,261,41.72,14.8 km solo,Simmons Quinn,https://www.procyclingstats.com/rider/quinn-simmons,2001-05-08,2001,United States,1.85,73.0,21.33,Durango,39,finished,37,4151,34,Hills,25,US,Lidl - Trek,,,",,",1283,15571
10,RR,14 July 2026,Aurillac,Le Lioran,165.6,3791,261,41.72,14.8 km solo,Großschartner Felix,https://www.procyclingstats.com/rider/felix-grossschartner,1993-12-23,1993,Austria,1.84,64.0,18.9,Wels,40,finished,35,3962,3,GC,32,AT,UAE Team Emirates - XRG,,,",,",1283,15571
10,RR,14 July 2026,Aurillac,Le Lioran,165.6,3791,261,41.72,14.8 km solo,Hirschi Marc,https://www.procyclingstats.com/rider/marc-hirschi,1998-08-24,1998,Switzerland,1.74,61.0,20.15,Bern,41,finished,48,4853,194,Classic,27,CH,Tudor Pro Cycling Team,,,",,",1283,15571
10,RR,14 July 2026,Aurillac,Le Lioran,165.6,3791,261,41.72,14.8 km solo,Healy Ben,https://www.procyclingstats.com/rider/ben-healy,2000-09-11,2000,Ireland,1.75,62.0,20.24,Kingswinford Previous nationalities Great Britain until 2016,42,finished,91,7494,44,Climber,25,IE,EF Education - EasyPost,,,21:52,1312,15600
10,RR,14 July 2026,Aurillac,Le Lioran,165.6,3791,261,41.72,14.8 km solo,Romo Javier,https://www.procyclingstats.com/rider/javier-romo,1999-01-06,1999,Spain,1.84,70.0,20.68,Villafranca de los Caballeros,43,finished,58,5865,147,GC,27,ES,Movistar Team,,,22:44,1364,15652
10,RR,14 July 2026,Aurillac,Le Lioran,165.6,3791,261,41.72,14.8 km solo,Wellens Tim,https://www.procyclingstats.com/rider/tim-wellens,1991-05-10,1991,Belgium,1.82,71.0,21.43,Sint-Truiden,44,finished,51,5452,7,GC,35,BE,UAE Team Emirates - XRG,,,23:26,1406,15694
10,RR,14 July 2026,Aurillac,Le Lioran,165.6,3791,261,41.72,14.8 km solo,Russo Clément,https://www.procyclingstats.com/rider/clement-russo,1995-01-20,1995,France,1.87,74.0,21.16,Lyon,45,finished,92,7514,188,Classic,31,FR,Groupama - FDJ United,,,25:09,1509,15797
10,RR,14 July 2026,Aurillac,Le Lioran,165.6,3791,261,41.72,14.8 km solo,Armirail Bruno,https://www.procyclingstats.com/rider/bruno-armirail,1994-04-11,1994,France,1.9,72.0,19.94,Bagnères-de-Bigorre,46,finished,98,7913,13,TT,32,FR,Team Visma | Lease a Bike,,,",,",1509,15797
10,RR,14 July 2026,Aurillac,Le Lioran,165.6,3791,261,41.72,14.8 km solo,Pacher Quentin,https://www.procyclingstats.com/rider/quentin-pacher,1992-01-06,1992,France,1.79,62.0,19.35,Libourne,47,finished,80,6967,187,Hills,34,FR,Groupama - FDJ United,,,",,",1509,15797
10,RR,14 July 2026,Aurillac,Le Lioran,165.6,3791,261,41.72,14.8 km solo,Caruso Damiano,https://www.procyclingstats.com/rider/damiano-caruso,1987-10-12,1987,Italy,1.79,67.0,20.91,Ragusa,48,finished,64,6244,73,GC,38,IT,Bahrain - Victorious,,,",,",1509,15797
10,RR,14 July 2026,Aurillac,Le Lioran,165.6,3791,261,41.72,14.8 km solo,Grégoire Romain,https://www.procyclingstats.com/rider/romain-gregoire,2003-01-21,2003,France,1.76,64.0,20.66,Besançon,49,finished,61,5980,181,Classic,23,FR,Groupama - FDJ United,,,",,",1509,15797
10,RR,14 July 2026,Aurillac,Le Lioran,165.6,3791,261,41.72,14.8 km solo,Vauquelin Kévin,https://www.procyclingstats.com/rider/kevin-vauquelin,2001-04-26,2001,France,1.76,69.0,22.28,Bayeux,50,finished,36,3976,88,GC,25,FR,Netcompany INEOS,,,",,",1509,15797
10,RR,14 July 2026,Aurillac,Le Lioran,165.6,3791,261,41.72,14.8 km solo,Germani Lorenzo,https://www.procyclingstats.com/rider/lorenzo-germani,2002-03-03,2002,Italy,1.79,62.0,19.35,Sora,51,finished,74,6775,185,GC,24,IT,Groupama - FDJ United,,,",,",1509,15797
10,RR,14 July 2026,Aurillac,Le Lioran,165.6,3791,261,41.72,14.8 km solo,Schmid Mauro,https://www.procyclingstats.com/rider/mauro-schmid,1999-12-04,1999,Switzerland,1.87,70.0,20.02,Bülach,52,finished,83,7275,118,Hills,26,CH,Team Jayco AlUla,,,",,",1509,15797
10,RR,14 July 2026,Aurillac,Le Lioran,165.6,3791,261,41.72,14.8 km solo,Balderstone Abel,https://www.procyclingstats.com/rider/abel-balderstone-roumens,2000-07-07,2000,Spain,1.79,61.0,19.04,Ullastrell,53,finished,57,5758,222,GC,26,ES,Caja Rural - Seguros RGA,,,",,",1509,15797
10,RR,14 July 2026,Aurillac,Le Lioran,165.6,3791,261,41.72,14.8 km solo,Braz Afonso Clément,https://www.procyclingstats.com/rider/clement-braz-afonso,1999-11-08,1999,France,1.63,50.0,18.82,Brive-la-Gaillarde,54,finished,55,5633,183,Climber,26,FR,Groupama - FDJ United,,,",,",1509,15797
10,RR,14 July 2026,Aurillac,Le Lioran,165.6,3791,261,41.72,14.8 km solo,Delbove Joris,https://www.procyclingstats.com/rider/joris-delbove,2000-07-15,2000,France,,,,Troyes,55,finished,54,5579,203,GC,25,FR,TotalEnergies,,,",,",1509,15797
10,RR,14 July 2026,Aurillac,Le Lioran,165.6,3791,261,41.72,14.8 km solo,Parra José Félix,https://www.procyclingstats.com/rider/jose-felix-parra,1997-01-16,1997,Spain,1.71,55.0,18.81,Ossa de Montiel,56,finished,41,4388,228,GC,29,ES,Caja Rural - Seguros RGA,,,",,",1509,15797
10,RR,14 July 2026,Aurillac,Le Lioran,165.6,3791,261,41.72,14.8 km solo,Charmig Anthon,https://www.procyclingstats.com/rider/anthon-charmig,1998-03-25,1998,Denmark,1.82,66.0,19.93,Aarhus,57,finished,95,7624,123,GC,28,DK,Uno-X Mobility,,,",,",1509,15797
10,RR,14 July 2026,Aurillac,Le Lioran,165.6,3791,261,41.72,14.8 km solo,Van Gils Maxim,https://www.procyclingstats.com/rider/maxim-van-gils,1999-11-25,1999,Belgium,1.74,63.0,20.81,Brasschaat,58,finished,56,5636,28,Classic,26,BE,Red Bull - BORA - hansgrohe,,,",,",1509,15797
10,RR,14 July 2026,Aurillac,Le Lioran,165.6,3791,261,41.72,14.8 km solo,Cattaneo Mattia,https://www.procyclingstats.com/rider/mattia-cattaneo,1990-10-25,1990,Italy,1.84,67.0,19.79,Alzano Lombardo,59,finished,62,6029,22,TT,35,IT,Red Bull - BORA - hansgrohe,,,",,",1509,15797
10,RR,14 July 2026,Aurillac,Le Lioran,165.6,3791,261,41.72,14.8 km solo,Vervaeke Louis,https://www.procyclingstats.com/rider/louis-vervaeke,1993-10-06,1993,Belgium,1.81,68.0,20.76,Ronse,60,finished,78,6943,98,GC,32,BE,Soudal Quick-Step,,,",,",1509,15797
10,RR,14 July 2026,Aurillac,Le Lioran,165.6,3791,261,41.72,14.8 km solo,Tejada Harold,https://www.procyclingstats.com/rider/harold-tejada,1997-04-27,1997,Colombia,1.8,63.0,19.44,Pitalito,61,finished,29,2893,65,Climber,29,CO,XDS Astana Team,,,",,",1509,15797
10,RR,14 July 2026,Aurillac,Le Lioran,165.6,3791,261,41.72,14.8 km solo,Higuita Sergio,https://www.procyclingstats.com/rider/sergio-higuita,1997-08-01,1997,Colombia,1.66,57.0,20.69,Medellín,62,finished,39,4263,61,Climber,28,CO,XDS Astana Team,,,",,",1509,15797
10,RR,14 July 2026,Aurillac,Le Lioran,165.6,3791,261,41.72,14.8 km solo,Skaarseth Anders,https://www.procyclingstats.com/rider/anders-skaarseth,1995-05-07,1995,Norway,1.86,,,Lillehammer,63,finished,52,5455,126,Classic,31,NO,Uno-X Mobility,,,",,",1509,15797
10,RR,14 July 2026,Aurillac,Le Lioran,165.6,3791,261,41.72,14.8 km solo,O'Connor Ben,https://www.procyclingstats.com/rider/ben-o-connor,1995-11-25,1995,Australia,1.88,67.0,18.96,Subiaco,64,finished,53,5465,111,GC,30,AU,Team Jayco AlUla,,,",,",1509,15797
10,RR,14 July 2026,Aurillac,Le Lioran,165.6,3791,261,41.72,14.8 km solo,Johannessen Anders Halland,https://www.procyclingstats.com/rider/anders-halland-johannessen,1999-08-23,1999,Norway,1.76,,,Drøbak,65,finished,93,7573,125,GC,26,NO,Uno-X Mobility,,,",,",1509,15797
10,RR,14 July 2026,Aurillac,Le Lioran,165.6,3791,261,41.72,14.8 km solo,García Pierna Raúl,https://www.procyclingstats.com/rider/raul-garcia-pierna,2001-02-23,2001,Spain,1.75,67.0,21.88,Tres Cantos,66,finished,47,4793,144,Climber,25,ES,Movistar Team,,,25:20,1520,15808
10,RR,14 July 2026,Aurillac,Le Lioran,165.6,3791,261,41.72,14.8 km solo,Plapp Luke,https://www.procyclingstats.com/rider/luke-plapp,2000-12-25,2000,Australia,1.81,72.0,21.98,Melbourne,67,finished,94,7592,117,GC,25,AU,Team Jayco AlUla,,,25:26,1526,15814
10,RR,14 July 2026,Aurillac,Le Lioran,165.6,3791,261,41.72,14.8 km solo,Skujiņš Toms,https://www.procyclingstats.com/rider/toms-skujins,1991-06-15,1991,Latvia,1.81,72.0,21.98,Sigulda,68,finished,77,6919,36,Classic,35,LV,Lidl - Trek,,,",,",1526,15814
10,RR,14 July 2026,Aurillac,Le Lioran,165.6,3791,261,41.72,14.8 km solo,Meurisse Xandro,https://www.procyclingstats.com/rider/xandro-meurisse,1992-01-31,1992,Belgium,1.81,68.0,20.76,Kortrijk,69,finished,65,6348,176,GC,34,BE,Pinarello Q36.5 Pro Cycling Team,,,27:01,1621,15909
10,RR,14 July 2026,Aurillac,Le Lioran,165.6,3791,261,41.72,14.8 km solo,Zimmermann Georg,https://www.procyclingstats.com/rider/georg-zimmermann,1997-10-11,1997,Germany,1.81,70.0,21.37,Augsburg,70,finished,69,6653,158,Classic,28,DE,Lotto Intermarché,,,27:08,1628,15916
10,RR,14 July 2026,Aurillac,Le Lioran,165.6,3791,261,41.72,14.8 km solo,Cepeda Jefferson Alveiro,https://www.procyclingstats.com/rider/jefferson-cepeda-hernandez,1996-03-02,1996,Ecuador,1.7,61.0,21.11,El Playón,71,finished,79,6961,143,GC,30,EC,Movistar Team,,,27:12,1632,15920
10,RR,14 July 2026,Aurillac,Le Lioran,165.6,3791,261,41.72,14.8 km solo,Howson Damien,https://www.procyclingstats.com/rider/damien-howson,1992-08-13,1992,Australia,1.88,68.0,19.24,Adelaide,72,finished,96,7689,175,GC,33,AU,Pinarello Q36.5 Pro Cycling Team,,,",,",1632,15920
10,RR,14 July 2026,Aurillac,Le Lioran,165.6,3791,261,41.72,14.8 km solo,Tratnik Jan,https://www.procyclingstats.com/rider/jan-tratnik,1990-02-23,1990,Slovenia,1.73,67.0,22.39,Idrija,73,finished,99,7920,26,TT,36,SI,Red Bull - BORA - hansgrohe,,,",,",1632,15920
10,RR,14 July 2026,Aurillac,Le Lioran,165.6,3791,261,41.72,14.8 km solo,Craps Lars,https://www.procyclingstats.com/rider/lars-craps,2001-10-17,2001,Belgium,1.85,67.0,19.58,Aalst,74,finished,63,6078,154,GC,24,BE,Lotto Intermarché,,,",,",1632,15920
10,RR,14 July 2026,Aurillac,Le Lioran,165.6,3791,261,41.72,14.8 km solo,Van Eetvelt Lennert,https://www.procyclingstats.com/rider/lennert-van-eetvelt,2001-07-17,2001,Belgium,1.76,63.0,20.34,Binkom,75,finished,25,2293,156,Climber,24,BE,Lotto Intermarché,,,",,",1632,15920
10,RR,14 July 2026,Aurillac,Le Lioran,165.6,3791,261,41.72,14.8 km solo,Costiou Ewen,https://www.procyclingstats.com/rider/ewen-costiou,2002-11-10,2002,France,1.76,64.0,20.66,Brest,76,finished,67,6502,184,GC,23,FR,Groupama - FDJ United,,,",,",1632,15920
10,RR,14 July 2026,Aurillac,Le Lioran,165.6,3791,261,41.72,14.8 km solo,Valgren Michael,https://www.procyclingstats.com/rider/michael-valgren-andersen,1992-02-07,1992,Denmark,1.79,71.0,22.16,Østerild,77,finished,76,6860,47,Classic,34,DK,EF Education - EasyPost,,,",,",1632,15920
10,RR,14 July 2026,Aurillac,Le Lioran,165.6,3791,261,41.72,14.8 km solo,Stuyven Jasper,https://www.procyclingstats.com/rider/jasper-stuyven,1992-04-17,1992,Belgium,1.87,80.0,22.88,Leuven,78,finished,71,6686,94,Classic,34,BE,Soudal Quick-Step,,,",,",1632,15920
10,RR,14 July 2026,Aurillac,Le Lioran,165.6,3791,261,41.72,14.8 km solo,Le Berre Mathis,https://www.procyclingstats.com/rider/mathis-le-berre,2001-04-16,2001,France,1.76,68.0,21.95,Saint-Brieuc,79,finished,75,6859,206,Hills,25,FR,TotalEnergies,,,",,",1632,15920
10,RR,14 July 2026,Aurillac,Le Lioran,165.6,3791,261,41.72,14.8 km solo,Walker Max,https://www.procyclingstats.com/rider/max-walker,2001-07-12,2001,Great Britain,,,,Douglas,80,finished,103,8099,48,TT,25,GB,EF Education - EasyPost,,,27:40,1660,15948
10,RR,14 July 2026,Aurillac,Le Lioran,165.6,3791,261,41.72,14.8 km solo,Pluimers Rick,https://www.procyclingstats.com/rider/rick-pluimers,2000-12-07,2000,Netherlands,1.8,67.0,20.68,Enter,81,finished,88,7413,195,Hills,25,NL,Tudor Pro Cycling Team,,,27:45,1665,15953
10,RR,14 July 2026,Aurillac,Le Lioran,165.6,3791,261,41.72,14.8 km solo,Tiberi Antonio,https://www.procyclingstats.com/rider/antonio-tiberi,2001-06-24,2001,Italy,1.82,62.0,18.72,Frosinone,82,finished,42,4412,77,GC,25,IT,Bahrain - Victorious,,,29:01,1741,16029
10,RR,14 July 2026,Aurillac,Le Lioran,165.6,3791,261,41.72,14.8 km solo,Harper Chris,https://www.procyclingstats.com/rider/chris-harper,1994-11-23,1994,Australia,1.85,67.0,19.58,Melbourne,83,finished,43,4516,173,GC,31,AU,Pinarello Q36.5 Pro Cycling Team,,,32:35,1955,16243
10,RR,14 July 2026,Aurillac,Le Lioran,165.6,3791,261,41.72,14.8 km solo,Barguil Warren,https://www.procyclingstats.com/rider/warren-barguil,1991-10-28,1991,France,1.83,61.0,18.21,Hennebont,84,finished,110,8395,211,Climber,34,FR,Team Picnic PostNL,,,34:42,2082,16370
10,RR,14 July 2026,Aurillac,Le Lioran,165.6,3791,261,41.72,14.8 km solo,Van Moer Brent,https://www.procyclingstats.com/rider/brent-van-moer,1998-01-12,1998,Belgium,1.91,79.0,21.66,Beveren,85,finished,101,7979,177,Classic,28,BE,Pinarello Q36.5 Pro Cycling Team,,,",,",2082,16370
10,RR,14 July 2026,Aurillac,Le Lioran,165.6,3791,261,41.72,14.8 km solo,Turgis Anthony,https://www.procyclingstats.com/rider/anthony-turgis,1994-05-16,1994,France,1.78,70.0,22.09,Bourg-la-Reine,86,finished,119,8709,207,Classic,32,FR,TotalEnergies,,,34:55,2095,16383
10,RR,14 July 2026,Aurillac,Le Lioran,165.6,3791,261,41.72,14.8 km solo,Vercher Mattéo,https://www.procyclingstats.com/rider/matheo-vercher,2001-01-26,2001,France,1.71,,,Lyon,87,finished,82,6991,208,Hills,25,FR,TotalEnergies,,,",,",2095,16383
10,RR,14 July 2026,Aurillac,Le Lioran,165.6,3791,261,41.72,14.8 km solo,Abrahamsen Jonas,https://www.procyclingstats.com/rider/jonas-abrahamsen,1995-09-20,1995,Norway,1.83,78.0,23.29,Skien,88,finished,100,7972,122,Classic,30,NO,Uno-X Mobility,,,35:04,2104,16392
10,RR,14 July 2026,Aurillac,Le Lioran,165.6,3791,261,41.72,14.8 km solo,Vinokurov Nicolas,https://www.procyclingstats.com/rider/nicolas-vinokurov,2002-07-07,2002,Kazakhstan,1.84,69.0,20.38,Nice,89,finished,134,9110,68,GC,24,KZ,XDS Astana Team,,,",,",2104,16392
10,RR,14 July 2026,Aurillac,Le Lioran,165.6,3791,261,41.72,14.8 km solo,Van Mechelen Vlad,https://www.procyclingstats.com/rider/vlad-van-mechelen,2004-06-02,2004,Belgium,1.83,73.0,21.8,Leuven,90,finished,84,7291,78,Sprint,22,BE,Bahrain - Victorious,,,35:48,2148,16436
10,RR,14 July 2026,Aurillac,Le Lioran,165.6,3791,261,41.72,14.8 km solo,Engelhardt Felix,https://www.procyclingstats.com/rider/felix-engelhardt,2000-08-19,2000,Germany,1.8,68.0,20.99,Ulm,91,finished,106,8242,114,Classic,25,DE,Team Jayco AlUla,,,36:11,2171,16459
10,RR,14 July 2026,Aurillac,Le Lioran,165.6,3791,261,41.72,14.8 km solo,Matthews Michael,https://www.procyclingstats.com/rider/michael-matthews,1990-09-26,1990,Australia,1.78,72.0,22.72,Canberra,92,finished,72,6701,115,Classic,35,AU,Team Jayco AlUla,,,",,",2171,16459
10,RR,14 July 2026,Aurillac,Le Lioran,165.6,3791,261,41.72,14.8 km solo,Slock Liam,https://www.procyclingstats.com/rider/liam-slock,2000-09-18,2000,Belgium,1.88,74.0,20.94,Ghent,93,finished,157,10066,155,GC,25,BE,Lotto Intermarché,,,",,",2171,16459
10,RR,14 July 2026,Aurillac,Le Lioran,165.6,3791,261,41.72,14.8 km solo,Politt Nils,https://www.procyclingstats.com/rider/nils-politt,1994-03-06,1994,Germany,1.92,80.0,21.7,Cologne,94,finished,87,7390,5,Classic,32,DE,UAE Team Emirates - XRG,,,",,",2171,16459
10,RR,14 July 2026,Aurillac,Le Lioran,165.6,3791,261,41.72,14.8 km solo,Teunissen Mike,https://www.procyclingstats.com/rider/mike-teunissen,1992-08-25,1992,Netherlands,1.84,73.0,21.56,Ysselsteyn,95,finished,118,8627,66,Classic,33,NL,XDS Astana Team,,,",,",2171,16459
10,RR,14 July 2026,Aurillac,Le Lioran,165.6,3791,261,41.72,14.8 km solo,Azparren Xabier Mikel,https://www.procyclingstats.com/rider/xabier-mikel-azparren-irurzun,1999-02-25,1999,Spain,,,,San Sebastián,96,finished,116,8572,172,TT,27,ES,Pinarello Q36.5 Pro Cycling Team,,,",,",2171,16459
10,RR,14 July 2026,Aurillac,Le Lioran,165.6,3791,261,41.72,14.8 km solo,Guernalec Thibault,https://www.procyclingstats.com/rider/thibault-guernalec,1997-07-31,1997,France,1.85,71.0,20.75,Châteaulin,97,finished,114,8555,205,TT,28,FR,TotalEnergies,,,",,",2171,16459
10,RR,14 July 2026,Aurillac,Le Lioran,165.6,3791,261,41.72,14.8 km solo,Godon Dorian,https://www.procyclingstats.com/rider/dorian-godon,1996-05-25,1996,France,1.89,74.0,20.72,Vitry-sur-Seine,98,finished,132,8979,85,Hills,30,FR,Netcompany INEOS,,,",,",2171,16459
10,RR,14 July 2026,Aurillac,Le Lioran,165.6,3791,261,41.72,14.8 km solo,Page Hugo,https://www.procyclingstats.com/rider/hugo-page,2001-07-24,2001,France,1.85,71.0,20.75,Chartres,99,finished,137,9166,167,Classic,24,FR,Cofidis,,,",,",2171,16459
10,RR,14 July 2026,Aurillac,Le Lioran,165.6,3791,261,41.72,14.8 km solo,Hessmann Michel,https://www.procyclingstats.com/rider/michel-hessmann,2001-04-06,2001,Germany,1.91,78.0,21.38,Münster,100,finished,112,8507,145,Hills,25,DE,Movistar Team,,,",,",2171,16459
10,RR,14 July 2026,Aurillac,Le Lioran,165.6,3791,261,41.72,14.8 km solo,Oldani Stefano,https://www.procyclingstats.com/rider/stefano-oldani,1998-01-10,1998,Italy,1.78,65.0,20.52,Milan,101,finished,144,9447,226,Hills,28,IT,Caja Rural - Seguros RGA,,,",,",2171,16459
10,RR,14 July 2026,Aurillac,Le Lioran,165.6,3791,261,41.72,14.8 km solo,Izagirre Ion,https://www.procyclingstats.com/rider/ion-izagirre,1989-02-04,1989,Spain,1.73,60.0,20.05,Ormaiztegi,102,finished,44,4626,161,GC,37,ES,Cofidis,,,",,",2171,16459
10,RR,14 July 2026,Aurillac,Le Lioran,165.6,3791,261,41.72,14.8 km solo,Kirsch Alex,https://www.procyclingstats.com/rider/alex-kirsch,1992-06-12,1992,Luxembourg,1.94,78.0,20.72,Luxembourg,103,finished,108,8306,166,TT,34,LU,Cofidis,,,",,",2171,16459
10,RR,14 July 2026,Aurillac,Le Lioran,165.6,3791,261,41.72,14.8 km solo,Gate Aaron,https://www.procyclingstats.com/rider/aaron-gate,1990-11-26,1990,New Zealand,1.81,71.0,21.67,Auckland,104,finished,124,8809,63,GC,35,NZ,XDS Astana Team,,,",,",2171,16459
10,RR,14 July 2026,Aurillac,Le Lioran,165.6,3791,261,41.72,14.8 km solo,Aranburu Alex,https://www.procyclingstats.com/rider/alex-aranburu,1995-09-19,1995,Spain,1.78,63.0,19.88,Ezkio-Itsaso,105,finished,81,6973,163,Classic,30,ES,Cofidis,,,",,",2171,16459
10,RR,14 July 2026,Aurillac,Le Lioran,165.6,3791,261,41.72,14.8 km solo,Asgreen Kasper,https://www.procyclingstats.com/rider/kasper-asgreen,1995-02-08,1995,Denmark,1.93,75.0,20.13,Kolding,106,finished,89,7452,42,TT,31,DK,EF Education - EasyPost,,,",,",2171,16459
10,RR,14 July 2026,Aurillac,Le Lioran,165.6,3791,261,41.72,14.8 km solo,Wright Fred,https://www.procyclingstats.com/rider/alfred-wright,1999-06-13,1999,Great Britain,1.84,75.0,22.15,London,107,finished,139,9270,178,Hills,27,GB,Pinarello Q36.5 Pro Cycling Team,,,",,",2171,16459
10,RR,14 July 2026,Aurillac,Le Lioran,165.6,3791,261,41.72,14.8 km solo,Frigo Marco,https://www.procyclingstats.com/rider/marco-frigo,2000-03-02,2000,Italy,1.88,70.0,19.81,Bassano del Grappa,108,finished,113,8549,134,Climber,26,IT,NSN Cycling Team,,,",,",2171,16459
10,RR,14 July 2026,Aurillac,Le Lioran,165.6,3791,261,41.72,14.8 km solo,Martin Guillaume,https://www.procyclingstats.com/rider/guillaume-martin,1993-06-09,1993,France,1.73,55.0,18.38,Paris,109,finished,45,4651,186,Climber,33,FR,Groupama - FDJ United,,,",,",2171,16459
10,RR,14 July 2026,Aurillac,Le Lioran,165.6,3791,261,41.72,14.8 km solo,van der Poel Mathieu,https://www.procyclingstats.com/rider/mathieu-van-der-poel,1995-01-19,1995,Netherlands,1.84,75.0,22.15,Kapellen,110,finished,66,6367,101,Classic,31,NL,Alpecin - Premier Tech,,,",,",2171,16459
10,RR,14 July 2026,Aurillac,Le Lioran,165.6,3791,261,41.72,14.8 km solo,Pedersen Mads,https://www.procyclingstats.com/rider/mads-pedersen,1995-12-18,1995,Denmark,1.8,76.0,23.46,Tølløse,111,finished,70,6682,33,Classic,30,DK,Lidl - Trek,,,",,",2171,16459
10,RR,14 July 2026,Aurillac,Le Lioran,165.6,3791,261,41.72,14.8 km solo,Vacek Mathias,https://www.procyclingstats.com/rider/mathias-vacek,2002-06-12,2002,Czech Republic,1.88,75.0,21.22,Beroun,112,finished,32,3199,37,TT,24,CZ,Lidl - Trek,,,",,",2171,16459
10,RR,14 July 2026,Aurillac,Le Lioran,165.6,3791,261,41.72,14.8 km solo,Hagenes Per Strand,https://www.procyclingstats.com/rider/per-strand-hagenes,2003-07-10,2003,Norway,1.86,78.0,22.55,Sandnes,113,finished,122,8782,15,Classic,23,NO,Team Visma | Lease a Bike,,,",,",2171,16459
10,RR,14 July 2026,Aurillac,Le Lioran,165.6,3791,261,41.72,14.8 km solo,Vermeersch Florian,https://www.procyclingstats.com/rider/florian-vermeersch,1999-03-12,1999,Belgium,1.93,85.0,22.82,Ghent,114,finished,127,8918,6,Classic,27,BE,UAE Team Emirates - XRG,,,",,",2171,16459
10,RR,14 July 2026,Aurillac,Le Lioran,165.6,3791,261,41.72,14.8 km solo,van Dijke Tim,https://www.procyclingstats.com/rider/tim-van-dijke,2000-03-15,2000,Netherlands,1.89,74.0,20.72,Goes,115,finished,147,9676,27,Classic,26,NL,Red Bull - BORA - hansgrohe,,,",,",2171,16459
10,RR,14 July 2026,Aurillac,Le Lioran,165.6,3791,261,41.72,14.8 km solo,Verstrynge Emiel,https://www.procyclingstats.com/rider/emiel-verstrynge,2002-02-04,2002,Belgium,1.89,69.0,19.32,Eeklo,116,finished,117,8597,108,Climber,24,BE,Alpecin - Premier Tech,,,",,",2171,16459
10,RR,14 July 2026,Aurillac,Le Lioran,165.6,3791,261,41.72,14.8 km solo,Denz Nico,https://www.procyclingstats.com/rider/nico-denz,1994-02-15,1994,Germany,1.83,71.0,21.2,Waldshut-Tiengen,117,finished,97,7702,23,Hills,32,DE,Red Bull - BORA - hansgrohe,,,",,",2171,16459
10,RR,14 July 2026,Aurillac,Le Lioran,165.6,3791,261,41.72,14.8 km solo,Durbridge Luke,https://www.procyclingstats.com/rider/luke-durbridge,1991-04-09,1991,Australia,1.87,78.0,22.31,Greenmount,118,finished,115,8561,113,TT,35,AU,Team Jayco AlUla,,,",,",2171,16459
10,RR,14 July 2026,Aurillac,Le Lioran,165.6,3791,261,41.72,14.8 km solo,Ganna Filippo,https://www.procyclingstats.com/rider/filippo-ganna,1996-07-25,1996,Italy,1.93,83.0,22.28,Verbania,119,finished,121,8759,84,TT,29,IT,Netcompany INEOS,,,36:29,2189,16477
10,RR,14 July 2026,Aurillac,Le Lioran,165.6,3791,261,41.72,14.8 km solo,Affini Edoardo,https://www.procyclingstats.com/rider/edoardo-affini,1996-06-24,1996,Italy,1.9,85.0,23.55,Mantua,120,finished,150,9866,12,TT,30,IT,Team Visma | Lease a Bike,,,",,",2189,16477
10,RR,14 July 2026,Aurillac,Le Lioran,165.6,3791,261,41.72,14.8 km solo,Velasco Simone,https://www.procyclingstats.com/rider/simone-velasco,1995-12-02,1995,Italy,1.7,59.0,20.42,Bologna,121,finished,129,8942,67,Classic,30,IT,XDS Astana Team,,,",,",2189,16477
10,RR,14 July 2026,Aurillac,Le Lioran,165.6,3791,261,41.72,14.8 km solo,Delettre Alexandre,https://www.procyclingstats.com/rider/alexandre-delettre,1997-10-25,1997,France,1.7,62.0,21.45,Gonesse,122,finished,68,6518,204,Classic,28,FR,TotalEnergies,,,",,",2189,16477
10,RR,14 July 2026,Aurillac,Le Lioran,165.6,3791,261,41.72,14.8 km solo,Haller Marco,https://www.procyclingstats.com/rider/marco-haller,1991-04-01,1991,Austria,1.78,72.0,22.72,Sankt Veit an der Glan,123,finished,165,10530,193,Classic,35,AT,Tudor Pro Cycling Team,,,",,",2189,16477
10,RR,14 July 2026,Aurillac,Le Lioran,165.6,3791,261,41.72,14.8 km solo,Nicolau Joel,https://www.procyclingstats.com/rider/joel-nicolau,1997-12-23,1997,Spain,1.76,66.0,21.31,Llofriu,124,finished,125,8879,225,Hills,28,ES,Caja Rural - Seguros RGA,,,",,",2189,16477
10,RR,14 July 2026,Aurillac,Le Lioran,165.6,3791,261,41.72,14.8 km solo,Otruba Jakub,https://www.procyclingstats.com/rider/jakub-otruba,1998-01-30,1998,Czech Republic,1.9,75.0,20.78,Olomouc,125,finished,126,8887,227,GC,28,CZ,Caja Rural - Seguros RGA,,,",,",2189,16477
10,RR,14 July 2026,Aurillac,Le Lioran,165.6,3791,261,41.72,14.8 km solo,Cort Magnus,https://www.procyclingstats.com/rider/magnus-cort-nielsen,1993-01-16,1993,Denmark,1.84,68.0,20.09,Rønne,126,finished,111,8499,124,Hills,33,DK,Uno-X Mobility,,,",,",2189,16477
10,RR,14 July 2026,Aurillac,Le Lioran,165.6,3791,261,41.72,14.8 km solo,van den Broek Frank,https://www.procyclingstats.com/rider/frank-van-den-broek,2000-12-28,2000,Netherlands,1.78,70.0,22.09,Warmond,127,finished,85,7295,218,GC,25,NL,Team Picnic PostNL,,,",,",2189,16477
10,RR,14 July 2026,Aurillac,Le Lioran,165.6,3791,261,41.72,14.8 km solo,Stannard Robert,https://www.procyclingstats.com/rider/robert-stannard,1998-09-16,1998,Australia,1.79,74.0,23.1,Sydney Previous nationalities New Zealand until 2016,128,finished,105,8129,76,Hills,27,AU,Bahrain - Victorious,,,",,",2189,16477
10,RR,14 July 2026,Aurillac,Le Lioran,165.6,3791,261,41.72,14.8 km solo,Thomas Benjamin,https://www.procyclingstats.com/rider/benjamin-thomas-2,1995-09-12,1995,France,1.79,68.0,21.22,Lavaur,129,finished,120,8709,168,TT,30,FR,Cofidis,,,36:39,2199,16487
10,RR,14 July 2026,Aurillac,Le Lioran,165.6,3791,261,41.72,14.8 km solo,Bennett George,https://www.procyclingstats.com/rider/george-bennett,1990-04-07,1990,New Zealand,1.81,58.0,17.7,Nelson,130,finished,73,6716,133,GC,36,NZ,NSN Cycling Team,,,36:50,2210,16498
10,RR,14 July 2026,Aurillac,Le Lioran,165.6,3791,261,41.72,14.8 km solo,Mohorič Matej,https://www.procyclingstats.com/rider/matej-mohoric,1994-10-19,1994,Slovenia,1.86,71.0,20.52,Kranj,131,finished,109,8316,75,Classic,31,SI,Bahrain - Victorious,,,",,",2210,16498
10,RR,14 July 2026,Aurillac,Le Lioran,165.6,3791,261,41.72,14.8 km solo,Kwiatkowski Michał,https://www.procyclingstats.com/rider/michal-kwiatkowski,1990-06-02,1990,Poland,1.76,68.0,21.95,Chełmża,132,finished,128,8925,86,Classic,36,PL,Netcompany INEOS,,,37:29,2249,16537
10,RR,14 July 2026,Aurillac,Le Lioran,165.6,3791,261,41.72,14.8 km solo,Tarling Joshua,https://www.procyclingstats.com/rider/joshua-tarling,2004-02-15,2004,Great Britain,1.94,78.0,20.72,Aberaeron,133,finished,155,10001,87,TT,22,GB,Netcompany INEOS,,,",,",2249,16537
10,RR,14 July 2026,Aurillac,Le Lioran,165.6,3791,261,41.72,14.8 km solo,Alaphilippe Julian,https://www.procyclingstats.com/rider/julian-alaphilippe,1992-06-11,1992,France,1.73,62.0,20.72,Saint-Amand-Montrond,134,finished,130,8946,191,Classic,34,FR,Tudor Pro Cycling Team,,,38:04,2284,16572
10,RR,14 July 2026,Aurillac,Le Lioran,165.6,3791,261,41.72,14.8 km solo,Oliveira Nelson,https://www.procyclingstats.com/rider/nelson-oliveira,1989-03-06,1989,Portugal,1.8,67.0,20.68,Anadia,135,finished,86,7321,146,TT,37,PT,Movistar Team,,,",,",2284,16572
10,RR,14 July 2026,Aurillac,Le Lioran,165.6,3791,261,41.72,14.8 km solo,Campenaerts Victor,https://www.procyclingstats.com/rider/victor-campenaerts,1991-10-28,1991,Belgium,1.73,68.0,22.72,Hoboken,136,finished,90,7472,14,TT,34,BE,Team Visma | Lease a Bike,,,38:10,2290,16578
10,RR,14 July 2026,Aurillac,Le Lioran,165.6,3791,261,41.72,14.8 km solo,Berckmoes Jenno,https://www.procyclingstats.com/rider/jenno-berckmoes,2001-02-04,2001,Belgium,1.77,61.0,19.47,Ghent,137,finished,104,8111,153,Classic,25,BE,Lotto Intermarché,,,",,",2290,16578
10,RR,14 July 2026,Aurillac,Le Lioran,165.6,3791,261,41.72,14.8 km solo,Storer Michael,https://www.procyclingstats.com/rider/michael-storer,1997-02-28,1997,Australia,1.77,63.0,20.11,Perth,138,finished,107,8245,196,Climber,29,AU,Tudor Pro Cycling Team,,,",,",2290,16578
10,RR,14 July 2026,Aurillac,Le Lioran,165.6,3791,261,41.72,14.8 km solo,Rickaert Jonas,https://www.procyclingstats.com/rider/jonas-rickaert,1994-02-07,1994,Belgium,1.9,88.0,24.38,Sint-Eloois-Vijve,139,finished,131,8960,107,Classic,32,BE,Alpecin - Premier Tech,,,38:44,2324,16612
10,RR,14 July 2026,Aurillac,Le Lioran,165.6,3791,261,41.72,14.8 km solo,Artz Huub,https://www.procyclingstats.com/rider/huub-artz,2002-05-14,2002,Netherlands,1.86,71.0,20.52,Wintelre,140,finished,142,9370,152,Hills,24,NL,Lotto Intermarché,,,38:54,2334,16622
10,RR,14 July 2026,Aurillac,Le Lioran,165.6,3791,261,41.72,14.8 km solo,Bittner Pavel,https://www.procyclingstats.com/rider/pavel-bittner,2002-10-29,2002,Czech Republic,1.84,73.0,21.56,Olomouc,141,finished,159,10226,213,Sprint,23,CZ,Team Picnic PostNL,,,39:11,2351,16639
10,RR,14 July 2026,Aurillac,Le Lioran,165.6,3791,261,41.72,14.8 km solo,Märkl Niklas,https://www.procyclingstats.com/rider/niklas-markl,1999-03-03,1999,Germany,1.85,70.0,20.45,Queidersbach,142,finished,151,9904,216,Sprint,27,DE,Team Picnic PostNL,,,",,",2351,16639
10,RR,14 July 2026,Aurillac,Le Lioran,165.6,3791,261,41.72,14.8 km solo,Ackermann Pascal,https://www.procyclingstats.com/rider/pascal-ackermann,1994-01-17,1994,Germany,1.8,78.0,24.07,Kandel,143,finished,160,10388,112,Sprint,32,DE,Team Jayco AlUla,,,",,",2351,16639
10,RR,14 July 2026,Aurillac,Le Lioran,165.6,3791,261,41.72,14.8 km solo,Degenkolb John,https://www.procyclingstats.com/rider/john-degenkolb,1989-01-07,1989,Germany,1.8,82.0,25.31,Gera,144,finished,163,10454,214,Classic,37,DE,Team Picnic PostNL,,,",,",2351,16639
10,RR,14 July 2026,Aurillac,Le Lioran,165.6,3791,261,41.72,14.8 km solo,Biesterbos Frits,https://www.procyclingstats.com/rider/frits-biesterbos,2002-02-14,2002,Netherlands,,,,Apeldoorn,145,finished,138,9201,212,Classic,24,NL,Team Picnic PostNL,,,",,",2351,16639
10,RR,14 July 2026,Aurillac,Le Lioran,165.6,3791,261,41.72,14.8 km solo,Neilands Krists,https://www.procyclingstats.com/rider/krists-neilands,1994-08-18,1994,Latvia,1.89,69.0,19.32,Kuldīga,146,finished,136,9134,136,Classic,31,LV,NSN Cycling Team,,,",,",2351,16639
10,RR,14 July 2026,Aurillac,Le Lioran,165.6,3791,261,41.72,14.8 km solo,Steinhauser Georg,https://www.procyclingstats.com/rider/georg-steinhauser,2001-10-21,2001,Germany,1.89,70.0,19.6,Lindenberg im Allgäu,147,finished,133,9068,46,Climber,24,DE,EF Education - EasyPost,,,",,",2351,16639
10,RR,14 July 2026,Aurillac,Le Lioran,165.6,3791,261,41.72,14.8 km solo,Louvel Matis,https://www.procyclingstats.com/rider/matis-louvel,1999-07-19,1999,France,1.87,77.0,22.02,Mont Saint Aignan,148,finished,175,11147,135,Classic,26,FR,NSN Cycling Team,,,39:32,2372,16660
10,RR,14 July 2026,Aurillac,Le Lioran,165.6,3791,261,41.72,14.8 km solo,Van Asbroeck Tom,https://www.procyclingstats.com/rider/tom-van-asbroeck,1990-04-19,1990,Belgium,1.82,72.0,21.74,Aalst,149,finished,148,9727,138,Sprint,36,BE,NSN Cycling Team,,,",,",2372,16660
10,RR,14 July 2026,Aurillac,Le Lioran,165.6,3791,261,41.72,14.8 km solo,Gradek Kamil,https://www.procyclingstats.com/rider/kamil-gradek,1990-09-17,1990,Poland,1.94,83.0,22.05,Koziegłowy,150,finished,174,10872,74,TT,35,PL,Bahrain - Victorious,,,39:52,2392,16680
10,RR,14 July 2026,Aurillac,Le Lioran,165.6,3791,261,41.72,14.8 km solo,Kanter Max,https://www.procyclingstats.com/rider/max-kanter,1997-10-22,1997,Germany,1.76,68.0,21.95,Cottbus,151,finished,145,9582,64,Sprint,28,DE,XDS Astana Team,,,40:09,2409,16697
10,RR,14 July 2026,Aurillac,Le Lioran,165.6,3791,261,41.72,14.8 km solo,Dillier Silvan,https://www.procyclingstats.com/rider/silvan-dillier,1990-08-03,1990,Switzerland,1.83,75.0,22.4,Aarau,152,finished,149,9841,103,Classic,35,CH,Alpecin - Premier Tech,,,",,",2409,16697
10,RR,14 July 2026,Aurillac,Le Lioran,165.6,3791,261,41.72,14.8 km solo,Allegaert Piet,https://www.procyclingstats.com/rider/piet-allegaert,1995-01-20,1995,Belgium,1.81,70.0,21.37,Moorslede,153,finished,173,10786,162,Classic,31,BE,Cofidis,,,",,",2409,16697
10,RR,14 July 2026,Aurillac,Le Lioran,165.6,3791,261,41.72,14.8 km solo,Planckaert Edward,https://www.procyclingstats.com/rider/edward-planckaert,1995-02-01,1995,Belgium,1.78,71.0,22.41,Kortrijk,154,finished,123,8783,106,Classic,31,BE,Alpecin - Premier Tech,,,",,",2409,16697
10,RR,14 July 2026,Aurillac,Le Lioran,165.6,3791,261,41.72,14.8 km solo,van den Berg Julius,https://www.procyclingstats.com/rider/julius-van-den-berg,1996-10-23,1996,Netherlands,1.9,78.0,21.61,Purmerend,155,finished,162,10439,217,Sprint,29,NL,Team Picnic PostNL,,,",,",2409,16697
10,RR,14 July 2026,Aurillac,Le Lioran,165.6,3791,261,41.72,14.8 km solo,Kooij Olav,https://www.procyclingstats.com/rider/olav-kooij,2001-10-17,2001,Netherlands,1.84,72.0,21.27,Numansdorp,156,finished,170,10713,55,Sprint,24,NL,Decathlon CMA CGM Team,,,40:21,2421,16709
10,RR,14 July 2026,Aurillac,Le Lioran,165.6,3791,261,41.72,14.8 km solo,Hoole Daan,https://www.procyclingstats.com/rider/daan-hoole,1999-02-22,1999,Netherlands,1.98,84.0,21.43,Zuidland,157,finished,143,9420,54,TT,27,NL,Decathlon CMA CGM Team,,,",,",2421,16709
10,RR,14 July 2026,Aurillac,Le Lioran,165.6,3791,261,41.72,14.8 km solo,Stewart Jake,https://www.procyclingstats.com/rider/jake-stewart,1999-10-02,1999,Great Britain,1.79,66.0,20.6,Coventry,158,finished,164,10471,137,Hills,26,GB,NSN Cycling Team,,,40:23,2423,16711
10,RR,14 July 2026,Aurillac,Le Lioran,165.6,3791,261,41.72,14.8 km solo,Marsman Tim,https://www.procyclingstats.com/rider/tim-marsman,2000-10-04,2000,Netherlands,1.91,75.0,20.56,Hattem,159,finished,158,10149,104,Sprint,25,NL,Alpecin - Premier Tech,,,40:26,2426,16714
10,RR,14 July 2026,Aurillac,Le Lioran,165.6,3791,261,41.72,14.8 km solo,Philipsen Jasper,https://www.procyclingstats.com/rider/jasper-philipsen,1998-03-02,1998,Belgium,1.76,75.0,24.21,Mol,160,finished,152,9928,105,Sprint,28,BE,Alpecin - Premier Tech,,,",,",2426,16714
10,RR,14 July 2026,Aurillac,Le Lioran,165.6,3791,261,41.72,14.8 km solo,Fretin Milan,https://www.procyclingstats.com/rider/milan-fretin,2001-03-19,2001,Belgium,1.82,70.0,21.13,Genk,161,finished,161,10401,165,Classic,25,BE,Cofidis,,,",,",2426,16714
10,RR,14 July 2026,Aurillac,Le Lioran,165.6,3791,261,41.72,14.8 km solo,Biermans Jenthe,https://www.procyclingstats.com/rider/jenthe-biermans,1995-10-30,1995,Belgium,1.84,78.0,23.04,Geel,162,finished,156,10052,164,Classic,30,BE,Cofidis,,,",,",2426,16714
10,RR,14 July 2026,Aurillac,Le Lioran,165.6,3791,261,41.72,14.8 km solo,Bol Cees,https://www.procyclingstats.com/rider/cees-bol,1995-07-27,1995,Netherlands,1.94,83.0,22.05,Zaandam,163,finished,172,10756,53,Sprint,30,NL,Decathlon CMA CGM Team,,,",,",2426,16714
10,RR,14 July 2026,Aurillac,Le Lioran,165.6,3791,261,41.72,14.8 km solo,Ballerini Davide,https://www.procyclingstats.com/rider/davide-ballerini,1994-09-21,1994,Italy,1.83,71.0,21.2,Cantù,164,finished,171,10715,62,Classic,31,IT,XDS Astana Team,,,",,",2426,16714
10,RR,14 July 2026,Aurillac,Le Lioran,165.6,3791,261,41.72,14.8 km solo,Girmay Biniam,https://www.procyclingstats.com/rider/biniam-girmay,2000-04-02,2000,Eritrea,1.84,70.0,20.68,Asmara,165,finished,146,9608,131,Classic,26,ER,NSN Cycling Team,,,",,",2426,16714
10,RR,14 July 2026,Aurillac,Le Lioran,165.6,3791,261,41.72,14.8 km solo,Askey Lewis,https://www.procyclingstats.com/rider/lewis-askey,2001-05-04,2001,Great Britain,1.87,75.0,21.45,Cannock,166,finished,168,10676,132,Classic,25,GB,NSN Cycling Team,,,",,",2426,16714
10,RR,14 July 2026,Aurillac,Le Lioran,165.6,3791,261,41.72,14.8 km solo,Dhondt Robbe,https://www.procyclingstats.com/rider/robbe-dhondt,2004-06-25,2004,Belgium,1.76,,,Zottegem,167,finished,154,9952,215,GC,22,BE,Team Picnic PostNL,,,",,",2426,16714
10,RR,14 July 2026,Aurillac,Le Lioran,165.6,3791,261,41.72,14.8 km solo,van Baarle Dylan,https://www.procyclingstats.com/rider/dylan-van-baarle,1992-05-21,1992,Netherlands,1.89,74.0,20.72,Voorburg,168,finished,135,9123,95,Classic,34,NL,Soudal Quick-Step,,,41:41,2501,16789
10,RR,14 July 2026,Aurillac,Le Lioran,165.6,3791,261,41.72,14.8 km solo,Eenkhoorn Pascal,https://www.procyclingstats.com/rider/pascal-eenkhoorn,1997-02-08,1997,Netherlands,1.85,72.0,21.04,Zwolle,169,finished,140,9289,92,Classic,29,NL,Soudal Quick-Step,,,",,",2501,16789
10,RR,14 July 2026,Aurillac,Le Lioran,165.6,3791,261,41.72,14.8 km solo,Merlier Tim,https://www.procyclingstats.com/rider/tim-merlier,1992-10-30,1992,Belgium,1.88,76.0,21.5,Wortegem-Petegem,170,finished,167,10661,91,Sprint,33,BE,Soudal Quick-Step,,,",,",2501,16789
10,RR,14 July 2026,Aurillac,Le Lioran,165.6,3791,261,41.72,14.8 km solo,Gaviria Fernando,https://www.procyclingstats.com/rider/fernando-gaviria,1994-08-19,1994,Colombia,1.81,71.0,21.67,La Ceja,171,finished,166,10641,221,Sprint,31,CO,Caja Rural - Seguros RGA,,,",,",2501,16789
10,RR,14 July 2026,Aurillac,Le Lioran,165.6,3791,261,41.72,14.8 km solo,Berwick Sebastian,https://www.procyclingstats.com/rider/sebastian-berwick,1999-12-15,1999,Australia,1.75,59.0,19.27,Brisbane,172,finished,102,8010,223,GC,26,AU,Caja Rural - Seguros RGA,,,",,",2501,16789
10,RR,14 July 2026,Aurillac,Le Lioran,165.6,3791,261,41.72,14.8 km solo,Veistroffer Baptiste,https://www.procyclingstats.com/rider/baptiste-veistroffer,2000-05-29,2000,France,1.82,73.0,22.04,Fouesnant,173,finished,153,9930,157,Hills,26,FR,Lotto Intermarché,,,",,",2501,16789
10,RR,14 July 2026,Aurillac,Le Lioran,165.6,3791,261,41.72,14.8 km solo,Bauhaus Phil,https://www.procyclingstats.com/rider/phil-bauhaus,1994-07-08,1994,Germany,1.84,75.0,22.15,Bocholt,174,finished,169,10696,72,Sprint,32,DE,Bahrain - Victorious,,,",,",2501,16789
10,RR,14 July 2026,Aurillac,Le Lioran,165.6,3791,261,41.72,14.8 km solo,Wærenskjold Søren,https://www.procyclingstats.com/rider/soren-waerenskjold,2000-03-12,2000,Norway,1.95,92.0,24.19,Mandal,175,finished,141,9356,128,Classic,26,NO,Uno-X Mobility,,,41:45,2505,16793
10,RR,14 July 2026,Aurillac,Le Lioran,165.6,3791,261,41.72,14.8 km solo,Trentin Matteo,https://www.procyclingstats.com/rider/matteo-trentin,1989-08-02,1989,Italy,1.79,74.0,23.1,Borgo Valsugana,,DNS,,,197,Classic,36,IT,Tudor Pro Cycling Team,,,,,
11,RR,15 July 2026,Vichy,Nevers,161.3,1107,32,50.91,Sprint of large group,Wærenskjold Søren,https://www.procyclingstats.com/rider/soren-waerenskjold,2000-03-12,2000,Norway,1.95,92.0,24.19,Mandal,1,finished,137,9346,128,Classic,26,NO,Uno-X Mobility,210.0,100.0,3:10:06,0,11406
11,RR,15 July 2026,Vichy,Nevers,161.3,1107,32,50.91,Sprint of large group,Kooij Olav,https://www.procyclingstats.com/rider/olav-kooij,2001-10-17,2001,Netherlands,1.84,72.0,21.27,Numansdorp,2,finished,168,10707,55,Sprint,24,NL,Decathlon CMA CGM Team,150.0,70.0,",,",0,11406
11,RR,15 July 2026,Vichy,Nevers,161.3,1107,32,50.91,Sprint of large group,Philipsen Jasper,https://www.procyclingstats.com/rider/jasper-philipsen,1998-03-02,1998,Belgium,1.76,75.0,24.21,Mol,3,finished,151,9924,105,Sprint,28,BE,Alpecin - Premier Tech,110.0,50.0,",,",0,11406
11,RR,15 July 2026,Vichy,Nevers,161.3,1107,32,50.91,Sprint of large group,Fretin Milan,https://www.procyclingstats.com/rider/milan-fretin,2001-03-19,2001,Belgium,1.82,70.0,21.13,Genk,4,finished,160,10401,165,Classic,25,BE,Cofidis,90.0,40.0,",,",0,11406
11,RR,15 July 2026,Vichy,Nevers,161.3,1107,32,50.91,Sprint of large group,Artz Huub,https://www.procyclingstats.com/rider/huub-artz,2002-05-14,2002,Netherlands,1.86,71.0,20.52,Wintelre,5,finished,139,9370,152,Hills,24,NL,Lotto Intermarché,70.0,32.0,",,",0,11406
11,RR,15 July 2026,Vichy,Nevers,161.3,1107,32,50.91,Sprint of large group,Girmay Biniam,https://www.procyclingstats.com/rider/biniam-girmay,2000-04-02,2000,Eritrea,1.84,70.0,20.68,Asmara,6,finished,144,9608,131,Classic,26,ER,NSN Cycling Team,55.0,26.0,",,",0,11406
11,RR,15 July 2026,Vichy,Nevers,161.3,1107,32,50.91,Sprint of large group,Turgis Anthony,https://www.procyclingstats.com/rider/anthony-turgis,1994-05-16,1994,France,1.78,70.0,22.09,Bourg-la-Reine,7,finished,118,8709,207,Classic,32,FR,TotalEnergies,45.0,22.0,",,",0,11406
11,RR,15 July 2026,Vichy,Nevers,161.3,1107,32,50.91,Sprint of large group,Russo Clément,https://www.procyclingstats.com/rider/clement-russo,1995-01-20,1995,France,1.87,74.0,21.16,Lyon,8,finished,90,7514,188,Classic,31,FR,Groupama - FDJ United,40.0,18.0,",,",0,11406
11,RR,15 July 2026,Vichy,Nevers,161.3,1107,32,50.91,Sprint of large group,Gaviria Fernando,https://www.procyclingstats.com/rider/fernando-gaviria,1994-08-19,1994,Colombia,1.81,71.0,21.67,La Ceja,9,finished,165,10641,221,Sprint,31,CO,Caja Rural - Seguros RGA,35.0,14.0,",,",0,11406
11,RR,15 July 2026,Vichy,Nevers,161.3,1107,32,50.91,Sprint of large group,Ackermann Pascal,https://www.procyclingstats.com/rider/pascal-ackermann,1994-01-17,1994,Germany,1.8,78.0,24.07,Kandel,10,finished,159,10388,112,Sprint,32,DE,Team Jayco AlUla,30.0,10.0,",,",0,11406
11,RR,15 July 2026,Vichy,Nevers,161.3,1107,32,50.91,Sprint of large group,Pedersen Mads,https://www.procyclingstats.com/rider/mads-pedersen,1995-12-18,1995,Denmark,1.8,76.0,23.46,Tølløse,11,finished,68,6682,33,Classic,30,DK,Lidl - Trek,25.0,8.0,",,",0,11406
11,RR,15 July 2026,Vichy,Nevers,161.3,1107,32,50.91,Sprint of large group,Pluimers Rick,https://www.procyclingstats.com/rider/rick-pluimers,2000-12-07,2000,Netherlands,1.8,67.0,20.68,Enter,12,finished,86,7413,195,Hills,25,NL,Tudor Pro Cycling Team,20.0,6.0,",,",0,11406
11,RR,15 July 2026,Vichy,Nevers,161.3,1107,32,50.91,Sprint of large group,Berckmoes Jenno,https://www.procyclingstats.com/rider/jenno-berckmoes,2001-02-04,2001,Belgium,1.77,61.0,19.47,Ghent,13,finished,101,8111,153,Classic,25,BE,Lotto Intermarché,15.0,4.0,",,",0,11406
11,RR,15 July 2026,Vichy,Nevers,161.3,1107,32,50.91,Sprint of large group,Oldani Stefano,https://www.procyclingstats.com/rider/stefano-oldani,1998-01-10,1998,Italy,1.78,65.0,20.52,Milan,14,finished,141,9447,226,Hills,28,IT,Caja Rural - Seguros RGA,10.0,2.0,",,",0,11406
11,RR,15 July 2026,Vichy,Nevers,161.3,1107,32,50.91,Sprint of large group,Merlier Tim,https://www.procyclingstats.com/rider/tim-merlier,1992-10-30,1992,Belgium,1.88,76.0,21.5,Wortegem-Petegem,15,finished,166,10661,91,Sprint,33,BE,Soudal Quick-Step,5.0,1.0,",,",0,11406
11,RR,15 July 2026,Vichy,Nevers,161.3,1107,32,50.91,Sprint of large group,Biermans Jenthe,https://www.procyclingstats.com/rider/jenthe-biermans,1995-10-30,1995,Belgium,1.84,78.0,23.04,Geel,16,finished,155,10052,164,Classic,30,BE,Cofidis,,,",,",0,11406
11,RR,15 July 2026,Vichy,Nevers,161.3,1107,32,50.91,Sprint of large group,Wright Fred,https://www.procyclingstats.com/rider/alfred-wright,1999-06-13,1999,Great Britain,1.84,75.0,22.15,London,17,finished,135,9270,178,Hills,27,GB,Pinarello Q36.5 Pro Cycling Team,,,",,",0,11406
11,RR,15 July 2026,Vichy,Nevers,161.3,1107,32,50.91,Sprint of large group,Kanter Max,https://www.procyclingstats.com/rider/max-kanter,1997-10-22,1997,Germany,1.76,68.0,21.95,Cottbus,18,finished,143,9582,64,Sprint,28,DE,XDS Astana Team,,,",,",0,11406
11,RR,15 July 2026,Vichy,Nevers,161.3,1107,32,50.91,Sprint of large group,Cort Magnus,https://www.procyclingstats.com/rider/magnus-cort-nielsen,1993-01-16,1993,Denmark,1.84,68.0,20.09,Rønne,19,finished,110,8499,124,Hills,33,DK,Uno-X Mobility,,,",,",0,11406
11,RR,15 July 2026,Vichy,Nevers,161.3,1107,32,50.91,Sprint of large group,Asgreen Kasper,https://www.procyclingstats.com/rider/kasper-asgreen,1995-02-08,1995,Denmark,1.93,75.0,20.13,Kolding,20,finished,88,7452,42,TT,31,DK,EF Education - EasyPost,,,",,",0,11406
11,RR,15 July 2026,Vichy,Nevers,161.3,1107,32,50.91,Sprint of large group,Godon Dorian,https://www.procyclingstats.com/rider/dorian-godon,1996-05-25,1996,France,1.89,74.0,20.72,Vitry-sur-Seine,21,finished,130,8979,85,Hills,30,FR,Netcompany INEOS,,,",,",0,11406
11,RR,15 July 2026,Vichy,Nevers,161.3,1107,32,50.91,Sprint of large group,Slock Liam,https://www.procyclingstats.com/rider/liam-slock,2000-09-18,2000,Belgium,1.88,74.0,20.94,Ghent,22,finished,156,10066,155,GC,25,BE,Lotto Intermarché,,,",,",0,11406
11,RR,15 July 2026,Vichy,Nevers,161.3,1107,32,50.91,Sprint of large group,Bittner Pavel,https://www.procyclingstats.com/rider/pavel-bittner,2002-10-29,2002,Czech Republic,1.84,73.0,21.56,Olomouc,23,finished,158,10226,213,Sprint,23,CZ,Team Picnic PostNL,,,",,",0,11406
11,RR,15 July 2026,Vichy,Nevers,161.3,1107,32,50.91,Sprint of large group,Bauhaus Phil,https://www.procyclingstats.com/rider/phil-bauhaus,1994-07-08,1994,Germany,1.84,75.0,22.15,Bocholt,24,finished,167,10696,72,Sprint,32,DE,Bahrain - Victorious,,,",,",0,11406
11,RR,15 July 2026,Vichy,Nevers,161.3,1107,32,50.91,Sprint of large group,Gate Aaron,https://www.procyclingstats.com/rider/aaron-gate,1990-11-26,1990,New Zealand,1.81,71.0,21.67,Auckland,25,finished,123,8809,63,GC,35,NZ,XDS Astana Team,,,",,",0,11406
11,RR,15 July 2026,Vichy,Nevers,161.3,1107,32,50.91,Sprint of large group,Ballerini Davide,https://www.procyclingstats.com/rider/davide-ballerini,1994-09-21,1994,Italy,1.83,71.0,21.2,Cantù,26,finished,170,10715,62,Classic,31,IT,XDS Astana Team,,,",,",0,11406
11,RR,15 July 2026,Vichy,Nevers,161.3,1107,32,50.91,Sprint of large group,Stewart Jake,https://www.procyclingstats.com/rider/jake-stewart,1999-10-02,1999,Great Britain,1.79,66.0,20.6,Coventry,27,finished,162,10471,137,Hills,26,GB,NSN Cycling Team,,,",,",0,11406
11,RR,15 July 2026,Vichy,Nevers,161.3,1107,32,50.91,Sprint of large group,Allegaert Piet,https://www.procyclingstats.com/rider/piet-allegaert,1995-01-20,1995,Belgium,1.81,70.0,21.37,Moorslede,28,finished,172,10786,162,Classic,31,BE,Cofidis,,,",,",0,11406
11,RR,15 July 2026,Vichy,Nevers,161.3,1107,32,50.91,Sprint of large group,Bol Cees,https://www.procyclingstats.com/rider/cees-bol,1995-07-27,1995,Netherlands,1.94,83.0,22.05,Zaandam,29,finished,171,10756,53,Sprint,30,NL,Decathlon CMA CGM Team,,,",,",0,11406
11,RR,15 July 2026,Vichy,Nevers,161.3,1107,32,50.91,Sprint of large group,Kwiatkowski Michał,https://www.procyclingstats.com/rider/michal-kwiatkowski,1990-06-02,1990,Poland,1.76,68.0,21.95,Chełmża,30,finished,127,8925,86,Classic,36,PL,Netcompany INEOS,,,",,",0,11406
11,RR,15 July 2026,Vichy,Nevers,161.3,1107,32,50.91,Sprint of large group,Gradek Kamil,https://www.procyclingstats.com/rider/kamil-gradek,1990-09-17,1990,Poland,1.94,83.0,22.05,Koziegłowy,31,finished,173,10872,74,TT,35,PL,Bahrain - Victorious,,,",,",0,11406
11,RR,15 July 2026,Vichy,Nevers,161.3,1107,32,50.91,Sprint of large group,Teunissen Mike,https://www.procyclingstats.com/rider/mike-teunissen,1992-08-25,1992,Netherlands,1.84,73.0,21.56,Ysselsteyn,32,finished,115,8627,66,Classic,33,NL,XDS Astana Team,,,",,",0,11406
11,RR,15 July 2026,Vichy,Nevers,161.3,1107,32,50.91,Sprint of large group,Meurisse Xandro,https://www.procyclingstats.com/rider/xandro-meurisse,1992-01-31,1992,Belgium,1.81,68.0,20.76,Kortrijk,33,finished,64,6348,176,GC,34,BE,Pinarello Q36.5 Pro Cycling Team,,,",,",0,11406
11,RR,15 July 2026,Vichy,Nevers,161.3,1107,32,50.91,Sprint of large group,Delettre Alexandre,https://www.procyclingstats.com/rider/alexandre-delettre,1997-10-25,1997,France,1.7,62.0,21.45,Gonesse,34,finished,67,6518,204,Classic,28,FR,TotalEnergies,,,",,",0,11406
11,RR,15 July 2026,Vichy,Nevers,161.3,1107,32,50.91,Sprint of large group,Pidcock Tom,https://www.procyclingstats.com/rider/tom-pidcock,1999-07-30,1999,Great Britain,1.7,58.0,20.07,Leeds,35,finished,10,709,171,Classic,26,GB,Pinarello Q36.5 Pro Cycling Team,,,",,",0,11406
11,RR,15 July 2026,Vichy,Nevers,161.3,1107,32,50.91,Sprint of large group,Debruyne Ramses,https://www.procyclingstats.com/rider/ramses-debruyne,2002-08-31,2002,Belgium,1.79,66.0,20.6,Rollegem,36,finished,17,973,102,Climber,23,BE,Alpecin - Premier Tech,,,",,",0,11406
11,RR,15 July 2026,Vichy,Nevers,161.3,1107,32,50.91,Sprint of large group,Vacek Mathias,https://www.procyclingstats.com/rider/mathias-vacek,2002-06-12,2002,Czech Republic,1.88,75.0,21.22,Beroun,37,finished,32,3199,37,TT,24,CZ,Lidl - Trek,,,",,",0,11406
11,RR,15 July 2026,Vichy,Nevers,161.3,1107,32,50.91,Sprint of large group,Märkl Niklas,https://www.procyclingstats.com/rider/niklas-markl,1999-03-03,1999,Germany,1.85,70.0,20.45,Queidersbach,38,finished,150,9904,216,Sprint,27,DE,Team Picnic PostNL,,,",,",0,11406
11,RR,15 July 2026,Vichy,Nevers,161.3,1107,32,50.91,Sprint of large group,Tarling Joshua,https://www.procyclingstats.com/rider/joshua-tarling,2004-02-15,2004,Great Britain,1.94,78.0,20.72,Aberaeron,39,finished,153,10001,87,TT,22,GB,Netcompany INEOS,,,",,",0,11406
11,RR,15 July 2026,Vichy,Nevers,161.3,1107,32,50.91,Sprint of large group,Politt Nils,https://www.procyclingstats.com/rider/nils-politt,1994-03-06,1994,Germany,1.92,80.0,21.7,Cologne,40,finished,84,7390,5,Classic,32,DE,UAE Team Emirates - XRG,,,",,",0,11406
11,RR,15 July 2026,Vichy,Nevers,161.3,1107,32,50.91,Sprint of large group,McNulty Brandon,https://www.procyclingstats.com/rider/brandon-mcnulty,1998-04-02,1998,United States,1.83,69.0,20.6,Phoenix,41,finished,23,1561,4,GC,28,US,UAE Team Emirates - XRG,,,",,",0,11406
11,RR,15 July 2026,Vichy,Nevers,161.3,1107,32,50.91,Sprint of large group,Vermeersch Florian,https://www.procyclingstats.com/rider/florian-vermeersch,1999-03-12,1999,Belgium,1.93,85.0,22.82,Ghent,42,finished,125,8918,6,Classic,27,BE,UAE Team Emirates - XRG,,,",,",0,11406
11,RR,15 July 2026,Vichy,Nevers,161.3,1107,32,50.91,Sprint of large group,Johannessen Tobias Halland,https://www.procyclingstats.com/rider/tobias-halland-johannessen,1999-08-23,1999,Norway,1.76,62.0,20.02,Drøbak,43,finished,14,890,121,Climber,26,NO,Uno-X Mobility,,,",,",0,11406
11,RR,15 July 2026,Vichy,Nevers,161.3,1107,32,50.91,Sprint of large group,Vervaeke Louis,https://www.procyclingstats.com/rider/louis-vervaeke,1993-10-06,1993,Belgium,1.81,68.0,20.76,Ronse,44,finished,75,6943,98,GC,32,BE,Soudal Quick-Step,,,",,",0,11406
11,RR,15 July 2026,Vichy,Nevers,161.3,1107,32,50.91,Sprint of large group,Biesterbos Frits,https://www.procyclingstats.com/rider/frits-biesterbos,2002-02-14,2002,Netherlands,,,,Apeldoorn,45,finished,134,9201,212,Classic,24,NL,Team Picnic PostNL,,,",,",0,11406
11,RR,15 July 2026,Vichy,Nevers,161.3,1107,32,50.91,Sprint of large group,Evenepoel Remco,https://www.procyclingstats.com/rider/remco-evenepoel,2000-01-25,2000,Belgium,1.71,63.0,21.55,Aalst,46,finished,3,246,21,Climber,26,BE,Red Bull - BORA - hansgrohe,,,",,",0,11406
11,RR,15 July 2026,Vichy,Nevers,161.3,1107,32,50.91,Sprint of large group,Stuyven Jasper,https://www.procyclingstats.com/rider/jasper-stuyven,1992-04-17,1992,Belgium,1.87,80.0,22.88,Leuven,47,finished,69,6686,94,Classic,34,BE,Soudal Quick-Step,,,",,",0,11406
11,RR,15 July 2026,Vichy,Nevers,161.3,1107,32,50.91,Sprint of large group,Pogačar Tadej,https://www.procyclingstats.com/rider/tadej-pogacar,1998-09-21,1998,Slovenia,1.76,66.0,21.31,Klanec,48,finished,1,0,1,Climber,27,SI,UAE Team Emirates - XRG,,,",,",0,11406
11,RR,15 July 2026,Vichy,Nevers,161.3,1107,32,50.91,Sprint of large group,del Toro Isaac,https://www.procyclingstats.com/rider/isaac-del-toro,2003-11-27,2003,Mexico,1.8,64.0,19.75,Ensenada,49,finished,7,308,2,Climber,22,MX,UAE Team Emirates - XRG,,,",,",0,11406
11,RR,15 July 2026,Vichy,Nevers,161.3,1107,32,50.91,Sprint of large group,Bernal Egan,https://www.procyclingstats.com/rider/egan-bernal,1997-01-13,1997,Colombia,1.75,60.0,19.59,Bogotá,50,finished,11,735,81,GC,29,CO,Netcompany INEOS,,,",,",0,11406
11,RR,15 July 2026,Vichy,Nevers,161.3,1107,32,50.91,Sprint of large group,Schmid Mauro,https://www.procyclingstats.com/rider/mauro-schmid,1999-12-04,1999,Switzerland,1.87,70.0,20.02,Bülach,51,finished,82,7275,118,Hills,26,CH,Team Jayco AlUla,,,",,",0,11406
11,RR,15 July 2026,Vichy,Nevers,161.3,1107,32,50.91,Sprint of large group,Louvel Matis,https://www.procyclingstats.com/rider/matis-louvel,1999-07-19,1999,France,1.87,77.0,22.02,Mont Saint Aignan,52,finished,174,11147,135,Classic,26,FR,NSN Cycling Team,,,",,",0,11406
11,RR,15 July 2026,Vichy,Nevers,161.3,1107,32,50.91,Sprint of large group,Skujiņš Toms,https://www.procyclingstats.com/rider/toms-skujins,1991-06-15,1991,Latvia,1.81,72.0,21.98,Sigulda,53,finished,73,6919,36,Classic,35,LV,Lidl - Trek,,,",,",0,11406
11,RR,15 July 2026,Vichy,Nevers,161.3,1107,32,50.91,Sprint of large group,Voisard Yannis,https://www.procyclingstats.com/rider/yannis-voisard,1998-07-26,1998,Switzerland,,56.0,,Fontenais,54,finished,16,936,198,GC,27,CH,Tudor Pro Cycling Team,,,",,",0,11406
11,RR,15 July 2026,Vichy,Nevers,161.3,1107,32,50.91,Sprint of large group,Stannard Robert,https://www.procyclingstats.com/rider/robert-stannard,1998-09-16,1998,Australia,1.79,74.0,23.1,Sydney Previous nationalities New Zealand until 2016,55,finished,102,8129,76,Hills,27,AU,Bahrain - Victorious,,,",,",0,11406
11,RR,15 July 2026,Vichy,Nevers,161.3,1107,32,50.91,Sprint of large group,Page Hugo,https://www.procyclingstats.com/rider/hugo-page,2001-07-24,2001,France,1.85,71.0,20.75,Chartres,56,finished,133,9166,167,Classic,24,FR,Cofidis,,,",,",0,11406
11,RR,15 July 2026,Vichy,Nevers,161.3,1107,32,50.91,Sprint of large group,Prodhomme Nicolas,https://www.procyclingstats.com/rider/nicolas-prodhomme,1997-02-01,1997,France,1.74,63.0,20.81,L'Aigle,57,finished,26,2548,57,GC,29,FR,Decathlon CMA CGM Team,,,",,",0,11406
11,RR,15 July 2026,Vichy,Nevers,161.3,1107,32,50.91,Sprint of large group,Costiou Ewen,https://www.procyclingstats.com/rider/ewen-costiou,2002-11-10,2002,France,1.76,64.0,20.66,Brest,58,finished,66,6502,184,GC,23,FR,Groupama - FDJ United,,,",,",0,11406
11,RR,15 July 2026,Vichy,Nevers,161.3,1107,32,50.91,Sprint of large group,Ayuso Juan,https://www.procyclingstats.com/rider/juan-ayuso-pesquera,2002-09-16,2002,Spain,1.83,65.0,19.41,Barcelona,59,finished,4,262,31,Climber,23,ES,Lidl - Trek,,,",,",0,11406
11,RR,15 July 2026,Vichy,Nevers,161.3,1107,32,50.91,Sprint of large group,Affini Edoardo,https://www.procyclingstats.com/rider/edoardo-affini,1996-06-24,1996,Italy,1.9,85.0,23.55,Mantua,60,finished,148,9866,12,TT,30,IT,Team Visma | Lease a Bike,,,",,",0,11406
11,RR,15 July 2026,Vichy,Nevers,161.3,1107,32,50.91,Sprint of large group,Skjelmose Mattias,https://www.procyclingstats.com/rider/mattias-skjelmose-jensen,2000-09-26,2000,Denmark,1.8,65.0,20.06,Copenhagen,61,finished,8,345,35,Climber,25,DK,Lidl - Trek,,,",,",0,11406
11,RR,15 July 2026,Vichy,Nevers,161.3,1107,32,50.91,Sprint of large group,van den Berg Julius,https://www.procyclingstats.com/rider/julius-van-den-berg,1996-10-23,1996,Netherlands,1.9,78.0,21.61,Purmerend,62,finished,161,10439,217,Sprint,29,NL,Team Picnic PostNL,,,",,",0,11406
11,RR,15 July 2026,Vichy,Nevers,161.3,1107,32,50.91,Sprint of large group,Seixas Paul,https://www.procyclingstats.com/rider/paul-seixas,2006-09-24,2006,France,1.86,64.0,18.5,Lyon,63,finished,5,275,51,Climber,19,FR,Decathlon CMA CGM Team,,,",,",0,11406
11,RR,15 July 2026,Vichy,Nevers,161.3,1107,32,50.91,Sprint of large group,Van Moer Brent,https://www.procyclingstats.com/rider/brent-van-moer,1998-01-12,1998,Belgium,1.91,79.0,21.66,Beveren,64,finished,100,7979,177,Classic,28,BE,Pinarello Q36.5 Pro Cycling Team,,,",,",0,11406
11,RR,15 July 2026,Vichy,Nevers,161.3,1107,32,50.91,Sprint of large group,Van Wilder Ilan,https://www.procyclingstats.com/rider/ilan-van-wilder,2000-05-14,2000,Belgium,1.71,64.0,21.89,Jette,65,finished,12,763,97,GC,26,BE,Soudal Quick-Step,,,",,",0,11406
11,RR,15 July 2026,Vichy,Nevers,161.3,1107,32,50.91,Sprint of large group,Vingegaard Jonas,https://www.procyclingstats.com/rider/jonas-vingegaard,1996-12-10,1996,Denmark,1.75,58.0,18.94,Hillerslev,66,finished,2,216,11,GC,29,DK,Team Visma | Lease a Bike,,,",,",0,11406
11,RR,15 July 2026,Vichy,Nevers,161.3,1107,32,50.91,Sprint of large group,Carapaz Richard,https://www.procyclingstats.com/rider/richard-carapaz,1993-05-29,1993,Ecuador,1.7,62.0,21.45,El Carmelo,67,finished,18,1063,41,Climber,33,EC,EF Education - EasyPost,,,",,",0,11406
11,RR,15 July 2026,Vichy,Nevers,161.3,1107,32,50.91,Sprint of large group,Armirail Bruno,https://www.procyclingstats.com/rider/bruno-armirail,1994-04-11,1994,France,1.9,72.0,19.94,Bagnères-de-Bigorre,68,finished,97,7913,13,TT,32,FR,Team Visma | Lease a Bike,,,",,",0,11406
11,RR,15 July 2026,Vichy,Nevers,161.3,1107,32,50.91,Sprint of large group,Cattaneo Mattia,https://www.procyclingstats.com/rider/mattia-cattaneo,1990-10-25,1990,Italy,1.84,67.0,19.79,Alzano Lombardo,69,finished,61,6029,22,TT,35,IT,Red Bull - BORA - hansgrohe,,,",,",0,11406
11,RR,15 July 2026,Vichy,Nevers,161.3,1107,32,50.91,Sprint of large group,Marsman Tim,https://www.procyclingstats.com/rider/tim-marsman,2000-10-04,2000,Netherlands,1.91,75.0,20.56,Hattem,70,finished,157,10149,104,Sprint,25,NL,Alpecin - Premier Tech,,,",,",0,11406
11,RR,15 July 2026,Vichy,Nevers,161.3,1107,32,50.91,Sprint of large group,van der Poel Mathieu,https://www.procyclingstats.com/rider/mathieu-van-der-poel,1995-01-19,1995,Netherlands,1.84,75.0,22.15,Kapellen,71,finished,65,6367,101,Classic,31,NL,Alpecin - Premier Tech,,,",,",0,11406
11,RR,15 July 2026,Vichy,Nevers,161.3,1107,32,50.91,Sprint of large group,Arensman Thymen,https://www.procyclingstats.com/rider/thymen-arensman,1999-12-04,1999,Netherlands,1.9,68.0,18.84,Deil,72,finished,29,3008,82,GC,26,NL,Netcompany INEOS,,,",,",0,11406
11,RR,15 July 2026,Vichy,Nevers,161.3,1107,32,50.91,Sprint of large group,Grégoire Romain,https://www.procyclingstats.com/rider/romain-gregoire,2003-01-21,2003,France,1.76,64.0,20.66,Besançon,73,finished,60,5980,181,Classic,23,FR,Groupama - FDJ United,,,",,",0,11406
11,RR,15 July 2026,Vichy,Nevers,161.3,1107,32,50.91,Sprint of large group,Haller Marco,https://www.procyclingstats.com/rider/marco-haller,1991-04-01,1991,Austria,1.78,72.0,22.72,Sankt Veit an der Glan,74,finished,164,10530,193,Classic,35,AT,Tudor Pro Cycling Team,,,",,",0,11406
11,RR,15 July 2026,Vichy,Nevers,161.3,1107,32,50.91,Sprint of large group,Hagenes Per Strand,https://www.procyclingstats.com/rider/per-strand-hagenes,2003-07-10,2003,Norway,1.86,78.0,22.55,Sandnes,75,finished,120,8782,15,Classic,23,NO,Team Visma | Lease a Bike,,,",,",0,11406
11,RR,15 July 2026,Vichy,Nevers,161.3,1107,32,50.91,Sprint of large group,Abrahamsen Jonas,https://www.procyclingstats.com/rider/jonas-abrahamsen,1995-09-20,1995,Norway,1.83,78.0,23.29,Skien,76,finished,99,7972,122,Classic,30,NO,Uno-X Mobility,,,",,",0,11406
11,RR,15 July 2026,Vichy,Nevers,161.3,1107,32,50.91,Sprint of large group,Lipowitz Florian,https://www.procyclingstats.com/rider/florian-lipowitz,2000-09-21,2000,Germany,1.81,68.0,20.76,Laichingen,77,finished,6,284,25,GC,25,DE,Red Bull - BORA - hansgrohe,,,",,",0,11406
11,RR,15 July 2026,Vichy,Nevers,161.3,1107,32,50.91,Sprint of large group,Piganzoli Davide,https://www.procyclingstats.com/rider/davide-piganzoli,2002-07-08,2002,Italy,1.74,61.0,20.15,Morbegno,78,finished,13,818,18,GC,24,IT,Team Visma | Lease a Bike,,,",,",0,11406
11,RR,15 July 2026,Vichy,Nevers,161.3,1107,32,50.91,Sprint of large group,Denz Nico,https://www.procyclingstats.com/rider/nico-denz,1994-02-15,1994,Germany,1.83,71.0,21.2,Waldshut-Tiengen,79,finished,95,7702,23,Hills,32,DE,Red Bull - BORA - hansgrohe,,,",,",0,11406
11,RR,15 July 2026,Vichy,Nevers,161.3,1107,32,50.91,Sprint of large group,Germani Lorenzo,https://www.procyclingstats.com/rider/lorenzo-germani,2002-03-03,2002,Italy,1.79,62.0,19.35,Sora,80,finished,71,6775,185,GC,24,IT,Groupama - FDJ United,,,",,",0,11406
11,RR,15 July 2026,Vichy,Nevers,161.3,1107,32,50.91,Sprint of large group,Benoot Tiesj,https://www.procyclingstats.com/rider/tiesj-benoot,1994-03-11,1994,Belgium,1.9,72.0,19.94,Ghent,81,finished,24,1997,52,Classic,32,BE,Decathlon CMA CGM Team,,,",,",0,11406
11,RR,15 July 2026,Vichy,Nevers,161.3,1107,32,50.91,Sprint of large group,Neilands Krists,https://www.procyclingstats.com/rider/krists-neilands,1994-08-18,1994,Latvia,1.89,69.0,19.32,Kuldīga,82,finished,132,9134,136,Classic,31,LV,NSN Cycling Team,,,",,",0,11406
11,RR,15 July 2026,Vichy,Nevers,161.3,1107,32,50.91,Sprint of large group,Hermans Quinten,https://www.procyclingstats.com/rider/quinten-hermans,1995-07-29,1995,Belgium,1.74,62.0,20.48,Antwerp,83,finished,33,3709,174,Hills,30,BE,Pinarello Q36.5 Pro Cycling Team,,,",,",0,11406
11,RR,15 July 2026,Vichy,Nevers,161.3,1107,32,50.91,Sprint of large group,Vercher Mattéo,https://www.procyclingstats.com/rider/matheo-vercher,2001-01-26,2001,France,1.71,,,Lyon,84,finished,77,6991,208,Hills,25,FR,TotalEnergies,,,",,",0,11406
11,RR,15 July 2026,Vichy,Nevers,161.3,1107,32,50.91,Sprint of large group,Braz Afonso Clément,https://www.procyclingstats.com/rider/clement-braz-afonso,1999-11-08,1999,France,1.63,50.0,18.82,Brive-la-Gaillarde,85,finished,54,5633,183,Climber,26,FR,Groupama - FDJ United,,,",,",0,11406
11,RR,15 July 2026,Vichy,Nevers,161.3,1107,32,50.91,Sprint of large group,Paret-Peintre Aurélien,https://www.procyclingstats.com/rider/aurelien-paret-peintre,1996-02-27,1996,France,1.84,64.0,18.9,Annemasse,86,finished,58,5971,56,GC,30,FR,Decathlon CMA CGM Team,,,",,",0,11406
11,RR,15 July 2026,Vichy,Nevers,161.3,1107,32,50.91,Sprint of large group,Simmons Quinn,https://www.procyclingstats.com/rider/quinn-simmons,2001-05-08,2001,United States,1.85,73.0,21.33,Durango,87,finished,37,4151,34,Hills,25,US,Lidl - Trek,,,",,",0,11406
11,RR,15 July 2026,Vichy,Nevers,161.3,1107,32,50.91,Sprint of large group,Castrillo Pablo,https://www.procyclingstats.com/rider/pablo-castrillo-zapater,2001-01-02,2001,Spain,1.83,74.0,22.1,Jaca,88,finished,21,1232,142,Climber,25,ES,Movistar Team,,,",,",0,11406
11,RR,15 July 2026,Vichy,Nevers,161.3,1107,32,50.91,Sprint of large group,Pacher Quentin,https://www.procyclingstats.com/rider/quentin-pacher,1992-01-06,1992,France,1.79,62.0,19.35,Libourne,89,finished,76,6967,187,Hills,34,FR,Groupama - FDJ United,,,",,",0,11406
11,RR,15 July 2026,Vichy,Nevers,161.3,1107,32,50.91,Sprint of large group,Quinn Sean,https://www.procyclingstats.com/rider/sean-quinn,2000-05-10,2000,United States,1.87,67.0,19.16,Los Angeles,90,finished,15,908,45,GC,26,US,EF Education - EasyPost,,,",,",0,11406
11,RR,15 July 2026,Vichy,Nevers,161.3,1107,32,50.91,Sprint of large group,García Pierna Raúl,https://www.procyclingstats.com/rider/raul-garcia-pierna,2001-02-23,2001,Spain,1.75,67.0,21.88,Tres Cantos,91,finished,46,4793,144,Climber,25,ES,Movistar Team,,,",,",0,11406
11,RR,15 July 2026,Vichy,Nevers,161.3,1107,32,50.91,Sprint of large group,Vauquelin Kévin,https://www.procyclingstats.com/rider/kevin-vauquelin,2001-04-26,2001,France,1.76,69.0,22.28,Bayeux,92,finished,36,3976,88,GC,25,FR,Netcompany INEOS,,,",,",0,11406
11,RR,15 July 2026,Vichy,Nevers,161.3,1107,32,50.91,Sprint of large group,Kuss Sepp,https://www.procyclingstats.com/rider/sepp-kuss,1994-09-13,1994,United States,1.82,61.0,18.42,Durango,93,finished,22,1252,17,Climber,31,US,Team Visma | Lease a Bike,,,",,",0,11406
11,RR,15 July 2026,Vichy,Nevers,161.3,1107,32,50.91,Sprint of large group,Planckaert Edward,https://www.procyclingstats.com/rider/edward-planckaert,1995-02-01,1995,Belgium,1.78,71.0,22.41,Kortrijk,94,finished,121,8783,106,Classic,31,BE,Alpecin - Premier Tech,,,",,",0,11406
11,RR,15 July 2026,Vichy,Nevers,161.3,1107,32,50.91,Sprint of large group,Rickaert Jonas,https://www.procyclingstats.com/rider/jonas-rickaert,1994-02-07,1994,Belgium,1.9,88.0,24.38,Sint-Eloois-Vijve,95,finished,128,8960,107,Classic,32,BE,Alpecin - Premier Tech,,,",,",0,11406
11,RR,15 July 2026,Vichy,Nevers,161.3,1107,32,50.91,Sprint of large group,Yates Adam,https://www.procyclingstats.com/rider/adam-yates,1992-08-07,1992,Great Britain,1.73,58.0,19.38,Bury,96,finished,20,1106,8,Climber,33,GB,UAE Team Emirates - XRG,,,",,",0,11406
11,RR,15 July 2026,Vichy,Nevers,161.3,1107,32,50.91,Sprint of large group,Guernalec Thibault,https://www.procyclingstats.com/rider/thibault-guernalec,1997-07-31,1997,France,1.85,71.0,20.75,Châteaulin,97,finished,112,8555,205,TT,28,FR,TotalEnergies,,,",,",0,11406
11,RR,15 July 2026,Vichy,Nevers,161.3,1107,32,50.91,Sprint of large group,Romo Javier,https://www.procyclingstats.com/rider/javier-romo,1999-01-06,1999,Spain,1.84,70.0,20.68,Villafranca de los Caballeros,98,finished,57,5865,147,GC,27,ES,Movistar Team,,,",,",0,11406
11,RR,15 July 2026,Vichy,Nevers,161.3,1107,32,50.91,Sprint of large group,Jegat Jordan,https://www.procyclingstats.com/rider/jordan-jegat,1999-06-07,1999,France,1.76,59.0,19.05,Vannes,99,finished,19,1076,201,Climber,27,FR,TotalEnergies,,,",,",0,11406
11,RR,15 July 2026,Vichy,Nevers,161.3,1107,32,50.91,Sprint of large group,Parra José Félix,https://www.procyclingstats.com/rider/jose-felix-parra,1997-01-16,1997,Spain,1.71,55.0,18.81,Ossa de Montiel,100,finished,41,4388,228,GC,29,ES,Caja Rural - Seguros RGA,,,",,",0,11406
11,RR,15 July 2026,Vichy,Nevers,161.3,1107,32,50.91,Sprint of large group,Delbove Joris,https://www.procyclingstats.com/rider/joris-delbove,2000-07-15,2000,France,,,,Troyes,101,finished,53,5579,203,GC,26,FR,TotalEnergies,,,",,",0,11406
11,RR,15 July 2026,Vichy,Nevers,161.3,1107,32,50.91,Sprint of large group,Caruso Damiano,https://www.procyclingstats.com/rider/damiano-caruso,1987-10-12,1987,Italy,1.79,67.0,20.91,Ragusa,102,finished,63,6244,73,GC,38,IT,Bahrain - Victorious,,,",,",0,11406
11,RR,15 July 2026,Vichy,Nevers,161.3,1107,32,50.91,Sprint of large group,Verona Carlos,https://www.procyclingstats.com/rider/carlos-verona,1992-11-04,1992,Spain,1.86,68.0,19.66,San Lorenzo de El Escorial,103,finished,27,2813,38,GC,33,ES,Lidl - Trek,,,",,",0,11406
11,RR,15 July 2026,Vichy,Nevers,161.3,1107,32,50.91,Sprint of large group,Rubio Einer,https://www.procyclingstats.com/rider/einer-rubio,1998-02-22,1998,Colombia,1.64,56.0,20.82,Chíquiza,104,finished,39,4304,148,Climber,28,CO,Movistar Team,,,",,",0,11406
11,RR,15 July 2026,Vichy,Nevers,161.3,1107,32,50.91,Sprint of large group,Martinez Lenny,https://www.procyclingstats.com/rider/lenny-martinez,2003-07-11,2003,France,1.68,52.0,18.42,Cannes,105,finished,9,394,71,Climber,23,FR,Bahrain - Victorious,,,",,",0,11406
11,RR,15 July 2026,Vichy,Nevers,161.3,1107,32,50.91,Sprint of large group,Skaarseth Anders,https://www.procyclingstats.com/rider/anders-skaarseth,1995-05-07,1995,Norway,1.86,,,Lillehammer,106,finished,50,5455,126,Classic,31,NO,Uno-X Mobility,,,",,",0,11406
11,RR,15 July 2026,Vichy,Nevers,161.3,1107,32,50.91,Sprint of large group,Tiberi Antonio,https://www.procyclingstats.com/rider/antonio-tiberi,2001-06-24,2001,Italy,1.82,62.0,18.72,Frosinone,107,finished,42,4412,77,GC,25,IT,Bahrain - Victorious,,,",,",0,11406
11,RR,15 July 2026,Vichy,Nevers,161.3,1107,32,50.91,Sprint of large group,Martin Guillaume,https://www.procyclingstats.com/rider/guillaume-martin,1993-06-09,1993,France,1.73,55.0,18.38,Paris,108,finished,43,4651,186,Climber,33,FR,Groupama - FDJ United,,,",,",0,11406
11,RR,15 July 2026,Vichy,Nevers,161.3,1107,32,50.91,Sprint of large group,Großschartner Felix,https://www.procyclingstats.com/rider/felix-grossschartner,1993-12-23,1993,Austria,1.84,64.0,18.9,Wels,109,finished,35,3962,3,GC,32,AT,UAE Team Emirates - XRG,,,",,",0,11406
11,RR,15 July 2026,Vichy,Nevers,161.3,1107,32,50.91,Sprint of large group,Riccitello Matthew,https://www.procyclingstats.com/rider/matthew-riccitello,2002-03-05,2002,United States,1.72,55.0,18.59,Tucson,110,finished,59,5978,58,Climber,24,US,Decathlon CMA CGM Team,,,",,",0,11406
11,RR,15 July 2026,Vichy,Nevers,161.3,1107,32,50.91,Sprint of large group,van Dijke Tim,https://www.procyclingstats.com/rider/tim-van-dijke,2000-03-15,2000,Netherlands,1.89,74.0,20.72,Goes,111,finished,145,9676,27,Classic,26,NL,Red Bull - BORA - hansgrohe,,,",,",0,11406
11,RR,15 July 2026,Vichy,Nevers,161.3,1107,32,50.91,Sprint of large group,Johannessen Anders Halland,https://www.procyclingstats.com/rider/anders-halland-johannessen,1999-08-23,1999,Norway,1.76,,,Drøbak,112,finished,92,7573,125,GC,26,NO,Uno-X Mobility,,,",,",0,11406
11,RR,15 July 2026,Vichy,Nevers,161.3,1107,32,50.91,Sprint of large group,Balderstone Abel,https://www.procyclingstats.com/rider/abel-balderstone-roumens,2000-07-07,2000,Spain,1.79,61.0,19.04,Ullastrell,113,finished,56,5758,222,GC,26,ES,Caja Rural - Seguros RGA,,,",,",0,11406
11,RR,15 July 2026,Vichy,Nevers,161.3,1107,32,50.91,Sprint of large group,Van Gils Maxim,https://www.procyclingstats.com/rider/maxim-van-gils,1999-11-25,1999,Belgium,1.74,63.0,20.81,Brasschaat,114,finished,55,5636,28,Classic,26,BE,Red Bull - BORA - hansgrohe,,,",,",0,11406
11,RR,15 July 2026,Vichy,Nevers,161.3,1107,32,50.91,Sprint of large group,Valgren Michael,https://www.procyclingstats.com/rider/michael-valgren-andersen,1992-02-07,1992,Denmark,1.79,71.0,22.16,Østerild,115,finished,72,6860,47,Classic,34,DK,EF Education - EasyPost,,,",,",0,11406
11,RR,15 July 2026,Vichy,Nevers,161.3,1107,32,50.91,Sprint of large group,Mohorič Matej,https://www.procyclingstats.com/rider/matej-mohoric,1994-10-19,1994,Slovenia,1.86,71.0,20.52,Kranj,116,finished,106,8316,75,Classic,31,SI,Bahrain - Victorious,,,",,",0,11406
11,RR,15 July 2026,Vichy,Nevers,161.3,1107,32,50.91,Sprint of large group,Veistroffer Baptiste,https://www.procyclingstats.com/rider/baptiste-veistroffer,2000-05-29,2000,France,1.82,73.0,22.04,Fouesnant,117,finished,152,9930,157,Hills,26,FR,Lotto Intermarché,,,",,",0,11406
11,RR,15 July 2026,Vichy,Nevers,161.3,1107,32,50.91,Sprint of large group,Gee-West Derek,https://www.procyclingstats.com/rider/derek-gee,1997-08-03,1997,Canada,1.89,72.0,20.16,Ottawa,118,finished,38,4167,32,Climber,28,CA,Lidl - Trek,,,",,",0,11406
11,RR,15 July 2026,Vichy,Nevers,161.3,1107,32,50.91,Sprint of large group,Barguil Warren,https://www.procyclingstats.com/rider/warren-barguil,1991-10-28,1991,France,1.83,61.0,18.21,Hennebont,119,finished,108,8395,211,Climber,34,FR,Team Picnic PostNL,,,",,",0,11406
11,RR,15 July 2026,Vichy,Nevers,161.3,1107,32,50.91,Sprint of large group,Degenkolb John,https://www.procyclingstats.com/rider/john-degenkolb,1989-01-07,1989,Germany,1.8,82.0,25.31,Gera,120,finished,163,10483,214,Classic,37,DE,Team Picnic PostNL,,,0:29,29,11435
11,RR,15 July 2026,Vichy,Nevers,161.3,1107,32,50.91,Sprint of large group,Van Eetvelt Lennert,https://www.procyclingstats.com/rider/lennert-van-eetvelt,2001-07-17,2001,Belgium,1.76,63.0,20.34,Binkom,121,finished,25,2326,156,Climber,24,BE,Lotto Intermarché,,,0:33,33,11439
11,RR,15 July 2026,Vichy,Nevers,161.3,1107,32,50.91,Sprint of large group,Wellens Tim,https://www.procyclingstats.com/rider/tim-wellens,1991-05-10,1991,Belgium,1.82,71.0,21.43,Sint-Truiden,122,finished,51,5485,7,GC,35,BE,UAE Team Emirates - XRG,,,",,",33,11439
11,RR,15 July 2026,Vichy,Nevers,161.3,1107,32,50.91,Sprint of large group,Hoole Daan,https://www.procyclingstats.com/rider/daan-hoole,1999-02-22,1999,Netherlands,1.98,84.0,21.43,Zuidland,123,finished,142,9456,54,TT,27,NL,Decathlon CMA CGM Team,,,0:36,36,11442
11,RR,15 July 2026,Vichy,Nevers,161.3,1107,32,50.91,Sprint of large group,Engelhardt Felix,https://www.procyclingstats.com/rider/felix-engelhardt,2000-08-19,2000,Germany,1.8,68.0,20.99,Ulm,124,finished,105,8278,114,Classic,25,DE,Team Jayco AlUla,,,",,",36,11442
11,RR,15 July 2026,Vichy,Nevers,161.3,1107,32,50.91,Sprint of large group,Matthews Michael,https://www.procyclingstats.com/rider/michael-matthews,1990-09-26,1990,Australia,1.78,72.0,22.72,Canberra,125,finished,70,6737,115,Classic,35,AU,Team Jayco AlUla,,,",,",36,11442
11,RR,15 July 2026,Vichy,Nevers,161.3,1107,32,50.91,Sprint of large group,Campenaerts Victor,https://www.procyclingstats.com/rider/victor-campenaerts,1991-10-28,1991,Belgium,1.73,68.0,22.72,Hoboken,126,finished,89,7508,14,TT,34,BE,Team Visma | Lease a Bike,,,",,",36,11442
11,RR,15 July 2026,Vichy,Nevers,161.3,1107,32,50.91,Sprint of large group,Hirschi Marc,https://www.procyclingstats.com/rider/marc-hirschi,1998-08-24,1998,Switzerland,1.74,61.0,20.15,Bern,127,finished,47,4889,194,Classic,27,CH,Tudor Pro Cycling Team,,,",,",36,11442
11,RR,15 July 2026,Vichy,Nevers,161.3,1107,32,50.91,Sprint of large group,Frigo Marco,https://www.procyclingstats.com/rider/marco-frigo,2000-03-02,2000,Italy,1.88,70.0,19.81,Bassano del Grappa,128,finished,113,8585,134,Climber,26,IT,NSN Cycling Team,,,",,",36,11442
11,RR,15 July 2026,Vichy,Nevers,161.3,1107,32,50.91,Sprint of large group,Kirsch Alex,https://www.procyclingstats.com/rider/alex-kirsch,1992-06-12,1992,Luxembourg,1.94,78.0,20.72,Luxembourg,129,finished,107,8342,166,TT,34,LU,Cofidis,,,",,",36,11442
11,RR,15 July 2026,Vichy,Nevers,161.3,1107,32,50.91,Sprint of large group,Ganna Filippo,https://www.procyclingstats.com/rider/filippo-ganna,1996-07-25,1996,Italy,1.93,83.0,22.28,Verbania,130,finished,122,8795,84,TT,29,IT,Netcompany INEOS,,,",,",36,11442
11,RR,15 July 2026,Vichy,Nevers,161.3,1107,32,50.91,Sprint of large group,Cepeda Jefferson Alveiro,https://www.procyclingstats.com/rider/jefferson-cepeda-hernandez,1996-03-02,1996,Ecuador,1.7,61.0,21.11,El Playón,131,finished,78,6997,143,GC,30,EC,Movistar Team,,,",,",36,11442
11,RR,15 July 2026,Vichy,Nevers,161.3,1107,32,50.91,Sprint of large group,Hessmann Michel,https://www.procyclingstats.com/rider/michel-hessmann,2001-04-06,2001,Germany,1.91,78.0,21.38,Münster,132,finished,111,8543,145,Hills,25,DE,Movistar Team,,,",,",36,11442
11,RR,15 July 2026,Vichy,Nevers,161.3,1107,32,50.91,Sprint of large group,Hindley Jai,https://www.procyclingstats.com/rider/jai-hindley,1996-05-05,1996,Australia,1.75,60.0,19.59,Perth,133,finished,31,3144,24,Climber,30,AU,Red Bull - BORA - hansgrohe,,,",,",36,11442
11,RR,15 July 2026,Vichy,Nevers,161.3,1107,32,50.91,Sprint of large group,Howson Damien,https://www.procyclingstats.com/rider/damien-howson,1992-08-13,1992,Australia,1.88,68.0,19.24,Adelaide,134,finished,96,7725,175,GC,33,AU,Pinarello Q36.5 Pro Cycling Team,,,",,",36,11442
11,RR,15 July 2026,Vichy,Nevers,161.3,1107,32,50.91,Sprint of large group,Otruba Jakub,https://www.procyclingstats.com/rider/jakub-otruba,1998-01-30,1998,Czech Republic,1.9,75.0,20.78,Olomouc,135,finished,126,8923,227,GC,28,CZ,Caja Rural - Seguros RGA,,,",,",36,11442
11,RR,15 July 2026,Vichy,Nevers,161.3,1107,32,50.91,Sprint of large group,Velasco Simone,https://www.procyclingstats.com/rider/simone-velasco,1995-12-02,1995,Italy,1.7,59.0,20.42,Bologna,136,finished,129,8978,67,Classic,30,IT,XDS Astana Team,,,",,",36,11442
11,RR,15 July 2026,Vichy,Nevers,161.3,1107,32,50.91,Sprint of large group,Van Asbroeck Tom,https://www.procyclingstats.com/rider/tom-van-asbroeck,1990-04-19,1990,Belgium,1.82,72.0,21.74,Aalst,137,finished,147,9763,138,Sprint,36,BE,NSN Cycling Team,,,",,",36,11442
11,RR,15 July 2026,Vichy,Nevers,161.3,1107,32,50.91,Sprint of large group,Askey Lewis,https://www.procyclingstats.com/rider/lewis-askey,2001-05-04,2001,Great Britain,1.87,75.0,21.45,Cannock,138,finished,169,10712,132,Classic,25,GB,NSN Cycling Team,,,",,",36,11442
11,RR,15 July 2026,Vichy,Nevers,161.3,1107,32,50.91,Sprint of large group,Foss Tobias,https://www.procyclingstats.com/rider/tobias-foss,1997-05-25,1997,Norway,1.84,74.0,21.86,Vingrom,139,finished,49,5318,83,TT,29,NO,Netcompany INEOS,,,",,",36,11442
11,RR,15 July 2026,Vichy,Nevers,161.3,1107,32,50.91,Sprint of large group,Durbridge Luke,https://www.procyclingstats.com/rider/luke-durbridge,1991-04-09,1991,Australia,1.87,78.0,22.31,Greenmount,140,finished,114,8597,113,TT,35,AU,Team Jayco AlUla,,,",,",36,11442
11,RR,15 July 2026,Vichy,Nevers,161.3,1107,32,50.91,Sprint of large group,Paret-Peintre Valentin,https://www.procyclingstats.com/rider/valentin-paret-peintre,2001-01-14,2001,France,1.78,52.0,16.41,Annemasse,141,finished,45,4735,93,Climber,25,FR,Soudal Quick-Step,,,",,",36,11442
11,RR,15 July 2026,Vichy,Nevers,161.3,1107,32,50.91,Sprint of large group,Dillier Silvan,https://www.procyclingstats.com/rider/silvan-dillier,1990-08-03,1990,Switzerland,1.83,75.0,22.4,Aarau,142,finished,149,9877,103,Classic,35,CH,Alpecin - Premier Tech,,,",,",36,11442
11,RR,15 July 2026,Vichy,Nevers,161.3,1107,32,50.91,Sprint of large group,Steinhauser Georg,https://www.procyclingstats.com/rider/georg-steinhauser,2001-10-21,2001,Germany,1.89,70.0,19.6,Lindenberg im Allgäu,143,finished,131,9104,46,Climber,24,DE,EF Education - EasyPost,,,",,",36,11442
11,RR,15 July 2026,Vichy,Nevers,161.3,1107,32,50.91,Sprint of large group,Baudin Alex,https://www.procyclingstats.com/rider/alex-baudin,2001-05-25,2001,France,1.83,64.0,19.11,Albertville,144,finished,34,3946,43,Climber,25,FR,EF Education - EasyPost,,,",,",36,11442
11,RR,15 July 2026,Vichy,Nevers,161.3,1107,32,50.91,Sprint of large group,Nicolau Joel,https://www.procyclingstats.com/rider/joel-nicolau,1997-12-23,1997,Spain,1.76,66.0,21.31,Llofriu,145,finished,124,8915,225,Hills,28,ES,Caja Rural - Seguros RGA,,,",,",36,11442
11,RR,15 July 2026,Vichy,Nevers,161.3,1107,32,50.91,Sprint of large group,Plapp Luke,https://www.procyclingstats.com/rider/luke-plapp,2000-12-25,2000,Australia,1.81,72.0,21.98,Melbourne,146,finished,93,7628,117,GC,25,AU,Team Jayco AlUla,,,",,",36,11442
11,RR,15 July 2026,Vichy,Nevers,161.3,1107,32,50.91,Sprint of large group,Charmig Anthon,https://www.procyclingstats.com/rider/anthon-charmig,1998-03-25,1998,Denmark,1.82,66.0,19.93,Aarhus,147,finished,94,7660,123,GC,28,DK,Uno-X Mobility,,,",,",36,11442
11,RR,15 July 2026,Vichy,Nevers,161.3,1107,32,50.91,Sprint of large group,Craps Lars,https://www.procyclingstats.com/rider/lars-craps,2001-10-17,2001,Belgium,1.85,67.0,19.58,Aalst,148,finished,62,6114,154,GC,24,BE,Lotto Intermarché,,,",,",36,11442
11,RR,15 July 2026,Vichy,Nevers,161.3,1107,32,50.91,Sprint of large group,Verstrynge Emiel,https://www.procyclingstats.com/rider/emiel-verstrynge,2002-02-04,2002,Belgium,1.89,69.0,19.32,Eeklo,149,finished,117,8633,108,Climber,24,BE,Alpecin - Premier Tech,,,",,",36,11442
11,RR,15 July 2026,Vichy,Nevers,161.3,1107,32,50.91,Sprint of large group,Izagirre Ion,https://www.procyclingstats.com/rider/ion-izagirre,1989-02-04,1989,Spain,1.73,60.0,20.05,Ormaiztegi,150,finished,44,4662,161,GC,37,ES,Cofidis,,,",,",36,11442
11,RR,15 July 2026,Vichy,Nevers,161.3,1107,32,50.91,Sprint of large group,Oliveira Nelson,https://www.procyclingstats.com/rider/nelson-oliveira,1989-03-06,1989,Portugal,1.8,67.0,20.68,Anadia,151,finished,83,7357,146,TT,37,PT,Movistar Team,,,",,",36,11442
11,RR,15 July 2026,Vichy,Nevers,161.3,1107,32,50.91,Sprint of large group,Tratnik Jan,https://www.procyclingstats.com/rider/jan-tratnik,1990-02-23,1990,Slovenia,1.73,67.0,22.39,Idrija,152,finished,98,7956,26,TT,36,SI,Red Bull - BORA - hansgrohe,,,",,",36,11442
11,RR,15 July 2026,Vichy,Nevers,161.3,1107,32,50.91,Sprint of large group,Thomas Benjamin,https://www.procyclingstats.com/rider/benjamin-thomas-2,1995-09-12,1995,France,1.79,68.0,21.22,Lavaur,153,finished,119,8745,168,TT,30,FR,Cofidis,,,",,",36,11442
11,RR,15 July 2026,Vichy,Nevers,161.3,1107,32,50.91,Sprint of large group,O'Connor Ben,https://www.procyclingstats.com/rider/ben-o-connor,1995-11-25,1995,Australia,1.88,67.0,18.96,Subiaco,154,finished,52,5525,111,GC,30,AU,Team Jayco AlUla,,,1:00,60,11466
11,RR,15 July 2026,Vichy,Nevers,161.3,1107,32,50.91,Sprint of large group,Dhondt Robbe,https://www.procyclingstats.com/rider/robbe-dhondt,2004-06-25,2004,Belgium,1.76,,,Zottegem,155,finished,154,10012,215,GC,22,BE,Team Picnic PostNL,,,",,",60,11466
11,RR,15 July 2026,Vichy,Nevers,161.3,1107,32,50.91,Sprint of large group,Aranburu Alex,https://www.procyclingstats.com/rider/alex-aranburu,1995-09-19,1995,Spain,1.78,63.0,19.88,Ezkio-Itsaso,156,finished,79,7033,163,Classic,30,ES,Cofidis,,,",,",60,11466
11,RR,15 July 2026,Vichy,Nevers,161.3,1107,32,50.91,Sprint of large group,Azparren Xabier Mikel,https://www.procyclingstats.com/rider/xabier-mikel-azparren-irurzun,1999-02-25,1999,Spain,,,,San Sebastián,157,finished,116,8632,172,TT,27,ES,Pinarello Q36.5 Pro Cycling Team,,,",,",60,11466
11,RR,15 July 2026,Vichy,Nevers,161.3,1107,32,50.91,Sprint of large group,Higuita Sergio,https://www.procyclingstats.com/rider/sergio-higuita,1997-08-01,1997,Colombia,1.66,57.0,20.69,Medellín,158,finished,40,4323,61,Climber,28,CO,XDS Astana Team,,,",,",60,11466
11,RR,15 July 2026,Vichy,Nevers,161.3,1107,32,50.91,Sprint of large group,Walker Max,https://www.procyclingstats.com/rider/max-walker,2001-07-12,2001,Great Britain,,,,Douglas,159,finished,104,8159,48,TT,25,GB,EF Education - EasyPost,,,",,",60,11466
11,RR,15 July 2026,Vichy,Nevers,161.3,1107,32,50.91,Sprint of large group,Healy Ben,https://www.procyclingstats.com/rider/ben-healy,2000-09-11,2000,Ireland,1.75,62.0,20.24,Kingswinford Previous nationalities Great Britain until 2016,160,finished,91,7554,44,Climber,25,IE,EF Education - EasyPost,,,",,",60,11466
11,RR,15 July 2026,Vichy,Nevers,161.3,1107,32,50.91,Sprint of large group,Le Berre Mathis,https://www.procyclingstats.com/rider/mathis-le-berre,2001-04-16,2001,France,1.76,68.0,21.95,Saint-Brieuc,161,finished,74,6919,206,Hills,25,FR,TotalEnergies,,,",,",60,11466
11,RR,15 July 2026,Vichy,Nevers,161.3,1107,32,50.91,Sprint of large group,Breuillard Nicolas,https://www.procyclingstats.com/rider/nicolas-breuillard,2000-03-13,2000,France,1.75,,,Pertuis,162,finished,48,5089,202,GC,26,FR,TotalEnergies,,,1:45,105,11511
11,RR,15 July 2026,Vichy,Nevers,161.3,1107,32,50.91,Sprint of large group,Van Mechelen Vlad,https://www.procyclingstats.com/rider/vlad-van-mechelen,2004-06-02,2004,Belgium,1.83,73.0,21.8,Leuven,163,finished,85,7405,78,Sprint,22,BE,Bahrain - Victorious,,,1:54,114,11520
11,RR,15 July 2026,Vichy,Nevers,161.3,1107,32,50.91,Sprint of large group,Jorgenson Matteo,https://www.procyclingstats.com/rider/matteo-jorgenson,1999-07-01,1999,United States,1.9,69.0,19.11,Walnut Creek,164,finished,28,2882,16,GC,27,US,Team Visma | Lease a Bike,,,2:12,132,11538
11,RR,15 July 2026,Vichy,Nevers,161.3,1107,32,50.91,Sprint of large group,van den Broek Frank,https://www.procyclingstats.com/rider/frank-van-den-broek,2000-12-28,2000,Netherlands,1.78,70.0,22.09,Warmond,165,finished,87,7427,218,GC,25,NL,Team Picnic PostNL,,,",,",132,11538
11,RR,15 July 2026,Vichy,Nevers,161.3,1107,32,50.91,Sprint of large group,Berwick Sebastian,https://www.procyclingstats.com/rider/sebastian-berwick,1999-12-15,1999,Australia,1.75,59.0,19.27,Brisbane,166,finished,103,8142,223,GC,26,AU,Caja Rural - Seguros RGA,,,",,",132,11538
11,RR,15 July 2026,Vichy,Nevers,161.3,1107,32,50.91,Sprint of large group,Tejada Harold,https://www.procyclingstats.com/rider/harold-tejada,1997-04-27,1997,Colombia,1.8,63.0,19.44,Pitalito,167,finished,30,3049,65,Climber,29,CO,XDS Astana Team,,,2:36,156,11562
11,RR,15 July 2026,Vichy,Nevers,161.3,1107,32,50.91,Sprint of large group,Storer Michael,https://www.procyclingstats.com/rider/michael-storer,1997-02-28,1997,Australia,1.77,63.0,20.11,Perth,168,finished,109,8401,196,Climber,29,AU,Tudor Pro Cycling Team,,,",,",156,11562
11,RR,15 July 2026,Vichy,Nevers,161.3,1107,32,50.91,Sprint of large group,Vinokurov Nicolas,https://www.procyclingstats.com/rider/nicolas-vinokurov,2002-07-07,2002,Kazakhstan,1.84,69.0,20.38,Nice,169,finished,136,9306,68,GC,24,KZ,XDS Astana Team,,,3:16,196,11602
11,RR,15 July 2026,Vichy,Nevers,161.3,1107,32,50.91,Sprint of large group,van Baarle Dylan,https://www.procyclingstats.com/rider/dylan-van-baarle,1992-05-21,1992,Netherlands,1.89,74.0,20.72,Voorburg,170,finished,138,9368,95,Classic,34,NL,Soudal Quick-Step,,,4:05,245,11651
11,RR,15 July 2026,Vichy,Nevers,161.3,1107,32,50.91,Sprint of large group,Bennett George,https://www.procyclingstats.com/rider/george-bennett,1990-04-07,1990,New Zealand,1.81,58.0,17.7,Nelson,171,finished,80,7105,133,GC,36,NZ,NSN Cycling Team,,,6:29,389,11795
11,RR,15 July 2026,Vichy,Nevers,161.3,1107,32,50.91,Sprint of large group,Eenkhoorn Pascal,https://www.procyclingstats.com/rider/pascal-eenkhoorn,1997-02-08,1997,Netherlands,1.85,72.0,21.04,Zwolle,172,finished,146,9678,92,Classic,29,NL,Soudal Quick-Step,,,",,",389,11795
11,RR,15 July 2026,Vichy,Nevers,161.3,1107,32,50.91,Sprint of large group,Zimmermann Georg,https://www.procyclingstats.com/rider/georg-zimmermann,1997-10-11,1997,Germany,1.81,70.0,21.37,Augsburg,173,finished,81,7109,158,Classic,28,DE,Lotto Intermarché,,,7:36,456,11862
11,RR,15 July 2026,Vichy,Nevers,161.3,1107,32,50.91,Sprint of large group,Alaphilippe Julian,https://www.procyclingstats.com/rider/julian-alaphilippe,1992-06-11,1992,France,1.73,62.0,20.72,Saint-Amand-Montrond,174,finished,140,9402,191,Classic,34,FR,Tudor Pro Cycling Team,,,",,",456,11862
11,RR,15 July 2026,Vichy,Nevers,161.3,1107,32,50.91,Sprint of large group,Harper Chris,https://www.procyclingstats.com/rider/chris-harper,1994-11-23,1994,Australia,1.85,67.0,19.58,Melbourne,,DNS,,,173,GC,31,AU,Pinarello Q36.5 Pro Cycling Team,,,,,
12,RR,16 July 2026,Circuit Nevers Magny-Cours,Chalon-sur-Saône,179.1,1412,37,49.095,Sprint of large group,Merlier Tim,https://www.procyclingstats.com/rider/tim-merlier,1992-10-30,1992,Belgium,1.88,76.0,21.5,Wortegem-Petegem,1,finished,166,10651,91,Sprint,33,BE,Soudal Quick-Step,210.0,100.0,3:38:53,0,13133
12,RR,16 July 2026,Circuit Nevers Magny-Cours,Chalon-sur-Saône,179.1,1412,37,49.095,Sprint of large group,Kooij Olav,https://www.procyclingstats.com/rider/olav-kooij,2001-10-17,2001,Netherlands,1.84,72.0,21.27,Numansdorp,2,finished,168,10701,55,Sprint,24,NL,Decathlon CMA CGM Team,150.0,70.0,",,",0,13133
12,RR,16 July 2026,Circuit Nevers Magny-Cours,Chalon-sur-Saône,179.1,1412,37,49.095,Sprint of large group,Philipsen Jasper,https://www.procyclingstats.com/rider/jasper-philipsen,1998-03-02,1998,Belgium,1.76,75.0,24.21,Mol,3,finished,148,9920,105,Sprint,28,BE,Alpecin - Premier Tech,110.0,50.0,",,",0,13133
12,RR,16 July 2026,Circuit Nevers Magny-Cours,Chalon-sur-Saône,179.1,1412,37,49.095,Sprint of large group,Girmay Biniam,https://www.procyclingstats.com/rider/biniam-girmay,2000-04-02,2000,Eritrea,1.84,70.0,20.68,Asmara,4,finished,142,9608,131,Classic,26,ER,NSN Cycling Team,90.0,40.0,",,",0,13133
12,RR,16 July 2026,Circuit Nevers Magny-Cours,Chalon-sur-Saône,179.1,1412,37,49.095,Sprint of large group,Fretin Milan,https://www.procyclingstats.com/rider/milan-fretin,2001-03-19,2001,Belgium,1.82,70.0,21.13,Genk,5,finished,160,10401,165,Classic,25,BE,Cofidis,70.0,32.0,",,",0,13133
12,RR,16 July 2026,Circuit Nevers Magny-Cours,Chalon-sur-Saône,179.1,1412,37,49.095,Sprint of large group,Turgis Anthony,https://www.procyclingstats.com/rider/anthony-turgis,1994-05-16,1994,France,1.78,70.0,22.09,Bourg-la-Reine,6,finished,116,8709,207,Classic,32,FR,TotalEnergies,55.0,26.0,",,",0,13133
12,RR,16 July 2026,Circuit Nevers Magny-Cours,Chalon-sur-Saône,179.1,1412,37,49.095,Sprint of large group,Kanter Max,https://www.procyclingstats.com/rider/max-kanter,1997-10-22,1997,Germany,1.76,68.0,21.95,Cottbus,7,finished,140,9582,64,Sprint,28,DE,XDS Astana Team,45.0,22.0,",,",0,13133
12,RR,16 July 2026,Circuit Nevers Magny-Cours,Chalon-sur-Saône,179.1,1412,37,49.095,Sprint of large group,Russo Clément,https://www.procyclingstats.com/rider/clement-russo,1995-01-20,1995,France,1.87,74.0,21.16,Lyon,8,finished,89,7514,188,Classic,31,FR,Groupama - FDJ United,40.0,18.0,",,",0,13133
12,RR,16 July 2026,Circuit Nevers Magny-Cours,Chalon-sur-Saône,179.1,1412,37,49.095,Sprint of large group,Pedersen Mads,https://www.procyclingstats.com/rider/mads-pedersen,1995-12-18,1995,Denmark,1.8,76.0,23.46,Tølløse,9,finished,67,6682,33,Classic,30,DK,Lidl - Trek,35.0,14.0,",,",0,13133
12,RR,16 July 2026,Circuit Nevers Magny-Cours,Chalon-sur-Saône,179.1,1412,37,49.095,Sprint of large group,Artz Huub,https://www.procyclingstats.com/rider/huub-artz,2002-05-14,2002,Netherlands,1.86,71.0,20.52,Wintelre,10,finished,133,9370,152,Hills,24,NL,Lotto Intermarché,30.0,10.0,",,",0,13133
12,RR,16 July 2026,Circuit Nevers Magny-Cours,Chalon-sur-Saône,179.1,1412,37,49.095,Sprint of large group,Pluimers Rick,https://www.procyclingstats.com/rider/rick-pluimers,2000-12-07,2000,Netherlands,1.8,67.0,20.68,Enter,11,finished,85,7413,195,Hills,25,NL,Tudor Pro Cycling Team,25.0,8.0,",,",0,13133
12,RR,16 July 2026,Circuit Nevers Magny-Cours,Chalon-sur-Saône,179.1,1412,37,49.095,Sprint of large group,Wright Fred,https://www.procyclingstats.com/rider/alfred-wright,1999-06-13,1999,Great Britain,1.84,75.0,22.15,London,12,finished,130,9270,178,Hills,27,GB,Pinarello Q36.5 Pro Cycling Team,20.0,6.0,",,",0,13133
12,RR,16 July 2026,Circuit Nevers Magny-Cours,Chalon-sur-Saône,179.1,1412,37,49.095,Sprint of large group,Biermans Jenthe,https://www.procyclingstats.com/rider/jenthe-biermans,1995-10-30,1995,Belgium,1.84,78.0,23.04,Geel,13,finished,150,10052,164,Classic,30,BE,Cofidis,15.0,4.0,",,",0,13133
12,RR,16 July 2026,Circuit Nevers Magny-Cours,Chalon-sur-Saône,179.1,1412,37,49.095,Sprint of large group,van der Poel Mathieu,https://www.procyclingstats.com/rider/mathieu-van-der-poel,1995-01-19,1995,Netherlands,1.84,75.0,22.15,Kapellen,14,finished,65,6367,101,Classic,31,NL,Alpecin - Premier Tech,10.0,2.0,",,",0,13133
12,RR,16 July 2026,Circuit Nevers Magny-Cours,Chalon-sur-Saône,179.1,1412,37,49.095,Sprint of large group,Ackermann Pascal,https://www.procyclingstats.com/rider/pascal-ackermann,1994-01-17,1994,Germany,1.8,78.0,24.07,Kandel,15,finished,158,10388,112,Sprint,32,DE,Team Jayco AlUla,5.0,1.0,",,",0,13133
12,RR,16 July 2026,Circuit Nevers Magny-Cours,Chalon-sur-Saône,179.1,1412,37,49.095,Sprint of large group,Stuyven Jasper,https://www.procyclingstats.com/rider/jasper-stuyven,1992-04-17,1992,Belgium,1.87,80.0,22.88,Leuven,16,finished,68,6686,94,Classic,34,BE,Soudal Quick-Step,,,",,",0,13133
12,RR,16 July 2026,Circuit Nevers Magny-Cours,Chalon-sur-Saône,179.1,1412,37,49.095,Sprint of large group,Vermeersch Florian,https://www.procyclingstats.com/rider/florian-vermeersch,1999-03-12,1999,Belgium,1.93,85.0,22.82,Ghent,17,finished,122,8918,6,Classic,27,BE,UAE Team Emirates - XRG,,,",,",0,13133
12,RR,16 July 2026,Circuit Nevers Magny-Cours,Chalon-sur-Saône,179.1,1412,37,49.095,Sprint of large group,Evenepoel Remco,https://www.procyclingstats.com/rider/remco-evenepoel,2000-01-25,2000,Belgium,1.71,63.0,21.55,Aalst,18,finished,3,246,21,Climber,26,BE,Red Bull - BORA - hansgrohe,,,",,",0,13133
12,RR,16 July 2026,Circuit Nevers Magny-Cours,Chalon-sur-Saône,179.1,1412,37,49.095,Sprint of large group,Asgreen Kasper,https://www.procyclingstats.com/rider/kasper-asgreen,1995-02-08,1995,Denmark,1.93,75.0,20.13,Kolding,19,finished,87,7452,42,TT,31,DK,EF Education - EasyPost,,,",,",0,13133
12,RR,16 July 2026,Circuit Nevers Magny-Cours,Chalon-sur-Saône,179.1,1412,37,49.095,Sprint of large group,Stannard Robert,https://www.procyclingstats.com/rider/robert-stannard,1998-09-16,1998,Australia,1.79,74.0,23.1,Sydney Previous nationalities New Zealand until 2016,20,finished,102,8129,76,Hills,27,AU,Bahrain - Victorious,,,",,",0,13133
12,RR,16 July 2026,Circuit Nevers Magny-Cours,Chalon-sur-Saône,179.1,1412,37,49.095,Sprint of large group,Paret-Peintre Aurélien,https://www.procyclingstats.com/rider/aurelien-paret-peintre,1996-02-27,1996,France,1.84,64.0,18.9,Annemasse,21,finished,58,5971,56,GC,30,FR,Decathlon CMA CGM Team,,,",,",0,13133
12,RR,16 July 2026,Circuit Nevers Magny-Cours,Chalon-sur-Saône,179.1,1412,37,49.095,Sprint of large group,Schmid Mauro,https://www.procyclingstats.com/rider/mauro-schmid,1999-12-04,1999,Switzerland,1.87,70.0,20.02,Bülach,22,finished,81,7275,118,Hills,26,CH,Team Jayco AlUla,,,",,",0,13133
12,RR,16 July 2026,Circuit Nevers Magny-Cours,Chalon-sur-Saône,179.1,1412,37,49.095,Sprint of large group,Teunissen Mike,https://www.procyclingstats.com/rider/mike-teunissen,1992-08-25,1992,Netherlands,1.84,73.0,21.56,Ysselsteyn,23,finished,115,8627,66,Classic,33,NL,XDS Astana Team,,,",,",0,13133
12,RR,16 July 2026,Circuit Nevers Magny-Cours,Chalon-sur-Saône,179.1,1412,37,49.095,Sprint of large group,Stewart Jake,https://www.procyclingstats.com/rider/jake-stewart,1999-10-02,1999,Great Britain,1.79,66.0,20.6,Coventry,24,finished,162,10471,137,Hills,26,GB,NSN Cycling Team,,,",,",0,13133
12,RR,16 July 2026,Circuit Nevers Magny-Cours,Chalon-sur-Saône,179.1,1412,37,49.095,Sprint of large group,Delettre Alexandre,https://www.procyclingstats.com/rider/alexandre-delettre,1997-10-25,1997,France,1.7,62.0,21.45,Gonesse,25,finished,66,6518,204,Classic,28,FR,TotalEnergies,,,",,",0,13133
12,RR,16 July 2026,Circuit Nevers Magny-Cours,Chalon-sur-Saône,179.1,1412,37,49.095,Sprint of large group,Johannessen Tobias Halland,https://www.procyclingstats.com/rider/tobias-halland-johannessen,1999-08-23,1999,Norway,1.76,62.0,20.02,Drøbak,26,finished,14,890,121,Climber,26,NO,Uno-X Mobility,,,",,",0,13133
12,RR,16 July 2026,Circuit Nevers Magny-Cours,Chalon-sur-Saône,179.1,1412,37,49.095,Sprint of large group,Cort Magnus,https://www.procyclingstats.com/rider/magnus-cort-nielsen,1993-01-16,1993,Denmark,1.84,68.0,20.09,Rønne,27,finished,109,8499,124,Hills,33,DK,Uno-X Mobility,,,",,",0,13133
12,RR,16 July 2026,Circuit Nevers Magny-Cours,Chalon-sur-Saône,179.1,1412,37,49.095,Sprint of large group,Pidcock Tom,https://www.procyclingstats.com/rider/tom-pidcock,1999-07-30,1999,Great Britain,1.7,58.0,20.07,Leeds,28,finished,10,709,171,Classic,26,GB,Pinarello Q36.5 Pro Cycling Team,,,",,",0,13133
12,RR,16 July 2026,Circuit Nevers Magny-Cours,Chalon-sur-Saône,179.1,1412,37,49.095,Sprint of large group,Meurisse Xandro,https://www.procyclingstats.com/rider/xandro-meurisse,1992-01-31,1992,Belgium,1.81,68.0,20.76,Kortrijk,29,finished,64,6348,176,GC,34,BE,Pinarello Q36.5 Pro Cycling Team,,,",,",0,13133
12,RR,16 July 2026,Circuit Nevers Magny-Cours,Chalon-sur-Saône,179.1,1412,37,49.095,Sprint of large group,Hermans Quinten,https://www.procyclingstats.com/rider/quinten-hermans,1995-07-29,1995,Belgium,1.74,62.0,20.48,Antwerp,30,finished,33,3709,174,Hills,30,BE,Pinarello Q36.5 Pro Cycling Team,,,",,",0,13133
12,RR,16 July 2026,Circuit Nevers Magny-Cours,Chalon-sur-Saône,179.1,1412,37,49.095,Sprint of large group,Haller Marco,https://www.procyclingstats.com/rider/marco-haller,1991-04-01,1991,Austria,1.78,72.0,22.72,Sankt Veit an der Glan,31,finished,164,10530,193,Classic,35,AT,Tudor Pro Cycling Team,,,",,",0,13133
12,RR,16 July 2026,Circuit Nevers Magny-Cours,Chalon-sur-Saône,179.1,1412,37,49.095,Sprint of large group,Mohorič Matej,https://www.procyclingstats.com/rider/matej-mohoric,1994-10-19,1994,Slovenia,1.86,71.0,20.52,Kranj,32,finished,105,8316,75,Classic,31,SI,Bahrain - Victorious,,,",,",0,13133
12,RR,16 July 2026,Circuit Nevers Magny-Cours,Chalon-sur-Saône,179.1,1412,37,49.095,Sprint of large group,Rickaert Jonas,https://www.procyclingstats.com/rider/jonas-rickaert,1994-02-07,1994,Belgium,1.9,88.0,24.38,Sint-Eloois-Vijve,33,finished,124,8960,107,Classic,32,BE,Alpecin - Premier Tech,,,",,",0,13133
12,RR,16 July 2026,Circuit Nevers Magny-Cours,Chalon-sur-Saône,179.1,1412,37,49.095,Sprint of large group,Bol Cees,https://www.procyclingstats.com/rider/cees-bol,1995-07-27,1995,Netherlands,1.94,83.0,22.05,Zaandam,34,finished,171,10756,53,Sprint,30,NL,Decathlon CMA CGM Team,,,",,",0,13133
12,RR,16 July 2026,Circuit Nevers Magny-Cours,Chalon-sur-Saône,179.1,1412,37,49.095,Sprint of large group,Seixas Paul,https://www.procyclingstats.com/rider/paul-seixas,2006-09-24,2006,France,1.86,64.0,18.5,Lyon,35,finished,5,275,51,Climber,19,FR,Decathlon CMA CGM Team,,,",,",0,13133
12,RR,16 July 2026,Circuit Nevers Magny-Cours,Chalon-sur-Saône,179.1,1412,37,49.095,Sprint of large group,Prodhomme Nicolas,https://www.procyclingstats.com/rider/nicolas-prodhomme,1997-02-01,1997,France,1.74,63.0,20.81,L'Aigle,36,finished,26,2548,57,GC,29,FR,Decathlon CMA CGM Team,,,",,",0,13133
12,RR,16 July 2026,Circuit Nevers Magny-Cours,Chalon-sur-Saône,179.1,1412,37,49.095,Sprint of large group,Van Asbroeck Tom,https://www.procyclingstats.com/rider/tom-van-asbroeck,1990-04-19,1990,Belgium,1.82,72.0,21.74,Aalst,37,finished,145,9763,138,Sprint,36,BE,NSN Cycling Team,,,",,",0,13133
12,RR,16 July 2026,Circuit Nevers Magny-Cours,Chalon-sur-Saône,179.1,1412,37,49.095,Sprint of large group,Tiberi Antonio,https://www.procyclingstats.com/rider/antonio-tiberi,2001-06-24,2001,Italy,1.82,62.0,18.72,Frosinone,38,finished,42,4412,77,GC,25,IT,Bahrain - Victorious,,,",,",0,13133
12,RR,16 July 2026,Circuit Nevers Magny-Cours,Chalon-sur-Saône,179.1,1412,37,49.095,Sprint of large group,Hoole Daan,https://www.procyclingstats.com/rider/daan-hoole,1999-02-22,1999,Netherlands,1.98,84.0,21.43,Zuidland,39,finished,137,9456,54,TT,27,NL,Decathlon CMA CGM Team,,,",,",0,13133
12,RR,16 July 2026,Circuit Nevers Magny-Cours,Chalon-sur-Saône,179.1,1412,37,49.095,Sprint of large group,Grégoire Romain,https://www.procyclingstats.com/rider/romain-gregoire,2003-01-21,2003,France,1.76,64.0,20.66,Besançon,40,finished,60,5980,181,Classic,23,FR,Groupama - FDJ United,,,",,",0,13133
12,RR,16 July 2026,Circuit Nevers Magny-Cours,Chalon-sur-Saône,179.1,1412,37,49.095,Sprint of large group,Skjelmose Mattias,https://www.procyclingstats.com/rider/mattias-skjelmose-jensen,2000-09-26,2000,Denmark,1.8,65.0,20.06,Copenhagen,41,finished,8,345,35,Climber,25,DK,Lidl - Trek,,,",,",0,13133
12,RR,16 July 2026,Circuit Nevers Magny-Cours,Chalon-sur-Saône,179.1,1412,37,49.095,Sprint of large group,Vingegaard Jonas,https://www.procyclingstats.com/rider/jonas-vingegaard,1996-12-10,1996,Denmark,1.75,58.0,18.94,Hillerslev,42,finished,2,216,11,GC,29,DK,Team Visma | Lease a Bike,,,",,",0,13133
12,RR,16 July 2026,Circuit Nevers Magny-Cours,Chalon-sur-Saône,179.1,1412,37,49.095,Sprint of large group,Affini Edoardo,https://www.procyclingstats.com/rider/edoardo-affini,1996-06-24,1996,Italy,1.9,85.0,23.55,Mantua,43,finished,146,9866,12,TT,30,IT,Team Visma | Lease a Bike,,,",,",0,13133
12,RR,16 July 2026,Circuit Nevers Magny-Cours,Chalon-sur-Saône,179.1,1412,37,49.095,Sprint of large group,Simmons Quinn,https://www.procyclingstats.com/rider/quinn-simmons,2001-05-08,2001,United States,1.85,73.0,21.33,Durango,44,finished,37,4151,34,Hills,25,US,Lidl - Trek,,,",,",0,13133
12,RR,16 July 2026,Circuit Nevers Magny-Cours,Chalon-sur-Saône,179.1,1412,37,49.095,Sprint of large group,Braz Afonso Clément,https://www.procyclingstats.com/rider/clement-braz-afonso,1999-11-08,1999,France,1.63,50.0,18.82,Brive-la-Gaillarde,45,finished,53,5633,183,Climber,26,FR,Groupama - FDJ United,,,",,",0,13133
12,RR,16 July 2026,Circuit Nevers Magny-Cours,Chalon-sur-Saône,179.1,1412,37,49.095,Sprint of large group,Voisard Yannis,https://www.procyclingstats.com/rider/yannis-voisard,1998-07-26,1998,Switzerland,,56.0,,Fontenais,46,finished,16,936,198,GC,27,CH,Tudor Pro Cycling Team,,,",,",0,13133
12,RR,16 July 2026,Circuit Nevers Magny-Cours,Chalon-sur-Saône,179.1,1412,37,49.095,Sprint of large group,Jegat Jordan,https://www.procyclingstats.com/rider/jordan-jegat,1999-06-07,1999,France,1.76,59.0,19.05,Vannes,47,finished,19,1076,201,Climber,27,FR,TotalEnergies,,,",,",0,13133
12,RR,16 July 2026,Circuit Nevers Magny-Cours,Chalon-sur-Saône,179.1,1412,37,49.095,Sprint of large group,Guernalec Thibault,https://www.procyclingstats.com/rider/thibault-guernalec,1997-07-31,1997,France,1.85,71.0,20.75,Châteaulin,48,finished,111,8555,205,TT,28,FR,TotalEnergies,,,",,",0,13133
12,RR,16 July 2026,Circuit Nevers Magny-Cours,Chalon-sur-Saône,179.1,1412,37,49.095,Sprint of large group,Politt Nils,https://www.procyclingstats.com/rider/nils-politt,1994-03-06,1994,Germany,1.92,80.0,21.7,Cologne,49,finished,83,7390,5,Classic,32,DE,UAE Team Emirates - XRG,,,",,",0,13133
12,RR,16 July 2026,Circuit Nevers Magny-Cours,Chalon-sur-Saône,179.1,1412,37,49.095,Sprint of large group,Pogačar Tadej,https://www.procyclingstats.com/rider/tadej-pogacar,1998-09-21,1998,Slovenia,1.76,66.0,21.31,Klanec,50,finished,1,0,1,Climber,27,SI,UAE Team Emirates - XRG,,,",,",0,13133
12,RR,16 July 2026,Circuit Nevers Magny-Cours,Chalon-sur-Saône,179.1,1412,37,49.095,Sprint of large group,Matthews Michael,https://www.procyclingstats.com/rider/michael-matthews,1990-09-26,1990,Australia,1.78,72.0,22.72,Canberra,51,finished,69,6737,115,Classic,35,AU,Team Jayco AlUla,,,",,",0,13133
12,RR,16 July 2026,Circuit Nevers Magny-Cours,Chalon-sur-Saône,179.1,1412,37,49.095,Sprint of large group,Lipowitz Florian,https://www.procyclingstats.com/rider/florian-lipowitz,2000-09-21,2000,Germany,1.81,68.0,20.76,Laichingen,52,finished,6,284,25,GC,25,DE,Red Bull - BORA - hansgrohe,,,",,",0,13133
12,RR,16 July 2026,Circuit Nevers Magny-Cours,Chalon-sur-Saône,179.1,1412,37,49.095,Sprint of large group,McNulty Brandon,https://www.procyclingstats.com/rider/brandon-mcnulty,1998-04-02,1998,United States,1.83,69.0,20.6,Phoenix,53,finished,23,1561,4,GC,28,US,UAE Team Emirates - XRG,,,",,",0,13133
12,RR,16 July 2026,Circuit Nevers Magny-Cours,Chalon-sur-Saône,179.1,1412,37,49.095,Sprint of large group,Charmig Anthon,https://www.procyclingstats.com/rider/anthon-charmig,1998-03-25,1998,Denmark,1.82,66.0,19.93,Aarhus,54,finished,94,7660,123,GC,28,DK,Uno-X Mobility,,,",,",0,13133
12,RR,16 July 2026,Circuit Nevers Magny-Cours,Chalon-sur-Saône,179.1,1412,37,49.095,Sprint of large group,Hindley Jai,https://www.procyclingstats.com/rider/jai-hindley,1996-05-05,1996,Australia,1.75,60.0,19.59,Perth,55,finished,29,3144,24,Climber,30,AU,Red Bull - BORA - hansgrohe,,,",,",0,13133
12,RR,16 July 2026,Circuit Nevers Magny-Cours,Chalon-sur-Saône,179.1,1412,37,49.095,Sprint of large group,Yates Adam,https://www.procyclingstats.com/rider/adam-yates,1992-08-07,1992,Great Britain,1.73,58.0,19.38,Bury,56,finished,20,1106,8,Climber,33,GB,UAE Team Emirates - XRG,,,",,",0,13133
12,RR,16 July 2026,Circuit Nevers Magny-Cours,Chalon-sur-Saône,179.1,1412,37,49.095,Sprint of large group,Germani Lorenzo,https://www.procyclingstats.com/rider/lorenzo-germani,2002-03-03,2002,Italy,1.79,62.0,19.35,Sora,57,finished,70,6775,185,GC,24,IT,Groupama - FDJ United,,,",,",0,13133
12,RR,16 July 2026,Circuit Nevers Magny-Cours,Chalon-sur-Saône,179.1,1412,37,49.095,Sprint of large group,del Toro Isaac,https://www.procyclingstats.com/rider/isaac-del-toro,2003-11-27,2003,Mexico,1.8,64.0,19.75,Ensenada,58,finished,7,308,2,Climber,22,MX,UAE Team Emirates - XRG,,,",,",0,13133
12,RR,16 July 2026,Circuit Nevers Magny-Cours,Chalon-sur-Saône,179.1,1412,37,49.095,Sprint of large group,Van Wilder Ilan,https://www.procyclingstats.com/rider/ilan-van-wilder,2000-05-14,2000,Belgium,1.71,64.0,21.89,Jette,59,finished,12,763,97,GC,26,BE,Soudal Quick-Step,,,",,",0,13133
12,RR,16 July 2026,Circuit Nevers Magny-Cours,Chalon-sur-Saône,179.1,1412,37,49.095,Sprint of large group,Caruso Damiano,https://www.procyclingstats.com/rider/damiano-caruso,1987-10-12,1987,Italy,1.79,67.0,20.91,Ragusa,60,finished,63,6244,73,GC,38,IT,Bahrain - Victorious,,,",,",0,13133
12,RR,16 July 2026,Circuit Nevers Magny-Cours,Chalon-sur-Saône,179.1,1412,37,49.095,Sprint of large group,van Dijke Tim,https://www.procyclingstats.com/rider/tim-van-dijke,2000-03-15,2000,Netherlands,1.89,74.0,20.72,Goes,61,finished,144,9676,27,Classic,26,NL,Red Bull - BORA - hansgrohe,,,",,",0,13133
12,RR,16 July 2026,Circuit Nevers Magny-Cours,Chalon-sur-Saône,179.1,1412,37,49.095,Sprint of large group,Benoot Tiesj,https://www.procyclingstats.com/rider/tiesj-benoot,1994-03-11,1994,Belgium,1.9,72.0,19.94,Ghent,62,finished,24,1997,52,Classic,32,BE,Decathlon CMA CGM Team,,,",,",0,13133
12,RR,16 July 2026,Circuit Nevers Magny-Cours,Chalon-sur-Saône,179.1,1412,37,49.095,Sprint of large group,Quinn Sean,https://www.procyclingstats.com/rider/sean-quinn,2000-05-10,2000,United States,1.87,67.0,19.16,Los Angeles,63,finished,15,908,45,GC,26,US,EF Education - EasyPost,,,",,",0,13133
12,RR,16 July 2026,Circuit Nevers Magny-Cours,Chalon-sur-Saône,179.1,1412,37,49.095,Sprint of large group,Ayuso Juan,https://www.procyclingstats.com/rider/juan-ayuso-pesquera,2002-09-16,2002,Spain,1.83,65.0,19.41,Barcelona,64,finished,4,262,31,Climber,23,ES,Lidl - Trek,,,",,",0,13133
12,RR,16 July 2026,Circuit Nevers Magny-Cours,Chalon-sur-Saône,179.1,1412,37,49.095,Sprint of large group,Kuss Sepp,https://www.procyclingstats.com/rider/sepp-kuss,1994-09-13,1994,United States,1.82,61.0,18.42,Durango,65,finished,22,1252,17,Climber,31,US,Team Visma | Lease a Bike,,,",,",0,13133
12,RR,16 July 2026,Circuit Nevers Magny-Cours,Chalon-sur-Saône,179.1,1412,37,49.095,Sprint of large group,Carapaz Richard,https://www.procyclingstats.com/rider/richard-carapaz,1993-05-29,1993,Ecuador,1.7,62.0,21.45,El Carmelo,66,finished,18,1063,41,Climber,33,EC,EF Education - EasyPost,,,",,",0,13133
12,RR,16 July 2026,Circuit Nevers Magny-Cours,Chalon-sur-Saône,179.1,1412,37,49.095,Sprint of large group,Piganzoli Davide,https://www.procyclingstats.com/rider/davide-piganzoli,2002-07-08,2002,Italy,1.74,61.0,20.15,Morbegno,67,finished,13,818,18,GC,24,IT,Team Visma | Lease a Bike,,,",,",0,13133
12,RR,16 July 2026,Circuit Nevers Magny-Cours,Chalon-sur-Saône,179.1,1412,37,49.095,Sprint of large group,Van Moer Brent,https://www.procyclingstats.com/rider/brent-van-moer,1998-01-12,1998,Belgium,1.91,79.0,21.66,Beveren,68,finished,99,7979,177,Classic,28,BE,Pinarello Q36.5 Pro Cycling Team,,,",,",0,13133
12,RR,16 July 2026,Circuit Nevers Magny-Cours,Chalon-sur-Saône,179.1,1412,37,49.095,Sprint of large group,Hessmann Michel,https://www.procyclingstats.com/rider/michel-hessmann,2001-04-06,2001,Germany,1.91,78.0,21.38,Münster,69,finished,110,8543,145,Hills,25,DE,Movistar Team,,,",,",0,13133
12,RR,16 July 2026,Circuit Nevers Magny-Cours,Chalon-sur-Saône,179.1,1412,37,49.095,Sprint of large group,Riccitello Matthew,https://www.procyclingstats.com/rider/matthew-riccitello,2002-03-05,2002,United States,1.72,55.0,18.59,Tucson,70,finished,59,5978,58,Climber,24,US,Decathlon CMA CGM Team,,,",,",0,13133
12,RR,16 July 2026,Circuit Nevers Magny-Cours,Chalon-sur-Saône,179.1,1412,37,49.095,Sprint of large group,Van Gils Maxim,https://www.procyclingstats.com/rider/maxim-van-gils,1999-11-25,1999,Belgium,1.74,63.0,20.81,Brasschaat,71,finished,54,5636,28,Classic,26,BE,Red Bull - BORA - hansgrohe,,,",,",0,13133
12,RR,16 July 2026,Circuit Nevers Magny-Cours,Chalon-sur-Saône,179.1,1412,37,49.095,Sprint of large group,Großschartner Felix,https://www.procyclingstats.com/rider/felix-grossschartner,1993-12-23,1993,Austria,1.84,64.0,18.9,Wels,72,finished,35,3962,3,GC,32,AT,UAE Team Emirates - XRG,,,",,",0,13133
12,RR,16 July 2026,Circuit Nevers Magny-Cours,Chalon-sur-Saône,179.1,1412,37,49.095,Sprint of large group,Castrillo Pablo,https://www.procyclingstats.com/rider/pablo-castrillo-zapater,2001-01-02,2001,Spain,1.83,74.0,22.1,Jaca,73,finished,21,1232,142,Climber,25,ES,Movistar Team,,,",,",0,13133
12,RR,16 July 2026,Circuit Nevers Magny-Cours,Chalon-sur-Saône,179.1,1412,37,49.095,Sprint of large group,Kirsch Alex,https://www.procyclingstats.com/rider/alex-kirsch,1992-06-12,1992,Luxembourg,1.94,78.0,20.72,Luxembourg,74,finished,106,8342,166,TT,34,LU,Cofidis,,,",,",0,13133
12,RR,16 July 2026,Circuit Nevers Magny-Cours,Chalon-sur-Saône,179.1,1412,37,49.095,Sprint of large group,Skujiņš Toms,https://www.procyclingstats.com/rider/toms-skujins,1991-06-15,1991,Latvia,1.81,72.0,21.98,Sigulda,75,finished,72,6919,36,Classic,35,LV,Lidl - Trek,,,",,",0,13133
12,RR,16 July 2026,Circuit Nevers Magny-Cours,Chalon-sur-Saône,179.1,1412,37,49.095,Sprint of large group,Gate Aaron,https://www.procyclingstats.com/rider/aaron-gate,1990-11-26,1990,New Zealand,1.81,71.0,21.67,Auckland,76,finished,120,8809,63,GC,35,NZ,XDS Astana Team,,,",,",0,13133
12,RR,16 July 2026,Circuit Nevers Magny-Cours,Chalon-sur-Saône,179.1,1412,37,49.095,Sprint of large group,Martin Guillaume,https://www.procyclingstats.com/rider/guillaume-martin,1993-06-09,1993,France,1.73,55.0,18.38,Paris,77,finished,43,4651,186,Climber,33,FR,Groupama - FDJ United,,,",,",0,13133
12,RR,16 July 2026,Circuit Nevers Magny-Cours,Chalon-sur-Saône,179.1,1412,37,49.095,Sprint of large group,Gradek Kamil,https://www.procyclingstats.com/rider/kamil-gradek,1990-09-17,1990,Poland,1.94,83.0,22.05,Koziegłowy,78,finished,173,10872,74,TT,35,PL,Bahrain - Victorious,,,",,",0,13133
12,RR,16 July 2026,Circuit Nevers Magny-Cours,Chalon-sur-Saône,179.1,1412,37,49.095,Sprint of large group,Engelhardt Felix,https://www.procyclingstats.com/rider/felix-engelhardt,2000-08-19,2000,Germany,1.8,68.0,20.99,Ulm,79,finished,104,8278,114,Classic,25,DE,Team Jayco AlUla,,,",,",0,13133
12,RR,16 July 2026,Circuit Nevers Magny-Cours,Chalon-sur-Saône,179.1,1412,37,49.095,Sprint of large group,Vercher Mattéo,https://www.procyclingstats.com/rider/matheo-vercher,2001-01-26,2001,France,1.71,,,Lyon,80,finished,77,6991,208,Hills,25,FR,TotalEnergies,,,",,",0,13133
12,RR,16 July 2026,Circuit Nevers Magny-Cours,Chalon-sur-Saône,179.1,1412,37,49.095,Sprint of large group,Delbove Joris,https://www.procyclingstats.com/rider/joris-delbove,2000-07-15,2000,France,,,,Troyes,81,finished,52,5579,203,GC,26,FR,TotalEnergies,,,",,",0,13133
12,RR,16 July 2026,Circuit Nevers Magny-Cours,Chalon-sur-Saône,179.1,1412,37,49.095,Sprint of large group,Vacek Mathias,https://www.procyclingstats.com/rider/mathias-vacek,2002-06-12,2002,Czech Republic,1.88,75.0,21.22,Beroun,82,finished,30,3199,37,TT,24,CZ,Lidl - Trek,,,",,",0,13133
12,RR,16 July 2026,Circuit Nevers Magny-Cours,Chalon-sur-Saône,179.1,1412,37,49.095,Sprint of large group,Debruyne Ramses,https://www.procyclingstats.com/rider/ramses-debruyne,2002-08-31,2002,Belgium,1.79,66.0,20.6,Rollegem,83,finished,17,973,102,Climber,23,BE,Alpecin - Premier Tech,,,",,",0,13133
12,RR,16 July 2026,Circuit Nevers Magny-Cours,Chalon-sur-Saône,179.1,1412,37,49.095,Sprint of large group,Louvel Matis,https://www.procyclingstats.com/rider/matis-louvel,1999-07-19,1999,France,1.87,77.0,22.02,Mont Saint Aignan,84,finished,174,11147,135,Classic,26,FR,NSN Cycling Team,,,",,",0,13133
12,RR,16 July 2026,Circuit Nevers Magny-Cours,Chalon-sur-Saône,179.1,1412,37,49.095,Sprint of large group,Askey Lewis,https://www.procyclingstats.com/rider/lewis-askey,2001-05-04,2001,Great Britain,1.87,75.0,21.45,Cannock,85,finished,169,10712,132,Classic,25,GB,NSN Cycling Team,,,",,",0,13133
12,RR,16 July 2026,Circuit Nevers Magny-Cours,Chalon-sur-Saône,179.1,1412,37,49.095,Sprint of large group,Bittner Pavel,https://www.procyclingstats.com/rider/pavel-bittner,2002-10-29,2002,Czech Republic,1.84,73.0,21.56,Olomouc,86,finished,154,10226,213,Sprint,23,CZ,Team Picnic PostNL,,,",,",0,13133
12,RR,16 July 2026,Circuit Nevers Magny-Cours,Chalon-sur-Saône,179.1,1412,37,49.095,Sprint of large group,Barguil Warren,https://www.procyclingstats.com/rider/warren-barguil,1991-10-28,1991,France,1.83,61.0,18.21,Hennebont,87,finished,108,8395,211,Climber,34,FR,Team Picnic PostNL,,,",,",0,13133
12,RR,16 July 2026,Circuit Nevers Magny-Cours,Chalon-sur-Saône,179.1,1412,37,49.095,Sprint of large group,van den Berg Julius,https://www.procyclingstats.com/rider/julius-van-den-berg,1996-10-23,1996,Netherlands,1.9,78.0,21.61,Purmerend,88,finished,161,10439,217,Sprint,29,NL,Team Picnic PostNL,,,",,",0,13133
12,RR,16 July 2026,Circuit Nevers Magny-Cours,Chalon-sur-Saône,179.1,1412,37,49.095,Sprint of large group,Howson Damien,https://www.procyclingstats.com/rider/damien-howson,1992-08-13,1992,Australia,1.88,68.0,19.24,Adelaide,89,finished,95,7725,175,GC,33,AU,Pinarello Q36.5 Pro Cycling Team,,,",,",0,13133
12,RR,16 July 2026,Circuit Nevers Magny-Cours,Chalon-sur-Saône,179.1,1412,37,49.095,Sprint of large group,Gee-West Derek,https://www.procyclingstats.com/rider/derek-gee,1997-08-03,1997,Canada,1.89,72.0,20.16,Ottawa,90,finished,38,4167,32,Climber,28,CA,Lidl - Trek,,,",,",0,13133
12,RR,16 July 2026,Circuit Nevers Magny-Cours,Chalon-sur-Saône,179.1,1412,37,49.095,Sprint of large group,Planckaert Edward,https://www.procyclingstats.com/rider/edward-planckaert,1995-02-01,1995,Belgium,1.78,71.0,22.41,Kortrijk,91,finished,119,8783,106,Classic,31,BE,Alpecin - Premier Tech,,,",,",0,13133
12,RR,16 July 2026,Circuit Nevers Magny-Cours,Chalon-sur-Saône,179.1,1412,37,49.095,Sprint of large group,Hagenes Per Strand,https://www.procyclingstats.com/rider/per-strand-hagenes,2003-07-10,2003,Norway,1.86,78.0,22.55,Sandnes,92,finished,118,8782,15,Classic,23,NO,Team Visma | Lease a Bike,,,",,",0,13133
12,RR,16 July 2026,Circuit Nevers Magny-Cours,Chalon-sur-Saône,179.1,1412,37,49.095,Sprint of large group,Oliveira Nelson,https://www.procyclingstats.com/rider/nelson-oliveira,1989-03-06,1989,Portugal,1.8,67.0,20.68,Anadia,93,finished,82,7357,146,TT,37,PT,Movistar Team,,,",,",0,13133
12,RR,16 July 2026,Circuit Nevers Magny-Cours,Chalon-sur-Saône,179.1,1412,37,49.095,Sprint of large group,Velasco Simone,https://www.procyclingstats.com/rider/simone-velasco,1995-12-02,1995,Italy,1.7,59.0,20.42,Bologna,94,finished,125,8978,67,Classic,30,IT,XDS Astana Team,,,",,",0,13133
12,RR,16 July 2026,Circuit Nevers Magny-Cours,Chalon-sur-Saône,179.1,1412,37,49.095,Sprint of large group,Vervaeke Louis,https://www.procyclingstats.com/rider/louis-vervaeke,1993-10-06,1993,Belgium,1.81,68.0,20.76,Ronse,95,finished,74,6943,98,GC,32,BE,Soudal Quick-Step,,,",,",0,13133
12,RR,16 July 2026,Circuit Nevers Magny-Cours,Chalon-sur-Saône,179.1,1412,37,49.095,Sprint of large group,Parra José Félix,https://www.procyclingstats.com/rider/jose-felix-parra,1997-01-16,1997,Spain,1.71,55.0,18.81,Ossa de Montiel,96,finished,41,4388,228,GC,29,ES,Caja Rural - Seguros RGA,,,",,",0,13133
12,RR,16 July 2026,Circuit Nevers Magny-Cours,Chalon-sur-Saône,179.1,1412,37,49.095,Sprint of large group,Pacher Quentin,https://www.procyclingstats.com/rider/quentin-pacher,1992-01-06,1992,France,1.79,62.0,19.35,Libourne,97,finished,75,6967,187,Hills,34,FR,Groupama - FDJ United,,,",,",0,13133
12,RR,16 July 2026,Circuit Nevers Magny-Cours,Chalon-sur-Saône,179.1,1412,37,49.095,Sprint of large group,García Pierna Raúl,https://www.procyclingstats.com/rider/raul-garcia-pierna,2001-02-23,2001,Spain,1.75,67.0,21.88,Tres Cantos,98,finished,45,4793,144,Climber,25,ES,Movistar Team,,,",,",0,13133
12,RR,16 July 2026,Circuit Nevers Magny-Cours,Chalon-sur-Saône,179.1,1412,37,49.095,Sprint of large group,Romo Javier,https://www.procyclingstats.com/rider/javier-romo,1999-01-06,1999,Spain,1.84,70.0,20.68,Villafranca de los Caballeros,99,finished,56,5865,147,GC,27,ES,Movistar Team,,,",,",0,13133
12,RR,16 July 2026,Circuit Nevers Magny-Cours,Chalon-sur-Saône,179.1,1412,37,49.095,Sprint of large group,Tratnik Jan,https://www.procyclingstats.com/rider/jan-tratnik,1990-02-23,1990,Slovenia,1.73,67.0,22.39,Idrija,100,finished,97,7956,26,TT,36,SI,Red Bull - BORA - hansgrohe,,,",,",0,13133
12,RR,16 July 2026,Circuit Nevers Magny-Cours,Chalon-sur-Saône,179.1,1412,37,49.095,Sprint of large group,Allegaert Piet,https://www.procyclingstats.com/rider/piet-allegaert,1995-01-20,1995,Belgium,1.81,70.0,21.37,Moorslede,101,finished,172,10786,162,Classic,31,BE,Cofidis,,,",,",0,13133
12,RR,16 July 2026,Circuit Nevers Magny-Cours,Chalon-sur-Saône,179.1,1412,37,49.095,Sprint of large group,Page Hugo,https://www.procyclingstats.com/rider/hugo-page,2001-07-24,2001,France,1.85,71.0,20.75,Chartres,102,finished,128,9166,167,Classic,24,FR,Cofidis,,,",,",0,13133
12,RR,16 July 2026,Circuit Nevers Magny-Cours,Chalon-sur-Saône,179.1,1412,37,49.095,Sprint of large group,Cattaneo Mattia,https://www.procyclingstats.com/rider/mattia-cattaneo,1990-10-25,1990,Italy,1.84,67.0,19.79,Alzano Lombardo,103,finished,61,6029,22,TT,35,IT,Red Bull - BORA - hansgrohe,,,",,",0,13133
12,RR,16 July 2026,Circuit Nevers Magny-Cours,Chalon-sur-Saône,179.1,1412,37,49.095,Sprint of large group,Ballerini Davide,https://www.procyclingstats.com/rider/davide-ballerini,1994-09-21,1994,Italy,1.83,71.0,21.2,Cantù,104,finished,170,10715,62,Classic,31,IT,XDS Astana Team,,,",,",0,13133
12,RR,16 July 2026,Circuit Nevers Magny-Cours,Chalon-sur-Saône,179.1,1412,37,49.095,Sprint of large group,Verona Carlos,https://www.procyclingstats.com/rider/carlos-verona,1992-11-04,1992,Spain,1.86,68.0,19.66,San Lorenzo de El Escorial,105,finished,27,2813,38,GC,33,ES,Lidl - Trek,,,",,",0,13133
12,RR,16 July 2026,Circuit Nevers Magny-Cours,Chalon-sur-Saône,179.1,1412,37,49.095,Sprint of large group,O'Connor Ben,https://www.procyclingstats.com/rider/ben-o-connor,1995-11-25,1995,Australia,1.88,67.0,18.96,Subiaco,106,finished,51,5525,111,GC,30,AU,Team Jayco AlUla,,,",,",0,13133
12,RR,16 July 2026,Circuit Nevers Magny-Cours,Chalon-sur-Saône,179.1,1412,37,49.095,Sprint of large group,Wærenskjold Søren,https://www.procyclingstats.com/rider/soren-waerenskjold,2000-03-12,2000,Norway,1.95,92.0,24.19,Mandal,107,finished,132,9346,128,Classic,26,NO,Uno-X Mobility,,,",,",0,13133
12,RR,16 July 2026,Circuit Nevers Magny-Cours,Chalon-sur-Saône,179.1,1412,37,49.095,Sprint of large group,Johannessen Anders Halland,https://www.procyclingstats.com/rider/anders-halland-johannessen,1999-08-23,1999,Norway,1.76,,,Drøbak,108,finished,92,7573,125,GC,26,NO,Uno-X Mobility,,,",,",0,13133
12,RR,16 July 2026,Circuit Nevers Magny-Cours,Chalon-sur-Saône,179.1,1412,37,49.095,Sprint of large group,Martinez Lenny,https://www.procyclingstats.com/rider/lenny-martinez,2003-07-11,2003,France,1.68,52.0,18.42,Cannes,109,finished,9,394,71,Climber,23,FR,Bahrain - Victorious,,,",,",0,13133
12,RR,16 July 2026,Circuit Nevers Magny-Cours,Chalon-sur-Saône,179.1,1412,37,49.095,Sprint of large group,Bauhaus Phil,https://www.procyclingstats.com/rider/phil-bauhaus,1994-07-08,1994,Germany,1.84,75.0,22.15,Bocholt,110,finished,167,10696,72,Sprint,32,DE,Bahrain - Victorious,,,",,",0,13133
12,RR,16 July 2026,Circuit Nevers Magny-Cours,Chalon-sur-Saône,179.1,1412,37,49.095,Sprint of large group,Degenkolb John,https://www.procyclingstats.com/rider/john-degenkolb,1989-01-07,1989,Germany,1.8,82.0,25.31,Gera,111,finished,163,10483,214,Classic,37,DE,Team Picnic PostNL,,,",,",0,13133
12,RR,16 July 2026,Circuit Nevers Magny-Cours,Chalon-sur-Saône,179.1,1412,37,49.095,Sprint of large group,Craps Lars,https://www.procyclingstats.com/rider/lars-craps,2001-10-17,2001,Belgium,1.85,67.0,19.58,Aalst,112,finished,62,6114,154,GC,24,BE,Lotto Intermarché,,,",,",0,13133
12,RR,16 July 2026,Circuit Nevers Magny-Cours,Chalon-sur-Saône,179.1,1412,37,49.095,Sprint of large group,Van Eetvelt Lennert,https://www.procyclingstats.com/rider/lennert-van-eetvelt,2001-07-17,2001,Belgium,1.76,63.0,20.34,Binkom,113,finished,25,2326,156,Climber,24,BE,Lotto Intermarché,,,",,",0,13133
12,RR,16 July 2026,Circuit Nevers Magny-Cours,Chalon-sur-Saône,179.1,1412,37,49.095,Sprint of large group,Durbridge Luke,https://www.procyclingstats.com/rider/luke-durbridge,1991-04-09,1991,Australia,1.87,78.0,22.31,Greenmount,114,finished,113,8597,113,TT,35,AU,Team Jayco AlUla,,,",,",0,13133
12,RR,16 July 2026,Circuit Nevers Magny-Cours,Chalon-sur-Saône,179.1,1412,37,49.095,Sprint of large group,Frigo Marco,https://www.procyclingstats.com/rider/marco-frigo,2000-03-02,2000,Italy,1.88,70.0,19.81,Bassano del Grappa,115,finished,112,8585,134,Climber,26,IT,NSN Cycling Team,,,",,",0,13133
12,RR,16 July 2026,Circuit Nevers Magny-Cours,Chalon-sur-Saône,179.1,1412,37,49.095,Sprint of large group,Marsman Tim,https://www.procyclingstats.com/rider/tim-marsman,2000-10-04,2000,Netherlands,1.91,75.0,20.56,Hattem,116,finished,153,10149,104,Sprint,25,NL,Alpecin - Premier Tech,,,",,",0,13133
12,RR,16 July 2026,Circuit Nevers Magny-Cours,Chalon-sur-Saône,179.1,1412,37,49.095,Sprint of large group,Thomas Benjamin,https://www.procyclingstats.com/rider/benjamin-thomas-2,1995-09-12,1995,France,1.79,68.0,21.22,Lavaur,117,finished,117,8745,168,TT,30,FR,Cofidis,,,",,",0,13133
12,RR,16 July 2026,Circuit Nevers Magny-Cours,Chalon-sur-Saône,179.1,1412,37,49.095,Sprint of large group,Valgren Michael,https://www.procyclingstats.com/rider/michael-valgren-andersen,1992-02-07,1992,Denmark,1.79,71.0,22.16,Østerild,118,finished,71,6860,47,Classic,34,DK,EF Education - EasyPost,,,",,",0,13133
12,RR,16 July 2026,Circuit Nevers Magny-Cours,Chalon-sur-Saône,179.1,1412,37,49.095,Sprint of large group,Armirail Bruno,https://www.procyclingstats.com/rider/bruno-armirail,1994-04-11,1994,France,1.9,72.0,19.94,Bagnères-de-Bigorre,119,finished,96,7913,13,TT,32,FR,Team Visma | Lease a Bike,,,",,",0,13133
12,RR,16 July 2026,Circuit Nevers Magny-Cours,Chalon-sur-Saône,179.1,1412,37,49.095,Sprint of large group,Le Berre Mathis,https://www.procyclingstats.com/rider/mathis-le-berre,2001-04-16,2001,France,1.76,68.0,21.95,Saint-Brieuc,120,finished,73,6919,206,Hills,25,FR,TotalEnergies,,,",,",0,13133
12,RR,16 July 2026,Circuit Nevers Magny-Cours,Chalon-sur-Saône,179.1,1412,37,49.095,Sprint of large group,Plapp Luke,https://www.procyclingstats.com/rider/luke-plapp,2000-12-25,2000,Australia,1.81,72.0,21.98,Melbourne,121,finished,93,7628,117,GC,25,AU,Team Jayco AlUla,,,",,",0,13133
12,RR,16 July 2026,Circuit Nevers Magny-Cours,Chalon-sur-Saône,179.1,1412,37,49.095,Sprint of large group,Baudin Alex,https://www.procyclingstats.com/rider/alex-baudin,2001-05-25,2001,France,1.83,64.0,19.11,Albertville,122,finished,34,3946,43,Climber,25,FR,EF Education - EasyPost,,,",,",0,13133
12,RR,16 July 2026,Circuit Nevers Magny-Cours,Chalon-sur-Saône,179.1,1412,37,49.095,Sprint of large group,Balderstone Abel,https://www.procyclingstats.com/rider/abel-balderstone-roumens,2000-07-07,2000,Spain,1.79,61.0,19.04,Ullastrell,123,finished,55,5758,222,GC,26,ES,Caja Rural - Seguros RGA,,,",,",0,13133
12,RR,16 July 2026,Circuit Nevers Magny-Cours,Chalon-sur-Saône,179.1,1412,37,49.095,Sprint of large group,Bernal Egan,https://www.procyclingstats.com/rider/egan-bernal,1997-01-13,1997,Colombia,1.75,60.0,19.59,Bogotá,124,finished,11,735,81,GC,29,CO,Netcompany INEOS,,,",,",0,13133
12,RR,16 July 2026,Circuit Nevers Magny-Cours,Chalon-sur-Saône,179.1,1412,37,49.095,Sprint of large group,Abrahamsen Jonas,https://www.procyclingstats.com/rider/jonas-abrahamsen,1995-09-20,1995,Norway,1.83,78.0,23.29,Skien,125,finished,98,7972,122,Classic,30,NO,Uno-X Mobility,,,",,",0,13133
12,RR,16 July 2026,Circuit Nevers Magny-Cours,Chalon-sur-Saône,179.1,1412,37,49.095,Sprint of large group,Skaarseth Anders,https://www.procyclingstats.com/rider/anders-skaarseth,1995-05-07,1995,Norway,1.86,,,Lillehammer,126,finished,50,5455,126,Classic,31,NO,Uno-X Mobility,,,",,",0,13133
12,RR,16 July 2026,Circuit Nevers Magny-Cours,Chalon-sur-Saône,179.1,1412,37,49.095,Sprint of large group,Walker Max,https://www.procyclingstats.com/rider/max-walker,2001-07-12,2001,Great Britain,,,,Douglas,127,finished,103,8159,48,TT,25,GB,EF Education - EasyPost,,,",,",0,13133
12,RR,16 July 2026,Circuit Nevers Magny-Cours,Chalon-sur-Saône,179.1,1412,37,49.095,Sprint of large group,Aranburu Alex,https://www.procyclingstats.com/rider/alex-aranburu,1995-09-19,1995,Spain,1.78,63.0,19.88,Ezkio-Itsaso,128,finished,79,7033,163,Classic,30,ES,Cofidis,,,",,",0,13133
12,RR,16 July 2026,Circuit Nevers Magny-Cours,Chalon-sur-Saône,179.1,1412,37,49.095,Sprint of large group,Healy Ben,https://www.procyclingstats.com/rider/ben-healy,2000-09-11,2000,Ireland,1.75,62.0,20.24,Kingswinford Previous nationalities Great Britain until 2016,129,finished,90,7554,44,Climber,25,IE,EF Education - EasyPost,,,",,",0,13133
12,RR,16 July 2026,Circuit Nevers Magny-Cours,Chalon-sur-Saône,179.1,1412,37,49.095,Sprint of large group,Rubio Einer,https://www.procyclingstats.com/rider/einer-rubio,1998-02-22,1998,Colombia,1.64,56.0,20.82,Chíquiza,130,finished,39,4304,148,Climber,28,CO,Movistar Team,,,",,",0,13133
12,RR,16 July 2026,Circuit Nevers Magny-Cours,Chalon-sur-Saône,179.1,1412,37,49.095,Sprint of large group,Higuita Sergio,https://www.procyclingstats.com/rider/sergio-higuita,1997-08-01,1997,Colombia,1.66,57.0,20.69,Medellín,131,finished,40,4323,61,Climber,28,CO,XDS Astana Team,,,",,",0,13133
12,RR,16 July 2026,Circuit Nevers Magny-Cours,Chalon-sur-Saône,179.1,1412,37,49.095,Sprint of large group,Kwiatkowski Michał,https://www.procyclingstats.com/rider/michal-kwiatkowski,1990-06-02,1990,Poland,1.76,68.0,21.95,Chełmża,132,finished,123,8925,86,Classic,36,PL,Netcompany INEOS,,,",,",0,13133
12,RR,16 July 2026,Circuit Nevers Magny-Cours,Chalon-sur-Saône,179.1,1412,37,49.095,Sprint of large group,Zimmermann Georg,https://www.procyclingstats.com/rider/georg-zimmermann,1997-10-11,1997,Germany,1.81,70.0,21.37,Augsburg,133,finished,80,7109,158,Classic,28,DE,Lotto Intermarché,,,",,",0,13133
12,RR,16 July 2026,Circuit Nevers Magny-Cours,Chalon-sur-Saône,179.1,1412,37,49.095,Sprint of large group,Arensman Thymen,https://www.procyclingstats.com/rider/thymen-arensman,1999-12-04,1999,Netherlands,1.9,68.0,18.84,Deil,134,finished,28,3008,82,GC,26,NL,Netcompany INEOS,,,",,",0,13133
12,RR,16 July 2026,Circuit Nevers Magny-Cours,Chalon-sur-Saône,179.1,1412,37,49.095,Sprint of large group,Foss Tobias,https://www.procyclingstats.com/rider/tobias-foss,1997-05-25,1997,Norway,1.84,74.0,21.86,Vingrom,135,finished,49,5318,83,TT,29,NO,Netcompany INEOS,,,",,",0,13133
12,RR,16 July 2026,Circuit Nevers Magny-Cours,Chalon-sur-Saône,179.1,1412,37,49.095,Sprint of large group,Tarling Joshua,https://www.procyclingstats.com/rider/joshua-tarling,2004-02-15,2004,Great Britain,1.94,78.0,20.72,Aberaeron,136,finished,149,10001,87,TT,22,GB,Netcompany INEOS,,,",,",0,13133
12,RR,16 July 2026,Circuit Nevers Magny-Cours,Chalon-sur-Saône,179.1,1412,37,49.095,Sprint of large group,Hirschi Marc,https://www.procyclingstats.com/rider/marc-hirschi,1998-08-24,1998,Switzerland,1.74,61.0,20.15,Bern,137,finished,46,4889,194,Classic,27,CH,Tudor Pro Cycling Team,,,",,",0,13133
12,RR,16 July 2026,Circuit Nevers Magny-Cours,Chalon-sur-Saône,179.1,1412,37,49.095,Sprint of large group,Campenaerts Victor,https://www.procyclingstats.com/rider/victor-campenaerts,1991-10-28,1991,Belgium,1.73,68.0,22.72,Hoboken,138,finished,88,7508,14,TT,34,BE,Team Visma | Lease a Bike,,,",,",0,13133
12,RR,16 July 2026,Circuit Nevers Magny-Cours,Chalon-sur-Saône,179.1,1412,37,49.095,Sprint of large group,Vinokurov Nicolas,https://www.procyclingstats.com/rider/nicolas-vinokurov,2002-07-07,2002,Kazakhstan,1.84,69.0,20.38,Nice,139,finished,131,9306,68,GC,24,KZ,XDS Astana Team,,,",,",0,13133
12,RR,16 July 2026,Circuit Nevers Magny-Cours,Chalon-sur-Saône,179.1,1412,37,49.095,Sprint of large group,Breuillard Nicolas,https://www.procyclingstats.com/rider/nicolas-breuillard,2000-03-13,2000,France,1.75,,,Pertuis,140,finished,48,5089,202,GC,26,FR,TotalEnergies,,,",,",0,13133
12,RR,16 July 2026,Circuit Nevers Magny-Cours,Chalon-sur-Saône,179.1,1412,37,49.095,Sprint of large group,Cepeda Jefferson Alveiro,https://www.procyclingstats.com/rider/jefferson-cepeda-hernandez,1996-03-02,1996,Ecuador,1.7,61.0,21.11,El Playón,141,finished,78,6997,143,GC,30,EC,Movistar Team,,,",,",0,13133
12,RR,16 July 2026,Circuit Nevers Magny-Cours,Chalon-sur-Saône,179.1,1412,37,49.095,Sprint of large group,Izagirre Ion,https://www.procyclingstats.com/rider/ion-izagirre,1989-02-04,1989,Spain,1.73,60.0,20.05,Ormaiztegi,142,finished,44,4662,161,GC,37,ES,Cofidis,,,",,",0,13133
12,RR,16 July 2026,Circuit Nevers Magny-Cours,Chalon-sur-Saône,179.1,1412,37,49.095,Sprint of large group,van den Broek Frank,https://www.procyclingstats.com/rider/frank-van-den-broek,2000-12-28,2000,Netherlands,1.78,70.0,22.09,Warmond,143,finished,86,7427,218,GC,25,NL,Team Picnic PostNL,,,",,",0,13133
12,RR,16 July 2026,Circuit Nevers Magny-Cours,Chalon-sur-Saône,179.1,1412,37,49.095,Sprint of large group,Van Mechelen Vlad,https://www.procyclingstats.com/rider/vlad-van-mechelen,2004-06-02,2004,Belgium,1.83,73.0,21.8,Leuven,144,finished,84,7405,78,Sprint,22,BE,Bahrain - Victorious,,,",,",0,13133
12,RR,16 July 2026,Circuit Nevers Magny-Cours,Chalon-sur-Saône,179.1,1412,37,49.095,Sprint of large group,Tejada Harold,https://www.procyclingstats.com/rider/harold-tejada,1997-04-27,1997,Colombia,1.8,63.0,19.44,Pitalito,145,finished,31,3255,65,Climber,29,CO,XDS Astana Team,,,3:26,206,13339
12,RR,16 July 2026,Circuit Nevers Magny-Cours,Chalon-sur-Saône,179.1,1412,37,49.095,Sprint of large group,Storer Michael,https://www.procyclingstats.com/rider/michael-storer,1997-02-28,1997,Australia,1.77,63.0,20.11,Perth,146,finished,114,8607,196,Climber,29,AU,Tudor Pro Cycling Team,,,",,",206,13339
12,RR,16 July 2026,Circuit Nevers Magny-Cours,Chalon-sur-Saône,179.1,1412,37,49.095,Sprint of large group,Berwick Sebastian,https://www.procyclingstats.com/rider/sebastian-berwick,1999-12-15,1999,Australia,1.75,59.0,19.27,Brisbane,147,finished,107,8348,223,GC,26,AU,Caja Rural - Seguros RGA,,,",,",206,13339
12,RR,16 July 2026,Circuit Nevers Magny-Cours,Chalon-sur-Saône,179.1,1412,37,49.095,Sprint of large group,Godon Dorian,https://www.procyclingstats.com/rider/dorian-godon,1996-05-25,1996,France,1.89,74.0,20.72,Vitry-sur-Seine,148,finished,126,8979,85,Hills,30,FR,Netcompany INEOS,,,*0:00,0,13133
12,RR,16 July 2026,Circuit Nevers Magny-Cours,Chalon-sur-Saône,179.1,1412,37,49.095,Sprint of large group,Vauquelin Kévin,https://www.procyclingstats.com/rider/kevin-vauquelin,2001-04-26,2001,France,1.76,69.0,22.28,Bayeux,149,finished,36,3976,88,GC,25,FR,Netcompany INEOS,,,"*,,",0,13133
12,RR,16 July 2026,Circuit Nevers Magny-Cours,Chalon-sur-Saône,179.1,1412,37,49.095,Sprint of large group,Azparren Xabier Mikel,https://www.procyclingstats.com/rider/xabier-mikel-azparren-irurzun,1999-02-25,1999,Spain,,,,San Sebastián,150,finished,121,8865,172,TT,27,ES,Pinarello Q36.5 Pro Cycling Team,,,3:53,233,13366
12,RR,16 July 2026,Circuit Nevers Magny-Cours,Chalon-sur-Saône,179.1,1412,37,49.095,Sprint of large group,Gaviria Fernando,https://www.procyclingstats.com/rider/fernando-gaviria,1994-08-19,1994,Colombia,1.81,71.0,21.67,La Ceja,151,finished,165,10641,221,Sprint,31,CO,Caja Rural - Seguros RGA,,,*0:00,0,13133
12,RR,16 July 2026,Circuit Nevers Magny-Cours,Chalon-sur-Saône,179.1,1412,37,49.095,Sprint of large group,Oldani Stefano,https://www.procyclingstats.com/rider/stefano-oldani,1998-01-10,1998,Italy,1.78,65.0,20.52,Milan,152,finished,136,9447,226,Hills,28,IT,Caja Rural - Seguros RGA,,,"*,,",0,13133
12,RR,16 July 2026,Circuit Nevers Magny-Cours,Chalon-sur-Saône,179.1,1412,37,49.095,Sprint of large group,Dhondt Robbe,https://www.procyclingstats.com/rider/robbe-dhondt,2004-06-25,2004,Belgium,1.76,,,Zottegem,153,finished,155,10268,215,GC,22,BE,Team Picnic PostNL,,,4:16,256,13389
12,RR,16 July 2026,Circuit Nevers Magny-Cours,Chalon-sur-Saône,179.1,1412,37,49.095,Sprint of large group,van Baarle Dylan,https://www.procyclingstats.com/rider/dylan-van-baarle,1992-05-21,1992,Netherlands,1.89,74.0,20.72,Voorburg,154,finished,143,9667,95,Classic,34,NL,Soudal Quick-Step,,,4:59,299,13432
12,RR,16 July 2026,Circuit Nevers Magny-Cours,Chalon-sur-Saône,179.1,1412,37,49.095,Sprint of large group,Berckmoes Jenno,https://www.procyclingstats.com/rider/jenno-berckmoes,2001-02-04,2001,Belgium,1.77,61.0,19.47,Ghent,155,finished,101,8111,153,Classic,25,BE,Lotto Intermarché,,,*0:00,0,13133
12,RR,16 July 2026,Circuit Nevers Magny-Cours,Chalon-sur-Saône,179.1,1412,37,49.095,Sprint of large group,Slock Liam,https://www.procyclingstats.com/rider/liam-slock,2000-09-18,2000,Belgium,1.88,74.0,20.94,Ghent,156,finished,151,10066,155,GC,25,BE,Lotto Intermarché,,,"*,,",0,13133
12,RR,16 July 2026,Circuit Nevers Magny-Cours,Chalon-sur-Saône,179.1,1412,37,49.095,Sprint of large group,Paret-Peintre Valentin,https://www.procyclingstats.com/rider/valentin-paret-peintre,2001-01-14,2001,France,1.78,52.0,16.41,Annemasse,157,finished,47,5072,93,Climber,25,FR,Soudal Quick-Step,,,5:37,337,13470
12,RR,16 July 2026,Circuit Nevers Magny-Cours,Chalon-sur-Saône,179.1,1412,37,49.095,Sprint of large group,Denz Nico,https://www.procyclingstats.com/rider/nico-denz,1994-02-15,1994,Germany,1.83,71.0,21.2,Waldshut-Tiengen,158,finished,100,8039,23,Hills,32,DE,Red Bull - BORA - hansgrohe,,,",,",337,13470
12,RR,16 July 2026,Circuit Nevers Magny-Cours,Chalon-sur-Saône,179.1,1412,37,49.095,Sprint of large group,Biesterbos Frits,https://www.procyclingstats.com/rider/frits-biesterbos,2002-02-14,2002,Netherlands,,,,Apeldoorn,159,finished,138,9538,212,Classic,24,NL,Team Picnic PostNL,,,",,",337,13470
12,RR,16 July 2026,Circuit Nevers Magny-Cours,Chalon-sur-Saône,179.1,1412,37,49.095,Sprint of large group,Ganna Filippo,https://www.procyclingstats.com/rider/filippo-ganna,1996-07-25,1996,Italy,1.93,83.0,22.28,Verbania,160,finished,129,9233,84,TT,29,IT,Netcompany INEOS,,,7:18,438,13571
12,RR,16 July 2026,Circuit Nevers Magny-Cours,Chalon-sur-Saône,179.1,1412,37,49.095,Sprint of large group,Veistroffer Baptiste,https://www.procyclingstats.com/rider/baptiste-veistroffer,2000-05-29,2000,France,1.82,73.0,22.04,Fouesnant,161,finished,159,10396,157,Hills,26,FR,Lotto Intermarché,,,7:46,466,13599
12,RR,16 July 2026,Circuit Nevers Magny-Cours,Chalon-sur-Saône,179.1,1412,37,49.095,Sprint of large group,Wellens Tim,https://www.procyclingstats.com/rider/tim-wellens,1991-05-10,1991,Belgium,1.82,71.0,21.43,Sint-Truiden,162,finished,57,5951,7,GC,35,BE,UAE Team Emirates - XRG,,,",,",466,13599
12,RR,16 July 2026,Circuit Nevers Magny-Cours,Chalon-sur-Saône,179.1,1412,37,49.095,Sprint of large group,Märkl Niklas,https://www.procyclingstats.com/rider/niklas-markl,1999-03-03,1999,Germany,1.85,70.0,20.45,Queidersbach,163,finished,157,10370,216,Sprint,27,DE,Team Picnic PostNL,,,",,",466,13599
12,RR,16 July 2026,Circuit Nevers Magny-Cours,Chalon-sur-Saône,179.1,1412,37,49.095,Sprint of large group,Nicolau Joel,https://www.procyclingstats.com/rider/joel-nicolau,1997-12-23,1997,Spain,1.76,66.0,21.31,Llofriu,164,finished,134,9381,225,Hills,28,ES,Caja Rural - Seguros RGA,,,",,",466,13599
12,RR,16 July 2026,Circuit Nevers Magny-Cours,Chalon-sur-Saône,179.1,1412,37,49.095,Sprint of large group,Alaphilippe Julian,https://www.procyclingstats.com/rider/julian-alaphilippe,1992-06-11,1992,France,1.73,62.0,20.72,Saint-Amand-Montrond,165,finished,147,9868,191,Classic,34,FR,Tudor Pro Cycling Team,,,",,",466,13599
12,RR,16 July 2026,Circuit Nevers Magny-Cours,Chalon-sur-Saône,179.1,1412,37,49.095,Sprint of large group,Steinhauser Georg,https://www.procyclingstats.com/rider/georg-steinhauser,2001-10-21,2001,Germany,1.89,70.0,19.6,Lindenberg im Allgäu,166,finished,139,9570,46,Climber,24,DE,EF Education - EasyPost,,,",,",466,13599
12,RR,16 July 2026,Circuit Nevers Magny-Cours,Chalon-sur-Saône,179.1,1412,37,49.095,Sprint of large group,Jorgenson Matteo,https://www.procyclingstats.com/rider/matteo-jorgenson,1999-07-01,1999,United States,1.9,69.0,19.11,Walnut Creek,167,finished,32,3348,16,GC,27,US,Team Visma | Lease a Bike,,,",,",466,13599
12,RR,16 July 2026,Circuit Nevers Magny-Cours,Chalon-sur-Saône,179.1,1412,37,49.095,Sprint of large group,Verstrynge Emiel,https://www.procyclingstats.com/rider/emiel-verstrynge,2002-02-04,2002,Belgium,1.89,69.0,19.32,Eeklo,168,finished,127,9099,108,Climber,24,BE,Alpecin - Premier Tech,,,",,",466,13599
12,RR,16 July 2026,Circuit Nevers Magny-Cours,Chalon-sur-Saône,179.1,1412,37,49.095,Sprint of large group,Neilands Krists,https://www.procyclingstats.com/rider/krists-neilands,1994-08-18,1994,Latvia,1.89,69.0,19.32,Kuldīga,169,finished,141,9600,136,Classic,31,LV,NSN Cycling Team,,,",,",466,13599
12,RR,16 July 2026,Circuit Nevers Magny-Cours,Chalon-sur-Saône,179.1,1412,37,49.095,Sprint of large group,Dillier Silvan,https://www.procyclingstats.com/rider/silvan-dillier,1990-08-03,1990,Switzerland,1.83,75.0,22.4,Aarau,170,finished,156,10343,103,Classic,35,CH,Alpecin - Premier Tech,,,",,",466,13599
12,RR,16 July 2026,Circuit Nevers Magny-Cours,Chalon-sur-Saône,179.1,1412,37,49.095,Sprint of large group,Otruba Jakub,https://www.procyclingstats.com/rider/jakub-otruba,1998-01-30,1998,Czech Republic,1.9,75.0,20.78,Olomouc,171,finished,135,9389,227,GC,28,CZ,Caja Rural - Seguros RGA,,,",,",466,13599
12,RR,16 July 2026,Circuit Nevers Magny-Cours,Chalon-sur-Saône,179.1,1412,37,49.095,Sprint of large group,Eenkhoorn Pascal,https://www.procyclingstats.com/rider/pascal-eenkhoorn,1997-02-08,1997,Netherlands,1.85,72.0,21.04,Zwolle,172,finished,152,10144,92,Classic,29,NL,Soudal Quick-Step,,,",,",466,13599
12,RR,16 July 2026,Circuit Nevers Magny-Cours,Chalon-sur-Saône,179.1,1412,37,49.095,Sprint of large group,Costiou Ewen,https://www.procyclingstats.com/rider/ewen-costiou,2002-11-10,2002,France,1.76,64.0,20.66,Brest,173,finished,76,6968,184,GC,23,FR,Groupama - FDJ United,,,",,",466,13599
12,RR,16 July 2026,Circuit Nevers Magny-Cours,Chalon-sur-Saône,179.1,1412,37,49.095,Sprint of large group,Bennett George,https://www.procyclingstats.com/rider/george-bennett,1990-04-07,1990,New Zealand,1.81,58.0,17.7,Nelson,174,finished,91,7571,133,GC,36,NZ,NSN Cycling Team,,,",,",466,13599
13,RR,17 July 2026,Dole,Belfort,205.8,2309,109,49.999,Sprint à deux,Schmid Mauro,https://www.procyclingstats.com/rider/mauro-schmid,1999-12-04,1999,Switzerland,1.87,70.0,20.02,Bülach,1,finished,67,6813,118,Hills,26,CH,Team Jayco AlUla,210.0,100.0,4:06:58,0,14818
13,RR,17 July 2026,Dole,Belfort,205.8,2309,109,49.999,Sprint à deux,Tejada Harold,https://www.procyclingstats.com/rider/harold-tejada,1997-04-27,1997,Colombia,1.8,63.0,19.44,Pitalito,2,finished,26,2797,65,Climber,29,CO,XDS Astana Team,150.0,70.0,",,",0,14818
13,RR,17 July 2026,Dole,Belfort,205.8,2309,109,49.999,Sprint à deux,Pidcock Tom,https://www.procyclingstats.com/rider/tom-pidcock,1999-07-30,1999,Great Britain,1.7,58.0,20.07,Leeds,3,finished,4,255,171,Classic,26,GB,Pinarello Q36.5 Pro Cycling Team,110.0,50.0,0:02,2,14820
13,RR,17 July 2026,Dole,Belfort,205.8,2309,109,49.999,Sprint à deux,Van Gils Maxim,https://www.procyclingstats.com/rider/maxim-van-gils,1999-11-25,1999,Belgium,1.74,63.0,20.81,Brasschaat,4,finished,51,5186,28,Classic,26,BE,Red Bull - BORA - hansgrohe,90.0,40.0,",,",2,14820
13,RR,17 July 2026,Dole,Belfort,205.8,2309,109,49.999,Sprint à deux,McNulty Brandon,https://www.procyclingstats.com/rider/brandon-mcnulty,1998-04-02,1998,United States,1.83,69.0,20.6,Phoenix,5,finished,21,1111,4,GC,28,US,UAE Team Emirates - XRG,70.0,32.0,",,",2,14820
13,RR,17 July 2026,Dole,Belfort,205.8,2309,109,49.999,Sprint à deux,Vauquelin Kévin,https://www.procyclingstats.com/rider/kevin-vauquelin,2001-04-26,2001,France,1.76,69.0,22.28,Bayeux,6,finished,31,3526,88,GC,25,FR,Netcompany INEOS,55.0,26.0,",,",2,14820
13,RR,17 July 2026,Dole,Belfort,205.8,2309,109,49.999,Sprint à deux,Jegat Jordan,https://www.procyclingstats.com/rider/jordan-jegat,1999-06-07,1999,France,1.76,59.0,19.05,Vannes,7,finished,11,626,201,Climber,27,FR,TotalEnergies,45.0,22.0,",,",2,14820
13,RR,17 July 2026,Dole,Belfort,205.8,2309,109,49.999,Sprint à deux,Braz Afonso Clément,https://www.procyclingstats.com/rider/clement-braz-afonso,1999-11-08,1999,France,1.63,50.0,18.82,Brive-la-Gaillarde,8,finished,50,5183,183,Climber,26,FR,Groupama - FDJ United,40.0,18.0,",,",2,14820
13,RR,17 July 2026,Dole,Belfort,205.8,2309,109,49.999,Sprint à deux,Wellens Tim,https://www.procyclingstats.com/rider/tim-wellens,1991-05-10,1991,Belgium,1.82,71.0,21.43,Sint-Truiden,9,finished,54,5501,7,GC,35,BE,UAE Team Emirates - XRG,35.0,14.0,",,",2,14820
13,RR,17 July 2026,Dole,Belfort,205.8,2309,109,49.999,Sprint à deux,Plapp Luke,https://www.procyclingstats.com/rider/luke-plapp,2000-12-25,2000,Australia,1.81,72.0,21.98,Melbourne,10,finished,76,7187,117,GC,25,AU,Team Jayco AlUla,30.0,10.0,0:11,11,14829
13,RR,17 July 2026,Dole,Belfort,205.8,2309,109,49.999,Sprint à deux,García Pierna Raúl,https://www.procyclingstats.com/rider/raul-garcia-pierna,2001-02-23,2001,Spain,1.75,67.0,21.88,Tres Cantos,11,finished,39,4398,144,Climber,25,ES,Movistar Team,25.0,8.0,0:57,57,14875
13,RR,17 July 2026,Dole,Belfort,205.8,2309,109,49.999,Sprint à deux,Valgren Michael,https://www.procyclingstats.com/rider/michael-valgren-andersen,1992-02-07,1992,Denmark,1.79,71.0,22.16,Østerild,12,finished,64,6467,47,Classic,34,DK,EF Education - EasyPost,20.0,6.0,0:59,59,14877
13,RR,17 July 2026,Dole,Belfort,205.8,2309,109,49.999,Sprint à deux,Matthews Michael,https://www.procyclingstats.com/rider/michael-matthews,1990-09-26,1990,Australia,1.78,72.0,22.72,Canberra,13,finished,61,6346,115,Classic,35,AU,Team Jayco AlUla,15.0,4.0,1:01,61,14879
13,RR,17 July 2026,Dole,Belfort,205.8,2309,109,49.999,Sprint à deux,Breuillard Nicolas,https://www.procyclingstats.com/rider/nicolas-breuillard,2000-03-13,2000,France,1.75,,,Pertuis,14,finished,44,4698,202,GC,26,FR,TotalEnergies,10.0,2.0,",,",61,14879
13,RR,17 July 2026,Dole,Belfort,205.8,2309,109,49.999,Sprint à deux,Hirschi Marc,https://www.procyclingstats.com/rider/marc-hirschi,1998-08-24,1998,Switzerland,1.74,61.0,20.15,Bern,15,finished,40,4498,194,Classic,27,CH,Tudor Pro Cycling Team,5.0,1.0,",,",61,14879
13,RR,17 July 2026,Dole,Belfort,205.8,2309,109,49.999,Sprint à deux,Bennett George,https://www.procyclingstats.com/rider/george-bennett,1990-04-07,1990,New Zealand,1.81,58.0,17.7,Nelson,16,finished,74,7180,133,GC,36,NZ,NSN Cycling Team,,,",,",61,14879
13,RR,17 July 2026,Dole,Belfort,205.8,2309,109,49.999,Sprint à deux,Craps Lars,https://www.procyclingstats.com/rider/lars-craps,2001-10-17,2001,Belgium,1.85,67.0,19.58,Aalst,17,finished,55,5723,154,GC,24,BE,Lotto Intermarché,,,",,",61,14879
13,RR,17 July 2026,Dole,Belfort,205.8,2309,109,49.999,Sprint à deux,Izagirre Ion,https://www.procyclingstats.com/rider/ion-izagirre,1989-02-04,1989,Spain,1.73,60.0,20.05,Ormaiztegi,18,finished,38,4273,161,GC,37,ES,Cofidis,,,1:03,63,14881
13,RR,17 July 2026,Dole,Belfort,205.8,2309,109,49.999,Sprint à deux,O'Connor Ben,https://www.procyclingstats.com/rider/ben-o-connor,1995-11-25,1995,Australia,1.88,67.0,18.96,Subiaco,19,finished,48,5141,111,GC,30,AU,Team Jayco AlUla,,,1:08,68,14886
13,RR,17 July 2026,Dole,Belfort,205.8,2309,109,49.999,Sprint à deux,Cort Magnus,https://www.procyclingstats.com/rider/magnus-cort-nielsen,1993-01-16,1993,Denmark,1.84,68.0,20.09,Rønne,20,finished,93,8190,124,Hills,33,DK,Uno-X Mobility,,,2:23,143,14961
13,RR,17 July 2026,Dole,Belfort,205.8,2309,109,49.999,Sprint à deux,Aranburu Alex,https://www.procyclingstats.com/rider/alex-aranburu,1995-09-19,1995,Spain,1.78,63.0,19.88,Ezkio-Itsaso,21,finished,66,6724,163,Classic,30,ES,Cofidis,,,",,",143,14961
13,RR,17 July 2026,Dole,Belfort,205.8,2309,109,49.999,Sprint à deux,Parra José Félix,https://www.procyclingstats.com/rider/jose-felix-parra,1997-01-16,1997,Spain,1.71,55.0,18.81,Ossa de Montiel,22,finished,35,4079,228,GC,29,ES,Caja Rural - Seguros RGA,,,",,",143,14961
13,RR,17 July 2026,Dole,Belfort,205.8,2309,109,49.999,Sprint à deux,Pluimers Rick,https://www.procyclingstats.com/rider/rick-pluimers,2000-12-07,2000,Netherlands,1.8,67.0,20.68,Enter,23,finished,72,7104,195,Hills,25,NL,Tudor Pro Cycling Team,,,",,",143,14961
13,RR,17 July 2026,Dole,Belfort,205.8,2309,109,49.999,Sprint à deux,Verstrynge Emiel,https://www.procyclingstats.com/rider/emiel-verstrynge,2002-02-04,2002,Belgium,1.89,69.0,19.32,Eeklo,24,finished,106,8792,108,Climber,24,BE,Alpecin - Premier Tech,,,2:25,145,14963
13,RR,17 July 2026,Dole,Belfort,205.8,2309,109,49.999,Sprint à deux,Dhondt Robbe,https://www.procyclingstats.com/rider/robbe-dhondt,2004-06-25,2004,Belgium,1.76,,,Zottegem,25,finished,134,10015,215,GC,22,BE,Team Picnic PostNL,,,3:19,199,15017
13,RR,17 July 2026,Dole,Belfort,205.8,2309,109,49.999,Sprint à deux,Grégoire Romain,https://www.procyclingstats.com/rider/romain-gregoire,2003-01-21,2003,France,1.76,64.0,20.66,Besançon,26,finished,56,5727,181,Classic,23,FR,Groupama - FDJ United,,,",,",199,15017
13,RR,17 July 2026,Dole,Belfort,205.8,2309,109,49.999,Sprint à deux,Delbove Joris,https://www.procyclingstats.com/rider/joris-delbove,2000-07-15,2000,France,,,,Troyes,27,finished,53,5326,203,GC,26,FR,TotalEnergies,,,",,",199,15017
13,RR,17 July 2026,Dole,Belfort,205.8,2309,109,49.999,Sprint à deux,Vinokurov Nicolas,https://www.procyclingstats.com/rider/nicolas-vinokurov,2002-07-07,2002,Kazakhstan,1.84,69.0,20.38,Nice,28,finished,116,9208,68,GC,24,KZ,XDS Astana Team,,,5:54,354,15172
13,RR,17 July 2026,Dole,Belfort,205.8,2309,109,49.999,Sprint à deux,Thomas Benjamin,https://www.procyclingstats.com/rider/benjamin-thomas-2,1995-09-12,1995,France,1.79,68.0,21.22,Lavaur,29,finished,102,8647,168,TT,30,FR,Cofidis,,,",,",354,15172
13,RR,17 July 2026,Dole,Belfort,205.8,2309,109,49.999,Sprint à deux,Vercher Mattéo,https://www.procyclingstats.com/rider/matheo-vercher,2001-01-26,2001,France,1.71,,,Lyon,30,finished,69,6893,208,Hills,25,FR,TotalEnergies,,,",,",354,15172
13,RR,17 July 2026,Dole,Belfort,205.8,2309,109,49.999,Sprint à deux,Healy Ben,https://www.procyclingstats.com/rider/ben-healy,2000-09-11,2000,Ireland,1.75,62.0,20.24,Kingswinford Previous nationalities Great Britain until 2016,31,finished,81,7492,44,Climber,25,IE,EF Education - EasyPost,,,6:30,390,15208
13,RR,17 July 2026,Dole,Belfort,205.8,2309,109,49.999,Sprint à deux,Pacher Quentin,https://www.procyclingstats.com/rider/quentin-pacher,1992-01-06,1992,France,1.79,62.0,19.35,Libourne,32,finished,70,6913,187,Hills,34,FR,Groupama - FDJ United,,,6:38,398,15216
13,RR,17 July 2026,Dole,Belfort,205.8,2309,109,49.999,Sprint à deux,Simmons Quinn,https://www.procyclingstats.com/rider/quinn-simmons,2001-05-08,2001,United States,1.85,73.0,21.33,Durango,33,finished,36,4151,34,Hills,25,US,Lidl - Trek,,,7:32,452,15270
13,RR,17 July 2026,Dole,Belfort,205.8,2309,109,49.999,Sprint à deux,Evenepoel Remco,https://www.procyclingstats.com/rider/remco-evenepoel,2000-01-25,2000,Belgium,1.71,63.0,21.55,Aalst,34,finished,3,246,21,Climber,26,BE,Red Bull - BORA - hansgrohe,,,",,",452,15270
13,RR,17 July 2026,Dole,Belfort,205.8,2309,109,49.999,Sprint à deux,Hindley Jai,https://www.procyclingstats.com/rider/jai-hindley,1996-05-05,1996,Australia,1.75,60.0,19.59,Perth,35,finished,30,3144,24,Climber,30,AU,Red Bull - BORA - hansgrohe,,,",,",452,15270
13,RR,17 July 2026,Dole,Belfort,205.8,2309,109,49.999,Sprint à deux,Lipowitz Florian,https://www.procyclingstats.com/rider/florian-lipowitz,2000-09-21,2000,Germany,1.81,68.0,20.76,Laichingen,36,finished,7,284,25,GC,25,DE,Red Bull - BORA - hansgrohe,,,",,",452,15270
13,RR,17 July 2026,Dole,Belfort,205.8,2309,109,49.999,Sprint à deux,Yates Adam,https://www.procyclingstats.com/rider/adam-yates,1992-08-07,1992,Great Britain,1.73,58.0,19.38,Bury,37,finished,20,1106,8,Climber,33,GB,UAE Team Emirates - XRG,,,",,",452,15270
13,RR,17 July 2026,Dole,Belfort,205.8,2309,109,49.999,Sprint à deux,Pogačar Tadej,https://www.procyclingstats.com/rider/tadej-pogacar,1998-09-21,1998,Slovenia,1.76,66.0,21.31,Klanec,38,finished,1,0,1,Climber,27,SI,UAE Team Emirates - XRG,,,",,",452,15270
13,RR,17 July 2026,Dole,Belfort,205.8,2309,109,49.999,Sprint à deux,del Toro Isaac,https://www.procyclingstats.com/rider/isaac-del-toro,2003-11-27,2003,Mexico,1.8,64.0,19.75,Ensenada,39,finished,8,308,2,Climber,22,MX,UAE Team Emirates - XRG,,,",,",452,15270
13,RR,17 July 2026,Dole,Belfort,205.8,2309,109,49.999,Sprint à deux,Hagenes Per Strand,https://www.procyclingstats.com/rider/per-strand-hagenes,2003-07-10,2003,Norway,1.86,78.0,22.55,Sandnes,40,finished,105,8782,15,Classic,23,NO,Team Visma | Lease a Bike,,,",,",452,15270
13,RR,17 July 2026,Dole,Belfort,205.8,2309,109,49.999,Sprint à deux,Vingegaard Jonas,https://www.procyclingstats.com/rider/jonas-vingegaard,1996-12-10,1996,Denmark,1.75,58.0,18.94,Hillerslev,41,finished,2,216,11,GC,29,DK,Team Visma | Lease a Bike,,,",,",452,15270
13,RR,17 July 2026,Dole,Belfort,205.8,2309,109,49.999,Sprint à deux,Campenaerts Victor,https://www.procyclingstats.com/rider/victor-campenaerts,1991-10-28,1991,Belgium,1.73,68.0,22.72,Hoboken,42,finished,84,7508,14,TT,34,BE,Team Visma | Lease a Bike,,,",,",452,15270
13,RR,17 July 2026,Dole,Belfort,205.8,2309,109,49.999,Sprint à deux,Piganzoli Davide,https://www.procyclingstats.com/rider/davide-piganzoli,2002-07-08,2002,Italy,1.74,61.0,20.15,Morbegno,43,finished,14,818,18,GC,24,IT,Team Visma | Lease a Bike,,,",,",452,15270
13,RR,17 July 2026,Dole,Belfort,205.8,2309,109,49.999,Sprint à deux,Kuss Sepp,https://www.procyclingstats.com/rider/sepp-kuss,1994-09-13,1994,United States,1.82,61.0,18.42,Durango,44,finished,22,1252,17,Climber,31,US,Team Visma | Lease a Bike,,,",,",452,15270
13,RR,17 July 2026,Dole,Belfort,205.8,2309,109,49.999,Sprint à deux,Gee-West Derek,https://www.procyclingstats.com/rider/derek-gee,1997-08-03,1997,Canada,1.89,72.0,20.16,Ottawa,45,finished,37,4167,32,Climber,28,CA,Lidl - Trek,,,",,",452,15270
13,RR,17 July 2026,Dole,Belfort,205.8,2309,109,49.999,Sprint à deux,Skjelmose Mattias,https://www.procyclingstats.com/rider/mattias-skjelmose-jensen,2000-09-26,2000,Denmark,1.8,65.0,20.06,Copenhagen,46,finished,9,345,35,Climber,25,DK,Lidl - Trek,,,",,",452,15270
13,RR,17 July 2026,Dole,Belfort,205.8,2309,109,49.999,Sprint à deux,Ayuso Juan,https://www.procyclingstats.com/rider/juan-ayuso-pesquera,2002-09-16,2002,Spain,1.83,65.0,19.41,Barcelona,47,finished,5,262,31,Climber,23,ES,Lidl - Trek,,,",,",452,15270
13,RR,17 July 2026,Dole,Belfort,205.8,2309,109,49.999,Sprint à deux,Verona Carlos,https://www.procyclingstats.com/rider/carlos-verona,1992-11-04,1992,Spain,1.86,68.0,19.66,San Lorenzo de El Escorial,48,finished,27,2813,38,GC,33,ES,Lidl - Trek,,,",,",452,15270
13,RR,17 July 2026,Dole,Belfort,205.8,2309,109,49.999,Sprint à deux,Benoot Tiesj,https://www.procyclingstats.com/rider/tiesj-benoot,1994-03-11,1994,Belgium,1.9,72.0,19.94,Ghent,49,finished,24,1997,52,Classic,32,BE,Decathlon CMA CGM Team,,,",,",452,15270
13,RR,17 July 2026,Dole,Belfort,205.8,2309,109,49.999,Sprint à deux,Prodhomme Nicolas,https://www.procyclingstats.com/rider/nicolas-prodhomme,1997-02-01,1997,France,1.74,63.0,20.81,L'Aigle,50,finished,25,2548,57,GC,29,FR,Decathlon CMA CGM Team,,,",,",452,15270
13,RR,17 July 2026,Dole,Belfort,205.8,2309,109,49.999,Sprint à deux,Seixas Paul,https://www.procyclingstats.com/rider/paul-seixas,2006-09-24,2006,France,1.86,64.0,18.5,Lyon,51,finished,6,275,51,Climber,19,FR,Decathlon CMA CGM Team,,,",,",452,15270
13,RR,17 July 2026,Dole,Belfort,205.8,2309,109,49.999,Sprint à deux,Riccitello Matthew,https://www.procyclingstats.com/rider/matthew-riccitello,2002-03-05,2002,United States,1.72,55.0,18.59,Tucson,52,finished,58,5978,58,Climber,24,US,Decathlon CMA CGM Team,,,",,",452,15270
13,RR,17 July 2026,Dole,Belfort,205.8,2309,109,49.999,Sprint à deux,Foss Tobias,https://www.procyclingstats.com/rider/tobias-foss,1997-05-25,1997,Norway,1.84,74.0,21.86,Vingrom,53,finished,52,5318,83,TT,29,NO,Netcompany INEOS,,,",,",452,15270
13,RR,17 July 2026,Dole,Belfort,205.8,2309,109,49.999,Sprint à deux,Arensman Thymen,https://www.procyclingstats.com/rider/thymen-arensman,1999-12-04,1999,Netherlands,1.9,68.0,18.84,Deil,54,finished,29,3008,82,GC,26,NL,Netcompany INEOS,,,",,",452,15270
13,RR,17 July 2026,Dole,Belfort,205.8,2309,109,49.999,Sprint à deux,Bernal Egan,https://www.procyclingstats.com/rider/egan-bernal,1997-01-13,1997,Colombia,1.75,60.0,19.59,Bogotá,55,finished,12,735,81,GC,29,CO,Netcompany INEOS,,,",,",452,15270
13,RR,17 July 2026,Dole,Belfort,205.8,2309,109,49.999,Sprint à deux,Cattaneo Mattia,https://www.procyclingstats.com/rider/mattia-cattaneo,1990-10-25,1990,Italy,1.84,67.0,19.79,Alzano Lombardo,56,finished,59,6029,22,TT,35,IT,Red Bull - BORA - hansgrohe,,,",,",452,15270
13,RR,17 July 2026,Dole,Belfort,205.8,2309,109,49.999,Sprint à deux,Johannessen Anders Halland,https://www.procyclingstats.com/rider/anders-halland-johannessen,1999-08-23,1999,Norway,1.76,,,Drøbak,57,finished,87,7573,125,GC,26,NO,Uno-X Mobility,,,",,",452,15270
13,RR,17 July 2026,Dole,Belfort,205.8,2309,109,49.999,Sprint à deux,Johannessen Tobias Halland,https://www.procyclingstats.com/rider/tobias-halland-johannessen,1999-08-23,1999,Norway,1.76,62.0,20.02,Drøbak,58,finished,15,890,121,Climber,26,NO,Uno-X Mobility,,,",,",452,15270
13,RR,17 July 2026,Dole,Belfort,205.8,2309,109,49.999,Sprint à deux,Carapaz Richard,https://www.procyclingstats.com/rider/richard-carapaz,1993-05-29,1993,Ecuador,1.7,62.0,21.45,El Carmelo,59,finished,19,1063,41,Climber,33,EC,EF Education - EasyPost,,,",,",452,15270
13,RR,17 July 2026,Dole,Belfort,205.8,2309,109,49.999,Sprint à deux,Van Wilder Ilan,https://www.procyclingstats.com/rider/ilan-van-wilder,2000-05-14,2000,Belgium,1.71,64.0,21.89,Jette,60,finished,13,763,97,GC,26,BE,Soudal Quick-Step,,,",,",452,15270
13,RR,17 July 2026,Dole,Belfort,205.8,2309,109,49.999,Sprint à deux,Quinn Sean,https://www.procyclingstats.com/rider/sean-quinn,2000-05-10,2000,United States,1.87,67.0,19.16,Los Angeles,61,finished,16,908,45,GC,26,US,EF Education - EasyPost,,,",,",452,15270
13,RR,17 July 2026,Dole,Belfort,205.8,2309,109,49.999,Sprint à deux,Mohorič Matej,https://www.procyclingstats.com/rider/matej-mohoric,1994-10-19,1994,Slovenia,1.86,71.0,20.52,Kranj,62,finished,95,8316,75,Classic,31,SI,Bahrain - Victorious,,,",,",452,15270
13,RR,17 July 2026,Dole,Belfort,205.8,2309,109,49.999,Sprint à deux,Voisard Yannis,https://www.procyclingstats.com/rider/yannis-voisard,1998-07-26,1998,Switzerland,,56.0,,Fontenais,63,finished,17,936,198,GC,27,CH,Tudor Pro Cycling Team,,,",,",452,15270
13,RR,17 July 2026,Dole,Belfort,205.8,2309,109,49.999,Sprint à deux,Martinez Lenny,https://www.procyclingstats.com/rider/lenny-martinez,2003-07-11,2003,France,1.68,52.0,18.42,Cannes,64,finished,10,394,71,Climber,23,FR,Bahrain - Victorious,,,",,",452,15270
13,RR,17 July 2026,Dole,Belfort,205.8,2309,109,49.999,Sprint à deux,Meurisse Xandro,https://www.procyclingstats.com/rider/xandro-meurisse,1992-01-31,1992,Belgium,1.81,68.0,20.76,Kortrijk,65,finished,62,6348,176,GC,34,BE,Pinarello Q36.5 Pro Cycling Team,,,",,",452,15270
13,RR,17 July 2026,Dole,Belfort,205.8,2309,109,49.999,Sprint à deux,Balderstone Abel,https://www.procyclingstats.com/rider/abel-balderstone-roumens,2000-07-07,2000,Spain,1.79,61.0,19.04,Ullastrell,66,finished,57,5758,222,GC,26,ES,Caja Rural - Seguros RGA,,,",,",452,15270
13,RR,17 July 2026,Dole,Belfort,205.8,2309,109,49.999,Sprint à deux,Debruyne Ramses,https://www.procyclingstats.com/rider/ramses-debruyne,2002-08-31,2002,Belgium,1.79,66.0,20.6,Rollegem,67,finished,18,973,102,Climber,23,BE,Alpecin - Premier Tech,,,",,",452,15270
13,RR,17 July 2026,Dole,Belfort,205.8,2309,109,49.999,Sprint à deux,Oliveira Nelson,https://www.procyclingstats.com/rider/nelson-oliveira,1989-03-06,1989,Portugal,1.8,67.0,20.68,Anadia,68,finished,79,7357,146,TT,37,PT,Movistar Team,,,",,",452,15270
13,RR,17 July 2026,Dole,Belfort,205.8,2309,109,49.999,Sprint à deux,Martin Guillaume,https://www.procyclingstats.com/rider/guillaume-martin,1993-06-09,1993,France,1.73,55.0,18.38,Paris,69,finished,43,4651,186,Climber,33,FR,Groupama - FDJ United,,,",,",452,15270
13,RR,17 July 2026,Dole,Belfort,205.8,2309,109,49.999,Sprint à deux,Van Mechelen Vlad,https://www.procyclingstats.com/rider/vlad-van-mechelen,2004-06-02,2004,Belgium,1.83,73.0,21.8,Leuven,70,finished,80,7420,78,Sprint,22,BE,Bahrain - Victorious,,,7:47,467,15285
13,RR,17 July 2026,Dole,Belfort,205.8,2309,109,49.999,Sprint à deux,van Dijke Tim,https://www.procyclingstats.com/rider/tim-van-dijke,2000-03-15,2000,Netherlands,1.89,74.0,20.72,Goes,71,finished,124,9718,27,Classic,26,NL,Red Bull - BORA - hansgrohe,,,8:14,494,15312
13,RR,17 July 2026,Dole,Belfort,205.8,2309,109,49.999,Sprint à deux,Asgreen Kasper,https://www.procyclingstats.com/rider/kasper-asgreen,1995-02-08,1995,Denmark,1.93,75.0,20.13,Kolding,72,finished,82,7501,42,TT,31,DK,EF Education - EasyPost,,,8:21,501,15319
13,RR,17 July 2026,Dole,Belfort,205.8,2309,109,49.999,Sprint à deux,Hermans Quinten,https://www.procyclingstats.com/rider/quinten-hermans,1995-07-29,1995,Belgium,1.74,62.0,20.48,Antwerp,73,finished,32,3774,174,Hills,30,BE,Pinarello Q36.5 Pro Cycling Team,,,8:37,517,15335
13,RR,17 July 2026,Dole,Belfort,205.8,2309,109,49.999,Sprint à deux,Oldani Stefano,https://www.procyclingstats.com/rider/stefano-oldani,1998-01-10,1998,Italy,1.78,65.0,20.52,Milan,74,finished,120,9543,226,Hills,28,IT,Caja Rural - Seguros RGA,,,9:08,548,15366
13,RR,17 July 2026,Dole,Belfort,205.8,2309,109,49.999,Sprint à deux,Paret-Peintre Valentin,https://www.procyclingstats.com/rider/valentin-paret-peintre,2001-01-14,2001,France,1.78,52.0,16.41,Annemasse,75,finished,49,5182,93,Climber,25,FR,Soudal Quick-Step,,,9:22,562,15380
13,RR,17 July 2026,Dole,Belfort,205.8,2309,109,49.999,Sprint à deux,Hessmann Michel,https://www.procyclingstats.com/rider/michel-hessmann,2001-04-06,2001,Germany,1.91,78.0,21.38,Münster,76,finished,108,8934,145,Hills,25,DE,Movistar Team,,,14:03,843,15661
13,RR,17 July 2026,Dole,Belfort,205.8,2309,109,49.999,Sprint à deux,Abrahamsen Jonas,https://www.procyclingstats.com/rider/jonas-abrahamsen,1995-09-20,1995,Norway,1.83,78.0,23.29,Skien,77,finished,96,8363,122,Classic,30,NO,Uno-X Mobility,,,",,",843,15661
13,RR,17 July 2026,Dole,Belfort,205.8,2309,109,49.999,Sprint à deux,Russo Clément,https://www.procyclingstats.com/rider/clement-russo,1995-01-20,1995,France,1.87,74.0,21.16,Lyon,78,finished,90,7923,188,Classic,31,FR,Groupama - FDJ United,,,14:21,861,15679
13,RR,17 July 2026,Dole,Belfort,205.8,2309,109,49.999,Sprint à deux,Germani Lorenzo,https://www.procyclingstats.com/rider/lorenzo-germani,2002-03-03,2002,Italy,1.79,62.0,19.35,Sora,79,finished,75,7184,185,GC,24,IT,Groupama - FDJ United,,,",,",861,15679
13,RR,17 July 2026,Dole,Belfort,205.8,2309,109,49.999,Sprint à deux,Planckaert Edward,https://www.procyclingstats.com/rider/edward-planckaert,1995-02-01,1995,Belgium,1.78,71.0,22.41,Kortrijk,80,finished,117,9269,106,Classic,31,BE,Alpecin - Premier Tech,,,15:38,938,15756
13,RR,17 July 2026,Dole,Belfort,205.8,2309,109,49.999,Sprint à deux,Girmay Biniam,https://www.procyclingstats.com/rider/biniam-girmay,2000-04-02,2000,Eritrea,1.84,70.0,20.68,Asmara,81,finished,139,10190,131,Classic,26,ER,NSN Cycling Team,,,17:14,1034,15852
13,RR,17 July 2026,Dole,Belfort,205.8,2309,109,49.999,Sprint à deux,Ballerini Davide,https://www.procyclingstats.com/rider/davide-ballerini,1994-09-21,1994,Italy,1.83,71.0,21.2,Cantù,82,finished,160,11297,62,Classic,31,IT,XDS Astana Team,,,",,",1034,15852
13,RR,17 July 2026,Dole,Belfort,205.8,2309,109,49.999,Sprint à deux,Higuita Sergio,https://www.procyclingstats.com/rider/sergio-higuita,1997-08-01,1997,Colombia,1.66,57.0,20.69,Medellín,83,finished,46,4907,61,Climber,28,CO,XDS Astana Team,,,17:16,1036,15854
13,RR,17 July 2026,Dole,Belfort,205.8,2309,109,49.999,Sprint à deux,Caruso Damiano,https://www.procyclingstats.com/rider/damiano-caruso,1987-10-12,1987,Italy,1.79,67.0,20.91,Ragusa,84,finished,68,6831,73,GC,38,IT,Bahrain - Victorious,,,17:19,1039,15857
13,RR,17 July 2026,Dole,Belfort,205.8,2309,109,49.999,Sprint à deux,Steinhauser Georg,https://www.procyclingstats.com/rider/georg-steinhauser,2001-10-21,2001,Germany,1.89,70.0,19.6,Lindenberg im Allgäu,85,finished,137,10157,46,Climber,24,DE,EF Education - EasyPost,,,",,",1039,15857
13,RR,17 July 2026,Dole,Belfort,205.8,2309,109,49.999,Sprint à deux,Romo Javier,https://www.procyclingstats.com/rider/javier-romo,1999-01-06,1999,Spain,1.84,70.0,20.68,Villafranca de los Caballeros,86,finished,63,6452,147,GC,27,ES,Movistar Team,,,",,",1039,15857
13,RR,17 July 2026,Dole,Belfort,205.8,2309,109,49.999,Sprint à deux,Affini Edoardo,https://www.procyclingstats.com/rider/edoardo-affini,1996-06-24,1996,Italy,1.9,85.0,23.55,Mantua,87,finished,143,10453,12,TT,30,IT,Team Visma | Lease a Bike,,,",,",1039,15857
13,RR,17 July 2026,Dole,Belfort,205.8,2309,109,49.999,Sprint à deux,Frigo Marco,https://www.procyclingstats.com/rider/marco-frigo,2000-03-02,2000,Italy,1.88,70.0,19.81,Bassano del Grappa,88,finished,113,9172,134,Climber,26,IT,NSN Cycling Team,,,",,",1039,15857
13,RR,17 July 2026,Dole,Belfort,205.8,2309,109,49.999,Sprint à deux,Tratnik Jan,https://www.procyclingstats.com/rider/jan-tratnik,1990-02-23,1990,Slovenia,1.73,67.0,22.39,Idrija,89,finished,99,8543,26,TT,36,SI,Red Bull - BORA - hansgrohe,,,",,",1039,15857
13,RR,17 July 2026,Dole,Belfort,205.8,2309,109,49.999,Sprint à deux,Howson Damien,https://www.procyclingstats.com/rider/damien-howson,1992-08-13,1992,Australia,1.88,68.0,19.24,Adelaide,90,finished,94,8312,175,GC,33,AU,Pinarello Q36.5 Pro Cycling Team,,,",,",1039,15857
13,RR,17 July 2026,Dole,Belfort,205.8,2309,109,49.999,Sprint à deux,Wright Fred,https://www.procyclingstats.com/rider/alfred-wright,1999-06-13,1999,Great Britain,1.84,75.0,22.15,London,91,finished,131,9857,178,Hills,27,GB,Pinarello Q36.5 Pro Cycling Team,,,",,",1039,15857
13,RR,17 July 2026,Dole,Belfort,205.8,2309,109,49.999,Sprint à deux,Baudin Alex,https://www.procyclingstats.com/rider/alex-baudin,2001-05-25,2001,France,1.83,64.0,19.11,Albertville,92,finished,41,4533,43,Climber,25,FR,EF Education - EasyPost,,,",,",1039,15857
13,RR,17 July 2026,Dole,Belfort,205.8,2309,109,49.999,Sprint à deux,Jorgenson Matteo,https://www.procyclingstats.com/rider/matteo-jorgenson,1999-07-01,1999,United States,1.9,69.0,19.11,Walnut Creek,93,finished,34,3935,16,GC,27,US,Team Visma | Lease a Bike,,,",,",1039,15857
13,RR,17 July 2026,Dole,Belfort,205.8,2309,109,49.999,Sprint à deux,Tiberi Antonio,https://www.procyclingstats.com/rider/antonio-tiberi,2001-06-24,2001,Italy,1.82,62.0,18.72,Frosinone,94,finished,47,4999,77,GC,25,IT,Bahrain - Victorious,,,",,",1039,15857
13,RR,17 July 2026,Dole,Belfort,205.8,2309,109,49.999,Sprint à deux,Armirail Bruno,https://www.procyclingstats.com/rider/bruno-armirail,1994-04-11,1994,France,1.9,72.0,19.94,Bagnères-de-Bigorre,95,finished,98,8500,13,TT,32,FR,Team Visma | Lease a Bike,,,",,",1039,15857
13,RR,17 July 2026,Dole,Belfort,205.8,2309,109,49.999,Sprint à deux,Engelhardt Felix,https://www.procyclingstats.com/rider/felix-engelhardt,2000-08-19,2000,Germany,1.8,68.0,20.99,Ulm,96,finished,107,8865,114,Classic,25,DE,Team Jayco AlUla,,,",,",1039,15857
13,RR,17 July 2026,Dole,Belfort,205.8,2309,109,49.999,Sprint à deux,Delettre Alexandre,https://www.procyclingstats.com/rider/alexandre-delettre,1997-10-25,1997,France,1.7,62.0,21.45,Gonesse,97,finished,73,7105,204,Classic,28,FR,TotalEnergies,,,",,",1039,15857
13,RR,17 July 2026,Dole,Belfort,205.8,2309,109,49.999,Sprint à deux,Vervaeke Louis,https://www.procyclingstats.com/rider/louis-vervaeke,1993-10-06,1993,Belgium,1.81,68.0,20.76,Ronse,98,finished,85,7530,98,GC,32,BE,Soudal Quick-Step,,,",,",1039,15857
13,RR,17 July 2026,Dole,Belfort,205.8,2309,109,49.999,Sprint à deux,Otruba Jakub,https://www.procyclingstats.com/rider/jakub-otruba,1998-01-30,1998,Czech Republic,1.9,75.0,20.78,Olomouc,99,finished,133,9976,227,GC,28,CZ,Caja Rural - Seguros RGA,,,",,",1039,15857
13,RR,17 July 2026,Dole,Belfort,205.8,2309,109,49.999,Sprint à deux,Bittner Pavel,https://www.procyclingstats.com/rider/pavel-bittner,2002-10-29,2002,Czech Republic,1.84,73.0,21.56,Olomouc,100,finished,151,10813,213,Sprint,23,CZ,Team Picnic PostNL,,,",,",1039,15857
13,RR,17 July 2026,Dole,Belfort,205.8,2309,109,49.999,Sprint à deux,Walker Max,https://www.procyclingstats.com/rider/max-walker,2001-07-12,2001,Great Britain,,,,Douglas,101,finished,104,8746,48,TT,25,GB,EF Education - EasyPost,,,",,",1039,15857
13,RR,17 July 2026,Dole,Belfort,205.8,2309,109,49.999,Sprint à deux,Barguil Warren,https://www.procyclingstats.com/rider/warren-barguil,1991-10-28,1991,France,1.83,61.0,18.21,Hennebont,102,finished,110,8982,211,Climber,34,FR,Team Picnic PostNL,,,",,",1039,15857
13,RR,17 July 2026,Dole,Belfort,205.8,2309,109,49.999,Sprint à deux,Märkl Niklas,https://www.procyclingstats.com/rider/niklas-markl,1999-03-03,1999,Germany,1.85,70.0,20.45,Queidersbach,103,finished,154,10957,216,Sprint,27,DE,Team Picnic PostNL,,,",,",1039,15857
13,RR,17 July 2026,Dole,Belfort,205.8,2309,109,49.999,Sprint à deux,Politt Nils,https://www.procyclingstats.com/rider/nils-politt,1994-03-06,1994,Germany,1.92,80.0,21.7,Cologne,104,finished,92,7977,5,Classic,32,DE,UAE Team Emirates - XRG,,,",,",1039,15857
13,RR,17 July 2026,Dole,Belfort,205.8,2309,109,49.999,Sprint à deux,Ackermann Pascal,https://www.procyclingstats.com/rider/pascal-ackermann,1994-01-17,1994,Germany,1.8,78.0,24.07,Kandel,105,finished,155,10975,112,Sprint,32,DE,Team Jayco AlUla,,,",,",1039,15857
13,RR,17 July 2026,Dole,Belfort,205.8,2309,109,49.999,Sprint à deux,Degenkolb John,https://www.procyclingstats.com/rider/john-degenkolb,1989-01-07,1989,Germany,1.8,82.0,25.31,Gera,106,finished,157,11070,214,Classic,37,DE,Team Picnic PostNL,,,",,",1039,15857
13,RR,17 July 2026,Dole,Belfort,205.8,2309,109,49.999,Sprint à deux,Eenkhoorn Pascal,https://www.procyclingstats.com/rider/pascal-eenkhoorn,1997-02-08,1997,Netherlands,1.85,72.0,21.04,Zwolle,107,finished,149,10731,92,Classic,29,NL,Soudal Quick-Step,,,",,",1039,15857
13,RR,17 July 2026,Dole,Belfort,205.8,2309,109,49.999,Sprint à deux,Costiou Ewen,https://www.procyclingstats.com/rider/ewen-costiou,2002-11-10,2002,France,1.76,64.0,20.66,Brest,108,finished,86,7555,184,GC,23,FR,Groupama - FDJ United,,,",,",1039,15857
13,RR,17 July 2026,Dole,Belfort,205.8,2309,109,49.999,Sprint à deux,Paret-Peintre Aurélien,https://www.procyclingstats.com/rider/aurelien-paret-peintre,1996-02-27,1996,France,1.84,64.0,18.9,Annemasse,109,finished,65,6558,56,GC,30,FR,Decathlon CMA CGM Team,,,",,",1039,15857
13,RR,17 July 2026,Dole,Belfort,205.8,2309,109,49.999,Sprint à deux,Hoole Daan,https://www.procyclingstats.com/rider/daan-hoole,1999-02-22,1999,Netherlands,1.98,84.0,21.43,Zuidland,110,finished,136,10043,54,TT,27,NL,Decathlon CMA CGM Team,,,",,",1039,15857
13,RR,17 July 2026,Dole,Belfort,205.8,2309,109,49.999,Sprint à deux,Neilands Krists,https://www.procyclingstats.com/rider/krists-neilands,1994-08-18,1994,Latvia,1.89,69.0,19.32,Kuldīga,111,finished,138,10187,136,Classic,31,LV,NSN Cycling Team,,,",,",1039,15857
13,RR,17 July 2026,Dole,Belfort,205.8,2309,109,49.999,Sprint à deux,Slock Liam,https://www.procyclingstats.com/rider/liam-slock,2000-09-18,2000,Belgium,1.88,74.0,20.94,Ghent,112,finished,147,10653,155,GC,25,BE,Lotto Intermarché,,,",,",1039,15857
13,RR,17 July 2026,Dole,Belfort,205.8,2309,109,49.999,Sprint à deux,Van Eetvelt Lennert,https://www.procyclingstats.com/rider/lennert-van-eetvelt,2001-07-17,2001,Belgium,1.76,63.0,20.34,Binkom,113,finished,28,2913,156,Climber,25,BE,Lotto Intermarché,,,",,",1039,15857
13,RR,17 July 2026,Dole,Belfort,205.8,2309,109,49.999,Sprint à deux,Rubio Einer,https://www.procyclingstats.com/rider/einer-rubio,1998-02-22,1998,Colombia,1.64,56.0,20.82,Chíquiza,114,finished,45,4891,148,Climber,28,CO,Movistar Team,,,",,",1039,15857
13,RR,17 July 2026,Dole,Belfort,205.8,2309,109,49.999,Sprint à deux,Guernalec Thibault,https://www.procyclingstats.com/rider/thibault-guernalec,1997-07-31,1997,France,1.85,71.0,20.75,Châteaulin,115,finished,111,9142,205,TT,28,FR,TotalEnergies,,,",,",1039,15857
13,RR,17 July 2026,Dole,Belfort,205.8,2309,109,49.999,Sprint à deux,Stuyven Jasper,https://www.procyclingstats.com/rider/jasper-stuyven,1992-04-17,1992,Belgium,1.87,80.0,22.88,Leuven,116,finished,78,7273,94,Classic,34,BE,Soudal Quick-Step,,,",,",1039,15857
13,RR,17 July 2026,Dole,Belfort,205.8,2309,109,49.999,Sprint à deux,Van Moer Brent,https://www.procyclingstats.com/rider/brent-van-moer,1998-01-12,1998,Belgium,1.91,79.0,21.66,Beveren,117,finished,100,8566,177,Classic,28,BE,Pinarello Q36.5 Pro Cycling Team,,,",,",1039,15857
13,RR,17 July 2026,Dole,Belfort,205.8,2309,109,49.999,Sprint à deux,Nicolau Joel,https://www.procyclingstats.com/rider/joel-nicolau,1997-12-23,1997,Spain,1.76,66.0,21.31,Llofriu,118,finished,132,9968,225,Hills,28,ES,Caja Rural - Seguros RGA,,,",,",1039,15857
13,RR,17 July 2026,Dole,Belfort,205.8,2309,109,49.999,Sprint à deux,Van Asbroeck Tom,https://www.procyclingstats.com/rider/tom-van-asbroeck,1990-04-19,1990,Belgium,1.82,72.0,21.74,Aalst,119,finished,141,10350,138,Sprint,36,BE,NSN Cycling Team,,,",,",1039,15857
13,RR,17 July 2026,Dole,Belfort,205.8,2309,109,49.999,Sprint à deux,Louvel Matis,https://www.procyclingstats.com/rider/matis-louvel,1999-07-19,1999,France,1.87,77.0,22.02,Mont Saint Aignan,120,finished,166,11734,135,Classic,26,FR,NSN Cycling Team,,,",,",1039,15857
13,RR,17 July 2026,Dole,Belfort,205.8,2309,109,49.999,Sprint à deux,Velasco Simone,https://www.procyclingstats.com/rider/simone-velasco,1995-12-02,1995,Italy,1.7,59.0,20.42,Bologna,121,finished,122,9565,67,Classic,30,IT,XDS Astana Team,,,",,",1039,15857
13,RR,17 July 2026,Dole,Belfort,205.8,2309,109,49.999,Sprint à deux,Cepeda Jefferson Alveiro,https://www.procyclingstats.com/rider/jefferson-cepeda-hernandez,1996-03-02,1996,Ecuador,1.7,61.0,21.11,El Playón,122,finished,88,7584,143,GC,30,EC,Movistar Team,,,",,",1039,15857
13,RR,17 July 2026,Dole,Belfort,205.8,2309,109,49.999,Sprint à deux,Zimmermann Georg,https://www.procyclingstats.com/rider/georg-zimmermann,1997-10-11,1997,Germany,1.81,70.0,21.37,Augsburg,123,finished,89,7696,158,Classic,28,DE,Lotto Intermarché,,,",,",1039,15857
13,RR,17 July 2026,Dole,Belfort,205.8,2309,109,49.999,Sprint à deux,Alaphilippe Julian,https://www.procyclingstats.com/rider/julian-alaphilippe,1992-06-11,1992,France,1.73,62.0,20.72,Saint-Amand-Montrond,124,finished,144,10455,191,Classic,34,FR,Tudor Pro Cycling Team,,,",,",1039,15857
13,RR,17 July 2026,Dole,Belfort,205.8,2309,109,49.999,Sprint à deux,Haller Marco,https://www.procyclingstats.com/rider/marco-haller,1991-04-01,1991,Austria,1.78,72.0,22.72,Sankt Veit an der Glan,125,finished,159,11117,193,Classic,35,AT,Tudor Pro Cycling Team,,,",,",1039,15857
13,RR,17 July 2026,Dole,Belfort,205.8,2309,109,49.999,Sprint à deux,Berwick Sebastian,https://www.procyclingstats.com/rider/sebastian-berwick,1999-12-15,1999,Australia,1.75,59.0,19.27,Brisbane,126,finished,109,8935,223,GC,26,AU,Caja Rural - Seguros RGA,,,",,",1039,15857
13,RR,17 July 2026,Dole,Belfort,205.8,2309,109,49.999,Sprint à deux,Azparren Xabier Mikel,https://www.procyclingstats.com/rider/xabier-mikel-azparren-irurzun,1999-02-25,1999,Spain,,,,San Sebastián,127,finished,119,9452,172,TT,27,ES,Pinarello Q36.5 Pro Cycling Team,,,",,",1039,15857
13,RR,17 July 2026,Dole,Belfort,205.8,2309,109,49.999,Sprint à deux,Castrillo Pablo,https://www.procyclingstats.com/rider/pablo-castrillo-zapater,2001-01-02,2001,Spain,1.83,74.0,22.1,Jaca,128,finished,23,1819,142,Climber,25,ES,Movistar Team,,,",,",1039,15857
13,RR,17 July 2026,Dole,Belfort,205.8,2309,109,49.999,Sprint à deux,Ganna Filippo,https://www.procyclingstats.com/rider/filippo-ganna,1996-07-25,1996,Italy,1.93,83.0,22.28,Verbania,129,finished,128,9820,84,TT,29,IT,Netcompany INEOS,,,",,",1039,15857
13,RR,17 July 2026,Dole,Belfort,205.8,2309,109,49.999,Sprint à deux,Stewart Jake,https://www.procyclingstats.com/rider/jake-stewart,1999-10-02,1999,Great Britain,1.79,66.0,20.6,Coventry,130,finished,156,11058,137,Hills,26,GB,NSN Cycling Team,,,",,",1039,15857
13,RR,17 July 2026,Dole,Belfort,205.8,2309,109,49.999,Sprint à deux,Durbridge Luke,https://www.procyclingstats.com/rider/luke-durbridge,1991-04-09,1991,Australia,1.87,78.0,22.31,Greenmount,131,finished,114,9184,113,TT,35,AU,Team Jayco AlUla,,,",,",1039,15857
13,RR,17 July 2026,Dole,Belfort,205.8,2309,109,49.999,Sprint à deux,Rickaert Jonas,https://www.procyclingstats.com/rider/jonas-rickaert,1994-02-07,1994,Belgium,1.9,88.0,24.38,Sint-Eloois-Vijve,132,finished,121,9547,107,Classic,32,BE,Alpecin - Premier Tech,,,",,",1039,15857
13,RR,17 July 2026,Dole,Belfort,205.8,2309,109,49.999,Sprint à deux,Skujiņš Toms,https://www.procyclingstats.com/rider/toms-skujins,1991-06-15,1991,Latvia,1.81,72.0,21.98,Sigulda,133,finished,83,7506,36,Classic,35,LV,Lidl - Trek,,,",,",1039,15857
13,RR,17 July 2026,Dole,Belfort,205.8,2309,109,49.999,Sprint à deux,Dillier Silvan,https://www.procyclingstats.com/rider/silvan-dillier,1990-08-03,1990,Switzerland,1.83,75.0,22.4,Aarau,134,finished,153,10930,103,Classic,35,CH,Alpecin - Premier Tech,,,",,",1039,15857
13,RR,17 July 2026,Dole,Belfort,205.8,2309,109,49.999,Sprint à deux,Großschartner Felix,https://www.procyclingstats.com/rider/felix-grossschartner,1993-12-23,1993,Austria,1.84,64.0,18.9,Wels,135,finished,42,4549,3,GC,32,AT,UAE Team Emirates - XRG,,,",,",1039,15857
13,RR,17 July 2026,Dole,Belfort,205.8,2309,109,49.999,Sprint à deux,Vacek Mathias,https://www.procyclingstats.com/rider/mathias-vacek,2002-06-12,2002,Czech Republic,1.88,75.0,21.22,Beroun,136,finished,33,3786,37,TT,24,CZ,Lidl - Trek,,,",,",1039,15857
13,RR,17 July 2026,Dole,Belfort,205.8,2309,109,49.999,Sprint à deux,Denz Nico,https://www.procyclingstats.com/rider/nico-denz,1994-02-15,1994,Germany,1.83,71.0,21.2,Waldshut-Tiengen,137,finished,101,8626,23,Hills,32,DE,Red Bull - BORA - hansgrohe,,,",,",1039,15857
13,RR,17 July 2026,Dole,Belfort,205.8,2309,109,49.999,Sprint à deux,Pedersen Mads,https://www.procyclingstats.com/rider/mads-pedersen,1995-12-18,1995,Denmark,1.8,76.0,23.46,Tølløse,138,finished,77,7269,33,Classic,30,DK,Lidl - Trek,,,",,",1039,15857
13,RR,17 July 2026,Dole,Belfort,205.8,2309,109,49.999,Sprint à deux,Marsman Tim,https://www.procyclingstats.com/rider/tim-marsman,2000-10-04,2000,Netherlands,1.91,75.0,20.56,Hattem,139,finished,150,10736,104,Sprint,25,NL,Alpecin - Premier Tech,,,",,",1039,15857
13,RR,17 July 2026,Dole,Belfort,205.8,2309,109,49.999,Sprint à deux,Philipsen Jasper,https://www.procyclingstats.com/rider/jasper-philipsen,1998-03-02,1998,Belgium,1.76,75.0,24.21,Mol,140,finished,145,10507,105,Sprint,28,BE,Alpecin - Premier Tech,,,",,",1039,15857
13,RR,17 July 2026,Dole,Belfort,205.8,2309,109,49.999,Sprint à deux,van der Poel Mathieu,https://www.procyclingstats.com/rider/mathieu-van-der-poel,1995-01-19,1995,Netherlands,1.84,75.0,22.15,Kapellen,141,finished,71,6954,101,Classic,31,NL,Alpecin - Premier Tech,,,",,",1039,15857
13,RR,17 July 2026,Dole,Belfort,205.8,2309,109,49.999,Sprint à deux,Storer Michael,https://www.procyclingstats.com/rider/michael-storer,1997-02-28,1997,Australia,1.77,63.0,20.11,Perth,142,finished,115,9194,196,Climber,29,AU,Tudor Pro Cycling Team,,,",,",1039,15857
13,RR,17 July 2026,Dole,Belfort,205.8,2309,109,49.999,Sprint à deux,Allegaert Piet,https://www.procyclingstats.com/rider/piet-allegaert,1995-01-20,1995,Belgium,1.81,70.0,21.37,Moorslede,143,finished,161,11373,162,Classic,31,BE,Cofidis,,,",,",1039,15857
13,RR,17 July 2026,Dole,Belfort,205.8,2309,109,49.999,Sprint à deux,Page Hugo,https://www.procyclingstats.com/rider/hugo-page,2001-07-24,2001,France,1.85,71.0,20.75,Chartres,144,finished,126,9753,167,Classic,24,FR,Cofidis,,,",,",1039,15857
13,RR,17 July 2026,Dole,Belfort,205.8,2309,109,49.999,Sprint à deux,Skaarseth Anders,https://www.procyclingstats.com/rider/anders-skaarseth,1995-05-07,1995,Norway,1.86,,,Lillehammer,145,finished,60,6042,126,Classic,31,NO,Uno-X Mobility,,,",,",1039,15857
13,RR,17 July 2026,Dole,Belfort,205.8,2309,109,49.999,Sprint à deux,Kwiatkowski Michał,https://www.procyclingstats.com/rider/michal-kwiatkowski,1990-06-02,1990,Poland,1.76,68.0,21.95,Chełmża,146,finished,129,9825,86,Classic,36,PL,Netcompany INEOS,,,22:32,1352,16170
13,RR,17 July 2026,Dole,Belfort,205.8,2309,109,49.999,Sprint à deux,Vermeersch Florian,https://www.procyclingstats.com/rider/florian-vermeersch,1999-03-12,1999,Belgium,1.93,85.0,22.82,Ghent,147,finished,127,9818,6,Classic,27,BE,UAE Team Emirates - XRG,,,",,",1352,16170
13,RR,17 July 2026,Dole,Belfort,205.8,2309,109,49.999,Sprint à deux,Tarling Joshua,https://www.procyclingstats.com/rider/joshua-tarling,2004-02-15,2004,Great Britain,1.94,78.0,20.72,Aberaeron,148,finished,152,10901,87,TT,22,GB,Netcompany INEOS,,,",,",1352,16170
13,RR,17 July 2026,Dole,Belfort,205.8,2309,109,49.999,Sprint à deux,Wærenskjold Søren,https://www.procyclingstats.com/rider/soren-waerenskjold,2000-03-12,2000,Norway,1.95,92.0,24.19,Mandal,149,finished,140,10246,128,Classic,26,NO,Uno-X Mobility,,,",,",1352,16170
13,RR,17 July 2026,Dole,Belfort,205.8,2309,109,49.999,Sprint à deux,van Baarle Dylan,https://www.procyclingstats.com/rider/dylan-van-baarle,1992-05-21,1992,Netherlands,1.89,74.0,20.72,Voorburg,150,finished,148,10696,95,Classic,34,NL,Soudal Quick-Step,,,24:41,1481,16299
13,RR,17 July 2026,Dole,Belfort,205.8,2309,109,49.999,Sprint à deux,Gradek Kamil,https://www.procyclingstats.com/rider/kamil-gradek,1990-09-17,1990,Poland,1.94,83.0,22.05,Koziegłowy,151,finished,171,11912,74,TT,35,PL,Bahrain - Victorious,,,24:52,1492,16310
13,RR,17 July 2026,Dole,Belfort,205.8,2309,109,49.999,Sprint à deux,Stannard Robert,https://www.procyclingstats.com/rider/robert-stannard,1998-09-16,1998,Australia,1.79,74.0,23.1,Sydney Previous nationalities New Zealand until 2016,152,finished,112,9169,76,Hills,27,AU,Bahrain - Victorious,,,",,",1492,16310
13,RR,17 July 2026,Dole,Belfort,205.8,2309,109,49.999,Sprint à deux,Artz Huub,https://www.procyclingstats.com/rider/huub-artz,2002-05-14,2002,Netherlands,1.86,71.0,20.52,Wintelre,153,finished,142,10410,152,Hills,24,NL,Lotto Intermarché,,,",,",1492,16310
13,RR,17 July 2026,Dole,Belfort,205.8,2309,109,49.999,Sprint à deux,Kanter Max,https://www.procyclingstats.com/rider/max-kanter,1997-10-22,1997,Germany,1.76,68.0,21.95,Cottbus,154,finished,146,10622,64,Sprint,28,DE,XDS Astana Team,,,",,",1492,16310
13,RR,17 July 2026,Dole,Belfort,205.8,2309,109,49.999,Sprint à deux,Askey Lewis,https://www.procyclingstats.com/rider/lewis-askey,2001-05-04,2001,Great Britain,1.87,75.0,21.45,Cannock,155,finished,169,11752,132,Classic,25,GB,NSN Cycling Team,,,",,",1492,16310
13,RR,17 July 2026,Dole,Belfort,205.8,2309,109,49.999,Sprint à deux,Charmig Anthon,https://www.procyclingstats.com/rider/anthon-charmig,1998-03-25,1998,Denmark,1.82,66.0,19.93,Aarhus,156,finished,103,8700,123,GC,28,DK,Uno-X Mobility,,,",,",1492,16310
13,RR,17 July 2026,Dole,Belfort,205.8,2309,109,49.999,Sprint à deux,Teunissen Mike,https://www.procyclingstats.com/rider/mike-teunissen,1992-08-25,1992,Netherlands,1.84,73.0,21.56,Ysselsteyn,157,finished,123,9667,66,Classic,33,NL,XDS Astana Team,,,",,",1492,16310
13,RR,17 July 2026,Dole,Belfort,205.8,2309,109,49.999,Sprint à deux,Gate Aaron,https://www.procyclingstats.com/rider/aaron-gate,1990-11-26,1990,New Zealand,1.81,71.0,21.67,Auckland,158,finished,130,9849,63,GC,35,NZ,XDS Astana Team,,,",,",1492,16310
13,RR,17 July 2026,Dole,Belfort,205.8,2309,109,49.999,Sprint à deux,Fretin Milan,https://www.procyclingstats.com/rider/milan-fretin,2001-03-19,2001,Belgium,1.82,70.0,21.13,Genk,159,finished,163,11441,165,Classic,25,BE,Cofidis,,,",,",1492,16310
13,RR,17 July 2026,Dole,Belfort,205.8,2309,109,49.999,Sprint à deux,Bol Cees,https://www.procyclingstats.com/rider/cees-bol,1995-07-27,1995,Netherlands,1.94,83.0,22.05,Zaandam,160,finished,170,11796,53,Sprint,30,NL,Decathlon CMA CGM Team,,,",,",1492,16310
13,RR,17 July 2026,Dole,Belfort,205.8,2309,109,49.999,Sprint à deux,van den Berg Julius,https://www.procyclingstats.com/rider/julius-van-den-berg,1996-10-23,1996,Netherlands,1.9,78.0,21.61,Purmerend,161,finished,164,11479,217,Sprint,29,NL,Team Picnic PostNL,,,",,",1492,16310
13,RR,17 July 2026,Dole,Belfort,205.8,2309,109,49.999,Sprint à deux,Le Berre Mathis,https://www.procyclingstats.com/rider/mathis-le-berre,2001-04-16,2001,France,1.76,68.0,21.95,Saint-Brieuc,162,finished,91,7959,206,Hills,25,FR,TotalEnergies,,,",,",1492,16310
13,RR,17 July 2026,Dole,Belfort,205.8,2309,109,49.999,Sprint à deux,Turgis Anthony,https://www.procyclingstats.com/rider/anthony-turgis,1994-05-16,1994,France,1.78,70.0,22.09,Bourg-la-Reine,163,finished,125,9749,207,Classic,32,FR,TotalEnergies,,,",,",1492,16310
13,RR,17 July 2026,Dole,Belfort,205.8,2309,109,49.999,Sprint à deux,Veistroffer Baptiste,https://www.procyclingstats.com/rider/baptiste-veistroffer,2000-05-29,2000,France,1.82,73.0,22.04,Fouesnant,164,finished,162,11436,157,Hills,26,FR,Lotto Intermarché,,,",,",1492,16310
13,RR,17 July 2026,Dole,Belfort,205.8,2309,109,49.999,Sprint à deux,Kooij Olav,https://www.procyclingstats.com/rider/olav-kooij,2001-10-17,2001,Netherlands,1.84,72.0,21.27,Numansdorp,165,finished,168,11741,55,Sprint,24,NL,Decathlon CMA CGM Team,,,",,",1492,16310
13,RR,17 July 2026,Dole,Belfort,205.8,2309,109,49.999,Sprint à deux,van den Broek Frank,https://www.procyclingstats.com/rider/frank-van-den-broek,2000-12-28,2000,Netherlands,1.78,70.0,22.09,Warmond,166,finished,97,8467,218,GC,25,NL,Team Picnic PostNL,,,",,",1492,16310
13,RR,17 July 2026,Dole,Belfort,205.8,2309,109,49.999,Sprint à deux,Biermans Jenthe,https://www.procyclingstats.com/rider/jenthe-biermans,1995-10-30,1995,Belgium,1.84,78.0,23.04,Geel,167,finished,158,11092,164,Classic,30,BE,Cofidis,,,",,",1492,16310
13,RR,17 July 2026,Dole,Belfort,205.8,2309,109,49.999,Sprint à deux,Merlier Tim,https://www.procyclingstats.com/rider/tim-merlier,1992-10-30,1992,Belgium,1.88,76.0,21.5,Wortegem-Petegem,168,finished,165,11691,91,Sprint,33,BE,Soudal Quick-Step,,,",,",1492,16310
13,RR,17 July 2026,Dole,Belfort,205.8,2309,109,49.999,Sprint à deux,Kirsch Alex,https://www.procyclingstats.com/rider/alex-kirsch,1992-06-12,1992,Luxembourg,1.94,78.0,20.72,Luxembourg,169,finished,118,9382,166,TT,34,LU,Cofidis,,,",,",1492,16310
13,RR,17 July 2026,Dole,Belfort,205.8,2309,109,49.999,Sprint à deux,Bauhaus Phil,https://www.procyclingstats.com/rider/phil-bauhaus,1994-07-08,1994,Germany,1.84,75.0,22.15,Bocholt,170,finished,167,11736,72,Sprint,32,DE,Bahrain - Victorious,,,",,",1492,16310
13,RR,17 July 2026,Dole,Belfort,205.8,2309,109,49.999,Sprint à deux,Godon Dorian,https://www.procyclingstats.com/rider/dorian-godon,1996-05-25,1996,France,1.89,74.0,20.72,Vitry-sur-Seine,171,finished,135,10024,85,Hills,30,FR,Netcompany INEOS,,,24:57,1497,16315
13,RR,17 July 2026,Dole,Belfort,205.8,2309,109,49.999,Sprint à deux,Gaviria Fernando,https://www.procyclingstats.com/rider/fernando-gaviria,1994-08-19,1994,Colombia,1.81,71.0,21.67,La Ceja,,DNS,,,221,Sprint,31,CO,Caja Rural - Seguros RGA,,,,,
13,RR,17 July 2026,Dole,Belfort,205.8,2309,109,49.999,Sprint à deux,Biesterbos Frits,https://www.procyclingstats.com/rider/frits-biesterbos,2002-02-14,2002,Netherlands,,,,Apeldoorn,,DNS,,,212,Classic,24,NL,Team Picnic PostNL,,,,,
13,RR,17 July 2026,Dole,Belfort,205.8,2309,109,49.999,Sprint à deux,Berckmoes Jenno,https://www.procyclingstats.com/rider/jenno-berckmoes,2001-02-04,2001,Belgium,1.77,61.0,19.47,Ghent,,DNS,,,153,Classic,25,BE,Lotto Intermarché,,,,,
14,RR,18 July 2026,Mulhouse,Le Markstein,155.3,3941,332,38.806,7.4 km solo,Pogačar Tadej,https://www.procyclingstats.com/rider/tadej-pogacar,1998-09-21,1998,Slovenia,1.76,66.0,21.31,Klanec,1,finished,1,0,1,Climber,27,SI,UAE Team Emirates - XRG,210.0,100.0,4:00:07,0,14407
14,RR,18 July 2026,Mulhouse,Le Markstein,155.3,3941,332,38.806,7.4 km solo,del Toro Isaac,https://www.procyclingstats.com/rider/isaac-del-toro,2003-11-27,2003,Mexico,1.8,64.0,19.75,Ensenada,2,finished,7,350,2,Climber,22,MX,UAE Team Emirates - XRG,150.0,70.0,0:38,38,14445
14,RR,18 July 2026,Mulhouse,Le Markstein,155.3,3941,332,38.806,7.4 km solo,Seixas Paul,https://www.procyclingstats.com/rider/paul-seixas,2006-09-24,2006,France,1.86,64.0,18.5,Lyon,3,finished,4,319,51,Climber,19,FR,Decathlon CMA CGM Team,110.0,50.0,",,",38,14445
14,RR,18 July 2026,Mulhouse,Le Markstein,155.3,3941,332,38.806,7.4 km solo,Vingegaard Jonas,https://www.procyclingstats.com/rider/jonas-vingegaard,1996-12-10,1996,Denmark,1.75,58.0,18.94,Hillerslev,4,finished,2,270,11,GC,29,DK,Team Visma | Lease a Bike,90.0,40.0,0:44,44,14451
14,RR,18 July 2026,Mulhouse,Le Markstein,155.3,3941,332,38.806,7.4 km solo,Evenepoel Remco,https://www.procyclingstats.com/rider/remco-evenepoel,2000-01-25,2000,Belgium,1.71,63.0,21.55,Aalst,5,finished,3,304,21,Climber,26,BE,Red Bull - BORA - hansgrohe,70.0,32.0,0:48,48,14455
14,RR,18 July 2026,Mulhouse,Le Markstein,155.3,3941,332,38.806,7.4 km solo,Ayuso Juan,https://www.procyclingstats.com/rider/juan-ayuso-pesquera,2002-09-16,2002,Spain,1.83,65.0,19.41,Barcelona,6,finished,5,322,31,Climber,23,ES,Lidl - Trek,55.0,26.0,0:50,50,14457
14,RR,18 July 2026,Mulhouse,Le Markstein,155.3,3941,332,38.806,7.4 km solo,Lipowitz Florian,https://www.procyclingstats.com/rider/florian-lipowitz,2000-09-21,2000,Germany,1.81,68.0,20.76,Laichingen,7,finished,6,344,25,GC,25,DE,Red Bull - BORA - hansgrohe,45.0,22.0,",,",50,14457
14,RR,18 July 2026,Mulhouse,Le Markstein,155.3,3941,332,38.806,7.4 km solo,Carapaz Richard,https://www.procyclingstats.com/rider/richard-carapaz,1993-05-29,1993,Ecuador,1.7,62.0,21.45,El Carmelo,8,finished,15,1151,41,Climber,33,EC,EF Education - EasyPost,40.0,18.0,1:18,78,14485
14,RR,18 July 2026,Mulhouse,Le Markstein,155.3,3941,332,38.806,7.4 km solo,Johannessen Tobias Halland,https://www.procyclingstats.com/rider/tobias-halland-johannessen,1999-08-23,1999,Norway,1.76,62.0,20.02,Drøbak,9,finished,14,1000,121,Climber,26,NO,Uno-X Mobility,35.0,14.0,1:40,100,14507
14,RR,18 July 2026,Mulhouse,Le Markstein,155.3,3941,332,38.806,7.4 km solo,Skjelmose Mattias,https://www.procyclingstats.com/rider/mattias-skjelmose-jensen,2000-09-26,2000,Denmark,1.8,65.0,20.06,Copenhagen,10,finished,8,455,35,Climber,25,DK,Lidl - Trek,30.0,10.0,",,",100,14507
14,RR,18 July 2026,Mulhouse,Le Markstein,155.3,3941,332,38.806,7.4 km solo,Martinez Lenny,https://www.procyclingstats.com/rider/lenny-martinez,2003-07-11,2003,France,1.68,52.0,18.42,Cannes,11,finished,10,505,71,Climber,23,FR,Bahrain - Victorious,25.0,8.0,1:41,101,14508
14,RR,18 July 2026,Mulhouse,Le Markstein,155.3,3941,332,38.806,7.4 km solo,Van Wilder Ilan,https://www.procyclingstats.com/rider/ilan-van-wilder,2000-05-14,2000,Belgium,1.71,64.0,21.89,Jette,12,finished,13,983,97,GC,26,BE,Soudal Quick-Step,20.0,6.0,3:30,210,14617
14,RR,18 July 2026,Mulhouse,Le Markstein,155.3,3941,332,38.806,7.4 km solo,Voisard Yannis,https://www.procyclingstats.com/rider/yannis-voisard,1998-07-26,1998,Switzerland,,56.0,,Fontenais,13,finished,17,1156,198,GC,27,CH,Tudor Pro Cycling Team,15.0,4.0,",,",210,14617
14,RR,18 July 2026,Mulhouse,Le Markstein,155.3,3941,332,38.806,7.4 km solo,Bernal Egan,https://www.procyclingstats.com/rider/egan-bernal,1997-01-13,1997,Colombia,1.75,60.0,19.59,Bogotá,14,finished,11,955,81,GC,29,CO,Netcompany INEOS,10.0,2.0,",,",210,14617
14,RR,18 July 2026,Mulhouse,Le Markstein,155.3,3941,332,38.806,7.4 km solo,Gee-West Derek,https://www.procyclingstats.com/rider/derek-gee,1997-08-03,1997,Canada,1.89,72.0,20.16,Ottawa,15,finished,29,4387,32,Climber,28,CA,Lidl - Trek,5.0,1.0,",,",210,14617
14,RR,18 July 2026,Mulhouse,Le Markstein,155.3,3941,332,38.806,7.4 km solo,Yates Adam,https://www.procyclingstats.com/rider/adam-yates,1992-08-07,1992,Great Britain,1.73,58.0,19.38,Bury,16,finished,18,1326,8,Climber,33,GB,UAE Team Emirates - XRG,,,",,",210,14617
14,RR,18 July 2026,Mulhouse,Le Markstein,155.3,3941,332,38.806,7.4 km solo,Kuss Sepp,https://www.procyclingstats.com/rider/sepp-kuss,1994-09-13,1994,United States,1.82,61.0,18.42,Durango,17,finished,19,1472,17,Climber,31,US,Team Visma | Lease a Bike,,,",,",210,14617
14,RR,18 July 2026,Mulhouse,Le Markstein,155.3,3941,332,38.806,7.4 km solo,Pidcock Tom,https://www.procyclingstats.com/rider/tom-pidcock,1999-07-30,1999,Great Britain,1.7,58.0,20.07,Leeds,18,finished,9,479,171,Classic,26,GB,Pinarello Q36.5 Pro Cycling Team,,,3:34,214,14621
14,RR,18 July 2026,Mulhouse,Le Markstein,155.3,3941,332,38.806,7.4 km solo,Jegat Jordan,https://www.procyclingstats.com/rider/jordan-jegat,1999-06-07,1999,France,1.76,59.0,19.05,Vannes,19,finished,12,963,201,Climber,27,FR,TotalEnergies,,,5:27,327,14734
14,RR,18 July 2026,Mulhouse,Le Markstein,155.3,3941,332,38.806,7.4 km solo,Piganzoli Davide,https://www.procyclingstats.com/rider/davide-piganzoli,2002-07-08,2002,Italy,1.74,61.0,20.15,Morbegno,20,finished,16,1155,18,GC,24,IT,Team Visma | Lease a Bike,,,",,",327,14734
14,RR,18 July 2026,Mulhouse,Le Markstein,155.3,3941,332,38.806,7.4 km solo,Rubio Einer,https://www.procyclingstats.com/rider/einer-rubio,1998-02-22,1998,Colombia,1.64,56.0,20.82,Chíquiza,21,finished,34,5228,148,Climber,28,CO,Movistar Team,,,",,",327,14734
14,RR,18 July 2026,Mulhouse,Le Markstein,155.3,3941,332,38.806,7.4 km solo,Prodhomme Nicolas,https://www.procyclingstats.com/rider/nicolas-prodhomme,1997-02-01,1997,France,1.74,63.0,20.81,L'Aigle,22,finished,23,3149,57,GC,29,FR,Decathlon CMA CGM Team,,,9:51,591,14998
14,RR,18 July 2026,Mulhouse,Le Markstein,155.3,3941,332,38.806,7.4 km solo,Hindley Jai,https://www.procyclingstats.com/rider/jai-hindley,1996-05-05,1996,Australia,1.75,60.0,19.59,Perth,23,finished,24,3769,24,Climber,30,AU,Red Bull - BORA - hansgrohe,,,10:15,615,15022
14,RR,18 July 2026,Mulhouse,Le Markstein,155.3,3941,332,38.806,7.4 km solo,Simmons Quinn,https://www.procyclingstats.com/rider/quinn-simmons,2001-05-08,2001,United States,1.85,73.0,21.33,Durango,24,finished,30,4868,34,Hills,25,US,Lidl - Trek,,,11:47,707,15114
14,RR,18 July 2026,Mulhouse,Le Markstein,155.3,3941,332,38.806,7.4 km solo,Paret-Peintre Valentin,https://www.procyclingstats.com/rider/valentin-paret-peintre,2001-01-14,2001,France,1.78,52.0,16.41,Annemasse,25,finished,37,5913,93,Climber,25,FR,Soudal Quick-Step,,,12:01,721,15128
14,RR,18 July 2026,Mulhouse,Le Markstein,155.3,3941,332,38.806,7.4 km solo,O'Connor Ben,https://www.procyclingstats.com/rider/ben-o-connor,1995-11-25,1995,Australia,1.88,67.0,18.96,Subiaco,26,finished,39,5936,111,GC,30,AU,Team Jayco AlUla,,,13:05,785,15192
14,RR,18 July 2026,Mulhouse,Le Markstein,155.3,3941,332,38.806,7.4 km solo,Riccitello Matthew,https://www.procyclingstats.com/rider/matthew-riccitello,2002-03-05,2002,United States,1.72,55.0,18.59,Tucson,27,finished,50,6773,58,Climber,24,US,Decathlon CMA CGM Team,,,",,",785,15192
14,RR,18 July 2026,Mulhouse,Le Markstein,155.3,3941,332,38.806,7.4 km solo,Schmid Mauro,https://www.procyclingstats.com/rider/mauro-schmid,1999-12-04,1999,Switzerland,1.87,70.0,20.02,Bülach,28,finished,59,7608,118,Hills,26,CH,Team Jayco AlUla,,,",,",785,15192
14,RR,18 July 2026,Mulhouse,Le Markstein,155.3,3941,332,38.806,7.4 km solo,Benoot Tiesj,https://www.procyclingstats.com/rider/tiesj-benoot,1994-03-11,1994,Belgium,1.9,72.0,19.94,Ghent,29,finished,22,2792,52,Classic,32,BE,Decathlon CMA CGM Team,,,",,",785,15192
14,RR,18 July 2026,Mulhouse,Le Markstein,155.3,3941,332,38.806,7.4 km solo,Van Gils Maxim,https://www.procyclingstats.com/rider/maxim-van-gils,1999-11-25,1999,Belgium,1.74,63.0,20.81,Brasschaat,30,finished,42,6221,28,Classic,26,BE,Red Bull - BORA - hansgrohe,,,17:05,1025,15432
14,RR,18 July 2026,Mulhouse,Le Markstein,155.3,3941,332,38.806,7.4 km solo,McNulty Brandon,https://www.procyclingstats.com/rider/brandon-mcnulty,1998-04-02,1998,United States,1.83,69.0,20.6,Phoenix,31,finished,20,2148,4,GC,28,US,UAE Team Emirates - XRG,,,17:07,1027,15434
14,RR,18 July 2026,Mulhouse,Le Markstein,155.3,3941,332,38.806,7.4 km solo,Cattaneo Mattia,https://www.procyclingstats.com/rider/mattia-cattaneo,1990-10-25,1990,Italy,1.84,67.0,19.79,Alzano Lombardo,32,finished,54,7093,22,TT,35,IT,Red Bull - BORA - hansgrohe,,,17:34,1054,15461
14,RR,18 July 2026,Mulhouse,Le Markstein,155.3,3941,332,38.806,7.4 km solo,Verona Carlos,https://www.procyclingstats.com/rider/carlos-verona,1992-11-04,1992,Spain,1.86,68.0,19.66,San Lorenzo de El Escorial,33,finished,25,3877,38,GC,33,ES,Lidl - Trek,,,",,",1054,15461
14,RR,18 July 2026,Mulhouse,Le Markstein,155.3,3941,332,38.806,7.4 km solo,Jorgenson Matteo,https://www.procyclingstats.com/rider/matteo-jorgenson,1999-07-01,1999,United States,1.9,69.0,19.11,Walnut Creek,34,finished,31,4999,16,GC,27,US,Team Visma | Lease a Bike,,,",,",1054,15461
14,RR,18 July 2026,Mulhouse,Le Markstein,155.3,3941,332,38.806,7.4 km solo,Foss Tobias,https://www.procyclingstats.com/rider/tobias-foss,1997-05-25,1997,Norway,1.84,74.0,21.86,Vingrom,35,finished,45,6382,83,TT,29,NO,Netcompany INEOS,,,",,",1054,15461
14,RR,18 July 2026,Mulhouse,Le Markstein,155.3,3941,332,38.806,7.4 km solo,Meurisse Xandro,https://www.procyclingstats.com/rider/xandro-meurisse,1992-01-31,1992,Belgium,1.81,68.0,20.76,Kortrijk,36,finished,55,7491,176,GC,34,BE,Pinarello Q36.5 Pro Cycling Team,,,18:53,1133,15540
14,RR,18 July 2026,Mulhouse,Le Markstein,155.3,3941,332,38.806,7.4 km solo,Großschartner Felix,https://www.procyclingstats.com/rider/felix-grossschartner,1993-12-23,1993,Austria,1.84,64.0,18.9,Wels,37,finished,36,5745,3,GC,32,AT,UAE Team Emirates - XRG,,,19:46,1186,15593
14,RR,18 July 2026,Mulhouse,Le Markstein,155.3,3941,332,38.806,7.4 km solo,Johannessen Anders Halland,https://www.procyclingstats.com/rider/anders-halland-johannessen,1999-08-23,1999,Norway,1.76,,,Drøbak,38,finished,70,8789,125,GC,26,NO,Uno-X Mobility,,,20:06,1206,15613
14,RR,18 July 2026,Mulhouse,Le Markstein,155.3,3941,332,38.806,7.4 km solo,Healy Ben,https://www.procyclingstats.com/rider/ben-healy,2000-09-11,2000,Ireland,1.75,62.0,20.24,Kingswinford Previous nationalities Great Britain until 2016,39,finished,69,8775,44,Climber,25,IE,EF Education - EasyPost,,,21:13,1273,15680
14,RR,18 July 2026,Mulhouse,Le Markstein,155.3,3941,332,38.806,7.4 km solo,Arensman Thymen,https://www.procyclingstats.com/rider/thymen-arensman,1999-12-04,1999,Netherlands,1.9,68.0,18.84,Deil,40,finished,27,4291,82,GC,26,NL,Netcompany INEOS,,,",,",1273,15680
14,RR,18 July 2026,Mulhouse,Le Markstein,155.3,3941,332,38.806,7.4 km solo,Van Eetvelt Lennert,https://www.procyclingstats.com/rider/lennert-van-eetvelt,2001-07-17,2001,Belgium,1.76,63.0,20.34,Binkom,41,finished,28,4324,156,Climber,25,BE,Lotto Intermarché,,,23:21,1401,15808
14,RR,18 July 2026,Mulhouse,Le Markstein,155.3,3941,332,38.806,7.4 km solo,Armirail Bruno,https://www.procyclingstats.com/rider/bruno-armirail,1994-04-11,1994,France,1.9,72.0,19.94,Bagnères-de-Bigorre,42,finished,91,9911,13,TT,32,FR,Team Visma | Lease a Bike,,,",,",1401,15808
14,RR,18 July 2026,Mulhouse,Le Markstein,155.3,3941,332,38.806,7.4 km solo,Paret-Peintre Aurélien,https://www.procyclingstats.com/rider/aurelien-paret-peintre,1996-02-27,1996,France,1.84,64.0,18.9,Annemasse,43,finished,62,7969,56,GC,30,FR,Decathlon CMA CGM Team,,,",,",1401,15808
14,RR,18 July 2026,Mulhouse,Le Markstein,155.3,3941,332,38.806,7.4 km solo,Vervaeke Louis,https://www.procyclingstats.com/rider/louis-vervaeke,1993-10-06,1993,Belgium,1.81,68.0,20.76,Ronse,44,finished,72,8941,98,GC,32,BE,Soudal Quick-Step,,,",,",1401,15808
14,RR,18 July 2026,Mulhouse,Le Markstein,155.3,3941,332,38.806,7.4 km solo,Wellens Tim,https://www.procyclingstats.com/rider/tim-wellens,1991-05-10,1991,Belgium,1.82,71.0,21.43,Sint-Truiden,45,finished,52,6940,7,GC,35,BE,UAE Team Emirates - XRG,,,23:49,1429,15836
14,RR,18 July 2026,Mulhouse,Le Markstein,155.3,3941,332,38.806,7.4 km solo,Delettre Alexandre,https://www.procyclingstats.com/rider/alexandre-delettre,1997-10-25,1997,France,1.7,62.0,21.45,Gonesse,46,finished,67,8544,204,Classic,28,FR,TotalEnergies,,,",,",1429,15836
14,RR,18 July 2026,Mulhouse,Le Markstein,155.3,3941,332,38.806,7.4 km solo,Tiberi Antonio,https://www.procyclingstats.com/rider/antonio-tiberi,2001-06-24,2001,Italy,1.82,62.0,18.72,Frosinone,47,finished,48,6598,77,GC,25,IT,Bahrain - Victorious,,,26:29,1589,15996
14,RR,18 July 2026,Mulhouse,Le Markstein,155.3,3941,332,38.806,7.4 km solo,Caruso Damiano,https://www.procyclingstats.com/rider/damiano-caruso,1987-10-12,1987,Italy,1.79,67.0,20.91,Ragusa,48,finished,66,8430,73,GC,38,IT,Bahrain - Victorious,,,",,",1589,15996
14,RR,18 July 2026,Mulhouse,Le Markstein,155.3,3941,332,38.806,7.4 km solo,Tratnik Jan,https://www.procyclingstats.com/rider/jan-tratnik,1990-02-23,1990,Slovenia,1.73,67.0,22.39,Idrija,49,finished,94,10142,26,TT,36,SI,Red Bull - BORA - hansgrohe,,,",,",1589,15996
14,RR,18 July 2026,Mulhouse,Le Markstein,155.3,3941,332,38.806,7.4 km solo,Storer Michael,https://www.procyclingstats.com/rider/michael-storer,1997-02-28,1997,Australia,1.77,63.0,20.11,Perth,50,finished,103,10793,196,Climber,29,AU,Tudor Pro Cycling Team,,,",,",1589,15996
14,RR,18 July 2026,Mulhouse,Le Markstein,155.3,3941,332,38.806,7.4 km solo,Hirschi Marc,https://www.procyclingstats.com/rider/marc-hirschi,1998-08-24,1998,Switzerland,1.74,61.0,20.15,Bern,51,finished,40,6097,194,Classic,27,CH,Tudor Pro Cycling Team,,,",,",1589,15996
14,RR,18 July 2026,Mulhouse,Le Markstein,155.3,3941,332,38.806,7.4 km solo,Valgren Michael,https://www.procyclingstats.com/rider/michael-valgren-andersen,1992-02-07,1992,Denmark,1.79,71.0,22.16,Østerild,52,finished,63,8066,47,Classic,34,DK,EF Education - EasyPost,,,",,",1589,15996
14,RR,18 July 2026,Mulhouse,Le Markstein,155.3,3941,332,38.806,7.4 km solo,Quinn Sean,https://www.procyclingstats.com/rider/sean-quinn,2000-05-10,2000,United States,1.87,67.0,19.16,Los Angeles,53,finished,21,2507,45,GC,26,US,EF Education - EasyPost,,,",,",1589,15996
14,RR,18 July 2026,Mulhouse,Le Markstein,155.3,3941,332,38.806,7.4 km solo,Skaarseth Anders,https://www.procyclingstats.com/rider/anders-skaarseth,1995-05-07,1995,Norway,1.86,,,Lillehammer,54,finished,60,7641,126,Classic,31,NO,Uno-X Mobility,,,",,",1589,15996
14,RR,18 July 2026,Mulhouse,Le Markstein,155.3,3941,332,38.806,7.4 km solo,Higuita Sergio,https://www.procyclingstats.com/rider/sergio-higuita,1997-08-01,1997,Colombia,1.66,57.0,20.69,Medellín,55,finished,47,6506,61,Climber,28,CO,XDS Astana Team,,,",,",1589,15996
14,RR,18 July 2026,Mulhouse,Le Markstein,155.3,3941,332,38.806,7.4 km solo,Vauquelin Kévin,https://www.procyclingstats.com/rider/kevin-vauquelin,2001-04-26,2001,France,1.76,69.0,22.28,Bayeux,56,finished,33,5125,88,GC,25,FR,Netcompany INEOS,,,",,",1589,15996
14,RR,18 July 2026,Mulhouse,Le Markstein,155.3,3941,332,38.806,7.4 km solo,Hermans Quinten,https://www.procyclingstats.com/rider/quinten-hermans,1995-07-29,1995,Belgium,1.74,62.0,20.48,Antwerp,57,finished,35,5442,174,Hills,30,BE,Pinarello Q36.5 Pro Cycling Team,,,27:38,1658,16065
14,RR,18 July 2026,Mulhouse,Le Markstein,155.3,3941,332,38.806,7.4 km solo,Abrahamsen Jonas,https://www.procyclingstats.com/rider/jonas-abrahamsen,1995-09-20,1995,Norway,1.83,78.0,23.29,Skien,58,finished,93,10137,122,Classic,30,NO,Uno-X Mobility,,,29:24,1764,16171
14,RR,18 July 2026,Mulhouse,Le Markstein,155.3,3941,332,38.806,7.4 km solo,Pacher Quentin,https://www.procyclingstats.com/rider/quentin-pacher,1992-01-06,1992,France,1.79,62.0,19.35,Libourne,59,finished,68,8687,187,Hills,34,FR,Groupama - FDJ United,,,",,",1764,16171
14,RR,18 July 2026,Mulhouse,Le Markstein,155.3,3941,332,38.806,7.4 km solo,Engelhardt Felix,https://www.procyclingstats.com/rider/felix-engelhardt,2000-08-19,2000,Germany,1.8,68.0,20.99,Ulm,60,finished,101,10639,114,Classic,25,DE,Team Jayco AlUla,,,",,",1764,16171
14,RR,18 July 2026,Mulhouse,Le Markstein,155.3,3941,332,38.806,7.4 km solo,Steinhauser Georg,https://www.procyclingstats.com/rider/georg-steinhauser,2001-10-21,2001,Germany,1.89,70.0,19.6,Lindenberg im Allgäu,61,finished,125,11931,46,Climber,24,DE,EF Education - EasyPost,,,",,",1764,16171
14,RR,18 July 2026,Mulhouse,Le Markstein,155.3,3941,332,38.806,7.4 km solo,García Pierna Raúl,https://www.procyclingstats.com/rider/raul-garcia-pierna,2001-02-23,2001,Spain,1.75,67.0,21.88,Tres Cantos,62,finished,41,6172,144,Climber,25,ES,Movistar Team,,,",,",1764,16171
14,RR,18 July 2026,Mulhouse,Le Markstein,155.3,3941,332,38.806,7.4 km solo,Romo Javier,https://www.procyclingstats.com/rider/javier-romo,1999-01-06,1999,Spain,1.84,70.0,20.68,Villafranca de los Caballeros,63,finished,64,8226,147,GC,27,ES,Movistar Team,,,",,",1764,16171
14,RR,18 July 2026,Mulhouse,Le Markstein,155.3,3941,332,38.806,7.4 km solo,Martin Guillaume,https://www.procyclingstats.com/rider/guillaume-martin,1993-06-09,1993,France,1.73,55.0,18.38,Paris,64,finished,46,6425,186,Climber,33,FR,Groupama - FDJ United,,,",,",1764,16171
14,RR,18 July 2026,Mulhouse,Le Markstein,155.3,3941,332,38.806,7.4 km solo,Verstrynge Emiel,https://www.procyclingstats.com/rider/emiel-verstrynge,2002-02-04,2002,Belgium,1.89,69.0,19.32,Eeklo,65,finished,99,10566,108,Climber,24,BE,Alpecin - Premier Tech,,,",,",1764,16171
14,RR,18 July 2026,Mulhouse,Le Markstein,155.3,3941,332,38.806,7.4 km solo,Grégoire Romain,https://www.procyclingstats.com/rider/romain-gregoire,2003-01-21,2003,France,1.76,64.0,20.66,Besançon,66,finished,56,7501,181,Classic,23,FR,Groupama - FDJ United,,,",,",1764,16171
14,RR,18 July 2026,Mulhouse,Le Markstein,155.3,3941,332,38.806,7.4 km solo,Braz Afonso Clément,https://www.procyclingstats.com/rider/clement-braz-afonso,1999-11-08,1999,France,1.63,50.0,18.82,Brive-la-Gaillarde,67,finished,53,6957,183,Climber,26,FR,Groupama - FDJ United,,,",,",1764,16171
14,RR,18 July 2026,Mulhouse,Le Markstein,155.3,3941,332,38.806,7.4 km solo,Craps Lars,https://www.procyclingstats.com/rider/lars-craps,2001-10-17,2001,Belgium,1.85,67.0,19.58,Aalst,68,finished,57,7569,154,GC,24,BE,Lotto Intermarché,,,30:36,1836,16243
14,RR,18 July 2026,Mulhouse,Le Markstein,155.3,3941,332,38.806,7.4 km solo,Van Mechelen Vlad,https://www.procyclingstats.com/rider/vlad-van-mechelen,2004-06-02,2004,Belgium,1.83,73.0,21.8,Leuven,69,finished,77,9266,78,Sprint,22,BE,Bahrain - Victorious,,,",,",1836,16243
14,RR,18 July 2026,Mulhouse,Le Markstein,155.3,3941,332,38.806,7.4 km solo,Matthews Michael,https://www.procyclingstats.com/rider/michael-matthews,1990-09-26,1990,Australia,1.78,72.0,22.72,Canberra,70,finished,65,8231,115,Classic,35,AU,Team Jayco AlUla,,,31:15,1875,16282
14,RR,18 July 2026,Mulhouse,Le Markstein,155.3,3941,332,38.806,7.4 km solo,Russo Clément,https://www.procyclingstats.com/rider/clement-russo,1995-01-20,1995,France,1.87,74.0,21.16,Lyon,71,finished,87,9808,188,Classic,31,FR,Groupama - FDJ United,,,",,",1875,16282
14,RR,18 July 2026,Mulhouse,Le Markstein,155.3,3941,332,38.806,7.4 km solo,Politt Nils,https://www.procyclingstats.com/rider/nils-politt,1994-03-06,1994,Germany,1.92,80.0,21.7,Cologne,72,finished,90,9865,5,Classic,32,DE,UAE Team Emirates - XRG,,,31:18,1878,16285
14,RR,18 July 2026,Mulhouse,Le Markstein,155.3,3941,332,38.806,7.4 km solo,Van Moer Brent,https://www.procyclingstats.com/rider/brent-van-moer,1998-01-12,1998,Belgium,1.91,79.0,21.66,Beveren,73,finished,98,10534,177,Classic,28,BE,Pinarello Q36.5 Pro Cycling Team,,,32:38,1958,16365
14,RR,18 July 2026,Mulhouse,Le Markstein,155.3,3941,332,38.806,7.4 km solo,Stuyven Jasper,https://www.procyclingstats.com/rider/jasper-stuyven,1992-04-17,1992,Belgium,1.87,80.0,22.88,Leuven,74,finished,75,9241,94,Classic,34,BE,Soudal Quick-Step,,,",,",1958,16365
14,RR,18 July 2026,Mulhouse,Le Markstein,155.3,3941,332,38.806,7.4 km solo,Slock Liam,https://www.procyclingstats.com/rider/liam-slock,2000-09-18,2000,Belgium,1.88,74.0,20.94,Ghent,75,finished,141,12621,155,GC,25,BE,Lotto Intermarché,,,",,",1958,16365
14,RR,18 July 2026,Mulhouse,Le Markstein,155.3,3941,332,38.806,7.4 km solo,Berwick Sebastian,https://www.procyclingstats.com/rider/sebastian-berwick,1999-12-15,1999,Australia,1.75,59.0,19.27,Brisbane,76,finished,105,10903,223,GC,26,AU,Caja Rural - Seguros RGA,,,",,",1958,16365
14,RR,18 July 2026,Mulhouse,Le Markstein,155.3,3941,332,38.806,7.4 km solo,Mohorič Matej,https://www.procyclingstats.com/rider/matej-mohoric,1994-10-19,1994,Slovenia,1.86,71.0,20.52,Kranj,77,finished,95,10369,75,Classic,31,SI,Bahrain - Victorious,,,34:03,2043,16450
14,RR,18 July 2026,Mulhouse,Le Markstein,155.3,3941,332,38.806,7.4 km solo,Velasco Simone,https://www.procyclingstats.com/rider/simone-velasco,1995-12-02,1995,Italy,1.7,59.0,20.42,Bologna,78,finished,117,11618,67,Classic,30,IT,XDS Astana Team,,,",,",2043,16450
14,RR,18 July 2026,Mulhouse,Le Markstein,155.3,3941,332,38.806,7.4 km solo,Azparren Xabier Mikel,https://www.procyclingstats.com/rider/xabier-mikel-azparren-irurzun,1999-02-25,1999,Spain,,,,San Sebastián,79,finished,115,11539,172,TT,27,ES,Pinarello Q36.5 Pro Cycling Team,,,34:37,2077,16484
14,RR,18 July 2026,Mulhouse,Le Markstein,155.3,3941,332,38.806,7.4 km solo,Howson Damien,https://www.procyclingstats.com/rider/damien-howson,1992-08-13,1992,Australia,1.88,68.0,19.24,Adelaide,80,finished,96,10399,175,GC,33,AU,Pinarello Q36.5 Pro Cycling Team,,,",,",2077,16484
14,RR,18 July 2026,Mulhouse,Le Markstein,155.3,3941,332,38.806,7.4 km solo,Balderstone Abel,https://www.procyclingstats.com/rider/abel-balderstone-roumens,2000-07-07,2000,Spain,1.79,61.0,19.04,Ullastrell,81,finished,61,7845,222,GC,26,ES,Caja Rural - Seguros RGA,,,",,",2077,16484
14,RR,18 July 2026,Mulhouse,Le Markstein,155.3,3941,332,38.806,7.4 km solo,Frigo Marco,https://www.procyclingstats.com/rider/marco-frigo,2000-03-02,2000,Italy,1.88,70.0,19.81,Bassano del Grappa,82,finished,112,11259,134,Climber,26,IT,NSN Cycling Team,,,",,",2077,16484
14,RR,18 July 2026,Mulhouse,Le Markstein,155.3,3941,332,38.806,7.4 km solo,Guernalec Thibault,https://www.procyclingstats.com/rider/thibault-guernalec,1997-07-31,1997,France,1.85,71.0,20.75,Châteaulin,83,finished,110,11229,205,TT,28,FR,TotalEnergies,,,",,",2077,16484
14,RR,18 July 2026,Mulhouse,Le Markstein,155.3,3941,332,38.806,7.4 km solo,Stannard Robert,https://www.procyclingstats.com/rider/robert-stannard,1998-09-16,1998,Australia,1.79,74.0,23.1,Sydney Previous nationalities New Zealand until 2016,84,finished,111,11256,76,Hills,27,AU,Bahrain - Victorious,,,",,",2077,16484
14,RR,18 July 2026,Mulhouse,Le Markstein,155.3,3941,332,38.806,7.4 km solo,Denz Nico,https://www.procyclingstats.com/rider/nico-denz,1994-02-15,1994,Germany,1.83,71.0,21.2,Waldshut-Tiengen,85,finished,102,10713,23,Hills,32,DE,Red Bull - BORA - hansgrohe,,,",,",2077,16484
14,RR,18 July 2026,Mulhouse,Le Markstein,155.3,3941,332,38.806,7.4 km solo,Kwiatkowski Michał,https://www.procyclingstats.com/rider/michal-kwiatkowski,1990-06-02,1990,Poland,1.76,68.0,21.95,Chełmża,86,finished,124,11912,86,Classic,36,PL,Netcompany INEOS,,,",,",2077,16484
14,RR,18 July 2026,Mulhouse,Le Markstein,155.3,3941,332,38.806,7.4 km solo,Aranburu Alex,https://www.procyclingstats.com/rider/alex-aranburu,1995-09-19,1995,Spain,1.78,63.0,19.88,Ezkio-Itsaso,87,finished,71,8811,163,Classic,30,ES,Cofidis,,,",,",2077,16484
14,RR,18 July 2026,Mulhouse,Le Markstein,155.3,3941,332,38.806,7.4 km solo,Ganna Filippo,https://www.procyclingstats.com/rider/filippo-ganna,1996-07-25,1996,Italy,1.93,83.0,22.28,Verbania,88,finished,123,11907,84,TT,29,IT,Netcompany INEOS,,,",,",2077,16484
14,RR,18 July 2026,Mulhouse,Le Markstein,155.3,3941,332,38.806,7.4 km solo,Oliveira Nelson,https://www.procyclingstats.com/rider/nelson-oliveira,1989-03-06,1989,Portugal,1.8,67.0,20.68,Anadia,89,finished,81,9444,146,TT,37,PT,Movistar Team,,,",,",2077,16484
14,RR,18 July 2026,Mulhouse,Le Markstein,155.3,3941,332,38.806,7.4 km solo,Campenaerts Victor,https://www.procyclingstats.com/rider/victor-campenaerts,1991-10-28,1991,Belgium,1.73,68.0,22.72,Hoboken,90,finished,84,9595,14,TT,34,BE,Team Visma | Lease a Bike,,,",,",2077,16484
14,RR,18 July 2026,Mulhouse,Le Markstein,155.3,3941,332,38.806,7.4 km solo,Asgreen Kasper,https://www.procyclingstats.com/rider/kasper-asgreen,1995-02-08,1995,Denmark,1.93,75.0,20.13,Kolding,91,finished,83,9588,42,TT,31,DK,EF Education - EasyPost,,,",,",2077,16484
14,RR,18 July 2026,Mulhouse,Le Markstein,155.3,3941,332,38.806,7.4 km solo,Baudin Alex,https://www.procyclingstats.com/rider/alex-baudin,2001-05-25,2001,France,1.83,64.0,19.11,Albertville,92,finished,49,6620,43,Climber,25,FR,EF Education - EasyPost,,,",,",2077,16484
14,RR,18 July 2026,Mulhouse,Le Markstein,155.3,3941,332,38.806,7.4 km solo,Walker Max,https://www.procyclingstats.com/rider/max-walker,2001-07-12,2001,Great Britain,,,,Douglas,93,finished,104,10833,48,TT,25,GB,EF Education - EasyPost,,,",,",2077,16484
14,RR,18 July 2026,Mulhouse,Le Markstein,155.3,3941,332,38.806,7.4 km solo,Izagirre Ion,https://www.procyclingstats.com/rider/ion-izagirre,1989-02-04,1989,Spain,1.73,60.0,20.05,Ormaiztegi,94,finished,44,6360,161,GC,37,ES,Cofidis,,,",,",2077,16484
14,RR,18 July 2026,Mulhouse,Le Markstein,155.3,3941,332,38.806,7.4 km solo,van Baarle Dylan,https://www.procyclingstats.com/rider/dylan-van-baarle,1992-05-21,1992,Netherlands,1.89,74.0,20.72,Voorburg,95,finished,145,12783,95,Classic,34,NL,Soudal Quick-Step,,,",,",2077,16484
14,RR,18 July 2026,Mulhouse,Le Markstein,155.3,3941,332,38.806,7.4 km solo,Plapp Luke,https://www.procyclingstats.com/rider/luke-plapp,2000-12-25,2000,Australia,1.81,72.0,21.98,Melbourne,96,finished,78,9274,117,GC,25,AU,Team Jayco AlUla,,,",,",2077,16484
14,RR,18 July 2026,Mulhouse,Le Markstein,155.3,3941,332,38.806,7.4 km solo,Vinokurov Nicolas,https://www.procyclingstats.com/rider/nicolas-vinokurov,2002-07-07,2002,Kazakhstan,1.84,69.0,20.38,Nice,97,finished,114,11341,68,GC,24,KZ,XDS Astana Team,,,35:23,2123,16530
14,RR,18 July 2026,Mulhouse,Le Markstein,155.3,3941,332,38.806,7.4 km solo,Skujiņš Toms,https://www.procyclingstats.com/rider/toms-skujins,1991-06-15,1991,Latvia,1.81,72.0,21.98,Sigulda,98,finished,85,9639,36,Classic,35,LV,Lidl - Trek,,,",,",2123,16530
14,RR,18 July 2026,Mulhouse,Le Markstein,155.3,3941,332,38.806,7.4 km solo,Wright Fred,https://www.procyclingstats.com/rider/alfred-wright,1999-06-13,1999,Great Britain,1.84,75.0,22.15,London,99,finished,127,11990,178,Hills,27,GB,Pinarello Q36.5 Pro Cycling Team,,,",,",2123,16530
14,RR,18 July 2026,Mulhouse,Le Markstein,155.3,3941,332,38.806,7.4 km solo,Vacek Mathias,https://www.procyclingstats.com/rider/mathias-vacek,2002-06-12,2002,Czech Republic,1.88,75.0,21.22,Beroun,100,finished,38,5919,37,TT,24,CZ,Lidl - Trek,,,",,",2123,16530
14,RR,18 July 2026,Mulhouse,Le Markstein,155.3,3941,332,38.806,7.4 km solo,Alaphilippe Julian,https://www.procyclingstats.com/rider/julian-alaphilippe,1992-06-11,1992,France,1.73,62.0,20.72,Saint-Amand-Montrond,101,finished,139,12590,191,Classic,34,FR,Tudor Pro Cycling Team,,,35:25,2125,16532
14,RR,18 July 2026,Mulhouse,Le Markstein,155.3,3941,332,38.806,7.4 km solo,Pedersen Mads,https://www.procyclingstats.com/rider/mads-pedersen,1995-12-18,1995,Denmark,1.8,76.0,23.46,Tølløse,102,finished,80,9406,33,Classic,30,DK,Lidl - Trek,,,35:27,2127,16534
14,RR,18 July 2026,Mulhouse,Le Markstein,155.3,3941,332,38.806,7.4 km solo,van Dijke Tim,https://www.procyclingstats.com/rider/tim-van-dijke,2000-03-15,2000,Netherlands,1.89,74.0,20.72,Goes,103,finished,121,11858,27,Classic,26,NL,Red Bull - BORA - hansgrohe,,,35:30,2130,16537
14,RR,18 July 2026,Mulhouse,Le Markstein,155.3,3941,332,38.806,7.4 km solo,Haller Marco,https://www.procyclingstats.com/rider/marco-haller,1991-04-01,1991,Austria,1.78,72.0,22.72,Sankt Veit an der Glan,104,finished,154,13270,193,Classic,35,AT,Tudor Pro Cycling Team,,,35:43,2143,16550
14,RR,18 July 2026,Mulhouse,Le Markstein,155.3,3941,332,38.806,7.4 km solo,Affini Edoardo,https://www.procyclingstats.com/rider/edoardo-affini,1996-06-24,1996,Italy,1.9,85.0,23.55,Mantua,105,finished,140,12606,12,TT,30,IT,Team Visma | Lease a Bike,,,",,",2143,16550
14,RR,18 July 2026,Mulhouse,Le Markstein,155.3,3941,332,38.806,7.4 km solo,Marsman Tim,https://www.procyclingstats.com/rider/tim-marsman,2000-10-04,2000,Netherlands,1.91,75.0,20.56,Hattem,106,finished,147,12889,104,Sprint,25,NL,Alpecin - Premier Tech,,,",,",2143,16550
14,RR,18 July 2026,Mulhouse,Le Markstein,155.3,3941,332,38.806,7.4 km solo,Bittner Pavel,https://www.procyclingstats.com/rider/pavel-bittner,2002-10-29,2002,Czech Republic,1.84,73.0,21.56,Olomouc,107,finished,149,12966,213,Sprint,23,CZ,Team Picnic PostNL,,,",,",2143,16550
14,RR,18 July 2026,Mulhouse,Le Markstein,155.3,3941,332,38.806,7.4 km solo,Germani Lorenzo,https://www.procyclingstats.com/rider/lorenzo-germani,2002-03-03,2002,Italy,1.79,62.0,19.35,Sora,108,finished,79,9337,185,GC,24,IT,Groupama - FDJ United,,,",,",2143,16550
14,RR,18 July 2026,Mulhouse,Le Markstein,155.3,3941,332,38.806,7.4 km solo,Hessmann Michel,https://www.procyclingstats.com/rider/michel-hessmann,2001-04-06,2001,Germany,1.91,78.0,21.38,Münster,109,finished,108,11087,145,Hills,25,DE,Movistar Team,,,",,",2143,16550
14,RR,18 July 2026,Mulhouse,Le Markstein,155.3,3941,332,38.806,7.4 km solo,Zimmermann Georg,https://www.procyclingstats.com/rider/georg-zimmermann,1997-10-11,1997,Germany,1.81,70.0,21.37,Augsburg,110,finished,89,9849,158,Classic,28,DE,Lotto Intermarché,,,",,",2143,16550
14,RR,18 July 2026,Mulhouse,Le Markstein,155.3,3941,332,38.806,7.4 km solo,Le Berre Mathis,https://www.procyclingstats.com/rider/mathis-le-berre,2001-04-16,2001,France,1.76,68.0,21.95,Saint-Brieuc,111,finished,92,10112,206,Hills,25,FR,TotalEnergies,,,",,",2143,16550
14,RR,18 July 2026,Mulhouse,Le Markstein,155.3,3941,332,38.806,7.4 km solo,Pluimers Rick,https://www.procyclingstats.com/rider/rick-pluimers,2000-12-07,2000,Netherlands,1.8,67.0,20.68,Enter,112,finished,76,9257,195,Hills,25,NL,Tudor Pro Cycling Team,,,",,",2143,16550
14,RR,18 July 2026,Mulhouse,Le Markstein,155.3,3941,332,38.806,7.4 km solo,Hagenes Per Strand,https://www.procyclingstats.com/rider/per-strand-hagenes,2003-07-10,2003,Norway,1.86,78.0,22.55,Sandnes,113,finished,107,10935,15,Classic,23,NO,Team Visma | Lease a Bike,,,",,",2143,16550
14,RR,18 July 2026,Mulhouse,Le Markstein,155.3,3941,332,38.806,7.4 km solo,Breuillard Nicolas,https://www.procyclingstats.com/rider/nicolas-breuillard,2000-03-13,2000,France,1.75,,,Pertuis,114,finished,51,6851,202,GC,26,FR,TotalEnergies,,,",,",2143,16550
14,RR,18 July 2026,Mulhouse,Le Markstein,155.3,3941,332,38.806,7.4 km solo,Gate Aaron,https://www.procyclingstats.com/rider/aaron-gate,1990-11-26,1990,New Zealand,1.81,71.0,21.67,Auckland,115,finished,128,12002,63,GC,35,NZ,XDS Astana Team,,,",,",2143,16550
14,RR,18 July 2026,Mulhouse,Le Markstein,155.3,3941,332,38.806,7.4 km solo,Dhondt Robbe,https://www.procyclingstats.com/rider/robbe-dhondt,2004-06-25,2004,Belgium,1.76,,,Zottegem,116,finished,131,12168,215,GC,22,BE,Team Picnic PostNL,,,",,",2143,16550
14,RR,18 July 2026,Mulhouse,Le Markstein,155.3,3941,332,38.806,7.4 km solo,Parra José Félix,https://www.procyclingstats.com/rider/jose-felix-parra,1997-01-16,1997,Spain,1.71,55.0,18.81,Ossa de Montiel,117,finished,43,6232,228,GC,29,ES,Caja Rural - Seguros RGA,,,",,",2143,16550
14,RR,18 July 2026,Mulhouse,Le Markstein,155.3,3941,332,38.806,7.4 km solo,van der Poel Mathieu,https://www.procyclingstats.com/rider/mathieu-van-der-poel,1995-01-19,1995,Netherlands,1.84,75.0,22.15,Kapellen,118,finished,73,9107,101,Classic,31,NL,Alpecin - Premier Tech,,,",,",2143,16550
14,RR,18 July 2026,Mulhouse,Le Markstein,155.3,3941,332,38.806,7.4 km solo,Märkl Niklas,https://www.procyclingstats.com/rider/niklas-markl,1999-03-03,1999,Germany,1.85,70.0,20.45,Queidersbach,119,finished,150,13110,216,Sprint,27,DE,Team Picnic PostNL,,,",,",2143,16550
14,RR,18 July 2026,Mulhouse,Le Markstein,155.3,3941,332,38.806,7.4 km solo,van den Broek Frank,https://www.procyclingstats.com/rider/frank-van-den-broek,2000-12-28,2000,Netherlands,1.78,70.0,22.09,Warmond,120,finished,100,10620,218,GC,25,NL,Team Picnic PostNL,,,",,",2143,16550
14,RR,18 July 2026,Mulhouse,Le Markstein,155.3,3941,332,38.806,7.4 km solo,Castrillo Pablo,https://www.procyclingstats.com/rider/pablo-castrillo-zapater,2001-01-02,2001,Spain,1.83,74.0,22.1,Jaca,121,finished,26,3972,142,Climber,25,ES,Movistar Team,,,",,",2143,16550
14,RR,18 July 2026,Mulhouse,Le Markstein,155.3,3941,332,38.806,7.4 km solo,Cepeda Jefferson Alveiro,https://www.procyclingstats.com/rider/jefferson-cepeda-hernandez,1996-03-02,1996,Ecuador,1.7,61.0,21.11,El Playón,122,finished,86,9737,143,GC,30,EC,Movistar Team,,,",,",2143,16550
14,RR,18 July 2026,Mulhouse,Le Markstein,155.3,3941,332,38.806,7.4 km solo,Vermeersch Florian,https://www.procyclingstats.com/rider/florian-vermeersch,1999-03-12,1999,Belgium,1.93,85.0,22.82,Ghent,123,finished,126,11971,6,Classic,27,BE,UAE Team Emirates - XRG,,,",,",2143,16550
14,RR,18 July 2026,Mulhouse,Le Markstein,155.3,3941,332,38.806,7.4 km solo,Durbridge Luke,https://www.procyclingstats.com/rider/luke-durbridge,1991-04-09,1991,Australia,1.87,78.0,22.31,Greenmount,124,finished,113,11337,113,TT,35,AU,Team Jayco AlUla,,,",,",2143,16550
14,RR,18 July 2026,Mulhouse,Le Markstein,155.3,3941,332,38.806,7.4 km solo,Rickaert Jonas,https://www.procyclingstats.com/rider/jonas-rickaert,1994-02-07,1994,Belgium,1.9,88.0,24.38,Sint-Eloois-Vijve,125,finished,119,11700,107,Classic,32,BE,Alpecin - Premier Tech,,,",,",2143,16550
14,RR,18 July 2026,Mulhouse,Le Markstein,155.3,3941,332,38.806,7.4 km solo,Barguil Warren,https://www.procyclingstats.com/rider/warren-barguil,1991-10-28,1991,France,1.83,61.0,18.21,Hennebont,126,finished,109,11135,211,Climber,34,FR,Team Picnic PostNL,,,",,",2143,16550
14,RR,18 July 2026,Mulhouse,Le Markstein,155.3,3941,332,38.806,7.4 km solo,Tarling Joshua,https://www.procyclingstats.com/rider/joshua-tarling,2004-02-15,2004,Great Britain,1.94,78.0,20.72,Aberaeron,127,finished,151,13120,87,TT,22,GB,Netcompany INEOS,,,36:49,2209,16616
14,RR,18 July 2026,Mulhouse,Le Markstein,155.3,3941,332,38.806,7.4 km solo,Veistroffer Baptiste,https://www.procyclingstats.com/rider/baptiste-veistroffer,2000-05-29,2000,France,1.82,73.0,22.04,Fouesnant,128,finished,160,13655,157,Hills,26,FR,Lotto Intermarché,,,",,",2209,16616
14,RR,18 July 2026,Mulhouse,Le Markstein,155.3,3941,332,38.806,7.4 km solo,Ackermann Pascal,https://www.procyclingstats.com/rider/pascal-ackermann,1994-01-17,1994,Germany,1.8,78.0,24.07,Kandel,129,finished,153,13198,112,Sprint,32,DE,Team Jayco AlUla,,,36:53,2213,16620
14,RR,18 July 2026,Mulhouse,Le Markstein,155.3,3941,332,38.806,7.4 km solo,Kanter Max,https://www.procyclingstats.com/rider/max-kanter,1997-10-22,1997,Germany,1.76,68.0,21.95,Cottbus,130,finished,146,12848,64,Sprint,28,DE,XDS Astana Team,,,36:56,2216,16623
14,RR,18 July 2026,Mulhouse,Le Markstein,155.3,3941,332,38.806,7.4 km solo,Ballerini Davide,https://www.procyclingstats.com/rider/davide-ballerini,1994-09-21,1994,Italy,1.83,71.0,21.2,Cantù,131,finished,158,13523,62,Classic,31,IT,XDS Astana Team,,,",,",2216,16623
14,RR,18 July 2026,Mulhouse,Le Markstein,155.3,3941,332,38.806,7.4 km solo,Tejada Harold,https://www.procyclingstats.com/rider/harold-tejada,1997-04-27,1997,Colombia,1.8,63.0,19.44,Pitalito,132,finished,32,5023,65,Climber,29,CO,XDS Astana Team,,,",,",2216,16623
14,RR,18 July 2026,Mulhouse,Le Markstein,155.3,3941,332,38.806,7.4 km solo,Nicolau Joel,https://www.procyclingstats.com/rider/joel-nicolau,1997-12-23,1997,Spain,1.76,66.0,21.31,Llofriu,133,finished,132,12200,225,Hills,28,ES,Caja Rural - Seguros RGA,,,37:02,2222,16629
14,RR,18 July 2026,Mulhouse,Le Markstein,155.3,3941,332,38.806,7.4 km solo,Oldani Stefano,https://www.procyclingstats.com/rider/stefano-oldani,1998-01-10,1998,Italy,1.78,65.0,20.52,Milan,134,finished,120,11775,226,Hills,28,IT,Caja Rural - Seguros RGA,,,",,",2222,16629
14,RR,18 July 2026,Mulhouse,Le Markstein,155.3,3941,332,38.806,7.4 km solo,Godon Dorian,https://www.procyclingstats.com/rider/dorian-godon,1996-05-25,1996,France,1.89,74.0,20.72,Vitry-sur-Seine,135,finished,133,12256,85,Hills,30,FR,Netcompany INEOS,,,",,",2222,16629
14,RR,18 July 2026,Mulhouse,Le Markstein,155.3,3941,332,38.806,7.4 km solo,Artz Huub,https://www.procyclingstats.com/rider/huub-artz,2002-05-14,2002,Netherlands,1.86,71.0,20.52,Wintelre,136,finished,143,12642,152,Hills,24,NL,Lotto Intermarché,,,",,",2222,16629
14,RR,18 July 2026,Mulhouse,Le Markstein,155.3,3941,332,38.806,7.4 km solo,Bauhaus Phil,https://www.procyclingstats.com/rider/phil-bauhaus,1994-07-08,1994,Germany,1.84,75.0,22.15,Bocholt,137,finished,163,13968,72,Sprint,32,DE,Bahrain - Victorious,,,",,",2222,16629
14,RR,18 July 2026,Mulhouse,Le Markstein,155.3,3941,332,38.806,7.4 km solo,van den Berg Julius,https://www.procyclingstats.com/rider/julius-van-den-berg,1996-10-23,1996,Netherlands,1.9,78.0,21.61,Purmerend,138,finished,161,13711,217,Sprint,29,NL,Team Picnic PostNL,,,",,",2222,16629
14,RR,18 July 2026,Mulhouse,Le Markstein,155.3,3941,332,38.806,7.4 km solo,Degenkolb John,https://www.procyclingstats.com/rider/john-degenkolb,1989-01-07,1989,Germany,1.8,82.0,25.31,Gera,139,finished,155,13302,214,Classic,37,DE,Team Picnic PostNL,,,",,",2222,16629
14,RR,18 July 2026,Mulhouse,Le Markstein,155.3,3941,332,38.806,7.4 km solo,Cort Magnus,https://www.procyclingstats.com/rider/magnus-cort-nielsen,1993-01-16,1993,Denmark,1.84,68.0,20.09,Rønne,140,finished,97,10422,124,Hills,33,DK,Uno-X Mobility,,,",,",2222,16629
14,RR,18 July 2026,Mulhouse,Le Markstein,155.3,3941,332,38.806,7.4 km solo,Teunissen Mike,https://www.procyclingstats.com/rider/mike-teunissen,1992-08-25,1992,Netherlands,1.84,73.0,21.56,Ysselsteyn,141,finished,122,11899,66,Classic,33,NL,XDS Astana Team,,,",,",2222,16629
14,RR,18 July 2026,Mulhouse,Le Markstein,155.3,3941,332,38.806,7.4 km solo,Eenkhoorn Pascal,https://www.procyclingstats.com/rider/pascal-eenkhoorn,1997-02-08,1997,Netherlands,1.85,72.0,21.04,Zwolle,142,finished,148,12963,92,Classic,29,NL,Soudal Quick-Step,,,",,",2222,16629
14,RR,18 July 2026,Mulhouse,Le Markstein,155.3,3941,332,38.806,7.4 km solo,Philipsen Jasper,https://www.procyclingstats.com/rider/jasper-philipsen,1998-03-02,1998,Belgium,1.76,75.0,24.21,Mol,143,finished,144,12739,105,Sprint,28,BE,Alpecin - Premier Tech,,,",,",2222,16629
14,RR,18 July 2026,Mulhouse,Le Markstein,155.3,3941,332,38.806,7.4 km solo,Neilands Krists,https://www.procyclingstats.com/rider/krists-neilands,1994-08-18,1994,Latvia,1.89,69.0,19.32,Kuldīga,144,finished,136,12419,136,Classic,31,LV,NSN Cycling Team,,,",,",2222,16629
14,RR,18 July 2026,Mulhouse,Le Markstein,155.3,3941,332,38.806,7.4 km solo,Dillier Silvan,https://www.procyclingstats.com/rider/silvan-dillier,1990-08-03,1990,Switzerland,1.83,75.0,22.4,Aarau,145,finished,152,13162,103,Classic,35,CH,Alpecin - Premier Tech,,,",,",2222,16629
14,RR,18 July 2026,Mulhouse,Le Markstein,155.3,3941,332,38.806,7.4 km solo,Louvel Matis,https://www.procyclingstats.com/rider/matis-louvel,1999-07-19,1999,France,1.87,77.0,22.02,Mont Saint Aignan,146,finished,165,14011,135,Classic,26,FR,NSN Cycling Team,,,37:47,2267,16674
14,RR,18 July 2026,Mulhouse,Le Markstein,155.3,3941,332,38.806,7.4 km solo,Stewart Jake,https://www.procyclingstats.com/rider/jake-stewart,1999-10-02,1999,Great Britain,1.79,66.0,20.6,Coventry,147,finished,156,13335,137,Hills,26,GB,NSN Cycling Team,,,",,",2267,16674
14,RR,18 July 2026,Mulhouse,Le Markstein,155.3,3941,332,38.806,7.4 km solo,Turgis Anthony,https://www.procyclingstats.com/rider/anthony-turgis,1994-05-16,1994,France,1.78,70.0,22.09,Bourg-la-Reine,148,finished,129,12030,207,Classic,32,FR,TotalEnergies,,,37:51,2271,16678
14,RR,18 July 2026,Mulhouse,Le Markstein,155.3,3941,332,38.806,7.4 km solo,Wærenskjold Søren,https://www.procyclingstats.com/rider/soren-waerenskjold,2000-03-12,2000,Norway,1.95,92.0,24.19,Mandal,149,finished,138,12527,128,Classic,26,NO,Uno-X Mobility,,,",,",2271,16678
14,RR,18 July 2026,Mulhouse,Le Markstein,155.3,3941,332,38.806,7.4 km solo,Kirsch Alex,https://www.procyclingstats.com/rider/alex-kirsch,1992-06-12,1992,Luxembourg,1.94,78.0,20.72,Luxembourg,150,finished,118,11663,166,TT,34,LU,Cofidis,,,",,",2271,16678
14,RR,18 July 2026,Mulhouse,Le Markstein,155.3,3941,332,38.806,7.4 km solo,Gradek Kamil,https://www.procyclingstats.com/rider/kamil-gradek,1990-09-17,1990,Poland,1.94,83.0,22.05,Koziegłowy,151,finished,169,14193,74,TT,35,PL,Bahrain - Victorious,,,",,",2271,16678
14,RR,18 July 2026,Mulhouse,Le Markstein,155.3,3941,332,38.806,7.4 km solo,Kooij Olav,https://www.procyclingstats.com/rider/olav-kooij,2001-10-17,2001,Netherlands,1.84,72.0,21.27,Numansdorp,152,finished,166,14022,55,Sprint,24,NL,Decathlon CMA CGM Team,,,",,",2271,16678
14,RR,18 July 2026,Mulhouse,Le Markstein,155.3,3941,332,38.806,7.4 km solo,Hoole Daan,https://www.procyclingstats.com/rider/daan-hoole,1999-02-22,1999,Netherlands,1.98,84.0,21.43,Zuidland,153,finished,135,12324,54,TT,27,NL,Decathlon CMA CGM Team,,,",,",2271,16678
14,RR,18 July 2026,Mulhouse,Le Markstein,155.3,3941,332,38.806,7.4 km solo,Merlier Tim,https://www.procyclingstats.com/rider/tim-merlier,1992-10-30,1992,Belgium,1.88,76.0,21.5,Wortegem-Petegem,154,finished,164,13972,91,Sprint,33,BE,Soudal Quick-Step,,,",,",2271,16678
14,RR,18 July 2026,Mulhouse,Le Markstein,155.3,3941,332,38.806,7.4 km solo,Biermans Jenthe,https://www.procyclingstats.com/rider/jenthe-biermans,1995-10-30,1995,Belgium,1.84,78.0,23.04,Geel,155,finished,157,13373,164,Classic,30,BE,Cofidis,,,",,",2271,16678
14,RR,18 July 2026,Mulhouse,Le Markstein,155.3,3941,332,38.806,7.4 km solo,Fretin Milan,https://www.procyclingstats.com/rider/milan-fretin,2001-03-19,2001,Belgium,1.82,70.0,21.13,Genk,156,finished,162,13722,165,Classic,25,BE,Cofidis,,,",,",2271,16678
14,RR,18 July 2026,Mulhouse,Le Markstein,155.3,3941,332,38.806,7.4 km solo,Allegaert Piet,https://www.procyclingstats.com/rider/piet-allegaert,1995-01-20,1995,Belgium,1.81,70.0,21.37,Moorslede,157,finished,159,13654,162,Classic,31,BE,Cofidis,,,",,",2271,16678
14,RR,18 July 2026,Mulhouse,Le Markstein,155.3,3941,332,38.806,7.4 km solo,Planckaert Edward,https://www.procyclingstats.com/rider/edward-planckaert,1995-02-01,1995,Belgium,1.78,71.0,22.41,Kortrijk,158,finished,116,11550,106,Classic,31,BE,Alpecin - Premier Tech,,,",,",2271,16678
14,RR,18 July 2026,Mulhouse,Le Markstein,155.3,3941,332,38.806,7.4 km solo,Girmay Biniam,https://www.procyclingstats.com/rider/biniam-girmay,2000-04-02,2000,Eritrea,1.84,70.0,20.68,Asmara,159,finished,137,12471,131,Classic,26,ER,NSN Cycling Team,,,",,",2271,16678
14,RR,18 July 2026,Mulhouse,Le Markstein,155.3,3941,332,38.806,7.4 km solo,Otruba Jakub,https://www.procyclingstats.com/rider/jakub-otruba,1998-01-30,1998,Czech Republic,1.9,75.0,20.78,Olomouc,160,finished,134,12257,227,GC,28,CZ,Caja Rural - Seguros RGA,,,",,",2271,16678
14,RR,18 July 2026,Mulhouse,Le Markstein,155.3,3941,332,38.806,7.4 km solo,Page Hugo,https://www.procyclingstats.com/rider/hugo-page,2001-07-24,2001,France,1.85,71.0,20.75,Chartres,161,finished,130,12034,167,Classic,24,FR,Cofidis,,,",,",2271,16678
14,RR,18 July 2026,Mulhouse,Le Markstein,155.3,3941,332,38.806,7.4 km solo,Askey Lewis,https://www.procyclingstats.com/rider/lewis-askey,2001-05-04,2001,Great Britain,1.87,75.0,21.45,Cannock,162,finished,167,14033,132,Classic,25,GB,NSN Cycling Team,,,",,",2271,16678
14,RR,18 July 2026,Mulhouse,Le Markstein,155.3,3941,332,38.806,7.4 km solo,Thomas Benjamin,https://www.procyclingstats.com/rider/benjamin-thomas-2,1995-09-12,1995,France,1.79,68.0,21.22,Lavaur,163,finished,106,10928,168,TT,30,FR,Cofidis,,,",,",2271,16678
14,RR,18 July 2026,Mulhouse,Le Markstein,155.3,3941,332,38.806,7.4 km solo,Van Asbroeck Tom,https://www.procyclingstats.com/rider/tom-van-asbroeck,1990-04-19,1990,Belgium,1.82,72.0,21.74,Aalst,164,finished,142,12631,138,Sprint,36,BE,NSN Cycling Team,,,",,",2271,16678
14,RR,18 July 2026,Mulhouse,Le Markstein,155.3,3941,332,38.806,7.4 km solo,Bennett George,https://www.procyclingstats.com/rider/george-bennett,1990-04-07,1990,New Zealand,1.81,58.0,17.7,Nelson,165,finished,82,9461,133,GC,36,NZ,NSN Cycling Team,,,",,",2271,16678
14,RR,18 July 2026,Mulhouse,Le Markstein,155.3,3941,332,38.806,7.4 km solo,Delbove Joris,https://www.procyclingstats.com/rider/joris-delbove,2000-07-15,2000,France,,,,Troyes,166,finished,58,7607,203,GC,26,FR,TotalEnergies,,,",,",2271,16678
14,RR,18 July 2026,Mulhouse,Le Markstein,155.3,3941,332,38.806,7.4 km solo,Costiou Ewen,https://www.procyclingstats.com/rider/ewen-costiou,2002-11-10,2002,France,1.76,64.0,20.66,Brest,167,finished,88,9836,184,GC,23,FR,Groupama - FDJ United,,,",,",2271,16678
14,RR,18 July 2026,Mulhouse,Le Markstein,155.3,3941,332,38.806,7.4 km solo,Bol Cees,https://www.procyclingstats.com/rider/cees-bol,1995-07-27,1995,Netherlands,1.94,83.0,22.05,Zaandam,168,finished,168,14077,53,Sprint,30,NL,Decathlon CMA CGM Team,,,",,",2271,16678
14,RR,18 July 2026,Mulhouse,Le Markstein,155.3,3941,332,38.806,7.4 km solo,Vercher Mattéo,https://www.procyclingstats.com/rider/matheo-vercher,2001-01-26,2001,France,1.71,,,Lyon,169,finished,74,9180,208,Hills,25,FR,TotalEnergies,,,37:57,2277,16684
14,RR,18 July 2026,Mulhouse,Le Markstein,155.3,3941,332,38.806,7.4 km solo,Charmig Anthon,https://www.procyclingstats.com/rider/anthon-charmig,1998-03-25,1998,Denmark,1.82,66.0,19.93,Aarhus,,OTL,,,123,GC,28,DK,Uno-X Mobility,,,58:17,,
14,RR,18 July 2026,Mulhouse,Le Markstein,155.3,3941,332,38.806,7.4 km solo,Debruyne Ramses,https://www.procyclingstats.com/rider/ramses-debruyne,2002-08-31,2002,Belgium,1.79,66.0,20.6,Rollegem,,DNS,,,102,Climber,23,BE,Alpecin - Premier Tech,,,,,
15,RR,19 July 2026,Champagnole,Plateau de Solaison,183.9,4098,382,41.93,Sprint of 3 riders,Evenepoel Remco,https://www.procyclingstats.com/rider/remco-evenepoel,2000-01-25,2000,Belgium,1.71,63.0,21.55,Aalst,1,finished,2,300,21,Climber,26,BE,Red Bull - BORA - hansgrohe,210.0,100.0,4:23:09,0,15789
15,RR,19 July 2026,Champagnole,Plateau de Solaison,183.9,4098,382,41.93,Sprint of 3 riders,Pogačar Tadej,https://www.procyclingstats.com/rider/tadej-pogacar,1998-09-21,1998,Slovenia,1.76,66.0,21.31,Klanec,2,finished,1,0,1,Climber,27,SI,UAE Team Emirates - XRG,150.0,70.0,",,",0,15789
15,RR,19 July 2026,Champagnole,Plateau de Solaison,183.9,4098,382,41.93,Sprint of 3 riders,del Toro Isaac,https://www.procyclingstats.com/rider/isaac-del-toro,2003-11-27,2003,Mexico,1.8,64.0,19.75,Ensenada,3,finished,3,358,2,Climber,22,MX,UAE Team Emirates - XRG,110.0,50.0,0:06,6,15795
15,RR,19 July 2026,Champagnole,Plateau de Solaison,183.9,4098,382,41.93,Sprint of 3 riders,Seixas Paul,https://www.procyclingstats.com/rider/paul-seixas,2006-09-24,2006,France,1.86,64.0,18.5,Lyon,4,finished,4,383,51,Climber,19,FR,Decathlon CMA CGM Team,90.0,40.0,0:58,58,15847
15,RR,19 July 2026,Champagnole,Plateau de Solaison,183.9,4098,382,41.93,Sprint of 3 riders,Lipowitz Florian,https://www.procyclingstats.com/rider/florian-lipowitz,2000-09-21,2000,Germany,1.81,68.0,20.76,Laichingen,5,finished,5,408,25,GC,25,DE,Red Bull - BORA - hansgrohe,70.0,32.0,",,",58,15847
15,RR,19 July 2026,Champagnole,Plateau de Solaison,183.9,4098,382,41.93,Sprint of 3 riders,Martinez Lenny,https://www.procyclingstats.com/rider/lenny-martinez,2003-07-11,2003,France,1.68,52.0,18.42,Cannes,6,finished,8,628,71,Climber,23,FR,Bahrain - Victorious,55.0,26.0,1:57,117,15906
15,RR,19 July 2026,Champagnole,Plateau de Solaison,183.9,4098,382,41.93,Sprint of 3 riders,Skjelmose Mattias,https://www.procyclingstats.com/rider/mattias-skjelmose-jensen,2000-09-26,2000,Denmark,1.8,65.0,20.06,Copenhagen,7,finished,7,578,35,Climber,25,DK,Lidl - Trek,45.0,22.0,",,",117,15906
15,RR,19 July 2026,Champagnole,Plateau de Solaison,183.9,4098,382,41.93,Sprint of 3 riders,Ayuso Juan,https://www.procyclingstats.com/rider/juan-ayuso-pesquera,2002-09-16,2002,Spain,1.83,65.0,19.41,Barcelona,8,finished,6,448,31,Climber,23,ES,Lidl - Trek,40.0,18.0,2:00,120,15909
15,RR,19 July 2026,Champagnole,Plateau de Solaison,183.9,4098,382,41.93,Sprint of 3 riders,Yates Adam,https://www.procyclingstats.com/rider/adam-yates,1992-08-07,1992,Great Britain,1.73,58.0,19.38,Bury,9,finished,14,1452,8,Climber,33,GB,UAE Team Emirates - XRG,35.0,14.0,",,",120,15909
15,RR,19 July 2026,Champagnole,Plateau de Solaison,183.9,4098,382,41.93,Sprint of 3 riders,Simmons Quinn,https://www.procyclingstats.com/rider/quinn-simmons,2001-05-08,2001,United States,1.85,73.0,21.33,Durango,10,finished,25,5010,34,Hills,25,US,Lidl - Trek,30.0,10.0,2:16,136,15925
15,RR,19 July 2026,Champagnole,Plateau de Solaison,183.9,4098,382,41.93,Sprint of 3 riders,Voisard Yannis,https://www.procyclingstats.com/rider/yannis-voisard,1998-07-26,1998,Switzerland,,56.0,,Fontenais,11,finished,11,1304,198,GC,27,CH,Tudor Pro Cycling Team,25.0,8.0,2:22,142,15931
15,RR,19 July 2026,Champagnole,Plateau de Solaison,183.9,4098,382,41.93,Sprint of 3 riders,Carapaz Richard,https://www.procyclingstats.com/rider/richard-carapaz,1993-05-29,1993,Ecuador,1.7,62.0,21.45,El Carmelo,12,finished,12,1328,41,Climber,33,EC,EF Education - EasyPost,20.0,6.0,2:51,171,15960
15,RR,19 July 2026,Champagnole,Plateau de Solaison,183.9,4098,382,41.93,Sprint of 3 riders,Pidcock Tom,https://www.procyclingstats.com/rider/tom-pidcock,1999-07-30,1999,Great Britain,1.7,58.0,20.07,Leeds,13,finished,9,679,171,Classic,26,GB,Pinarello Q36.5 Pro Cycling Team,15.0,4.0,2:54,174,15963
15,RR,19 July 2026,Champagnole,Plateau de Solaison,183.9,4098,382,41.93,Sprint of 3 riders,Jegat Jordan,https://www.procyclingstats.com/rider/jordan-jegat,1999-06-07,1999,France,1.76,59.0,19.05,Vannes,14,finished,10,1166,201,Climber,27,FR,TotalEnergies,10.0,2.0,3:17,197,15986
15,RR,19 July 2026,Champagnole,Plateau de Solaison,183.9,4098,382,41.93,Sprint of 3 riders,Tiberi Antonio,https://www.procyclingstats.com/rider/antonio-tiberi,2001-06-24,2001,Italy,1.82,62.0,18.72,Frosinone,15,finished,35,6866,77,GC,25,IT,Bahrain - Victorious,5.0,1.0,4:22,262,16051
15,RR,19 July 2026,Champagnole,Plateau de Solaison,183.9,4098,382,41.93,Sprint of 3 riders,Rubio Einer,https://www.procyclingstats.com/rider/einer-rubio,1998-02-22,1998,Colombia,1.64,56.0,20.82,Chíquiza,16,finished,26,5529,148,Climber,28,CO,Movistar Team,,,4:55,295,16084
15,RR,19 July 2026,Champagnole,Plateau de Solaison,183.9,4098,382,41.93,Sprint of 3 riders,Costiou Ewen,https://www.procyclingstats.com/rider/ewen-costiou,2002-11-10,2002,France,1.76,64.0,20.66,Brest,17,finished,69,10159,184,GC,23,FR,Groupama - FDJ United,,,5:17,317,16106
15,RR,19 July 2026,Champagnole,Plateau de Solaison,183.9,4098,382,41.93,Sprint of 3 riders,Piganzoli Davide,https://www.procyclingstats.com/rider/davide-piganzoli,2002-07-08,2002,Italy,1.74,61.0,20.15,Morbegno,18,finished,15,1482,18,GC,24,IT,Team Visma | Lease a Bike,,,5:21,321,16110
15,RR,19 July 2026,Champagnole,Plateau de Solaison,183.9,4098,382,41.93,Sprint of 3 riders,Van Wilder Ilan,https://www.procyclingstats.com/rider/ilan-van-wilder,2000-05-14,2000,Belgium,1.71,64.0,21.89,Jette,19,finished,13,1329,97,GC,26,BE,Soudal Quick-Step,,,5:40,340,16129
15,RR,19 July 2026,Champagnole,Plateau de Solaison,183.9,4098,382,41.93,Sprint of 3 riders,Riccitello Matthew,https://www.procyclingstats.com/rider/matthew-riccitello,2002-03-05,2002,United States,1.72,55.0,18.59,Tucson,20,finished,38,7119,58,Climber,24,US,Decathlon CMA CGM Team,,,",,",340,16129
15,RR,19 July 2026,Champagnole,Plateau de Solaison,183.9,4098,382,41.93,Sprint of 3 riders,Schmid Mauro,https://www.procyclingstats.com/rider/mauro-schmid,1999-12-04,1999,Switzerland,1.87,70.0,20.02,Bülach,21,finished,49,8041,118,Hills,26,CH,Team Jayco AlUla,,,7:07,427,16216
15,RR,19 July 2026,Champagnole,Plateau de Solaison,183.9,4098,382,41.93,Sprint of 3 riders,Balderstone Abel,https://www.procyclingstats.com/rider/abel-balderstone-roumens,2000-07-07,2000,Spain,1.79,61.0,19.04,Ullastrell,22,finished,53,8387,222,GC,26,ES,Caja Rural - Seguros RGA,,,8:56,536,16325
15,RR,19 July 2026,Champagnole,Plateau de Solaison,183.9,4098,382,41.93,Sprint of 3 riders,Martin Guillaume,https://www.procyclingstats.com/rider/guillaume-martin,1993-06-09,1993,France,1.73,55.0,18.38,Paris,23,finished,36,6967,186,Climber,33,FR,Groupama - FDJ United,,,",,",536,16325
15,RR,19 July 2026,Champagnole,Plateau de Solaison,183.9,4098,382,41.93,Sprint of 3 riders,Vinokurov Nicolas,https://www.procyclingstats.com/rider/nicolas-vinokurov,2002-07-07,2002,Kazakhstan,1.84,69.0,20.38,Nice,24,finished,96,11925,68,GC,24,KZ,XDS Astana Team,,,9:38,578,16367
15,RR,19 July 2026,Champagnole,Plateau de Solaison,183.9,4098,382,41.93,Sprint of 3 riders,Van Gils Maxim,https://www.procyclingstats.com/rider/maxim-van-gils,1999-11-25,1999,Belgium,1.74,63.0,20.81,Brasschaat,25,finished,34,6830,28,Classic,26,BE,Red Bull - BORA - hansgrohe,,,10:03,603,16392
15,RR,19 July 2026,Champagnole,Plateau de Solaison,183.9,4098,382,41.93,Sprint of 3 riders,Hindley Jai,https://www.procyclingstats.com/rider/jai-hindley,1996-05-05,1996,Australia,1.75,60.0,19.59,Perth,26,finished,23,4378,24,Climber,30,AU,Red Bull - BORA - hansgrohe,,,",,",603,16392
15,RR,19 July 2026,Champagnole,Plateau de Solaison,183.9,4098,382,41.93,Sprint of 3 riders,Prodhomme Nicolas,https://www.procyclingstats.com/rider/nicolas-prodhomme,1997-02-01,1997,France,1.74,63.0,20.81,L'Aigle,27,finished,21,3807,57,GC,29,FR,Decathlon CMA CGM Team,,,10:52,652,16441
15,RR,19 July 2026,Champagnole,Plateau de Solaison,183.9,4098,382,41.93,Sprint of 3 riders,Paret-Peintre Aurélien,https://www.procyclingstats.com/rider/aurelien-paret-peintre,1996-02-27,1996,France,1.84,64.0,18.9,Annemasse,28,finished,55,8627,56,GC,30,FR,Decathlon CMA CGM Team,,,",,",652,16441
15,RR,19 July 2026,Champagnole,Plateau de Solaison,183.9,4098,382,41.93,Sprint of 3 riders,Verona Carlos,https://www.procyclingstats.com/rider/carlos-verona,1992-11-04,1992,Spain,1.86,68.0,19.66,San Lorenzo de El Escorial,29,finished,24,4535,38,GC,33,ES,Lidl - Trek,,,",,",652,16441
15,RR,19 July 2026,Champagnole,Plateau de Solaison,183.9,4098,382,41.93,Sprint of 3 riders,Cattaneo Mattia,https://www.procyclingstats.com/rider/mattia-cattaneo,1990-10-25,1990,Italy,1.84,67.0,19.79,Alzano Lombardo,30,finished,48,7958,22,TT,35,IT,Red Bull - BORA - hansgrohe,,,14:19,859,16648
15,RR,19 July 2026,Champagnole,Plateau de Solaison,183.9,4098,382,41.93,Sprint of 3 riders,Großschartner Felix,https://www.procyclingstats.com/rider/felix-grossschartner,1993-12-23,1993,Austria,1.84,64.0,18.9,Wels,31,finished,33,6628,3,GC,32,AT,UAE Team Emirates - XRG,,,14:37,877,16666
15,RR,19 July 2026,Champagnole,Plateau de Solaison,183.9,4098,382,41.93,Sprint of 3 riders,McNulty Brandon,https://www.procyclingstats.com/rider/brandon-mcnulty,1998-04-02,1998,United States,1.83,69.0,20.6,Phoenix,32,finished,19,3031,4,GC,28,US,UAE Team Emirates - XRG,,,",,",877,16666
15,RR,19 July 2026,Champagnole,Plateau de Solaison,183.9,4098,382,41.93,Sprint of 3 riders,Frigo Marco,https://www.procyclingstats.com/rider/marco-frigo,2000-03-02,2000,Italy,1.88,70.0,19.81,Bassano del Grappa,33,finished,97,12149,134,Climber,26,IT,NSN Cycling Team,,,14:44,884,16673
15,RR,19 July 2026,Champagnole,Plateau de Solaison,183.9,4098,382,41.93,Sprint of 3 riders,García Pierna Raúl,https://www.procyclingstats.com/rider/raul-garcia-pierna,2001-02-23,2001,Spain,1.75,67.0,21.88,Tres Cantos,34,finished,40,7172,144,Climber,25,ES,Movistar Team,,,16:34,994,16783
15,RR,19 July 2026,Champagnole,Plateau de Solaison,183.9,4098,382,41.93,Sprint of 3 riders,Baudin Alex,https://www.procyclingstats.com/rider/alex-baudin,2001-05-25,2001,France,1.83,64.0,19.11,Albertville,35,finished,45,7634,43,Climber,25,FR,EF Education - EasyPost,,,16:48,1008,16797
15,RR,19 July 2026,Champagnole,Plateau de Solaison,183.9,4098,382,41.93,Sprint of 3 riders,van Dijke Tim,https://www.procyclingstats.com/rider/tim-van-dijke,2000-03-15,2000,Netherlands,1.89,74.0,20.72,Goes,36,finished,109,12894,27,Classic,26,NL,Red Bull - BORA - hansgrohe,,,17:10,1030,16819
15,RR,19 July 2026,Champagnole,Plateau de Solaison,183.9,4098,382,41.93,Sprint of 3 riders,Vauquelin Kévin,https://www.procyclingstats.com/rider/kevin-vauquelin,2001-04-26,2001,France,1.76,69.0,22.28,Bayeux,37,finished,31,6197,88,GC,25,FR,Netcompany INEOS,,,17:46,1066,16855
15,RR,19 July 2026,Champagnole,Plateau de Solaison,183.9,4098,382,41.93,Sprint of 3 riders,Mohorič Matej,https://www.procyclingstats.com/rider/matej-mohoric,1994-10-19,1994,Slovenia,1.86,71.0,20.52,Kranj,38,finished,86,11498,75,Classic,31,SI,Bahrain - Victorious,,,18:43,1123,16912
15,RR,19 July 2026,Champagnole,Plateau de Solaison,183.9,4098,382,41.93,Sprint of 3 riders,Foss Tobias,https://www.procyclingstats.com/rider/tobias-foss,1997-05-25,1997,Norway,1.84,74.0,21.86,Vingrom,39,finished,42,7511,83,TT,29,NO,Netcompany INEOS,,,",,",1123,16912
15,RR,19 July 2026,Champagnole,Plateau de Solaison,183.9,4098,382,41.93,Sprint of 3 riders,Jorgenson Matteo,https://www.procyclingstats.com/rider/matteo-jorgenson,1999-07-01,1999,United States,1.9,69.0,19.11,Walnut Creek,40,finished,32,6265,16,GC,27,US,Team Visma | Lease a Bike,,,21:00,1260,17049
15,RR,19 July 2026,Champagnole,Plateau de Solaison,183.9,4098,382,41.93,Sprint of 3 riders,Kuss Sepp,https://www.procyclingstats.com/rider/sepp-kuss,1994-09-13,1994,United States,1.82,61.0,18.42,Durango,41,finished,17,2738,17,Climber,31,US,Team Visma | Lease a Bike,,,",,",1260,17049
15,RR,19 July 2026,Champagnole,Plateau de Solaison,183.9,4098,382,41.93,Sprint of 3 riders,Van Moer Brent,https://www.procyclingstats.com/rider/brent-van-moer,1998-01-12,1998,Belgium,1.91,79.0,21.66,Beveren,42,finished,95,11800,177,Classic,28,BE,Pinarello Q36.5 Pro Cycling Team,,,",,",1260,17049
15,RR,19 July 2026,Champagnole,Plateau de Solaison,183.9,4098,382,41.93,Sprint of 3 riders,Campenaerts Victor,https://www.procyclingstats.com/rider/victor-campenaerts,1991-10-28,1991,Belgium,1.73,68.0,22.72,Hoboken,43,finished,73,10861,14,TT,34,BE,Team Visma | Lease a Bike,,,",,",1260,17049
15,RR,19 July 2026,Champagnole,Plateau de Solaison,183.9,4098,382,41.93,Sprint of 3 riders,Healy Ben,https://www.procyclingstats.com/rider/ben-healy,2000-09-11,2000,Ireland,1.75,62.0,20.24,Kingswinford Previous nationalities Great Britain until 2016,44,finished,67,10064,44,Climber,25,IE,EF Education - EasyPost,,,21:23,1283,17072
15,RR,19 July 2026,Champagnole,Plateau de Solaison,183.9,4098,382,41.93,Sprint of 3 riders,Van Eetvelt Lennert,https://www.procyclingstats.com/rider/lennert-van-eetvelt,2001-07-17,2001,Belgium,1.76,63.0,20.34,Binkom,45,finished,27,5613,156,Climber,25,BE,Lotto Intermarché,,,",,",1283,17072
15,RR,19 July 2026,Champagnole,Plateau de Solaison,183.9,4098,382,41.93,Sprint of 3 riders,Quinn Sean,https://www.procyclingstats.com/rider/sean-quinn,2000-05-10,2000,United States,1.87,67.0,19.16,Los Angeles,46,finished,20,3796,45,GC,26,US,EF Education - EasyPost,,,",,",1283,17072
15,RR,19 July 2026,Champagnole,Plateau de Solaison,183.9,4098,382,41.93,Sprint of 3 riders,Valgren Michael,https://www.procyclingstats.com/rider/michael-valgren-andersen,1992-02-07,1992,Denmark,1.79,71.0,22.16,Østerild,47,finished,60,9355,47,Classic,34,DK,EF Education - EasyPost,,,",,",1283,17072
15,RR,19 July 2026,Champagnole,Plateau de Solaison,183.9,4098,382,41.93,Sprint of 3 riders,Delettre Alexandre,https://www.procyclingstats.com/rider/alexandre-delettre,1997-10-25,1997,France,1.7,62.0,21.45,Gonesse,48,finished,65,9833,204,Classic,28,FR,TotalEnergies,,,",,",1283,17072
15,RR,19 July 2026,Champagnole,Plateau de Solaison,183.9,4098,382,41.93,Sprint of 3 riders,Politt Nils,https://www.procyclingstats.com/rider/nils-politt,1994-03-06,1994,Germany,1.92,80.0,21.7,Cologne,49,finished,79,11213,5,Classic,32,DE,UAE Team Emirates - XRG,,,22:22,1342,17131
15,RR,19 July 2026,Champagnole,Plateau de Solaison,183.9,4098,382,41.93,Sprint of 3 riders,Wellens Tim,https://www.procyclingstats.com/rider/tim-wellens,1991-05-10,1991,Belgium,1.82,71.0,21.43,Sint-Truiden,50,finished,52,8289,7,GC,35,BE,UAE Team Emirates - XRG,,,22:23,1343,17132
15,RR,19 July 2026,Champagnole,Plateau de Solaison,183.9,4098,382,41.93,Sprint of 3 riders,Parra José Félix,https://www.procyclingstats.com/rider/jose-felix-parra,1997-01-16,1997,Spain,1.71,55.0,18.81,Ossa de Montiel,51,finished,44,7581,228,GC,29,ES,Caja Rural - Seguros RGA,,,",,",1343,17132
15,RR,19 July 2026,Champagnole,Plateau de Solaison,183.9,4098,382,41.93,Sprint of 3 riders,Armirail Bruno,https://www.procyclingstats.com/rider/bruno-armirail,1994-04-11,1994,France,1.9,72.0,19.94,Bagnères-de-Bigorre,52,finished,82,11272,13,TT,32,FR,Team Visma | Lease a Bike,,,22:35,1355,17144
15,RR,19 July 2026,Champagnole,Plateau de Solaison,183.9,4098,382,41.93,Sprint of 3 riders,Meurisse Xandro,https://www.procyclingstats.com/rider/xandro-meurisse,1992-01-31,1992,Belgium,1.81,68.0,20.76,Kortrijk,53,finished,56,8926,176,GC,34,BE,Pinarello Q36.5 Pro Cycling Team,,,23:49,1429,17218
15,RR,19 July 2026,Champagnole,Plateau de Solaison,183.9,4098,382,41.93,Sprint of 3 riders,Abrahamsen Jonas,https://www.procyclingstats.com/rider/jonas-abrahamsen,1995-09-20,1995,Norway,1.83,78.0,23.29,Skien,54,finished,91,11572,122,Classic,30,NO,Uno-X Mobility,,,",,",1429,17218
15,RR,19 July 2026,Champagnole,Plateau de Solaison,183.9,4098,382,41.93,Sprint of 3 riders,Benoot Tiesj,https://www.procyclingstats.com/rider/tiesj-benoot,1994-03-11,1994,Belgium,1.9,72.0,19.94,Ghent,55,finished,22,4227,52,Classic,32,BE,Decathlon CMA CGM Team,,,",,",1429,17218
15,RR,19 July 2026,Champagnole,Plateau de Solaison,183.9,4098,382,41.93,Sprint of 3 riders,Russo Clément,https://www.procyclingstats.com/rider/clement-russo,1995-01-20,1995,France,1.87,74.0,21.16,Lyon,56,finished,80,11243,188,Classic,31,FR,Groupama - FDJ United,,,",,",1429,17218
15,RR,19 July 2026,Champagnole,Plateau de Solaison,183.9,4098,382,41.93,Sprint of 3 riders,Pacher Quentin,https://www.procyclingstats.com/rider/quentin-pacher,1992-01-06,1992,France,1.79,62.0,19.35,Libourne,57,finished,68,10122,187,Hills,34,FR,Groupama - FDJ United,,,",,",1429,17218
15,RR,19 July 2026,Champagnole,Plateau de Solaison,183.9,4098,382,41.93,Sprint of 3 riders,Barguil Warren,https://www.procyclingstats.com/rider/warren-barguil,1991-10-28,1991,France,1.83,61.0,18.21,Hennebont,58,finished,105,12570,211,Climber,34,FR,Team Picnic PostNL,,,",,",1429,17218
15,RR,19 July 2026,Champagnole,Plateau de Solaison,183.9,4098,382,41.93,Sprint of 3 riders,Romo Javier,https://www.procyclingstats.com/rider/javier-romo,1999-01-06,1999,Spain,1.84,70.0,20.68,Villafranca de los Caballeros,59,finished,63,9661,147,GC,27,ES,Movistar Team,,,",,",1429,17218
15,RR,19 July 2026,Champagnole,Plateau de Solaison,183.9,4098,382,41.93,Sprint of 3 riders,Izagirre Ion,https://www.procyclingstats.com/rider/ion-izagirre,1989-02-04,1989,Spain,1.73,60.0,20.05,Ormaiztegi,60,finished,46,7795,161,GC,37,ES,Cofidis,,,",,",1429,17218
15,RR,19 July 2026,Champagnole,Plateau de Solaison,183.9,4098,382,41.93,Sprint of 3 riders,Caruso Damiano,https://www.procyclingstats.com/rider/damiano-caruso,1987-10-12,1987,Italy,1.79,67.0,20.91,Ragusa,61,finished,66,9865,73,GC,38,IT,Bahrain - Victorious,,,",,",1429,17218
15,RR,19 July 2026,Champagnole,Plateau de Solaison,183.9,4098,382,41.93,Sprint of 3 riders,Velasco Simone,https://www.procyclingstats.com/rider/simone-velasco,1995-12-02,1995,Italy,1.7,59.0,20.42,Bologna,62,finished,112,13053,67,Classic,30,IT,XDS Astana Team,,,",,",1429,17218
15,RR,19 July 2026,Champagnole,Plateau de Solaison,183.9,4098,382,41.93,Sprint of 3 riders,Tratnik Jan,https://www.procyclingstats.com/rider/jan-tratnik,1990-02-23,1990,Slovenia,1.73,67.0,22.39,Idrija,63,finished,92,11577,26,TT,36,SI,Red Bull - BORA - hansgrohe,,,",,",1429,17218
15,RR,19 July 2026,Champagnole,Plateau de Solaison,183.9,4098,382,41.93,Sprint of 3 riders,Higuita Sergio,https://www.procyclingstats.com/rider/sergio-higuita,1997-08-01,1997,Colombia,1.66,57.0,20.69,Medellín,64,finished,47,7941,61,Climber,28,CO,XDS Astana Team,,,",,",1429,17218
15,RR,19 July 2026,Champagnole,Plateau de Solaison,183.9,4098,382,41.93,Sprint of 3 riders,O'Connor Ben,https://www.procyclingstats.com/rider/ben-o-connor,1995-11-25,1995,Australia,1.88,67.0,18.96,Subiaco,65,finished,41,7375,111,GC,30,AU,Team Jayco AlUla,,,23:53,1433,17222
15,RR,19 July 2026,Champagnole,Plateau de Solaison,183.9,4098,382,41.93,Sprint of 3 riders,Delbove Joris,https://www.procyclingstats.com/rider/joris-delbove,2000-07-15,2000,France,,,,Troyes,66,finished,58,9055,203,GC,26,FR,TotalEnergies,,,24:02,1442,17231
15,RR,19 July 2026,Champagnole,Plateau de Solaison,183.9,4098,382,41.93,Sprint of 3 riders,Le Berre Mathis,https://www.procyclingstats.com/rider/mathis-le-berre,2001-04-16,2001,France,1.76,68.0,21.95,Saint-Brieuc,67,finished,89,11560,206,Hills,25,FR,TotalEnergies,,,",,",1442,17231
15,RR,19 July 2026,Champagnole,Plateau de Solaison,183.9,4098,382,41.93,Sprint of 3 riders,Arensman Thymen,https://www.procyclingstats.com/rider/thymen-arensman,1999-12-04,1999,Netherlands,1.9,68.0,18.84,Deil,68,finished,29,5797,82,GC,26,NL,Netcompany INEOS,,,25:00,1500,17289
15,RR,19 July 2026,Champagnole,Plateau de Solaison,183.9,4098,382,41.93,Sprint of 3 riders,Bernal Egan,https://www.procyclingstats.com/rider/egan-bernal,1997-01-13,1997,Colombia,1.75,60.0,19.59,Bogotá,69,finished,16,2461,81,GC,29,CO,Netcompany INEOS,,,",,",1500,17289
15,RR,19 July 2026,Champagnole,Plateau de Solaison,183.9,4098,382,41.93,Sprint of 3 riders,Steinhauser Georg,https://www.procyclingstats.com/rider/georg-steinhauser,2001-10-21,2001,Germany,1.89,70.0,19.6,Lindenberg im Allgäu,70,finished,117,13448,46,Climber,24,DE,EF Education - EasyPost,,,25:11,1511,17300
15,RR,19 July 2026,Champagnole,Plateau de Solaison,183.9,4098,382,41.93,Sprint of 3 riders,Gee-West Derek,https://www.procyclingstats.com/rider/derek-gee,1997-08-03,1997,Canada,1.89,72.0,20.16,Ottawa,71,finished,30,5912,32,Climber,28,CA,Lidl - Trek,,,25:19,1519,17308
15,RR,19 July 2026,Champagnole,Plateau de Solaison,183.9,4098,382,41.93,Sprint of 3 riders,Oliveira Nelson,https://www.procyclingstats.com/rider/nelson-oliveira,1989-03-06,1989,Portugal,1.8,67.0,20.68,Anadia,72,finished,76,10976,146,TT,37,PT,Movistar Team,,,25:26,1526,17315
15,RR,19 July 2026,Champagnole,Plateau de Solaison,183.9,4098,382,41.93,Sprint of 3 riders,Braz Afonso Clément,https://www.procyclingstats.com/rider/clement-braz-afonso,1999-11-08,1999,France,1.63,50.0,18.82,Brive-la-Gaillarde,73,finished,54,8489,183,Climber,26,FR,Groupama - FDJ United,,,",,",1526,17315
15,RR,19 July 2026,Champagnole,Plateau de Solaison,183.9,4098,382,41.93,Sprint of 3 riders,Matthews Michael,https://www.procyclingstats.com/rider/michael-matthews,1990-09-26,1990,Australia,1.78,72.0,22.72,Canberra,74,finished,64,9778,115,Classic,35,AU,Team Jayco AlUla,,,25:41,1541,17330
15,RR,19 July 2026,Champagnole,Plateau de Solaison,183.9,4098,382,41.93,Sprint of 3 riders,Hermans Quinten,https://www.procyclingstats.com/rider/quinten-hermans,1995-07-29,1995,Belgium,1.74,62.0,20.48,Antwerp,75,finished,37,6994,174,Hills,30,BE,Pinarello Q36.5 Pro Cycling Team,,,25:46,1546,17335
15,RR,19 July 2026,Champagnole,Plateau de Solaison,183.9,4098,382,41.93,Sprint of 3 riders,Vermeersch Florian,https://www.procyclingstats.com/rider/florian-vermeersch,1999-03-12,1999,Belgium,1.93,85.0,22.82,Ghent,76,finished,120,13523,6,Classic,27,BE,UAE Team Emirates - XRG,,,",,",1546,17335
15,RR,19 July 2026,Champagnole,Plateau de Solaison,183.9,4098,382,41.93,Sprint of 3 riders,Otruba Jakub,https://www.procyclingstats.com/rider/jakub-otruba,1998-01-30,1998,Czech Republic,1.9,75.0,20.78,Olomouc,77,finished,124,13848,227,GC,28,CZ,Caja Rural - Seguros RGA,,,26:25,1585,17374
15,RR,19 July 2026,Champagnole,Plateau de Solaison,183.9,4098,382,41.93,Sprint of 3 riders,Berwick Sebastian,https://www.procyclingstats.com/rider/sebastian-berwick,1999-12-15,1999,Australia,1.75,59.0,19.27,Brisbane,78,finished,102,12494,223,GC,26,AU,Caja Rural - Seguros RGA,,,",,",1585,17374
15,RR,19 July 2026,Champagnole,Plateau de Solaison,183.9,4098,382,41.93,Sprint of 3 riders,Paret-Peintre Valentin,https://www.procyclingstats.com/rider/valentin-paret-peintre,2001-01-14,2001,France,1.78,52.0,16.41,Annemasse,79,finished,43,7527,93,Climber,25,FR,Soudal Quick-Step,,,26:48,1608,17397
15,RR,19 July 2026,Champagnole,Plateau de Solaison,183.9,4098,382,41.93,Sprint of 3 riders,Grégoire Romain,https://www.procyclingstats.com/rider/romain-gregoire,2003-01-21,2003,France,1.76,64.0,20.66,Besançon,80,finished,59,9115,181,Classic,23,FR,Groupama - FDJ United,,,",,",1608,17397
15,RR,19 July 2026,Champagnole,Plateau de Solaison,183.9,4098,382,41.93,Sprint of 3 riders,Germani Lorenzo,https://www.procyclingstats.com/rider/lorenzo-germani,2002-03-03,2002,Italy,1.79,62.0,19.35,Sora,81,finished,75,10951,185,GC,24,IT,Groupama - FDJ United,,,",,",1608,17397
15,RR,19 July 2026,Champagnole,Plateau de Solaison,183.9,4098,382,41.93,Sprint of 3 riders,Hagenes Per Strand,https://www.procyclingstats.com/rider/per-strand-hagenes,2003-07-10,2003,Norway,1.86,78.0,22.55,Sandnes,82,finished,106,12594,15,Classic,23,NO,Team Visma | Lease a Bike,,,27:33,1653,17442
15,RR,19 July 2026,Champagnole,Plateau de Solaison,183.9,4098,382,41.93,Sprint of 3 riders,Azparren Xabier Mikel,https://www.procyclingstats.com/rider/xabier-mikel-azparren-irurzun,1999-02-25,1999,Spain,,,,San Sebastián,83,finished,115,13210,172,TT,27,ES,Pinarello Q36.5 Pro Cycling Team,,,27:45,1665,17454
15,RR,19 July 2026,Champagnole,Plateau de Solaison,183.9,4098,382,41.93,Sprint of 3 riders,Castrillo Pablo,https://www.procyclingstats.com/rider/pablo-castrillo-zapater,2001-01-02,2001,Spain,1.83,74.0,22.1,Jaca,84,finished,28,5643,142,Climber,25,ES,Movistar Team,,,",,",1665,17454
15,RR,19 July 2026,Champagnole,Plateau de Solaison,183.9,4098,382,41.93,Sprint of 3 riders,van Baarle Dylan,https://www.procyclingstats.com/rider/dylan-van-baarle,1992-05-21,1992,Netherlands,1.89,74.0,20.72,Voorburg,85,finished,136,14487,95,Classic,34,NL,Soudal Quick-Step,,,28:18,1698,17487
15,RR,19 July 2026,Champagnole,Plateau de Solaison,183.9,4098,382,41.93,Sprint of 3 riders,Vervaeke Louis,https://www.procyclingstats.com/rider/louis-vervaeke,1993-10-06,1993,Belgium,1.81,68.0,20.76,Ronse,86,finished,72,10645,98,GC,32,BE,Soudal Quick-Step,,,",,",1698,17487
15,RR,19 July 2026,Champagnole,Plateau de Solaison,183.9,4098,382,41.93,Sprint of 3 riders,Turgis Anthony,https://www.procyclingstats.com/rider/anthony-turgis,1994-05-16,1994,France,1.78,70.0,22.09,Bourg-la-Reine,87,finished,121,13747,207,Classic,32,FR,TotalEnergies,,,28:31,1711,17500
15,RR,19 July 2026,Champagnole,Plateau de Solaison,183.9,4098,382,41.93,Sprint of 3 riders,Stannard Robert,https://www.procyclingstats.com/rider/robert-stannard,1998-09-16,1998,Australia,1.79,74.0,23.1,Sydney Previous nationalities New Zealand until 2016,88,finished,111,12973,76,Hills,27,AU,Bahrain - Victorious,,,",,",1711,17500
15,RR,19 July 2026,Champagnole,Plateau de Solaison,183.9,4098,382,41.93,Sprint of 3 riders,Marsman Tim,https://www.procyclingstats.com/rider/tim-marsman,2000-10-04,2000,Netherlands,1.91,75.0,20.56,Hattem,89,finished,139,14649,104,Sprint,25,NL,Alpecin - Premier Tech,,,29:14,1754,17543
15,RR,19 July 2026,Champagnole,Plateau de Solaison,183.9,4098,382,41.93,Sprint of 3 riders,Pluimers Rick,https://www.procyclingstats.com/rider/rick-pluimers,2000-12-07,2000,Netherlands,1.8,67.0,20.68,Enter,90,finished,78,11017,195,Hills,25,NL,Tudor Pro Cycling Team,,,",,",1754,17543
15,RR,19 July 2026,Champagnole,Plateau de Solaison,183.9,4098,382,41.93,Sprint of 3 riders,van der Poel Mathieu,https://www.procyclingstats.com/rider/mathieu-van-der-poel,1995-01-19,1995,Netherlands,1.84,75.0,22.15,Kapellen,91,finished,74,10867,101,Classic,31,NL,Alpecin - Premier Tech,,,",,",1754,17543
15,RR,19 July 2026,Champagnole,Plateau de Solaison,183.9,4098,382,41.93,Sprint of 3 riders,Stuyven Jasper,https://www.procyclingstats.com/rider/jasper-stuyven,1992-04-17,1992,Belgium,1.87,80.0,22.88,Leuven,92,finished,77,11001,94,Classic,34,BE,Soudal Quick-Step,,,",,",1754,17543
15,RR,19 July 2026,Champagnole,Plateau de Solaison,183.9,4098,382,41.93,Sprint of 3 riders,Storer Michael,https://www.procyclingstats.com/rider/michael-storer,1997-02-28,1997,Australia,1.77,63.0,20.11,Perth,93,finished,104,12553,196,Climber,29,AU,Tudor Pro Cycling Team,,,",,",1754,17543
15,RR,19 July 2026,Champagnole,Plateau de Solaison,183.9,4098,382,41.93,Sprint of 3 riders,Skaarseth Anders,https://www.procyclingstats.com/rider/anders-skaarseth,1995-05-07,1995,Norway,1.86,,,Lillehammer,94,finished,61,9401,126,Classic,31,NO,Uno-X Mobility,,,",,",1754,17543
15,RR,19 July 2026,Champagnole,Plateau de Solaison,183.9,4098,382,41.93,Sprint of 3 riders,Johannessen Tobias Halland,https://www.procyclingstats.com/rider/tobias-halland-johannessen,1999-08-23,1999,Norway,1.76,62.0,20.02,Drøbak,95,finished,18,2760,121,Climber,26,NO,Uno-X Mobility,,,",,",1754,17543
15,RR,19 July 2026,Champagnole,Plateau de Solaison,183.9,4098,382,41.93,Sprint of 3 riders,Slock Liam,https://www.procyclingstats.com/rider/liam-slock,2000-09-18,2000,Belgium,1.88,74.0,20.94,Ghent,96,finished,132,14381,155,GC,25,BE,Lotto Intermarché,,,",,",1754,17543
15,RR,19 July 2026,Champagnole,Plateau de Solaison,183.9,4098,382,41.93,Sprint of 3 riders,Rickaert Jonas,https://www.procyclingstats.com/rider/jonas-rickaert,1994-02-07,1994,Belgium,1.9,88.0,24.38,Sint-Eloois-Vijve,97,finished,119,13486,107,Classic,32,BE,Alpecin - Premier Tech,,,29:40,1780,17569
15,RR,19 July 2026,Champagnole,Plateau de Solaison,183.9,4098,382,41.93,Sprint of 3 riders,Engelhardt Felix,https://www.procyclingstats.com/rider/felix-engelhardt,2000-08-19,2000,Germany,1.8,68.0,20.99,Ulm,98,finished,101,12457,114,Classic,25,DE,Team Jayco AlUla,,,30:12,1812,17601
15,RR,19 July 2026,Champagnole,Plateau de Solaison,183.9,4098,382,41.93,Sprint of 3 riders,Wright Fred,https://www.procyclingstats.com/rider/alfred-wright,1999-06-13,1999,Great Britain,1.84,75.0,22.15,London,99,finished,122,13808,178,Hills,27,GB,Pinarello Q36.5 Pro Cycling Team,,,",,",1812,17601
15,RR,19 July 2026,Champagnole,Plateau de Solaison,183.9,4098,382,41.93,Sprint of 3 riders,Howson Damien,https://www.procyclingstats.com/rider/damien-howson,1992-08-13,1992,Australia,1.88,68.0,19.24,Adelaide,100,finished,98,12217,175,GC,33,AU,Pinarello Q36.5 Pro Cycling Team,,,",,",1812,17601
15,RR,19 July 2026,Champagnole,Plateau de Solaison,183.9,4098,382,41.93,Sprint of 3 riders,Bennett George,https://www.procyclingstats.com/rider/george-bennett,1990-04-07,1990,New Zealand,1.81,58.0,17.7,Nelson,101,finished,83,11279,133,GC,36,NZ,NSN Cycling Team,,,",,",1812,17601
15,RR,19 July 2026,Champagnole,Plateau de Solaison,183.9,4098,382,41.93,Sprint of 3 riders,Durbridge Luke,https://www.procyclingstats.com/rider/luke-durbridge,1991-04-09,1991,Australia,1.87,78.0,22.31,Greenmount,102,finished,114,13155,113,TT,35,AU,Team Jayco AlUla,,,",,",1812,17601
15,RR,19 July 2026,Champagnole,Plateau de Solaison,183.9,4098,382,41.93,Sprint of 3 riders,Dillier Silvan,https://www.procyclingstats.com/rider/silvan-dillier,1990-08-03,1990,Switzerland,1.83,75.0,22.4,Aarau,103,finished,147,14980,103,Classic,35,CH,Alpecin - Premier Tech,,,",,",1812,17601
15,RR,19 July 2026,Champagnole,Plateau de Solaison,183.9,4098,382,41.93,Sprint of 3 riders,Hessmann Michel,https://www.procyclingstats.com/rider/michel-hessmann,2001-04-06,2001,Germany,1.91,78.0,21.38,Münster,104,finished,110,12905,145,Hills,25,DE,Movistar Team,,,",,",1812,17601
15,RR,19 July 2026,Champagnole,Plateau de Solaison,183.9,4098,382,41.93,Sprint of 3 riders,Verstrynge Emiel,https://www.procyclingstats.com/rider/emiel-verstrynge,2002-02-04,2002,Belgium,1.89,69.0,19.32,Eeklo,105,finished,100,12384,108,Climber,24,BE,Alpecin - Premier Tech,,,",,",1812,17601
15,RR,19 July 2026,Champagnole,Plateau de Solaison,183.9,4098,382,41.93,Sprint of 3 riders,Aranburu Alex,https://www.procyclingstats.com/rider/alex-aranburu,1995-09-19,1995,Spain,1.78,63.0,19.88,Ezkio-Itsaso,106,finished,71,10629,163,Classic,30,ES,Cofidis,,,",,",1812,17601
15,RR,19 July 2026,Champagnole,Plateau de Solaison,183.9,4098,382,41.93,Sprint of 3 riders,Cepeda Jefferson Alveiro,https://www.procyclingstats.com/rider/jefferson-cepeda-hernandez,1996-03-02,1996,Ecuador,1.7,61.0,21.11,El Playón,107,finished,88,11555,143,GC,30,EC,Movistar Team,,,",,",1812,17601
15,RR,19 July 2026,Champagnole,Plateau de Solaison,183.9,4098,382,41.93,Sprint of 3 riders,Denz Nico,https://www.procyclingstats.com/rider/nico-denz,1994-02-15,1994,Germany,1.83,71.0,21.2,Waldshut-Tiengen,108,finished,103,12531,23,Hills,32,DE,Red Bull - BORA - hansgrohe,,,",,",1812,17601
15,RR,19 July 2026,Champagnole,Plateau de Solaison,183.9,4098,382,41.93,Sprint of 3 riders,Johannessen Anders Halland,https://www.procyclingstats.com/rider/anders-halland-johannessen,1999-08-23,1999,Norway,1.76,,,Drøbak,109,finished,70,10607,125,GC,26,NO,Uno-X Mobility,,,",,",1812,17601
15,RR,19 July 2026,Champagnole,Plateau de Solaison,183.9,4098,382,41.93,Sprint of 3 riders,Haller Marco,https://www.procyclingstats.com/rider/marco-haller,1991-04-01,1991,Austria,1.78,72.0,22.72,Sankt Veit an der Glan,110,finished,151,15092,193,Classic,35,AT,Tudor Pro Cycling Team,,,30:16,1816,17605
15,RR,19 July 2026,Champagnole,Plateau de Solaison,183.9,4098,382,41.93,Sprint of 3 riders,Alaphilippe Julian,https://www.procyclingstats.com/rider/julian-alaphilippe,1992-06-11,1992,France,1.73,62.0,20.72,Saint-Amand-Montrond,111,finished,133,14412,191,Classic,34,FR,Tudor Pro Cycling Team,,,",,",1816,17605
15,RR,19 July 2026,Champagnole,Plateau de Solaison,183.9,4098,382,41.93,Sprint of 3 riders,Märkl Niklas,https://www.procyclingstats.com/rider/niklas-markl,1999-03-03,1999,Germany,1.85,70.0,20.45,Queidersbach,112,finished,145,14964,216,Sprint,27,DE,Team Picnic PostNL,,,30:48,1848,17637
15,RR,19 July 2026,Champagnole,Plateau de Solaison,183.9,4098,382,41.93,Sprint of 3 riders,Ackermann Pascal,https://www.procyclingstats.com/rider/pascal-ackermann,1994-01-17,1994,Germany,1.8,78.0,24.07,Kandel,113,finished,150,15081,112,Sprint,32,DE,Team Jayco AlUla,,,31:17,1877,17666
15,RR,19 July 2026,Champagnole,Plateau de Solaison,183.9,4098,382,41.93,Sprint of 3 riders,Zimmermann Georg,https://www.procyclingstats.com/rider/georg-zimmermann,1997-10-11,1997,Germany,1.81,70.0,21.37,Augsburg,114,finished,93,11732,158,Classic,28,DE,Lotto Intermarché,,,",,",1877,17666
15,RR,19 July 2026,Champagnole,Plateau de Solaison,183.9,4098,382,41.93,Sprint of 3 riders,Bittner Pavel,https://www.procyclingstats.com/rider/pavel-bittner,2002-10-29,2002,Czech Republic,1.84,73.0,21.56,Olomouc,115,finished,143,14882,213,Sprint,23,CZ,Team Picnic PostNL,,,31:50,1910,17699
15,RR,19 July 2026,Champagnole,Plateau de Solaison,183.9,4098,382,41.93,Sprint of 3 riders,Planckaert Edward,https://www.procyclingstats.com/rider/edward-planckaert,1995-02-01,1995,Belgium,1.78,71.0,22.41,Kortrijk,116,finished,118,13466,106,Classic,31,BE,Alpecin - Premier Tech,,,",,",1910,17699
15,RR,19 July 2026,Champagnole,Plateau de Solaison,183.9,4098,382,41.93,Sprint of 3 riders,Fretin Milan,https://www.procyclingstats.com/rider/milan-fretin,2001-03-19,2001,Belgium,1.82,70.0,21.13,Genk,117,finished,157,15655,165,Classic,25,BE,Cofidis,,,32:07,1927,17716
15,RR,19 July 2026,Champagnole,Plateau de Solaison,183.9,4098,382,41.93,Sprint of 3 riders,Walker Max,https://www.procyclingstats.com/rider/max-walker,2001-07-12,2001,Great Britain,,,,Douglas,118,finished,107,12770,48,TT,25,GB,EF Education - EasyPost,,,32:11,1931,17720
15,RR,19 July 2026,Champagnole,Plateau de Solaison,183.9,4098,382,41.93,Sprint of 3 riders,Asgreen Kasper,https://www.procyclingstats.com/rider/kasper-asgreen,1995-02-08,1995,Denmark,1.93,75.0,20.13,Kolding,119,finished,87,11525,42,TT,31,DK,EF Education - EasyPost,,,",,",1931,17720
15,RR,19 July 2026,Champagnole,Plateau de Solaison,183.9,4098,382,41.93,Sprint of 3 riders,Cort Magnus,https://www.procyclingstats.com/rider/magnus-cort-nielsen,1993-01-16,1993,Denmark,1.84,68.0,20.09,Rønne,120,finished,99,12379,124,Hills,33,DK,Uno-X Mobility,,,32:31,1951,17740
15,RR,19 July 2026,Champagnole,Plateau de Solaison,183.9,4098,382,41.93,Sprint of 3 riders,Biermans Jenthe,https://www.procyclingstats.com/rider/jenthe-biermans,1995-10-30,1995,Belgium,1.84,78.0,23.04,Geel,121,finished,153,15330,164,Classic,30,BE,Cofidis,,,",,",1951,17740
15,RR,19 July 2026,Champagnole,Plateau de Solaison,183.9,4098,382,41.93,Sprint of 3 riders,Tarling Joshua,https://www.procyclingstats.com/rider/joshua-tarling,2004-02-15,2004,Great Britain,1.94,78.0,20.72,Aberaeron,122,finished,149,15079,87,TT,22,GB,Netcompany INEOS,,,32:33,1953,17742
15,RR,19 July 2026,Champagnole,Plateau de Solaison,183.9,4098,382,41.93,Sprint of 3 riders,Hirschi Marc,https://www.procyclingstats.com/rider/marc-hirschi,1998-08-24,1998,Switzerland,1.74,61.0,20.15,Bern,123,finished,51,8087,194,Classic,27,CH,Tudor Pro Cycling Team,,,33:04,1984,17773
15,RR,19 July 2026,Champagnole,Plateau de Solaison,183.9,4098,382,41.93,Sprint of 3 riders,Teunissen Mike,https://www.procyclingstats.com/rider/mike-teunissen,1992-08-25,1992,Netherlands,1.84,73.0,21.56,Ysselsteyn,124,finished,125,13889,66,Classic,33,NL,XDS Astana Team,,,",,",1984,17773
15,RR,19 July 2026,Champagnole,Plateau de Solaison,183.9,4098,382,41.93,Sprint of 3 riders,Craps Lars,https://www.procyclingstats.com/rider/lars-craps,2001-10-17,2001,Belgium,1.85,67.0,19.58,Aalst,125,finished,62,9572,154,GC,24,BE,Lotto Intermarché,,,33:17,1997,17786
15,RR,19 July 2026,Champagnole,Plateau de Solaison,183.9,4098,382,41.93,Sprint of 3 riders,Van Mechelen Vlad,https://www.procyclingstats.com/rider/vlad-van-mechelen,2004-06-02,2004,Belgium,1.83,73.0,21.8,Leuven,126,finished,81,11269,78,Sprint,22,BE,Bahrain - Victorious,,,",,",1997,17786
15,RR,19 July 2026,Champagnole,Plateau de Solaison,183.9,4098,382,41.93,Sprint of 3 riders,Veistroffer Baptiste,https://www.procyclingstats.com/rider/baptiste-veistroffer,2000-05-29,2000,France,1.82,73.0,22.04,Fouesnant,127,finished,158,15693,157,Hills,26,FR,Lotto Intermarché,,,33:52,2032,17821
15,RR,19 July 2026,Champagnole,Plateau de Solaison,183.9,4098,382,41.93,Sprint of 3 riders,Page Hugo,https://www.procyclingstats.com/rider/hugo-page,2001-07-24,2001,France,1.85,71.0,20.75,Chartres,128,finished,129,14072,167,Classic,24,FR,Cofidis,,,",,",2032,17821
15,RR,19 July 2026,Champagnole,Plateau de Solaison,183.9,4098,382,41.93,Sprint of 3 riders,Godon Dorian,https://www.procyclingstats.com/rider/dorian-godon,1996-05-25,1996,France,1.89,74.0,20.72,Vitry-sur-Seine,129,finished,131,14316,85,Hills,30,FR,Netcompany INEOS,,,34:14,2054,17843
15,RR,19 July 2026,Champagnole,Plateau de Solaison,183.9,4098,382,41.93,Sprint of 3 riders,Kwiatkowski Michał,https://www.procyclingstats.com/rider/michal-kwiatkowski,1990-06-02,1990,Poland,1.76,68.0,21.95,Chełmża,130,finished,128,13972,86,Classic,36,PL,Netcompany INEOS,,,",,",2054,17843
15,RR,19 July 2026,Champagnole,Plateau de Solaison,183.9,4098,382,41.93,Sprint of 3 riders,Ganna Filippo,https://www.procyclingstats.com/rider/filippo-ganna,1996-07-25,1996,Italy,1.93,83.0,22.28,Verbania,131,finished,127,13967,84,TT,29,IT,Netcompany INEOS,,,",,",2054,17843
15,RR,19 July 2026,Champagnole,Plateau de Solaison,183.9,4098,382,41.93,Sprint of 3 riders,Gate Aaron,https://www.procyclingstats.com/rider/aaron-gate,1990-11-26,1990,New Zealand,1.81,71.0,21.67,Auckland,132,finished,130,14104,63,GC,35,NZ,XDS Astana Team,,,34:56,2096,17885
15,RR,19 July 2026,Champagnole,Plateau de Solaison,183.9,4098,382,41.93,Sprint of 3 riders,Tejada Harold,https://www.procyclingstats.com/rider/harold-tejada,1997-04-27,1997,Colombia,1.8,63.0,19.44,Pitalito,133,finished,39,7125,65,Climber,29,CO,XDS Astana Team,,,",,",2096,17885
15,RR,19 July 2026,Champagnole,Plateau de Solaison,183.9,4098,382,41.93,Sprint of 3 riders,Oldani Stefano,https://www.procyclingstats.com/rider/stefano-oldani,1998-01-10,1998,Italy,1.78,65.0,20.52,Milan,134,finished,126,13904,226,Hills,28,IT,Caja Rural - Seguros RGA,,,35:23,2123,17912
15,RR,19 July 2026,Champagnole,Plateau de Solaison,183.9,4098,382,41.93,Sprint of 3 riders,Ballerini Davide,https://www.procyclingstats.com/rider/davide-ballerini,1994-09-21,1994,Italy,1.83,71.0,21.2,Cantù,135,finished,156,15652,62,Classic,31,IT,XDS Astana Team,,,",,",2123,17912
15,RR,19 July 2026,Champagnole,Plateau de Solaison,183.9,4098,382,41.93,Sprint of 3 riders,Affini Edoardo,https://www.procyclingstats.com/rider/edoardo-affini,1996-06-24,1996,Italy,1.9,85.0,23.55,Mantua,136,finished,141,14735,12,TT,30,IT,Team Visma | Lease a Bike,,,",,",2123,17912
15,RR,19 July 2026,Champagnole,Plateau de Solaison,183.9,4098,382,41.93,Sprint of 3 riders,Kanter Max,https://www.procyclingstats.com/rider/max-kanter,1997-10-22,1997,Germany,1.76,68.0,21.95,Cottbus,137,finished,146,14977,64,Sprint,28,DE,XDS Astana Team,,,",,",2123,17912
15,RR,19 July 2026,Champagnole,Plateau de Solaison,183.9,4098,382,41.93,Sprint of 3 riders,Breuillard Nicolas,https://www.procyclingstats.com/rider/nicolas-breuillard,2000-03-13,2000,France,1.75,,,Pertuis,138,finished,57,8984,202,GC,26,FR,TotalEnergies,,,35:27,2127,17916
15,RR,19 July 2026,Champagnole,Plateau de Solaison,183.9,4098,382,41.93,Sprint of 3 riders,Kirsch Alex,https://www.procyclingstats.com/rider/alex-kirsch,1992-06-12,1992,Luxembourg,1.94,78.0,20.72,Luxembourg,139,finished,123,13819,166,TT,34,LU,Cofidis,,,35:50,2150,17939
15,RR,19 July 2026,Champagnole,Plateau de Solaison,183.9,4098,382,41.93,Sprint of 3 riders,Vacek Mathias,https://www.procyclingstats.com/rider/mathias-vacek,2002-06-12,2002,Czech Republic,1.88,75.0,21.22,Beroun,140,finished,50,8075,37,TT,24,CZ,Lidl - Trek,,,",,",2150,17939
15,RR,19 July 2026,Champagnole,Plateau de Solaison,183.9,4098,382,41.93,Sprint of 3 riders,Pedersen Mads,https://www.procyclingstats.com/rider/mads-pedersen,1995-12-18,1995,Denmark,1.8,76.0,23.46,Tølløse,141,finished,90,11562,33,Classic,30,DK,Lidl - Trek,,,",,",2150,17939
15,RR,19 July 2026,Champagnole,Plateau de Solaison,183.9,4098,382,41.93,Sprint of 3 riders,Skujiņš Toms,https://www.procyclingstats.com/rider/toms-skujins,1991-06-15,1991,Latvia,1.81,72.0,21.98,Sigulda,142,finished,94,11795,36,Classic,35,LV,Lidl - Trek,,,",,",2150,17939
15,RR,19 July 2026,Champagnole,Plateau de Solaison,183.9,4098,382,41.93,Sprint of 3 riders,Neilands Krists,https://www.procyclingstats.com/rider/krists-neilands,1994-08-18,1994,Latvia,1.89,69.0,19.32,Kuldīga,143,finished,138,14575,136,Classic,31,LV,NSN Cycling Team,,,",,",2150,17939
15,RR,19 July 2026,Champagnole,Plateau de Solaison,183.9,4098,382,41.93,Sprint of 3 riders,Gradek Kamil,https://www.procyclingstats.com/rider/kamil-gradek,1990-09-17,1990,Poland,1.94,83.0,22.05,Koziegłowy,144,finished,166,16349,74,TT,35,PL,Bahrain - Victorious,,,",,",2150,17939
15,RR,19 July 2026,Champagnole,Plateau de Solaison,183.9,4098,382,41.93,Sprint of 3 riders,Bauhaus Phil,https://www.procyclingstats.com/rider/phil-bauhaus,1994-07-08,1994,Germany,1.84,75.0,22.15,Bocholt,145,finished,161,16124,72,Sprint,32,DE,Bahrain - Victorious,,,",,",2150,17939
15,RR,19 July 2026,Champagnole,Plateau de Solaison,183.9,4098,382,41.93,Sprint of 3 riders,Allegaert Piet,https://www.procyclingstats.com/rider/piet-allegaert,1995-01-20,1995,Belgium,1.81,70.0,21.37,Moorslede,146,finished,159,15810,162,Classic,31,BE,Cofidis,,,",,",2150,17939
15,RR,19 July 2026,Champagnole,Plateau de Solaison,183.9,4098,382,41.93,Sprint of 3 riders,Plapp Luke,https://www.procyclingstats.com/rider/luke-plapp,2000-12-25,2000,Australia,1.81,72.0,21.98,Melbourne,147,finished,85,11430,117,GC,25,AU,Team Jayco AlUla,,,",,",2150,17939
15,RR,19 July 2026,Champagnole,Plateau de Solaison,183.9,4098,382,41.93,Sprint of 3 riders,Kooij Olav,https://www.procyclingstats.com/rider/olav-kooij,2001-10-17,2001,Netherlands,1.84,72.0,21.27,Numansdorp,148,finished,162,16178,55,Sprint,24,NL,Decathlon CMA CGM Team,,,",,",2150,17939
15,RR,19 July 2026,Champagnole,Plateau de Solaison,183.9,4098,382,41.93,Sprint of 3 riders,Hoole Daan,https://www.procyclingstats.com/rider/daan-hoole,1999-02-22,1999,Netherlands,1.98,84.0,21.43,Zuidland,149,finished,137,14527,54,TT,27,NL,Decathlon CMA CGM Team,,,36:37,2197,17986
15,RR,19 July 2026,Champagnole,Plateau de Solaison,183.9,4098,382,41.93,Sprint of 3 riders,Guernalec Thibault,https://www.procyclingstats.com/rider/thibault-guernalec,1997-07-31,1997,France,1.85,71.0,20.75,Châteaulin,150,finished,116,13448,205,TT,28,FR,TotalEnergies,,,36:53,2213,18002
15,RR,19 July 2026,Champagnole,Plateau de Solaison,183.9,4098,382,41.93,Sprint of 3 riders,Louvel Matis,https://www.procyclingstats.com/rider/matis-louvel,1999-07-19,1999,France,1.87,77.0,22.02,Mont Saint Aignan,151,finished,163,16230,135,Classic,27,FR,NSN Cycling Team,,,",,",2213,18002
15,RR,19 July 2026,Champagnole,Plateau de Solaison,183.9,4098,382,41.93,Sprint of 3 riders,Thomas Benjamin,https://www.procyclingstats.com/rider/benjamin-thomas-2,1995-09-12,1995,France,1.79,68.0,21.22,Lavaur,152,finished,113,13147,168,TT,30,FR,Cofidis,,,",,",2213,18002
15,RR,19 July 2026,Champagnole,Plateau de Solaison,183.9,4098,382,41.93,Sprint of 3 riders,van den Broek Frank,https://www.procyclingstats.com/rider/frank-van-den-broek,2000-12-28,2000,Netherlands,1.78,70.0,22.09,Warmond,153,finished,108,12850,218,GC,25,NL,Team Picnic PostNL,,,37:04,2224,18013
15,RR,19 July 2026,Champagnole,Plateau de Solaison,183.9,4098,382,41.93,Sprint of 3 riders,Dhondt Robbe,https://www.procyclingstats.com/rider/robbe-dhondt,2004-06-25,2004,Belgium,1.76,,,Zottegem,154,finished,134,14417,215,GC,22,BE,Team Picnic PostNL,,,37:23,2243,18032
15,RR,19 July 2026,Champagnole,Plateau de Solaison,183.9,4098,382,41.93,Sprint of 3 riders,Degenkolb John,https://www.procyclingstats.com/rider/john-degenkolb,1989-01-07,1989,Germany,1.8,82.0,25.31,Gera,155,finished,154,15551,214,Classic,37,DE,Team Picnic PostNL,,,",,",2243,18032
15,RR,19 July 2026,Champagnole,Plateau de Solaison,183.9,4098,382,41.93,Sprint of 3 riders,van den Berg Julius,https://www.procyclingstats.com/rider/julius-van-den-berg,1996-10-23,1996,Netherlands,1.9,78.0,21.61,Purmerend,156,finished,160,15960,217,Sprint,29,NL,Team Picnic PostNL,,,",,",2243,18032
15,RR,19 July 2026,Champagnole,Plateau de Solaison,183.9,4098,382,41.93,Sprint of 3 riders,Bol Cees,https://www.procyclingstats.com/rider/cees-bol,1995-07-27,1995,Netherlands,1.94,83.0,22.05,Zaandam,157,finished,164,16326,53,Sprint,30,NL,Decathlon CMA CGM Team,,,",,",2243,18032
15,RR,19 July 2026,Champagnole,Plateau de Solaison,183.9,4098,382,41.93,Sprint of 3 riders,Nicolau Joel,https://www.procyclingstats.com/rider/joel-nicolau,1997-12-23,1997,Spain,1.76,66.0,21.31,Llofriu,158,finished,135,14449,225,Hills,28,ES,Caja Rural - Seguros RGA,,,",,",2243,18032
15,RR,19 July 2026,Champagnole,Plateau de Solaison,183.9,4098,382,41.93,Sprint of 3 riders,Philipsen Jasper,https://www.procyclingstats.com/rider/jasper-philipsen,1998-03-02,1998,Belgium,1.76,75.0,24.21,Mol,159,finished,148,14988,105,Sprint,28,BE,Alpecin - Premier Tech,,,",,",2243,18032
15,RR,19 July 2026,Champagnole,Plateau de Solaison,183.9,4098,382,41.93,Sprint of 3 riders,Artz Huub,https://www.procyclingstats.com/rider/huub-artz,2002-05-14,2002,Netherlands,1.86,71.0,20.52,Wintelre,160,finished,144,14891,152,Hills,24,NL,Lotto Intermarché,,,",,",2243,18032
15,RR,19 July 2026,Champagnole,Plateau de Solaison,183.9,4098,382,41.93,Sprint of 3 riders,Vercher Mattéo,https://www.procyclingstats.com/rider/matheo-vercher,2001-01-26,2001,France,1.71,,,Lyon,161,finished,84,11429,208,Hills,25,FR,TotalEnergies,,,",,",2243,18032
15,RR,19 July 2026,Champagnole,Plateau de Solaison,183.9,4098,382,41.93,Sprint of 3 riders,Stewart Jake,https://www.procyclingstats.com/rider/jake-stewart,1999-10-02,1999,Great Britain,1.79,66.0,20.6,Coventry,162,finished,155,15588,137,Hills,26,GB,NSN Cycling Team,,,37:27,2247,18036
15,RR,19 July 2026,Champagnole,Plateau de Solaison,183.9,4098,382,41.93,Sprint of 3 riders,Girmay Biniam,https://www.procyclingstats.com/rider/biniam-girmay,2000-04-02,2000,Eritrea,1.84,70.0,20.68,Asmara,163,finished,140,14724,131,Classic,26,ER,NSN Cycling Team,,,",,",2247,18036
15,RR,19 July 2026,Champagnole,Plateau de Solaison,183.9,4098,382,41.93,Sprint of 3 riders,Askey Lewis,https://www.procyclingstats.com/rider/lewis-askey,2001-05-04,2001,Great Britain,1.87,75.0,21.45,Cannock,164,finished,165,16335,132,Classic,25,GB,NSN Cycling Team,,,38:16,2296,18085
15,RR,19 July 2026,Champagnole,Plateau de Solaison,183.9,4098,382,41.93,Sprint of 3 riders,Eenkhoorn Pascal,https://www.procyclingstats.com/rider/pascal-eenkhoorn,1997-02-08,1997,Netherlands,1.85,72.0,21.04,Zwolle,165,finished,152,15286,92,Classic,29,NL,Soudal Quick-Step,,,38:37,2317,18106
15,RR,19 July 2026,Champagnole,Plateau de Solaison,183.9,4098,382,41.93,Sprint of 3 riders,Wærenskjold Søren,https://www.procyclingstats.com/rider/soren-waerenskjold,2000-03-12,2000,Norway,1.95,92.0,24.19,Mandal,166,finished,142,14853,128,Classic,26,NO,Uno-X Mobility,,,38:40,2320,18109
15,RR,19 July 2026,Champagnole,Plateau de Solaison,183.9,4098,382,41.93,Sprint of 3 riders,Merlier Tim,https://www.procyclingstats.com/rider/tim-merlier,1992-10-30,1992,Belgium,1.88,76.0,21.5,Wortegem-Petegem,,DNF,,,91,Sprint,33,BE,Soudal Quick-Step,,,,,
15,RR,19 July 2026,Champagnole,Plateau de Solaison,183.9,4098,382,41.93,Sprint of 3 riders,Vingegaard Jonas,https://www.procyclingstats.com/rider/jonas-vingegaard,1996-12-10,1996,Denmark,1.75,58.0,18.94,Hillerslev,,DNF,,,11,GC,29,DK,Team Visma | Lease a Bike,,,,,
15,RR,19 July 2026,Champagnole,Plateau de Solaison,183.9,4098,382,41.93,Sprint of 3 riders,Van Asbroeck Tom,https://www.procyclingstats.com/rider/tom-van-asbroeck,1990-04-19,1990,Belgium,1.82,72.0,21.74,Aalst,,DNF,,,138,Sprint,36,BE,NSN Cycling Team,,,,,
16,ITT,21 July 2026,Évian-les-Bains,Thonon-les-Bains,26.1,470,40,48.458,Time trial,Evenepoel Remco,https://www.procyclingstats.com/rider/remco-evenepoel,2000-01-25,2000,Belgium,1.71,63.0,21.55,Aalst,1,finished,2,272,21,Climber,26,BE,Red Bull - BORA - hansgrohe,210.0,100.0,",33",0,
16,ITT,21 July 2026,Évian-les-Bains,Thonon-les-Bains,26.1,470,40,48.458,Time trial,Pogačar Tadej,https://www.procyclingstats.com/rider/tadej-pogacar,1998-09-21,1998,Slovenia,1.76,66.0,21.31,Klanec,2,finished,1,0,1,Climber,27,SI,UAE Team Emirates - XRG,150.0,70.0,",36",,
16,ITT,21 July 2026,Évian-les-Bains,Thonon-les-Bains,26.1,470,40,48.458,Time trial,Skjelmose Mattias,https://www.procyclingstats.com/rider/mattias-skjelmose-jensen,2000-09-26,2000,Denmark,1.8,65.0,20.06,Copenhagen,3,finished,6,614,35,Climber,25,DK,Lidl - Trek,110.0,50.0,",31",,
16,ITT,21 July 2026,Évian-les-Bains,Thonon-les-Bains,26.1,470,40,48.458,Time trial,Seixas Paul,https://www.procyclingstats.com/rider/paul-seixas,2006-09-24,2006,France,1.86,64.0,18.5,Lyon,4,finished,4,431,51,Climber,19,FR,Decathlon CMA CGM Team,90.0,40.0,",54",,
16,ITT,21 July 2026,Évian-les-Bains,Thonon-les-Bains,26.1,470,40,48.458,Time trial,del Toro Isaac,https://www.procyclingstats.com/rider/isaac-del-toro,2003-11-27,2003,Mexico,1.8,64.0,19.75,Ensenada,5,finished,3,411,2,Climber,22,MX,UAE Team Emirates - XRG,70.0,32.0,",35",,
16,ITT,21 July 2026,Évian-les-Bains,Thonon-les-Bains,26.1,470,40,48.458,Time trial,Cattaneo Mattia,https://www.procyclingstats.com/rider/mattia-cattaneo,1990-10-25,1990,Italy,1.84,67.0,19.79,Alzano Lombardo,6,finished,45,8032,22,TT,35,IT,Red Bull - BORA - hansgrohe,55.0,26.0,",95",,
16,ITT,21 July 2026,Évian-les-Bains,Thonon-les-Bains,26.1,470,40,48.458,Time trial,Arensman Thymen,https://www.procyclingstats.com/rider/thymen-arensman,1999-12-04,1999,Netherlands,1.9,68.0,18.84,Deil,7,finished,27,5876,82,GC,26,NL,Netcompany INEOS,45.0,22.0,",92",,
16,ITT,21 July 2026,Évian-les-Bains,Thonon-les-Bains,26.1,470,40,48.458,Time trial,Armirail Bruno,https://www.procyclingstats.com/rider/bruno-armirail,1994-04-11,1994,France,1.9,72.0,19.94,Bagnères-de-Bigorre,8,finished,77,11359,13,TT,32,FR,Team Visma | Lease a Bike,40.0,18.0,",4",,
16,ITT,21 July 2026,Évian-les-Bains,Thonon-les-Bains,26.1,470,40,48.458,Time trial,Castrillo Pablo,https://www.procyclingstats.com/rider/pablo-castrillo-zapater,2001-01-02,2001,Spain,1.83,74.0,22.1,Jaca,9,finished,25,5735,142,Climber,25,ES,Movistar Team,35.0,14.0,",8",,
16,ITT,21 July 2026,Évian-les-Bains,Thonon-les-Bains,26.1,470,40,48.458,Time trial,Tarling Joshua,https://www.procyclingstats.com/rider/joshua-tarling,2004-02-15,2004,Great Britain,1.94,78.0,20.72,Aberaeron,10,finished,141,15173,87,TT,22,GB,Netcompany INEOS,30.0,10.0,",07",,
16,ITT,21 July 2026,Évian-les-Bains,Thonon-les-Bains,26.1,470,40,48.458,Time trial,Ganna Filippo,https://www.procyclingstats.com/rider/filippo-ganna,1996-07-25,1996,Italy,1.93,83.0,22.28,Verbania,11,finished,120,14065,84,TT,29,IT,Netcompany INEOS,25.0,8.0,",57",,
16,ITT,21 July 2026,Évian-les-Bains,Thonon-les-Bains,26.1,470,40,48.458,Time trial,Pidcock Tom,https://www.procyclingstats.com/rider/tom-pidcock,1999-07-30,1999,Great Britain,1.7,58.0,20.07,Leeds,12,finished,8,778,171,Classic,26,GB,Pinarello Q36.5 Pro Cycling Team,20.0,6.0,",35",,
16,ITT,21 July 2026,Évian-les-Bains,Thonon-les-Bains,26.1,470,40,48.458,Time trial,Großschartner Felix,https://www.procyclingstats.com/rider/felix-grossschartner,1993-12-23,1993,Austria,1.84,64.0,18.9,Wels,13,finished,32,6727,3,GC,32,AT,UAE Team Emirates - XRG,15.0,4.0,",47",,
16,ITT,21 July 2026,Évian-les-Bains,Thonon-les-Bains,26.1,470,40,48.458,Time trial,Jorgenson Matteo,https://www.procyclingstats.com/rider/matteo-jorgenson,1999-07-01,1999,United States,1.9,69.0,19.11,Walnut Creek,14,finished,30,6374,16,GC,27,US,Team Visma | Lease a Bike,10.0,2.0,",15",,
16,ITT,21 July 2026,Évian-les-Bains,Thonon-les-Bains,26.1,470,40,48.458,Time trial,Ayuso Juan,https://www.procyclingstats.com/rider/juan-ayuso-pesquera,2002-09-16,2002,Spain,1.83,65.0,19.41,Barcelona,15,finished,5,562,31,Climber,23,ES,Lidl - Trek,5.0,1.0,",29",,
16,ITT,21 July 2026,Évian-les-Bains,Thonon-les-Bains,26.1,470,40,48.458,Time trial,Artz Huub,https://www.procyclingstats.com/rider/huub-artz,2002-05-14,2002,Netherlands,1.86,71.0,20.52,Wintelre,16,finished,138,15013,152,Hills,24,NL,Lotto Intermarché,,,",87",,
16,ITT,21 July 2026,Évian-les-Bains,Thonon-les-Bains,26.1,470,40,48.458,Time trial,Hoole Daan,https://www.procyclingstats.com/rider/daan-hoole,1999-02-22,1999,Netherlands,1.98,84.0,21.43,Zuidland,17,finished,130,14660,54,TT,27,NL,Decathlon CMA CGM Team,,,",08",,
16,ITT,21 July 2026,Évian-les-Bains,Thonon-les-Bains,26.1,470,40,48.458,Time trial,Guernalec Thibault,https://www.procyclingstats.com/rider/thibault-guernalec,1997-07-31,1997,France,1.85,71.0,20.75,Châteaulin,18,finished,114,13586,205,TT,28,FR,TotalEnergies,,,",44",,
16,ITT,21 July 2026,Évian-les-Bains,Thonon-les-Bains,26.1,470,40,48.458,Time trial,Costiou Ewen,https://www.procyclingstats.com/rider/ewen-costiou,2002-11-10,2002,France,1.76,64.0,20.66,Brest,19,finished,65,10300,184,GC,23,FR,Groupama - FDJ United,,,",01",,
16,ITT,21 July 2026,Évian-les-Bains,Thonon-les-Bains,26.1,470,40,48.458,Time trial,Martinez Lenny,https://www.procyclingstats.com/rider/lenny-martinez,2003-07-11,2003,France,1.68,52.0,18.42,Cannes,20,finished,7,770,71,Climber,23,FR,Bahrain - Victorious,,,",97",,
16,ITT,21 July 2026,Évian-les-Bains,Thonon-les-Bains,26.1,470,40,48.458,Time trial,Paret-Peintre Aurélien,https://www.procyclingstats.com/rider/aurelien-paret-peintre,1996-02-27,1996,France,1.84,64.0,18.9,Annemasse,21,finished,54,8776,56,GC,30,FR,Decathlon CMA CGM Team,,,",15",,
16,ITT,21 July 2026,Évian-les-Bains,Thonon-les-Bains,26.1,470,40,48.458,Time trial,McNulty Brandon,https://www.procyclingstats.com/rider/brandon-mcnulty,1998-04-02,1998,United States,1.83,69.0,20.6,Phoenix,22,finished,18,3184,4,GC,28,US,UAE Team Emirates - XRG,,,",27",,
16,ITT,21 July 2026,Évian-les-Bains,Thonon-les-Bains,26.1,470,40,48.458,Time trial,Voisard Yannis,https://www.procyclingstats.com/rider/yannis-voisard,1998-07-26,1998,Switzerland,,56.0,,Fontenais,23,finished,10,1458,198,GC,27,CH,Tudor Pro Cycling Team,,,",31",,
16,ITT,21 July 2026,Évian-les-Bains,Thonon-les-Bains,26.1,470,40,48.458,Time trial,Schmid Mauro,https://www.procyclingstats.com/rider/mauro-schmid,1999-12-04,1999,Switzerland,1.87,70.0,20.02,Bülach,24,finished,47,8199,118,Hills,26,CH,Team Jayco AlUla,,,",57",,
16,ITT,21 July 2026,Évian-les-Bains,Thonon-les-Bains,26.1,470,40,48.458,Time trial,Piganzoli Davide,https://www.procyclingstats.com/rider/davide-piganzoli,2002-07-08,2002,Italy,1.74,61.0,20.15,Morbegno,25,finished,13,1648,18,GC,24,IT,Team Visma | Lease a Bike,,,",11",,
16,ITT,21 July 2026,Évian-les-Bains,Thonon-les-Bains,26.1,470,40,48.458,Time trial,Van Wilder Ilan,https://www.procyclingstats.com/rider/ilan-van-wilder,2000-05-14,2000,Belgium,1.71,64.0,21.89,Jette,26,finished,11,1502,97,GC,26,BE,Soudal Quick-Step,,,",55",,
16,ITT,21 July 2026,Évian-les-Bains,Thonon-les-Bains,26.1,470,40,48.458,Time trial,Gee-West Derek,https://www.procyclingstats.com/rider/derek-gee,1997-08-03,1997,Canada,1.89,72.0,20.16,Ottawa,27,finished,29,6090,32,Climber,28,CA,Lidl - Trek,,,",77",,
16,ITT,21 July 2026,Évian-les-Bains,Thonon-les-Bains,26.1,470,40,48.458,Time trial,Otruba Jakub,https://www.procyclingstats.com/rider/jakub-otruba,1998-01-30,1998,Czech Republic,1.9,75.0,20.78,Olomouc,28,finished,119,14029,227,GC,28,CZ,Caja Rural - Seguros RGA,,,",6",,
16,ITT,21 July 2026,Évian-les-Bains,Thonon-les-Bains,26.1,470,40,48.458,Time trial,Oliveira Nelson,https://www.procyclingstats.com/rider/nelson-oliveira,1989-03-06,1989,Portugal,1.8,67.0,20.68,Anadia,29,finished,71,11159,146,TT,37,PT,Movistar Team,,,",38",,
16,ITT,21 July 2026,Évian-les-Bains,Thonon-les-Bains,26.1,470,40,48.458,Time trial,Riccitello Matthew,https://www.procyclingstats.com/rider/matthew-riccitello,2002-03-05,2002,United States,1.72,55.0,18.59,Tucson,30,finished,37,7302,58,Climber,24,US,Decathlon CMA CGM Team,,,",62",,
16,ITT,21 July 2026,Évian-les-Bains,Thonon-les-Bains,26.1,470,40,48.458,Time trial,Balderstone Abel,https://www.procyclingstats.com/rider/abel-balderstone-roumens,2000-07-07,2000,Spain,1.79,61.0,19.04,Ullastrell,31,finished,52,8575,222,GC,26,ES,Caja Rural - Seguros RGA,,,",84",,
16,ITT,21 July 2026,Évian-les-Bains,Thonon-les-Bains,26.1,470,40,48.458,Time trial,Azparren Xabier Mikel,https://www.procyclingstats.com/rider/xabier-mikel-azparren-irurzun,1999-02-25,1999,Spain,,,,San Sebastián,32,finished,112,13399,172,TT,27,ES,Pinarello Q36.5 Pro Cycling Team,,,",82",,
16,ITT,21 July 2026,Évian-les-Bains,Thonon-les-Bains,26.1,470,40,48.458,Time trial,Thomas Benjamin,https://www.procyclingstats.com/rider/benjamin-thomas-2,1995-09-12,1995,France,1.79,68.0,21.22,Lavaur,33,finished,111,13338,168,TT,30,FR,Cofidis,,,",34",,
16,ITT,21 July 2026,Évian-les-Bains,Thonon-les-Bains,26.1,470,40,48.458,Time trial,Van Gils Maxim,https://www.procyclingstats.com/rider/maxim-van-gils,1999-11-25,1999,Belgium,1.74,63.0,20.81,Brasschaat,34,finished,33,7026,28,Classic,26,BE,Red Bull - BORA - hansgrohe,,,",95",,
16,ITT,21 July 2026,Évian-les-Bains,Thonon-les-Bains,26.1,470,40,48.458,Time trial,Braz Afonso Clément,https://www.procyclingstats.com/rider/clement-braz-afonso,1999-11-08,1999,France,1.63,50.0,18.82,Brive-la-Gaillarde,35,finished,53,8689,183,Climber,26,FR,Groupama - FDJ United,,,",11",,
16,ITT,21 July 2026,Évian-les-Bains,Thonon-les-Bains,26.1,470,40,48.458,Time trial,Jegat Jordan,https://www.procyclingstats.com/rider/jordan-jegat,1999-06-07,1999,France,1.76,59.0,19.05,Vannes,36,finished,9,1370,201,Climber,27,FR,TotalEnergies,,,",2",,
16,ITT,21 July 2026,Évian-les-Bains,Thonon-les-Bains,26.1,470,40,48.458,Time trial,García Pierna Raúl,https://www.procyclingstats.com/rider/raul-garcia-pierna,2001-02-23,2001,Spain,1.75,67.0,21.88,Tres Cantos,37,finished,38,7379,144,Climber,25,ES,Movistar Team,,,",82",,
16,ITT,21 July 2026,Évian-les-Bains,Thonon-les-Bains,26.1,470,40,48.458,Time trial,Grégoire Romain,https://www.procyclingstats.com/rider/romain-gregoire,2003-01-21,2003,France,1.76,64.0,20.66,Besançon,38,finished,57,9324,181,Classic,23,FR,Groupama - FDJ United,,,",15",,
16,ITT,21 July 2026,Évian-les-Bains,Thonon-les-Bains,26.1,470,40,48.458,Time trial,Quinn Sean,https://www.procyclingstats.com/rider/sean-quinn,2000-05-10,2000,United States,1.87,67.0,19.16,Los Angeles,39,finished,19,4007,45,GC,26,US,EF Education - EasyPost,,,",07",,
16,ITT,21 July 2026,Évian-les-Bains,Thonon-les-Bains,26.1,470,40,48.458,Time trial,Engelhardt Felix,https://www.procyclingstats.com/rider/felix-engelhardt,2000-08-19,2000,Germany,1.8,68.0,20.99,Ulm,40,finished,97,12672,114,Classic,25,DE,Team Jayco AlUla,,,",77",,
16,ITT,21 July 2026,Évian-les-Bains,Thonon-les-Bains,26.1,470,40,48.458,Time trial,Carapaz Richard,https://www.procyclingstats.com/rider/richard-carapaz,1993-05-29,1993,Ecuador,1.7,62.0,21.45,El Carmelo,41,finished,12,1545,41,Climber,33,EC,EF Education - EasyPost,,,",65",,
16,ITT,21 July 2026,Évian-les-Bains,Thonon-les-Bains,26.1,470,40,48.458,Time trial,Foss Tobias,https://www.procyclingstats.com/rider/tobias-foss,1997-05-25,1997,Norway,1.84,74.0,21.86,Vingrom,42,finished,41,7729,83,TT,29,NO,Netcompany INEOS,,,",17",,
16,ITT,21 July 2026,Évian-les-Bains,Thonon-les-Bains,26.1,470,40,48.458,Time trial,Caruso Damiano,https://www.procyclingstats.com/rider/damiano-caruso,1987-10-12,1987,Italy,1.79,67.0,20.91,Ragusa,43,finished,64,10084,73,GC,38,IT,Bahrain - Victorious,,,",9",,
16,ITT,21 July 2026,Évian-les-Bains,Thonon-les-Bains,26.1,470,40,48.458,Time trial,Howson Damien,https://www.procyclingstats.com/rider/damien-howson,1992-08-13,1992,Australia,1.88,68.0,19.24,Adelaide,44,finished,95,12440,175,GC,33,AU,Pinarello Q36.5 Pro Cycling Team,,,",77",,
16,ITT,21 July 2026,Évian-les-Bains,Thonon-les-Bains,26.1,470,40,48.458,Time trial,Russo Clément,https://www.procyclingstats.com/rider/clement-russo,1995-01-20,1995,France,1.87,74.0,21.16,Lyon,45,finished,78,11471,188,Classic,31,FR,Groupama - FDJ United,,,",4",,
16,ITT,21 July 2026,Évian-les-Bains,Thonon-les-Bains,26.1,470,40,48.458,Time trial,Kwiatkowski Michał,https://www.procyclingstats.com/rider/michal-kwiatkowski,1990-06-02,1990,Poland,1.76,68.0,21.95,Chełmża,46,finished,124,14202,86,Classic,36,PL,Netcompany INEOS,,,",08",,
16,ITT,21 July 2026,Évian-les-Bains,Thonon-les-Bains,26.1,470,40,48.458,Time trial,Simmons Quinn,https://www.procyclingstats.com/rider/quinn-simmons,2001-05-08,2001,United States,1.85,73.0,21.33,Durango,47,finished,24,5245,34,Hills,25,US,Lidl - Trek,,,",98",,
16,ITT,21 July 2026,Évian-les-Bains,Thonon-les-Bains,26.1,470,40,48.458,Time trial,Velasco Simone,https://www.procyclingstats.com/rider/simone-velasco,1995-12-02,1995,Italy,1.7,59.0,20.42,Bologna,48,finished,109,13293,67,Classic,30,IT,XDS Astana Team,,,",23",,
16,ITT,21 July 2026,Évian-les-Bains,Thonon-les-Bains,26.1,470,40,48.458,Time trial,Delettre Alexandre,https://www.procyclingstats.com/rider/alexandre-delettre,1997-10-25,1997,France,1.7,62.0,21.45,Gonesse,49,finished,63,10073,204,Classic,28,FR,TotalEnergies,,,",64",,
16,ITT,21 July 2026,Évian-les-Bains,Thonon-les-Bains,26.1,470,40,48.458,Time trial,Bernal Egan,https://www.procyclingstats.com/rider/egan-bernal,1997-01-13,1997,Colombia,1.75,60.0,19.59,Bogotá,50,finished,15,2703,81,GC,29,CO,Netcompany INEOS,,,",53",,
16,ITT,21 July 2026,Évian-les-Bains,Thonon-les-Bains,26.1,470,40,48.458,Time trial,Pacher Quentin,https://www.procyclingstats.com/rider/quentin-pacher,1992-01-06,1992,France,1.79,62.0,19.35,Libourne,51,finished,66,10365,187,Hills,34,FR,Groupama - FDJ United,,,",17",,
16,ITT,21 July 2026,Évian-les-Bains,Thonon-les-Bains,26.1,470,40,48.458,Time trial,Meurisse Xandro,https://www.procyclingstats.com/rider/xandro-meurisse,1992-01-31,1992,Belgium,1.81,68.0,20.76,Kortrijk,52,finished,55,9170,176,GC,34,BE,Pinarello Q36.5 Pro Cycling Team,,,",19",,
16,ITT,21 July 2026,Évian-les-Bains,Thonon-les-Bains,26.1,470,40,48.458,Time trial,van Baarle Dylan,https://www.procyclingstats.com/rider/dylan-van-baarle,1992-05-21,1992,Netherlands,1.89,74.0,20.72,Voorburg,53,finished,134,14732,95,Classic,34,NL,Soudal Quick-Step,,,",03",,
16,ITT,21 July 2026,Évian-les-Bains,Thonon-les-Bains,26.1,470,40,48.458,Time trial,Wellens Tim,https://www.procyclingstats.com/rider/tim-wellens,1991-05-10,1991,Belgium,1.82,71.0,21.43,Sint-Truiden,54,finished,51,8535,7,GC,35,BE,UAE Team Emirates - XRG,,,",29",,
16,ITT,21 July 2026,Évian-les-Bains,Thonon-les-Bains,26.1,470,40,48.458,Time trial,Prodhomme Nicolas,https://www.procyclingstats.com/rider/nicolas-prodhomme,1997-02-01,1997,France,1.74,63.0,20.81,L'Aigle,55,finished,20,4059,57,GC,29,FR,Decathlon CMA CGM Team,,,",08",,
16,ITT,21 July 2026,Évian-les-Bains,Thonon-les-Bains,26.1,470,40,48.458,Time trial,Martin Guillaume,https://www.procyclingstats.com/rider/guillaume-martin,1993-06-09,1993,France,1.73,55.0,18.38,Paris,56,finished,35,7219,186,Climber,33,FR,Groupama - FDJ United,,,",56",,
16,ITT,21 July 2026,Évian-les-Bains,Thonon-les-Bains,26.1,470,40,48.458,Time trial,Le Berre Mathis,https://www.procyclingstats.com/rider/mathis-le-berre,2001-04-16,2001,France,1.76,68.0,21.95,Saint-Brieuc,57,finished,84,11812,206,Hills,25,FR,TotalEnergies,,,",61",,
16,ITT,21 July 2026,Évian-les-Bains,Thonon-les-Bains,26.1,470,40,48.458,Time trial,O'Connor Ben,https://www.procyclingstats.com/rider/ben-o-connor,1995-11-25,1995,Australia,1.88,67.0,18.96,Subiaco,58,finished,40,7633,111,GC,30,AU,Team Jayco AlUla,,,",28",,
16,ITT,21 July 2026,Évian-les-Bains,Thonon-les-Bains,26.1,470,40,48.458,Time trial,Valgren Michael,https://www.procyclingstats.com/rider/michael-valgren-andersen,1992-02-07,1992,Denmark,1.79,71.0,22.16,Østerild,59,finished,59,9614,47,Classic,34,DK,EF Education - EasyPost,,,",87",,
16,ITT,21 July 2026,Évian-les-Bains,Thonon-les-Bains,26.1,470,40,48.458,Time trial,Politt Nils,https://www.procyclingstats.com/rider/nils-politt,1994-03-06,1994,Germany,1.92,80.0,21.7,Cologne,60,finished,79,11472,5,Classic,32,DE,UAE Team Emirates - XRG,,,",22",,
16,ITT,21 July 2026,Évian-les-Bains,Thonon-les-Bains,26.1,470,40,48.458,Time trial,Nicolau Joel,https://www.procyclingstats.com/rider/joel-nicolau,1997-12-23,1997,Spain,1.76,66.0,21.31,Llofriu,61,finished,132,14713,225,Hills,28,ES,Caja Rural - Seguros RGA,,,",2",,
16,ITT,21 July 2026,Évian-les-Bains,Thonon-les-Bains,26.1,470,40,48.458,Time trial,Tiberi Antonio,https://www.procyclingstats.com/rider/antonio-tiberi,2001-06-24,2001,Italy,1.82,62.0,18.72,Frosinone,62,finished,34,7131,77,GC,25,IT,Bahrain - Victorious,,,",55",,
16,ITT,21 July 2026,Évian-les-Bains,Thonon-les-Bains,26.1,470,40,48.458,Time trial,Breuillard Nicolas,https://www.procyclingstats.com/rider/nicolas-breuillard,2000-03-13,2000,France,1.75,,,Pertuis,63,finished,56,9252,202,GC,26,FR,TotalEnergies,,,",54",,
16,ITT,21 July 2026,Évian-les-Bains,Thonon-les-Bains,26.1,470,40,48.458,Time trial,Paret-Peintre Valentin,https://www.procyclingstats.com/rider/valentin-paret-peintre,2001-01-14,2001,France,1.78,52.0,16.41,Annemasse,64,finished,42,7803,93,Climber,25,FR,Soudal Quick-Step,,,",24",,
16,ITT,21 July 2026,Évian-les-Bains,Thonon-les-Bains,26.1,470,40,48.458,Time trial,Neilands Krists,https://www.procyclingstats.com/rider/krists-neilands,1994-08-18,1994,Latvia,1.89,69.0,19.32,Kuldīga,65,finished,136,14852,136,Classic,31,LV,NSN Cycling Team,,,",55",,
16,ITT,21 July 2026,Évian-les-Bains,Thonon-les-Bains,26.1,470,40,48.458,Time trial,Vauquelin Kévin,https://www.procyclingstats.com/rider/kevin-vauquelin,2001-04-26,2001,France,1.76,69.0,22.28,Bayeux,66,finished,31,6476,88,GC,25,FR,Netcompany INEOS,,,",05",,
16,ITT,21 July 2026,Évian-les-Bains,Thonon-les-Bains,26.1,470,40,48.458,Time trial,Abrahamsen Jonas,https://www.procyclingstats.com/rider/jonas-abrahamsen,1995-09-20,1995,Norway,1.83,78.0,23.29,Skien,67,finished,87,11853,122,Classic,30,NO,Uno-X Mobility,,,",29",,
16,ITT,21 July 2026,Évian-les-Bains,Thonon-les-Bains,26.1,470,40,48.458,Time trial,Vacek Mathias,https://www.procyclingstats.com/rider/mathias-vacek,2002-06-12,2002,Czech Republic,1.88,75.0,21.22,Beroun,68,finished,49,8358,37,TT,24,CZ,Lidl - Trek,,,",9",,
16,ITT,21 July 2026,Évian-les-Bains,Thonon-les-Bains,26.1,470,40,48.458,Time trial,Pedersen Mads,https://www.procyclingstats.com/rider/mads-pedersen,1995-12-18,1995,Denmark,1.8,76.0,23.46,Tølløse,69,finished,86,11846,33,Classic,30,DK,Lidl - Trek,,,",97",,
16,ITT,21 July 2026,Évian-les-Bains,Thonon-les-Bains,26.1,470,40,48.458,Time trial,Hindley Jai,https://www.procyclingstats.com/rider/jai-hindley,1996-05-05,1996,Australia,1.75,60.0,19.59,Perth,70,finished,22,4663,24,Climber,30,AU,Red Bull - BORA - hansgrohe,,,",97",,
16,ITT,21 July 2026,Évian-les-Bains,Thonon-les-Bains,26.1,470,40,48.458,Time trial,Matthews Michael,https://www.procyclingstats.com/rider/michael-matthews,1990-09-26,1990,Australia,1.78,72.0,22.72,Canberra,71,finished,62,10063,115,Classic,35,AU,Team Jayco AlUla,,,",01",,
16,ITT,21 July 2026,Évian-les-Bains,Thonon-les-Bains,26.1,470,40,48.458,Time trial,Alaphilippe Julian,https://www.procyclingstats.com/rider/julian-alaphilippe,1992-06-11,1992,France,1.73,62.0,20.72,Saint-Amand-Montrond,72,finished,131,14697,191,Classic,34,FR,Tudor Pro Cycling Team,,,",62",,
16,ITT,21 July 2026,Évian-les-Bains,Thonon-les-Bains,26.1,470,40,48.458,Time trial,Pluimers Rick,https://www.procyclingstats.com/rider/rick-pluimers,2000-12-07,2000,Netherlands,1.8,67.0,20.68,Enter,73,finished,75,11302,195,Hills,25,NL,Tudor Pro Cycling Team,,,",63",,
16,ITT,21 July 2026,Évian-les-Bains,Thonon-les-Bains,26.1,470,40,48.458,Time trial,Baudin Alex,https://www.procyclingstats.com/rider/alex-baudin,2001-05-25,2001,France,1.83,64.0,19.11,Albertville,74,finished,44,7920,43,Climber,25,FR,EF Education - EasyPost,,,",31",,
16,ITT,21 July 2026,Évian-les-Bains,Thonon-les-Bains,26.1,470,40,48.458,Time trial,Hermans Quinten,https://www.procyclingstats.com/rider/quinten-hermans,1995-07-29,1995,Belgium,1.74,62.0,20.48,Antwerp,75,finished,36,7284,174,Hills,30,BE,Pinarello Q36.5 Pro Cycling Team,,,",85",,
16,ITT,21 July 2026,Évian-les-Bains,Thonon-les-Bains,26.1,470,40,48.458,Time trial,Parra José Félix,https://www.procyclingstats.com/rider/jose-felix-parra,1997-01-16,1997,Spain,1.71,55.0,18.81,Ossa de Montiel,76,finished,43,7871,228,GC,29,ES,Caja Rural - Seguros RGA,,,",32",,
16,ITT,21 July 2026,Évian-les-Bains,Thonon-les-Bains,26.1,470,40,48.458,Time trial,Frigo Marco,https://www.procyclingstats.com/rider/marco-frigo,2000-03-02,2000,Italy,1.88,70.0,19.81,Bassano del Grappa,77,finished,96,12442,134,Climber,26,IT,NSN Cycling Team,,,",82",,
16,ITT,21 July 2026,Évian-les-Bains,Thonon-les-Bains,26.1,470,40,48.458,Time trial,Stuyven Jasper,https://www.procyclingstats.com/rider/jasper-stuyven,1992-04-17,1992,Belgium,1.87,80.0,22.88,Leuven,78,finished,74,11294,94,Classic,34,BE,Soudal Quick-Step,,,",11",,
16,ITT,21 July 2026,Évian-les-Bains,Thonon-les-Bains,26.1,470,40,48.458,Time trial,Fretin Milan,https://www.procyclingstats.com/rider/milan-fretin,2001-03-19,2001,Belgium,1.82,70.0,21.13,Genk,79,finished,153,15948,165,Classic,25,BE,Cofidis,,,",38",,
16,ITT,21 July 2026,Évian-les-Bains,Thonon-les-Bains,26.1,470,40,48.458,Time trial,Zimmermann Georg,https://www.procyclingstats.com/rider/georg-zimmermann,1997-10-11,1997,Germany,1.81,70.0,21.37,Augsburg,80,finished,91,12026,158,Classic,28,DE,Lotto Intermarché,,,",81",,
16,ITT,21 July 2026,Évian-les-Bains,Thonon-les-Bains,26.1,470,40,48.458,Time trial,Vinokurov Nicolas,https://www.procyclingstats.com/rider/nicolas-vinokurov,2002-07-07,2002,Kazakhstan,1.84,69.0,20.38,Nice,81,finished,94,12222,68,GC,24,KZ,XDS Astana Team,,,",11",,
16,ITT,21 July 2026,Évian-les-Bains,Thonon-les-Bains,26.1,470,40,48.458,Time trial,Vercher Mattéo,https://www.procyclingstats.com/rider/matheo-vercher,2001-01-26,2001,France,1.71,,,Lyon,82,finished,82,11726,208,Hills,25,FR,TotalEnergies,,,",47",,
16,ITT,21 July 2026,Évian-les-Bains,Thonon-les-Bains,26.1,470,40,48.458,Time trial,Higuita Sergio,https://www.procyclingstats.com/rider/sergio-higuita,1997-08-01,1997,Colombia,1.66,57.0,20.69,Medellín,83,finished,48,8239,61,Climber,28,CO,XDS Astana Team,,,",49",,
16,ITT,21 July 2026,Évian-les-Bains,Thonon-les-Bains,26.1,470,40,48.458,Time trial,Rubio Einer,https://www.procyclingstats.com/rider/einer-rubio,1998-02-22,1998,Colombia,1.64,56.0,20.82,Chíquiza,84,finished,26,5830,148,Climber,28,CO,Movistar Team,,,",37",,
16,ITT,21 July 2026,Évian-les-Bains,Thonon-les-Bains,26.1,470,40,48.458,Time trial,Yates Adam,https://www.procyclingstats.com/rider/adam-yates,1992-08-07,1992,Great Britain,1.73,58.0,19.38,Bury,85,finished,14,1754,8,Climber,33,GB,UAE Team Emirates - XRG,,,",1",,
16,ITT,21 July 2026,Évian-les-Bains,Thonon-les-Bains,26.1,470,40,48.458,Time trial,Plapp Luke,https://www.procyclingstats.com/rider/luke-plapp,2000-12-25,2000,Australia,1.81,72.0,21.98,Melbourne,86,finished,83,11733,117,GC,25,AU,Team Jayco AlUla,,,",39",,
16,ITT,21 July 2026,Évian-les-Bains,Thonon-les-Bains,26.1,470,40,48.458,Time trial,Godon Dorian,https://www.procyclingstats.com/rider/dorian-godon,1996-05-25,1996,France,1.89,74.0,20.72,Vitry-sur-Seine,87,finished,129,14620,85,Hills,30,FR,Netcompany INEOS,,,",39",,
16,ITT,21 July 2026,Évian-les-Bains,Thonon-les-Bains,26.1,470,40,48.458,Time trial,Benoot Tiesj,https://www.procyclingstats.com/rider/tiesj-benoot,1994-03-11,1994,Belgium,1.9,72.0,19.94,Ghent,88,finished,21,4532,52,Classic,32,BE,Decathlon CMA CGM Team,,,",03",,
16,ITT,21 July 2026,Évian-les-Bains,Thonon-les-Bains,26.1,470,40,48.458,Time trial,Page Hugo,https://www.procyclingstats.com/rider/hugo-page,2001-07-24,2001,France,1.85,71.0,20.75,Chartres,89,finished,127,14380,167,Classic,24,FR,Cofidis,,,",82",,
16,ITT,21 July 2026,Évian-les-Bains,Thonon-les-Bains,26.1,470,40,48.458,Time trial,Asgreen Kasper,https://www.procyclingstats.com/rider/kasper-asgreen,1995-02-08,1995,Denmark,1.93,75.0,20.13,Kolding,90,finished,85,11833,42,TT,31,DK,EF Education - EasyPost,,,",94",,
16,ITT,21 July 2026,Évian-les-Bains,Thonon-les-Bains,26.1,470,40,48.458,Time trial,Kirsch Alex,https://www.procyclingstats.com/rider/alex-kirsch,1992-06-12,1992,Luxembourg,1.94,78.0,20.72,Luxembourg,91,finished,122,14134,166,TT,34,LU,Cofidis,,,",81",,
16,ITT,21 July 2026,Évian-les-Bains,Thonon-les-Bains,26.1,470,40,48.458,Time trial,Delbove Joris,https://www.procyclingstats.com/rider/joris-delbove,2000-07-15,2000,France,,,,Troyes,92,finished,58,9370,203,GC,26,FR,TotalEnergies,,,",08",,
16,ITT,21 July 2026,Évian-les-Bains,Thonon-les-Bains,26.1,470,40,48.458,Time trial,Planckaert Edward,https://www.procyclingstats.com/rider/edward-planckaert,1995-02-01,1995,Belgium,1.78,71.0,22.41,Kortrijk,93,finished,116,13781,106,Classic,31,BE,Alpecin - Premier Tech,,,",61",,
16,ITT,21 July 2026,Évian-les-Bains,Thonon-les-Bains,26.1,470,40,48.458,Time trial,Rickaert Jonas,https://www.procyclingstats.com/rider/jonas-rickaert,1994-02-07,1994,Belgium,1.9,88.0,24.38,Sint-Eloois-Vijve,94,finished,117,13804,107,Classic,32,BE,Alpecin - Premier Tech,,,",81",,
16,ITT,21 July 2026,Évian-les-Bains,Thonon-les-Bains,26.1,470,40,48.458,Time trial,Berwick Sebastian,https://www.procyclingstats.com/rider/sebastian-berwick,1999-12-15,1999,Australia,1.75,59.0,19.27,Brisbane,95,finished,100,12812,223,GC,26,AU,Caja Rural - Seguros RGA,,,",96",,
16,ITT,21 July 2026,Évian-les-Bains,Thonon-les-Bains,26.1,470,40,48.458,Time trial,van der Poel Mathieu,https://www.procyclingstats.com/rider/mathieu-van-der-poel,1995-01-19,1995,Netherlands,1.84,75.0,22.15,Kapellen,96,finished,72,11186,101,Classic,31,NL,Alpecin - Premier Tech,,,",67",,
16,ITT,21 July 2026,Évian-les-Bains,Thonon-les-Bains,26.1,470,40,48.458,Time trial,Van Moer Brent,https://www.procyclingstats.com/rider/brent-van-moer,1998-01-12,1998,Belgium,1.91,79.0,21.66,Beveren,97,finished,92,12119,177,Classic,28,BE,Pinarello Q36.5 Pro Cycling Team,,,",0",,
16,ITT,21 July 2026,Évian-les-Bains,Thonon-les-Bains,26.1,470,40,48.458,Time trial,Johannessen Tobias Halland,https://www.procyclingstats.com/rider/tobias-halland-johannessen,1999-08-23,1999,Norway,1.76,62.0,20.02,Drøbak,98,finished,16,3079,121,Climber,26,NO,Uno-X Mobility,,,",6",,
16,ITT,21 July 2026,Évian-les-Bains,Thonon-les-Bains,26.1,470,40,48.458,Time trial,Izagirre Ion,https://www.procyclingstats.com/rider/ion-izagirre,1989-02-04,1989,Spain,1.73,60.0,20.05,Ormaiztegi,99,finished,46,8115,161,GC,37,ES,Cofidis,,,",86",,
16,ITT,21 July 2026,Évian-les-Bains,Thonon-les-Bains,26.1,470,40,48.458,Time trial,Affini Edoardo,https://www.procyclingstats.com/rider/edoardo-affini,1996-06-24,1996,Italy,1.9,85.0,23.55,Mantua,100,finished,139,15055,12,TT,30,IT,Team Visma | Lease a Bike,,,",93",,
16,ITT,21 July 2026,Évian-les-Bains,Thonon-les-Bains,26.1,470,40,48.458,Time trial,Walker Max,https://www.procyclingstats.com/rider/max-walker,2001-07-12,2001,Great Britain,,,,Douglas,101,finished,105,13090,48,TT,25,GB,EF Education - EasyPost,,,",2",,
16,ITT,21 July 2026,Évian-les-Bains,Thonon-les-Bains,26.1,470,40,48.458,Time trial,Denz Nico,https://www.procyclingstats.com/rider/nico-denz,1994-02-15,1994,Germany,1.83,71.0,21.2,Waldshut-Tiengen,102,finished,101,12853,23,Hills,32,DE,Red Bull - BORA - hansgrohe,,,",17",,
16,ITT,21 July 2026,Évian-les-Bains,Thonon-les-Bains,26.1,470,40,48.458,Time trial,Oldani Stefano,https://www.procyclingstats.com/rider/stefano-oldani,1998-01-10,1998,Italy,1.78,65.0,20.52,Milan,103,finished,125,14227,226,Hills,28,IT,Caja Rural - Seguros RGA,,,",22",,
16,ITT,21 July 2026,Évian-les-Bains,Thonon-les-Bains,26.1,470,40,48.458,Time trial,Storer Michael,https://www.procyclingstats.com/rider/michael-storer,1997-02-28,1997,Australia,1.77,63.0,20.11,Perth,104,finished,102,12879,196,Climber,29,AU,Tudor Pro Cycling Team,,,",78",,
16,ITT,21 July 2026,Évian-les-Bains,Thonon-les-Bains,26.1,470,40,48.458,Time trial,Aranburu Alex,https://www.procyclingstats.com/rider/alex-aranburu,1995-09-19,1995,Spain,1.78,63.0,19.88,Ezkio-Itsaso,105,finished,69,10955,163,Classic,30,ES,Cofidis,,,",05",,
16,ITT,21 July 2026,Évian-les-Bains,Thonon-les-Bains,26.1,470,40,48.458,Time trial,Ackermann Pascal,https://www.procyclingstats.com/rider/pascal-ackermann,1994-01-17,1994,Germany,1.8,78.0,24.07,Kandel,106,finished,148,15408,112,Sprint,32,DE,Team Jayco AlUla,,,",98",,
16,ITT,21 July 2026,Évian-les-Bains,Thonon-les-Bains,26.1,470,40,48.458,Time trial,Wright Fred,https://www.procyclingstats.com/rider/alfred-wright,1999-06-13,1999,Great Britain,1.84,75.0,22.15,London,107,finished,123,14136,178,Hills,27,GB,Pinarello Q36.5 Pro Cycling Team,,,",95",,
16,ITT,21 July 2026,Évian-les-Bains,Thonon-les-Bains,26.1,470,40,48.458,Time trial,Steinhauser Georg,https://www.procyclingstats.com/rider/georg-steinhauser,2001-10-21,2001,Germany,1.89,70.0,19.6,Lindenberg im Allgäu,108,finished,115,13776,46,Climber,24,DE,EF Education - EasyPost,,,",21",,
16,ITT,21 July 2026,Évian-les-Bains,Thonon-les-Bains,26.1,470,40,48.458,Time trial,Stannard Robert,https://www.procyclingstats.com/rider/robert-stannard,1998-09-16,1998,Australia,1.79,74.0,23.1,Sydney Previous nationalities New Zealand until 2016,109,finished,110,13303,76,Hills,27,AU,Bahrain - Victorious,,,",52",,
16,ITT,21 July 2026,Évian-les-Bains,Thonon-les-Bains,26.1,470,40,48.458,Time trial,Gate Aaron,https://www.procyclingstats.com/rider/aaron-gate,1990-11-26,1990,New Zealand,1.81,71.0,21.67,Auckland,110,finished,128,14436,63,GC,35,NZ,XDS Astana Team,,,",35",,
16,ITT,21 July 2026,Évian-les-Bains,Thonon-les-Bains,26.1,470,40,48.458,Time trial,Johannessen Anders Halland,https://www.procyclingstats.com/rider/anders-halland-johannessen,1999-08-23,1999,Norway,1.76,,,Drøbak,111,finished,68,10939,125,GC,26,NO,Uno-X Mobility,,,",61",,
16,ITT,21 July 2026,Évian-les-Bains,Thonon-les-Bains,26.1,470,40,48.458,Time trial,Slock Liam,https://www.procyclingstats.com/rider/liam-slock,2000-09-18,2000,Belgium,1.88,74.0,20.94,Ghent,112,finished,133,14714,155,GC,25,BE,Lotto Intermarché,,,",57",,
16,ITT,21 July 2026,Évian-les-Bains,Thonon-les-Bains,26.1,470,40,48.458,Time trial,Skaarseth Anders,https://www.procyclingstats.com/rider/anders-skaarseth,1995-05-07,1995,Norway,1.86,,,Lillehammer,113,finished,60,9736,126,Classic,31,NO,Uno-X Mobility,,,",33",,
16,ITT,21 July 2026,Évian-les-Bains,Thonon-les-Bains,26.1,470,40,48.458,Time trial,Durbridge Luke,https://www.procyclingstats.com/rider/luke-durbridge,1991-04-09,1991,Australia,1.87,78.0,22.31,Greenmount,114,finished,113,13490,113,TT,35,AU,Team Jayco AlUla,,,",56",,
16,ITT,21 July 2026,Évian-les-Bains,Thonon-les-Bains,26.1,470,40,48.458,Time trial,Marsman Tim,https://www.procyclingstats.com/rider/tim-marsman,2000-10-04,2000,Netherlands,1.91,75.0,20.56,Hattem,115,finished,137,14985,104,Sprint,25,NL,Alpecin - Premier Tech,,,",78",,
16,ITT,21 July 2026,Évian-les-Bains,Thonon-les-Bains,26.1,470,40,48.458,Time trial,van den Berg Julius,https://www.procyclingstats.com/rider/julius-van-den-berg,1996-10-23,1996,Netherlands,1.9,78.0,21.61,Purmerend,116,finished,158,16297,217,Sprint,29,NL,Team Picnic PostNL,,,",62",,
16,ITT,21 July 2026,Évian-les-Bains,Thonon-les-Bains,26.1,470,40,48.458,Time trial,Tratnik Jan,https://www.procyclingstats.com/rider/jan-tratnik,1990-02-23,1990,Slovenia,1.73,67.0,22.39,Idrija,117,finished,89,11915,26,TT,36,SI,Red Bull - BORA - hansgrohe,,,",78",,
16,ITT,21 July 2026,Évian-les-Bains,Thonon-les-Bains,26.1,470,40,48.458,Time trial,Healy Ben,https://www.procyclingstats.com/rider/ben-healy,2000-09-11,2000,Ireland,1.75,62.0,20.24,Kingswinford Previous nationalities Great Britain until 2016,118,finished,67,10405,44,Climber,25,IE,EF Education - EasyPost,,,",91",,
16,ITT,21 July 2026,Évian-les-Bains,Thonon-les-Bains,26.1,470,40,48.458,Time trial,Skujiņš Toms,https://www.procyclingstats.com/rider/toms-skujins,1991-06-15,1991,Latvia,1.81,72.0,21.98,Sigulda,119,finished,93,12136,36,Classic,35,LV,Lidl - Trek,,,",57",,
16,ITT,21 July 2026,Évian-les-Bains,Thonon-les-Bains,26.1,470,40,48.458,Time trial,Hirschi Marc,https://www.procyclingstats.com/rider/marc-hirschi,1998-08-24,1998,Switzerland,1.74,61.0,20.15,Bern,120,finished,50,8431,194,Classic,27,CH,Tudor Pro Cycling Team,,,",65",,
16,ITT,21 July 2026,Évian-les-Bains,Thonon-les-Bains,26.1,470,40,48.458,Time trial,Vermeersch Florian,https://www.procyclingstats.com/rider/florian-vermeersch,1999-03-12,1999,Belgium,1.93,85.0,22.82,Ghent,121,finished,118,13868,6,Classic,27,BE,UAE Team Emirates - XRG,,,",67",,
16,ITT,21 July 2026,Évian-les-Bains,Thonon-les-Bains,26.1,470,40,48.458,Time trial,Barguil Warren,https://www.procyclingstats.com/rider/warren-barguil,1991-10-28,1991,France,1.83,61.0,18.21,Hennebont,122,finished,103,12916,211,Climber,34,FR,Team Picnic PostNL,,,",57",,
16,ITT,21 July 2026,Évian-les-Bains,Thonon-les-Bains,26.1,470,40,48.458,Time trial,Van Mechelen Vlad,https://www.procyclingstats.com/rider/vlad-van-mechelen,2004-06-02,2004,Belgium,1.83,73.0,21.8,Leuven,123,finished,80,11617,78,Sprint,22,BE,Bahrain - Victorious,,,",13",,
16,ITT,21 July 2026,Évian-les-Bains,Thonon-les-Bains,26.1,470,40,48.458,Time trial,Verona Carlos,https://www.procyclingstats.com/rider/carlos-verona,1992-11-04,1992,Spain,1.86,68.0,19.66,San Lorenzo de El Escorial,124,finished,23,4885,38,GC,33,ES,Lidl - Trek,,,",65",,
16,ITT,21 July 2026,Évian-les-Bains,Thonon-les-Bains,26.1,470,40,48.458,Time trial,Kuss Sepp,https://www.procyclingstats.com/rider/sepp-kuss,1994-09-13,1994,United States,1.82,61.0,18.42,Durango,125,finished,17,3089,17,Climber,31,US,Team Visma | Lease a Bike,,,",0",,
16,ITT,21 July 2026,Évian-les-Bains,Thonon-les-Bains,26.1,470,40,48.458,Time trial,Hessmann Michel,https://www.procyclingstats.com/rider/michel-hessmann,2001-04-06,2001,Germany,1.91,78.0,21.38,Münster,126,finished,107,13257,145,Hills,25,DE,Movistar Team,,,",88",,
16,ITT,21 July 2026,Évian-les-Bains,Thonon-les-Bains,26.1,470,40,48.458,Time trial,Biermans Jenthe,https://www.procyclingstats.com/rider/jenthe-biermans,1995-10-30,1995,Belgium,1.84,78.0,23.04,Geel,127,finished,150,15682,164,Classic,30,BE,Cofidis,,,",91",,
16,ITT,21 July 2026,Évian-les-Bains,Thonon-les-Bains,26.1,470,40,48.458,Time trial,Veistroffer Baptiste,https://www.procyclingstats.com/rider/baptiste-veistroffer,2000-05-29,2000,France,1.82,73.0,22.04,Fouesnant,128,finished,156,16045,157,Hills,26,FR,Lotto Intermarché,,,",25",,
16,ITT,21 July 2026,Évian-les-Bains,Thonon-les-Bains,26.1,470,40,48.458,Time trial,Germani Lorenzo,https://www.procyclingstats.com/rider/lorenzo-germani,2002-03-03,2002,Italy,1.79,62.0,19.35,Sora,129,finished,76,11306,185,GC,24,IT,Groupama - FDJ United,,,",37",,
16,ITT,21 July 2026,Évian-les-Bains,Thonon-les-Bains,26.1,470,40,48.458,Time trial,Haller Marco,https://www.procyclingstats.com/rider/marco-haller,1991-04-01,1991,Austria,1.78,72.0,22.72,Sankt Veit an der Glan,130,finished,149,15447,193,Classic,35,AT,Tudor Pro Cycling Team,,,",83",,
16,ITT,21 July 2026,Évian-les-Bains,Thonon-les-Bains,26.1,470,40,48.458,Time trial,Turgis Anthony,https://www.procyclingstats.com/rider/anthony-turgis,1994-05-16,1994,France,1.78,70.0,22.09,Bourg-la-Reine,131,finished,121,14102,207,Classic,32,FR,TotalEnergies,,,",88",,
16,ITT,21 July 2026,Évian-les-Bains,Thonon-les-Bains,26.1,470,40,48.458,Time trial,Verstrynge Emiel,https://www.procyclingstats.com/rider/emiel-verstrynge,2002-02-04,2002,Belgium,1.89,69.0,19.32,Eeklo,132,finished,98,12743,108,Climber,24,BE,Alpecin - Premier Tech,,,",1",,
16,ITT,21 July 2026,Évian-les-Bains,Thonon-les-Bains,26.1,470,40,48.458,Time trial,Stewart Jake,https://www.procyclingstats.com/rider/jake-stewart,1999-10-02,1999,Great Britain,1.79,66.0,20.6,Coventry,133,finished,154,15950,137,Hills,26,GB,NSN Cycling Team,,,",85",,
16,ITT,21 July 2026,Évian-les-Bains,Thonon-les-Bains,26.1,470,40,48.458,Time trial,Ballerini Davide,https://www.procyclingstats.com/rider/davide-ballerini,1994-09-21,1994,Italy,1.83,71.0,21.2,Cantù,134,finished,155,16015,62,Classic,31,IT,XDS Astana Team,,,",4",,
16,ITT,21 July 2026,Évian-les-Bains,Thonon-les-Bains,26.1,470,40,48.458,Time trial,Askey Lewis,https://www.procyclingstats.com/rider/lewis-askey,2001-05-04,2001,Great Britain,1.87,75.0,21.45,Cannock,135,finished,163,16698,132,Classic,25,GB,NSN Cycling Team,,,",56",,
16,ITT,21 July 2026,Évian-les-Bains,Thonon-les-Bains,26.1,470,40,48.458,Time trial,Bol Cees,https://www.procyclingstats.com/rider/cees-bol,1995-07-27,1995,Netherlands,1.94,83.0,22.05,Zaandam,136,finished,162,16690,53,Sprint,30,NL,Decathlon CMA CGM Team,,,",58",,
16,ITT,21 July 2026,Évian-les-Bains,Thonon-les-Bains,26.1,470,40,48.458,Time trial,Bauhaus Phil,https://www.procyclingstats.com/rider/phil-bauhaus,1994-07-08,1994,Germany,1.84,75.0,22.15,Bocholt,137,finished,159,16489,72,Sprint,32,DE,Bahrain - Victorious,,,",02",,
16,ITT,21 July 2026,Évian-les-Bains,Thonon-les-Bains,26.1,470,40,48.458,Time trial,Dhondt Robbe,https://www.procyclingstats.com/rider/robbe-dhondt,2004-06-25,2004,Belgium,1.76,,,Zottegem,138,finished,135,14782,215,GC,22,BE,Team Picnic PostNL,,,",49",,
16,ITT,21 July 2026,Évian-les-Bains,Thonon-les-Bains,26.1,470,40,48.458,Time trial,Kooij Olav,https://www.procyclingstats.com/rider/olav-kooij,2001-10-17,2001,Netherlands,1.84,72.0,21.27,Numansdorp,139,finished,160,16544,55,Sprint,24,NL,Decathlon CMA CGM Team,,,",39",,
16,ITT,21 July 2026,Évian-les-Bains,Thonon-les-Bains,26.1,470,40,48.458,Time trial,Cort Magnus,https://www.procyclingstats.com/rider/magnus-cort-nielsen,1993-01-16,1993,Denmark,1.84,68.0,20.09,Rønne,140,finished,99,12746,124,Hills,33,DK,Uno-X Mobility,,,",79",,
16,ITT,21 July 2026,Évian-les-Bains,Thonon-les-Bains,26.1,470,40,48.458,Time trial,Campenaerts Victor,https://www.procyclingstats.com/rider/victor-campenaerts,1991-10-28,1991,Belgium,1.73,68.0,22.72,Hoboken,141,finished,73,11231,14,TT,34,BE,Team Visma | Lease a Bike,,,",91",,
16,ITT,21 July 2026,Évian-les-Bains,Thonon-les-Bains,26.1,470,40,48.458,Time trial,Gradek Kamil,https://www.procyclingstats.com/rider/kamil-gradek,1990-09-17,1990,Poland,1.94,83.0,22.05,Koziegłowy,142,finished,164,16719,74,TT,35,PL,Bahrain - Victorious,,,",1",,
16,ITT,21 July 2026,Évian-les-Bains,Thonon-les-Bains,26.1,470,40,48.458,Time trial,Romo Javier,https://www.procyclingstats.com/rider/javier-romo,1999-01-06,1999,Spain,1.84,70.0,20.68,Villafranca de los Caballeros,143,finished,61,10032,147,GC,27,ES,Movistar Team,,,",88",,
16,ITT,21 July 2026,Évian-les-Bains,Thonon-les-Bains,26.1,470,40,48.458,Time trial,Teunissen Mike,https://www.procyclingstats.com/rider/mike-teunissen,1992-08-25,1992,Netherlands,1.84,73.0,21.56,Ysselsteyn,144,finished,126,14260,66,Classic,33,NL,XDS Astana Team,,,",56",,
16,ITT,21 July 2026,Évian-les-Bains,Thonon-les-Bains,26.1,470,40,48.458,Time trial,Vervaeke Louis,https://www.procyclingstats.com/rider/louis-vervaeke,1993-10-06,1993,Belgium,1.81,68.0,20.76,Ronse,145,finished,70,11017,98,GC,32,BE,Soudal Quick-Step,,,",27",,
16,ITT,21 July 2026,Évian-les-Bains,Thonon-les-Bains,26.1,470,40,48.458,Time trial,Mohorič Matej,https://www.procyclingstats.com/rider/matej-mohoric,1994-10-19,1994,Slovenia,1.86,71.0,20.52,Kranj,146,finished,88,11870,75,Classic,31,SI,Bahrain - Victorious,,,",42",,
16,ITT,21 July 2026,Évian-les-Bains,Thonon-les-Bains,26.1,470,40,48.458,Time trial,Degenkolb John,https://www.procyclingstats.com/rider/john-degenkolb,1989-01-07,1989,Germany,1.8,82.0,25.31,Gera,147,finished,152,15928,214,Classic,37,DE,Team Picnic PostNL,,,",29",,
16,ITT,21 July 2026,Évian-les-Bains,Thonon-les-Bains,26.1,470,40,48.458,Time trial,Kanter Max,https://www.procyclingstats.com/rider/max-kanter,1997-10-22,1997,Germany,1.76,68.0,21.95,Cottbus,148,finished,145,15355,64,Sprint,28,DE,XDS Astana Team,,,",81",,
16,ITT,21 July 2026,Évian-les-Bains,Thonon-les-Bains,26.1,470,40,48.458,Time trial,Louvel Matis,https://www.procyclingstats.com/rider/matis-louvel,1999-07-19,1999,France,1.87,77.0,22.02,Mont Saint Aignan,149,finished,161,16608,135,Classic,27,FR,NSN Cycling Team,,,",96",,
16,ITT,21 July 2026,Évian-les-Bains,Thonon-les-Bains,26.1,470,40,48.458,Time trial,Van Eetvelt Lennert,https://www.procyclingstats.com/rider/lennert-van-eetvelt,2001-07-17,2001,Belgium,1.76,63.0,20.34,Binkom,150,finished,28,5992,156,Climber,25,BE,Lotto Intermarché,,,",65",,
16,ITT,21 July 2026,Évian-les-Bains,Thonon-les-Bains,26.1,470,40,48.458,Time trial,Hagenes Per Strand,https://www.procyclingstats.com/rider/per-strand-hagenes,2003-07-10,2003,Norway,1.86,78.0,22.55,Sandnes,151,finished,104,12975,15,Classic,23,NO,Team Visma | Lease a Bike,,,",24",,
16,ITT,21 July 2026,Évian-les-Bains,Thonon-les-Bains,26.1,470,40,48.458,Time trial,van den Broek Frank,https://www.procyclingstats.com/rider/frank-van-den-broek,2000-12-28,2000,Netherlands,1.78,70.0,22.09,Warmond,152,finished,106,13234,218,GC,25,NL,Team Picnic PostNL,,,",67",,
16,ITT,21 July 2026,Évian-les-Bains,Thonon-les-Bains,26.1,470,40,48.458,Time trial,Philipsen Jasper,https://www.procyclingstats.com/rider/jasper-philipsen,1998-03-02,1998,Belgium,1.76,75.0,24.21,Mol,153,finished,147,15374,105,Sprint,28,BE,Alpecin - Premier Tech,,,",27",,
16,ITT,21 July 2026,Évian-les-Bains,Thonon-les-Bains,26.1,470,40,48.458,Time trial,Bennett George,https://www.procyclingstats.com/rider/george-bennett,1990-04-07,1990,New Zealand,1.81,58.0,17.7,Nelson,154,finished,81,11666,133,GC,36,NZ,NSN Cycling Team,,,",04",,
16,ITT,21 July 2026,Évian-les-Bains,Thonon-les-Bains,26.1,470,40,48.458,Time trial,Dillier Silvan,https://www.procyclingstats.com/rider/silvan-dillier,1990-08-03,1990,Switzerland,1.83,75.0,22.4,Aarau,155,finished,146,15369,103,Classic,35,CH,Alpecin - Premier Tech,,,",47",,
16,ITT,21 July 2026,Évian-les-Bains,Thonon-les-Bains,26.1,470,40,48.458,Time trial,Wærenskjold Søren,https://www.procyclingstats.com/rider/soren-waerenskjold,2000-03-12,2000,Norway,1.95,92.0,24.19,Mandal,156,finished,142,15242,128,Classic,26,NO,Uno-X Mobility,,,",82",,
16,ITT,21 July 2026,Évian-les-Bains,Thonon-les-Bains,26.1,470,40,48.458,Time trial,van Dijke Tim,https://www.procyclingstats.com/rider/tim-van-dijke,2000-03-15,2000,Netherlands,1.89,74.0,20.72,Goes,157,finished,108,13283,27,Classic,26,NL,Red Bull - BORA - hansgrohe,,,",61",,
16,ITT,21 July 2026,Évian-les-Bains,Thonon-les-Bains,26.1,470,40,48.458,Time trial,Märkl Niklas,https://www.procyclingstats.com/rider/niklas-markl,1999-03-03,1999,Germany,1.85,70.0,20.45,Queidersbach,158,finished,144,15354,216,Sprint,27,DE,Team Picnic PostNL,,,",94",,
16,ITT,21 July 2026,Évian-les-Bains,Thonon-les-Bains,26.1,470,40,48.458,Time trial,Tejada Harold,https://www.procyclingstats.com/rider/harold-tejada,1997-04-27,1997,Colombia,1.8,63.0,19.44,Pitalito,159,finished,39,7520,65,Climber,29,CO,XDS Astana Team,,,",87",,
16,ITT,21 July 2026,Évian-les-Bains,Thonon-les-Bains,26.1,470,40,48.458,Time trial,Bittner Pavel,https://www.procyclingstats.com/rider/pavel-bittner,2002-10-29,2002,Czech Republic,1.84,73.0,21.56,Olomouc,160,finished,143,15278,213,Sprint,23,CZ,Team Picnic PostNL,,,",12",,
16,ITT,21 July 2026,Évian-les-Bains,Thonon-les-Bains,26.1,470,40,48.458,Time trial,Cepeda Jefferson Alveiro,https://www.procyclingstats.com/rider/jefferson-cepeda-hernandez,1996-03-02,1996,Ecuador,1.7,61.0,21.11,El Playón,161,finished,90,11964,143,GC,30,EC,Movistar Team,,,",44",,
16,ITT,21 July 2026,Évian-les-Bains,Thonon-les-Bains,26.1,470,40,48.458,Time trial,Girmay Biniam,https://www.procyclingstats.com/rider/biniam-girmay,2000-04-02,2000,Eritrea,1.84,70.0,20.68,Asmara,162,finished,140,15142,131,Classic,26,ER,NSN Cycling Team,,,",15",,
16,ITT,21 July 2026,Évian-les-Bains,Thonon-les-Bains,26.1,470,40,48.458,Time trial,Allegaert Piet,https://www.procyclingstats.com/rider/piet-allegaert,1995-01-20,1995,Belgium,1.81,70.0,21.37,Moorslede,163,finished,157,16234,162,Classic,31,BE,Cofidis,,,",11",,
16,ITT,21 July 2026,Évian-les-Bains,Thonon-les-Bains,26.1,470,40,48.458,Time trial,Eenkhoorn Pascal,https://www.procyclingstats.com/rider/pascal-eenkhoorn,1997-02-08,1997,Netherlands,1.85,72.0,21.04,Zwolle,164,finished,151,15718,92,Classic,29,NL,Soudal Quick-Step,,,",83",,
16,ITT,21 July 2026,Évian-les-Bains,Thonon-les-Bains,26.1,470,40,48.458,Time trial,Lipowitz Florian,https://www.procyclingstats.com/rider/florian-lipowitz,2000-09-21,2000,Germany,1.81,68.0,20.76,Laichingen,,DNF,,,25,GC,25,DE,Red Bull - BORA - hansgrohe,,,,,
16,ITT,21 July 2026,Évian-les-Bains,Thonon-les-Bains,26.1,470,40,48.458,Time trial,Craps Lars,https://www.procyclingstats.com/rider/lars-craps,2001-10-17,2001,Belgium,1.85,67.0,19.58,Aalst,,DNS,,,154,GC,24,BE,Lotto Intermarché,,,,,
17,RR,22 July 2026,Chambéry,Voiron,174.7,2362,70,47.383,Sprint of small group,Philipsen Jasper,https://www.procyclingstats.com/rider/jasper-philipsen,1998-03-02,1998,Belgium,1.76,75.0,24.21,Mol,1,finished,137,14838,105,Sprint,28,BE,Alpecin - Premier Tech,210.0,100.0,3:41:13,0,13273
17,RR,22 July 2026,Chambéry,Voiron,174.7,2362,70,47.383,Sprint of small group,Schmid Mauro,https://www.procyclingstats.com/rider/mauro-schmid,1999-12-04,1999,Switzerland,1.87,70.0,20.02,Bülach,2,finished,42,7667,118,Hills,26,CH,Team Jayco AlUla,150.0,70.0,",,",0,13273
17,RR,22 July 2026,Chambéry,Voiron,174.7,2362,70,47.383,Sprint of small group,Kooij Olav,https://www.procyclingstats.com/rider/olav-kooij,2001-10-17,2001,Netherlands,1.84,72.0,21.27,Numansdorp,3,finished,154,16014,55,Sprint,24,NL,Decathlon CMA CGM Team,110.0,50.0,",,",0,13273
17,RR,22 July 2026,Chambéry,Voiron,174.7,2362,70,47.383,Sprint of small group,Askey Lewis,https://www.procyclingstats.com/rider/lewis-askey,2001-05-04,2001,Great Britain,1.87,75.0,21.45,Cannock,4,finished,158,16172,132,Classic,25,GB,NSN Cycling Team,90.0,40.0,",,",0,13273
17,RR,22 July 2026,Chambéry,Voiron,174.7,2362,70,47.383,Sprint of small group,Pluimers Rick,https://www.procyclingstats.com/rider/rick-pluimers,2000-12-07,2000,Netherlands,1.8,67.0,20.68,Enter,5,finished,69,10776,195,Hills,25,NL,Tudor Pro Cycling Team,70.0,32.0,",,",0,13273
17,RR,22 July 2026,Chambéry,Voiron,174.7,2362,70,47.383,Sprint of small group,Russo Clément,https://www.procyclingstats.com/rider/clement-russo,1995-01-20,1995,France,1.87,74.0,21.16,Lyon,6,finished,71,10945,188,Classic,31,FR,Groupama - FDJ United,55.0,26.0,",,",0,13273
17,RR,22 July 2026,Chambéry,Voiron,174.7,2362,70,47.383,Sprint of small group,Artz Huub,https://www.procyclingstats.com/rider/huub-artz,2002-05-14,2002,Netherlands,1.86,71.0,20.52,Wintelre,7,finished,130,14487,152,Hills,24,NL,Lotto Intermarché,45.0,22.0,",,",0,13273
17,RR,22 July 2026,Chambéry,Voiron,174.7,2362,70,47.383,Sprint of small group,Pedersen Mads,https://www.procyclingstats.com/rider/mads-pedersen,1995-12-18,1995,Denmark,1.8,76.0,23.46,Tølløse,8,finished,79,11320,33,Classic,30,DK,Lidl - Trek,40.0,18.0,",,",0,13273
17,RR,22 July 2026,Chambéry,Voiron,174.7,2362,70,47.383,Sprint of small group,Matthews Michael,https://www.procyclingstats.com/rider/michael-matthews,1990-09-26,1990,Australia,1.78,72.0,22.72,Canberra,9,finished,59,9537,115,Classic,35,AU,Team Jayco AlUla,35.0,14.0,",,",0,13273
17,RR,22 July 2026,Chambéry,Voiron,174.7,2362,70,47.383,Sprint of small group,Gate Aaron,https://www.procyclingstats.com/rider/aaron-gate,1990-11-26,1990,New Zealand,1.81,71.0,21.67,Auckland,10,finished,121,13910,63,GC,35,NZ,XDS Astana Team,30.0,10.0,",,",0,13273
17,RR,22 July 2026,Chambéry,Voiron,174.7,2362,70,47.383,Sprint of small group,van der Poel Mathieu,https://www.procyclingstats.com/rider/mathieu-van-der-poel,1995-01-19,1995,Netherlands,1.84,75.0,22.15,Kapellen,11,finished,68,10660,101,Classic,31,NL,Alpecin - Premier Tech,25.0,8.0,",,",0,13273
17,RR,22 July 2026,Chambéry,Voiron,174.7,2362,70,47.383,Sprint of small group,Page Hugo,https://www.procyclingstats.com/rider/hugo-page,2001-07-24,2001,France,1.85,71.0,20.75,Chartres,12,finished,118,13854,167,Classic,24,FR,Cofidis,20.0,6.0,",,",0,13273
17,RR,22 July 2026,Chambéry,Voiron,174.7,2362,70,47.383,Sprint of small group,Mohorič Matej,https://www.procyclingstats.com/rider/matej-mohoric,1994-10-19,1994,Slovenia,1.86,71.0,20.52,Kranj,13,finished,80,11344,75,Classic,31,SI,Bahrain - Victorious,15.0,4.0,",,",0,13273
17,RR,22 July 2026,Chambéry,Voiron,174.7,2362,70,47.383,Sprint of small group,Jegat Jordan,https://www.procyclingstats.com/rider/jordan-jegat,1999-06-07,1999,France,1.76,59.0,19.05,Vannes,14,finished,9,844,201,Climber,27,FR,TotalEnergies,10.0,2.0,",,",0,13273
17,RR,22 July 2026,Chambéry,Voiron,174.7,2362,70,47.383,Sprint of small group,Balderstone Abel,https://www.procyclingstats.com/rider/abel-balderstone-roumens,2000-07-07,2000,Spain,1.79,61.0,19.04,Ullastrell,15,finished,47,8049,222,GC,26,ES,Caja Rural - Seguros RGA,5.0,1.0,",,",0,13273
17,RR,22 July 2026,Chambéry,Voiron,174.7,2362,70,47.383,Sprint of small group,Delbove Joris,https://www.procyclingstats.com/rider/joris-delbove,2000-07-15,2000,France,,,,Troyes,16,finished,54,8844,203,GC,26,FR,TotalEnergies,,,",,",0,13273
17,RR,22 July 2026,Chambéry,Voiron,174.7,2362,70,47.383,Sprint of small group,García Pierna Raúl,https://www.procyclingstats.com/rider/raul-garcia-pierna,2001-02-23,2001,Spain,1.75,67.0,21.88,Tres Cantos,17,finished,35,6853,144,Climber,25,ES,Movistar Team,,,",,",0,13273
17,RR,22 July 2026,Chambéry,Voiron,174.7,2362,70,47.383,Sprint of small group,Zimmermann Georg,https://www.procyclingstats.com/rider/georg-zimmermann,1997-10-11,1997,Germany,1.81,70.0,21.37,Augsburg,18,finished,83,11500,158,Classic,28,DE,Lotto Intermarché,,,",,",0,13273
17,RR,22 July 2026,Chambéry,Voiron,174.7,2362,70,47.383,Sprint of small group,Martin Guillaume,https://www.procyclingstats.com/rider/guillaume-martin,1993-06-09,1993,France,1.73,55.0,18.38,Paris,19,finished,32,6693,186,Climber,33,FR,Groupama - FDJ United,,,",,",0,13273
17,RR,22 July 2026,Chambéry,Voiron,174.7,2362,70,47.383,Sprint of small group,Hermans Quinten,https://www.procyclingstats.com/rider/quinten-hermans,1995-07-29,1995,Belgium,1.74,62.0,20.48,Antwerp,20,finished,34,6758,174,Hills,30,BE,Pinarello Q36.5 Pro Cycling Team,,,",,",0,13273
17,RR,22 July 2026,Chambéry,Voiron,174.7,2362,70,47.383,Sprint of small group,Simmons Quinn,https://www.procyclingstats.com/rider/quinn-simmons,2001-05-08,2001,United States,1.85,73.0,21.33,Durango,21,finished,23,4719,34,Hills,25,US,Lidl - Trek,,,",,",0,13273
17,RR,22 July 2026,Chambéry,Voiron,174.7,2362,70,47.383,Sprint of small group,Hindley Jai,https://www.procyclingstats.com/rider/jai-hindley,1996-05-05,1996,Australia,1.75,60.0,19.59,Perth,22,finished,22,4137,24,Climber,30,AU,Red Bull - BORA - hansgrohe,,,",,",0,13273
17,RR,22 July 2026,Chambéry,Voiron,174.7,2362,70,47.383,Sprint of small group,Denz Nico,https://www.procyclingstats.com/rider/nico-denz,1994-02-15,1994,Germany,1.83,71.0,21.2,Waldshut-Tiengen,23,finished,94,12327,23,Hills,32,DE,Red Bull - BORA - hansgrohe,,,",,",0,13273
17,RR,22 July 2026,Chambéry,Voiron,174.7,2362,70,47.383,Sprint of small group,Hagenes Per Strand,https://www.procyclingstats.com/rider/per-strand-hagenes,2003-07-10,2003,Norway,1.86,78.0,22.55,Sandnes,24,finished,98,12449,15,Classic,23,NO,Team Visma | Lease a Bike,,,",,",0,13273
17,RR,22 July 2026,Chambéry,Voiron,174.7,2362,70,47.383,Sprint of small group,Baudin Alex,https://www.procyclingstats.com/rider/alex-baudin,2001-05-25,2001,France,1.83,64.0,19.11,Albertville,25,finished,41,7394,43,Climber,25,FR,EF Education - EasyPost,,,",,",0,13273
17,RR,22 July 2026,Chambéry,Voiron,174.7,2362,70,47.383,Sprint of small group,Tarling Joshua,https://www.procyclingstats.com/rider/joshua-tarling,2004-02-15,2004,Great Britain,1.94,78.0,20.72,Aberaeron,26,finished,132,14647,87,TT,22,GB,Netcompany INEOS,,,",,",0,13273
17,RR,22 July 2026,Chambéry,Voiron,174.7,2362,70,47.383,Sprint of small group,Benoot Tiesj,https://www.procyclingstats.com/rider/tiesj-benoot,1994-03-11,1994,Belgium,1.9,72.0,19.94,Ghent,27,finished,20,4022,52,Classic,32,BE,Decathlon CMA CGM Team,,,0:16,16,13289
17,RR,22 July 2026,Chambéry,Voiron,174.7,2362,70,47.383,Sprint of small group,Valgren Michael,https://www.procyclingstats.com/rider/michael-valgren-andersen,1992-02-07,1992,Denmark,1.79,71.0,22.16,Østerild,28,finished,55,9108,47,Classic,34,DK,EF Education - EasyPost,,,0:20,20,13293
17,RR,22 July 2026,Chambéry,Voiron,174.7,2362,70,47.383,Sprint of small group,Castrillo Pablo,https://www.procyclingstats.com/rider/pablo-castrillo-zapater,2001-01-02,2001,Spain,1.83,74.0,22.1,Jaca,29,finished,25,5236,142,Climber,25,ES,Movistar Team,,,0:27,27,13300
17,RR,22 July 2026,Chambéry,Voiron,174.7,2362,70,47.383,Sprint of small group,Gee-West Derek,https://www.procyclingstats.com/rider/derek-gee,1997-08-03,1997,Canada,1.89,72.0,20.16,Ottawa,30,finished,27,5599,32,Climber,28,CA,Lidl - Trek,,,0:35,35,13308
17,RR,22 July 2026,Chambéry,Voiron,174.7,2362,70,47.383,Sprint of small group,Dhondt Robbe,https://www.procyclingstats.com/rider/robbe-dhondt,2004-06-25,2004,Belgium,1.76,,,Zottegem,31,finished,129,14301,215,GC,22,BE,Team Picnic PostNL,,,0:45,45,13318
17,RR,22 July 2026,Chambéry,Voiron,174.7,2362,70,47.383,Sprint of small group,Rubio Einer,https://www.procyclingstats.com/rider/einer-rubio,1998-02-22,1998,Colombia,1.64,56.0,20.82,Chíquiza,32,finished,26,5349,148,Climber,28,CO,Movistar Team,,,",,",45,13318
17,RR,22 July 2026,Chambéry,Voiron,174.7,2362,70,47.383,Sprint of small group,Politt Nils,https://www.procyclingstats.com/rider/nils-politt,1994-03-06,1994,Germany,1.92,80.0,21.7,Cologne,33,finished,73,10996,5,Classic,32,DE,UAE Team Emirates - XRG,,,0:50,50,13323
17,RR,22 July 2026,Chambéry,Voiron,174.7,2362,70,47.383,Sprint of small group,Stuyven Jasper,https://www.procyclingstats.com/rider/jasper-stuyven,1992-04-17,1992,Belgium,1.87,80.0,22.88,Leuven,34,finished,70,10880,94,Classic,34,BE,Soudal Quick-Step,,,1:52,112,13385
17,RR,22 July 2026,Chambéry,Voiron,174.7,2362,70,47.383,Sprint of small group,Healy Ben,https://www.procyclingstats.com/rider/ben-healy,2000-09-11,2000,Ireland,1.75,62.0,20.24,Kingswinford Previous nationalities Great Britain until 2016,35,finished,62,10000,44,Climber,25,IE,EF Education - EasyPost,,,2:01,121,13394
17,RR,22 July 2026,Chambéry,Voiron,174.7,2362,70,47.383,Sprint of small group,Tejada Harold,https://www.procyclingstats.com/rider/harold-tejada,1997-04-27,1997,Colombia,1.8,63.0,19.44,Pitalito,36,finished,38,7171,65,Climber,29,CO,XDS Astana Team,,,2:57,177,13450
17,RR,22 July 2026,Chambéry,Voiron,174.7,2362,70,47.383,Sprint of small group,Bernal Egan,https://www.procyclingstats.com/rider/egan-bernal,1997-01-13,1997,Colombia,1.75,60.0,19.59,Bogotá,37,finished,14,2354,81,GC,29,CO,Netcompany INEOS,,,",,",177,13450
17,RR,22 July 2026,Chambéry,Voiron,174.7,2362,70,47.383,Sprint of small group,Jorgenson Matteo,https://www.procyclingstats.com/rider/matteo-jorgenson,1999-07-01,1999,United States,1.9,69.0,19.11,Walnut Creek,38,finished,30,6025,16,GC,27,US,Team Visma | Lease a Bike,,,",,",177,13450
17,RR,22 July 2026,Chambéry,Voiron,174.7,2362,70,47.383,Sprint of small group,Van Mechelen Vlad,https://www.procyclingstats.com/rider/vlad-van-mechelen,2004-06-02,2004,Belgium,1.83,73.0,21.8,Leuven,39,finished,77,11274,78,Sprint,22,BE,Bahrain - Victorious,,,3:03,183,13456
17,RR,22 July 2026,Chambéry,Voiron,174.7,2362,70,47.383,Sprint of small group,Le Berre Mathis,https://www.procyclingstats.com/rider/mathis-le-berre,2001-04-16,2001,France,1.76,68.0,21.95,Saint-Brieuc,40,finished,82,11474,206,Hills,25,FR,TotalEnergies,,,3:08,188,13461
17,RR,22 July 2026,Chambéry,Voiron,174.7,2362,70,47.383,Sprint of small group,Braz Afonso Clément,https://www.procyclingstats.com/rider/clement-braz-afonso,1999-11-08,1999,France,1.63,50.0,18.82,Brive-la-Gaillarde,41,finished,51,8358,183,Climber,26,FR,Groupama - FDJ United,,,3:15,195,13468
17,RR,22 July 2026,Chambéry,Voiron,174.7,2362,70,47.383,Sprint of small group,Kwiatkowski Michał,https://www.procyclingstats.com/rider/michal-kwiatkowski,1990-06-02,1990,Poland,1.76,68.0,21.95,Chełmża,42,finished,120,13878,86,Classic,36,PL,Netcompany INEOS,,,3:22,202,13475
17,RR,22 July 2026,Chambéry,Voiron,174.7,2362,70,47.383,Sprint of small group,Engelhardt Felix,https://www.procyclingstats.com/rider/felix-engelhardt,2000-08-19,2000,Germany,1.8,68.0,20.99,Ulm,43,finished,95,12348,114,Classic,25,DE,Team Jayco AlUla,,,",,",202,13475
17,RR,22 July 2026,Chambéry,Voiron,174.7,2362,70,47.383,Sprint of small group,O'Connor Ben,https://www.procyclingstats.com/rider/ben-o-connor,1995-11-25,1995,Australia,1.88,67.0,18.96,Subiaco,44,finished,40,7356,111,GC,30,AU,Team Jayco AlUla,,,4:09,249,13522
17,RR,22 July 2026,Chambéry,Voiron,174.7,2362,70,47.383,Sprint of small group,Planckaert Edward,https://www.procyclingstats.com/rider/edward-planckaert,1995-02-01,1995,Belgium,1.78,71.0,22.41,Kortrijk,45,finished,114,13541,106,Classic,31,BE,Alpecin - Premier Tech,,,4:46,286,13559
17,RR,22 July 2026,Chambéry,Voiron,174.7,2362,70,47.383,Sprint of small group,Verstrynge Emiel,https://www.procyclingstats.com/rider/emiel-verstrynge,2002-02-04,2002,Belgium,1.89,69.0,19.32,Eeklo,46,finished,99,12503,108,Climber,24,BE,Alpecin - Premier Tech,,,",,",286,13559
17,RR,22 July 2026,Chambéry,Voiron,174.7,2362,70,47.383,Sprint of small group,Campenaerts Victor,https://www.procyclingstats.com/rider/victor-campenaerts,1991-10-28,1991,Belgium,1.73,68.0,22.72,Hoboken,47,finished,74,11000,14,TT,34,BE,Team Visma | Lease a Bike,,,4:55,295,13568
17,RR,22 July 2026,Chambéry,Voiron,174.7,2362,70,47.383,Sprint of small group,Vermeersch Florian,https://www.procyclingstats.com/rider/florian-vermeersch,1999-03-12,1999,Belgium,1.93,85.0,22.82,Ghent,48,finished,119,13868,6,Classic,27,BE,UAE Team Emirates - XRG,,,8:46,526,13799
17,RR,22 July 2026,Chambéry,Voiron,174.7,2362,70,47.383,Sprint of small group,Großschartner Felix,https://www.procyclingstats.com/rider/felix-grossschartner,1993-12-23,1993,Austria,1.84,64.0,18.9,Wels,49,finished,33,6727,3,GC,32,AT,UAE Team Emirates - XRG,,,",,",526,13799
17,RR,22 July 2026,Chambéry,Voiron,174.7,2362,70,47.383,Sprint of small group,Pogačar Tadej,https://www.procyclingstats.com/rider/tadej-pogacar,1998-09-21,1998,Slovenia,1.76,66.0,21.31,Klanec,50,finished,1,0,1,Climber,27,SI,UAE Team Emirates - XRG,,,",,",526,13799
17,RR,22 July 2026,Chambéry,Voiron,174.7,2362,70,47.383,Sprint of small group,McNulty Brandon,https://www.procyclingstats.com/rider/brandon-mcnulty,1998-04-02,1998,United States,1.83,69.0,20.6,Phoenix,51,finished,18,3184,4,GC,28,US,UAE Team Emirates - XRG,,,",,",526,13799
17,RR,22 July 2026,Chambéry,Voiron,174.7,2362,70,47.383,Sprint of small group,del Toro Isaac,https://www.procyclingstats.com/rider/isaac-del-toro,2003-11-27,2003,Mexico,1.8,64.0,19.75,Ensenada,52,finished,3,411,2,Climber,22,MX,UAE Team Emirates - XRG,,,",,",526,13799
17,RR,22 July 2026,Chambéry,Voiron,174.7,2362,70,47.383,Sprint of small group,van Dijke Tim,https://www.procyclingstats.com/rider/tim-van-dijke,2000-03-15,2000,Netherlands,1.89,74.0,20.72,Goes,53,finished,107,13283,27,Classic,26,NL,Red Bull - BORA - hansgrohe,,,",,",526,13799
17,RR,22 July 2026,Chambéry,Voiron,174.7,2362,70,47.383,Sprint of small group,Tratnik Jan,https://www.procyclingstats.com/rider/jan-tratnik,1990-02-23,1990,Slovenia,1.73,67.0,22.39,Idrija,54,finished,89,11915,26,TT,36,SI,Red Bull - BORA - hansgrohe,,,",,",526,13799
17,RR,22 July 2026,Chambéry,Voiron,174.7,2362,70,47.383,Sprint of small group,Van Gils Maxim,https://www.procyclingstats.com/rider/maxim-van-gils,1999-11-25,1999,Belgium,1.74,63.0,20.81,Brasschaat,55,finished,36,7026,28,Classic,26,BE,Red Bull - BORA - hansgrohe,,,",,",526,13799
17,RR,22 July 2026,Chambéry,Voiron,174.7,2362,70,47.383,Sprint of small group,Cattaneo Mattia,https://www.procyclingstats.com/rider/mattia-cattaneo,1990-10-25,1990,Italy,1.84,67.0,19.79,Alzano Lombardo,56,finished,46,8032,22,TT,35,IT,Red Bull - BORA - hansgrohe,,,",,",526,13799
17,RR,22 July 2026,Chambéry,Voiron,174.7,2362,70,47.383,Sprint of small group,Evenepoel Remco,https://www.procyclingstats.com/rider/remco-evenepoel,2000-01-25,2000,Belgium,1.71,63.0,21.55,Aalst,57,finished,2,272,21,Climber,26,BE,Red Bull - BORA - hansgrohe,,,",,",526,13799
17,RR,22 July 2026,Chambéry,Voiron,174.7,2362,70,47.383,Sprint of small group,Prodhomme Nicolas,https://www.procyclingstats.com/rider/nicolas-prodhomme,1997-02-01,1997,France,1.74,63.0,20.81,L'Aigle,58,finished,21,4059,57,GC,29,FR,Decathlon CMA CGM Team,,,",,",526,13799
17,RR,22 July 2026,Chambéry,Voiron,174.7,2362,70,47.383,Sprint of small group,Seixas Paul,https://www.procyclingstats.com/rider/paul-seixas,2006-09-24,2006,France,1.86,64.0,18.5,Lyon,59,finished,4,431,51,Climber,19,FR,Decathlon CMA CGM Team,,,",,",526,13799
17,RR,22 July 2026,Chambéry,Voiron,174.7,2362,70,47.383,Sprint of small group,Paret-Peintre Aurélien,https://www.procyclingstats.com/rider/aurelien-paret-peintre,1996-02-27,1996,France,1.84,64.0,18.9,Annemasse,60,finished,53,8776,56,GC,30,FR,Decathlon CMA CGM Team,,,",,",526,13799
17,RR,22 July 2026,Chambéry,Voiron,174.7,2362,70,47.383,Sprint of small group,Riccitello Matthew,https://www.procyclingstats.com/rider/matthew-riccitello,2002-03-05,2002,United States,1.72,55.0,18.59,Tucson,61,finished,39,7302,58,Climber,24,US,Decathlon CMA CGM Team,,,",,",526,13799
17,RR,22 July 2026,Chambéry,Voiron,174.7,2362,70,47.383,Sprint of small group,Skjelmose Mattias,https://www.procyclingstats.com/rider/mattias-skjelmose-jensen,2000-09-26,2000,Denmark,1.8,65.0,20.06,Copenhagen,62,finished,6,614,35,Climber,25,DK,Lidl - Trek,,,",,",526,13799
17,RR,22 July 2026,Chambéry,Voiron,174.7,2362,70,47.383,Sprint of small group,Skujiņš Toms,https://www.procyclingstats.com/rider/toms-skujins,1991-06-15,1991,Latvia,1.81,72.0,21.98,Sigulda,63,finished,92,12136,36,Classic,35,LV,Lidl - Trek,,,",,",526,13799
17,RR,22 July 2026,Chambéry,Voiron,174.7,2362,70,47.383,Sprint of small group,Ayuso Juan,https://www.procyclingstats.com/rider/juan-ayuso-pesquera,2002-09-16,2002,Spain,1.83,65.0,19.41,Barcelona,64,finished,5,562,31,Climber,23,ES,Lidl - Trek,,,",,",526,13799
17,RR,22 July 2026,Chambéry,Voiron,174.7,2362,70,47.383,Sprint of small group,Vacek Mathias,https://www.procyclingstats.com/rider/mathias-vacek,2002-06-12,2002,Czech Republic,1.88,75.0,21.22,Beroun,65,finished,50,8358,37,TT,24,CZ,Lidl - Trek,,,",,",526,13799
17,RR,22 July 2026,Chambéry,Voiron,174.7,2362,70,47.383,Sprint of small group,Verona Carlos,https://www.procyclingstats.com/rider/carlos-verona,1992-11-04,1992,Spain,1.86,68.0,19.66,San Lorenzo de El Escorial,66,finished,24,4885,38,GC,33,ES,Lidl - Trek,,,",,",526,13799
17,RR,22 July 2026,Chambéry,Voiron,174.7,2362,70,47.383,Sprint of small group,Gradek Kamil,https://www.procyclingstats.com/rider/kamil-gradek,1990-09-17,1990,Poland,1.94,83.0,22.05,Koziegłowy,67,finished,163,16719,74,TT,35,PL,Bahrain - Victorious,,,",,",526,13799
17,RR,22 July 2026,Chambéry,Voiron,174.7,2362,70,47.383,Sprint of small group,Martinez Lenny,https://www.procyclingstats.com/rider/lenny-martinez,2003-07-11,2003,France,1.68,52.0,18.42,Cannes,68,finished,7,770,71,Climber,23,FR,Bahrain - Victorious,,,",,",526,13799
17,RR,22 July 2026,Chambéry,Voiron,174.7,2362,70,47.383,Sprint of small group,Tiberi Antonio,https://www.procyclingstats.com/rider/antonio-tiberi,2001-06-24,2001,Italy,1.82,62.0,18.72,Frosinone,69,finished,37,7131,77,GC,25,IT,Bahrain - Victorious,,,",,",526,13799
17,RR,22 July 2026,Chambéry,Voiron,174.7,2362,70,47.383,Sprint of small group,Caruso Damiano,https://www.procyclingstats.com/rider/damiano-caruso,1987-10-12,1987,Italy,1.79,67.0,20.91,Ragusa,70,finished,65,10084,73,GC,38,IT,Bahrain - Victorious,,,",,",526,13799
17,RR,22 July 2026,Chambéry,Voiron,174.7,2362,70,47.383,Sprint of small group,Wright Fred,https://www.procyclingstats.com/rider/alfred-wright,1999-06-13,1999,Great Britain,1.84,75.0,22.15,London,71,finished,126,14136,178,Hills,27,GB,Pinarello Q36.5 Pro Cycling Team,,,",,",526,13799
17,RR,22 July 2026,Chambéry,Voiron,174.7,2362,70,47.383,Sprint of small group,Stannard Robert,https://www.procyclingstats.com/rider/robert-stannard,1998-09-16,1998,Australia,1.79,74.0,23.1,Sydney Previous nationalities New Zealand until 2016,72,finished,109,13303,76,Hills,27,AU,Bahrain - Victorious,,,",,",526,13799
17,RR,22 July 2026,Chambéry,Voiron,174.7,2362,70,47.383,Sprint of small group,Pidcock Tom,https://www.procyclingstats.com/rider/tom-pidcock,1999-07-30,1999,Great Britain,1.7,58.0,20.07,Leeds,73,finished,8,778,171,Classic,26,GB,Pinarello Q36.5 Pro Cycling Team,,,",,",526,13799
17,RR,22 July 2026,Chambéry,Voiron,174.7,2362,70,47.383,Sprint of small group,Van Moer Brent,https://www.procyclingstats.com/rider/brent-van-moer,1998-01-12,1998,Belgium,1.91,79.0,21.66,Beveren,74,finished,91,12119,177,Classic,28,BE,Pinarello Q36.5 Pro Cycling Team,,,",,",526,13799
17,RR,22 July 2026,Chambéry,Voiron,174.7,2362,70,47.383,Sprint of small group,Howson Damien,https://www.procyclingstats.com/rider/damien-howson,1992-08-13,1992,Australia,1.88,68.0,19.24,Adelaide,75,finished,96,12440,175,GC,33,AU,Pinarello Q36.5 Pro Cycling Team,,,",,",526,13799
17,RR,22 July 2026,Chambéry,Voiron,174.7,2362,70,47.383,Sprint of small group,Meurisse Xandro,https://www.procyclingstats.com/rider/xandro-meurisse,1992-01-31,1992,Belgium,1.81,68.0,20.76,Kortrijk,76,finished,56,9170,176,GC,34,BE,Pinarello Q36.5 Pro Cycling Team,,,",,",526,13799
17,RR,22 July 2026,Chambéry,Voiron,174.7,2362,70,47.383,Sprint of small group,Affini Edoardo,https://www.procyclingstats.com/rider/edoardo-affini,1996-06-24,1996,Italy,1.9,85.0,23.55,Mantua,77,finished,141,15055,12,TT,30,IT,Team Visma | Lease a Bike,,,",,",526,13799
17,RR,22 July 2026,Chambéry,Voiron,174.7,2362,70,47.383,Sprint of small group,Dillier Silvan,https://www.procyclingstats.com/rider/silvan-dillier,1990-08-03,1990,Switzerland,1.83,75.0,22.4,Aarau,78,finished,145,15369,103,Classic,35,CH,Alpecin - Premier Tech,,,",,",526,13799
17,RR,22 July 2026,Chambéry,Voiron,174.7,2362,70,47.383,Sprint of small group,Haller Marco,https://www.procyclingstats.com/rider/marco-haller,1991-04-01,1991,Austria,1.78,72.0,22.72,Sankt Veit an der Glan,79,finished,148,15447,193,Classic,35,AT,Tudor Pro Cycling Team,,,",,",526,13799
17,RR,22 July 2026,Chambéry,Voiron,174.7,2362,70,47.383,Sprint of small group,Voisard Yannis,https://www.procyclingstats.com/rider/yannis-voisard,1998-07-26,1998,Switzerland,,56.0,,Fontenais,80,finished,10,1458,198,GC,27,CH,Tudor Pro Cycling Team,,,",,",526,13799
17,RR,22 July 2026,Chambéry,Voiron,174.7,2362,70,47.383,Sprint of small group,Hirschi Marc,https://www.procyclingstats.com/rider/marc-hirschi,1998-08-24,1998,Switzerland,1.74,61.0,20.15,Bern,81,finished,52,8431,194,Classic,27,CH,Tudor Pro Cycling Team,,,",,",526,13799
17,RR,22 July 2026,Chambéry,Voiron,174.7,2362,70,47.383,Sprint of small group,Alaphilippe Julian,https://www.procyclingstats.com/rider/julian-alaphilippe,1992-06-11,1992,France,1.73,62.0,20.72,Saint-Amand-Montrond,82,finished,133,14697,191,Classic,34,FR,Tudor Pro Cycling Team,,,",,",526,13799
17,RR,22 July 2026,Chambéry,Voiron,174.7,2362,70,47.383,Sprint of small group,Eenkhoorn Pascal,https://www.procyclingstats.com/rider/pascal-eenkhoorn,1997-02-08,1997,Netherlands,1.85,72.0,21.04,Zwolle,83,finished,151,15718,92,Classic,29,NL,Soudal Quick-Step,,,",,",526,13799
17,RR,22 July 2026,Chambéry,Voiron,174.7,2362,70,47.383,Sprint of small group,Van Wilder Ilan,https://www.procyclingstats.com/rider/ilan-van-wilder,2000-05-14,2000,Belgium,1.71,64.0,21.89,Jette,84,finished,11,1502,97,GC,26,BE,Soudal Quick-Step,,,",,",526,13799
17,RR,22 July 2026,Chambéry,Voiron,174.7,2362,70,47.383,Sprint of small group,Skaarseth Anders,https://www.procyclingstats.com/rider/anders-skaarseth,1995-05-07,1995,Norway,1.86,,,Lillehammer,85,finished,61,9736,126,Classic,31,NO,Uno-X Mobility,,,",,",526,13799
17,RR,22 July 2026,Chambéry,Voiron,174.7,2362,70,47.383,Sprint of small group,Johannessen Tobias Halland,https://www.procyclingstats.com/rider/tobias-halland-johannessen,1999-08-23,1999,Norway,1.76,62.0,20.02,Drøbak,86,finished,16,3079,121,Climber,26,NO,Uno-X Mobility,,,",,",526,13799
17,RR,22 July 2026,Chambéry,Voiron,174.7,2362,70,47.383,Sprint of small group,Asgreen Kasper,https://www.procyclingstats.com/rider/kasper-asgreen,1995-02-08,1995,Denmark,1.93,75.0,20.13,Kolding,87,finished,87,11833,42,TT,31,DK,EF Education - EasyPost,,,",,",526,13799
17,RR,22 July 2026,Chambéry,Voiron,174.7,2362,70,47.383,Sprint of small group,Carapaz Richard,https://www.procyclingstats.com/rider/richard-carapaz,1993-05-29,1993,Ecuador,1.7,62.0,21.45,El Carmelo,88,finished,12,1545,41,Climber,33,EC,EF Education - EasyPost,,,",,",526,13799
17,RR,22 July 2026,Chambéry,Voiron,174.7,2362,70,47.383,Sprint of small group,Degenkolb John,https://www.procyclingstats.com/rider/john-degenkolb,1989-01-07,1989,Germany,1.8,82.0,25.31,Gera,89,finished,152,15928,214,Classic,37,DE,Team Picnic PostNL,,,",,",526,13799
17,RR,22 July 2026,Chambéry,Voiron,174.7,2362,70,47.383,Sprint of small group,Märkl Niklas,https://www.procyclingstats.com/rider/niklas-markl,1999-03-03,1999,Germany,1.85,70.0,20.45,Queidersbach,90,finished,144,15354,216,Sprint,27,DE,Team Picnic PostNL,,,",,",526,13799
17,RR,22 July 2026,Chambéry,Voiron,174.7,2362,70,47.383,Sprint of small group,Girmay Biniam,https://www.procyclingstats.com/rider/biniam-girmay,2000-04-02,2000,Eritrea,1.84,70.0,20.68,Asmara,91,finished,142,15142,131,Classic,26,ER,NSN Cycling Team,,,",,",526,13799
17,RR,22 July 2026,Chambéry,Voiron,174.7,2362,70,47.383,Sprint of small group,Louvel Matis,https://www.procyclingstats.com/rider/matis-louvel,1999-07-19,1999,France,1.87,77.0,22.02,Mont Saint Aignan,92,finished,161,16608,135,Classic,27,FR,NSN Cycling Team,,,",,",526,13799
17,RR,22 July 2026,Chambéry,Voiron,174.7,2362,70,47.383,Sprint of small group,Neilands Krists,https://www.procyclingstats.com/rider/krists-neilands,1994-08-18,1994,Latvia,1.89,69.0,19.32,Kuldīga,93,finished,138,14852,136,Classic,31,LV,NSN Cycling Team,,,",,",526,13799
17,RR,22 July 2026,Chambéry,Voiron,174.7,2362,70,47.383,Sprint of small group,Oliveira Nelson,https://www.procyclingstats.com/rider/nelson-oliveira,1989-03-06,1989,Portugal,1.8,67.0,20.68,Anadia,94,finished,76,11159,146,TT,37,PT,Movistar Team,,,",,",526,13799
17,RR,22 July 2026,Chambéry,Voiron,174.7,2362,70,47.383,Sprint of small group,Fretin Milan,https://www.procyclingstats.com/rider/milan-fretin,2001-03-19,2001,Belgium,1.82,70.0,21.13,Genk,95,finished,153,15948,165,Classic,25,BE,Cofidis,,,",,",526,13799
17,RR,22 July 2026,Chambéry,Voiron,174.7,2362,70,47.383,Sprint of small group,Teunissen Mike,https://www.procyclingstats.com/rider/mike-teunissen,1992-08-25,1992,Netherlands,1.84,73.0,21.56,Ysselsteyn,96,finished,128,14260,66,Classic,33,NL,XDS Astana Team,,,",,",526,13799
17,RR,22 July 2026,Chambéry,Voiron,174.7,2362,70,47.383,Sprint of small group,Biermans Jenthe,https://www.procyclingstats.com/rider/jenthe-biermans,1995-10-30,1995,Belgium,1.84,78.0,23.04,Geel,97,finished,150,15682,164,Classic,30,BE,Cofidis,,,",,",526,13799
17,RR,22 July 2026,Chambéry,Voiron,174.7,2362,70,47.383,Sprint of small group,Frigo Marco,https://www.procyclingstats.com/rider/marco-frigo,2000-03-02,2000,Italy,1.88,70.0,19.81,Bassano del Grappa,98,finished,97,12442,134,Climber,26,IT,NSN Cycling Team,,,",,",526,13799
17,RR,22 July 2026,Chambéry,Voiron,174.7,2362,70,47.383,Sprint of small group,Kuss Sepp,https://www.procyclingstats.com/rider/sepp-kuss,1994-09-13,1994,United States,1.82,61.0,18.42,Durango,99,finished,17,3089,17,Climber,31,US,Team Visma | Lease a Bike,,,",,",526,13799
17,RR,22 July 2026,Chambéry,Voiron,174.7,2362,70,47.383,Sprint of small group,Walker Max,https://www.procyclingstats.com/rider/max-walker,2001-07-12,2001,Great Britain,,,,Douglas,100,finished,104,13090,48,TT,25,GB,EF Education - EasyPost,,,",,",526,13799
17,RR,22 July 2026,Chambéry,Voiron,174.7,2362,70,47.383,Sprint of small group,Quinn Sean,https://www.procyclingstats.com/rider/sean-quinn,2000-05-10,2000,United States,1.87,67.0,19.16,Los Angeles,101,finished,19,4007,45,GC,26,US,EF Education - EasyPost,,,",,",526,13799
17,RR,22 July 2026,Chambéry,Voiron,174.7,2362,70,47.383,Sprint of small group,Turgis Anthony,https://www.procyclingstats.com/rider/anthony-turgis,1994-05-16,1994,France,1.78,70.0,22.09,Bourg-la-Reine,102,finished,124,14102,207,Classic,32,FR,TotalEnergies,,,",,",526,13799
17,RR,22 July 2026,Chambéry,Voiron,174.7,2362,70,47.383,Sprint of small group,Piganzoli Davide,https://www.procyclingstats.com/rider/davide-piganzoli,2002-07-08,2002,Italy,1.74,61.0,20.15,Morbegno,103,finished,13,1648,18,GC,24,IT,Team Visma | Lease a Bike,,,",,",526,13799
17,RR,22 July 2026,Chambéry,Voiron,174.7,2362,70,47.383,Sprint of small group,Armirail Bruno,https://www.procyclingstats.com/rider/bruno-armirail,1994-04-11,1994,France,1.9,72.0,19.94,Bagnères-de-Bigorre,104,finished,81,11359,13,TT,32,FR,Team Visma | Lease a Bike,,,",,",526,13799
17,RR,22 July 2026,Chambéry,Voiron,174.7,2362,70,47.383,Sprint of small group,Romo Javier,https://www.procyclingstats.com/rider/javier-romo,1999-01-06,1999,Spain,1.84,70.0,20.68,Villafranca de los Caballeros,105,finished,63,10032,147,GC,27,ES,Movistar Team,,,",,",526,13799
17,RR,22 July 2026,Chambéry,Voiron,174.7,2362,70,47.383,Sprint of small group,Arensman Thymen,https://www.procyclingstats.com/rider/thymen-arensman,1999-12-04,1999,Netherlands,1.9,68.0,18.84,Deil,106,finished,28,5876,82,GC,26,NL,Netcompany INEOS,,,",,",526,13799
17,RR,22 July 2026,Chambéry,Voiron,174.7,2362,70,47.383,Sprint of small group,Oldani Stefano,https://www.procyclingstats.com/rider/stefano-oldani,1998-01-10,1998,Italy,1.78,65.0,20.52,Milan,107,finished,127,14227,226,Hills,28,IT,Caja Rural - Seguros RGA,,,",,",526,13799
17,RR,22 July 2026,Chambéry,Voiron,174.7,2362,70,47.383,Sprint of small group,Hessmann Michel,https://www.procyclingstats.com/rider/michel-hessmann,2001-04-06,2001,Germany,1.91,78.0,21.38,Münster,108,finished,106,13257,145,Hills,25,DE,Movistar Team,,,",,",526,13799
17,RR,22 July 2026,Chambéry,Voiron,174.7,2362,70,47.383,Sprint of small group,Aranburu Alex,https://www.procyclingstats.com/rider/alex-aranburu,1995-09-19,1995,Spain,1.78,63.0,19.88,Ezkio-Itsaso,109,finished,72,10955,163,Classic,30,ES,Cofidis,,,",,",526,13799
17,RR,22 July 2026,Chambéry,Voiron,174.7,2362,70,47.383,Sprint of small group,Guernalec Thibault,https://www.procyclingstats.com/rider/thibault-guernalec,1997-07-31,1997,France,1.85,71.0,20.75,Châteaulin,110,finished,115,13586,205,TT,28,FR,TotalEnergies,,,",,",526,13799
17,RR,22 July 2026,Chambéry,Voiron,174.7,2362,70,47.383,Sprint of small group,Rickaert Jonas,https://www.procyclingstats.com/rider/jonas-rickaert,1994-02-07,1994,Belgium,1.9,88.0,24.38,Sint-Eloois-Vijve,111,finished,116,13804,107,Classic,32,BE,Alpecin - Premier Tech,,,",,",526,13799
17,RR,22 July 2026,Chambéry,Voiron,174.7,2362,70,47.383,Sprint of small group,Delettre Alexandre,https://www.procyclingstats.com/rider/alexandre-delettre,1997-10-25,1997,France,1.7,62.0,21.45,Gonesse,112,finished,64,10073,204,Classic,28,FR,TotalEnergies,,,",,",526,13799
17,RR,22 July 2026,Chambéry,Voiron,174.7,2362,70,47.383,Sprint of small group,Vercher Mattéo,https://www.procyclingstats.com/rider/matheo-vercher,2001-01-26,2001,France,1.71,,,Lyon,113,finished,85,11726,208,Hills,25,FR,TotalEnergies,,,",,",526,13799
17,RR,22 July 2026,Chambéry,Voiron,174.7,2362,70,47.383,Sprint of small group,Allegaert Piet,https://www.procyclingstats.com/rider/piet-allegaert,1995-01-20,1995,Belgium,1.81,70.0,21.37,Moorslede,114,finished,159,16234,162,Classic,31,BE,Cofidis,,,",,",526,13799
17,RR,22 July 2026,Chambéry,Voiron,174.7,2362,70,47.383,Sprint of small group,Marsman Tim,https://www.procyclingstats.com/rider/tim-marsman,2000-10-04,2000,Netherlands,1.91,75.0,20.56,Hattem,115,finished,140,14985,104,Sprint,25,NL,Alpecin - Premier Tech,,,",,",526,13799
17,RR,22 July 2026,Chambéry,Voiron,174.7,2362,70,47.383,Sprint of small group,Vervaeke Louis,https://www.procyclingstats.com/rider/louis-vervaeke,1993-10-06,1993,Belgium,1.81,68.0,20.76,Ronse,116,finished,75,11017,98,GC,32,BE,Soudal Quick-Step,,,",,",526,13799
17,RR,22 July 2026,Chambéry,Voiron,174.7,2362,70,47.383,Sprint of small group,Ganna Filippo,https://www.procyclingstats.com/rider/filippo-ganna,1996-07-25,1996,Italy,1.93,83.0,22.28,Verbania,117,finished,123,14065,84,TT,29,IT,Netcompany INEOS,,,",,",526,13799
17,RR,22 July 2026,Chambéry,Voiron,174.7,2362,70,47.383,Sprint of small group,Godon Dorian,https://www.procyclingstats.com/rider/dorian-godon,1996-05-25,1996,France,1.89,74.0,20.72,Vitry-sur-Seine,118,finished,131,14620,85,Hills,30,FR,Netcompany INEOS,,,",,",526,13799
17,RR,22 July 2026,Chambéry,Voiron,174.7,2362,70,47.383,Sprint of small group,Vauquelin Kévin,https://www.procyclingstats.com/rider/kevin-vauquelin,2001-04-26,2001,France,1.76,69.0,22.28,Bayeux,119,finished,31,6476,88,GC,25,FR,Netcompany INEOS,,,",,",526,13799
17,RR,22 July 2026,Chambéry,Voiron,174.7,2362,70,47.383,Sprint of small group,Pacher Quentin,https://www.procyclingstats.com/rider/quentin-pacher,1992-01-06,1992,France,1.79,62.0,19.35,Libourne,120,finished,67,10365,187,Hills,34,FR,Groupama - FDJ United,,,",,",526,13799
17,RR,22 July 2026,Chambéry,Voiron,174.7,2362,70,47.383,Sprint of small group,Grégoire Romain,https://www.procyclingstats.com/rider/romain-gregoire,2003-01-21,2003,France,1.76,64.0,20.66,Besançon,121,finished,57,9324,181,Classic,23,FR,Groupama - FDJ United,,,",,",526,13799
17,RR,22 July 2026,Chambéry,Voiron,174.7,2362,70,47.383,Sprint of small group,Azparren Xabier Mikel,https://www.procyclingstats.com/rider/xabier-mikel-azparren-irurzun,1999-02-25,1999,Spain,,,,San Sebastián,122,finished,112,13399,172,TT,27,ES,Pinarello Q36.5 Pro Cycling Team,,,",,",526,13799
17,RR,22 July 2026,Chambéry,Voiron,174.7,2362,70,47.383,Sprint of small group,Plapp Luke,https://www.procyclingstats.com/rider/luke-plapp,2000-12-25,2000,Australia,1.81,72.0,21.98,Melbourne,123,finished,86,11733,117,GC,25,AU,Team Jayco AlUla,,,",,",526,13799
17,RR,22 July 2026,Chambéry,Voiron,174.7,2362,70,47.383,Sprint of small group,Germani Lorenzo,https://www.procyclingstats.com/rider/lorenzo-germani,2002-03-03,2002,Italy,1.79,62.0,19.35,Sora,124,finished,78,11306,185,GC,24,IT,Groupama - FDJ United,,,",,",526,13799
17,RR,22 July 2026,Chambéry,Voiron,174.7,2362,70,47.383,Sprint of small group,Velasco Simone,https://www.procyclingstats.com/rider/simone-velasco,1995-12-02,1995,Italy,1.7,59.0,20.42,Bologna,125,finished,108,13293,67,Classic,30,IT,XDS Astana Team,,,",,",526,13799
17,RR,22 July 2026,Chambéry,Voiron,174.7,2362,70,47.383,Sprint of small group,Bennett George,https://www.procyclingstats.com/rider/george-bennett,1990-04-07,1990,New Zealand,1.81,58.0,17.7,Nelson,126,finished,84,11666,133,GC,36,NZ,NSN Cycling Team,,,",,",526,13799
17,RR,22 July 2026,Chambéry,Voiron,174.7,2362,70,47.383,Sprint of small group,Durbridge Luke,https://www.procyclingstats.com/rider/luke-durbridge,1991-04-09,1991,Australia,1.87,78.0,22.31,Greenmount,127,finished,113,13490,113,TT,35,AU,Team Jayco AlUla,,,",,",526,13799
17,RR,22 July 2026,Chambéry,Voiron,174.7,2362,70,47.383,Sprint of small group,Parra José Félix,https://www.procyclingstats.com/rider/jose-felix-parra,1997-01-16,1997,Spain,1.71,55.0,18.81,Ossa de Montiel,128,finished,45,7871,228,GC,29,ES,Caja Rural - Seguros RGA,,,",,",526,13799
17,RR,22 July 2026,Chambéry,Voiron,174.7,2362,70,47.383,Sprint of small group,Bittner Pavel,https://www.procyclingstats.com/rider/pavel-bittner,2002-10-29,2002,Czech Republic,1.84,73.0,21.56,Olomouc,129,finished,143,15278,213,Sprint,23,CZ,Team Picnic PostNL,,,",,",526,13799
17,RR,22 July 2026,Chambéry,Voiron,174.7,2362,70,47.383,Sprint of small group,Otruba Jakub,https://www.procyclingstats.com/rider/jakub-otruba,1998-01-30,1998,Czech Republic,1.9,75.0,20.78,Olomouc,130,finished,122,14029,227,GC,28,CZ,Caja Rural - Seguros RGA,,,",,",526,13799
17,RR,22 July 2026,Chambéry,Voiron,174.7,2362,70,47.383,Sprint of small group,Berwick Sebastian,https://www.procyclingstats.com/rider/sebastian-berwick,1999-12-15,1999,Australia,1.75,59.0,19.27,Brisbane,131,finished,100,12812,223,GC,26,AU,Caja Rural - Seguros RGA,,,",,",526,13799
17,RR,22 July 2026,Chambéry,Voiron,174.7,2362,70,47.383,Sprint of small group,Ackermann Pascal,https://www.procyclingstats.com/rider/pascal-ackermann,1994-01-17,1994,Germany,1.8,78.0,24.07,Kandel,132,finished,147,15408,112,Sprint,32,DE,Team Jayco AlUla,,,",,",526,13799
17,RR,22 July 2026,Chambéry,Voiron,174.7,2362,70,47.383,Sprint of small group,Abrahamsen Jonas,https://www.procyclingstats.com/rider/jonas-abrahamsen,1995-09-20,1995,Norway,1.83,78.0,23.29,Skien,133,finished,88,11853,122,Classic,30,NO,Uno-X Mobility,,,",,",526,13799
17,RR,22 July 2026,Chambéry,Voiron,174.7,2362,70,47.383,Sprint of small group,van Baarle Dylan,https://www.procyclingstats.com/rider/dylan-van-baarle,1992-05-21,1992,Netherlands,1.89,74.0,20.72,Voorburg,134,finished,135,14732,95,Classic,34,NL,Soudal Quick-Step,,,",,",526,13799
17,RR,22 July 2026,Chambéry,Voiron,174.7,2362,70,47.383,Sprint of small group,Van Eetvelt Lennert,https://www.procyclingstats.com/rider/lennert-van-eetvelt,2001-07-17,2001,Belgium,1.76,63.0,20.34,Binkom,135,finished,29,5992,156,Climber,25,BE,Lotto Intermarché,,,",,",526,13799
17,RR,22 July 2026,Chambéry,Voiron,174.7,2362,70,47.383,Sprint of small group,Slock Liam,https://www.procyclingstats.com/rider/liam-slock,2000-09-18,2000,Belgium,1.88,74.0,20.94,Ghent,136,finished,134,14714,155,GC,25,BE,Lotto Intermarché,,,",,",526,13799
17,RR,22 July 2026,Chambéry,Voiron,174.7,2362,70,47.383,Sprint of small group,Barguil Warren,https://www.procyclingstats.com/rider/warren-barguil,1991-10-28,1991,France,1.83,61.0,18.21,Hennebont,137,finished,103,12916,211,Climber,34,FR,Team Picnic PostNL,,,",,",526,13799
17,RR,22 July 2026,Chambéry,Voiron,174.7,2362,70,47.383,Sprint of small group,Izagirre Ion,https://www.procyclingstats.com/rider/ion-izagirre,1989-02-04,1989,Spain,1.73,60.0,20.05,Ormaiztegi,138,finished,48,8115,161,GC,37,ES,Cofidis,,,",,",526,13799
17,RR,22 July 2026,Chambéry,Voiron,174.7,2362,70,47.383,Sprint of small group,Higuita Sergio,https://www.procyclingstats.com/rider/sergio-higuita,1997-08-01,1997,Colombia,1.66,57.0,20.69,Medellín,139,finished,49,8239,61,Climber,28,CO,XDS Astana Team,,,",,",526,13799
17,RR,22 July 2026,Chambéry,Voiron,174.7,2362,70,47.383,Sprint of small group,Vinokurov Nicolas,https://www.procyclingstats.com/rider/nicolas-vinokurov,2002-07-07,2002,Kazakhstan,1.84,69.0,20.38,Nice,140,finished,93,12222,68,GC,24,KZ,XDS Astana Team,,,",,",526,13799
17,RR,22 July 2026,Chambéry,Voiron,174.7,2362,70,47.383,Sprint of small group,Veistroffer Baptiste,https://www.procyclingstats.com/rider/baptiste-veistroffer,2000-05-29,2000,France,1.82,73.0,22.04,Fouesnant,141,finished,155,16045,157,Hills,26,FR,Lotto Intermarché,,,",,",526,13799
17,RR,22 July 2026,Chambéry,Voiron,174.7,2362,70,47.383,Sprint of small group,Kirsch Alex,https://www.procyclingstats.com/rider/alex-kirsch,1992-06-12,1992,Luxembourg,1.94,78.0,20.72,Luxembourg,142,finished,125,14134,166,TT,34,LU,Cofidis,,,",,",526,13799
17,RR,22 July 2026,Chambéry,Voiron,174.7,2362,70,47.383,Sprint of small group,Costiou Ewen,https://www.procyclingstats.com/rider/ewen-costiou,2002-11-10,2002,France,1.76,64.0,20.66,Brest,143,finished,66,10327,184,GC,23,FR,Groupama - FDJ United,,,9:13,553,13826
17,RR,22 July 2026,Chambéry,Voiron,174.7,2362,70,47.383,Sprint of small group,Foss Tobias,https://www.procyclingstats.com/rider/tobias-foss,1997-05-25,1997,Norway,1.84,74.0,21.86,Vingrom,144,finished,43,7756,83,TT,29,NO,Netcompany INEOS,,,",,",553,13826
17,RR,22 July 2026,Chambéry,Voiron,174.7,2362,70,47.383,Sprint of small group,Thomas Benjamin,https://www.procyclingstats.com/rider/benjamin-thomas-2,1995-09-12,1995,France,1.79,68.0,21.22,Lavaur,145,finished,111,13370,168,TT,30,FR,Cofidis,,,9:18,558,13831
17,RR,22 July 2026,Chambéry,Voiron,174.7,2362,70,47.383,Sprint of small group,Steinhauser Georg,https://www.procyclingstats.com/rider/georg-steinhauser,2001-10-21,2001,Germany,1.89,70.0,19.6,Lindenberg im Allgäu,146,finished,117,13808,46,Climber,24,DE,EF Education - EasyPost,,,",,",558,13831
17,RR,22 July 2026,Chambéry,Voiron,174.7,2362,70,47.383,Sprint of small group,Storer Michael,https://www.procyclingstats.com/rider/michael-storer,1997-02-28,1997,Australia,1.77,63.0,20.11,Perth,147,finished,102,12911,196,Climber,29,AU,Tudor Pro Cycling Team,,,",,",558,13831
17,RR,22 July 2026,Chambéry,Voiron,174.7,2362,70,47.383,Sprint of small group,Paret-Peintre Valentin,https://www.procyclingstats.com/rider/valentin-paret-peintre,2001-01-14,2001,France,1.78,52.0,16.41,Annemasse,148,finished,44,7844,93,Climber,25,FR,Soudal Quick-Step,,,9:27,567,13840
17,RR,22 July 2026,Chambéry,Voiron,174.7,2362,70,47.383,Sprint of small group,van den Broek Frank,https://www.procyclingstats.com/rider/frank-van-den-broek,2000-12-28,2000,Netherlands,1.78,70.0,22.09,Warmond,149,finished,110,13315,218,GC,25,NL,Team Picnic PostNL,,,10:07,607,13880
17,RR,22 July 2026,Chambéry,Voiron,174.7,2362,70,47.383,Sprint of small group,Breuillard Nicolas,https://www.procyclingstats.com/rider/nicolas-breuillard,2000-03-13,2000,France,1.75,,,Pertuis,150,finished,58,9350,202,GC,26,FR,TotalEnergies,,,10:24,624,13897
17,RR,22 July 2026,Chambéry,Voiron,174.7,2362,70,47.383,Sprint of small group,Bauhaus Phil,https://www.procyclingstats.com/rider/phil-bauhaus,1994-07-08,1994,Germany,1.84,75.0,22.15,Bocholt,151,finished,162,16615,72,Sprint,32,DE,Bahrain - Victorious,,,10:52,652,13925
17,RR,22 July 2026,Chambéry,Voiron,174.7,2362,70,47.383,Sprint of small group,van den Berg Julius,https://www.procyclingstats.com/rider/julius-van-den-berg,1996-10-23,1996,Netherlands,1.9,78.0,21.61,Purmerend,152,finished,160,16428,217,Sprint,29,NL,Team Picnic PostNL,,,10:57,657,13930
17,RR,22 July 2026,Chambéry,Voiron,174.7,2362,70,47.383,Sprint of small group,Hoole Daan,https://www.procyclingstats.com/rider/daan-hoole,1999-02-22,1999,Netherlands,1.98,84.0,21.43,Zuidland,153,finished,136,14791,54,TT,27,NL,Decathlon CMA CGM Team,,,",,",657,13930
17,RR,22 July 2026,Chambéry,Voiron,174.7,2362,70,47.383,Sprint of small group,Kanter Max,https://www.procyclingstats.com/rider/max-kanter,1997-10-22,1997,Germany,1.76,68.0,21.95,Cottbus,154,finished,149,15486,64,Sprint,28,DE,XDS Astana Team,,,",,",657,13930
17,RR,22 July 2026,Chambéry,Voiron,174.7,2362,70,47.383,Sprint of small group,Stewart Jake,https://www.procyclingstats.com/rider/jake-stewart,1999-10-02,1999,Great Britain,1.79,66.0,20.6,Coventry,155,finished,156,16081,137,Hills,26,GB,NSN Cycling Team,,,",,",657,13930
17,RR,22 July 2026,Chambéry,Voiron,174.7,2362,70,47.383,Sprint of small group,Bol Cees,https://www.procyclingstats.com/rider/cees-bol,1995-07-27,1995,Netherlands,1.94,83.0,22.05,Zaandam,156,finished,164,16821,53,Sprint,30,NL,Decathlon CMA CGM Team,,,",,",657,13930
17,RR,22 July 2026,Chambéry,Voiron,174.7,2362,70,47.383,Sprint of small group,Ballerini Davide,https://www.procyclingstats.com/rider/davide-ballerini,1994-09-21,1994,Italy,1.83,71.0,21.2,Cantù,157,finished,157,16146,62,Classic,31,IT,XDS Astana Team,,,",,",657,13930
17,RR,22 July 2026,Chambéry,Voiron,174.7,2362,70,47.383,Sprint of small group,Nicolau Joel,https://www.procyclingstats.com/rider/joel-nicolau,1997-12-23,1997,Spain,1.76,66.0,21.31,Llofriu,158,finished,139,14854,225,Hills,28,ES,Caja Rural - Seguros RGA,,,11:07,667,13940
17,RR,22 July 2026,Chambéry,Voiron,174.7,2362,70,47.383,Sprint of small group,Cort Magnus,https://www.procyclingstats.com/rider/magnus-cort-nielsen,1993-01-16,1993,Denmark,1.84,68.0,20.09,Rønne,159,finished,101,12887,124,Hills,33,DK,Uno-X Mobility,,,",,",667,13940
17,RR,22 July 2026,Chambéry,Voiron,174.7,2362,70,47.383,Sprint of small group,Wærenskjold Søren,https://www.procyclingstats.com/rider/soren-waerenskjold,2000-03-12,2000,Norway,1.95,92.0,24.19,Mandal,160,finished,146,15408,128,Classic,26,NO,Uno-X Mobility,,,11:32,692,13965
17,RR,22 July 2026,Chambéry,Voiron,174.7,2362,70,47.383,Sprint of small group,Wellens Tim,https://www.procyclingstats.com/rider/tim-wellens,1991-05-10,1991,Belgium,1.82,71.0,21.43,Sint-Truiden,161,finished,60,9605,7,GC,35,BE,UAE Team Emirates - XRG,,,26:36,1596,14869
17,RR,22 July 2026,Chambéry,Voiron,174.7,2362,70,47.383,Sprint of small group,Yates Adam,https://www.procyclingstats.com/rider/adam-yates,1992-08-07,1992,Great Britain,1.73,58.0,19.38,Bury,162,finished,15,2824,8,Climber,33,GB,UAE Team Emirates - XRG,,,",,",1596,14869
17,RR,22 July 2026,Chambéry,Voiron,174.7,2362,70,47.383,Sprint of small group,Johannessen Anders Halland,https://www.procyclingstats.com/rider/anders-halland-johannessen,1999-08-23,1999,Norway,1.76,,,Drøbak,163,finished,90,12009,125,GC,26,NO,Uno-X Mobility,,,",,",1596,14869
17,RR,22 July 2026,Chambéry,Voiron,174.7,2362,70,47.383,Sprint of small group,Cepeda Jefferson Alveiro,https://www.procyclingstats.com/rider/jefferson-cepeda-hernandez,1996-03-02,1996,Ecuador,1.7,61.0,21.11,El Playón,164,finished,105,13147,143,GC,30,EC,Movistar Team,,,28:29,1709,14982
18,RR,23 July 2026,Voiron,Orcières-Merlette,185.2,3944,233,41.72,3.4 km solo,Carapaz Richard,https://www.procyclingstats.com/rider/richard-carapaz,1993-05-29,1993,Ecuador,1.7,62.0,21.45,El Carmelo,1,finished,10,1260,41,Climber,33,EC,EF Education - EasyPost,210.0,100.0,4:26:21,0,15981
18,RR,23 July 2026,Voiron,Orcières-Merlette,185.2,3944,233,41.72,3.4 km solo,Schmid Mauro,https://www.procyclingstats.com/rider/mauro-schmid,1999-12-04,1999,Switzerland,1.87,70.0,20.02,Bülach,2,finished,35,7431,118,Hills,26,CH,Team Jayco AlUla,150.0,70.0,0:45,45,16026
18,RR,23 July 2026,Voiron,Orcières-Merlette,185.2,3944,233,41.72,3.4 km solo,Jorgenson Matteo,https://www.procyclingstats.com/rider/matteo-jorgenson,1999-07-01,1999,United States,1.9,69.0,19.11,Walnut Creek,3,finished,26,5791,16,GC,27,US,Team Visma | Lease a Bike,110.0,50.0,",,",45,16026
18,RR,23 July 2026,Voiron,Orcières-Merlette,185.2,3944,233,41.72,3.4 km solo,Paret-Peintre Valentin,https://www.procyclingstats.com/rider/valentin-paret-peintre,2001-01-14,2001,France,1.78,52.0,16.41,Annemasse,4,finished,39,7643,93,Climber,25,FR,Soudal Quick-Step,90.0,40.0,1:14,74,16055
18,RR,23 July 2026,Voiron,Orcières-Merlette,185.2,3944,233,41.72,3.4 km solo,Johannessen Tobias Halland,https://www.procyclingstats.com/rider/tobias-halland-johannessen,1999-08-23,1999,Norway,1.76,62.0,20.02,Drøbak,5,finished,14,2921,121,Climber,26,NO,Uno-X Mobility,70.0,32.0,1:57,117,16098
18,RR,23 July 2026,Voiron,Orcières-Merlette,185.2,3944,233,41.72,3.4 km solo,García Pierna Raúl,https://www.procyclingstats.com/rider/raul-garcia-pierna,2001-02-23,2001,Spain,1.75,67.0,21.88,Tres Cantos,6,finished,29,6710,144,Climber,25,ES,Movistar Team,55.0,26.0,2:12,132,16113
18,RR,23 July 2026,Voiron,Orcières-Merlette,185.2,3944,233,41.72,3.4 km solo,Castrillo Pablo,https://www.procyclingstats.com/rider/pablo-castrillo-zapater,2001-01-02,2001,Spain,1.83,74.0,22.1,Jaca,7,finished,24,5231,142,Climber,25,ES,Movistar Team,45.0,22.0,4:30,270,16251
18,RR,23 July 2026,Voiron,Orcières-Merlette,185.2,3944,233,41.72,3.4 km solo,Martinez Lenny,https://www.procyclingstats.com/rider/lenny-martinez,2003-07-11,2003,France,1.68,52.0,18.42,Cannes,8,finished,7,770,71,Climber,23,FR,Bahrain - Victorious,40.0,18.0,4:35,275,16256
18,RR,23 July 2026,Voiron,Orcières-Merlette,185.2,3944,233,41.72,3.4 km solo,Evenepoel Remco,https://www.procyclingstats.com/rider/remco-evenepoel,2000-01-25,2000,Belgium,1.71,63.0,21.55,Aalst,9,finished,2,272,21,Climber,26,BE,Red Bull - BORA - hansgrohe,35.0,14.0,",,",275,16256
18,RR,23 July 2026,Voiron,Orcières-Merlette,185.2,3944,233,41.72,3.4 km solo,Pidcock Tom,https://www.procyclingstats.com/rider/tom-pidcock,1999-07-30,1999,Great Britain,1.7,58.0,20.07,Leeds,10,finished,8,778,171,Classic,26,GB,Pinarello Q36.5 Pro Cycling Team,30.0,10.0,",,",275,16256
18,RR,23 July 2026,Voiron,Orcières-Merlette,185.2,3944,233,41.72,3.4 km solo,Jegat Jordan,https://www.procyclingstats.com/rider/jordan-jegat,1999-06-07,1999,France,1.76,59.0,19.05,Vannes,11,finished,9,844,201,Climber,27,FR,TotalEnergies,25.0,8.0,",,",275,16256
18,RR,23 July 2026,Voiron,Orcières-Merlette,185.2,3944,233,41.72,3.4 km solo,Ayuso Juan,https://www.procyclingstats.com/rider/juan-ayuso-pesquera,2002-09-16,2002,Spain,1.83,65.0,19.41,Barcelona,12,finished,5,562,31,Climber,23,ES,Lidl - Trek,20.0,6.0,",,",275,16256
18,RR,23 July 2026,Voiron,Orcières-Merlette,185.2,3944,233,41.72,3.4 km solo,Pogačar Tadej,https://www.procyclingstats.com/rider/tadej-pogacar,1998-09-21,1998,Slovenia,1.76,66.0,21.31,Klanec,13,finished,1,0,1,Climber,27,SI,UAE Team Emirates - XRG,15.0,4.0,",,",275,16256
18,RR,23 July 2026,Voiron,Orcières-Merlette,185.2,3944,233,41.72,3.4 km solo,Skjelmose Mattias,https://www.procyclingstats.com/rider/mattias-skjelmose-jensen,2000-09-26,2000,Denmark,1.8,65.0,20.06,Copenhagen,14,finished,6,614,35,Climber,25,DK,Lidl - Trek,10.0,2.0,",,",275,16256
18,RR,23 July 2026,Voiron,Orcières-Merlette,185.2,3944,233,41.72,3.4 km solo,Prodhomme Nicolas,https://www.procyclingstats.com/rider/nicolas-prodhomme,1997-02-01,1997,France,1.74,63.0,20.81,L'Aigle,15,finished,17,4059,57,GC,29,FR,Decathlon CMA CGM Team,5.0,1.0,",,",275,16256
18,RR,23 July 2026,Voiron,Orcières-Merlette,185.2,3944,233,41.72,3.4 km solo,Seixas Paul,https://www.procyclingstats.com/rider/paul-seixas,2006-09-24,2006,France,1.86,64.0,18.5,Lyon,16,finished,4,431,51,Climber,19,FR,Decathlon CMA CGM Team,,,",,",275,16256
18,RR,23 July 2026,Voiron,Orcières-Merlette,185.2,3944,233,41.72,3.4 km solo,del Toro Isaac,https://www.procyclingstats.com/rider/isaac-del-toro,2003-11-27,2003,Mexico,1.8,64.0,19.75,Ensenada,17,finished,3,411,2,Climber,22,MX,UAE Team Emirates - XRG,,,",,",275,16256
18,RR,23 July 2026,Voiron,Orcières-Merlette,185.2,3944,233,41.72,3.4 km solo,Riccitello Matthew,https://www.procyclingstats.com/rider/matthew-riccitello,2002-03-05,2002,United States,1.72,55.0,18.59,Tucson,18,finished,34,7302,58,Climber,24,US,Decathlon CMA CGM Team,,,",,",275,16256
18,RR,23 July 2026,Voiron,Orcières-Merlette,185.2,3944,233,41.72,3.4 km solo,Voisard Yannis,https://www.procyclingstats.com/rider/yannis-voisard,1998-07-26,1998,Switzerland,,56.0,,Fontenais,19,finished,11,1458,198,GC,27,CH,Tudor Pro Cycling Team,,,",,",275,16256
18,RR,23 July 2026,Voiron,Orcières-Merlette,185.2,3944,233,41.72,3.4 km solo,Hindley Jai,https://www.procyclingstats.com/rider/jai-hindley,1996-05-05,1996,Australia,1.75,60.0,19.59,Perth,20,finished,18,4141,24,Climber,30,AU,Red Bull - BORA - hansgrohe,,,4:39,279,16260
18,RR,23 July 2026,Voiron,Orcières-Merlette,185.2,3944,233,41.72,3.4 km solo,Gee-West Derek,https://www.procyclingstats.com/rider/derek-gee,1997-08-03,1997,Canada,1.89,72.0,20.16,Ottawa,21,finished,25,5628,32,Climber,28,CA,Lidl - Trek,,,5:04,304,16285
18,RR,23 July 2026,Voiron,Orcières-Merlette,185.2,3944,233,41.72,3.4 km solo,Engelhardt Felix,https://www.procyclingstats.com/rider/felix-engelhardt,2000-08-19,2000,Germany,1.8,68.0,20.99,Ulm,22,finished,77,12389,114,Classic,25,DE,Team Jayco AlUla,,,5:16,316,16297
18,RR,23 July 2026,Voiron,Orcières-Merlette,185.2,3944,233,41.72,3.4 km solo,Verona Carlos,https://www.procyclingstats.com/rider/carlos-verona,1992-11-04,1992,Spain,1.86,68.0,19.66,San Lorenzo de El Escorial,23,finished,23,4941,38,GC,33,ES,Lidl - Trek,,,5:31,331,16312
18,RR,23 July 2026,Voiron,Orcières-Merlette,185.2,3944,233,41.72,3.4 km solo,Higuita Sergio,https://www.procyclingstats.com/rider/sergio-higuita,1997-08-01,1997,Colombia,1.66,57.0,20.69,Medellín,24,finished,44,8312,61,Climber,28,CO,XDS Astana Team,,,5:48,348,16329
18,RR,23 July 2026,Voiron,Orcières-Merlette,185.2,3944,233,41.72,3.4 km solo,Simmons Quinn,https://www.procyclingstats.com/rider/quinn-simmons,2001-05-08,2001,United States,1.85,73.0,21.33,Durango,25,finished,22,4795,34,Hills,25,US,Lidl - Trek,,,5:51,351,16332
18,RR,23 July 2026,Voiron,Orcières-Merlette,185.2,3944,233,41.72,3.4 km solo,Van Wilder Ilan,https://www.procyclingstats.com/rider/ilan-van-wilder,2000-05-14,2000,Belgium,1.71,64.0,21.89,Jette,26,finished,12,1590,97,GC,26,BE,Soudal Quick-Step,,,6:03,363,16344
18,RR,23 July 2026,Voiron,Orcières-Merlette,185.2,3944,233,41.72,3.4 km solo,Van Gils Maxim,https://www.procyclingstats.com/rider/maxim-van-gils,1999-11-25,1999,Belgium,1.74,63.0,20.81,Brasschaat,27,finished,32,7157,28,Classic,26,BE,Red Bull - BORA - hansgrohe,,,6:46,406,16387
18,RR,23 July 2026,Voiron,Orcières-Merlette,185.2,3944,233,41.72,3.4 km solo,Martin Guillaume,https://www.procyclingstats.com/rider/guillaume-martin,1993-06-09,1993,France,1.73,55.0,18.38,Paris,28,finished,30,6887,186,Climber,33,FR,Groupama - FDJ United,,,7:49,469,16450
18,RR,23 July 2026,Voiron,Orcières-Merlette,185.2,3944,233,41.72,3.4 km solo,Caruso Damiano,https://www.procyclingstats.com/rider/damiano-caruso,1987-10-12,1987,Italy,1.79,67.0,20.91,Ragusa,29,finished,58,10278,73,GC,38,IT,Bahrain - Victorious,,,",,",469,16450
18,RR,23 July 2026,Voiron,Orcières-Merlette,185.2,3944,233,41.72,3.4 km solo,Pacher Quentin,https://www.procyclingstats.com/rider/quentin-pacher,1992-01-06,1992,France,1.79,62.0,19.35,Libourne,30,finished,60,10586,187,Hills,34,FR,Groupama - FDJ United,,,8:16,496,16477
18,RR,23 July 2026,Voiron,Orcières-Merlette,185.2,3944,233,41.72,3.4 km solo,Valgren Michael,https://www.procyclingstats.com/rider/michael-valgren-andersen,1992-02-07,1992,Denmark,1.79,71.0,22.16,Østerild,31,finished,52,9372,47,Classic,34,DK,EF Education - EasyPost,,,8:59,539,16520
18,RR,23 July 2026,Voiron,Orcières-Merlette,185.2,3944,233,41.72,3.4 km solo,Großschartner Felix,https://www.procyclingstats.com/rider/felix-grossschartner,1993-12-23,1993,Austria,1.84,64.0,18.9,Wels,32,finished,31,6991,3,GC,32,AT,UAE Team Emirates - XRG,,,",,",539,16520
18,RR,23 July 2026,Voiron,Orcières-Merlette,185.2,3944,233,41.72,3.4 km solo,Cattaneo Mattia,https://www.procyclingstats.com/rider/mattia-cattaneo,1990-10-25,1990,Italy,1.84,67.0,19.79,Alzano Lombardo,33,finished,43,8296,22,TT,35,IT,Red Bull - BORA - hansgrohe,,,",,",539,16520
18,RR,23 July 2026,Voiron,Orcières-Merlette,185.2,3944,233,41.72,3.4 km solo,Breuillard Nicolas,https://www.procyclingstats.com/rider/nicolas-breuillard,2000-03-13,2000,France,1.75,,,Pertuis,34,finished,54,9665,202,GC,26,FR,TotalEnergies,,,9:50,590,16571
18,RR,23 July 2026,Voiron,Orcières-Merlette,185.2,3944,233,41.72,3.4 km solo,Tejada Harold,https://www.procyclingstats.com/rider/harold-tejada,1997-04-27,1997,Colombia,1.8,63.0,19.44,Pitalito,35,finished,37,7560,65,Climber,29,CO,XDS Astana Team,,,11:04,664,16645
18,RR,23 July 2026,Voiron,Orcières-Merlette,185.2,3944,233,41.72,3.4 km solo,Paret-Peintre Aurélien,https://www.procyclingstats.com/rider/aurelien-paret-peintre,1996-02-27,1996,France,1.84,64.0,18.9,Annemasse,36,finished,51,9212,56,GC,30,FR,Decathlon CMA CGM Team,,,11:51,711,16692
18,RR,23 July 2026,Voiron,Orcières-Merlette,185.2,3944,233,41.72,3.4 km solo,Benoot Tiesj,https://www.procyclingstats.com/rider/tiesj-benoot,1994-03-11,1994,Belgium,1.9,72.0,19.94,Ghent,37,finished,20,4458,52,Classic,32,BE,Decathlon CMA CGM Team,,,",,",711,16692
18,RR,23 July 2026,Voiron,Orcières-Merlette,185.2,3944,233,41.72,3.4 km solo,Matthews Michael,https://www.procyclingstats.com/rider/michael-matthews,1990-09-26,1990,Australia,1.78,72.0,22.72,Canberra,38,finished,56,10012,115,Classic,35,AU,Team Jayco AlUla,,,12:30,750,16731
18,RR,23 July 2026,Voiron,Orcières-Merlette,185.2,3944,233,41.72,3.4 km solo,Grégoire Romain,https://www.procyclingstats.com/rider/romain-gregoire,2003-01-21,2003,France,1.76,64.0,20.66,Besançon,39,finished,55,9811,181,Classic,23,FR,Groupama - FDJ United,,,12:42,762,16743
18,RR,23 July 2026,Voiron,Orcières-Merlette,185.2,3944,233,41.72,3.4 km solo,Van Mechelen Vlad,https://www.procyclingstats.com/rider/vlad-van-mechelen,2004-06-02,2004,Belgium,1.83,73.0,21.8,Leuven,40,finished,66,11769,78,Sprint,22,BE,Bahrain - Victorious,,,12:50,770,16751
18,RR,23 July 2026,Voiron,Orcières-Merlette,185.2,3944,233,41.72,3.4 km solo,Delettre Alexandre,https://www.procyclingstats.com/rider/alexandre-delettre,1997-10-25,1997,France,1.7,62.0,21.45,Gonesse,41,finished,61,10594,204,Classic,28,FR,TotalEnergies,,,13:16,796,16777
18,RR,23 July 2026,Voiron,Orcières-Merlette,185.2,3944,233,41.72,3.4 km solo,Vacek Mathias,https://www.procyclingstats.com/rider/mathias-vacek,2002-06-12,2002,Czech Republic,1.88,75.0,21.22,Beroun,42,finished,48,8879,37,TT,24,CZ,Lidl - Trek,,,",,",796,16777
18,RR,23 July 2026,Voiron,Orcières-Merlette,185.2,3944,233,41.72,3.4 km solo,Armirail Bruno,https://www.procyclingstats.com/rider/bruno-armirail,1994-04-11,1994,France,1.9,72.0,19.94,Bagnères-de-Bigorre,43,finished,71,11907,13,TT,32,FR,Team Visma | Lease a Bike,,,13:43,823,16804
18,RR,23 July 2026,Voiron,Orcières-Merlette,185.2,3944,233,41.72,3.4 km solo,Kuss Sepp,https://www.procyclingstats.com/rider/sepp-kuss,1994-09-13,1994,United States,1.82,61.0,18.42,Durango,44,finished,16,3637,17,Climber,31,US,Team Visma | Lease a Bike,,,",,",823,16804
18,RR,23 July 2026,Voiron,Orcières-Merlette,185.2,3944,233,41.72,3.4 km solo,Braz Afonso Clément,https://www.procyclingstats.com/rider/clement-braz-afonso,1999-11-08,1999,France,1.63,50.0,18.82,Brive-la-Gaillarde,45,finished,49,8906,183,Climber,26,FR,Groupama - FDJ United,,,",,",823,16804
18,RR,23 July 2026,Voiron,Orcières-Merlette,185.2,3944,233,41.72,3.4 km solo,Rubio Einer,https://www.procyclingstats.com/rider/einer-rubio,1998-02-22,1998,Colombia,1.64,56.0,20.82,Chíquiza,46,finished,27,5921,148,Climber,28,CO,Movistar Team,,,14:07,847,16828
18,RR,23 July 2026,Voiron,Orcières-Merlette,185.2,3944,233,41.72,3.4 km solo,Bernal Egan,https://www.procyclingstats.com/rider/egan-bernal,1997-01-13,1997,Colombia,1.75,60.0,19.59,Bogotá,47,finished,15,2926,81,GC,29,CO,Netcompany INEOS,,,",,",847,16828
18,RR,23 July 2026,Voiron,Orcières-Merlette,185.2,3944,233,41.72,3.4 km solo,Arensman Thymen,https://www.procyclingstats.com/rider/thymen-arensman,1999-12-04,1999,Netherlands,1.9,68.0,18.84,Deil,48,finished,28,6448,82,GC,26,NL,Netcompany INEOS,,,",,",847,16828
18,RR,23 July 2026,Voiron,Orcières-Merlette,185.2,3944,233,41.72,3.4 km solo,Izagirre Ion,https://www.procyclingstats.com/rider/ion-izagirre,1989-02-04,1989,Spain,1.73,60.0,20.05,Ormaiztegi,49,finished,46,8687,161,GC,37,ES,Cofidis,,,",,",847,16828
18,RR,23 July 2026,Voiron,Orcières-Merlette,185.2,3944,233,41.72,3.4 km solo,Le Berre Mathis,https://www.procyclingstats.com/rider/mathis-le-berre,2001-04-16,2001,France,1.76,68.0,21.95,Saint-Brieuc,50,finished,74,12046,206,Hills,25,FR,TotalEnergies,,,",,",847,16828
18,RR,23 July 2026,Voiron,Orcières-Merlette,185.2,3944,233,41.72,3.4 km solo,O'Connor Ben,https://www.procyclingstats.com/rider/ben-o-connor,1995-11-25,1995,Australia,1.88,67.0,18.96,Subiaco,51,finished,40,7938,111,GC,30,AU,Team Jayco AlUla,,,14:17,857,16838
18,RR,23 July 2026,Voiron,Orcières-Merlette,185.2,3944,233,41.72,3.4 km solo,Baudin Alex,https://www.procyclingstats.com/rider/alex-baudin,2001-05-25,2001,France,1.83,64.0,19.11,Albertville,52,finished,41,8017,43,Climber,25,FR,EF Education - EasyPost,,,14:58,898,16879
18,RR,23 July 2026,Voiron,Orcières-Merlette,185.2,3944,233,41.72,3.4 km solo,Delbove Joris,https://www.procyclingstats.com/rider/joris-delbove,2000-07-15,2000,France,,,,Troyes,53,finished,53,9467,203,GC,26,FR,TotalEnergies,,,",,",898,16879
18,RR,23 July 2026,Voiron,Orcières-Merlette,185.2,3944,233,41.72,3.4 km solo,Hirschi Marc,https://www.procyclingstats.com/rider/marc-hirschi,1998-08-24,1998,Switzerland,1.74,61.0,20.15,Bern,54,finished,50,9088,194,Classic,27,CH,Tudor Pro Cycling Team,,,15:32,932,16913
18,RR,23 July 2026,Voiron,Orcières-Merlette,185.2,3944,233,41.72,3.4 km solo,Balderstone Abel,https://www.procyclingstats.com/rider/abel-balderstone-roumens,2000-07-07,2000,Spain,1.79,61.0,19.04,Ullastrell,55,finished,47,8728,222,GC,26,ES,Caja Rural - Seguros RGA,,,15:54,954,16935
18,RR,23 July 2026,Voiron,Orcières-Merlette,185.2,3944,233,41.72,3.4 km solo,Foss Tobias,https://www.procyclingstats.com/rider/tobias-foss,1997-05-25,1997,Norway,1.84,74.0,21.86,Vingrom,56,finished,45,8464,83,TT,29,NO,Netcompany INEOS,,,16:23,983,16964
18,RR,23 July 2026,Voiron,Orcières-Merlette,185.2,3944,233,41.72,3.4 km solo,Storer Michael,https://www.procyclingstats.com/rider/michael-storer,1997-02-28,1997,Australia,1.77,63.0,20.11,Perth,57,finished,96,13619,196,Climber,29,AU,Tudor Pro Cycling Team,,,",,",983,16964
18,RR,23 July 2026,Voiron,Orcières-Merlette,185.2,3944,233,41.72,3.4 km solo,Hermans Quinten,https://www.procyclingstats.com/rider/quinten-hermans,1995-07-29,1995,Belgium,1.74,62.0,20.48,Antwerp,58,finished,36,7466,174,Hills,30,BE,Pinarello Q36.5 Pro Cycling Team,,,",,",983,16964
18,RR,23 July 2026,Voiron,Orcières-Merlette,185.2,3944,233,41.72,3.4 km solo,Cort Magnus,https://www.procyclingstats.com/rider/magnus-cort-nielsen,1993-01-16,1993,Denmark,1.84,68.0,20.09,Rønne,59,finished,94,13595,124,Hills,33,DK,Uno-X Mobility,,,",,",983,16964
18,RR,23 July 2026,Voiron,Orcières-Merlette,185.2,3944,233,41.72,3.4 km solo,Healy Ben,https://www.procyclingstats.com/rider/ben-healy,2000-09-11,2000,Ireland,1.75,62.0,20.24,Kingswinford Previous nationalities Great Britain until 2016,60,finished,62,10708,44,Climber,25,IE,EF Education - EasyPost,,,",,",983,16964
18,RR,23 July 2026,Voiron,Orcières-Merlette,185.2,3944,233,41.72,3.4 km solo,Asgreen Kasper,https://www.procyclingstats.com/rider/kasper-asgreen,1995-02-08,1995,Denmark,1.93,75.0,20.13,Kolding,61,finished,79,12589,42,TT,31,DK,EF Education - EasyPost,,,17:11,1031,17012
18,RR,23 July 2026,Voiron,Orcières-Merlette,185.2,3944,233,41.72,3.4 km solo,Quinn Sean,https://www.procyclingstats.com/rider/sean-quinn,2000-05-10,2000,United States,1.87,67.0,19.16,Los Angeles,62,finished,21,4763,45,GC,26,US,EF Education - EasyPost,,,",,",1031,17012
18,RR,23 July 2026,Voiron,Orcières-Merlette,185.2,3944,233,41.72,3.4 km solo,Russo Clément,https://www.procyclingstats.com/rider/clement-russo,1995-01-20,1995,France,1.87,74.0,21.16,Lyon,63,finished,65,11701,188,Classic,31,FR,Groupama - FDJ United,,,",,",1031,17012
18,RR,23 July 2026,Voiron,Orcières-Merlette,185.2,3944,233,41.72,3.4 km solo,Bennett George,https://www.procyclingstats.com/rider/george-bennett,1990-04-07,1990,New Zealand,1.81,58.0,17.7,Nelson,64,finished,78,12457,133,GC,36,NZ,NSN Cycling Team,,,17:46,1066,17047
18,RR,23 July 2026,Voiron,Orcières-Merlette,185.2,3944,233,41.72,3.4 km solo,Frigo Marco,https://www.procyclingstats.com/rider/marco-frigo,2000-03-02,2000,Italy,1.88,70.0,19.81,Bassano del Grappa,65,finished,90,13233,134,Climber,26,IT,NSN Cycling Team,,,",,",1066,17047
18,RR,23 July 2026,Voiron,Orcières-Merlette,185.2,3944,233,41.72,3.4 km solo,Berwick Sebastian,https://www.procyclingstats.com/rider/sebastian-berwick,1999-12-15,1999,Australia,1.75,59.0,19.27,Brisbane,66,finished,95,13603,223,GC,26,AU,Caja Rural - Seguros RGA,,,",,",1066,17047
18,RR,23 July 2026,Voiron,Orcières-Merlette,185.2,3944,233,41.72,3.4 km solo,Otruba Jakub,https://www.procyclingstats.com/rider/jakub-otruba,1998-01-30,1998,Czech Republic,1.9,75.0,20.78,Olomouc,67,finished,109,14820,227,GC,28,CZ,Caja Rural - Seguros RGA,,,",,",1066,17047
18,RR,23 July 2026,Voiron,Orcières-Merlette,185.2,3944,233,41.72,3.4 km solo,Turgis Anthony,https://www.procyclingstats.com/rider/anthony-turgis,1994-05-16,1994,France,1.78,70.0,22.09,Bourg-la-Reine,68,finished,110,14893,207,Classic,32,FR,TotalEnergies,,,",,",1066,17047
18,RR,23 July 2026,Voiron,Orcières-Merlette,185.2,3944,233,41.72,3.4 km solo,Vauquelin Kévin,https://www.procyclingstats.com/rider/kevin-vauquelin,2001-04-26,2001,France,1.76,69.0,22.28,Bayeux,69,finished,33,7267,88,GC,25,FR,Netcompany INEOS,,,",,",1066,17047
18,RR,23 July 2026,Voiron,Orcières-Merlette,185.2,3944,233,41.72,3.4 km solo,Oliveira Nelson,https://www.procyclingstats.com/rider/nelson-oliveira,1989-03-06,1989,Portugal,1.8,67.0,20.68,Anadia,70,finished,73,11965,146,TT,37,PT,Movistar Team,,,18:01,1081,17062
18,RR,23 July 2026,Voiron,Orcières-Merlette,185.2,3944,233,41.72,3.4 km solo,Stuyven Jasper,https://www.procyclingstats.com/rider/jasper-stuyven,1992-04-17,1992,Belgium,1.87,80.0,22.88,Leuven,71,finished,64,11686,94,Classic,34,BE,Soudal Quick-Step,,,",,",1081,17062
18,RR,23 July 2026,Voiron,Orcières-Merlette,185.2,3944,233,41.72,3.4 km solo,Vervaeke Louis,https://www.procyclingstats.com/rider/louis-vervaeke,1993-10-06,1993,Belgium,1.81,68.0,20.76,Ronse,72,finished,67,11823,98,GC,32,BE,Soudal Quick-Step,,,",,",1081,17062
18,RR,23 July 2026,Voiron,Orcières-Merlette,185.2,3944,233,41.72,3.4 km solo,Skaarseth Anders,https://www.procyclingstats.com/rider/anders-skaarseth,1995-05-07,1995,Norway,1.86,,,Lillehammer,73,finished,59,10570,126,Classic,31,NO,Uno-X Mobility,,,18:29,1109,17090
18,RR,23 July 2026,Voiron,Orcières-Merlette,185.2,3944,233,41.72,3.4 km solo,Romo Javier,https://www.procyclingstats.com/rider/javier-romo,1999-01-06,1999,Spain,1.84,70.0,20.68,Villafranca de los Caballeros,74,finished,63,10893,147,GC,27,ES,Movistar Team,,,18:56,1136,17117
18,RR,23 July 2026,Voiron,Orcières-Merlette,185.2,3944,233,41.72,3.4 km solo,Politt Nils,https://www.procyclingstats.com/rider/nils-politt,1994-03-06,1994,Germany,1.92,80.0,21.7,Cologne,75,finished,69,11868,5,Classic,32,DE,UAE Team Emirates - XRG,,,19:07,1147,17128
18,RR,23 July 2026,Voiron,Orcières-Merlette,185.2,3944,233,41.72,3.4 km solo,Abrahamsen Jonas,https://www.procyclingstats.com/rider/jonas-abrahamsen,1995-09-20,1995,Norway,1.83,78.0,23.29,Skien,76,finished,82,12741,122,Classic,30,NO,Uno-X Mobility,,,19:23,1163,17144
18,RR,23 July 2026,Voiron,Orcières-Merlette,185.2,3944,233,41.72,3.4 km solo,Azparren Xabier Mikel,https://www.procyclingstats.com/rider/xabier-mikel-azparren-irurzun,1999-02-25,1999,Spain,,,,San Sebastián,77,finished,103,14291,172,TT,27,ES,Pinarello Q36.5 Pro Cycling Team,,,19:27,1167,17148
18,RR,23 July 2026,Voiron,Orcières-Merlette,185.2,3944,233,41.72,3.4 km solo,Meurisse Xandro,https://www.procyclingstats.com/rider/xandro-meurisse,1992-01-31,1992,Belgium,1.81,68.0,20.76,Kortrijk,78,finished,57,10096,176,GC,34,BE,Pinarello Q36.5 Pro Cycling Team,,,20:01,1201,17182
18,RR,23 July 2026,Voiron,Orcières-Merlette,185.2,3944,233,41.72,3.4 km solo,Van Moer Brent,https://www.procyclingstats.com/rider/brent-van-moer,1998-01-12,1998,Belgium,1.91,79.0,21.66,Beveren,79,finished,86,13045,177,Classic,28,BE,Pinarello Q36.5 Pro Cycling Team,,,",,",1201,17182
18,RR,23 July 2026,Voiron,Orcières-Merlette,185.2,3944,233,41.72,3.4 km solo,Kwiatkowski Michał,https://www.procyclingstats.com/rider/michal-kwiatkowski,1990-06-02,1990,Poland,1.76,68.0,21.95,Chełmża,80,finished,108,14804,86,Classic,36,PL,Netcompany INEOS,,,",,",1201,17182
18,RR,23 July 2026,Voiron,Orcières-Merlette,185.2,3944,233,41.72,3.4 km solo,Tarling Joshua,https://www.procyclingstats.com/rider/joshua-tarling,2004-02-15,2004,Great Britain,1.94,78.0,20.72,Aberaeron,81,finished,122,15573,87,TT,22,GB,Netcompany INEOS,,,",,",1201,17182
18,RR,23 July 2026,Voiron,Orcières-Merlette,185.2,3944,233,41.72,3.4 km solo,Barguil Warren,https://www.procyclingstats.com/rider/warren-barguil,1991-10-28,1991,France,1.83,61.0,18.21,Hennebont,82,finished,98,13842,211,Climber,34,FR,Team Picnic PostNL,,,",,",1201,17182
18,RR,23 July 2026,Voiron,Orcières-Merlette,185.2,3944,233,41.72,3.4 km solo,Dhondt Robbe,https://www.procyclingstats.com/rider/robbe-dhondt,2004-06-25,2004,Belgium,1.76,,,Zottegem,83,finished,117,15276,215,GC,22,BE,Team Picnic PostNL,,,20:50,1250,17231
18,RR,23 July 2026,Voiron,Orcières-Merlette,185.2,3944,233,41.72,3.4 km solo,van den Broek Frank,https://www.procyclingstats.com/rider/frank-van-den-broek,2000-12-28,2000,Netherlands,1.78,70.0,22.09,Warmond,84,finished,102,14290,218,GC,25,NL,Team Picnic PostNL,,,",,",1250,17231
18,RR,23 July 2026,Voiron,Orcières-Merlette,185.2,3944,233,41.72,3.4 km solo,Slock Liam,https://www.procyclingstats.com/rider/liam-slock,2000-09-18,2000,Belgium,1.88,74.0,20.94,Ghent,85,finished,124,15700,155,GC,25,BE,Lotto Intermarché,,,21:01,1261,17242
18,RR,23 July 2026,Voiron,Orcières-Merlette,185.2,3944,233,41.72,3.4 km solo,Tiberi Antonio,https://www.procyclingstats.com/rider/antonio-tiberi,2001-06-24,2001,Italy,1.82,62.0,18.72,Frosinone,86,finished,42,8181,77,GC,25,IT,Bahrain - Victorious,,,22:05,1325,17306
18,RR,23 July 2026,Voiron,Orcières-Merlette,185.2,3944,233,41.72,3.4 km solo,Skujiņš Toms,https://www.procyclingstats.com/rider/toms-skujins,1991-06-15,1991,Latvia,1.81,72.0,21.98,Sigulda,87,finished,89,13204,36,Classic,35,LV,Lidl - Trek,,,22:23,1343,17324
18,RR,23 July 2026,Voiron,Orcières-Merlette,185.2,3944,233,41.72,3.4 km solo,Tratnik Jan,https://www.procyclingstats.com/rider/jan-tratnik,1990-02-23,1990,Slovenia,1.73,67.0,22.39,Idrija,88,finished,85,12983,26,TT,36,SI,Red Bull - BORA - hansgrohe,,,",,",1343,17324
18,RR,23 July 2026,Voiron,Orcières-Merlette,185.2,3944,233,41.72,3.4 km solo,Pedersen Mads,https://www.procyclingstats.com/rider/mads-pedersen,1995-12-18,1995,Denmark,1.8,76.0,23.46,Tølløse,89,finished,76,12388,33,Classic,30,DK,Lidl - Trek,,,",,",1343,17324
18,RR,23 July 2026,Voiron,Orcières-Merlette,185.2,3944,233,41.72,3.4 km solo,Denz Nico,https://www.procyclingstats.com/rider/nico-denz,1994-02-15,1994,Germany,1.83,71.0,21.2,Waldshut-Tiengen,90,finished,93,13395,23,Hills,32,DE,Red Bull - BORA - hansgrohe,,,",,",1343,17324
18,RR,23 July 2026,Voiron,Orcières-Merlette,185.2,3944,233,41.72,3.4 km solo,Johannessen Anders Halland,https://www.procyclingstats.com/rider/anders-halland-johannessen,1999-08-23,1999,Norway,1.76,,,Drøbak,91,finished,87,13077,125,GC,26,NO,Uno-X Mobility,,,",,",1343,17324
18,RR,23 July 2026,Voiron,Orcières-Merlette,185.2,3944,233,41.72,3.4 km solo,Pluimers Rick,https://www.procyclingstats.com/rider/rick-pluimers,2000-12-07,2000,Netherlands,1.8,67.0,20.68,Enter,92,finished,68,11850,195,Hills,25,NL,Tudor Pro Cycling Team,,,22:29,1349,17330
18,RR,23 July 2026,Voiron,Orcières-Merlette,185.2,3944,233,41.72,3.4 km solo,Guernalec Thibault,https://www.procyclingstats.com/rider/thibault-guernalec,1997-07-31,1997,France,1.85,71.0,20.75,Châteaulin,93,finished,107,14792,205,TT,28,FR,TotalEnergies,,,24:41,1481,17462
18,RR,23 July 2026,Voiron,Orcières-Merlette,185.2,3944,233,41.72,3.4 km solo,Wærenskjold Søren,https://www.procyclingstats.com/rider/soren-waerenskjold,2000-03-12,2000,Norway,1.95,92.0,24.19,Mandal,94,finished,139,16641,128,Classic,26,NO,Uno-X Mobility,,,25:08,1508,17489
18,RR,23 July 2026,Voiron,Orcières-Merlette,185.2,3944,233,41.72,3.4 km solo,van der Poel Mathieu,https://www.procyclingstats.com/rider/mathieu-van-der-poel,1995-01-19,1995,Netherlands,1.84,75.0,22.15,Kapellen,95,finished,70,11905,101,Classic,31,NL,Alpecin - Premier Tech,,,25:20,1520,17501
18,RR,23 July 2026,Voiron,Orcières-Merlette,185.2,3944,233,41.72,3.4 km solo,Verstrynge Emiel,https://www.procyclingstats.com/rider/emiel-verstrynge,2002-02-04,2002,Belgium,1.89,69.0,19.32,Eeklo,96,finished,97,13748,108,Climber,24,BE,Alpecin - Premier Tech,,,",,",1520,17501
18,RR,23 July 2026,Voiron,Orcières-Merlette,185.2,3944,233,41.72,3.4 km solo,Piganzoli Davide,https://www.procyclingstats.com/rider/davide-piganzoli,2002-07-08,2002,Italy,1.74,61.0,20.15,Morbegno,97,finished,13,2893,18,GC,24,IT,Team Visma | Lease a Bike,,,",,",1520,17501
18,RR,23 July 2026,Voiron,Orcières-Merlette,185.2,3944,233,41.72,3.4 km solo,Durbridge Luke,https://www.procyclingstats.com/rider/luke-durbridge,1991-04-09,1991,Australia,1.87,78.0,22.31,Greenmount,98,finished,106,14746,113,TT,35,AU,Team Jayco AlUla,,,25:31,1531,17512
18,RR,23 July 2026,Voiron,Orcières-Merlette,185.2,3944,233,41.72,3.4 km solo,Hoole Daan,https://www.procyclingstats.com/rider/daan-hoole,1999-02-22,1999,Netherlands,1.98,84.0,21.43,Zuidland,99,finished,130,16085,54,TT,27,NL,Decathlon CMA CGM Team,,,26:09,1569,17550
18,RR,23 July 2026,Voiron,Orcières-Merlette,185.2,3944,233,41.72,3.4 km solo,Cepeda Jefferson Alveiro,https://www.procyclingstats.com/rider/jefferson-cepeda-hernandez,1996-03-02,1996,Ecuador,1.7,61.0,21.11,El Playón,100,finished,104,14508,143,GC,30,EC,Movistar Team,,,27:16,1636,17617
18,RR,23 July 2026,Voiron,Orcières-Merlette,185.2,3944,233,41.72,3.4 km solo,Howson Damien,https://www.procyclingstats.com/rider/damien-howson,1992-08-13,1992,Australia,1.88,68.0,19.24,Adelaide,101,finished,99,13865,175,GC,33,AU,Pinarello Q36.5 Pro Cycling Team,,,28:20,1700,17681
18,RR,23 July 2026,Voiron,Orcières-Merlette,185.2,3944,233,41.72,3.4 km solo,Yates Adam,https://www.procyclingstats.com/rider/adam-yates,1992-08-07,1992,Great Britain,1.73,58.0,19.38,Bury,102,finished,19,4284,8,Climber,33,GB,UAE Team Emirates - XRG,,,28:55,1735,17716
18,RR,23 July 2026,Voiron,Orcières-Merlette,185.2,3944,233,41.72,3.4 km solo,Campenaerts Victor,https://www.procyclingstats.com/rider/victor-campenaerts,1991-10-28,1991,Belgium,1.73,68.0,22.72,Hoboken,103,finished,81,12637,14,TT,34,BE,Team Visma | Lease a Bike,,,31:52,1912,17893
18,RR,23 July 2026,Voiron,Orcières-Merlette,185.2,3944,233,41.72,3.4 km solo,Eenkhoorn Pascal,https://www.procyclingstats.com/rider/pascal-eenkhoorn,1997-02-08,1997,Netherlands,1.85,72.0,21.04,Zwolle,104,finished,148,17355,92,Classic,29,NL,Soudal Quick-Step,,,",,",1912,17893
18,RR,23 July 2026,Voiron,Orcières-Merlette,185.2,3944,233,41.72,3.4 km solo,Märkl Niklas,https://www.procyclingstats.com/rider/niklas-markl,1999-03-03,1999,Germany,1.85,70.0,20.45,Queidersbach,105,finished,143,16991,216,Sprint,27,DE,Team Picnic PostNL,,,",,",1912,17893
18,RR,23 July 2026,Voiron,Orcières-Merlette,185.2,3944,233,41.72,3.4 km solo,Ackermann Pascal,https://www.procyclingstats.com/rider/pascal-ackermann,1994-01-17,1994,Germany,1.8,78.0,24.07,Kandel,106,finished,145,17045,112,Sprint,32,DE,Team Jayco AlUla,,,",,",1912,17893
18,RR,23 July 2026,Voiron,Orcières-Merlette,185.2,3944,233,41.72,3.4 km solo,Nicolau Joel,https://www.procyclingstats.com/rider/joel-nicolau,1997-12-23,1997,Spain,1.76,66.0,21.31,Llofriu,107,finished,134,16491,225,Hills,28,ES,Caja Rural - Seguros RGA,,,",,",1912,17893
18,RR,23 July 2026,Voiron,Orcières-Merlette,185.2,3944,233,41.72,3.4 km solo,Zimmermann Georg,https://www.procyclingstats.com/rider/georg-zimmermann,1997-10-11,1997,Germany,1.81,70.0,21.37,Augsburg,108,finished,88,13137,158,Classic,28,DE,Lotto Intermarché,,,",,",1912,17893
18,RR,23 July 2026,Voiron,Orcières-Merlette,185.2,3944,233,41.72,3.4 km solo,Marsman Tim,https://www.procyclingstats.com/rider/tim-marsman,2000-10-04,2000,Netherlands,1.91,75.0,20.56,Hattem,109,finished,138,16622,104,Sprint,25,NL,Alpecin - Premier Tech,,,",,",1912,17893
18,RR,23 July 2026,Voiron,Orcières-Merlette,185.2,3944,233,41.72,3.4 km solo,Dillier Silvan,https://www.procyclingstats.com/rider/silvan-dillier,1990-08-03,1990,Switzerland,1.83,75.0,22.4,Aarau,110,finished,144,17006,103,Classic,35,CH,Alpecin - Premier Tech,,,",,",1912,17893
18,RR,23 July 2026,Voiron,Orcières-Merlette,185.2,3944,233,41.72,3.4 km solo,Steinhauser Georg,https://www.procyclingstats.com/rider/georg-steinhauser,2001-10-21,2001,Germany,1.89,70.0,19.6,Lindenberg im Allgäu,111,finished,119,15445,46,Climber,24,DE,EF Education - EasyPost,,,",,",1912,17893
18,RR,23 July 2026,Voiron,Orcières-Merlette,185.2,3944,233,41.72,3.4 km solo,van Baarle Dylan,https://www.procyclingstats.com/rider/dylan-van-baarle,1992-05-21,1992,Netherlands,1.89,74.0,20.72,Voorburg,112,finished,133,16369,95,Classic,34,NL,Soudal Quick-Step,,,",,",1912,17893
18,RR,23 July 2026,Voiron,Orcières-Merlette,185.2,3944,233,41.72,3.4 km solo,Vermeersch Florian,https://www.procyclingstats.com/rider/florian-vermeersch,1999-03-12,1999,Belgium,1.93,85.0,22.82,Ghent,113,finished,120,15505,6,Classic,27,BE,UAE Team Emirates - XRG,,,",,",1912,17893
18,RR,23 July 2026,Voiron,Orcières-Merlette,185.2,3944,233,41.72,3.4 km solo,Gate Aaron,https://www.procyclingstats.com/rider/aaron-gate,1990-11-26,1990,New Zealand,1.81,71.0,21.67,Auckland,114,finished,121,15547,63,GC,35,NZ,XDS Astana Team,,,",,",1912,17893
18,RR,23 July 2026,Voiron,Orcières-Merlette,185.2,3944,233,41.72,3.4 km solo,Mohorič Matej,https://www.procyclingstats.com/rider/matej-mohoric,1994-10-19,1994,Slovenia,1.86,71.0,20.52,Kranj,115,finished,84,12981,75,Classic,31,SI,Bahrain - Victorious,,,",,",1912,17893
18,RR,23 July 2026,Voiron,Orcières-Merlette,185.2,3944,233,41.72,3.4 km solo,Bauhaus Phil,https://www.procyclingstats.com/rider/phil-bauhaus,1994-07-08,1994,Germany,1.84,75.0,22.15,Bocholt,116,finished,159,18252,72,Sprint,32,DE,Bahrain - Victorious,,,",,",1912,17893
18,RR,23 July 2026,Voiron,Orcières-Merlette,185.2,3944,233,41.72,3.4 km solo,Germani Lorenzo,https://www.procyclingstats.com/rider/lorenzo-germani,2002-03-03,2002,Italy,1.79,62.0,19.35,Sora,117,finished,83,12943,185,GC,24,IT,Groupama - FDJ United,,,",,",1912,17893
18,RR,23 July 2026,Voiron,Orcières-Merlette,185.2,3944,233,41.72,3.4 km solo,Rickaert Jonas,https://www.procyclingstats.com/rider/jonas-rickaert,1994-02-07,1994,Belgium,1.9,88.0,24.38,Sint-Eloois-Vijve,118,finished,118,15441,107,Classic,32,BE,Alpecin - Premier Tech,,,",,",1912,17893
18,RR,23 July 2026,Voiron,Orcières-Merlette,185.2,3944,233,41.72,3.4 km solo,Oldani Stefano,https://www.procyclingstats.com/rider/stefano-oldani,1998-01-10,1998,Italy,1.78,65.0,20.52,Milan,119,finished,126,15864,226,Hills,28,IT,Caja Rural - Seguros RGA,,,",,",1912,17893
18,RR,23 July 2026,Voiron,Orcières-Merlette,185.2,3944,233,41.72,3.4 km solo,van Dijke Tim,https://www.procyclingstats.com/rider/tim-van-dijke,2000-03-15,2000,Netherlands,1.89,74.0,20.72,Goes,120,finished,111,14920,27,Classic,26,NL,Red Bull - BORA - hansgrohe,,,",,",1912,17893
18,RR,23 July 2026,Voiron,Orcières-Merlette,185.2,3944,233,41.72,3.4 km solo,Aranburu Alex,https://www.procyclingstats.com/rider/alex-aranburu,1995-09-19,1995,Spain,1.78,63.0,19.88,Ezkio-Itsaso,121,finished,80,12592,163,Classic,30,ES,Cofidis,,,",,",1912,17893
18,RR,23 July 2026,Voiron,Orcières-Merlette,185.2,3944,233,41.72,3.4 km solo,Ganna Filippo,https://www.procyclingstats.com/rider/filippo-ganna,1996-07-25,1996,Italy,1.93,83.0,22.28,Verbania,122,finished,125,15702,84,TT,29,IT,Netcompany INEOS,,,",,",1912,17893
18,RR,23 July 2026,Voiron,Orcières-Merlette,185.2,3944,233,41.72,3.4 km solo,Affini Edoardo,https://www.procyclingstats.com/rider/edoardo-affini,1996-06-24,1996,Italy,1.9,85.0,23.55,Mantua,123,finished,140,16692,12,TT,30,IT,Team Visma | Lease a Bike,,,",,",1912,17893
18,RR,23 July 2026,Voiron,Orcières-Merlette,185.2,3944,233,41.72,3.4 km solo,Hagenes Per Strand,https://www.procyclingstats.com/rider/per-strand-hagenes,2003-07-10,2003,Norway,1.86,78.0,22.55,Sandnes,124,finished,101,14086,15,Classic,23,NO,Team Visma | Lease a Bike,,,",,",1912,17893
18,RR,23 July 2026,Voiron,Orcières-Merlette,185.2,3944,233,41.72,3.4 km solo,Velasco Simone,https://www.procyclingstats.com/rider/simone-velasco,1995-12-02,1995,Italy,1.7,59.0,20.42,Bologna,125,finished,112,14930,67,Classic,30,IT,XDS Astana Team,,,",,",1912,17893
18,RR,23 July 2026,Voiron,Orcières-Merlette,185.2,3944,233,41.72,3.4 km solo,Teunissen Mike,https://www.procyclingstats.com/rider/mike-teunissen,1992-08-25,1992,Netherlands,1.84,73.0,21.56,Ysselsteyn,126,finished,128,15897,66,Classic,33,NL,XDS Astana Team,,,",,",1912,17893
18,RR,23 July 2026,Voiron,Orcières-Merlette,185.2,3944,233,41.72,3.4 km solo,Van Eetvelt Lennert,https://www.procyclingstats.com/rider/lennert-van-eetvelt,2001-07-17,2001,Belgium,1.76,63.0,20.34,Binkom,127,finished,38,7629,156,Climber,25,BE,Lotto Intermarché,,,",,",1912,17893
18,RR,23 July 2026,Voiron,Orcières-Merlette,185.2,3944,233,41.72,3.4 km solo,Veistroffer Baptiste,https://www.procyclingstats.com/rider/baptiste-veistroffer,2000-05-29,2000,France,1.82,73.0,22.04,Fouesnant,128,finished,151,17682,157,Hills,26,FR,Lotto Intermarché,,,",,",1912,17893
18,RR,23 July 2026,Voiron,Orcières-Merlette,185.2,3944,233,41.72,3.4 km solo,Gradek Kamil,https://www.procyclingstats.com/rider/kamil-gradek,1990-09-17,1990,Poland,1.94,83.0,22.05,Koziegłowy,129,finished,160,18356,74,TT,35,PL,Bahrain - Victorious,,,",,",1912,17893
18,RR,23 July 2026,Voiron,Orcières-Merlette,185.2,3944,233,41.72,3.4 km solo,Plapp Luke,https://www.procyclingstats.com/rider/luke-plapp,2000-12-25,2000,Australia,1.81,72.0,21.98,Melbourne,130,finished,91,13370,117,GC,25,AU,Team Jayco AlUla,,,",,",1912,17893
18,RR,23 July 2026,Voiron,Orcières-Merlette,185.2,3944,233,41.72,3.4 km solo,Walker Max,https://www.procyclingstats.com/rider/max-walker,2001-07-12,2001,Great Britain,,,,Douglas,131,finished,105,14727,48,TT,25,GB,EF Education - EasyPost,,,",,",1912,17893
18,RR,23 July 2026,Voiron,Orcières-Merlette,185.2,3944,233,41.72,3.4 km solo,Degenkolb John,https://www.procyclingstats.com/rider/john-degenkolb,1989-01-07,1989,Germany,1.8,82.0,25.31,Gera,132,finished,150,17578,214,Classic,37,DE,Team Picnic PostNL,,,32:05,1925,17906
18,RR,23 July 2026,Voiron,Orcières-Merlette,185.2,3944,233,41.72,3.4 km solo,Bittner Pavel,https://www.procyclingstats.com/rider/pavel-bittner,2002-10-29,2002,Czech Republic,1.84,73.0,21.56,Olomouc,133,finished,142,16930,213,Sprint,23,CZ,Team Picnic PostNL,,,32:07,1927,17908
18,RR,23 July 2026,Voiron,Orcières-Merlette,185.2,3944,233,41.72,3.4 km solo,Kanter Max,https://www.procyclingstats.com/rider/max-kanter,1997-10-22,1997,Germany,1.76,68.0,21.95,Cottbus,134,finished,146,17140,64,Sprint,28,DE,XDS Astana Team,,,32:09,1929,17910
18,RR,23 July 2026,Voiron,Orcières-Merlette,185.2,3944,233,41.72,3.4 km solo,Bol Cees,https://www.procyclingstats.com/rider/cees-bol,1995-07-27,1995,Netherlands,1.94,83.0,22.05,Zaandam,135,finished,162,18476,53,Sprint,30,NL,Decathlon CMA CGM Team,,,32:10,1930,17911
18,RR,23 July 2026,Voiron,Orcières-Merlette,185.2,3944,233,41.72,3.4 km solo,Philipsen Jasper,https://www.procyclingstats.com/rider/jasper-philipsen,1998-03-02,1998,Belgium,1.76,75.0,24.21,Mol,136,finished,135,16493,105,Sprint,28,BE,Alpecin - Premier Tech,,,",,",1930,17911
18,RR,23 July 2026,Voiron,Orcières-Merlette,185.2,3944,233,41.72,3.4 km solo,Neilands Krists,https://www.procyclingstats.com/rider/krists-neilands,1994-08-18,1994,Latvia,1.89,69.0,19.32,Kuldīga,137,finished,136,16507,136,Classic,31,LV,NSN Cycling Team,,,",,",1930,17911
18,RR,23 July 2026,Voiron,Orcières-Merlette,185.2,3944,233,41.72,3.4 km solo,Vercher Mattéo,https://www.procyclingstats.com/rider/matheo-vercher,2001-01-26,2001,France,1.71,,,Lyon,138,finished,92,13381,208,Hills,25,FR,TotalEnergies,,,",,",1930,17911
18,RR,23 July 2026,Voiron,Orcières-Merlette,185.2,3944,233,41.72,3.4 km solo,Godon Dorian,https://www.procyclingstats.com/rider/dorian-godon,1996-05-25,1996,France,1.89,74.0,20.72,Vitry-sur-Seine,139,finished,131,16275,85,Hills,30,FR,Netcompany INEOS,,,",,",1930,17911
18,RR,23 July 2026,Voiron,Orcières-Merlette,185.2,3944,233,41.72,3.4 km solo,Planckaert Edward,https://www.procyclingstats.com/rider/edward-planckaert,1995-02-01,1995,Belgium,1.78,71.0,22.41,Kortrijk,140,finished,116,15196,106,Classic,31,BE,Alpecin - Premier Tech,,,",,",1930,17911
18,RR,23 July 2026,Voiron,Orcières-Merlette,185.2,3944,233,41.72,3.4 km solo,Allegaert Piet,https://www.procyclingstats.com/rider/piet-allegaert,1995-01-20,1995,Belgium,1.81,70.0,21.37,Moorslede,141,finished,155,17889,162,Classic,31,BE,Cofidis,,,",,",1930,17911
18,RR,23 July 2026,Voiron,Orcières-Merlette,185.2,3944,233,41.72,3.4 km solo,Biermans Jenthe,https://www.procyclingstats.com/rider/jenthe-biermans,1995-10-30,1995,Belgium,1.84,78.0,23.04,Geel,142,finished,149,17376,164,Classic,30,BE,Cofidis,,,32:49,1969,17950
18,RR,23 July 2026,Voiron,Orcières-Merlette,185.2,3944,233,41.72,3.4 km solo,Kooij Olav,https://www.procyclingstats.com/rider/olav-kooij,2001-10-17,2001,Netherlands,1.84,72.0,21.27,Numansdorp,143,finished,153,17714,55,Sprint,24,NL,Decathlon CMA CGM Team,,,32:55,1975,17956
18,RR,23 July 2026,Voiron,Orcières-Merlette,185.2,3944,233,41.72,3.4 km solo,Stannard Robert,https://www.procyclingstats.com/rider/robert-stannard,1998-09-16,1998,Australia,1.79,74.0,23.1,Sydney Previous nationalities New Zealand until 2016,144,finished,114,15003,76,Hills,27,AU,Bahrain - Victorious,,,",,",1975,17956
18,RR,23 July 2026,Voiron,Orcières-Merlette,185.2,3944,233,41.72,3.4 km solo,Thomas Benjamin,https://www.procyclingstats.com/rider/benjamin-thomas-2,1995-09-12,1995,France,1.79,68.0,21.22,Lavaur,145,finished,115,15108,168,TT,30,FR,Cofidis,,,33:33,2013,17994
18,RR,23 July 2026,Voiron,Orcières-Merlette,185.2,3944,233,41.72,3.4 km solo,Page Hugo,https://www.procyclingstats.com/rider/hugo-page,2001-07-24,2001,France,1.85,71.0,20.75,Chartres,146,finished,123,15593,167,Classic,24,FR,Cofidis,,,33:34,2014,17995
18,RR,23 July 2026,Voiron,Orcières-Merlette,185.2,3944,233,41.72,3.4 km solo,Kirsch Alex,https://www.procyclingstats.com/rider/alex-kirsch,1992-06-12,1992,Luxembourg,1.94,78.0,20.72,Luxembourg,147,finished,127,15873,166,TT,34,LU,Cofidis,,,",,",2014,17995
18,RR,23 July 2026,Voiron,Orcières-Merlette,185.2,3944,233,41.72,3.4 km solo,Fretin Milan,https://www.procyclingstats.com/rider/milan-fretin,2001-03-19,2001,Belgium,1.82,70.0,21.13,Genk,148,finished,152,17687,165,Classic,25,BE,Cofidis,,,",,",2014,17995
18,RR,23 July 2026,Voiron,Orcières-Merlette,185.2,3944,233,41.72,3.4 km solo,van den Berg Julius,https://www.procyclingstats.com/rider/julius-van-den-berg,1996-10-23,1996,Netherlands,1.9,78.0,21.61,Purmerend,149,finished,158,18167,217,Sprint,29,NL,Team Picnic PostNL,,,",,",2014,17995
18,RR,23 July 2026,Voiron,Orcières-Merlette,185.2,3944,233,41.72,3.4 km solo,Girmay Biniam,https://www.procyclingstats.com/rider/biniam-girmay,2000-04-02,2000,Eritrea,1.84,70.0,20.68,Asmara,150,finished,141,16881,131,Classic,26,ER,NSN Cycling Team,,,",,",2014,17995
18,RR,23 July 2026,Voiron,Orcières-Merlette,185.2,3944,233,41.72,3.4 km solo,Costiou Ewen,https://www.procyclingstats.com/rider/ewen-costiou,2002-11-10,2002,France,1.76,64.0,20.66,Brest,151,finished,75,12066,184,GC,23,FR,Groupama - FDJ United,,,",,",2014,17995
18,RR,23 July 2026,Voiron,Orcières-Merlette,185.2,3944,233,41.72,3.4 km solo,Vinokurov Nicolas,https://www.procyclingstats.com/rider/nicolas-vinokurov,2002-07-07,2002,Kazakhstan,1.84,69.0,20.38,Nice,152,finished,100,13966,68,GC,24,KZ,XDS Astana Team,,,33:39,2019,18000
18,RR,23 July 2026,Voiron,Orcières-Merlette,185.2,3944,233,41.72,3.4 km solo,Hessmann Michel,https://www.procyclingstats.com/rider/michel-hessmann,2001-04-06,2001,Germany,1.91,78.0,21.38,Münster,153,finished,113,15001,145,Hills,25,DE,Movistar Team,,,",,",2019,18000
18,RR,23 July 2026,Voiron,Orcières-Merlette,185.2,3944,233,41.72,3.4 km solo,Louvel Matis,https://www.procyclingstats.com/rider/matis-louvel,1999-07-19,1999,France,1.87,77.0,22.02,Mont Saint Aignan,154,finished,161,18373,135,Classic,27,FR,NSN Cycling Team,,,34:00,2040,18021
18,RR,23 July 2026,Voiron,Orcières-Merlette,185.2,3944,233,41.72,3.4 km solo,Haller Marco,https://www.procyclingstats.com/rider/marco-haller,1991-04-01,1991,Austria,1.78,72.0,22.72,Sankt Veit an der Glan,155,finished,147,17225,193,Classic,35,AT,Tudor Pro Cycling Team,,,34:13,2053,18034
18,RR,23 July 2026,Voiron,Orcières-Merlette,185.2,3944,233,41.72,3.4 km solo,Wright Fred,https://www.procyclingstats.com/rider/alfred-wright,1999-06-13,1999,Great Britain,1.84,75.0,22.15,London,156,finished,129,15914,178,Hills,27,GB,Pinarello Q36.5 Pro Cycling Team,,,",,",2053,18034
18,RR,23 July 2026,Voiron,Orcières-Merlette,185.2,3944,233,41.72,3.4 km solo,Stewart Jake,https://www.procyclingstats.com/rider/jake-stewart,1999-10-02,1999,Great Britain,1.79,66.0,20.6,Coventry,157,finished,154,17868,137,Hills,26,GB,NSN Cycling Team,,,34:22,2062,18043
18,RR,23 July 2026,Voiron,Orcières-Merlette,185.2,3944,233,41.72,3.4 km solo,Alaphilippe Julian,https://www.procyclingstats.com/rider/julian-alaphilippe,1992-06-11,1992,France,1.73,62.0,20.72,Saint-Amand-Montrond,158,finished,137,16511,191,Classic,34,FR,Tudor Pro Cycling Team,,,34:49,2089,18070
18,RR,23 July 2026,Voiron,Orcières-Merlette,185.2,3944,233,41.72,3.4 km solo,Ballerini Davide,https://www.procyclingstats.com/rider/davide-ballerini,1994-09-21,1994,Italy,1.83,71.0,21.2,Cantù,159,finished,156,17960,62,Classic,31,IT,XDS Astana Team,,,",,",2089,18070
18,RR,23 July 2026,Voiron,Orcières-Merlette,185.2,3944,233,41.72,3.4 km solo,Askey Lewis,https://www.procyclingstats.com/rider/lewis-askey,2001-05-04,2001,Great Britain,1.87,75.0,21.45,Cannock,160,finished,157,17986,132,Classic,25,GB,NSN Cycling Team,,,",,",2089,18070
18,RR,23 July 2026,Voiron,Orcières-Merlette,185.2,3944,233,41.72,3.4 km solo,Artz Huub,https://www.procyclingstats.com/rider/huub-artz,2002-05-14,2002,Netherlands,1.86,71.0,20.52,Wintelre,161,finished,132,16305,152,Hills,24,NL,Lotto Intermarché,,,34:53,2093,18074
18,RR,23 July 2026,Voiron,Orcières-Merlette,185.2,3944,233,41.72,3.4 km solo,Wellens Tim,https://www.procyclingstats.com/rider/tim-wellens,1991-05-10,1991,Belgium,1.82,71.0,21.43,Sint-Truiden,162,finished,72,11912,7,GC,35,BE,UAE Team Emirates - XRG,,,43:02,2582,18563
18,RR,23 July 2026,Voiron,Orcières-Merlette,185.2,3944,233,41.72,3.4 km solo,McNulty Brandon,https://www.procyclingstats.com/rider/brandon-mcnulty,1998-04-02,1998,United States,1.83,69.0,20.6,Phoenix,,DNF,,,4,GC,28,US,UAE Team Emirates - XRG,,,,,
18,RR,23 July 2026,Voiron,Orcières-Merlette,185.2,3944,233,41.72,3.4 km solo,Parra José Félix,https://www.procyclingstats.com/rider/jose-felix-parra,1997-01-16,1997,Spain,1.71,55.0,18.81,Ossa de Montiel,,DNS,,,228,GC,29,ES,Caja Rural - Seguros RGA,,,,,
19,RR,24 July 2026,Gap,Alpe d'Huez,127.9,3572,357,38.767,0.8 km solo,Pogačar Tadej,https://www.procyclingstats.com/rider/tadej-pogacar,1998-09-21,1998,Slovenia,1.76,66.0,21.31,Klanec,1,finished,1,0,1,Climber,27,SI,UAE Team Emirates - XRG,210.0,100.0,3:17:57,0,11877
19,RR,24 July 2026,Gap,Alpe d'Huez,127.9,3572,357,38.767,0.8 km solo,Martinez Lenny,https://www.procyclingstats.com/rider/lenny-martinez,2003-07-11,2003,France,1.68,52.0,18.42,Cannes,2,finished,5,780,71,Climber,23,FR,Bahrain - Victorious,150.0,70.0,0:06,6,11883
19,RR,24 July 2026,Gap,Alpe d'Huez,127.9,3572,357,38.767,0.8 km solo,Carapaz Richard,https://www.procyclingstats.com/rider/richard-carapaz,1993-05-29,1993,Ecuador,1.7,62.0,21.45,El Carmelo,3,finished,8,1275,41,Climber,33,EC,EF Education - EasyPost,110.0,50.0,0:09,9,11886
19,RR,24 July 2026,Gap,Alpe d'Huez,127.9,3572,357,38.767,0.8 km solo,Kuss Sepp,https://www.procyclingstats.com/rider/sepp-kuss,1994-09-13,1994,United States,1.82,61.0,18.42,Durango,4,finished,15,3721,17,Climber,31,US,Team Visma | Lease a Bike,90.0,40.0,1:14,74,11951
19,RR,24 July 2026,Gap,Alpe d'Huez,127.9,3572,357,38.767,0.8 km solo,Johannessen Tobias Halland,https://www.procyclingstats.com/rider/tobias-halland-johannessen,1999-08-23,1999,Norway,1.76,62.0,20.02,Drøbak,5,finished,13,3058,121,Climber,26,NO,Uno-X Mobility,70.0,32.0,2:07,127,12004
19,RR,24 July 2026,Gap,Alpe d'Huez,127.9,3572,357,38.767,0.8 km solo,Evenepoel Remco,https://www.procyclingstats.com/rider/remco-evenepoel,2000-01-25,2000,Belgium,1.71,63.0,21.55,Aalst,6,finished,2,431,21,Climber,26,BE,Red Bull - BORA - hansgrohe,55.0,26.0,2:29,149,12026
19,RR,24 July 2026,Gap,Alpe d'Huez,127.9,3572,357,38.767,0.8 km solo,del Toro Isaac,https://www.procyclingstats.com/rider/isaac-del-toro,2003-11-27,2003,Mexico,1.8,64.0,19.75,Ensenada,7,finished,3,582,2,Climber,22,MX,UAE Team Emirates - XRG,45.0,22.0,2:41,161,12038
19,RR,24 July 2026,Gap,Alpe d'Huez,127.9,3572,357,38.767,0.8 km solo,Skjelmose Mattias,https://www.procyclingstats.com/rider/mattias-skjelmose-jensen,2000-09-26,2000,Denmark,1.8,65.0,20.06,Copenhagen,8,finished,6,789,35,Climber,25,DK,Lidl - Trek,40.0,18.0,2:45,165,12042
19,RR,24 July 2026,Gap,Alpe d'Huez,127.9,3572,357,38.767,0.8 km solo,Seixas Paul,https://www.procyclingstats.com/rider/paul-seixas,2006-09-24,2006,France,1.86,64.0,18.5,Lyon,9,finished,4,606,51,Climber,19,FR,Decathlon CMA CGM Team,35.0,14.0,",,",165,12042
19,RR,24 July 2026,Gap,Alpe d'Huez,127.9,3572,357,38.767,0.8 km solo,Tejada Harold,https://www.procyclingstats.com/rider/harold-tejada,1997-04-27,1997,Colombia,1.8,63.0,19.44,Pitalito,10,finished,30,7772,65,Climber,29,CO,XDS Astana Team,30.0,10.0,3:22,202,12079
19,RR,24 July 2026,Gap,Alpe d'Huez,127.9,3572,357,38.767,0.8 km solo,Riccitello Matthew,https://www.procyclingstats.com/rider/matthew-riccitello,2002-03-05,2002,United States,1.72,55.0,18.59,Tucson,11,finished,28,7517,58,Climber,24,US,Decathlon CMA CGM Team,25.0,8.0,3:25,205,12082
19,RR,24 July 2026,Gap,Alpe d'Huez,127.9,3572,357,38.767,0.8 km solo,Arensman Thymen,https://www.procyclingstats.com/rider/thymen-arensman,1999-12-04,1999,Netherlands,1.9,68.0,18.84,Deil,12,finished,26,6705,82,GC,26,NL,Netcompany INEOS,20.0,6.0,4:07,247,12124
19,RR,24 July 2026,Gap,Alpe d'Huez,127.9,3572,357,38.767,0.8 km solo,Voisard Yannis,https://www.procyclingstats.com/rider/yannis-voisard,1998-07-26,1998,Switzerland,,56.0,,Fontenais,13,finished,11,1800,198,GC,27,CH,Tudor Pro Cycling Team,15.0,4.0,5:32,332,12209
19,RR,24 July 2026,Gap,Alpe d'Huez,127.9,3572,357,38.767,0.8 km solo,Romo Javier,https://www.procyclingstats.com/rider/javier-romo,1999-01-06,1999,Spain,1.84,70.0,20.68,Villafranca de los Caballeros,14,finished,54,11264,147,GC,27,ES,Movistar Team,10.0,2.0,6:01,361,12238
19,RR,24 July 2026,Gap,Alpe d'Huez,127.9,3572,357,38.767,0.8 km solo,Braz Afonso Clément,https://www.procyclingstats.com/rider/clement-braz-afonso,1999-11-08,1999,France,1.63,50.0,18.82,Brive-la-Gaillarde,15,finished,42,9286,183,Climber,26,FR,Groupama - FDJ United,5.0,1.0,6:10,370,12247
19,RR,24 July 2026,Gap,Alpe d'Huez,127.9,3572,357,38.767,0.8 km solo,Simmons Quinn,https://www.procyclingstats.com/rider/quinn-simmons,2001-05-08,2001,United States,1.85,73.0,21.33,Durango,16,finished,21,5191,34,Hills,25,US,Lidl - Trek,,,6:26,386,12263
19,RR,24 July 2026,Gap,Alpe d'Huez,127.9,3572,357,38.767,0.8 km solo,Ayuso Juan,https://www.procyclingstats.com/rider/juan-ayuso-pesquera,2002-09-16,2002,Spain,1.83,65.0,19.41,Barcelona,17,finished,7,958,31,Climber,23,ES,Lidl - Trek,,,",,",386,12263
19,RR,24 July 2026,Gap,Alpe d'Huez,127.9,3572,357,38.767,0.8 km solo,Izagirre Ion,https://www.procyclingstats.com/rider/ion-izagirre,1989-02-04,1989,Spain,1.73,60.0,20.05,Ormaiztegi,18,finished,40,9090,161,GC,37,ES,Cofidis,,,6:33,393,12270
19,RR,24 July 2026,Gap,Alpe d'Huez,127.9,3572,357,38.767,0.8 km solo,Piganzoli Davide,https://www.procyclingstats.com/rider/davide-piganzoli,2002-07-08,2002,Italy,1.74,61.0,20.15,Morbegno,19,finished,14,3357,18,GC,24,IT,Team Visma | Lease a Bike,,,7:34,454,12331
19,RR,24 July 2026,Gap,Alpe d'Huez,127.9,3572,357,38.767,0.8 km solo,Pidcock Tom,https://www.procyclingstats.com/rider/tom-pidcock,1999-07-30,1999,Great Britain,1.7,58.0,20.07,Leeds,20,finished,9,1290,171,Classic,26,GB,Pinarello Q36.5 Pro Cycling Team,,,8:22,502,12379
19,RR,24 July 2026,Gap,Alpe d'Huez,127.9,3572,357,38.767,0.8 km solo,O'Connor Ben,https://www.procyclingstats.com/rider/ben-o-connor,1995-11-25,1995,Australia,1.88,67.0,18.96,Subiaco,21,finished,35,8457,111,GC,30,AU,Team Jayco AlUla,,,8:29,509,12386
19,RR,24 July 2026,Gap,Alpe d'Huez,127.9,3572,357,38.767,0.8 km solo,Jegat Jordan,https://www.procyclingstats.com/rider/jordan-jegat,1999-06-07,1999,France,1.76,59.0,19.05,Vannes,22,finished,10,1401,201,Climber,27,FR,TotalEnergies,,,9:07,547,12424
19,RR,24 July 2026,Gap,Alpe d'Huez,127.9,3572,357,38.767,0.8 km solo,Van Wilder Ilan,https://www.procyclingstats.com/rider/ilan-van-wilder,2000-05-14,2000,Belgium,1.71,64.0,21.89,Jette,23,finished,12,2147,97,GC,26,BE,Soudal Quick-Step,,,",,",547,12424
19,RR,24 July 2026,Gap,Alpe d'Huez,127.9,3572,357,38.767,0.8 km solo,Bennett George,https://www.procyclingstats.com/rider/george-bennett,1990-04-07,1990,New Zealand,1.81,58.0,17.7,Nelson,24,finished,64,13050,133,GC,36,NZ,NSN Cycling Team,,,9:43,583,12460
19,RR,24 July 2026,Gap,Alpe d'Huez,127.9,3572,357,38.767,0.8 km solo,Prodhomme Nicolas,https://www.procyclingstats.com/rider/nicolas-prodhomme,1997-02-01,1997,France,1.74,63.0,20.81,L'Aigle,25,finished,17,4675,57,GC,29,FR,Decathlon CMA CGM Team,,,10:06,606,12483
19,RR,24 July 2026,Gap,Alpe d'Huez,127.9,3572,357,38.767,0.8 km solo,Johannessen Anders Halland,https://www.procyclingstats.com/rider/anders-halland-johannessen,1999-08-23,1999,Norway,1.76,,,Drøbak,26,finished,75,13711,125,GC,26,NO,Uno-X Mobility,,,10:24,624,12501
19,RR,24 July 2026,Gap,Alpe d'Huez,127.9,3572,357,38.767,0.8 km solo,Yates Adam,https://www.procyclingstats.com/rider/adam-yates,1992-08-07,1992,Great Britain,1.73,58.0,19.38,Bury,27,finished,18,4918,8,Climber,33,GB,UAE Team Emirates - XRG,,,",,",624,12501
19,RR,24 July 2026,Gap,Alpe d'Huez,127.9,3572,357,38.767,0.8 km solo,Armirail Bruno,https://www.procyclingstats.com/rider/bruno-armirail,1994-04-11,1994,France,1.9,72.0,19.94,Bagnères-de-Bigorre,28,finished,63,12561,13,TT,32,FR,Team Visma | Lease a Bike,,,10:44,644,12521
19,RR,24 July 2026,Gap,Alpe d'Huez,127.9,3572,357,38.767,0.8 km solo,Benoot Tiesj,https://www.procyclingstats.com/rider/tiesj-benoot,1994-03-11,1994,Belgium,1.9,72.0,19.94,Ghent,29,finished,20,5112,52,Classic,32,BE,Decathlon CMA CGM Team,,,",,",644,12521
19,RR,24 July 2026,Gap,Alpe d'Huez,127.9,3572,357,38.767,0.8 km solo,Cattaneo Mattia,https://www.procyclingstats.com/rider/mattia-cattaneo,1990-10-25,1990,Italy,1.84,67.0,19.79,Alzano Lombardo,30,finished,39,8950,22,TT,35,IT,Red Bull - BORA - hansgrohe,,,",,",644,12521
19,RR,24 July 2026,Gap,Alpe d'Huez,127.9,3572,357,38.767,0.8 km solo,Quinn Sean,https://www.procyclingstats.com/rider/sean-quinn,2000-05-10,2000,United States,1.87,67.0,19.16,Los Angeles,31,finished,22,5442,45,GC,26,US,EF Education - EasyPost,,,11:09,669,12546
19,RR,24 July 2026,Gap,Alpe d'Huez,127.9,3572,357,38.767,0.8 km solo,Matthews Michael,https://www.procyclingstats.com/rider/michael-matthews,1990-09-26,1990,Australia,1.78,72.0,22.72,Canberra,32,finished,51,10732,115,Classic,35,AU,Team Jayco AlUla,,,11:50,710,12587
19,RR,24 July 2026,Gap,Alpe d'Huez,127.9,3572,357,38.767,0.8 km solo,Tiberi Antonio,https://www.procyclingstats.com/rider/antonio-tiberi,2001-06-24,2001,Italy,1.82,62.0,18.72,Frosinone,33,finished,38,8901,77,GC,25,IT,Bahrain - Victorious,,,",,",710,12587
19,RR,24 July 2026,Gap,Alpe d'Huez,127.9,3572,357,38.767,0.8 km solo,Van Gils Maxim,https://www.procyclingstats.com/rider/maxim-van-gils,1999-11-25,1999,Belgium,1.74,63.0,20.81,Brasschaat,34,finished,31,7954,28,Classic,26,BE,Red Bull - BORA - hansgrohe,,,13:07,787,12664
19,RR,24 July 2026,Gap,Alpe d'Huez,127.9,3572,357,38.767,0.8 km solo,Hindley Jai,https://www.procyclingstats.com/rider/jai-hindley,1996-05-05,1996,Australia,1.75,60.0,19.59,Perth,35,finished,19,4938,24,Climber,30,AU,Red Bull - BORA - hansgrohe,,,",,",787,12664
19,RR,24 July 2026,Gap,Alpe d'Huez,127.9,3572,357,38.767,0.8 km solo,Martin Guillaume,https://www.procyclingstats.com/rider/guillaume-martin,1993-06-09,1993,France,1.73,55.0,18.38,Paris,36,finished,29,7684,186,Climber,33,FR,Groupama - FDJ United,,,",,",787,12664
19,RR,24 July 2026,Gap,Alpe d'Huez,127.9,3572,357,38.767,0.8 km solo,Pacher Quentin,https://www.procyclingstats.com/rider/quentin-pacher,1992-01-06,1992,France,1.79,62.0,19.35,Libourne,37,finished,58,11506,187,Hills,34,FR,Groupama - FDJ United,,,15:10,910,12787
19,RR,24 July 2026,Gap,Alpe d'Huez,127.9,3572,357,38.767,0.8 km solo,Schmid Mauro,https://www.procyclingstats.com/rider/mauro-schmid,1999-12-04,1999,Switzerland,1.87,70.0,20.02,Bülach,38,finished,34,8393,118,Hills,26,CH,Team Jayco AlUla,,,15:52,952,12829
19,RR,24 July 2026,Gap,Alpe d'Huez,127.9,3572,357,38.767,0.8 km solo,Higuita Sergio,https://www.procyclingstats.com/rider/sergio-higuita,1997-08-01,1997,Colombia,1.66,57.0,20.69,Medellín,39,finished,41,9274,61,Climber,28,CO,XDS Astana Team,,,",,",952,12829
19,RR,24 July 2026,Gap,Alpe d'Huez,127.9,3572,357,38.767,0.8 km solo,Howson Damien,https://www.procyclingstats.com/rider/damien-howson,1992-08-13,1992,Australia,1.88,68.0,19.24,Adelaide,40,finished,91,14851,175,GC,33,AU,Pinarello Q36.5 Pro Cycling Team,,,16:16,976,12853
19,RR,24 July 2026,Gap,Alpe d'Huez,127.9,3572,357,38.767,0.8 km solo,Storer Michael,https://www.procyclingstats.com/rider/michael-storer,1997-02-28,1997,Australia,1.77,63.0,20.11,Perth,41,finished,87,14619,196,Climber,29,AU,Tudor Pro Cycling Team,,,16:30,990,12867
19,RR,24 July 2026,Gap,Alpe d'Huez,127.9,3572,357,38.767,0.8 km solo,Großschartner Felix,https://www.procyclingstats.com/rider/felix-grossschartner,1993-12-23,1993,Austria,1.84,64.0,18.9,Wels,42,finished,32,8001,3,GC,32,AT,UAE Team Emirates - XRG,,,16:40,1000,12877
19,RR,24 July 2026,Gap,Alpe d'Huez,127.9,3572,357,38.767,0.8 km solo,Verona Carlos,https://www.procyclingstats.com/rider/carlos-verona,1992-11-04,1992,Spain,1.86,68.0,19.66,San Lorenzo de El Escorial,43,finished,23,5951,38,GC,33,ES,Lidl - Trek,,,",,",1000,12877
19,RR,24 July 2026,Gap,Alpe d'Huez,127.9,3572,357,38.767,0.8 km solo,Foss Tobias,https://www.procyclingstats.com/rider/tobias-foss,1997-05-25,1997,Norway,1.84,74.0,21.86,Vingrom,44,finished,46,9479,83,TT,29,NO,Netcompany INEOS,,,16:45,1005,12882
19,RR,24 July 2026,Gap,Alpe d'Huez,127.9,3572,357,38.767,0.8 km solo,Vercher Mattéo,https://www.procyclingstats.com/rider/matheo-vercher,2001-01-26,2001,France,1.71,,,Lyon,45,finished,85,14401,208,Hills,25,FR,TotalEnergies,,,16:50,1010,12887
19,RR,24 July 2026,Gap,Alpe d'Huez,127.9,3572,357,38.767,0.8 km solo,Engelhardt Felix,https://www.procyclingstats.com/rider/felix-engelhardt,2000-08-19,2000,Germany,1.8,68.0,20.99,Ulm,46,finished,67,13428,114,Classic,25,DE,Team Jayco AlUla,,,17:09,1029,12906
19,RR,24 July 2026,Gap,Alpe d'Huez,127.9,3572,357,38.767,0.8 km solo,Gee-West Derek,https://www.procyclingstats.com/rider/derek-gee,1997-08-03,1997,Canada,1.89,72.0,20.16,Ottawa,47,finished,25,6699,32,Climber,28,CA,Lidl - Trek,,,17:41,1061,12938
19,RR,24 July 2026,Gap,Alpe d'Huez,127.9,3572,357,38.767,0.8 km solo,Frigo Marco,https://www.procyclingstats.com/rider/marco-frigo,2000-03-02,2000,Italy,1.88,70.0,19.81,Bassano del Grappa,48,finished,82,14308,134,Climber,26,IT,NSN Cycling Team,,,17:45,1065,12942
19,RR,24 July 2026,Gap,Alpe d'Huez,127.9,3572,357,38.767,0.8 km solo,Berwick Sebastian,https://www.procyclingstats.com/rider/sebastian-berwick,1999-12-15,1999,Australia,1.75,59.0,19.27,Brisbane,49,finished,88,14721,223,GC,26,AU,Caja Rural - Seguros RGA,,,18:28,1108,12985
19,RR,24 July 2026,Gap,Alpe d'Huez,127.9,3572,357,38.767,0.8 km solo,Paret-Peintre Aurélien,https://www.procyclingstats.com/rider/aurelien-paret-peintre,1996-02-27,1996,France,1.84,64.0,18.9,Annemasse,50,finished,48,10413,56,GC,30,FR,Decathlon CMA CGM Team,,,19:51,1191,13068
19,RR,24 July 2026,Gap,Alpe d'Huez,127.9,3572,357,38.767,0.8 km solo,Balderstone Abel,https://www.procyclingstats.com/rider/abel-balderstone-roumens,2000-07-07,2000,Spain,1.79,61.0,19.04,Ullastrell,51,finished,47,9943,222,GC,26,ES,Caja Rural - Seguros RGA,,,20:05,1205,13082
19,RR,24 July 2026,Gap,Alpe d'Huez,127.9,3572,357,38.767,0.8 km solo,Vauquelin Kévin,https://www.procyclingstats.com/rider/kevin-vauquelin,2001-04-26,2001,France,1.76,69.0,22.28,Bayeux,52,finished,36,8554,88,GC,25,FR,Netcompany INEOS,,,21:17,1277,13154
19,RR,24 July 2026,Gap,Alpe d'Huez,127.9,3572,357,38.767,0.8 km solo,Baudin Alex,https://www.procyclingstats.com/rider/alex-baudin,2001-05-25,2001,France,1.83,64.0,19.11,Albertville,53,finished,43,9346,43,Climber,25,FR,EF Education - EasyPost,,,21:59,1319,13196
19,RR,24 July 2026,Gap,Alpe d'Huez,127.9,3572,357,38.767,0.8 km solo,Meurisse Xandro,https://www.procyclingstats.com/rider/xandro-meurisse,1992-01-31,1992,Belgium,1.81,68.0,20.76,Kortrijk,54,finished,56,11430,176,GC,34,BE,Pinarello Q36.5 Pro Cycling Team,,,22:04,1324,13201
19,RR,24 July 2026,Gap,Alpe d'Huez,127.9,3572,357,38.767,0.8 km solo,Hermans Quinten,https://www.procyclingstats.com/rider/quinten-hermans,1995-07-29,1995,Belgium,1.74,62.0,20.48,Antwerp,55,finished,37,8800,174,Hills,30,BE,Pinarello Q36.5 Pro Cycling Team,,,",,",1324,13201
19,RR,24 July 2026,Gap,Alpe d'Huez,127.9,3572,357,38.767,0.8 km solo,Tratnik Jan,https://www.procyclingstats.com/rider/jan-tratnik,1990-02-23,1990,Slovenia,1.73,67.0,22.39,Idrija,56,finished,83,14339,26,TT,36,SI,Red Bull - BORA - hansgrohe,,,22:26,1346,13223
19,RR,24 July 2026,Gap,Alpe d'Huez,127.9,3572,357,38.767,0.8 km solo,Valgren Michael,https://www.procyclingstats.com/rider/michael-valgren-andersen,1992-02-07,1992,Denmark,1.79,71.0,22.16,Østerild,57,finished,52,10743,47,Classic,34,DK,EF Education - EasyPost,,,22:41,1361,13238
19,RR,24 July 2026,Gap,Alpe d'Huez,127.9,3572,357,38.767,0.8 km solo,Jorgenson Matteo,https://www.procyclingstats.com/rider/matteo-jorgenson,1999-07-01,1999,United States,1.9,69.0,19.11,Walnut Creek,58,finished,27,7164,16,GC,27,US,Team Visma | Lease a Bike,,,22:43,1363,13240
19,RR,24 July 2026,Gap,Alpe d'Huez,127.9,3572,357,38.767,0.8 km solo,Hirschi Marc,https://www.procyclingstats.com/rider/marc-hirschi,1998-08-24,1998,Switzerland,1.74,61.0,20.15,Bern,59,finished,50,10480,194,Classic,27,CH,Tudor Pro Cycling Team,,,23:02,1382,13259
19,RR,24 July 2026,Gap,Alpe d'Huez,127.9,3572,357,38.767,0.8 km solo,Velasco Simone,https://www.procyclingstats.com/rider/simone-velasco,1995-12-02,1995,Italy,1.7,59.0,20.42,Bologna,60,finished,104,16396,67,Classic,30,IT,XDS Astana Team,,,24:16,1456,13333
19,RR,24 July 2026,Gap,Alpe d'Huez,127.9,3572,357,38.767,0.8 km solo,Stannard Robert,https://www.procyclingstats.com/rider/robert-stannard,1998-09-16,1998,Australia,1.79,74.0,23.1,Sydney Previous nationalities New Zealand until 2016,61,finished,106,16469,76,Hills,27,AU,Bahrain - Victorious,,,",,",1456,13333
19,RR,24 July 2026,Gap,Alpe d'Huez,127.9,3572,357,38.767,0.8 km solo,Abrahamsen Jonas,https://www.procyclingstats.com/rider/jonas-abrahamsen,1995-09-20,1995,Norway,1.83,78.0,23.29,Skien,62,finished,80,14207,122,Classic,30,NO,Uno-X Mobility,,,",,",1456,13333
19,RR,24 July 2026,Gap,Alpe d'Huez,127.9,3572,357,38.767,0.8 km solo,Van Moer Brent,https://www.procyclingstats.com/rider/brent-van-moer,1998-01-12,1998,Belgium,1.91,79.0,21.66,Beveren,63,finished,86,14511,177,Classic,28,BE,Pinarello Q36.5 Pro Cycling Team,,,",,",1456,13333
19,RR,24 July 2026,Gap,Alpe d'Huez,127.9,3572,357,38.767,0.8 km solo,Barguil Warren,https://www.procyclingstats.com/rider/warren-barguil,1991-10-28,1991,France,1.83,61.0,18.21,Hennebont,64,finished,96,15308,211,Climber,34,FR,Team Picnic PostNL,,,",,",1456,13333
19,RR,24 July 2026,Gap,Alpe d'Huez,127.9,3572,357,38.767,0.8 km solo,Castrillo Pablo,https://www.procyclingstats.com/rider/pablo-castrillo-zapater,2001-01-02,2001,Spain,1.83,74.0,22.1,Jaca,65,finished,24,6697,142,Climber,25,ES,Movistar Team,,,",,",1456,13333
19,RR,24 July 2026,Gap,Alpe d'Huez,127.9,3572,357,38.767,0.8 km solo,Oliveira Nelson,https://www.procyclingstats.com/rider/nelson-oliveira,1989-03-06,1989,Portugal,1.8,67.0,20.68,Anadia,66,finished,68,13431,146,TT,37,PT,Movistar Team,,,",,",1456,13333
19,RR,24 July 2026,Gap,Alpe d'Huez,127.9,3572,357,38.767,0.8 km solo,Caruso Damiano,https://www.procyclingstats.com/rider/damiano-caruso,1987-10-12,1987,Italy,1.79,67.0,20.91,Ragusa,67,finished,59,11744,73,GC,38,IT,Bahrain - Victorious,,,",,",1456,13333
19,RR,24 July 2026,Gap,Alpe d'Huez,127.9,3572,357,38.767,0.8 km solo,Vervaeke Louis,https://www.procyclingstats.com/rider/louis-vervaeke,1993-10-06,1993,Belgium,1.81,68.0,20.76,Ronse,68,finished,66,13305,98,GC,32,BE,Soudal Quick-Step,,,24:32,1472,13349
19,RR,24 July 2026,Gap,Alpe d'Huez,127.9,3572,357,38.767,0.8 km solo,Dillier Silvan,https://www.procyclingstats.com/rider/silvan-dillier,1990-08-03,1990,Switzerland,1.83,75.0,22.4,Aarau,69,finished,139,18510,103,Classic,35,CH,Alpecin - Premier Tech,,,24:54,1494,13371
19,RR,24 July 2026,Gap,Alpe d'Huez,127.9,3572,357,38.767,0.8 km solo,Kirsch Alex,https://www.procyclingstats.com/rider/alex-kirsch,1992-06-12,1992,Luxembourg,1.94,78.0,20.72,Luxembourg,70,finished,123,17399,166,TT,34,LU,Cofidis,,,25:16,1516,13393
19,RR,24 July 2026,Gap,Alpe d'Huez,127.9,3572,357,38.767,0.8 km solo,Hessmann Michel,https://www.procyclingstats.com/rider/michel-hessmann,2001-04-06,2001,Germany,1.91,78.0,21.38,Münster,71,finished,111,16555,145,Hills,25,DE,Movistar Team,,,25:44,1544,13421
19,RR,24 July 2026,Gap,Alpe d'Huez,127.9,3572,357,38.767,0.8 km solo,van Baarle Dylan,https://www.procyclingstats.com/rider/dylan-van-baarle,1992-05-21,1992,Netherlands,1.89,74.0,20.72,Voorburg,72,finished,129,17927,95,Classic,34,NL,Soudal Quick-Step,,,25:48,1548,13425
19,RR,24 July 2026,Gap,Alpe d'Huez,127.9,3572,357,38.767,0.8 km solo,Plapp Luke,https://www.procyclingstats.com/rider/luke-plapp,2000-12-25,2000,Australia,1.81,72.0,21.98,Melbourne,73,finished,93,14928,117,GC,25,AU,Team Jayco AlUla,,,",,",1548,13425
19,RR,24 July 2026,Gap,Alpe d'Huez,127.9,3572,357,38.767,0.8 km solo,Campenaerts Victor,https://www.procyclingstats.com/rider/victor-campenaerts,1991-10-28,1991,Belgium,1.73,68.0,22.72,Hoboken,74,finished,79,14204,14,TT,34,BE,Team Visma | Lease a Bike,,,25:57,1557,13434
19,RR,24 July 2026,Gap,Alpe d'Huez,127.9,3572,357,38.767,0.8 km solo,Vacek Mathias,https://www.procyclingstats.com/rider/mathias-vacek,2002-06-12,2002,Czech Republic,1.88,75.0,21.22,Beroun,75,finished,49,10470,37,TT,24,CZ,Lidl - Trek,,,26:21,1581,13458
19,RR,24 July 2026,Gap,Alpe d'Huez,127.9,3572,357,38.767,0.8 km solo,Pedersen Mads,https://www.procyclingstats.com/rider/mads-pedersen,1995-12-18,1995,Denmark,1.8,76.0,23.46,Tølløse,76,finished,77,13979,33,Classic,30,DK,Lidl - Trek,,,",,",1581,13458
19,RR,24 July 2026,Gap,Alpe d'Huez,127.9,3572,357,38.767,0.8 km solo,Delbove Joris,https://www.procyclingstats.com/rider/joris-delbove,2000-07-15,2000,France,,,,Troyes,77,finished,53,11058,203,GC,26,FR,TotalEnergies,,,",,",1581,13458
19,RR,24 July 2026,Gap,Alpe d'Huez,127.9,3572,357,38.767,0.8 km solo,Russo Clément,https://www.procyclingstats.com/rider/clement-russo,1995-01-20,1995,France,1.87,74.0,21.16,Lyon,78,finished,65,13302,188,Classic,31,FR,Groupama - FDJ United,,,26:31,1591,13468
19,RR,24 July 2026,Gap,Alpe d'Huez,127.9,3572,357,38.767,0.8 km solo,Steinhauser Georg,https://www.procyclingstats.com/rider/georg-steinhauser,2001-10-21,2001,Germany,1.89,70.0,19.6,Lindenberg im Allgäu,79,finished,115,17046,46,Climber,24,DE,EF Education - EasyPost,,,",,",1591,13468
19,RR,24 July 2026,Gap,Alpe d'Huez,127.9,3572,357,38.767,0.8 km solo,Healy Ben,https://www.procyclingstats.com/rider/ben-healy,2000-09-11,2000,Ireland,1.75,62.0,20.24,Kingswinford Previous nationalities Great Britain until 2016,80,finished,62,12309,44,Climber,25,IE,EF Education - EasyPost,,,",,",1591,13468
19,RR,24 July 2026,Gap,Alpe d'Huez,127.9,3572,357,38.767,0.8 km solo,Zimmermann Georg,https://www.procyclingstats.com/rider/georg-zimmermann,1997-10-11,1997,Germany,1.81,70.0,21.37,Augsburg,81,finished,89,14738,158,Classic,28,DE,Lotto Intermarché,,,",,",1591,13468
19,RR,24 July 2026,Gap,Alpe d'Huez,127.9,3572,357,38.767,0.8 km solo,Asgreen Kasper,https://www.procyclingstats.com/rider/kasper-asgreen,1995-02-08,1995,Denmark,1.93,75.0,20.13,Kolding,82,finished,81,14214,42,TT,31,DK,EF Education - EasyPost,,,26:55,1615,13492
19,RR,24 July 2026,Gap,Alpe d'Huez,127.9,3572,357,38.767,0.8 km solo,García Pierna Raúl,https://www.procyclingstats.com/rider/raul-garcia-pierna,2001-02-23,2001,Spain,1.75,67.0,21.88,Tres Cantos,83,finished,33,8341,144,Climber,25,ES,Movistar Team,,,27:01,1621,13498
19,RR,24 July 2026,Gap,Alpe d'Huez,127.9,3572,357,38.767,0.8 km solo,Delettre Alexandre,https://www.procyclingstats.com/rider/alexandre-delettre,1997-10-25,1997,France,1.7,62.0,21.45,Gonesse,84,finished,60,12234,204,Classic,28,FR,TotalEnergies,,,27:10,1630,13507
19,RR,24 July 2026,Gap,Alpe d'Huez,127.9,3572,357,38.767,0.8 km solo,Le Berre Mathis,https://www.procyclingstats.com/rider/mathis-le-berre,2001-04-16,2001,France,1.76,68.0,21.95,Saint-Brieuc,85,finished,74,13686,206,Hills,25,FR,TotalEnergies,,,",,",1630,13507
19,RR,24 July 2026,Gap,Alpe d'Huez,127.9,3572,357,38.767,0.8 km solo,Turgis Anthony,https://www.procyclingstats.com/rider/anthony-turgis,1994-05-16,1994,France,1.78,70.0,22.09,Bourg-la-Reine,86,finished,109,16533,207,Classic,32,FR,TotalEnergies,,,",,",1630,13507
19,RR,24 July 2026,Gap,Alpe d'Huez,127.9,3572,357,38.767,0.8 km solo,Breuillard Nicolas,https://www.procyclingstats.com/rider/nicolas-breuillard,2000-03-13,2000,France,1.75,,,Pertuis,87,finished,55,11305,202,GC,26,FR,TotalEnergies,,,",,",1630,13507
19,RR,24 July 2026,Gap,Alpe d'Huez,127.9,3572,357,38.767,0.8 km solo,Marsman Tim,https://www.procyclingstats.com/rider/tim-marsman,2000-10-04,2000,Netherlands,1.91,75.0,20.56,Hattem,88,finished,135,18268,104,Sprint,25,NL,Alpecin - Premier Tech,,,27:16,1636,13513
19,RR,24 July 2026,Gap,Alpe d'Huez,127.9,3572,357,38.767,0.8 km solo,Grégoire Romain,https://www.procyclingstats.com/rider/romain-gregoire,2003-01-21,2003,France,1.76,64.0,20.66,Besançon,89,finished,57,11477,181,Classic,23,FR,Groupama - FDJ United,,,27:36,1656,13533
19,RR,24 July 2026,Gap,Alpe d'Huez,127.9,3572,357,38.767,0.8 km solo,Guernalec Thibault,https://www.procyclingstats.com/rider/thibault-guernalec,1997-07-31,1997,France,1.85,71.0,20.75,Châteaulin,90,finished,108,16478,205,TT,28,FR,TotalEnergies,,,27:56,1676,13553
19,RR,24 July 2026,Gap,Alpe d'Huez,127.9,3572,357,38.767,0.8 km solo,Skaarseth Anders,https://www.procyclingstats.com/rider/anders-skaarseth,1995-05-07,1995,Norway,1.86,,,Lillehammer,91,finished,61,12264,126,Classic,31,NO,Uno-X Mobility,,,28:04,1684,13561
19,RR,24 July 2026,Gap,Alpe d'Huez,127.9,3572,357,38.767,0.8 km solo,Pluimers Rick,https://www.procyclingstats.com/rider/rick-pluimers,2000-12-07,2000,Netherlands,1.8,67.0,20.68,Enter,92,finished,71,13548,195,Hills,25,NL,Tudor Pro Cycling Team,,,28:08,1688,13565
19,RR,24 July 2026,Gap,Alpe d'Huez,127.9,3572,357,38.767,0.8 km solo,Teunissen Mike,https://www.procyclingstats.com/rider/mike-teunissen,1992-08-25,1992,Netherlands,1.84,73.0,21.56,Ysselsteyn,93,finished,125,17595,66,Classic,33,NL,XDS Astana Team,,,",,",1688,13565
19,RR,24 July 2026,Gap,Alpe d'Huez,127.9,3572,357,38.767,0.8 km solo,Van Mechelen Vlad,https://www.procyclingstats.com/rider/vlad-van-mechelen,2004-06-02,2004,Belgium,1.83,73.0,21.8,Leuven,94,finished,70,13471,78,Sprint,22,BE,Bahrain - Victorious,,,28:12,1692,13569
19,RR,24 July 2026,Gap,Alpe d'Huez,127.9,3572,357,38.767,0.8 km solo,Walker Max,https://www.procyclingstats.com/rider/max-walker,2001-07-12,2001,Great Britain,,,,Douglas,95,finished,105,16429,48,TT,25,GB,EF Education - EasyPost,,,",,",1692,13569
19,RR,24 July 2026,Gap,Alpe d'Huez,127.9,3572,357,38.767,0.8 km solo,Nicolau Joel,https://www.procyclingstats.com/rider/joel-nicolau,1997-12-23,1997,Spain,1.76,66.0,21.31,Llofriu,96,finished,131,18211,225,Hills,28,ES,Caja Rural - Seguros RGA,,,28:30,1710,13587
19,RR,24 July 2026,Gap,Alpe d'Huez,127.9,3572,357,38.767,0.8 km solo,Kwiatkowski Michał,https://www.procyclingstats.com/rider/michal-kwiatkowski,1990-06-02,1990,Poland,1.76,68.0,21.95,Chełmża,97,finished,110,16533,86,Classic,36,PL,Netcompany INEOS,,,28:39,1719,13596
19,RR,24 July 2026,Gap,Alpe d'Huez,127.9,3572,357,38.767,0.8 km solo,Bernal Egan,https://www.procyclingstats.com/rider/egan-bernal,1997-01-13,1997,Colombia,1.75,60.0,19.59,Bogotá,98,finished,16,4655,81,GC,29,CO,Netcompany INEOS,,,",,",1719,13596
19,RR,24 July 2026,Gap,Alpe d'Huez,127.9,3572,357,38.767,0.8 km solo,Veistroffer Baptiste,https://www.procyclingstats.com/rider/baptiste-veistroffer,2000-05-29,2000,France,1.82,73.0,22.04,Fouesnant,99,finished,149,19411,157,Hills,26,FR,Lotto Intermarché,,,",,",1719,13596
19,RR,24 July 2026,Gap,Alpe d'Huez,127.9,3572,357,38.767,0.8 km solo,Tarling Joshua,https://www.procyclingstats.com/rider/joshua-tarling,2004-02-15,2004,Great Britain,1.94,78.0,20.72,Aberaeron,100,finished,120,17302,87,TT,22,GB,Netcompany INEOS,,,",,",1719,13596
19,RR,24 July 2026,Gap,Alpe d'Huez,127.9,3572,357,38.767,0.8 km solo,Cepeda Jefferson Alveiro,https://www.procyclingstats.com/rider/jefferson-cepeda-hernandez,1996-03-02,1996,Ecuador,1.7,61.0,21.11,El Playón,101,finished,103,16237,143,GC,30,EC,Movistar Team,,,",,",1719,13596
19,RR,24 July 2026,Gap,Alpe d'Huez,127.9,3572,357,38.767,0.8 km solo,Wright Fred,https://www.procyclingstats.com/rider/alfred-wright,1999-06-13,1999,Great Britain,1.84,75.0,22.15,London,102,finished,127,17643,178,Hills,27,GB,Pinarello Q36.5 Pro Cycling Team,,,",,",1719,13596
19,RR,24 July 2026,Gap,Alpe d'Huez,127.9,3572,357,38.767,0.8 km solo,Durbridge Luke,https://www.procyclingstats.com/rider/luke-durbridge,1991-04-09,1991,Australia,1.87,78.0,22.31,Greenmount,103,finished,107,16475,113,TT,35,AU,Team Jayco AlUla,,,",,",1719,13596
19,RR,24 July 2026,Gap,Alpe d'Huez,127.9,3572,357,38.767,0.8 km solo,Oldani Stefano,https://www.procyclingstats.com/rider/stefano-oldani,1998-01-10,1998,Italy,1.78,65.0,20.52,Milan,104,finished,126,17610,226,Hills,28,IT,Caja Rural - Seguros RGA,,,28:56,1736,13613
19,RR,24 July 2026,Gap,Alpe d'Huez,127.9,3572,357,38.767,0.8 km solo,Paret-Peintre Valentin,https://www.procyclingstats.com/rider/valentin-paret-peintre,2001-01-14,2001,France,1.78,52.0,16.41,Annemasse,105,finished,44,9393,93,Climber,25,FR,Soudal Quick-Step,,,29:00,1740,13617
19,RR,24 July 2026,Gap,Alpe d'Huez,127.9,3572,357,38.767,0.8 km solo,Ganna Filippo,https://www.procyclingstats.com/rider/filippo-ganna,1996-07-25,1996,Italy,1.93,83.0,22.28,Verbania,106,finished,124,17454,84,TT,29,IT,Netcompany INEOS,,,29:02,1742,13619
19,RR,24 July 2026,Gap,Alpe d'Huez,127.9,3572,357,38.767,0.8 km solo,Politt Nils,https://www.procyclingstats.com/rider/nils-politt,1994-03-06,1994,Germany,1.92,80.0,21.7,Cologne,107,finished,72,13628,5,Classic,32,DE,UAE Team Emirates - XRG,,,29:10,1750,13627
19,RR,24 July 2026,Gap,Alpe d'Huez,127.9,3572,357,38.767,0.8 km solo,Stuyven Jasper,https://www.procyclingstats.com/rider/jasper-stuyven,1992-04-17,1992,Belgium,1.87,80.0,22.88,Leuven,108,finished,69,13446,94,Classic,34,BE,Soudal Quick-Step,,,",,",1750,13627
19,RR,24 July 2026,Gap,Alpe d'Huez,127.9,3572,357,38.767,0.8 km solo,Eenkhoorn Pascal,https://www.procyclingstats.com/rider/pascal-eenkhoorn,1997-02-08,1997,Netherlands,1.85,72.0,21.04,Zwolle,109,finished,145,19115,92,Classic,29,NL,Soudal Quick-Step,,,",,",1750,13627
19,RR,24 July 2026,Gap,Alpe d'Huez,127.9,3572,357,38.767,0.8 km solo,van der Poel Mathieu,https://www.procyclingstats.com/rider/mathieu-van-der-poel,1995-01-19,1995,Netherlands,1.84,75.0,22.15,Kapellen,110,finished,73,13665,101,Classic,31,NL,Alpecin - Premier Tech,,,",,",1750,13627
19,RR,24 July 2026,Gap,Alpe d'Huez,127.9,3572,357,38.767,0.8 km solo,van Dijke Tim,https://www.procyclingstats.com/rider/tim-van-dijke,2000-03-15,2000,Netherlands,1.89,74.0,20.72,Goes,111,finished,113,16680,27,Classic,26,NL,Red Bull - BORA - hansgrohe,,,",,",1750,13627
19,RR,24 July 2026,Gap,Alpe d'Huez,127.9,3572,357,38.767,0.8 km solo,Aranburu Alex,https://www.procyclingstats.com/rider/alex-aranburu,1995-09-19,1995,Spain,1.78,63.0,19.88,Ezkio-Itsaso,112,finished,84,14352,163,Classic,30,ES,Cofidis,,,",,",1750,13627
19,RR,24 July 2026,Gap,Alpe d'Huez,127.9,3572,357,38.767,0.8 km solo,van den Broek Frank,https://www.procyclingstats.com/rider/frank-van-den-broek,2000-12-28,2000,Netherlands,1.78,70.0,22.09,Warmond,113,finished,100,16050,218,GC,25,NL,Team Picnic PostNL,,,",,",1750,13627
19,RR,24 July 2026,Gap,Alpe d'Huez,127.9,3572,357,38.767,0.8 km solo,Vermeersch Florian,https://www.procyclingstats.com/rider/florian-vermeersch,1999-03-12,1999,Belgium,1.93,85.0,22.82,Ghent,114,finished,119,17265,6,Classic,27,BE,UAE Team Emirates - XRG,,,",,",1750,13627
19,RR,24 July 2026,Gap,Alpe d'Huez,127.9,3572,357,38.767,0.8 km solo,Rickaert Jonas,https://www.procyclingstats.com/rider/jonas-rickaert,1994-02-07,1994,Belgium,1.9,88.0,24.38,Sint-Eloois-Vijve,115,finished,117,17201,107,Classic,32,BE,Alpecin - Premier Tech,,,",,",1750,13627
19,RR,24 July 2026,Gap,Alpe d'Huez,127.9,3572,357,38.767,0.8 km solo,Philipsen Jasper,https://www.procyclingstats.com/rider/jasper-philipsen,1998-03-02,1998,Belgium,1.76,75.0,24.21,Mol,116,finished,133,18253,105,Sprint,28,BE,Alpecin - Premier Tech,,,",,",1750,13627
19,RR,24 July 2026,Gap,Alpe d'Huez,127.9,3572,357,38.767,0.8 km solo,Page Hugo,https://www.procyclingstats.com/rider/hugo-page,2001-07-24,2001,France,1.85,71.0,20.75,Chartres,117,finished,122,17353,167,Classic,25,FR,Cofidis,,,",,",1750,13627
19,RR,24 July 2026,Gap,Alpe d'Huez,127.9,3572,357,38.767,0.8 km solo,Verstrynge Emiel,https://www.procyclingstats.com/rider/emiel-verstrynge,2002-02-04,2002,Belgium,1.89,69.0,19.32,Eeklo,118,finished,98,15508,108,Climber,24,BE,Alpecin - Premier Tech,,,",,",1750,13627
19,RR,24 July 2026,Gap,Alpe d'Huez,127.9,3572,357,38.767,0.8 km solo,Cort Magnus,https://www.procyclingstats.com/rider/magnus-cort-nielsen,1993-01-16,1993,Denmark,1.84,68.0,20.09,Rønne,119,finished,97,15355,124,Hills,33,DK,Uno-X Mobility,,,",,",1750,13627
19,RR,24 July 2026,Gap,Alpe d'Huez,127.9,3572,357,38.767,0.8 km solo,Biermans Jenthe,https://www.procyclingstats.com/rider/jenthe-biermans,1995-10-30,1995,Belgium,1.84,78.0,23.04,Geel,120,finished,146,19136,164,Classic,30,BE,Cofidis,,,",,",1750,13627
19,RR,24 July 2026,Gap,Alpe d'Huez,127.9,3572,357,38.767,0.8 km solo,Bittner Pavel,https://www.procyclingstats.com/rider/pavel-bittner,2002-10-29,2002,Czech Republic,1.84,73.0,21.56,Olomouc,121,finished,140,18696,213,Sprint,23,CZ,Team Picnic PostNL,,,29:16,1756,13633
19,RR,24 July 2026,Gap,Alpe d'Huez,127.9,3572,357,38.767,0.8 km solo,Märkl Niklas,https://www.procyclingstats.com/rider/niklas-markl,1999-03-03,1999,Germany,1.85,70.0,20.45,Queidersbach,122,finished,142,18757,216,Sprint,27,DE,Team Picnic PostNL,,,",,",1756,13633
19,RR,24 July 2026,Gap,Alpe d'Huez,127.9,3572,357,38.767,0.8 km solo,Degenkolb John,https://www.procyclingstats.com/rider/john-degenkolb,1989-01-07,1989,Germany,1.8,82.0,25.31,Gera,123,finished,148,19344,214,Classic,37,DE,Team Picnic PostNL,,,",,",1756,13633
19,RR,24 July 2026,Gap,Alpe d'Huez,127.9,3572,357,38.767,0.8 km solo,Mohorič Matej,https://www.procyclingstats.com/rider/matej-mohoric,1994-10-19,1994,Slovenia,1.86,71.0,20.52,Kranj,124,finished,90,14747,75,Classic,31,SI,Bahrain - Victorious,,,",,",1756,13633
19,RR,24 July 2026,Gap,Alpe d'Huez,127.9,3572,357,38.767,0.8 km solo,Wærenskjold Søren,https://www.procyclingstats.com/rider/soren-waerenskjold,2000-03-12,2000,Norway,1.95,92.0,24.19,Mandal,125,finished,137,18407,128,Classic,26,NO,Uno-X Mobility,,,",,",1756,13633
19,RR,24 July 2026,Gap,Alpe d'Huez,127.9,3572,357,38.767,0.8 km solo,Van Eetvelt Lennert,https://www.procyclingstats.com/rider/lennert-van-eetvelt,2001-07-17,2001,Belgium,1.76,63.0,20.34,Binkom,126,finished,45,9395,156,Climber,25,BE,Lotto Intermarché,,,",,",1756,13633
19,RR,24 July 2026,Gap,Alpe d'Huez,127.9,3572,357,38.767,0.8 km solo,Skujiņš Toms,https://www.procyclingstats.com/rider/toms-skujins,1991-06-15,1991,Latvia,1.81,72.0,21.98,Sigulda,127,finished,94,14973,36,Classic,35,LV,Lidl - Trek,,,29:19,1759,13636
19,RR,24 July 2026,Gap,Alpe d'Huez,127.9,3572,357,38.767,0.8 km solo,Kanter Max,https://www.procyclingstats.com/rider/max-kanter,1997-10-22,1997,Germany,1.76,68.0,21.95,Cottbus,128,finished,143,18923,64,Sprint,28,DE,XDS Astana Team,,,29:33,1773,13650
19,RR,24 July 2026,Gap,Alpe d'Huez,127.9,3572,357,38.767,0.8 km solo,Vinokurov Nicolas,https://www.procyclingstats.com/rider/nicolas-vinokurov,2002-07-07,2002,Kazakhstan,1.84,69.0,20.38,Nice,129,finished,99,15749,68,GC,24,KZ,XDS Astana Team,,,",,",1773,13650
19,RR,24 July 2026,Gap,Alpe d'Huez,127.9,3572,357,38.767,0.8 km solo,Gate Aaron,https://www.procyclingstats.com/rider/aaron-gate,1990-11-26,1990,New Zealand,1.81,71.0,21.67,Auckland,130,finished,121,17330,63,GC,35,NZ,XDS Astana Team,,,",,",1773,13650
19,RR,24 July 2026,Gap,Alpe d'Huez,127.9,3572,357,38.767,0.8 km solo,Askey Lewis,https://www.procyclingstats.com/rider/lewis-askey,2001-05-04,2001,Great Britain,1.87,75.0,21.45,Cannock,131,finished,153,19776,132,Classic,25,GB,NSN Cycling Team,,,29:40,1780,13657
19,RR,24 July 2026,Gap,Alpe d'Huez,127.9,3572,357,38.767,0.8 km solo,Neilands Krists,https://www.procyclingstats.com/rider/krists-neilands,1994-08-18,1994,Latvia,1.89,69.0,19.32,Kuldīga,132,finished,136,18315,136,Classic,31,LV,NSN Cycling Team,,,29:58,1798,13675
19,RR,24 July 2026,Gap,Alpe d'Huez,127.9,3572,357,38.767,0.8 km solo,Otruba Jakub,https://www.procyclingstats.com/rider/jakub-otruba,1998-01-30,1998,Czech Republic,1.9,75.0,20.78,Olomouc,133,finished,112,16628,227,GC,28,CZ,Caja Rural - Seguros RGA,,,",,",1798,13675
19,RR,24 July 2026,Gap,Alpe d'Huez,127.9,3572,357,38.767,0.8 km solo,Planckaert Edward,https://www.procyclingstats.com/rider/edward-planckaert,1995-02-01,1995,Belgium,1.78,71.0,22.41,Kortrijk,134,finished,114,17007,106,Classic,31,BE,Alpecin - Premier Tech,,,30:01,1801,13678
19,RR,24 July 2026,Gap,Alpe d'Huez,127.9,3572,357,38.767,0.8 km solo,Louvel Matis,https://www.procyclingstats.com/rider/matis-louvel,1999-07-19,1999,France,1.87,77.0,22.02,Mont Saint Aignan,135,finished,158,20184,135,Classic,27,FR,NSN Cycling Team,,,",,",1801,13678
19,RR,24 July 2026,Gap,Alpe d'Huez,127.9,3572,357,38.767,0.8 km solo,Denz Nico,https://www.procyclingstats.com/rider/nico-denz,1994-02-15,1994,Germany,1.83,71.0,21.2,Waldshut-Tiengen,136,finished,95,15213,23,Hills,32,DE,Red Bull - BORA - hansgrohe,,,30:08,1808,13685
19,RR,24 July 2026,Gap,Alpe d'Huez,127.9,3572,357,38.767,0.8 km solo,Stewart Jake,https://www.procyclingstats.com/rider/jake-stewart,1999-10-02,1999,Great Britain,1.79,66.0,20.6,Coventry,137,finished,152,19698,137,Hills,26,GB,NSN Cycling Team,,,30:20,1820,13697
19,RR,24 July 2026,Gap,Alpe d'Huez,127.9,3572,357,38.767,0.8 km solo,Girmay Biniam,https://www.procyclingstats.com/rider/biniam-girmay,2000-04-02,2000,Eritrea,1.84,70.0,20.68,Asmara,138,finished,141,18711,131,Classic,26,ER,NSN Cycling Team,,,",,",1820,13697
19,RR,24 July 2026,Gap,Alpe d'Huez,127.9,3572,357,38.767,0.8 km solo,Bauhaus Phil,https://www.procyclingstats.com/rider/phil-bauhaus,1994-07-08,1994,Germany,1.84,75.0,22.15,Bocholt,139,finished,157,20106,72,Sprint,32,DE,Bahrain - Victorious,,,30:44,1844,13721
19,RR,24 July 2026,Gap,Alpe d'Huez,127.9,3572,357,38.767,0.8 km solo,Hoole Daan,https://www.procyclingstats.com/rider/daan-hoole,1999-02-22,1999,Netherlands,1.98,84.0,21.43,Zuidland,140,finished,130,17961,54,TT,27,NL,Decathlon CMA CGM Team,,,31:06,1866,13743
19,RR,24 July 2026,Gap,Alpe d'Huez,127.9,3572,357,38.767,0.8 km solo,Ackermann Pascal,https://www.procyclingstats.com/rider/pascal-ackermann,1994-01-17,1994,Germany,1.8,78.0,24.07,Kandel,141,finished,144,18925,112,Sprint,32,DE,Team Jayco AlUla,,,31:10,1870,13747
19,RR,24 July 2026,Gap,Alpe d'Huez,127.9,3572,357,38.767,0.8 km solo,Azparren Xabier Mikel,https://www.procyclingstats.com/rider/xabier-mikel-azparren-irurzun,1999-02-25,1999,Spain,,,,San Sebastián,142,finished,102,16180,172,TT,27,ES,Pinarello Q36.5 Pro Cycling Team,,,31:19,1879,13756
19,RR,24 July 2026,Gap,Alpe d'Huez,127.9,3572,357,38.767,0.8 km solo,Wellens Tim,https://www.procyclingstats.com/rider/tim-wellens,1991-05-10,1991,Belgium,1.82,71.0,21.43,Sint-Truiden,143,finished,76,13803,7,GC,35,BE,UAE Team Emirates - XRG,,,31:21,1881,13758
19,RR,24 July 2026,Gap,Alpe d'Huez,127.9,3572,357,38.767,0.8 km solo,Gradek Kamil,https://www.procyclingstats.com/rider/kamil-gradek,1990-09-17,1990,Poland,1.94,83.0,22.05,Koziegłowy,144,finished,159,20249,74,TT,35,PL,Bahrain - Victorious,,,31:23,1883,13760
19,RR,24 July 2026,Gap,Alpe d'Huez,127.9,3572,357,38.767,0.8 km solo,Allegaert Piet,https://www.procyclingstats.com/rider/piet-allegaert,1995-01-20,1995,Belgium,1.81,70.0,21.37,Moorslede,145,finished,154,19797,162,Classic,31,BE,Cofidis,,,31:38,1898,13775
19,RR,24 July 2026,Gap,Alpe d'Huez,127.9,3572,357,38.767,0.8 km solo,Ballerini Davide,https://www.procyclingstats.com/rider/davide-ballerini,1994-09-21,1994,Italy,1.83,71.0,21.2,Cantù,146,finished,155,19878,62,Classic,31,IT,XDS Astana Team,,,31:48,1908,13785
19,RR,24 July 2026,Gap,Alpe d'Huez,127.9,3572,357,38.767,0.8 km solo,Kooij Olav,https://www.procyclingstats.com/rider/olav-kooij,2001-10-17,2001,Netherlands,1.84,72.0,21.27,Numansdorp,147,finished,151,19632,55,Sprint,24,NL,Decathlon CMA CGM Team,,,",,",1908,13785
19,RR,24 July 2026,Gap,Alpe d'Huez,127.9,3572,357,38.767,0.8 km solo,van den Berg Julius,https://www.procyclingstats.com/rider/julius-van-den-berg,1996-10-23,1996,Netherlands,1.9,78.0,21.61,Purmerend,148,finished,156,20093,217,Sprint,29,NL,Team Picnic PostNL,,,31:56,1916,13793
19,RR,24 July 2026,Gap,Alpe d'Huez,127.9,3572,357,38.767,0.8 km solo,Bol Cees,https://www.procyclingstats.com/rider/cees-bol,1995-07-27,1995,Netherlands,1.94,83.0,22.05,Zaandam,149,finished,160,20402,53,Sprint,30,NL,Decathlon CMA CGM Team,,,",,",1916,13793
19,RR,24 July 2026,Gap,Alpe d'Huez,127.9,3572,357,38.767,0.8 km solo,Artz Huub,https://www.procyclingstats.com/rider/huub-artz,2002-05-14,2002,Netherlands,1.86,71.0,20.52,Wintelre,150,finished,132,18231,152,Hills,24,NL,Lotto Intermarché,,,",,",1916,13793
19,RR,24 July 2026,Gap,Alpe d'Huez,127.9,3572,357,38.767,0.8 km solo,Dhondt Robbe,https://www.procyclingstats.com/rider/robbe-dhondt,2004-06-25,2004,Belgium,1.76,,,Zottegem,151,finished,118,17202,215,GC,22,BE,Team Picnic PostNL,,,",,",1916,13793
19,RR,24 July 2026,Gap,Alpe d'Huez,127.9,3572,357,38.767,0.8 km solo,Fretin Milan,https://www.procyclingstats.com/rider/milan-fretin,2001-03-19,2001,Belgium,1.82,70.0,21.13,Genk,152,finished,150,19624,165,Classic,25,BE,Cofidis,,,32:07,1927,13804
19,RR,24 July 2026,Gap,Alpe d'Huez,127.9,3572,357,38.767,0.8 km solo,Slock Liam,https://www.procyclingstats.com/rider/liam-slock,2000-09-18,2000,Belgium,1.88,74.0,20.94,Ghent,153,finished,128,17649,155,GC,25,BE,Lotto Intermarché,,,32:19,1939,13816
19,RR,24 July 2026,Gap,Alpe d'Huez,127.9,3572,357,38.767,0.8 km solo,Thomas Benjamin,https://www.procyclingstats.com/rider/benjamin-thomas-2,1995-09-12,1995,France,1.79,68.0,21.22,Lavaur,154,finished,116,17057,168,TT,30,FR,Cofidis,,,",,",1939,13816
19,RR,24 July 2026,Gap,Alpe d'Huez,127.9,3572,357,38.767,0.8 km solo,Germani Lorenzo,https://www.procyclingstats.com/rider/lorenzo-germani,2002-03-03,2002,Italy,1.79,62.0,19.35,Sora,155,finished,92,14892,185,GC,24,IT,Groupama - FDJ United,,,",,",1939,13816
19,RR,24 July 2026,Gap,Alpe d'Huez,127.9,3572,357,38.767,0.8 km solo,Costiou Ewen,https://www.procyclingstats.com/rider/ewen-costiou,2002-11-10,2002,France,1.76,64.0,20.66,Brest,156,finished,78,14020,184,GC,23,FR,Groupama - FDJ United,,,32:24,1944,13821
19,RR,24 July 2026,Gap,Alpe d'Huez,127.9,3572,357,38.767,0.8 km solo,Godon Dorian,https://www.procyclingstats.com/rider/dorian-godon,1996-05-25,1996,France,1.89,74.0,20.72,Vitry-sur-Seine,157,finished,134,18256,85,Hills,30,FR,Netcompany INEOS,,,32:51,1971,13848
19,RR,24 July 2026,Gap,Alpe d'Huez,127.9,3572,357,38.767,0.8 km solo,Haller Marco,https://www.procyclingstats.com/rider/marco-haller,1991-04-01,1991,Austria,1.78,72.0,22.72,Sankt Veit an der Glan,158,finished,147,19206,193,Classic,35,AT,Tudor Pro Cycling Team,,,",,",1971,13848
19,RR,24 July 2026,Gap,Alpe d'Huez,127.9,3572,357,38.767,0.8 km solo,Alaphilippe Julian,https://www.procyclingstats.com/rider/julian-alaphilippe,1992-06-11,1992,France,1.73,62.0,20.72,Saint-Amand-Montrond,159,finished,138,18492,191,Classic,34,FR,Tudor Pro Cycling Team,,,",,",1971,13848
19,RR,24 July 2026,Gap,Alpe d'Huez,127.9,3572,357,38.767,0.8 km solo,Hagenes Per Strand,https://www.procyclingstats.com/rider/per-strand-hagenes,2003-07-10,2003,Norway,1.86,78.0,22.55,Sandnes,160,finished,101,16077,15,Classic,23,NO,Team Visma | Lease a Bike,,,33:01,1981,13858
19,RR,24 July 2026,Gap,Alpe d'Huez,127.9,3572,357,38.767,0.8 km solo,Affini Edoardo,https://www.procyclingstats.com/rider/edoardo-affini,1996-06-24,1996,Italy,1.9,85.0,23.55,Mantua,,DNF,,,12,TT,30,IT,Team Visma | Lease a Bike,,,,,
19,RR,24 July 2026,Gap,Alpe d'Huez,127.9,3572,357,38.767,0.8 km solo,Rubio Einer,https://www.procyclingstats.com/rider/einer-rubio,1998-02-22,1998,Colombia,1.64,56.0,20.82,Chíquiza,,DNF,,,148,Climber,28,CO,Movistar Team,,,,,
20,RR,25 July 2026,Le Bourg d'Oisans,Alpe d'Huez,170.9,5624,438,34.22,5.8 km solo,Carapaz Richard,https://www.procyclingstats.com/rider/richard-carapaz,1993-05-29,1993,Ecuador,1.7,62.0,21.45,El Carmelo,1,finished,8,1200,41,Climber,33,EC,EF Education - EasyPost,210.0,100.0,4:59:39,0,17979
20,RR,25 July 2026,Le Bourg d'Oisans,Alpe d'Huez,170.9,5624,438,34.22,5.8 km solo,Evenepoel Remco,https://www.procyclingstats.com/rider/remco-evenepoel,2000-01-25,2000,Belgium,1.71,63.0,21.55,Aalst,2,finished,2,386,21,Climber,26,BE,Red Bull - BORA - hansgrohe,150.0,70.0,0:26,26,18005
20,RR,25 July 2026,Le Bourg d'Oisans,Alpe d'Huez,170.9,5624,438,34.22,5.8 km solo,Kuss Sepp,https://www.procyclingstats.com/rider/sepp-kuss,1994-09-13,1994,United States,1.82,61.0,18.42,Durango,3,finished,13,3743,17,Climber,31,US,Team Visma | Lease a Bike,110.0,50.0,0:31,31,18010
20,RR,25 July 2026,Le Bourg d'Oisans,Alpe d'Huez,170.9,5624,438,34.22,5.8 km solo,Pogačar Tadej,https://www.procyclingstats.com/rider/tadej-pogacar,1998-09-21,1998,Slovenia,1.76,66.0,21.31,Klanec,4,finished,1,0,1,Climber,27,SI,UAE Team Emirates - XRG,90.0,40.0,1:05,65,18044
20,RR,25 July 2026,Le Bourg d'Oisans,Alpe d'Huez,170.9,5624,438,34.22,5.8 km solo,del Toro Isaac,https://www.procyclingstats.com/rider/isaac-del-toro,2003-11-27,2003,Mexico,1.8,64.0,19.75,Ensenada,5,finished,3,582,2,Climber,22,MX,UAE Team Emirates - XRG,70.0,32.0,",,",65,18044
20,RR,25 July 2026,Le Bourg d'Oisans,Alpe d'Huez,170.9,5624,438,34.22,5.8 km solo,Martinez Lenny,https://www.procyclingstats.com/rider/lenny-martinez,2003-07-11,2003,France,1.68,52.0,18.42,Cannes,6,finished,5,782,71,Climber,23,FR,Bahrain - Victorious,55.0,26.0,1:07,67,18046
20,RR,25 July 2026,Le Bourg d'Oisans,Alpe d'Huez,170.9,5624,438,34.22,5.8 km solo,Hindley Jai,https://www.procyclingstats.com/rider/jai-hindley,1996-05-05,1996,Australia,1.75,60.0,19.59,Perth,7,finished,15,5008,24,Climber,30,AU,Red Bull - BORA - hansgrohe,45.0,22.0,2:15,135,18114
20,RR,25 July 2026,Le Bourg d'Oisans,Alpe d'Huez,170.9,5624,438,34.22,5.8 km solo,Skjelmose Mattias,https://www.procyclingstats.com/rider/mattias-skjelmose-jensen,2000-09-26,2000,Denmark,1.8,65.0,20.06,Copenhagen,8,finished,6,899,35,Climber,25,DK,Lidl - Trek,40.0,18.0,2:55,175,18154
20,RR,25 July 2026,Le Bourg d'Oisans,Alpe d'Huez,170.9,5624,438,34.22,5.8 km solo,Ayuso Juan,https://www.procyclingstats.com/rider/juan-ayuso-pesquera,2002-09-16,2002,Spain,1.83,65.0,19.41,Barcelona,9,finished,7,1068,31,Climber,23,ES,Lidl - Trek,35.0,14.0,",,",175,18154
20,RR,25 July 2026,Le Bourg d'Oisans,Alpe d'Huez,170.9,5624,438,34.22,5.8 km solo,Seixas Paul,https://www.procyclingstats.com/rider/paul-seixas,2006-09-24,2006,France,1.86,64.0,18.5,Lyon,10,finished,4,716,51,Climber,19,FR,Decathlon CMA CGM Team,30.0,10.0,",,",175,18154
20,RR,25 July 2026,Le Bourg d'Oisans,Alpe d'Huez,170.9,5624,438,34.22,5.8 km solo,Johannessen Tobias Halland,https://www.procyclingstats.com/rider/tobias-halland-johannessen,1999-08-23,1999,Norway,1.76,62.0,20.02,Drøbak,11,finished,12,3397,121,Climber,26,NO,Uno-X Mobility,25.0,8.0,6:44,404,18383
20,RR,25 July 2026,Le Bourg d'Oisans,Alpe d'Huez,170.9,5624,438,34.22,5.8 km solo,Riccitello Matthew,https://www.procyclingstats.com/rider/matthew-riccitello,2002-03-05,2002,United States,1.72,55.0,18.59,Tucson,12,finished,24,7869,58,Climber,24,US,Decathlon CMA CGM Team,20.0,6.0,6:57,417,18396
20,RR,25 July 2026,Le Bourg d'Oisans,Alpe d'Huez,170.9,5624,438,34.22,5.8 km solo,Prodhomme Nicolas,https://www.procyclingstats.com/rider/nicolas-prodhomme,1997-02-01,1997,France,1.74,63.0,20.81,L'Aigle,13,finished,16,5101,57,GC,29,FR,Decathlon CMA CGM Team,15.0,4.0,8:11,491,18470
20,RR,25 July 2026,Le Bourg d'Oisans,Alpe d'Huez,170.9,5624,438,34.22,5.8 km solo,Benoot Tiesj,https://www.procyclingstats.com/rider/tiesj-benoot,1994-03-11,1994,Belgium,1.9,72.0,19.94,Ghent,14,finished,17,5576,52,Classic,32,BE,Decathlon CMA CGM Team,10.0,2.0,8:49,529,18508
20,RR,25 July 2026,Le Bourg d'Oisans,Alpe d'Huez,170.9,5624,438,34.22,5.8 km solo,Piganzoli Davide,https://www.procyclingstats.com/rider/davide-piganzoli,2002-07-08,2002,Italy,1.74,61.0,20.15,Morbegno,15,finished,14,3823,18,GC,24,IT,Team Visma | Lease a Bike,5.0,1.0,8:51,531,18510
20,RR,25 July 2026,Le Bourg d'Oisans,Alpe d'Huez,170.9,5624,438,34.22,5.8 km solo,Pidcock Tom,https://www.procyclingstats.com/rider/tom-pidcock,1999-07-30,1999,Great Britain,1.7,58.0,20.07,Leeds,16,finished,9,1768,171,Classic,26,GB,Pinarello Q36.5 Pro Cycling Team,,,9:03,543,18522
20,RR,25 July 2026,Le Bourg d'Oisans,Alpe d'Huez,170.9,5624,438,34.22,5.8 km solo,Storer Michael,https://www.procyclingstats.com/rider/michael-storer,1997-02-28,1997,Australia,1.77,63.0,20.11,Perth,17,finished,63,15097,196,Climber,29,AU,Tudor Pro Cycling Team,,,",,",543,18522
20,RR,25 July 2026,Le Bourg d'Oisans,Alpe d'Huez,170.9,5624,438,34.22,5.8 km solo,Voisard Yannis,https://www.procyclingstats.com/rider/yannis-voisard,1998-07-26,1998,Switzerland,,56.0,,Fontenais,18,finished,11,2282,198,GC,27,CH,Tudor Pro Cycling Team,,,9:07,547,18526
20,RR,25 July 2026,Le Bourg d'Oisans,Alpe d'Huez,170.9,5624,438,34.22,5.8 km solo,Simmons Quinn,https://www.procyclingstats.com/rider/quinn-simmons,2001-05-08,2001,United States,1.85,73.0,21.33,Durango,19,finished,18,5728,34,Hills,25,US,Lidl - Trek,,,10:02,602,18581
20,RR,25 July 2026,Le Bourg d'Oisans,Alpe d'Huez,170.9,5624,438,34.22,5.8 km solo,Jegat Jordan,https://www.procyclingstats.com/rider/jordan-jegat,1999-06-07,1999,France,1.76,59.0,19.05,Vannes,20,finished,10,2001,201,Climber,27,FR,TotalEnergies,,,11:05,665,18644
20,RR,25 July 2026,Le Bourg d'Oisans,Alpe d'Huez,170.9,5624,438,34.22,5.8 km solo,Tejada Harold,https://www.procyclingstats.com/rider/harold-tejada,1997-04-27,1997,Colombia,1.8,63.0,19.44,Pitalito,21,finished,26,8387,65,Climber,29,CO,XDS Astana Team,,,11:20,680,18659
20,RR,25 July 2026,Le Bourg d'Oisans,Alpe d'Huez,170.9,5624,438,34.22,5.8 km solo,O'Connor Ben,https://www.procyclingstats.com/rider/ben-o-connor,1995-11-25,1995,Australia,1.88,67.0,18.96,Subiaco,22,finished,28,9098,111,GC,30,AU,Team Jayco AlUla,,,11:46,706,18685
20,RR,25 July 2026,Le Bourg d'Oisans,Alpe d'Huez,170.9,5624,438,34.22,5.8 km solo,Arensman Thymen,https://www.procyclingstats.com/rider/thymen-arensman,1999-12-04,1999,Netherlands,1.9,68.0,18.84,Deil,23,finished,22,7362,82,GC,26,NL,Netcompany INEOS,,,12:02,722,18701
20,RR,25 July 2026,Le Bourg d'Oisans,Alpe d'Huez,170.9,5624,438,34.22,5.8 km solo,Van Gils Maxim,https://www.procyclingstats.com/rider/maxim-van-gils,1999-11-25,1999,Belgium,1.74,63.0,20.81,Brasschaat,24,finished,27,8649,28,Classic,26,BE,Red Bull - BORA - hansgrohe,,,12:40,760,18739
20,RR,25 July 2026,Le Bourg d'Oisans,Alpe d'Huez,170.9,5624,438,34.22,5.8 km solo,Paret-Peintre Aurélien,https://www.procyclingstats.com/rider/aurelien-paret-peintre,1996-02-27,1996,France,1.84,64.0,18.9,Annemasse,25,finished,42,11308,56,GC,30,FR,Decathlon CMA CGM Team,,,16:00,960,18939
20,RR,25 July 2026,Le Bourg d'Oisans,Alpe d'Huez,170.9,5624,438,34.22,5.8 km solo,Quinn Sean,https://www.procyclingstats.com/rider/sean-quinn,2000-05-10,2000,United States,1.87,67.0,19.16,Los Angeles,26,finished,19,6425,45,GC,26,US,EF Education - EasyPost,,,17:28,1048,19027
20,RR,25 July 2026,Le Bourg d'Oisans,Alpe d'Huez,170.9,5624,438,34.22,5.8 km solo,Gee-West Derek,https://www.procyclingstats.com/rider/derek-gee,1997-08-03,1997,Canada,1.89,72.0,20.16,Ottawa,27,finished,25,7979,32,Climber,28,CA,Lidl - Trek,,,22:25,1345,19324
20,RR,25 July 2026,Le Bourg d'Oisans,Alpe d'Huez,170.9,5624,438,34.22,5.8 km solo,Cattaneo Mattia,https://www.procyclingstats.com/rider/mattia-cattaneo,1990-10-25,1990,Italy,1.84,67.0,19.79,Alzano Lombardo,28,finished,33,10279,22,TT,35,IT,Red Bull - BORA - hansgrohe,,,23:14,1394,19373
20,RR,25 July 2026,Le Bourg d'Oisans,Alpe d'Huez,170.9,5624,438,34.22,5.8 km solo,Alaphilippe Julian,https://www.procyclingstats.com/rider/julian-alaphilippe,1992-06-11,1992,France,1.73,62.0,20.72,Saint-Amand-Montrond,29,finished,125,19987,191,Classic,34,FR,Tudor Pro Cycling Team,,,26:00,1560,19539
20,RR,25 July 2026,Le Bourg d'Oisans,Alpe d'Huez,170.9,5624,438,34.22,5.8 km solo,Barguil Warren,https://www.procyclingstats.com/rider/warren-barguil,1991-10-28,1991,France,1.83,61.0,18.21,Hennebont,30,finished,87,16803,211,Climber,34,FR,Team Picnic PostNL,,,",,",1560,19539
20,RR,25 July 2026,Le Bourg d'Oisans,Alpe d'Huez,170.9,5624,438,34.22,5.8 km solo,Healy Ben,https://www.procyclingstats.com/rider/ben-healy,2000-09-11,2000,Ireland,1.75,62.0,20.24,Kingswinford Previous nationalities Great Britain until 2016,31,finished,59,13863,44,Climber,25,IE,EF Education - EasyPost,,,26:59,1619,19598
20,RR,25 July 2026,Le Bourg d'Oisans,Alpe d'Huez,170.9,5624,438,34.22,5.8 km solo,Verona Carlos,https://www.procyclingstats.com/rider/carlos-verona,1992-11-04,1992,Spain,1.86,68.0,19.66,San Lorenzo de El Escorial,32,finished,23,7522,38,GC,33,ES,Lidl - Trek,,,27:16,1636,19615
20,RR,25 July 2026,Le Bourg d'Oisans,Alpe d'Huez,170.9,5624,438,34.22,5.8 km solo,Johannessen Anders Halland,https://www.procyclingstats.com/rider/anders-halland-johannessen,1999-08-23,1999,Norway,1.76,,,Drøbak,33,finished,64,15282,125,GC,26,NO,Uno-X Mobility,,,",,",1636,19615
20,RR,25 July 2026,Le Bourg d'Oisans,Alpe d'Huez,170.9,5624,438,34.22,5.8 km solo,Martin Guillaume,https://www.procyclingstats.com/rider/guillaume-martin,1993-06-09,1993,France,1.73,55.0,18.38,Paris,34,finished,31,9255,186,Climber,33,FR,Groupama - FDJ United,,,",,",1636,19615
20,RR,25 July 2026,Le Bourg d'Oisans,Alpe d'Huez,170.9,5624,438,34.22,5.8 km solo,Breuillard Nicolas,https://www.procyclingstats.com/rider/nicolas-breuillard,2000-03-13,2000,France,1.75,,,Pertuis,35,finished,50,12876,202,GC,26,FR,TotalEnergies,,,",,",1636,19615
20,RR,25 July 2026,Le Bourg d'Oisans,Alpe d'Huez,170.9,5624,438,34.22,5.8 km solo,Großschartner Felix,https://www.procyclingstats.com/rider/felix-grossschartner,1993-12-23,1993,Austria,1.84,64.0,18.9,Wels,36,finished,32,9802,3,GC,32,AT,UAE Team Emirates - XRG,,,31:06,1866,19845
20,RR,25 July 2026,Le Bourg d'Oisans,Alpe d'Huez,170.9,5624,438,34.22,5.8 km solo,Yates Adam,https://www.procyclingstats.com/rider/adam-yates,1992-08-07,1992,Great Britain,1.73,58.0,19.38,Bury,37,finished,21,6719,8,Climber,33,GB,UAE Team Emirates - XRG,,,",,",1866,19845
20,RR,25 July 2026,Le Bourg d'Oisans,Alpe d'Huez,170.9,5624,438,34.22,5.8 km solo,Higuita Sergio,https://www.procyclingstats.com/rider/sergio-higuita,1997-08-01,1997,Colombia,1.66,57.0,20.69,Medellín,38,finished,38,11075,61,Climber,28,CO,XDS Astana Team,,,",,",1866,19845
20,RR,25 July 2026,Le Bourg d'Oisans,Alpe d'Huez,170.9,5624,438,34.22,5.8 km solo,Bernal Egan,https://www.procyclingstats.com/rider/egan-bernal,1997-01-13,1997,Colombia,1.75,60.0,19.59,Bogotá,39,finished,20,6478,81,GC,29,CO,Netcompany INEOS,,,31:28,1888,19867
20,RR,25 July 2026,Le Bourg d'Oisans,Alpe d'Huez,170.9,5624,438,34.22,5.8 km solo,Foss Tobias,https://www.procyclingstats.com/rider/tobias-foss,1997-05-25,1997,Norway,1.84,74.0,21.86,Vingrom,40,finished,43,11309,83,TT,29,NO,Netcompany INEOS,,,31:35,1895,19874
20,RR,25 July 2026,Le Bourg d'Oisans,Alpe d'Huez,170.9,5624,438,34.22,5.8 km solo,Caruso Damiano,https://www.procyclingstats.com/rider/damiano-caruso,1987-10-12,1987,Italy,1.79,67.0,20.91,Ragusa,41,finished,55,13603,73,GC,38,IT,Bahrain - Victorious,,,32:04,1924,19903
20,RR,25 July 2026,Le Bourg d'Oisans,Alpe d'Huez,170.9,5624,438,34.22,5.8 km solo,Velasco Simone,https://www.procyclingstats.com/rider/simone-velasco,1995-12-02,1995,Italy,1.7,59.0,20.42,Bologna,42,finished,100,18255,67,Classic,30,IT,XDS Astana Team,,,",,",1924,19903
20,RR,25 July 2026,Le Bourg d'Oisans,Alpe d'Huez,170.9,5624,438,34.22,5.8 km solo,Van Moer Brent,https://www.procyclingstats.com/rider/brent-van-moer,1998-01-12,1998,Belgium,1.91,79.0,21.66,Beveren,43,finished,81,16394,177,Classic,28,BE,Pinarello Q36.5 Pro Cycling Team,,,32:28,1948,19927
20,RR,25 July 2026,Le Bourg d'Oisans,Alpe d'Huez,170.9,5624,438,34.22,5.8 km solo,Braz Afonso Clément,https://www.procyclingstats.com/rider/clement-braz-afonso,1999-11-08,1999,France,1.63,50.0,18.82,Brive-la-Gaillarde,44,finished,40,11183,183,Climber,26,FR,Groupama - FDJ United,,,32:42,1962,19941
20,RR,25 July 2026,Le Bourg d'Oisans,Alpe d'Huez,170.9,5624,438,34.22,5.8 km solo,Van Eetvelt Lennert,https://www.procyclingstats.com/rider/lennert-van-eetvelt,2001-07-17,2001,Belgium,1.76,63.0,20.34,Binkom,45,finished,41,11302,156,Climber,25,BE,Lotto Intermarché,,,32:52,1972,19951
20,RR,25 July 2026,Le Bourg d'Oisans,Alpe d'Huez,170.9,5624,438,34.22,5.8 km solo,Paret-Peintre Valentin,https://www.procyclingstats.com/rider/valentin-paret-peintre,2001-01-14,2001,France,1.78,52.0,16.41,Annemasse,46,finished,44,11361,93,Climber,25,FR,Soudal Quick-Step,,,33:53,2033,20012
20,RR,25 July 2026,Le Bourg d'Oisans,Alpe d'Huez,170.9,5624,438,34.22,5.8 km solo,Delbove Joris,https://www.procyclingstats.com/rider/joris-delbove,2000-07-15,2000,France,,,,Troyes,47,finished,51,13026,203,GC,26,FR,TotalEnergies,,,",,",2033,20012
20,RR,25 July 2026,Le Bourg d'Oisans,Alpe d'Huez,170.9,5624,438,34.22,5.8 km solo,García Pierna Raúl,https://www.procyclingstats.com/rider/raul-garcia-pierna,2001-02-23,2001,Spain,1.75,67.0,21.88,Tres Cantos,48,finished,34,10352,144,Climber,25,ES,Movistar Team,,,34:36,2076,20055
20,RR,25 July 2026,Le Bourg d'Oisans,Alpe d'Huez,170.9,5624,438,34.22,5.8 km solo,Nicolau Joel,https://www.procyclingstats.com/rider/joel-nicolau,1997-12-23,1997,Spain,1.76,66.0,21.31,Llofriu,49,finished,129,20227,225,Hills,28,ES,Caja Rural - Seguros RGA,,,34:41,2081,20060
20,RR,25 July 2026,Le Bourg d'Oisans,Alpe d'Huez,170.9,5624,438,34.22,5.8 km solo,Abrahamsen Jonas,https://www.procyclingstats.com/rider/jonas-abrahamsen,1995-09-20,1995,Norway,1.83,78.0,23.29,Skien,50,finished,77,16223,122,Classic,30,NO,Uno-X Mobility,,,",,",2081,20060
20,RR,25 July 2026,Le Bourg d'Oisans,Alpe d'Huez,170.9,5624,438,34.22,5.8 km solo,Van Mechelen Vlad,https://www.procyclingstats.com/rider/vlad-van-mechelen,2004-06-02,2004,Belgium,1.83,73.0,21.8,Leuven,51,finished,66,15487,78,Sprint,22,BE,Bahrain - Victorious,,,",,",2081,20060
20,RR,25 July 2026,Le Bourg d'Oisans,Alpe d'Huez,170.9,5624,438,34.22,5.8 km solo,Frigo Marco,https://www.procyclingstats.com/rider/marco-frigo,2000-03-02,2000,Italy,1.88,70.0,19.81,Bassano del Grappa,52,finished,78,16324,134,Climber,26,IT,NSN Cycling Team,,,",,",2081,20060
20,RR,25 July 2026,Le Bourg d'Oisans,Alpe d'Huez,170.9,5624,438,34.22,5.8 km solo,Schmid Mauro,https://www.procyclingstats.com/rider/mauro-schmid,1999-12-04,1999,Switzerland,1.87,70.0,20.02,Bülach,53,finished,35,10409,118,Hills,26,CH,Team Jayco AlUla,,,",,",2081,20060
20,RR,25 July 2026,Le Bourg d'Oisans,Alpe d'Huez,170.9,5624,438,34.22,5.8 km solo,Oliveira Nelson,https://www.procyclingstats.com/rider/nelson-oliveira,1989-03-06,1989,Portugal,1.8,67.0,20.68,Anadia,54,finished,65,15476,146,TT,37,PT,Movistar Team,,,35:10,2110,20089
20,RR,25 July 2026,Le Bourg d'Oisans,Alpe d'Huez,170.9,5624,438,34.22,5.8 km solo,Armirail Bruno,https://www.procyclingstats.com/rider/bruno-armirail,1994-04-11,1994,France,1.9,72.0,19.94,Bagnères-de-Bigorre,55,finished,62,14606,13,TT,32,FR,Team Visma | Lease a Bike,,,",,",2110,20089
20,RR,25 July 2026,Le Bourg d'Oisans,Alpe d'Huez,170.9,5624,438,34.22,5.8 km solo,Jorgenson Matteo,https://www.procyclingstats.com/rider/matteo-jorgenson,1999-07-01,1999,United States,1.9,69.0,19.11,Walnut Creek,56,finished,30,9209,16,GC,27,US,Team Visma | Lease a Bike,,,",,",2110,20089
20,RR,25 July 2026,Le Bourg d'Oisans,Alpe d'Huez,170.9,5624,438,34.22,5.8 km solo,Romo Javier,https://www.procyclingstats.com/rider/javier-romo,1999-01-06,1999,Spain,1.84,70.0,20.68,Villafranca de los Caballeros,57,finished,54,13309,147,GC,27,ES,Movistar Team,,,",,",2110,20089
20,RR,25 July 2026,Le Bourg d'Oisans,Alpe d'Huez,170.9,5624,438,34.22,5.8 km solo,Cepeda Jefferson Alveiro,https://www.procyclingstats.com/rider/jefferson-cepeda-hernandez,1996-03-02,1996,Ecuador,1.7,61.0,21.11,El Playón,58,finished,101,18282,143,GC,30,EC,Movistar Team,,,",,",2110,20089
20,RR,25 July 2026,Le Bourg d'Oisans,Alpe d'Huez,170.9,5624,438,34.22,5.8 km solo,Howson Damien,https://www.procyclingstats.com/rider/damien-howson,1992-08-13,1992,Australia,1.88,68.0,19.24,Adelaide,59,finished,88,16898,175,GC,33,AU,Pinarello Q36.5 Pro Cycling Team,,,35:12,2112,20091
20,RR,25 July 2026,Le Bourg d'Oisans,Alpe d'Huez,170.9,5624,438,34.22,5.8 km solo,Azparren Xabier Mikel,https://www.procyclingstats.com/rider/xabier-mikel-azparren-irurzun,1999-02-25,1999,Spain,,,,San Sebastián,60,finished,99,18227,172,TT,27,ES,Pinarello Q36.5 Pro Cycling Team,,,",,",2112,20091
20,RR,25 July 2026,Le Bourg d'Oisans,Alpe d'Huez,170.9,5624,438,34.22,5.8 km solo,Hirschi Marc,https://www.procyclingstats.com/rider/marc-hirschi,1998-08-24,1998,Switzerland,1.74,61.0,20.15,Bern,61,finished,48,12599,194,Classic,27,CH,Tudor Pro Cycling Team,,,36:24,2184,20163
20,RR,25 July 2026,Le Bourg d'Oisans,Alpe d'Huez,170.9,5624,438,34.22,5.8 km solo,Wellens Tim,https://www.procyclingstats.com/rider/tim-wellens,1991-05-10,1991,Belgium,1.82,71.0,21.43,Sint-Truiden,62,finished,74,15928,7,GC,35,BE,UAE Team Emirates - XRG,,,36:30,2190,20169
20,RR,25 July 2026,Le Bourg d'Oisans,Alpe d'Huez,170.9,5624,438,34.22,5.8 km solo,Tratnik Jan,https://www.procyclingstats.com/rider/jan-tratnik,1990-02-23,1990,Slovenia,1.73,67.0,22.39,Idrija,63,finished,83,16464,26,TT,36,SI,Red Bull - BORA - hansgrohe,,,",,",2190,20169
20,RR,25 July 2026,Le Bourg d'Oisans,Alpe d'Huez,170.9,5624,438,34.22,5.8 km solo,Tiberi Antonio,https://www.procyclingstats.com/rider/antonio-tiberi,2001-06-24,2001,Italy,1.82,62.0,18.72,Frosinone,64,finished,37,11032,77,GC,25,IT,Bahrain - Victorious,,,36:36,2196,20175
20,RR,25 July 2026,Le Bourg d'Oisans,Alpe d'Huez,170.9,5624,438,34.22,5.8 km solo,Hessmann Michel,https://www.procyclingstats.com/rider/michel-hessmann,2001-04-06,2001,Germany,1.91,78.0,21.38,Münster,65,finished,104,18688,145,Hills,25,DE,Movistar Team,,,36:38,2198,20177
20,RR,25 July 2026,Le Bourg d'Oisans,Alpe d'Huez,170.9,5624,438,34.22,5.8 km solo,Steinhauser Georg,https://www.procyclingstats.com/rider/georg-steinhauser,2001-10-21,2001,Germany,1.89,70.0,19.6,Lindenberg im Allgäu,66,finished,113,19179,46,Climber,24,DE,EF Education - EasyPost,,,",,",2198,20177
20,RR,25 July 2026,Le Bourg d'Oisans,Alpe d'Huez,170.9,5624,438,34.22,5.8 km solo,Plapp Luke,https://www.procyclingstats.com/rider/luke-plapp,2000-12-25,2000,Australia,1.81,72.0,21.98,Melbourne,67,finished,91,17070,117,GC,25,AU,Team Jayco AlUla,,,36:47,2207,20186
20,RR,25 July 2026,Le Bourg d'Oisans,Alpe d'Huez,170.9,5624,438,34.22,5.8 km solo,Baudin Alex,https://www.procyclingstats.com/rider/alex-baudin,2001-05-25,2001,France,1.83,64.0,19.11,Albertville,68,finished,46,11501,43,Climber,25,FR,EF Education - EasyPost,,,37:00,2220,20199
20,RR,25 July 2026,Le Bourg d'Oisans,Alpe d'Huez,170.9,5624,438,34.22,5.8 km solo,Politt Nils,https://www.procyclingstats.com/rider/nils-politt,1994-03-06,1994,Germany,1.92,80.0,21.7,Cologne,69,finished,72,15810,5,Classic,32,DE,UAE Team Emirates - XRG,,,37:27,2247,20226
20,RR,25 July 2026,Le Bourg d'Oisans,Alpe d'Huez,170.9,5624,438,34.22,5.8 km solo,Vervaeke Louis,https://www.procyclingstats.com/rider/louis-vervaeke,1993-10-06,1993,Belgium,1.81,68.0,20.76,Ronse,70,finished,67,15518,98,GC,32,BE,Soudal Quick-Step,,,37:58,2278,20257
20,RR,25 July 2026,Le Bourg d'Oisans,Alpe d'Huez,170.9,5624,438,34.22,5.8 km solo,Campenaerts Victor,https://www.procyclingstats.com/rider/victor-campenaerts,1991-10-28,1991,Belgium,1.73,68.0,22.72,Hoboken,71,finished,82,16457,14,TT,34,BE,Team Visma | Lease a Bike,,,38:38,2318,20297
20,RR,25 July 2026,Le Bourg d'Oisans,Alpe d'Huez,170.9,5624,438,34.22,5.8 km solo,Rickaert Jonas,https://www.procyclingstats.com/rider/jonas-rickaert,1994-02-07,1994,Belgium,1.9,88.0,24.38,Sint-Eloois-Vijve,72,finished,115,19479,107,Classic,32,BE,Alpecin - Premier Tech,,,39:03,2343,20322
20,RR,25 July 2026,Le Bourg d'Oisans,Alpe d'Huez,170.9,5624,438,34.22,5.8 km solo,Eenkhoorn Pascal,https://www.procyclingstats.com/rider/pascal-eenkhoorn,1997-02-08,1997,Netherlands,1.85,72.0,21.04,Zwolle,73,finished,143,21438,92,Classic,29,NL,Soudal Quick-Step,,,39:48,2388,20367
20,RR,25 July 2026,Le Bourg d'Oisans,Alpe d'Huez,170.9,5624,438,34.22,5.8 km solo,Stuyven Jasper,https://www.procyclingstats.com/rider/jasper-stuyven,1992-04-17,1992,Belgium,1.87,80.0,22.88,Leuven,74,finished,71,15769,94,Classic,34,BE,Soudal Quick-Step,,,",,",2388,20367
20,RR,25 July 2026,Le Bourg d'Oisans,Alpe d'Huez,170.9,5624,438,34.22,5.8 km solo,Hoole Daan,https://www.procyclingstats.com/rider/daan-hoole,1999-02-22,1999,Netherlands,1.98,84.0,21.43,Zuidland,75,finished,130,20284,54,TT,27,NL,Decathlon CMA CGM Team,,,",,",2388,20367
20,RR,25 July 2026,Le Bourg d'Oisans,Alpe d'Huez,170.9,5624,438,34.22,5.8 km solo,Meurisse Xandro,https://www.procyclingstats.com/rider/xandro-meurisse,1992-01-31,1992,Belgium,1.81,68.0,20.76,Kortrijk,76,finished,56,13753,176,GC,34,BE,Pinarello Q36.5 Pro Cycling Team,,,",,",2388,20367
20,RR,25 July 2026,Le Bourg d'Oisans,Alpe d'Huez,170.9,5624,438,34.22,5.8 km solo,Russo Clément,https://www.procyclingstats.com/rider/clement-russo,1995-01-20,1995,France,1.87,74.0,21.16,Lyon,77,finished,69,15625,188,Classic,31,FR,Groupama - FDJ United,,,",,",2388,20367
20,RR,25 July 2026,Le Bourg d'Oisans,Alpe d'Huez,170.9,5624,438,34.22,5.8 km solo,Skaarseth Anders,https://www.procyclingstats.com/rider/anders-skaarseth,1995-05-07,1995,Norway,1.86,,,Lillehammer,78,finished,60,14587,126,Classic,31,NO,Uno-X Mobility,,,",,",2388,20367
20,RR,25 July 2026,Le Bourg d'Oisans,Alpe d'Huez,170.9,5624,438,34.22,5.8 km solo,Marsman Tim,https://www.procyclingstats.com/rider/tim-marsman,2000-10-04,2000,Netherlands,1.91,75.0,20.56,Hattem,79,finished,133,20591,104,Sprint,25,NL,Alpecin - Premier Tech,,,",,",2388,20367
20,RR,25 July 2026,Le Bourg d'Oisans,Alpe d'Huez,170.9,5624,438,34.22,5.8 km solo,van der Poel Mathieu,https://www.procyclingstats.com/rider/mathieu-van-der-poel,1995-01-19,1995,Netherlands,1.84,75.0,22.15,Kapellen,80,finished,75,15988,101,Classic,31,NL,Alpecin - Premier Tech,,,",,",2388,20367
20,RR,25 July 2026,Le Bourg d'Oisans,Alpe d'Huez,170.9,5624,438,34.22,5.8 km solo,Asgreen Kasper,https://www.procyclingstats.com/rider/kasper-asgreen,1995-02-08,1995,Denmark,1.93,75.0,20.13,Kolding,81,finished,84,16537,42,TT,31,DK,EF Education - EasyPost,,,",,",2388,20367
20,RR,25 July 2026,Le Bourg d'Oisans,Alpe d'Huez,170.9,5624,438,34.22,5.8 km solo,Vinokurov Nicolas,https://www.procyclingstats.com/rider/nicolas-vinokurov,2002-07-07,2002,Kazakhstan,1.84,69.0,20.38,Nice,82,finished,98,18072,68,GC,24,KZ,XDS Astana Team,,,",,",2388,20367
20,RR,25 July 2026,Le Bourg d'Oisans,Alpe d'Huez,170.9,5624,438,34.22,5.8 km solo,Le Berre Mathis,https://www.procyclingstats.com/rider/mathis-le-berre,2001-04-16,2001,France,1.76,68.0,21.95,Saint-Brieuc,83,finished,76,16009,206,Hills,25,FR,TotalEnergies,,,",,",2388,20367
20,RR,25 July 2026,Le Bourg d'Oisans,Alpe d'Huez,170.9,5624,438,34.22,5.8 km solo,Pluimers Rick,https://www.procyclingstats.com/rider/rick-pluimers,2000-12-07,2000,Netherlands,1.8,67.0,20.68,Enter,84,finished,73,15871,195,Hills,25,NL,Tudor Pro Cycling Team,,,",,",2388,20367
20,RR,25 July 2026,Le Bourg d'Oisans,Alpe d'Huez,170.9,5624,438,34.22,5.8 km solo,Teunissen Mike,https://www.procyclingstats.com/rider/mike-teunissen,1992-08-25,1992,Netherlands,1.84,73.0,21.56,Ysselsteyn,85,finished,124,19918,66,Classic,33,NL,XDS Astana Team,,,",,",2388,20367
20,RR,25 July 2026,Le Bourg d'Oisans,Alpe d'Huez,170.9,5624,438,34.22,5.8 km solo,van Dijke Tim,https://www.procyclingstats.com/rider/tim-van-dijke,2000-03-15,2000,Netherlands,1.89,74.0,20.72,Goes,86,finished,111,19003,27,Classic,26,NL,Red Bull - BORA - hansgrohe,,,",,",2388,20367
20,RR,25 July 2026,Le Bourg d'Oisans,Alpe d'Huez,170.9,5624,438,34.22,5.8 km solo,Page Hugo,https://www.procyclingstats.com/rider/hugo-page,2001-07-24,2001,France,1.85,71.0,20.75,Chartres,87,finished,119,19676,167,Classic,25,FR,Cofidis,,,",,",2388,20367
20,RR,25 July 2026,Le Bourg d'Oisans,Alpe d'Huez,170.9,5624,438,34.22,5.8 km solo,Balderstone Abel,https://www.procyclingstats.com/rider/abel-balderstone-roumens,2000-07-07,2000,Spain,1.79,61.0,19.04,Ullastrell,88,finished,47,12266,222,GC,26,ES,Caja Rural - Seguros RGA,,,",,",2388,20367
20,RR,25 July 2026,Le Bourg d'Oisans,Alpe d'Huez,170.9,5624,438,34.22,5.8 km solo,Aranburu Alex,https://www.procyclingstats.com/rider/alex-aranburu,1995-09-19,1995,Spain,1.78,63.0,19.88,Ezkio-Itsaso,89,finished,85,16675,163,Classic,30,ES,Cofidis,,,",,",2388,20367
20,RR,25 July 2026,Le Bourg d'Oisans,Alpe d'Huez,170.9,5624,438,34.22,5.8 km solo,Verstrynge Emiel,https://www.procyclingstats.com/rider/emiel-verstrynge,2002-02-04,2002,Belgium,1.89,69.0,19.32,Eeklo,90,finished,96,17831,108,Climber,24,BE,Alpecin - Premier Tech,,,",,",2388,20367
20,RR,25 July 2026,Le Bourg d'Oisans,Alpe d'Huez,170.9,5624,438,34.22,5.8 km solo,Hermans Quinten,https://www.procyclingstats.com/rider/quinten-hermans,1995-07-29,1995,Belgium,1.74,62.0,20.48,Antwerp,91,finished,39,11123,174,Hills,30,BE,Pinarello Q36.5 Pro Cycling Team,,,",,",2388,20367
20,RR,25 July 2026,Le Bourg d'Oisans,Alpe d'Huez,170.9,5624,438,34.22,5.8 km solo,Izagirre Ion,https://www.procyclingstats.com/rider/ion-izagirre,1989-02-04,1989,Spain,1.73,60.0,20.05,Ormaiztegi,92,finished,45,11413,161,GC,37,ES,Cofidis,,,",,",2388,20367
20,RR,25 July 2026,Le Bourg d'Oisans,Alpe d'Huez,170.9,5624,438,34.22,5.8 km solo,Gradek Kamil,https://www.procyclingstats.com/rider/kamil-gradek,1990-09-17,1990,Poland,1.94,83.0,22.05,Koziegłowy,93,finished,155,22572,74,TT,35,PL,Bahrain - Victorious,,,",,",2388,20367
20,RR,25 July 2026,Le Bourg d'Oisans,Alpe d'Huez,170.9,5624,438,34.22,5.8 km solo,Denz Nico,https://www.procyclingstats.com/rider/nico-denz,1994-02-15,1994,Germany,1.83,71.0,21.2,Waldshut-Tiengen,94,finished,95,17536,23,Hills,32,DE,Red Bull - BORA - hansgrohe,,,",,",2388,20367
20,RR,25 July 2026,Le Bourg d'Oisans,Alpe d'Huez,170.9,5624,438,34.22,5.8 km solo,Neilands Krists,https://www.procyclingstats.com/rider/krists-neilands,1994-08-18,1994,Latvia,1.89,69.0,19.32,Kuldīga,95,finished,134,20638,136,Classic,31,LV,NSN Cycling Team,,,",,",2388,20367
20,RR,25 July 2026,Le Bourg d'Oisans,Alpe d'Huez,170.9,5624,438,34.22,5.8 km solo,Bauhaus Phil,https://www.procyclingstats.com/rider/phil-bauhaus,1994-07-08,1994,Germany,1.84,75.0,22.15,Bocholt,96,finished,154,22429,72,Sprint,32,DE,Bahrain - Victorious,,,",,",2388,20367
20,RR,25 July 2026,Le Bourg d'Oisans,Alpe d'Huez,170.9,5624,438,34.22,5.8 km solo,Costiou Ewen,https://www.procyclingstats.com/rider/ewen-costiou,2002-11-10,2002,France,1.76,64.0,20.66,Brest,97,finished,79,16343,184,GC,23,FR,Groupama - FDJ United,,,",,",2388,20367
20,RR,25 July 2026,Le Bourg d'Oisans,Alpe d'Huez,170.9,5624,438,34.22,5.8 km solo,Vauquelin Kévin,https://www.procyclingstats.com/rider/kevin-vauquelin,2001-04-26,2001,France,1.76,69.0,22.28,Bayeux,98,finished,36,10877,88,GC,25,FR,Netcompany INEOS,,,",,",2388,20367
20,RR,25 July 2026,Le Bourg d'Oisans,Alpe d'Huez,170.9,5624,438,34.22,5.8 km solo,Pacher Quentin,https://www.procyclingstats.com/rider/quentin-pacher,1992-01-06,1992,France,1.79,62.0,19.35,Libourne,99,finished,58,13829,187,Hills,34,FR,Groupama - FDJ United,,,",,",2388,20367
20,RR,25 July 2026,Le Bourg d'Oisans,Alpe d'Huez,170.9,5624,438,34.22,5.8 km solo,Grégoire Romain,https://www.procyclingstats.com/rider/romain-gregoire,2003-01-21,2003,France,1.76,64.0,20.66,Besançon,100,finished,57,13800,181,Classic,23,FR,Groupama - FDJ United,,,",,",2388,20367
20,RR,25 July 2026,Le Bourg d'Oisans,Alpe d'Huez,170.9,5624,438,34.22,5.8 km solo,Vercher Mattéo,https://www.procyclingstats.com/rider/matheo-vercher,2001-01-26,2001,France,1.71,,,Lyon,101,finished,86,16724,208,Hills,25,FR,TotalEnergies,,,",,",2388,20367
20,RR,25 July 2026,Le Bourg d'Oisans,Alpe d'Huez,170.9,5624,438,34.22,5.8 km solo,Mohorič Matej,https://www.procyclingstats.com/rider/matej-mohoric,1994-10-19,1994,Slovenia,1.86,71.0,20.52,Kranj,102,finished,92,17070,75,Classic,31,SI,Bahrain - Victorious,,,",,",2388,20367
20,RR,25 July 2026,Le Bourg d'Oisans,Alpe d'Huez,170.9,5624,438,34.22,5.8 km solo,Stannard Robert,https://www.procyclingstats.com/rider/robert-stannard,1998-09-16,1998,Australia,1.79,74.0,23.1,Sydney Previous nationalities New Zealand until 2016,103,finished,105,18792,76,Hills,27,AU,Bahrain - Victorious,,,",,",2388,20367
20,RR,25 July 2026,Le Bourg d'Oisans,Alpe d'Huez,170.9,5624,438,34.22,5.8 km solo,Engelhardt Felix,https://www.procyclingstats.com/rider/felix-engelhardt,2000-08-19,2000,Germany,1.8,68.0,20.99,Ulm,104,finished,70,15751,114,Classic,25,DE,Team Jayco AlUla,,,",,",2388,20367
20,RR,25 July 2026,Le Bourg d'Oisans,Alpe d'Huez,170.9,5624,438,34.22,5.8 km solo,Matthews Michael,https://www.procyclingstats.com/rider/michael-matthews,1990-09-26,1990,Australia,1.78,72.0,22.72,Canberra,105,finished,52,13055,115,Classic,35,AU,Team Jayco AlUla,,,",,",2388,20367
20,RR,25 July 2026,Le Bourg d'Oisans,Alpe d'Huez,170.9,5624,438,34.22,5.8 km solo,Artz Huub,https://www.procyclingstats.com/rider/huub-artz,2002-05-14,2002,Netherlands,1.86,71.0,20.52,Wintelre,106,finished,132,20554,152,Hills,24,NL,Lotto Intermarché,,,",,",2388,20367
20,RR,25 July 2026,Le Bourg d'Oisans,Alpe d'Huez,170.9,5624,438,34.22,5.8 km solo,Veistroffer Baptiste,https://www.procyclingstats.com/rider/baptiste-veistroffer,2000-05-29,2000,France,1.82,73.0,22.04,Fouesnant,107,finished,146,21734,157,Hills,26,FR,Lotto Intermarché,,,",,",2388,20367
20,RR,25 July 2026,Le Bourg d'Oisans,Alpe d'Huez,170.9,5624,438,34.22,5.8 km solo,Zimmermann Georg,https://www.procyclingstats.com/rider/georg-zimmermann,1997-10-11,1997,Germany,1.81,70.0,21.37,Augsburg,108,finished,90,17061,158,Classic,28,DE,Lotto Intermarché,,,",,",2388,20367
20,RR,25 July 2026,Le Bourg d'Oisans,Alpe d'Huez,170.9,5624,438,34.22,5.8 km solo,Berwick Sebastian,https://www.procyclingstats.com/rider/sebastian-berwick,1999-12-15,1999,Australia,1.75,59.0,19.27,Brisbane,109,finished,89,17044,223,GC,26,AU,Caja Rural - Seguros RGA,,,",,",2388,20367
20,RR,25 July 2026,Le Bourg d'Oisans,Alpe d'Huez,170.9,5624,438,34.22,5.8 km solo,Durbridge Luke,https://www.procyclingstats.com/rider/luke-durbridge,1991-04-09,1991,Australia,1.87,78.0,22.31,Greenmount,110,finished,107,18806,113,TT,35,AU,Team Jayco AlUla,,,39:56,2396,20375
20,RR,25 July 2026,Le Bourg d'Oisans,Alpe d'Huez,170.9,5624,438,34.22,5.8 km solo,Märkl Niklas,https://www.procyclingstats.com/rider/niklas-markl,1999-03-03,1999,Germany,1.85,70.0,20.45,Queidersbach,111,finished,139,21091,216,Sprint,27,DE,Team Picnic PostNL,,,39:59,2399,20378
20,RR,25 July 2026,Le Bourg d'Oisans,Alpe d'Huez,170.9,5624,438,34.22,5.8 km solo,Vermeersch Florian,https://www.procyclingstats.com/rider/florian-vermeersch,1999-03-12,1999,Belgium,1.93,85.0,22.82,Ghent,112,finished,116,19609,6,Classic,27,BE,UAE Team Emirates - XRG,,,40:09,2409,20388
20,RR,25 July 2026,Le Bourg d'Oisans,Alpe d'Huez,170.9,5624,438,34.22,5.8 km solo,Fretin Milan,https://www.procyclingstats.com/rider/milan-fretin,2001-03-19,2001,Belgium,1.82,70.0,21.13,Genk,113,finished,148,21970,165,Classic,25,BE,Cofidis,,,40:11,2411,20390
20,RR,25 July 2026,Le Bourg d'Oisans,Alpe d'Huez,170.9,5624,438,34.22,5.8 km solo,Degenkolb John,https://www.procyclingstats.com/rider/john-degenkolb,1989-01-07,1989,Germany,1.8,82.0,25.31,Gera,114,finished,145,21704,214,Classic,37,DE,Team Picnic PostNL,,,40:25,2425,20404
20,RR,25 July 2026,Le Bourg d'Oisans,Alpe d'Huez,170.9,5624,438,34.22,5.8 km solo,Turgis Anthony,https://www.procyclingstats.com/rider/anthony-turgis,1994-05-16,1994,France,1.78,70.0,22.09,Bourg-la-Reine,115,finished,108,18895,207,Classic,32,FR,TotalEnergies,,,40:27,2427,20406
20,RR,25 July 2026,Le Bourg d'Oisans,Alpe d'Huez,170.9,5624,438,34.22,5.8 km solo,Delettre Alexandre,https://www.procyclingstats.com/rider/alexandre-delettre,1997-10-25,1997,France,1.7,62.0,21.45,Gonesse,116,finished,61,14596,204,Classic,28,FR,TotalEnergies,,,",,",2427,20406
20,RR,25 July 2026,Le Bourg d'Oisans,Alpe d'Huez,170.9,5624,438,34.22,5.8 km solo,Walker Max,https://www.procyclingstats.com/rider/max-walker,2001-07-12,2001,Great Britain,,,,Douglas,117,finished,106,18799,48,TT,25,GB,EF Education - EasyPost,,,40:35,2435,20414
20,RR,25 July 2026,Le Bourg d'Oisans,Alpe d'Huez,170.9,5624,438,34.22,5.8 km solo,Hagenes Per Strand,https://www.procyclingstats.com/rider/per-strand-hagenes,2003-07-10,2003,Norway,1.86,78.0,22.55,Sandnes,118,finished,103,18465,15,Classic,23,NO,Team Visma | Lease a Bike,,,40:53,2453,20432
20,RR,25 July 2026,Le Bourg d'Oisans,Alpe d'Huez,170.9,5624,438,34.22,5.8 km solo,Oldani Stefano,https://www.procyclingstats.com/rider/stefano-oldani,1998-01-10,1998,Italy,1.78,65.0,20.52,Milan,119,finished,126,20014,226,Hills,28,IT,Caja Rural - Seguros RGA,,,41:09,2469,20448
20,RR,25 July 2026,Le Bourg d'Oisans,Alpe d'Huez,170.9,5624,438,34.22,5.8 km solo,Ballerini Davide,https://www.procyclingstats.com/rider/davide-ballerini,1994-09-21,1994,Italy,1.83,71.0,21.2,Cantù,120,finished,152,22282,62,Classic,31,IT,XDS Astana Team,,,",,",2469,20448
20,RR,25 July 2026,Le Bourg d'Oisans,Alpe d'Huez,170.9,5624,438,34.22,5.8 km solo,Skujiņš Toms,https://www.procyclingstats.com/rider/toms-skujins,1991-06-15,1991,Latvia,1.81,72.0,21.98,Sigulda,121,finished,94,17379,36,Classic,35,LV,Lidl - Trek,,,41:11,2471,20450
20,RR,25 July 2026,Le Bourg d'Oisans,Alpe d'Huez,170.9,5624,438,34.22,5.8 km solo,Vacek Mathias,https://www.procyclingstats.com/rider/mathias-vacek,2002-06-12,2002,Czech Republic,1.88,75.0,21.22,Beroun,122,finished,49,12876,37,TT,24,CZ,Lidl - Trek,,,",,",2471,20450
20,RR,25 July 2026,Le Bourg d'Oisans,Alpe d'Huez,170.9,5624,438,34.22,5.8 km solo,Gate Aaron,https://www.procyclingstats.com/rider/aaron-gate,1990-11-26,1990,New Zealand,1.81,71.0,21.67,Auckland,123,finished,121,19736,63,GC,35,NZ,XDS Astana Team,,,",,",2471,20450
20,RR,25 July 2026,Le Bourg d'Oisans,Alpe d'Huez,170.9,5624,438,34.22,5.8 km solo,Pedersen Mads,https://www.procyclingstats.com/rider/mads-pedersen,1995-12-18,1995,Denmark,1.8,76.0,23.46,Tølløse,124,finished,80,16385,33,Classic,30,DK,Lidl - Trek,,,",,",2471,20450
20,RR,25 July 2026,Le Bourg d'Oisans,Alpe d'Huez,170.9,5624,438,34.22,5.8 km solo,Kirsch Alex,https://www.procyclingstats.com/rider/alex-kirsch,1992-06-12,1992,Luxembourg,1.94,78.0,20.72,Luxembourg,125,finished,122,19805,166,TT,34,LU,Cofidis,,,",,",2471,20450
20,RR,25 July 2026,Le Bourg d'Oisans,Alpe d'Huez,170.9,5624,438,34.22,5.8 km solo,Ganna Filippo,https://www.procyclingstats.com/rider/filippo-ganna,1996-07-25,1996,Italy,1.93,83.0,22.28,Verbania,126,finished,123,19860,84,TT,30,IT,Netcompany INEOS,,,",,",2471,20450
20,RR,25 July 2026,Le Bourg d'Oisans,Alpe d'Huez,170.9,5624,438,34.22,5.8 km solo,Tarling Joshua,https://www.procyclingstats.com/rider/joshua-tarling,2004-02-15,2004,Great Britain,1.94,78.0,20.72,Aberaeron,127,finished,120,19708,87,TT,22,GB,Netcompany INEOS,,,",,",2471,20450
20,RR,25 July 2026,Le Bourg d'Oisans,Alpe d'Huez,170.9,5624,438,34.22,5.8 km solo,Castrillo Pablo,https://www.procyclingstats.com/rider/pablo-castrillo-zapater,2001-01-02,2001,Spain,1.83,74.0,22.1,Jaca,128,finished,29,9103,142,Climber,25,ES,Movistar Team,,,",,",2471,20450
20,RR,25 July 2026,Le Bourg d'Oisans,Alpe d'Huez,170.9,5624,438,34.22,5.8 km solo,Kwiatkowski Michał,https://www.procyclingstats.com/rider/michal-kwiatkowski,1990-06-02,1990,Poland,1.76,68.0,21.95,Chełmża,129,finished,109,18939,86,Classic,36,PL,Netcompany INEOS,,,",,",2471,20450
20,RR,25 July 2026,Le Bourg d'Oisans,Alpe d'Huez,170.9,5624,438,34.22,5.8 km solo,van Baarle Dylan,https://www.procyclingstats.com/rider/dylan-van-baarle,1992-05-21,1992,Netherlands,1.89,74.0,20.72,Voorburg,130,finished,131,20333,95,Classic,34,NL,Soudal Quick-Step,,,",,",2471,20450
20,RR,25 July 2026,Le Bourg d'Oisans,Alpe d'Huez,170.9,5624,438,34.22,5.8 km solo,Dillier Silvan,https://www.procyclingstats.com/rider/silvan-dillier,1990-08-03,1990,Switzerland,1.83,75.0,22.4,Aarau,131,finished,137,20916,103,Classic,35,CH,Alpecin - Premier Tech,,,",,",2471,20450
20,RR,25 July 2026,Le Bourg d'Oisans,Alpe d'Huez,170.9,5624,438,34.22,5.8 km solo,Valgren Michael,https://www.procyclingstats.com/rider/michael-valgren-andersen,1992-02-07,1992,Denmark,1.79,71.0,22.16,Østerild,132,finished,53,13149,47,Classic,34,DK,EF Education - EasyPost,,,",,",2471,20450
20,RR,25 July 2026,Le Bourg d'Oisans,Alpe d'Huez,170.9,5624,438,34.22,5.8 km solo,Kanter Max,https://www.procyclingstats.com/rider/max-kanter,1997-10-22,1997,Germany,1.76,68.0,21.95,Cottbus,133,finished,142,21329,64,Sprint,28,DE,XDS Astana Team,,,",,",2471,20450
20,RR,25 July 2026,Le Bourg d'Oisans,Alpe d'Huez,170.9,5624,438,34.22,5.8 km solo,van den Broek Frank,https://www.procyclingstats.com/rider/frank-van-den-broek,2000-12-28,2000,Netherlands,1.78,70.0,22.09,Warmond,134,finished,102,18456,218,GC,25,NL,Team Picnic PostNL,,,",,",2471,20450
20,RR,25 July 2026,Le Bourg d'Oisans,Alpe d'Huez,170.9,5624,438,34.22,5.8 km solo,Germani Lorenzo,https://www.procyclingstats.com/rider/lorenzo-germani,2002-03-03,2002,Italy,1.79,62.0,19.35,Sora,135,finished,93,17298,185,GC,24,IT,Groupama - FDJ United,,,",,",2471,20450
20,RR,25 July 2026,Le Bourg d'Oisans,Alpe d'Huez,170.9,5624,438,34.22,5.8 km solo,Otruba Jakub,https://www.procyclingstats.com/rider/jakub-otruba,1998-01-30,1998,Czech Republic,1.9,75.0,20.78,Olomouc,136,finished,112,19043,227,GC,28,CZ,Caja Rural - Seguros RGA,,,41:20,2480,20459
20,RR,25 July 2026,Le Bourg d'Oisans,Alpe d'Huez,170.9,5624,438,34.22,5.8 km solo,Bittner Pavel,https://www.procyclingstats.com/rider/pavel-bittner,2002-10-29,2002,Czech Republic,1.84,73.0,21.56,Olomouc,137,finished,140,21111,213,Sprint,23,CZ,Team Picnic PostNL,,,",,",2480,20459
20,RR,25 July 2026,Le Bourg d'Oisans,Alpe d'Huez,170.9,5624,438,34.22,5.8 km solo,Philipsen Jasper,https://www.procyclingstats.com/rider/jasper-philipsen,1998-03-02,1998,Belgium,1.76,75.0,24.21,Mol,138,finished,135,20675,105,Sprint,28,BE,Alpecin - Premier Tech,,,41:27,2487,20466
20,RR,25 July 2026,Le Bourg d'Oisans,Alpe d'Huez,170.9,5624,438,34.22,5.8 km solo,Dhondt Robbe,https://www.procyclingstats.com/rider/robbe-dhondt,2004-06-25,2004,Belgium,1.76,,,Zottegem,139,finished,118,19636,215,GC,22,BE,Team Picnic PostNL,,,41:39,2499,20478
20,RR,25 July 2026,Le Bourg d'Oisans,Alpe d'Huez,170.9,5624,438,34.22,5.8 km solo,Planckaert Edward,https://www.procyclingstats.com/rider/edward-planckaert,1995-02-01,1995,Belgium,1.78,71.0,22.41,Kortrijk,140,finished,114,19458,106,Classic,31,BE,Alpecin - Premier Tech,,,41:56,2516,20495
20,RR,25 July 2026,Le Bourg d'Oisans,Alpe d'Huez,170.9,5624,438,34.22,5.8 km solo,Louvel Matis,https://www.procyclingstats.com/rider/matis-louvel,1999-07-19,1999,France,1.87,77.0,22.02,Mont Saint Aignan,141,finished,157,22656,135,Classic,27,FR,NSN Cycling Team,,,42:17,2537,20516
20,RR,25 July 2026,Le Bourg d'Oisans,Alpe d'Huez,170.9,5624,438,34.22,5.8 km solo,Bennett George,https://www.procyclingstats.com/rider/george-bennett,1990-04-07,1990,New Zealand,1.81,58.0,17.7,Nelson,142,finished,68,15522,133,GC,36,NZ,NSN Cycling Team,,,",,",2537,20516
20,RR,25 July 2026,Le Bourg d'Oisans,Alpe d'Huez,170.9,5624,438,34.22,5.8 km solo,Askey Lewis,https://www.procyclingstats.com/rider/lewis-askey,2001-05-04,2001,Great Britain,1.87,75.0,21.45,Cannock,143,finished,151,22248,132,Classic,25,GB,NSN Cycling Team,,,",,",2537,20516
20,RR,25 July 2026,Le Bourg d'Oisans,Alpe d'Huez,170.9,5624,438,34.22,5.8 km solo,Guernalec Thibault,https://www.procyclingstats.com/rider/thibault-guernalec,1997-07-31,1997,France,1.85,71.0,20.75,Châteaulin,144,finished,110,18980,205,TT,28,FR,TotalEnergies,,,42:47,2567,20546
20,RR,25 July 2026,Le Bourg d'Oisans,Alpe d'Huez,170.9,5624,438,34.22,5.8 km solo,Wærenskjold Søren,https://www.procyclingstats.com/rider/soren-waerenskjold,2000-03-12,2000,Norway,1.95,92.0,24.19,Mandal,145,finished,138,20918,128,Classic,26,NO,Uno-X Mobility,,,42:56,2576,20555
20,RR,25 July 2026,Le Bourg d'Oisans,Alpe d'Huez,170.9,5624,438,34.22,5.8 km solo,Cort Magnus,https://www.procyclingstats.com/rider/magnus-cort-nielsen,1993-01-16,1993,Denmark,1.84,68.0,20.09,Rønne,146,finished,97,17877,124,Hills,33,DK,Uno-X Mobility,,,43:07,2587,20566
20,RR,25 July 2026,Le Bourg d'Oisans,Alpe d'Huez,170.9,5624,438,34.22,5.8 km solo,Bol Cees,https://www.procyclingstats.com/rider/cees-bol,1995-07-27,1995,Netherlands,1.94,83.0,22.05,Zaandam,147,finished,158,22928,53,Sprint,30,NL,Decathlon CMA CGM Team,,,43:11,2591,20570
20,RR,25 July 2026,Le Bourg d'Oisans,Alpe d'Huez,170.9,5624,438,34.22,5.8 km solo,Kooij Olav,https://www.procyclingstats.com/rider/olav-kooij,2001-10-17,2001,Netherlands,1.84,72.0,21.27,Numansdorp,148,finished,149,22158,55,Sprint,24,NL,Decathlon CMA CGM Team,,,",,",2591,20570
20,RR,25 July 2026,Le Bourg d'Oisans,Alpe d'Huez,170.9,5624,438,34.22,5.8 km solo,Haller Marco,https://www.procyclingstats.com/rider/marco-haller,1991-04-01,1991,Austria,1.78,72.0,22.72,Sankt Veit an der Glan,149,finished,147,21740,193,Classic,35,AT,Tudor Pro Cycling Team,,,43:19,2599,20578
20,RR,25 July 2026,Le Bourg d'Oisans,Alpe d'Huez,170.9,5624,438,34.22,5.8 km solo,Wright Fred,https://www.procyclingstats.com/rider/alfred-wright,1999-06-13,1999,Great Britain,1.84,75.0,22.15,London,150,finished,127,20181,178,Hills,27,GB,Pinarello Q36.5 Pro Cycling Team,,,43:23,2603,20582
20,RR,25 July 2026,Le Bourg d'Oisans,Alpe d'Huez,170.9,5624,438,34.22,5.8 km solo,Allegaert Piet,https://www.procyclingstats.com/rider/piet-allegaert,1995-01-20,1995,Belgium,1.81,70.0,21.37,Moorslede,151,finished,153,22342,162,Classic,31,BE,Cofidis,,,43:30,2610,20589
20,RR,25 July 2026,Le Bourg d'Oisans,Alpe d'Huez,170.9,5624,438,34.22,5.8 km solo,Stewart Jake,https://www.procyclingstats.com/rider/jake-stewart,1999-10-02,1999,Great Britain,1.79,66.0,20.6,Coventry,152,finished,150,22247,137,Hills,26,GB,NSN Cycling Team,,,43:34,2614,20593
20,RR,25 July 2026,Le Bourg d'Oisans,Alpe d'Huez,170.9,5624,438,34.22,5.8 km solo,Girmay Biniam,https://www.procyclingstats.com/rider/biniam-girmay,2000-04-02,2000,Eritrea,1.84,70.0,20.68,Asmara,153,finished,141,21260,131,Classic,26,ER,NSN Cycling Team,,,",,",2614,20593
20,RR,25 July 2026,Le Bourg d'Oisans,Alpe d'Huez,170.9,5624,438,34.22,5.8 km solo,Slock Liam,https://www.procyclingstats.com/rider/liam-slock,2000-09-18,2000,Belgium,1.88,74.0,20.94,Ghent,154,finished,128,20200,155,GC,25,BE,Lotto Intermarché,,,43:36,2616,20595
20,RR,25 July 2026,Le Bourg d'Oisans,Alpe d'Huez,170.9,5624,438,34.22,5.8 km solo,van den Berg Julius,https://www.procyclingstats.com/rider/julius-van-den-berg,1996-10-23,1996,Netherlands,1.9,78.0,21.61,Purmerend,155,finished,156,22646,217,Sprint,29,NL,Team Picnic PostNL,,,43:38,2618,20597
20,RR,25 July 2026,Le Bourg d'Oisans,Alpe d'Huez,170.9,5624,438,34.22,5.8 km solo,Godon Dorian,https://www.procyclingstats.com/rider/dorian-godon,1996-05-25,1996,France,1.89,74.0,20.72,Vitry-sur-Seine,156,finished,136,20814,85,Hills,30,FR,Netcompany INEOS,,,43:43,2623,20602
20,RR,25 July 2026,Le Bourg d'Oisans,Alpe d'Huez,170.9,5624,438,34.22,5.8 km solo,Thomas Benjamin,https://www.procyclingstats.com/rider/benjamin-thomas-2,1995-09-12,1995,France,1.79,68.0,21.22,Lavaur,157,finished,117,19625,168,TT,30,FR,Cofidis,,,43:53,2633,20612
20,RR,25 July 2026,Le Bourg d'Oisans,Alpe d'Huez,170.9,5624,438,34.22,5.8 km solo,Biermans Jenthe,https://www.procyclingstats.com/rider/jenthe-biermans,1995-10-30,1995,Belgium,1.84,78.0,23.04,Geel,158,finished,144,21704,164,Classic,30,BE,Cofidis,,,",,",2633,20612
20,RR,25 July 2026,Le Bourg d'Oisans,Alpe d'Huez,170.9,5624,438,34.22,5.8 km solo,Ackermann Pascal,https://www.procyclingstats.com/rider/pascal-ackermann,1994-01-17,1994,Germany,1.8,78.0,24.07,Kandel,,DNF,,,112,Sprint,32,DE,Team Jayco AlUla,,,,,
20,RR,25 July 2026,Le Bourg d'Oisans,Alpe d'Huez,170.9,5624,438,34.22,5.8 km solo,Van Wilder Ilan,https://www.procyclingstats.com/rider/ilan-van-wilder,2000-05-14,2000,Belgium,1.71,64.0,21.89,Jette,,DNF,,,97,GC,26,BE,Soudal Quick-Step,,,,,
21,RR,26 July 2026,Paris,Paris,88.7,1028,33,44.792,0.5 km solo,van der Poel Mathieu,https://www.procyclingstats.com/rider/mathieu-van-der-poel,1995-01-19,1995,Netherlands,1.84,75.0,22.15,Kapellen,1,finished,75,15988,101,Classic,31,NL,Alpecin - Premier Tech,210.0,100.0,1:58:49,0,7129
21,RR,26 July 2026,Paris,Paris,88.7,1028,33,44.792,0.5 km solo,Philipsen Jasper,https://www.procyclingstats.com/rider/jasper-philipsen,1998-03-02,1998,Belgium,1.76,75.0,24.21,Mol,2,finished,135,20675,105,Sprint,28,BE,Alpecin - Premier Tech,150.0,70.0,",,",0,7129
21,RR,26 July 2026,Paris,Paris,88.7,1028,33,44.792,0.5 km solo,Pedersen Mads,https://www.procyclingstats.com/rider/mads-pedersen,1995-12-18,1995,Denmark,1.8,76.0,23.46,Tølløse,3,finished,80,16385,33,Classic,30,DK,Lidl - Trek,110.0,50.0,",,",0,7129
21,RR,26 July 2026,Paris,Paris,88.7,1028,33,44.792,0.5 km solo,Kanter Max,https://www.procyclingstats.com/rider/max-kanter,1997-10-22,1997,Germany,1.76,68.0,21.95,Cottbus,4,finished,142,21329,64,Sprint,28,DE,XDS Astana Team,90.0,40.0,",,",0,7129
21,RR,26 July 2026,Paris,Paris,88.7,1028,33,44.792,0.5 km solo,Kooij Olav,https://www.procyclingstats.com/rider/olav-kooij,2001-10-17,2001,Netherlands,1.84,72.0,21.27,Numansdorp,5,finished,149,22158,55,Sprint,24,NL,Decathlon CMA CGM Team,70.0,32.0,",,",0,7129
21,RR,26 July 2026,Paris,Paris,88.7,1028,33,44.792,0.5 km solo,Mohorič Matej,https://www.procyclingstats.com/rider/matej-mohoric,1994-10-19,1994,Slovenia,1.86,71.0,20.52,Kranj,6,finished,92,17070,75,Classic,31,SI,Bahrain - Victorious,55.0,26.0,",,",0,7129
21,RR,26 July 2026,Paris,Paris,88.7,1028,33,44.792,0.5 km solo,Pluimers Rick,https://www.procyclingstats.com/rider/rick-pluimers,2000-12-07,2000,Netherlands,1.8,67.0,20.68,Enter,7,finished,73,15871,195,Hills,25,NL,Tudor Pro Cycling Team,45.0,22.0,",,",0,7129
21,RR,26 July 2026,Paris,Paris,88.7,1028,33,44.792,0.5 km solo,Turgis Anthony,https://www.procyclingstats.com/rider/anthony-turgis,1994-05-16,1994,France,1.78,70.0,22.09,Bourg-la-Reine,8,finished,108,18895,207,Classic,32,FR,TotalEnergies,40.0,18.0,",,",0,7129
21,RR,26 July 2026,Paris,Paris,88.7,1028,33,44.792,0.5 km solo,Fretin Milan,https://www.procyclingstats.com/rider/milan-fretin,2001-03-19,2001,Belgium,1.82,70.0,21.13,Genk,9,finished,148,21970,165,Classic,25,BE,Cofidis,35.0,14.0,",,",0,7129
21,RR,26 July 2026,Paris,Paris,88.7,1028,33,44.792,0.5 km solo,Russo Clément,https://www.procyclingstats.com/rider/clement-russo,1995-01-20,1995,France,1.87,74.0,21.16,Lyon,10,finished,69,15625,188,Classic,31,FR,Groupama - FDJ United,30.0,10.0,",,",0,7129
21,RR,26 July 2026,Paris,Paris,88.7,1028,33,44.792,0.5 km solo,Girmay Biniam,https://www.procyclingstats.com/rider/biniam-girmay,2000-04-02,2000,Eritrea,1.84,70.0,20.68,Asmara,11,finished,141,21260,131,Classic,26,ER,NSN Cycling Team,25.0,8.0,",,",0,7129
21,RR,26 July 2026,Paris,Paris,88.7,1028,33,44.792,0.5 km solo,Stuyven Jasper,https://www.procyclingstats.com/rider/jasper-stuyven,1992-04-17,1992,Belgium,1.87,80.0,22.88,Leuven,12,finished,71,15769,94,Classic,34,BE,Soudal Quick-Step,20.0,6.0,",,",0,7129
21,RR,26 July 2026,Paris,Paris,88.7,1028,33,44.792,0.5 km solo,Matthews Michael,https://www.procyclingstats.com/rider/michael-matthews,1990-09-26,1990,Australia,1.78,72.0,22.72,Canberra,13,finished,52,13055,115,Classic,35,AU,Team Jayco AlUla,15.0,4.0,",,",0,7129
21,RR,26 July 2026,Paris,Paris,88.7,1028,33,44.792,0.5 km solo,Ganna Filippo,https://www.procyclingstats.com/rider/filippo-ganna,1996-07-25,1996,Italy,1.93,83.0,22.28,Verbania,14,finished,123,19860,84,TT,30,IT,Netcompany INEOS,10.0,2.0,",,",0,7129
21,RR,26 July 2026,Paris,Paris,88.7,1028,33,44.792,0.5 km solo,Artz Huub,https://www.procyclingstats.com/rider/huub-artz,2002-05-14,2002,Netherlands,1.86,71.0,20.52,Wintelre,15,finished,132,20554,152,Hills,24,NL,Lotto Intermarché,5.0,1.0,",,",0,7129
21,RR,26 July 2026,Paris,Paris,88.7,1028,33,44.792,0.5 km solo,Haller Marco,https://www.procyclingstats.com/rider/marco-haller,1991-04-01,1991,Austria,1.78,72.0,22.72,Sankt Veit an der Glan,16,finished,147,21740,193,Classic,35,AT,Tudor Pro Cycling Team,,,",,",0,7129
21,RR,26 July 2026,Paris,Paris,88.7,1028,33,44.792,0.5 km solo,Johannessen Tobias Halland,https://www.procyclingstats.com/rider/tobias-halland-johannessen,1999-08-23,1999,Norway,1.76,62.0,20.02,Drøbak,17,finished,12,3397,121,Climber,26,NO,Uno-X Mobility,,,",,",0,7129
21,RR,26 July 2026,Paris,Paris,88.7,1028,33,44.792,0.5 km solo,Romo Javier,https://www.procyclingstats.com/rider/javier-romo,1999-01-06,1999,Spain,1.84,70.0,20.68,Villafranca de los Caballeros,18,finished,54,13309,147,GC,27,ES,Movistar Team,,,",,",0,7129
21,RR,26 July 2026,Paris,Paris,88.7,1028,33,44.792,0.5 km solo,Delettre Alexandre,https://www.procyclingstats.com/rider/alexandre-delettre,1997-10-25,1997,France,1.7,62.0,21.45,Gonesse,19,finished,61,14596,204,Classic,28,FR,TotalEnergies,,,",,",0,7129
21,RR,26 July 2026,Paris,Paris,88.7,1028,33,44.792,0.5 km solo,Van Moer Brent,https://www.procyclingstats.com/rider/brent-van-moer,1998-01-12,1998,Belgium,1.91,79.0,21.66,Beveren,20,finished,81,16394,177,Classic,28,BE,Pinarello Q36.5 Pro Cycling Team,,,",,",0,7129
21,RR,26 July 2026,Paris,Paris,88.7,1028,33,44.792,0.5 km solo,Velasco Simone,https://www.procyclingstats.com/rider/simone-velasco,1995-12-02,1995,Italy,1.7,59.0,20.42,Bologna,21,finished,100,18255,67,Classic,30,IT,XDS Astana Team,,,",,",0,7129
21,RR,26 July 2026,Paris,Paris,88.7,1028,33,44.792,0.5 km solo,Kirsch Alex,https://www.procyclingstats.com/rider/alex-kirsch,1992-06-12,1992,Luxembourg,1.94,78.0,20.72,Luxembourg,22,finished,122,19805,166,TT,34,LU,Cofidis,,,",,",0,7129
21,RR,26 July 2026,Paris,Paris,88.7,1028,33,44.792,0.5 km solo,Aranburu Alex,https://www.procyclingstats.com/rider/alex-aranburu,1995-09-19,1995,Spain,1.78,63.0,19.88,Ezkio-Itsaso,23,finished,85,16675,163,Classic,30,ES,Cofidis,,,0:08,8,7137
21,RR,26 July 2026,Paris,Paris,88.7,1028,33,44.792,0.5 km solo,Teunissen Mike,https://www.procyclingstats.com/rider/mike-teunissen,1992-08-25,1992,Netherlands,1.84,73.0,21.56,Ysselsteyn,24,finished,124,19918,66,Classic,33,NL,XDS Astana Team,,,",,",8,7137
21,RR,26 July 2026,Paris,Paris,88.7,1028,33,44.792,0.5 km solo,Wright Fred,https://www.procyclingstats.com/rider/alfred-wright,1999-06-13,1999,Great Britain,1.84,75.0,22.15,London,25,finished,127,20181,178,Hills,27,GB,Pinarello Q36.5 Pro Cycling Team,,,",,",8,7137
21,RR,26 July 2026,Paris,Paris,88.7,1028,33,44.792,0.5 km solo,Van Mechelen Vlad,https://www.procyclingstats.com/rider/vlad-van-mechelen,2004-06-02,2004,Belgium,1.83,73.0,21.8,Leuven,26,finished,66,15487,78,Sprint,22,BE,Bahrain - Victorious,,,",,",8,7137
21,RR,26 July 2026,Paris,Paris,88.7,1028,33,44.792,0.5 km solo,Oliveira Nelson,https://www.procyclingstats.com/rider/nelson-oliveira,1989-03-06,1989,Portugal,1.8,67.0,20.68,Anadia,27,finished,65,15476,146,TT,37,PT,Movistar Team,,,",,",8,7137
21,RR,26 July 2026,Paris,Paris,88.7,1028,33,44.792,0.5 km solo,Campenaerts Victor,https://www.procyclingstats.com/rider/victor-campenaerts,1991-10-28,1991,Belgium,1.73,68.0,22.72,Hoboken,28,finished,82,16457,14,TT,34,BE,Team Visma | Lease a Bike,,,",,",8,7137
21,RR,26 July 2026,Paris,Paris,88.7,1028,33,44.792,0.5 km solo,Abrahamsen Jonas,https://www.procyclingstats.com/rider/jonas-abrahamsen,1995-09-20,1995,Norway,1.83,78.0,23.29,Skien,29,finished,77,16223,122,Classic,30,NO,Uno-X Mobility,,,0:17,17,7146
21,RR,26 July 2026,Paris,Paris,88.7,1028,33,44.792,0.5 km solo,Pogačar Tadej,https://www.procyclingstats.com/rider/tadej-pogacar,1998-09-21,1998,Slovenia,1.76,66.0,21.31,Klanec,30,finished,1,0,1,Climber,27,SI,UAE Team Emirates - XRG,,,",,",17,7146
21,RR,26 July 2026,Paris,Paris,88.7,1028,33,44.792,0.5 km solo,Asgreen Kasper,https://www.procyclingstats.com/rider/kasper-asgreen,1995-02-08,1995,Denmark,1.93,75.0,20.13,Kolding,31,finished,84,16537,42,TT,31,DK,EF Education - EasyPost,,,0:26,26,7155
21,RR,26 July 2026,Paris,Paris,88.7,1028,33,44.792,0.5 km solo,Evenepoel Remco,https://www.procyclingstats.com/rider/remco-evenepoel,2000-01-25,2000,Belgium,1.71,63.0,21.55,Aalst,32,finished,2,386,21,Climber,26,BE,Red Bull - BORA - hansgrohe,,,0:29,29,7158
21,RR,26 July 2026,Paris,Paris,88.7,1028,33,44.792,0.5 km solo,Van Gils Maxim,https://www.procyclingstats.com/rider/maxim-van-gils,1999-11-25,1999,Belgium,1.74,63.0,20.81,Brasschaat,33,finished,27,8649,28,Classic,26,BE,Red Bull - BORA - hansgrohe,,,",,",29,7158
21,RR,26 July 2026,Paris,Paris,88.7,1028,33,44.792,0.5 km solo,Grégoire Romain,https://www.procyclingstats.com/rider/romain-gregoire,2003-01-21,2003,France,1.76,64.0,20.66,Besançon,34,finished,57,13800,181,Classic,23,FR,Groupama - FDJ United,,,",,",29,7158
21,RR,26 July 2026,Paris,Paris,88.7,1028,33,44.792,0.5 km solo,Slock Liam,https://www.procyclingstats.com/rider/liam-slock,2000-09-18,2000,Belgium,1.88,74.0,20.94,Ghent,35,finished,128,20200,155,GC,25,BE,Lotto Intermarché,,,0:42,42,7171
21,RR,26 July 2026,Paris,Paris,88.7,1028,33,44.792,0.5 km solo,Benoot Tiesj,https://www.procyclingstats.com/rider/tiesj-benoot,1994-03-11,1994,Belgium,1.9,72.0,19.94,Ghent,36,finished,17,5576,52,Classic,32,BE,Decathlon CMA CGM Team,,,1:05,65,7194
21,RR,26 July 2026,Paris,Paris,88.7,1028,33,44.792,0.5 km solo,Healy Ben,https://www.procyclingstats.com/rider/ben-healy,2000-09-11,2000,Ireland,1.75,62.0,20.24,Kingswinford Previous nationalities Great Britain until 2016,37,finished,59,13863,44,Climber,25,IE,EF Education - EasyPost,,,1:12,72,7201
21,RR,26 July 2026,Paris,Paris,88.7,1028,33,44.792,0.5 km solo,Stewart Jake,https://www.procyclingstats.com/rider/jake-stewart,1999-10-02,1999,Great Britain,1.79,66.0,20.6,Coventry,38,finished,150,22247,137,Hills,26,GB,NSN Cycling Team,,,",,",72,7201
21,RR,26 July 2026,Paris,Paris,88.7,1028,33,44.792,0.5 km solo,Carapaz Richard,https://www.procyclingstats.com/rider/richard-carapaz,1993-05-29,1993,Ecuador,1.7,62.0,21.45,El Carmelo,39,finished,8,1200,41,Climber,33,EC,EF Education - EasyPost,,,",,",72,7201
21,RR,26 July 2026,Paris,Paris,88.7,1028,33,44.792,0.5 km solo,Hagenes Per Strand,https://www.procyclingstats.com/rider/per-strand-hagenes,2003-07-10,2003,Norway,1.86,78.0,22.55,Sandnes,40,finished,103,18465,15,Classic,23,NO,Team Visma | Lease a Bike,,,1:33,93,7222
21,RR,26 July 2026,Paris,Paris,88.7,1028,33,44.792,0.5 km solo,Martin Guillaume,https://www.procyclingstats.com/rider/guillaume-martin,1993-06-09,1993,France,1.73,55.0,18.38,Paris,41,finished,31,9255,186,Climber,33,FR,Groupama - FDJ United,,,1:44,104,7233
21,RR,26 July 2026,Paris,Paris,88.7,1028,33,44.792,0.5 km solo,Zimmermann Georg,https://www.procyclingstats.com/rider/georg-zimmermann,1997-10-11,1997,Germany,1.81,70.0,21.37,Augsburg,42,finished,90,17061,158,Classic,28,DE,Lotto Intermarché,,,",,",104,7233
21,RR,26 July 2026,Paris,Paris,88.7,1028,33,44.792,0.5 km solo,Yates Adam,https://www.procyclingstats.com/rider/adam-yates,1992-08-07,1992,Great Britain,1.73,58.0,19.38,Bury,43,finished,21,6719,8,Climber,33,GB,UAE Team Emirates - XRG,,,1:50,110,7239
21,RR,26 July 2026,Paris,Paris,88.7,1028,33,44.792,0.5 km solo,Paret-Peintre Aurélien,https://www.procyclingstats.com/rider/aurelien-paret-peintre,1996-02-27,1996,France,1.84,64.0,18.9,Annemasse,44,finished,42,11308,56,GC,30,FR,Decathlon CMA CGM Team,,,2:07,127,7256
21,RR,26 July 2026,Paris,Paris,88.7,1028,33,44.792,0.5 km solo,Hoole Daan,https://www.procyclingstats.com/rider/daan-hoole,1999-02-22,1999,Netherlands,1.98,84.0,21.43,Zuidland,45,finished,130,20284,54,TT,27,NL,Decathlon CMA CGM Team,,,",,",127,7256
21,RR,26 July 2026,Paris,Paris,88.7,1028,33,44.792,0.5 km solo,Prodhomme Nicolas,https://www.procyclingstats.com/rider/nicolas-prodhomme,1997-02-01,1997,France,1.74,63.0,20.81,L'Aigle,46,finished,16,5101,57,GC,29,FR,Decathlon CMA CGM Team,,,",,",127,7256
21,RR,26 July 2026,Paris,Paris,88.7,1028,33,44.792,0.5 km solo,Seixas Paul,https://www.procyclingstats.com/rider/paul-seixas,2006-09-24,2006,France,1.86,64.0,18.5,Lyon,47,finished,4,716,51,Climber,19,FR,Decathlon CMA CGM Team,,,",,",127,7256
21,RR,26 July 2026,Paris,Paris,88.7,1028,33,44.792,0.5 km solo,Piganzoli Davide,https://www.procyclingstats.com/rider/davide-piganzoli,2002-07-08,2002,Italy,1.74,61.0,20.15,Morbegno,48,finished,14,3823,18,GC,24,IT,Team Visma | Lease a Bike,,,2:10,130,7259
21,RR,26 July 2026,Paris,Paris,88.7,1028,33,44.792,0.5 km solo,Jorgenson Matteo,https://www.procyclingstats.com/rider/matteo-jorgenson,1999-07-01,1999,United States,1.9,69.0,19.11,Walnut Creek,49,finished,30,9209,16,GC,27,US,Team Visma | Lease a Bike,,,",,",130,7259
21,RR,26 July 2026,Paris,Paris,88.7,1028,33,44.792,0.5 km solo,Jegat Jordan,https://www.procyclingstats.com/rider/jordan-jegat,1999-06-07,1999,France,1.76,59.0,19.05,Vannes,50,finished,10,2001,201,Climber,27,FR,TotalEnergies,,,2:16,136,7265
21,RR,26 July 2026,Paris,Paris,88.7,1028,33,44.792,0.5 km solo,Vercher Mattéo,https://www.procyclingstats.com/rider/matheo-vercher,2001-01-26,2001,France,1.71,,,Lyon,51,finished,86,16724,208,Hills,25,FR,TotalEnergies,,,",,",136,7265
21,RR,26 July 2026,Paris,Paris,88.7,1028,33,44.792,0.5 km solo,Marsman Tim,https://www.procyclingstats.com/rider/tim-marsman,2000-10-04,2000,Netherlands,1.91,75.0,20.56,Hattem,52,finished,133,20591,104,Sprint,25,NL,Alpecin - Premier Tech,,,2:35,155,7284
21,RR,26 July 2026,Paris,Paris,88.7,1028,33,44.792,0.5 km solo,Vermeersch Florian,https://www.procyclingstats.com/rider/florian-vermeersch,1999-03-12,1999,Belgium,1.93,85.0,22.82,Ghent,53,finished,116,19609,6,Classic,27,BE,UAE Team Emirates - XRG,,,",,",155,7284
21,RR,26 July 2026,Paris,Paris,88.7,1028,33,44.792,0.5 km solo,Politt Nils,https://www.procyclingstats.com/rider/nils-politt,1994-03-06,1994,Germany,1.92,80.0,21.7,Cologne,54,finished,72,15810,5,Classic,32,DE,UAE Team Emirates - XRG,,,",,",155,7284
21,RR,26 July 2026,Paris,Paris,88.7,1028,33,44.792,0.5 km solo,Tarling Joshua,https://www.procyclingstats.com/rider/joshua-tarling,2004-02-15,2004,Great Britain,1.94,78.0,20.72,Aberaeron,55,finished,120,19708,87,TT,22,GB,Netcompany INEOS,,,2:42,162,7291
21,RR,26 July 2026,Paris,Paris,88.7,1028,33,44.792,0.5 km solo,Ballerini Davide,https://www.procyclingstats.com/rider/davide-ballerini,1994-09-21,1994,Italy,1.83,71.0,21.2,Cantù,56,finished,152,22282,62,Classic,31,IT,XDS Astana Team,,,2:54,174,7303
21,RR,26 July 2026,Paris,Paris,88.7,1028,33,44.792,0.5 km solo,Dhondt Robbe,https://www.procyclingstats.com/rider/robbe-dhondt,2004-06-25,2004,Belgium,1.76,,,Zottegem,57,finished,118,19636,215,GC,22,BE,Team Picnic PostNL,,,3:18,198,7327
21,RR,26 July 2026,Paris,Paris,88.7,1028,33,44.792,0.5 km solo,Bittner Pavel,https://www.procyclingstats.com/rider/pavel-bittner,2002-10-29,2002,Czech Republic,1.84,73.0,21.56,Olomouc,58,finished,140,21111,213,Sprint,23,CZ,Team Picnic PostNL,,,3:53,233,7362
21,RR,26 July 2026,Paris,Paris,88.7,1028,33,44.792,0.5 km solo,Braz Afonso Clément,https://www.procyclingstats.com/rider/clement-braz-afonso,1999-11-08,1999,France,1.63,50.0,18.82,Brive-la-Gaillarde,59,finished,40,11183,183,Climber,26,FR,Groupama - FDJ United,,,4:53,293,7422
21,RR,26 July 2026,Paris,Paris,88.7,1028,33,44.792,0.5 km solo,Hermans Quinten,https://www.procyclingstats.com/rider/quinten-hermans,1995-07-29,1995,Belgium,1.74,62.0,20.48,Antwerp,60,finished,39,11123,174,Hills,30,BE,Pinarello Q36.5 Pro Cycling Team,,,4:57,297,7426
21,RR,26 July 2026,Paris,Paris,88.7,1028,33,44.792,0.5 km solo,van Baarle Dylan,https://www.procyclingstats.com/rider/dylan-van-baarle,1992-05-21,1992,Netherlands,1.89,74.0,20.72,Voorburg,61,finished,131,20333,95,Classic,34,NL,Soudal Quick-Step,,,5:11,311,7440
21,RR,26 July 2026,Paris,Paris,88.7,1028,33,44.792,0.5 km solo,Vauquelin Kévin,https://www.procyclingstats.com/rider/kevin-vauquelin,2001-04-26,2001,France,1.76,69.0,22.28,Bayeux,62,finished,36,10877,88,GC,25,FR,Netcompany INEOS,,,7:04,424,7553
21,RR,26 July 2026,Paris,Paris,88.7,1028,33,44.792,0.5 km solo,Biermans Jenthe,https://www.procyclingstats.com/rider/jenthe-biermans,1995-10-30,1995,Belgium,1.84,78.0,23.04,Geel,63,finished,144,21704,164,Classic,30,BE,Cofidis,,,",,",424,7553
21,RR,26 July 2026,Paris,Paris,88.7,1028,33,44.792,0.5 km solo,Skujiņš Toms,https://www.procyclingstats.com/rider/toms-skujins,1991-06-15,1991,Latvia,1.81,72.0,21.98,Sigulda,64,finished,94,17379,36,Classic,35,LV,Lidl - Trek,,,7:23,443,7572
21,RR,26 July 2026,Paris,Paris,88.7,1028,33,44.792,0.5 km solo,Skjelmose Mattias,https://www.procyclingstats.com/rider/mattias-skjelmose-jensen,2000-09-26,2000,Denmark,1.8,65.0,20.06,Copenhagen,65,finished,6,899,35,Climber,25,DK,Lidl - Trek,,,",,",443,7572
21,RR,26 July 2026,Paris,Paris,88.7,1028,33,44.792,0.5 km solo,Bol Cees,https://www.procyclingstats.com/rider/cees-bol,1995-07-27,1995,Netherlands,1.94,83.0,22.05,Zaandam,66,finished,158,22928,53,Sprint,30,NL,Decathlon CMA CGM Team,,,7:37,457,7586
21,RR,26 July 2026,Paris,Paris,88.7,1028,33,44.792,0.5 km solo,Costiou Ewen,https://www.procyclingstats.com/rider/ewen-costiou,2002-11-10,2002,France,1.76,64.0,20.66,Brest,67,finished,79,16343,184,GC,23,FR,Groupama - FDJ United,,,7:43,463,7592
21,RR,26 July 2026,Paris,Paris,88.7,1028,33,44.792,0.5 km solo,Pacher Quentin,https://www.procyclingstats.com/rider/quentin-pacher,1992-01-06,1992,France,1.79,62.0,19.35,Libourne,68,finished,58,13829,187,Hills,34,FR,Groupama - FDJ United,,,",,",463,7592
21,RR,26 July 2026,Paris,Paris,88.7,1028,33,44.792,0.5 km solo,Meurisse Xandro,https://www.procyclingstats.com/rider/xandro-meurisse,1992-01-31,1992,Belgium,1.81,68.0,20.76,Kortrijk,69,finished,56,13753,176,GC,34,BE,Pinarello Q36.5 Pro Cycling Team,,,",,",463,7592
21,RR,26 July 2026,Paris,Paris,88.7,1028,33,44.792,0.5 km solo,Quinn Sean,https://www.procyclingstats.com/rider/sean-quinn,2000-05-10,2000,United States,1.87,67.0,19.16,Los Angeles,70,finished,19,6425,45,GC,26,US,EF Education - EasyPost,,,7:50,470,7599
21,RR,26 July 2026,Paris,Paris,88.7,1028,33,44.792,0.5 km solo,Steinhauser Georg,https://www.procyclingstats.com/rider/georg-steinhauser,2001-10-21,2001,Germany,1.89,70.0,19.6,Lindenberg im Allgäu,71,finished,113,19179,46,Climber,24,DE,EF Education - EasyPost,,,",,",470,7599
21,RR,26 July 2026,Paris,Paris,88.7,1028,33,44.792,0.5 km solo,Valgren Michael,https://www.procyclingstats.com/rider/michael-valgren-andersen,1992-02-07,1992,Denmark,1.79,71.0,22.16,Østerild,72,finished,53,13149,47,Classic,34,DK,EF Education - EasyPost,,,",,",470,7599
21,RR,26 July 2026,Paris,Paris,88.7,1028,33,44.792,0.5 km solo,Frigo Marco,https://www.procyclingstats.com/rider/marco-frigo,2000-03-02,2000,Italy,1.88,70.0,19.81,Bassano del Grappa,73,finished,78,16324,134,Climber,26,IT,NSN Cycling Team,,,8:21,501,7630
21,RR,26 July 2026,Paris,Paris,88.7,1028,33,44.792,0.5 km solo,Tiberi Antonio,https://www.procyclingstats.com/rider/antonio-tiberi,2001-06-24,2001,Italy,1.82,62.0,18.72,Frosinone,74,finished,37,11032,77,GC,25,IT,Bahrain - Victorious,,,",,",501,7630
21,RR,26 July 2026,Paris,Paris,88.7,1028,33,44.792,0.5 km solo,Barguil Warren,https://www.procyclingstats.com/rider/warren-barguil,1991-10-28,1991,France,1.83,61.0,18.21,Hennebont,75,finished,87,16803,211,Climber,34,FR,Team Picnic PostNL,,,",,",501,7630
21,RR,26 July 2026,Paris,Paris,88.7,1028,33,44.792,0.5 km solo,van den Broek Frank,https://www.procyclingstats.com/rider/frank-van-den-broek,2000-12-28,2000,Netherlands,1.78,70.0,22.09,Warmond,76,finished,102,18456,218,GC,25,NL,Team Picnic PostNL,,,",,",501,7630
21,RR,26 July 2026,Paris,Paris,88.7,1028,33,44.792,0.5 km solo,van den Berg Julius,https://www.procyclingstats.com/rider/julius-van-den-berg,1996-10-23,1996,Netherlands,1.9,78.0,21.61,Purmerend,77,finished,156,22646,217,Sprint,29,NL,Team Picnic PostNL,,,",,",501,7630
21,RR,26 July 2026,Paris,Paris,88.7,1028,33,44.792,0.5 km solo,Johannessen Anders Halland,https://www.procyclingstats.com/rider/anders-halland-johannessen,1999-08-23,1999,Norway,1.76,,,Drøbak,78,finished,64,15282,125,GC,26,NO,Uno-X Mobility,,,",,",501,7630
21,RR,26 July 2026,Paris,Paris,88.7,1028,33,44.792,0.5 km solo,Skaarseth Anders,https://www.procyclingstats.com/rider/anders-skaarseth,1995-05-07,1995,Norway,1.86,,,Lillehammer,79,finished,60,14587,126,Classic,31,NO,Uno-X Mobility,,,",,",501,7630
21,RR,26 July 2026,Paris,Paris,88.7,1028,33,44.792,0.5 km solo,Baudin Alex,https://www.procyclingstats.com/rider/alex-baudin,2001-05-25,2001,France,1.83,64.0,19.11,Albertville,80,finished,46,11501,43,Climber,25,FR,EF Education - EasyPost,,,8:31,511,7640
21,RR,26 July 2026,Paris,Paris,88.7,1028,33,44.792,0.5 km solo,Engelhardt Felix,https://www.procyclingstats.com/rider/felix-engelhardt,2000-08-19,2000,Germany,1.8,68.0,20.99,Ulm,81,finished,70,15751,114,Classic,25,DE,Team Jayco AlUla,,,",,",511,7640
21,RR,26 July 2026,Paris,Paris,88.7,1028,33,44.792,0.5 km solo,Eenkhoorn Pascal,https://www.procyclingstats.com/rider/pascal-eenkhoorn,1997-02-08,1997,Netherlands,1.85,72.0,21.04,Zwolle,82,finished,143,21438,92,Classic,29,NL,Soudal Quick-Step,,,",,",511,7640
21,RR,26 July 2026,Paris,Paris,88.7,1028,33,44.792,0.5 km solo,Paret-Peintre Valentin,https://www.procyclingstats.com/rider/valentin-paret-peintre,2001-01-14,2001,France,1.78,52.0,16.41,Annemasse,83,finished,44,11361,93,Climber,25,FR,Soudal Quick-Step,,,",,",511,7640
21,RR,26 July 2026,Paris,Paris,88.7,1028,33,44.792,0.5 km solo,Izagirre Ion,https://www.procyclingstats.com/rider/ion-izagirre,1989-02-04,1989,Spain,1.73,60.0,20.05,Ormaiztegi,84,finished,45,11413,161,GC,37,ES,Cofidis,,,10:12,612,7741
21,RR,26 July 2026,Paris,Paris,88.7,1028,33,44.792,0.5 km solo,Thomas Benjamin,https://www.procyclingstats.com/rider/benjamin-thomas-2,1995-09-12,1995,France,1.79,68.0,21.22,Lavaur,85,finished,117,19625,168,TT,30,FR,Cofidis,,,",,",612,7741
21,RR,26 July 2026,Paris,Paris,88.7,1028,33,44.792,0.5 km solo,Cort Magnus,https://www.procyclingstats.com/rider/magnus-cort-nielsen,1993-01-16,1993,Denmark,1.84,68.0,20.09,Rønne,86,finished,97,17877,124,Hills,33,DK,Uno-X Mobility,,,10:41,641,7770
21,RR,26 July 2026,Paris,Paris,88.7,1028,33,44.792,0.5 km solo,Wærenskjold Søren,https://www.procyclingstats.com/rider/soren-waerenskjold,2000-03-12,2000,Norway,1.95,92.0,24.19,Mandal,87,finished,138,20918,128,Classic,26,NO,Uno-X Mobility,,,",,",641,7770
21,RR,26 July 2026,Paris,Paris,88.7,1028,33,44.792,0.5 km solo,Märkl Niklas,https://www.procyclingstats.com/rider/niklas-markl,1999-03-03,1999,Germany,1.85,70.0,20.45,Queidersbach,88,finished,139,21091,216,Sprint,27,DE,Team Picnic PostNL,,,10:50,650,7779
21,RR,26 July 2026,Paris,Paris,88.7,1028,33,44.792,0.5 km solo,Degenkolb John,https://www.procyclingstats.com/rider/john-degenkolb,1989-01-07,1989,Germany,1.8,82.0,25.31,Gera,89,finished,145,21704,214,Classic,37,DE,Team Picnic PostNL,,,",,",650,7779
21,RR,26 July 2026,Paris,Paris,88.7,1028,33,44.792,0.5 km solo,van Dijke Tim,https://www.procyclingstats.com/rider/tim-van-dijke,2000-03-15,2000,Netherlands,1.89,74.0,20.72,Goes,90,finished,111,19003,27,Classic,26,NL,Red Bull - BORA - hansgrohe,,,10:54,654,7783
21,RR,26 July 2026,Paris,Paris,88.7,1028,33,44.792,0.5 km solo,Oldani Stefano,https://www.procyclingstats.com/rider/stefano-oldani,1998-01-10,1998,Italy,1.78,65.0,20.52,Milan,91,finished,126,20014,226,Hills,28,IT,Caja Rural - Seguros RGA,,,",,",654,7783
21,RR,26 July 2026,Paris,Paris,88.7,1028,33,44.792,0.5 km solo,Cattaneo Mattia,https://www.procyclingstats.com/rider/mattia-cattaneo,1990-10-25,1990,Italy,1.84,67.0,19.79,Alzano Lombardo,92,finished,33,10279,22,TT,35,IT,Red Bull - BORA - hansgrohe,,,",,",654,7783
21,RR,26 July 2026,Paris,Paris,88.7,1028,33,44.792,0.5 km solo,Hindley Jai,https://www.procyclingstats.com/rider/jai-hindley,1996-05-05,1996,Australia,1.75,60.0,19.59,Perth,93,finished,15,5008,24,Climber,30,AU,Red Bull - BORA - hansgrohe,,,",,",654,7783
21,RR,26 July 2026,Paris,Paris,88.7,1028,33,44.792,0.5 km solo,Armirail Bruno,https://www.procyclingstats.com/rider/bruno-armirail,1994-04-11,1994,France,1.9,72.0,19.94,Bagnères-de-Bigorre,94,finished,62,14606,13,TT,32,FR,Team Visma | Lease a Bike,,,",,",654,7783
21,RR,26 July 2026,Paris,Paris,88.7,1028,33,44.792,0.5 km solo,Storer Michael,https://www.procyclingstats.com/rider/michael-storer,1997-02-28,1997,Australia,1.77,63.0,20.11,Perth,95,finished,63,15097,196,Climber,29,AU,Tudor Pro Cycling Team,,,",,",654,7783
21,RR,26 July 2026,Paris,Paris,88.7,1028,33,44.792,0.5 km solo,Page Hugo,https://www.procyclingstats.com/rider/hugo-page,2001-07-24,2001,France,1.85,71.0,20.75,Chartres,96,finished,119,19676,167,Classic,25,FR,Cofidis,,,",,",654,7783
21,RR,26 July 2026,Paris,Paris,88.7,1028,33,44.792,0.5 km solo,Askey Lewis,https://www.procyclingstats.com/rider/lewis-askey,2001-05-04,2001,Great Britain,1.87,75.0,21.45,Cannock,97,finished,151,22248,132,Classic,25,GB,NSN Cycling Team,,,",,",654,7783
21,RR,26 July 2026,Paris,Paris,88.7,1028,33,44.792,0.5 km solo,García Pierna Raúl,https://www.procyclingstats.com/rider/raul-garcia-pierna,2001-02-23,2001,Spain,1.75,67.0,21.88,Tres Cantos,98,finished,34,10352,144,Climber,25,ES,Movistar Team,,,",,",654,7783
21,RR,26 July 2026,Paris,Paris,88.7,1028,33,44.792,0.5 km solo,Castrillo Pablo,https://www.procyclingstats.com/rider/pablo-castrillo-zapater,2001-01-02,2001,Spain,1.83,74.0,22.1,Jaca,99,finished,29,9103,142,Climber,25,ES,Movistar Team,,,",,",654,7783
21,RR,26 July 2026,Paris,Paris,88.7,1028,33,44.792,0.5 km solo,Cepeda Jefferson Alveiro,https://www.procyclingstats.com/rider/jefferson-cepeda-hernandez,1996-03-02,1996,Ecuador,1.7,61.0,21.11,El Playón,100,finished,101,18282,143,GC,30,EC,Movistar Team,,,",,",654,7783
21,RR,26 July 2026,Paris,Paris,88.7,1028,33,44.792,0.5 km solo,Foss Tobias,https://www.procyclingstats.com/rider/tobias-foss,1997-05-25,1997,Norway,1.84,74.0,21.86,Vingrom,101,finished,43,11309,83,TT,29,NO,Netcompany INEOS,,,",,",654,7783
21,RR,26 July 2026,Paris,Paris,88.7,1028,33,44.792,0.5 km solo,Hessmann Michel,https://www.procyclingstats.com/rider/michel-hessmann,2001-04-06,2001,Germany,1.91,78.0,21.38,Münster,102,finished,104,18688,145,Hills,25,DE,Movistar Team,,,",,",654,7783
21,RR,26 July 2026,Paris,Paris,88.7,1028,33,44.792,0.5 km solo,Godon Dorian,https://www.procyclingstats.com/rider/dorian-godon,1996-05-25,1996,France,1.89,74.0,20.72,Vitry-sur-Seine,103,finished,136,20814,85,Hills,30,FR,Netcompany INEOS,,,",,",654,7783
21,RR,26 July 2026,Paris,Paris,88.7,1028,33,44.792,0.5 km solo,Arensman Thymen,https://www.procyclingstats.com/rider/thymen-arensman,1999-12-04,1999,Netherlands,1.9,68.0,18.84,Deil,104,finished,22,7362,82,GC,26,NL,Netcompany INEOS,,,",,",654,7783
21,RR,26 July 2026,Paris,Paris,88.7,1028,33,44.792,0.5 km solo,Kwiatkowski Michał,https://www.procyclingstats.com/rider/michal-kwiatkowski,1990-06-02,1990,Poland,1.76,68.0,21.95,Chełmża,105,finished,110,18939,86,Classic,36,PL,Netcompany INEOS,,,",,",654,7783
21,RR,26 July 2026,Paris,Paris,88.7,1028,33,44.792,0.5 km solo,Neilands Krists,https://www.procyclingstats.com/rider/krists-neilands,1994-08-18,1994,Latvia,1.89,69.0,19.32,Kuldīga,106,finished,134,20638,136,Classic,31,LV,NSN Cycling Team,,,",,",654,7783
21,RR,26 July 2026,Paris,Paris,88.7,1028,33,44.792,0.5 km solo,Riccitello Matthew,https://www.procyclingstats.com/rider/matthew-riccitello,2002-03-05,2002,United States,1.72,55.0,18.59,Tucson,107,finished,24,7869,58,Climber,24,US,Decathlon CMA CGM Team,,,",,",654,7783
21,RR,26 July 2026,Paris,Paris,88.7,1028,33,44.792,0.5 km solo,Hirschi Marc,https://www.procyclingstats.com/rider/marc-hirschi,1998-08-24,1998,Switzerland,1.74,61.0,20.15,Bern,108,finished,48,12599,194,Classic,27,CH,Tudor Pro Cycling Team,,,",,",654,7783
21,RR,26 July 2026,Paris,Paris,88.7,1028,33,44.792,0.5 km solo,Voisard Yannis,https://www.procyclingstats.com/rider/yannis-voisard,1998-07-26,1998,Switzerland,,56.0,,Fontenais,109,finished,11,2282,198,GC,28,CH,Tudor Pro Cycling Team,,,",,",654,7783
21,RR,26 July 2026,Paris,Paris,88.7,1028,33,44.792,0.5 km solo,Tejada Harold,https://www.procyclingstats.com/rider/harold-tejada,1997-04-27,1997,Colombia,1.8,63.0,19.44,Pitalito,110,finished,26,8387,65,Climber,29,CO,XDS Astana Team,,,",,",654,7783
21,RR,26 July 2026,Paris,Paris,88.7,1028,33,44.792,0.5 km solo,Vinokurov Nicolas,https://www.procyclingstats.com/rider/nicolas-vinokurov,2002-07-07,2002,Kazakhstan,1.84,69.0,20.38,Nice,111,finished,98,18072,68,GC,24,KZ,XDS Astana Team,,,",,",654,7783
21,RR,26 July 2026,Paris,Paris,88.7,1028,33,44.792,0.5 km solo,Caruso Damiano,https://www.procyclingstats.com/rider/damiano-caruso,1987-10-12,1987,Italy,1.79,67.0,20.91,Ragusa,112,finished,55,13603,73,GC,38,IT,Bahrain - Victorious,,,",,",654,7783
21,RR,26 July 2026,Paris,Paris,88.7,1028,33,44.792,0.5 km solo,Bauhaus Phil,https://www.procyclingstats.com/rider/phil-bauhaus,1994-07-08,1994,Germany,1.84,75.0,22.15,Bocholt,113,finished,154,22429,72,Sprint,32,DE,Bahrain - Victorious,,,",,",654,7783
21,RR,26 July 2026,Paris,Paris,88.7,1028,33,44.792,0.5 km solo,Stannard Robert,https://www.procyclingstats.com/rider/robert-stannard,1998-09-16,1998,Australia,1.79,74.0,23.1,Sydney Previous nationalities New Zealand until 2016,114,finished,105,18792,76,Hills,27,AU,Bahrain - Victorious,,,",,",654,7783
21,RR,26 July 2026,Paris,Paris,88.7,1028,33,44.792,0.5 km solo,Gradek Kamil,https://www.procyclingstats.com/rider/kamil-gradek,1990-09-17,1990,Poland,1.94,83.0,22.05,Koziegłowy,115,finished,155,22572,74,TT,35,PL,Bahrain - Victorious,,,",,",654,7783
21,RR,26 July 2026,Paris,Paris,88.7,1028,33,44.792,0.5 km solo,Martinez Lenny,https://www.procyclingstats.com/rider/lenny-martinez,2003-07-11,2003,France,1.68,52.0,18.42,Cannes,116,finished,5,782,71,Climber,23,FR,Bahrain - Victorious,,,",,",654,7783
21,RR,26 July 2026,Paris,Paris,88.7,1028,33,44.792,0.5 km solo,O'Connor Ben,https://www.procyclingstats.com/rider/ben-o-connor,1995-11-25,1995,Australia,1.88,67.0,18.96,Subiaco,117,finished,28,9098,111,GC,30,AU,Team Jayco AlUla,,,",,",654,7783
21,RR,26 July 2026,Paris,Paris,88.7,1028,33,44.792,0.5 km solo,Plapp Luke,https://www.procyclingstats.com/rider/luke-plapp,2000-12-25,2000,Australia,1.81,72.0,21.98,Melbourne,118,finished,91,17070,117,GC,25,AU,Team Jayco AlUla,,,",,",654,7783
21,RR,26 July 2026,Paris,Paris,88.7,1028,33,44.792,0.5 km solo,Walker Max,https://www.procyclingstats.com/rider/max-walker,2001-07-12,2001,Great Britain,,,,Douglas,119,finished,106,18799,48,TT,25,GB,EF Education - EasyPost,,,",,",654,7783
21,RR,26 July 2026,Paris,Paris,88.7,1028,33,44.792,0.5 km solo,Durbridge Luke,https://www.procyclingstats.com/rider/luke-durbridge,1991-04-09,1991,Australia,1.87,78.0,22.31,Greenmount,120,finished,107,18806,113,TT,35,AU,Team Jayco AlUla,,,",,",654,7783
21,RR,26 July 2026,Paris,Paris,88.7,1028,33,44.792,0.5 km solo,Vervaeke Louis,https://www.procyclingstats.com/rider/louis-vervaeke,1993-10-06,1993,Belgium,1.81,68.0,20.76,Ronse,121,finished,67,15518,98,GC,32,BE,Soudal Quick-Step,,,",,",654,7783
21,RR,26 July 2026,Paris,Paris,88.7,1028,33,44.792,0.5 km solo,Howson Damien,https://www.procyclingstats.com/rider/damien-howson,1992-08-13,1992,Australia,1.88,68.0,19.24,Adelaide,122,finished,88,16898,175,GC,33,AU,Pinarello Q36.5 Pro Cycling Team,,,",,",654,7783
21,RR,26 July 2026,Paris,Paris,88.7,1028,33,44.792,0.5 km solo,Azparren Xabier Mikel,https://www.procyclingstats.com/rider/xabier-mikel-azparren-irurzun,1999-02-25,1999,Spain,,,,San Sebastián,123,finished,99,18174,172,TT,27,ES,Pinarello Q36.5 Pro Cycling Team,,,",,",654,7783
21,RR,26 July 2026,Paris,Paris,88.7,1028,33,44.792,0.5 km solo,Kuss Sepp,https://www.procyclingstats.com/rider/sepp-kuss,1994-09-13,1994,United States,1.82,61.0,18.42,Durango,124,finished,13,3743,17,Climber,31,US,Team Visma | Lease a Bike,,,",,",654,7783
21,RR,26 July 2026,Paris,Paris,88.7,1028,33,44.792,0.5 km solo,Pidcock Tom,https://www.procyclingstats.com/rider/tom-pidcock,1999-07-30,1999,Great Britain,1.7,58.0,20.07,Leeds,125,finished,9,1768,171,Classic,26,GB,Pinarello Q36.5 Pro Cycling Team,,,",,",654,7783
21,RR,26 July 2026,Paris,Paris,88.7,1028,33,44.792,0.5 km solo,Gate Aaron,https://www.procyclingstats.com/rider/aaron-gate,1990-11-26,1990,New Zealand,1.81,71.0,21.67,Auckland,126,finished,121,19736,63,GC,35,NZ,XDS Astana Team,,,",,",654,7783
21,RR,26 July 2026,Paris,Paris,88.7,1028,33,44.792,0.5 km solo,Schmid Mauro,https://www.procyclingstats.com/rider/mauro-schmid,1999-12-04,1999,Switzerland,1.87,70.0,20.02,Bülach,127,finished,35,10409,118,Hills,26,CH,Team Jayco AlUla,,,",,",654,7783
21,RR,26 July 2026,Paris,Paris,88.7,1028,33,44.792,0.5 km solo,Van Eetvelt Lennert,https://www.procyclingstats.com/rider/lennert-van-eetvelt,2001-07-17,2001,Belgium,1.76,63.0,20.34,Binkom,128,finished,41,11302,156,Climber,25,BE,Lotto Intermarché,,,",,",654,7783
21,RR,26 July 2026,Paris,Paris,88.7,1028,33,44.792,0.5 km solo,Balderstone Abel,https://www.procyclingstats.com/rider/abel-balderstone-roumens,2000-07-07,2000,Spain,1.79,61.0,19.04,Ullastrell,129,finished,47,12266,222,GC,26,ES,Caja Rural - Seguros RGA,,,",,",654,7783
21,RR,26 July 2026,Paris,Paris,88.7,1028,33,44.792,0.5 km solo,Berwick Sebastian,https://www.procyclingstats.com/rider/sebastian-berwick,1999-12-15,1999,Australia,1.75,59.0,19.27,Brisbane,130,finished,89,17044,223,GC,26,AU,Caja Rural - Seguros RGA,,,",,",654,7783
21,RR,26 July 2026,Paris,Paris,88.7,1028,33,44.792,0.5 km solo,Allegaert Piet,https://www.procyclingstats.com/rider/piet-allegaert,1995-01-20,1995,Belgium,1.81,70.0,21.37,Moorslede,131,finished,153,22342,162,Classic,31,BE,Cofidis,,,",,",654,7783
21,RR,26 July 2026,Paris,Paris,88.7,1028,33,44.792,0.5 km solo,Higuita Sergio,https://www.procyclingstats.com/rider/sergio-higuita,1997-08-01,1997,Colombia,1.66,57.0,20.69,Medellín,132,finished,38,11075,61,Climber,28,CO,XDS Astana Team,,,",,",654,7783
21,RR,26 July 2026,Paris,Paris,88.7,1028,33,44.792,0.5 km solo,Bernal Egan,https://www.procyclingstats.com/rider/egan-bernal,1997-01-13,1997,Colombia,1.75,60.0,19.59,Bogotá,133,finished,20,6478,81,GC,29,CO,Netcompany INEOS,,,",,",654,7783
21,RR,26 July 2026,Paris,Paris,88.7,1028,33,44.792,0.5 km solo,Denz Nico,https://www.procyclingstats.com/rider/nico-denz,1994-02-15,1994,Germany,1.83,71.0,21.2,Waldshut-Tiengen,134,finished,95,17536,23,Hills,32,DE,Red Bull - BORA - hansgrohe,,,",,",654,7783
21,RR,26 July 2026,Paris,Paris,88.7,1028,33,44.792,0.5 km solo,Veistroffer Baptiste,https://www.procyclingstats.com/rider/baptiste-veistroffer,2000-05-29,2000,France,1.82,73.0,22.04,Fouesnant,135,finished,146,21734,157,Hills,26,FR,Lotto Intermarché,,,",,",654,7783
21,RR,26 July 2026,Paris,Paris,88.7,1028,33,44.792,0.5 km solo,Wellens Tim,https://www.procyclingstats.com/rider/tim-wellens,1991-05-10,1991,Belgium,1.82,71.0,21.43,Sint-Truiden,136,finished,74,15928,7,GC,35,BE,UAE Team Emirates - XRG,,,",,",654,7783
21,RR,26 July 2026,Paris,Paris,88.7,1028,33,44.792,0.5 km solo,Bennett George,https://www.procyclingstats.com/rider/george-bennett,1990-04-07,1990,New Zealand,1.81,58.0,17.7,Nelson,137,finished,68,15522,133,GC,36,NZ,NSN Cycling Team,,,",,",654,7783
21,RR,26 July 2026,Paris,Paris,88.7,1028,33,44.792,0.5 km solo,Tratnik Jan,https://www.procyclingstats.com/rider/jan-tratnik,1990-02-23,1990,Slovenia,1.73,67.0,22.39,Idrija,138,finished,83,16464,26,TT,36,SI,Red Bull - BORA - hansgrohe,,,",,",654,7783
21,RR,26 July 2026,Paris,Paris,88.7,1028,33,44.792,0.5 km solo,Alaphilippe Julian,https://www.procyclingstats.com/rider/julian-alaphilippe,1992-06-11,1992,France,1.73,62.0,20.72,Saint-Amand-Montrond,139,finished,125,19987,191,Classic,34,FR,Tudor Pro Cycling Team,,,",,",654,7783
21,RR,26 July 2026,Paris,Paris,88.7,1028,33,44.792,0.5 km solo,del Toro Isaac,https://www.procyclingstats.com/rider/isaac-del-toro,2003-11-27,2003,Mexico,1.8,64.0,19.75,Ensenada,140,finished,3,582,2,Climber,22,MX,UAE Team Emirates - XRG,,,",,",654,7783
21,RR,26 July 2026,Paris,Paris,88.7,1028,33,44.792,0.5 km solo,Großschartner Felix,https://www.procyclingstats.com/rider/felix-grossschartner,1993-12-23,1993,Austria,1.84,64.0,18.9,Wels,141,finished,32,9802,3,GC,32,AT,UAE Team Emirates - XRG,,,",,",654,7783
21,RR,26 July 2026,Paris,Paris,88.7,1028,33,44.792,0.5 km solo,Germani Lorenzo,https://www.procyclingstats.com/rider/lorenzo-germani,2002-03-03,2002,Italy,1.79,62.0,19.35,Sora,142,finished,93,17298,185,GC,24,IT,Groupama - FDJ United,,,",,",654,7783
21,RR,26 July 2026,Paris,Paris,88.7,1028,33,44.792,0.5 km solo,Delbove Joris,https://www.procyclingstats.com/rider/joris-delbove,2000-07-15,2000,France,,,,Troyes,143,finished,51,13026,203,GC,26,FR,TotalEnergies,,,",,",654,7783
21,RR,26 July 2026,Paris,Paris,88.7,1028,33,44.792,0.5 km solo,Le Berre Mathis,https://www.procyclingstats.com/rider/mathis-le-berre,2001-04-16,2001,France,1.76,68.0,21.95,Saint-Brieuc,144,finished,76,16009,206,Hills,25,FR,TotalEnergies,,,",,",654,7783
21,RR,26 July 2026,Paris,Paris,88.7,1028,33,44.792,0.5 km solo,Guernalec Thibault,https://www.procyclingstats.com/rider/thibault-guernalec,1997-07-31,1997,France,1.85,71.0,20.75,Châteaulin,145,finished,109,18927,205,TT,28,FR,TotalEnergies,,,",,",654,7783
21,RR,26 July 2026,Paris,Paris,88.7,1028,33,44.792,0.5 km solo,Breuillard Nicolas,https://www.procyclingstats.com/rider/nicolas-breuillard,2000-03-13,2000,France,1.75,,,Pertuis,146,finished,50,12876,202,GC,26,FR,TotalEnergies,,,",,",654,7783
21,RR,26 July 2026,Paris,Paris,88.7,1028,33,44.792,0.5 km solo,Dillier Silvan,https://www.procyclingstats.com/rider/silvan-dillier,1990-08-03,1990,Switzerland,1.83,75.0,22.4,Aarau,147,finished,137,20916,103,Classic,35,CH,Alpecin - Premier Tech,,,10:57,657,7786
21,RR,26 July 2026,Paris,Paris,88.7,1028,33,44.792,0.5 km solo,Verstrynge Emiel,https://www.procyclingstats.com/rider/emiel-verstrynge,2002-02-04,2002,Belgium,1.89,69.0,19.32,Eeklo,148,finished,96,17831,108,Climber,24,BE,Alpecin - Premier Tech,,,",,",657,7786
21,RR,26 July 2026,Paris,Paris,88.7,1028,33,44.792,0.5 km solo,Planckaert Edward,https://www.procyclingstats.com/rider/edward-planckaert,1995-02-01,1995,Belgium,1.78,71.0,22.41,Kortrijk,149,finished,114,19458,106,Classic,31,BE,Alpecin - Premier Tech,,,",,",657,7786
21,RR,26 July 2026,Paris,Paris,88.7,1028,33,44.792,0.5 km solo,Rickaert Jonas,https://www.procyclingstats.com/rider/jonas-rickaert,1994-02-07,1994,Belgium,1.9,88.0,24.38,Sint-Eloois-Vijve,150,finished,115,19479,107,Classic,32,BE,Alpecin - Premier Tech,,,",,",657,7786
21,RR,26 July 2026,Paris,Paris,88.7,1028,33,44.792,0.5 km solo,Ayuso Juan,https://www.procyclingstats.com/rider/juan-ayuso-pesquera,2002-09-16,2002,Spain,1.83,65.0,19.41,Barcelona,151,finished,7,1068,31,Climber,23,ES,Lidl - Trek,,,13:13,793,7922
21,RR,26 July 2026,Paris,Paris,88.7,1028,33,44.792,0.5 km solo,Simmons Quinn,https://www.procyclingstats.com/rider/quinn-simmons,2001-05-08,2001,United States,1.85,73.0,21.33,Durango,152,finished,18,5728,34,Hills,25,US,Lidl - Trek,,,",,",793,7922
21,RR,26 July 2026,Paris,Paris,88.7,1028,33,44.792,0.5 km solo,Verona Carlos,https://www.procyclingstats.com/rider/carlos-verona,1992-11-04,1992,Spain,1.86,68.0,19.66,San Lorenzo de El Escorial,153,finished,23,7522,38,GC,33,ES,Lidl - Trek,,,",,",793,7922
21,RR,26 July 2026,Paris,Paris,88.7,1028,33,44.792,0.5 km solo,Vacek Mathias,https://www.procyclingstats.com/rider/mathias-vacek,2002-06-12,2002,Czech Republic,1.88,75.0,21.22,Beroun,154,finished,49,12876,37,TT,24,CZ,Lidl - Trek,,,",,",793,7922
21,RR,26 July 2026,Paris,Paris,88.7,1028,33,44.792,0.5 km solo,Gee-West Derek,https://www.procyclingstats.com/rider/derek-gee,1997-08-03,1997,Canada,1.89,72.0,20.16,Ottawa,155,finished,25,7979,32,Climber,28,CA,Lidl - Trek,,,",,",793,7922
21,RR,26 July 2026,Paris,Paris,88.7,1028,33,44.792,0.5 km solo,Otruba Jakub,https://www.procyclingstats.com/rider/jakub-otruba,1998-01-30,1998,Czech Republic,1.9,75.0,20.78,Olomouc,156,finished,112,19043,227,GC,28,CZ,Caja Rural - Seguros RGA,,,13:16,796,7925
21,RR,26 July 2026,Paris,Paris,88.7,1028,33,44.792,0.5 km solo,Nicolau Joel,https://www.procyclingstats.com/rider/joel-nicolau,1997-12-23,1997,Spain,1.76,66.0,21.31,Llofriu,157,finished,129,20227,225,Hills,28,ES,Caja Rural - Seguros RGA,,,-,0,7129
21,RR,26 July 2026,Paris,Paris,88.7,1028,33,44.792,0.5 km solo,Louvel Matis,https://www.procyclingstats.com/rider/matis-louvel,1999-07-19,1999,France,1.87,77.0,22.02,Mont Saint Aignan,158,finished,157,22656,135,Classic,27,FR,NSN Cycling Team,,,-,0,7129
