stage,rank,status,gc_position,gc_timelag_seconds,bib,specialty,age,nationality_code,rider,rider_url,team,uci_points,pcs_points,time_raw,stage_gap_seconds,elapsed_seconds
1,1,finished,1,0,101,Sprint,27,BE,Philipsen Jasper,https://www.procyclingstats.com/rider/jasper-philipsen,Alpecin - Deceuninck,210.0,100.0,3:53:11,0,13991
1,2,finished,2,4,41,Classic,25,ER,Girmay Biniam,https://www.procyclingstats.com/rider/biniam-girmay,Intermarché - Wanty,150.0,70.0,",,",0,13991
1,3,finished,3,6,228,Classic,25,NO,Wærenskjold Søren,https://www.procyclingstats.com/rider/soren-waerenskjold,Uno-X Mobility,110.0,50.0,",,",0,13991
1,4,finished,4,10,187,Classic,31,FR,Turgis Anthony,https://www.procyclingstats.com/rider/anthony-turgis,TotalEnergies,90.0,40.0,",,",0,13991
1,5,finished,5,10,118,Classic,35,IT,Trentin Matteo,https://www.procyclingstats.com/rider/matteo-trentin,Tudor Pro Cycling Team,70.0,32.0,",,",0,13991
1,6,finished,6,10,98,Classic,30,FR,Russo Clément,https://www.procyclingstats.com/rider/clement-russo,Groupama - FDJ,55.0,26.0,",,",0,13991
1,7,finished,7,10,97,Classic,23,FR,Penhoët Paul,https://www.procyclingstats.com/rider/paul-penhoet,Groupama - FDJ,45.0,22.0,",,",0,13991
1,8,finished,8,10,15,GC,26,US,Jorgenson Matteo,https://www.procyclingstats.com/rider/matteo-jorgenson,Team Visma | Lease a Bike,40.0,18.0,",,",0,13991
1,9,finished,9,10,116,Hills,24,DE,Mayrhofer Marius,https://www.procyclingstats.com/rider/marius-mayrhofer,Tudor Pro Cycling Team,35.0,14.0,",,",0,13991
1,10,finished,10,10,68,Hills,23,GB,Watson Samuel,https://www.procyclingstats.com/rider/samuel-watson,INEOS Grenadiers,30.0,10.0,",,",0,13991
1,11,finished,11,10,177,Classic,32,NL,Teunissen Mike,https://www.procyclingstats.com/rider/mike-teunissen,XDS Astana Team,25.0,8.0,",,",0,13991
1,12,finished,12,10,145,Classic,29,ES,García Cortina Iván,https://www.procyclingstats.com/rider/ivan-garcia-cortina,Movistar Team,20.0,6.0,",,",0,13991
1,13,finished,13,10,196,Sprint,26,DE,Märkl Niklas,https://www.procyclingstats.com/rider/niklas-markl,Team Picnic PostNL,15.0,4.0,",,",0,13991
1,14,finished,14,10,36,GC,26,AU,Sweeny Harry,https://www.procyclingstats.com/rider/harry-sweeny,EF Education - EasyPost,10.0,2.0,",,",0,13991
1,15,finished,15,10,207,Classic,30,LV,Neilands Krists,https://www.procyclingstats.com/rider/krists-neilands,Israel - Premier Tech,5.0,1.0,",,",0,13991
1,16,finished,16,10,131,GC,24,FR,Vauquelin Kévin,https://www.procyclingstats.com/rider/kevin-vauquelin,Arkéa - B&B Hotels,,,",,",0,13991
1,17,finished,17,10,168,Classic,28,FR,Touzé Damien,https://www.procyclingstats.com/rider/damien-touze,Cofidis,,,",,",0,13991
1,18,finished,18,10,1,Climber,26,SI,Pogačar Tadej,https://www.procyclingstats.com/rider/tadej-pogacar,UAE Team Emirates - XRG,,,",,",0,13991
1,19,finished,19,10,202,Sprint,31,DE,Ackermann Pascal,https://www.procyclingstats.com/rider/pascal-ackermann,Israel - Premier Tech,,,",,",0,13991
1,20,finished,20,10,11,GC,28,DK,Vingegaard Jonas,https://www.procyclingstats.com/rider/jonas-vingegaard,Team Visma | Lease a Bike,,,",,",0,13991
1,21,finished,21,10,87,Classic,33,BE,Stuyven Jasper,https://www.procyclingstats.com/rider/jasper-stuyven,Lidl - Trek,,,",,",0,13991
1,22,finished,22,10,113,Classic,34,AT,Haller Marco,https://www.procyclingstats.com/rider/marco-haller,Tudor Pro Cycling Team,,,",,",0,13991
1,23,finished,23,10,103,Hills,26,AU,Groves Kaden,https://www.procyclingstats.com/rider/kaden-groves,Alpecin - Deceuninck,,,",,",0,13991
1,24,finished,24,10,33,TT,30,DK,Asgreen Kasper,https://www.procyclingstats.com/rider/kasper-asgreen,EF Education - EasyPost,,,",,",0,13991
1,25,finished,25,10,203,GC,22,GB,Blackmore Joseph,https://www.procyclingstats.com/rider/joseph-blackmore,Israel - Premier Tech,,,",,",0,13991
1,26,finished,26,10,125,Hills,37,SI,Mezgec Luka,https://www.procyclingstats.com/rider/luka-mezgec,Team Jayco AlUla,,,",,",0,13991
1,27,finished,27,10,13,Classic,31,BE,Benoot Tiesj,https://www.procyclingstats.com/rider/tiesj-benoot,Team Visma | Lease a Bike,,,",,",0,13991
1,28,finished,28,10,106,Classic,30,NL,van der Poel Mathieu,https://www.procyclingstats.com/rider/mathieu-van-der-poel,Alpecin - Deceuninck,,,",,",0,13991
1,29,finished,29,10,224,Sprint,22,NO,Edvardsen-Fredheim Stian,https://www.procyclingstats.com/rider/stian-fredheim,Uno-X Mobility,,,",,",0,13991
1,30,finished,30,10,221,Climber,25,NO,Johannessen Tobias Halland,https://www.procyclingstats.com/rider/tobias-halland-johannessen,Uno-X Mobility,,,",,",0,13991
1,31,finished,31,10,141,Climber,30,ES,Mas Enric,https://www.procyclingstats.com/rider/enric-mas,Movistar Team,,,",,",0,13991
1,32,finished,32,10,7,GC,34,BE,Wellens Tim,https://www.procyclingstats.com/rider/tim-wellens,UAE Team Emirates - XRG,,,",,",0,13991
1,33,finished,33,10,93,Hills,29,FR,Barthe Cyril,https://www.procyclingstats.com/rider/cyril-barthe,Groupama - FDJ,,,",,",0,13991
1,34,finished,36,23,222,Classic,29,NO,Abrahamsen Jonas,https://www.procyclingstats.com/rider/jonas-abrahamsen,Uno-X Mobility,,,0:13,13,14004
1,35,finished,37,23,105,Classic,31,BE,Rickaert Jonas,https://www.procyclingstats.com/rider/jonas-rickaert,Alpecin - Deceuninck,,,",,",13,14004
1,36,finished,38,23,104,GC,33,BE,Meurisse Xandro,https://www.procyclingstats.com/rider/xandro-meurisse,Alpecin - Deceuninck,,,",,",13,14004
1,37,finished,39,30,172,Classic,30,IT,Ballerini Davide,https://www.procyclingstats.com/rider/davide-ballerini,XDS Astana Team,,,0:20,20,14011
1,38,finished,40,35,12,TT,29,IT,Affini Edoardo,https://www.procyclingstats.com/rider/edoardo-affini,Team Visma | Lease a Bike,,,0:25,25,14016
1,39,finished,41,49,81,Sprint,24,IT,Milan Jonathan,https://www.procyclingstats.com/rider/jonathan-milan,Lidl - Trek,,,0:39,39,14030
1,40,finished,42,49,211,Classic,23,BE,De Lie Arnaud,https://www.procyclingstats.com/rider/arnaud-de-lie,Lotto,,,",,",39,14030
1,41,finished,43,49,163,Sprint,33,FR,Coquard Bryan,https://www.procyclingstats.com/rider/bryan-coquard,Cofidis,,,",,",39,14030
1,42,finished,44,49,73,Classic,27,BE,Meeus Jordi,https://www.procyclingstats.com/rider/jordi-meeus,Red Bull - BORA - hansgrohe,,,",,",39,14030
1,43,finished,45,49,193,Sprint,22,CZ,Bittner Pavel,https://www.procyclingstats.com/rider/pavel-bittner,Team Picnic PostNL,,,",,",39,14030
1,44,finished,46,49,112,Sprint,27,IT,Dainese Alberto,https://www.procyclingstats.com/rider/alberto-dainese,Tudor Pro Cycling Team,,,",,",39,14030
1,45,finished,47,49,57,Hills,26,AU,Stannard Robert,https://www.procyclingstats.com/rider/robert-stannard,Bahrain - Victorious,,,",,",39,14030
1,46,finished,48,49,52,Sprint,30,DE,Bauhaus Phil,https://www.procyclingstats.com/rider/phil-bauhaus,Bahrain - Victorious,,,",,",39,14030
1,47,finished,49,49,24,Sprint,32,BE,Merlier Tim,https://www.procyclingstats.com/rider/tim-merlier,Soudal Quick-Step,,,",,",39,14030
1,48,finished,50,49,17,Classic,30,BE,van Aert Wout,https://www.procyclingstats.com/rider/wout-van-aert,Team Visma | Lease a Bike,,,",,",39,14030
1,49,finished,51,49,77,Sprint,31,NL,van Poppel Danny,https://www.procyclingstats.com/rider/danny-van-poppel,Red Bull - BORA - hansgrohe,,,",,",39,14030
1,50,finished,52,49,35,Classic,28,US,Powless Neilson,https://www.procyclingstats.com/rider/neilson-powless,EF Education - EasyPost,,,",,",39,14030
1,51,finished,53,49,225,Classic,30,NO,Hoelgaard Markus,https://www.procyclingstats.com/rider/markus-hoelgaard,Uno-X Mobility,,,",,",39,14030
1,52,finished,54,49,153,Climber,27,FR,Berthet Clément,https://www.procyclingstats.com/rider/clement-berthet,Decathlon AG2R La Mondiale Team,,,",,",39,14030
1,53,finished,55,49,195,Classic,22,DK,Andresen Tobias Lund,https://www.procyclingstats.com/rider/tobias-lund-andresen,Team Picnic PostNL,,,",,",39,14030
1,54,finished,56,49,85,Climber,24,DK,Skjelmose Mattias,https://www.procyclingstats.com/rider/mattias-skjelmose-jensen,Lidl - Trek,,,",,",39,14030
1,55,finished,57,49,213,Classic,31,BE,De Buyst Jasper,https://www.procyclingstats.com/rider/jasper-de-buyst,Lotto,,,",,",39,14030
1,56,finished,58,49,161,GC,32,DE,Buchmann Emanuel,https://www.procyclingstats.com/rider/emanuel-buchmann,Cofidis,,,",,",39,14030
1,57,finished,59,49,204,Classic,36,CA,Boivin Guillaume,https://www.procyclingstats.com/rider/guillaume-boivin,Israel - Premier Tech,,,",,",39,14030
1,58,finished,60,49,2,GC,26,PT,Almeida João,https://www.procyclingstats.com/rider/joao-almeida,UAE Team Emirates - XRG,,,",,",39,14030
1,59,finished,61,49,132,Classic,32,BE,Capiot Amaury,https://www.procyclingstats.com/rider/amaury-capiot,Arkéa - B&B Hotels,,,",,",39,14030
1,60,finished,62,49,124,Sprint,32,NL,Groenewegen Dylan,https://www.procyclingstats.com/rider/dylan-groenewegen,Team Jayco AlUla,,,",,",39,14030
1,61,finished,63,49,223,Hills,32,DK,Cort Magnus,https://www.procyclingstats.com/rider/magnus-cort-nielsen,Uno-X Mobility,,,",,",39,14030
1,62,finished,64,49,134,Classic,33,FR,Démare Arnaud,https://www.procyclingstats.com/rider/arnaud-demare,Arkéa - B&B Hotels,,,",,",39,14030
1,63,finished,65,49,165,Classic,26,FR,Renard Alexis,https://www.procyclingstats.com/rider/alexis-renard,Cofidis,,,",,",39,14030
1,64,finished,66,49,31,Climber,24,IE,Healy Ben,https://www.procyclingstats.com/rider/ben-healy,EF Education - EasyPost,,,",,",39,14030
1,65,finished,67,49,205,Classic,25,FR,Louvel Matis,https://www.procyclingstats.com/rider/matis-louvel,Israel - Premier Tech,,,",,",39,14030
1,66,finished,68,49,156,GC,29,FR,Paret-Peintre Aurélien,https://www.procyclingstats.com/rider/aurelien-paret-peintre,Decathlon AG2R La Mondiale Team,,,",,",39,14030
1,67,finished,69,49,21,Climber,25,BE,Evenepoel Remco,https://www.procyclingstats.com/rider/remco-evenepoel,Soudal Quick-Step,,,",,",39,14030
1,68,finished,70,49,186,Climber,26,FR,Jegat Jordan,https://www.procyclingstats.com/rider/jordan-jegat,TotalEnergies,,,",,",39,14030
1,69,finished,71,49,66,GC,24,ES,Rodríguez Carlos,https://www.procyclingstats.com/rider/carlos-rodriguez-cano,INEOS Grenadiers,,,",,",39,14030
1,70,finished,72,49,107,Classic,32,BE,Vermeersch Gianni,https://www.procyclingstats.com/rider/gianni-vermeersch,Alpecin - Deceuninck,,,",,",39,14030
1,71,finished,73,49,51,Climber,25,CO,Buitrago Santiago,https://www.procyclingstats.com/rider/santiago-buitrago-sanchez,Bahrain - Victorious,,,",,",39,14030
1,72,finished,74,49,37,Classic,33,DK,Valgren Michael,https://www.procyclingstats.com/rider/michael-valgren-andersen,EF Education - EasyPost,,,",,",39,14030
1,73,finished,75,49,155,Classic,34,BE,Naesen Oliver,https://www.procyclingstats.com/rider/oliver-naesen,Decathlon AG2R La Mondiale Team,,,",,",39,14030
1,74,finished,76,49,191,GC,22,GB,Onley Oscar,https://www.procyclingstats.com/rider/oscar-onley,Team Picnic PostNL,,,",,",39,14030
1,75,finished,77,49,151,Climber,27,AT,Gall Felix,https://www.procyclingstats.com/rider/felix-gall,Decathlon AG2R La Mondiale Team,,,",,",39,14030
1,76,finished,78,49,28,GC,25,BE,Van Wilder Ilan,https://www.procyclingstats.com/rider/ilan-van-wilder,Soudal Quick-Step,,,",,",39,14030
1,77,finished,79,49,23,Classic,28,NL,Eenkhoorn Pascal,https://www.procyclingstats.com/rider/pascal-eenkhoorn,Soudal Quick-Step,,,",,",39,14030
1,78,finished,80,49,72,GC,24,DE,Lipowitz Florian,https://www.procyclingstats.com/rider/florian-lipowitz,Red Bull - BORA - hansgrohe,,,",,",39,14030
1,79,finished,81,49,71,Climber,35,SI,Roglič Primož,https://www.procyclingstats.com/rider/primoz-roglic,Red Bull - BORA - hansgrohe,,,",,",39,14030
1,80,finished,82,49,217,Climber,23,BE,Van Eetvelt Lennert,https://www.procyclingstats.com/rider/lennert-van-eetvelt,Lotto,,,",,",39,14030
1,81,finished,83,49,95,Classic,28,FR,Madouas Valentin,https://www.procyclingstats.com/rider/valentin-madouas,Groupama - FDJ,,,",,",39,14030
1,82,finished,84,49,91,Climber,32,FR,Martin Guillaume,https://www.procyclingstats.com/rider/guillaume-martin,Groupama - FDJ,,,",,",39,14030
1,83,finished,85,49,144,TT,36,PT,Oliveira Nelson,https://www.procyclingstats.com/rider/nelson-oliveira,Movistar Team,,,",,",39,14030
1,84,finished,86,49,115,Classic,31,CH,Lienhard Fabian,https://www.procyclingstats.com/rider/fabian-lienhard,Tudor Pro Cycling Team,,,",,",39,14030
1,85,finished,87,49,194,GC,25,GB,Flynn Sean,https://www.procyclingstats.com/rider/sean-flynn,Team Picnic PostNL,,,",,",39,14030
1,86,finished,88,49,67,Classic,29,GB,Swift Connor,https://www.procyclingstats.com/rider/connor-swift,INEOS Grenadiers,,,",,",39,14030
1,87,finished,89,49,61,GC,39,GB,Thomas Geraint,https://www.procyclingstats.com/rider/geraint-thomas,INEOS Grenadiers,,,",,",39,14030
1,88,finished,90,49,184,GC,24,FR,Gachignard Thomas,https://www.procyclingstats.com/rider/thomas-gachignard,TotalEnergies,,,",,",39,14030
1,89,finished,91,49,3,Hills,28,EC,Narváez Jhonatan,https://www.procyclingstats.com/rider/jhonatan-narvaez,UAE Team Emirates - XRG,,,",,",39,14030
1,90,finished,92,49,44,Classic,23,FR,Page Hugo,https://www.procyclingstats.com/rider/hugo-page,Intermarché - Wanty,,,",,",39,14030
1,91,finished,93,49,181,GC,29,BE,Cras Steff,https://www.procyclingstats.com/rider/steff-cras,TotalEnergies,,,",,",39,14030
1,92,finished,94,49,158,Classic,23,FR,Tronchon Bastien,https://www.procyclingstats.com/rider/bastien-tronchon,Decathlon AG2R La Mondiale Team,,,",,",39,14030
1,93,finished,95,49,183,Classic,27,FR,Delettre Alexandre,https://www.procyclingstats.com/rider/alexandre-delettre,TotalEnergies,,,",,",39,14030
1,94,finished,96,49,54,GC,31,AU,Haig Jack,https://www.procyclingstats.com/rider/jack-haig,Bahrain - Victorious,,,",,",39,14030
1,95,finished,97,49,162,Classic,29,ES,Aranburu Alex,https://www.procyclingstats.com/rider/alex-aranburu,Cofidis,,,",,",39,14030
1,96,finished,98,49,114,Classic,26,CH,Hirschi Marc,https://www.procyclingstats.com/rider/marc-hirschi,Tudor Pro Cycling Team,,,",,",39,14030
1,97,finished,99,49,212,Classic,24,BE,Berckmoes Jenno,https://www.procyclingstats.com/rider/jenno-berckmoes,Lotto,,,",,",39,14030
1,98,finished,100,49,166,GC,33,BE,Teuns Dylan,https://www.procyclingstats.com/rider/dylan-teuns,Cofidis,,,",,",39,14030
1,99,finished,101,49,218,Classic,27,BE,Van Moer Brent,https://www.procyclingstats.com/rider/brent-van-moer,Lotto,,,",,",39,14030
1,100,finished,102,49,63,TT,28,NO,Foss Tobias,https://www.procyclingstats.com/rider/tobias-foss,INEOS Grenadiers,,,",,",39,14030
1,101,finished,103,49,58,Hills,26,GB,Wright Fred,https://www.procyclingstats.com/rider/alfred-wright,Bahrain - Victorious,,,",,",39,14030
1,102,finished,104,49,214,GC,26,AU,Drizners Jarrad,https://www.procyclingstats.com/rider/jarrad-drizners,Lotto,,,",,",39,14030
1,103,finished,105,49,32,Hills,28,IT,Albanese Vincenzo,https://www.procyclingstats.com/rider/vincenzo-albanese,EF Education - EasyPost,,,",,",39,14030
1,104,finished,107,76,127,Classic,33,NL,Reinders Elmar,https://www.procyclingstats.com/rider/elmar-reinders,Team Jayco AlUla,,,1:06,66,14057
1,105,finished,108,76,78,Climber,29,RU,Vlasov Aleksandr,https://www.procyclingstats.com/rider/aleksandr-vlasov,Red Bull - BORA - hansgrohe,,,",,",66,14057
1,106,finished,109,76,157,GC,28,AU,Scotson Callum,https://www.procyclingstats.com/rider/callum-scotson,Decathlon AG2R La Mondiale Team,,,",,",66,14057
1,107,finished,110,76,192,Climber,33,FR,Barguil Warren,https://www.procyclingstats.com/rider/warren-barguil,Team Picnic PostNL,,,",,",66,14057
1,108,finished,111,76,56,Classic,30,SI,Mohorič Matej,https://www.procyclingstats.com/rider/matej-mohoric,Bahrain - Victorious,,,",,",66,14057
1,109,finished,112,76,34,Climber,24,FR,Baudin Alex,https://www.procyclingstats.com/rider/alex-baudin,EF Education - EasyPost,,,",,",66,14057
1,110,finished,113,76,138,Classic,31,FR,Venturini Clément,https://www.procyclingstats.com/rider/clement-venturini,Arkéa - B&B Hotels,,,",,",66,14057
1,111,finished,114,76,27,Classic,32,BE,Van Lerberghe Bert,https://www.procyclingstats.com/rider/bert-van-lerberghe,Soudal Quick-Step,,,",,",66,14057
1,112,finished,115,96,86,Classic,34,LV,Skujiņš Toms,https://www.procyclingstats.com/rider/toms-skujins,Lidl - Trek,,,1:26,86,14077
1,113,finished,116,96,88,Classic,34,BE,Theuns Edward,https://www.procyclingstats.com/rider/edward-theuns,Lidl - Trek,,,",,",86,14077
1,114,finished,117,96,43,Classic,24,BE,Braet Vito,https://www.procyclingstats.com/rider/vito-braet,Intermarché - Wanty,,,",,",86,14077
1,115,finished,118,103,75,Classic,22,NZ,Pithie Laurence,https://www.procyclingstats.com/rider/laurence-pithie,Red Bull - BORA - hansgrohe,,,1:33,93,14084
1,116,finished,119,103,82,Classic,30,IT,Consonni Simone,https://www.procyclingstats.com/rider/simone-consonni,Lidl - Trek,,,",,",93,14084
1,117,finished,120,118,22,TT,34,IT,Cattaneo Mattia,https://www.procyclingstats.com/rider/mattia-cattaneo,Soudal Quick-Step,,,1:48,108,14099
1,118,finished,121,129,14,TT,33,BE,Campenaerts Victor,https://www.procyclingstats.com/rider/victor-campenaerts,Team Visma | Lease a Bike,,,1:59,119,14110
1,119,finished,106,49,16,Climber,30,US,Kuss Sepp,https://www.procyclingstats.com/rider/sepp-kuss,Team Visma | Lease a Bike,,,*0:39,39,14030
1,120,finished,122,144,74,Classic,31,IT,Moscon Gianni,https://www.procyclingstats.com/rider/gianni-moscon,Red Bull - BORA - hansgrohe,,,2:14,134,14125
1,121,finished,123,144,76,Classic,25,NL,van Dijke Mick,https://www.procyclingstats.com/rider/mick-van-dijke,Red Bull - BORA - hansgrohe,,,",,",134,14125
1,122,finished,124,144,164,GC,36,ES,Izagirre Ion,https://www.procyclingstats.com/rider/ion-izagirre,Cofidis,,,",,",134,14125
1,123,finished,125,156,6,Climber,31,ES,Soler Marc,https://www.procyclingstats.com/rider/marc-soler,UAE Team Emirates - XRG,,,2:26,146,14137
1,124,finished,126,156,53,TT,34,PL,Gradek Kamil,https://www.procyclingstats.com/rider/kamil-gradek,Bahrain - Victorious,,,",,",146,14137
1,125,finished,127,328,4,Classic,31,DE,Politt Nils,https://www.procyclingstats.com/rider/nils-politt,UAE Team Emirates - XRG,,,5:18,318,14309
1,126,finished,128,328,227,GC,26,NO,Leknessund Andreas,https://www.procyclingstats.com/rider/andreas-leknessund,Uno-X Mobility,,,",,",318,14309
1,127,finished,129,328,226,GC,25,NO,Johannessen Anders Halland,https://www.procyclingstats.com/rider/anders-halland-johannessen,Uno-X Mobility,,,",,",318,14309
1,128,finished,130,328,96,Hills,33,FR,Pacher Quentin,https://www.procyclingstats.com/rider/quentin-pacher,Groupama - FDJ,,,",,",318,14309
1,129,finished,131,328,171,Climber,28,CO,Tejada Harold,https://www.procyclingstats.com/rider/harold-tejada,XDS Astana Team,,,",,",318,14309
1,130,finished,132,328,152,TT,31,FR,Armirail Bruno,https://www.procyclingstats.com/rider/bruno-armirail,Decathlon AG2R La Mondiale Team,,,",,",318,14309
1,131,finished,133,328,215,Classic,26,BE,Grignard Sébastien,https://www.procyclingstats.com/rider/sebastien-grignard,Lotto,,,",,",318,14309
1,132,finished,134,328,136,Hills,24,FR,Le Berre Mathis,https://www.procyclingstats.com/rider/mathis-le-berre,Arkéa - B&B Hotels,,,",,",318,14309
1,133,finished,135,328,62,GC,25,NL,Arensman Thymen,https://www.procyclingstats.com/rider/thymen-arensman,INEOS Grenadiers,,,",,",318,14309
1,134,finished,136,328,46,Classic,27,DE,Rutsch Jonas,https://www.procyclingstats.com/rider/jonas-rutsch,Intermarché - Wanty,,,",,",318,14309
1,135,finished,137,328,216,GC,34,AR,Sepúlveda Eduardo,https://www.procyclingstats.com/rider/eduardo-sepulveda,Lotto,,,",,",318,14309
1,136,finished,138,328,48,Classic,27,DE,Zimmermann Georg,https://www.procyclingstats.com/rider/georg-zimmermann,Intermarché - Wanty,,,",,",318,14309
1,137,finished,139,328,146,GC,31,AT,Mühlberger Gregor,https://www.procyclingstats.com/rider/gregor-muhlberger,Movistar Team,,,",,",318,14309
1,138,finished,140,328,167,TT,29,FR,Thomas Benjamin,https://www.procyclingstats.com/rider/benjamin-thomas-2,Cofidis,,,",,",318,14309
1,139,finished,141,328,148,Climber,27,CO,Rubio Einer,https://www.procyclingstats.com/rider/einer-rubio,Movistar Team,,,",,",318,14309
1,140,finished,142,328,137,GC,30,ES,Rodríguez Cristián,https://www.procyclingstats.com/rider/cristian-rodriguez,Arkéa - B&B Hotels,,,",,",318,14309
1,141,finished,143,328,198,GC,24,NL,van den Broek Frank,https://www.procyclingstats.com/rider/frank-van-den-broek,Team Picnic PostNL,,,",,",318,14309
1,142,finished,144,328,84,Hills,24,US,Simmons Quinn,https://www.procyclingstats.com/rider/quinn-simmons,Lidl - Trek,,,",,",318,14309
1,143,finished,145,328,197,GC,26,NL,Naberman Tim,https://www.procyclingstats.com/rider/tim-naberman,Team Picnic PostNL,,,",,",318,14309
1,144,finished,146,328,176,Climber,27,CO,Higuita Sergio,https://www.procyclingstats.com/rider/sergio-higuita,XDS Astana Team,,,",,",318,14309
1,145,finished,147,328,174,Climber,27,FR,Champoussin Clément,https://www.procyclingstats.com/rider/clement-champoussin,XDS Astana Team,,,",,",318,14309
1,146,finished,148,328,45,Classic,25,BE,Rex Laurenz,https://www.procyclingstats.com/rider/laurenz-rex,Intermarché - Wanty,,,",,",318,14309
1,147,finished,149,328,143,Climber,24,ES,Castrillo Pablo,https://www.procyclingstats.com/rider/pablo-castrillo-zapater,Movistar Team,,,",,",318,14309
1,148,finished,150,328,135,Climber,24,ES,García Pierna Raúl,https://www.procyclingstats.com/rider/raul-garcia-pierna,Arkéa - B&B Hotels,,,",,",318,14309
1,149,finished,151,328,94,Classic,22,FR,Grégoire Romain,https://www.procyclingstats.com/rider/romain-gregoire,Groupama - FDJ,,,",,",318,14309
1,150,finished,152,328,133,GC,22,FR,Costiou Ewen,https://www.procyclingstats.com/rider/ewen-costiou,Arkéa - B&B Hotels,,,",,",318,14309
1,151,finished,153,328,25,Climber,24,FR,Paret-Peintre Valentin,https://www.procyclingstats.com/rider/valentin-paret-peintre,Soudal Quick-Step,,,",,",318,14309
1,152,finished,154,328,185,Classic,26,FR,Jeannière Emilien,https://www.procyclingstats.com/rider/emilien-jeanniere,TotalEnergies,,,",,",318,14309
1,153,finished,155,328,117,Climber,28,AU,Storer Michael,https://www.procyclingstats.com/rider/michael-storer,Tudor Pro Cycling Team,,,",,",318,14309
1,154,finished,156,328,122,GC,28,IE,Dunbar Eddie,https://www.procyclingstats.com/rider/edward-irl-dunbar,Team Jayco AlUla,,,",,",318,14309
1,155,finished,157,328,5,GC,27,FR,Sivakov Pavel,https://www.procyclingstats.com/rider/pavel-sivakov,UAE Team Emirates - XRG,,,",,",318,14309
1,156,finished,158,328,8,Climber,32,GB,Yates Adam,https://www.procyclingstats.com/rider/adam-yates,UAE Team Emirates - XRG,,,",,",318,14309
1,157,finished,159,328,108,Climber,23,BE,Verstrynge Emiel,https://www.procyclingstats.com/rider/emiel-verstrynge,Alpecin - Deceuninck,,,",,",318,14309
1,158,finished,160,328,208,Hills,25,GB,Stewart Jake,https://www.procyclingstats.com/rider/jake-stewart,Israel - Premier Tech,,,",,",318,14309
1,159,finished,161,328,206,GC,32,KZ,Lutsenko Alexey,https://www.procyclingstats.com/rider/aleksey-lutsenko,Israel - Premier Tech,,,",,",318,14309
1,160,finished,34,10,121,GC,29,AU,O'Connor Ben,https://www.procyclingstats.com/rider/ben-o-connor,Team Jayco AlUla,,,*0:00,0,13991
1,161,finished,162,337,128,Hills,25,CH,Schmid Mauro,https://www.procyclingstats.com/rider/mauro-schmid,Team Jayco AlUla,,,5:27,327,14318
1,162,finished,35,10,38,Hills,25,NL,van den Berg Marijn,https://www.procyclingstats.com/rider/marijn-van-den-berg,EF Education - EasyPost,,,*0:00,0,13991
1,163,finished,163,401,123,TT,34,AU,Durbridge Luke,https://www.procyclingstats.com/rider/luke-durbridge,Team Jayco AlUla,,,6:31,391,14382
1,164,finished,164,401,18,Climber,32,GB,Yates Simon,https://www.procyclingstats.com/rider/simon-yates,Team Visma | Lease a Bike,,,",,",391,14382
1,165,finished,165,401,65,Hills,24,FR,Laurance Axel,https://www.procyclingstats.com/rider/axel-laurance,INEOS Grenadiers,,,",,",391,14382
1,166,finished,166,401,102,Classic,34,CH,Dillier Silvan,https://www.procyclingstats.com/rider/silvan-dillier,Alpecin - Deceuninck,,,",,",391,14382
1,167,finished,167,401,201,Climber,38,CA,Woods Michael,https://www.procyclingstats.com/rider/michael-woods,Israel - Premier Tech,,,",,",391,14382
1,168,finished,168,401,178,Classic,29,IT,Velasco Simone,https://www.procyclingstats.com/rider/simone-velasco,XDS Astana Team,,,",,",391,14382
1,169,finished,169,401,26,GC,31,DE,Schachmann Maximilian,https://www.procyclingstats.com/rider/maximilian-schachmann,Soudal Quick-Step,,,",,",391,14382
1,170,finished,170,401,126,GC,24,AU,Plapp Luke,https://www.procyclingstats.com/rider/luke-plapp,Team Jayco AlUla,,,",,",391,14382
1,171,finished,171,401,175,Classic,25,KZ,Fedorov Yevgeniy,https://www.procyclingstats.com/rider/yevgeniy-fedorov,XDS Astana Team,,,",,",391,14382
1,172,finished,172,401,173,Sprint,29,NL,Bol Cees,https://www.procyclingstats.com/rider/cees-bol,XDS Astana Team,,,",,",391,14382
1,173,finished,173,401,111,Classic,33,FR,Alaphilippe Julian,https://www.procyclingstats.com/rider/julian-alaphilippe,Tudor Pro Cycling Team,,,",,",391,14382
1,174,finished,174,401,47,GC,24,NL,van Sintmaartensdijk Roel,https://www.procyclingstats.com/rider/roel-van-sintmaartensdijk,Intermarché - Wanty,,,",,",391,14382
1,175,finished,175,401,42,Classic,25,FR,Barré Louis,https://www.procyclingstats.com/rider/louis-barre,Intermarché - Wanty,,,",,",391,14382
1,176,finished,176,401,147,GC,21,ES,Romeo Iván,https://www.procyclingstats.com/rider/ivan-romeo,Movistar Team,,,",,",391,14382
1,177,finished,177,401,142,TT,29,US,Barta Will,https://www.procyclingstats.com/rider/william-barta,Movistar Team,,,",,",391,14382
1,178,finished,178,401,182,Hills,26,FR,Burgaudeau Mathieu,https://www.procyclingstats.com/rider/mathieu-burgaudeau,TotalEnergies,,,",,",391,14382
1,179,finished,179,401,188,Hills,24,FR,Vercher Mattéo,https://www.procyclingstats.com/rider/matheo-vercher,TotalEnergies,,,",,",391,14382
1,180,finished,180,401,83,Hills,22,BE,Nys Thibau,https://www.procyclingstats.com/rider/thibau-nys,Lidl - Trek,,,",,",391,14382
1,181,finished,181,401,92,Classic,24,GB,Askey Lewis,https://www.procyclingstats.com/rider/lewis-askey,Groupama - FDJ,,,",,",391,14382
1,182,finished,182,561,55,Climber,21,FR,Martinez Lenny,https://www.procyclingstats.com/rider/lenny-martinez,Bahrain - Victorious,,,9:11,551,14542
1,,DNF,,,154,TT,26,CH,Bissegger Stefan,https://www.procyclingstats.com/rider/stefan-bissegger,Decathlon AG2R La Mondiale Team,,,,,
1,,DNF,,,64,TT,28,IT,Ganna Filippo,https://www.procyclingstats.com/rider/filippo-ganna,INEOS Grenadiers,,,,,
2,1,finished,1,0,106,Classic,30,NL,van der Poel Mathieu,https://www.procyclingstats.com/rider/mathieu-van-der-poel,Alpecin - Deceuninck,210.0,100.0,4:45:41,0,17141
2,2,finished,2,4,1,Climber,26,SI,Pogačar Tadej,https://www.procyclingstats.com/rider/tadej-pogacar,UAE Team Emirates - XRG,150.0,70.0,",,",0,17141
2,3,finished,3,6,11,GC,28,DK,Vingegaard Jonas,https://www.procyclingstats.com/rider/jonas-vingegaard,Team Visma | Lease a Bike,110.0,50.0,",,",0,17141
2,4,finished,68,328,94,Classic,22,FR,Grégoire Romain,https://www.procyclingstats.com/rider/romain-gregoire,Groupama - FDJ,90.0,40.0,",,",0,17141
2,5,finished,86,401,111,Classic,33,FR,Alaphilippe Julian,https://www.procyclingstats.com/rider/julian-alaphilippe,Tudor Pro Cycling Team,70.0,32.0,",,",0,17141
2,6,finished,16,49,191,GC,22,GB,Onley Oscar,https://www.procyclingstats.com/rider/oscar-onley,Team Picnic PostNL,55.0,26.0,",,",0,17141
2,7,finished,12,49,156,GC,29,FR,Paret-Peintre Aurélien,https://www.procyclingstats.com/rider/aurelien-paret-peintre,Decathlon AG2R La Mondiale Team,45.0,22.0,",,",0,17141
2,8,finished,4,10,131,GC,24,FR,Vauquelin Kévin,https://www.procyclingstats.com/rider/kevin-vauquelin,Arkéa - B&B Hotels,40.0,18.0,",,",0,17141
2,9,finished,85,401,178,Classic,29,IT,Velasco Simone,https://www.procyclingstats.com/rider/simone-velasco,XDS Astana Team,35.0,14.0,",,",0,17141
2,10,finished,24,49,212,Classic,24,BE,Berckmoes Jenno,https://www.procyclingstats.com/rider/jenno-berckmoes,Lotto,30.0,10.0,",,",0,17141
2,11,finished,23,49,183,Classic,27,FR,Delettre Alexandre,https://www.procyclingstats.com/rider/alexandre-delettre,TotalEnergies,25.0,8.0,",,",0,17141
2,12,finished,6,10,141,Climber,30,ES,Mas Enric,https://www.procyclingstats.com/rider/enric-mas,Movistar Team,20.0,6.0,",,",0,17141
2,13,finished,17,49,51,Climber,25,CO,Buitrago Santiago,https://www.procyclingstats.com/rider/santiago-buitrago-sanchez,Bahrain - Victorious,15.0,4.0,",,",0,17141
2,14,finished,25,49,114,Classic,26,CH,Hirschi Marc,https://www.procyclingstats.com/rider/marc-hirschi,Tudor Pro Cycling Team,10.0,2.0,",,",0,17141
2,15,finished,13,49,2,GC,26,PT,Almeida João,https://www.procyclingstats.com/rider/joao-almeida,UAE Team Emirates - XRG,5.0,1.0,",,",0,17141
2,16,finished,20,49,91,Climber,32,FR,Martin Guillaume,https://www.procyclingstats.com/rider/guillaume-martin,Groupama - FDJ,,,",,",0,17141
2,17,finished,18,49,21,Climber,25,BE,Evenepoel Remco,https://www.procyclingstats.com/rider/remco-evenepoel,Soudal Quick-Step,,,",,",0,17141
2,18,finished,5,10,15,GC,26,US,Jorgenson Matteo,https://www.procyclingstats.com/rider/matteo-jorgenson,Team Visma | Lease a Bike,,,",,",0,17141
2,19,finished,11,49,35,Classic,28,US,Powless Neilson,https://www.procyclingstats.com/rider/neilson-powless,EF Education - EasyPost,,,",,",0,17141
2,20,finished,14,49,161,GC,32,DE,Buchmann Emanuel,https://www.procyclingstats.com/rider/emanuel-buchmann,Cofidis,,,",,",0,17141
2,21,finished,19,49,151,Climber,27,AT,Gall Felix,https://www.procyclingstats.com/rider/felix-gall,Decathlon AG2R La Mondiale Team,,,",,",0,17141
2,22,finished,21,49,71,Climber,35,SI,Roglič Primož,https://www.procyclingstats.com/rider/primoz-roglic,Red Bull - BORA - hansgrohe,,,",,",0,17141
2,23,finished,15,49,85,Climber,24,DK,Skjelmose Mattias,https://www.procyclingstats.com/rider/mattias-skjelmose-jensen,Lidl - Trek,,,",,",0,17141
2,24,finished,22,49,72,GC,24,DE,Lipowitz Florian,https://www.procyclingstats.com/rider/florian-lipowitz,Red Bull - BORA - hansgrohe,,,",,",0,17141
2,25,finished,70,328,206,GC,32,KZ,Lutsenko Alexey,https://www.procyclingstats.com/rider/aleksey-lutsenko,Israel - Premier Tech,,,",,",0,17141
2,26,finished,69,328,96,Hills,33,FR,Pacher Quentin,https://www.procyclingstats.com/rider/quentin-pacher,Groupama - FDJ,,,",,",0,17141
2,27,finished,7,31,101,Sprint,27,BE,Philipsen Jasper,https://www.procyclingstats.com/rider/jasper-philipsen,Alpecin - Deceuninck,,,0:31,31,17172
2,28,finished,8,41,203,GC,22,GB,Blackmore Joseph,https://www.procyclingstats.com/rider/joseph-blackmore,Israel - Premier Tech,,,",,",31,17172
2,29,finished,80,359,171,Climber,28,CO,Tejada Harold,https://www.procyclingstats.com/rider/harold-tejada,XDS Astana Team,,,",,",31,17172
2,30,finished,26,80,153,Climber,27,FR,Berthet Clément,https://www.procyclingstats.com/rider/clement-berthet,Decathlon AG2R La Mondiale Team,,,",,",31,17172
2,31,finished,28,80,66,GC,24,ES,Rodríguez Carlos,https://www.procyclingstats.com/rider/carlos-rodriguez-cano,INEOS Grenadiers,,,",,",31,17172
2,32,finished,81,359,137,GC,30,ES,Rodríguez Cristián,https://www.procyclingstats.com/rider/cristian-rodriguez,Arkéa - B&B Hotels,,,",,",31,17172
2,33,finished,9,41,221,Climber,25,NO,Johannessen Tobias Halland,https://www.procyclingstats.com/rider/tobias-halland-johannessen,Uno-X Mobility,,,",,",31,17172
2,34,finished,34,80,166,GC,33,BE,Teuns Dylan,https://www.procyclingstats.com/rider/dylan-teuns,Cofidis,,,",,",31,17172
2,35,finished,89,432,182,Hills,26,FR,Burgaudeau Mathieu,https://www.procyclingstats.com/rider/mathieu-burgaudeau,TotalEnergies,,,",,",31,17172
2,36,finished,32,80,54,GC,31,AU,Haig Jack,https://www.procyclingstats.com/rider/jack-haig,Bahrain - Victorious,,,",,",31,17172
2,37,finished,31,80,61,GC,39,GB,Thomas Geraint,https://www.procyclingstats.com/rider/geraint-thomas,INEOS Grenadiers,,,",,",31,17172
2,38,finished,82,368,128,Hills,25,CH,Schmid Mauro,https://www.procyclingstats.com/rider/mauro-schmid,Team Jayco AlUla,,,",,",31,17172
2,39,finished,33,80,181,GC,29,BE,Cras Steff,https://www.procyclingstats.com/rider/steff-cras,TotalEnergies,,,",,",31,17172
2,40,finished,35,80,58,Hills,26,GB,Wright Fred,https://www.procyclingstats.com/rider/alfred-wright,Bahrain - Victorious,,,",,",31,17172
2,41,finished,29,80,186,Climber,26,FR,Jegat Jordan,https://www.procyclingstats.com/rider/jordan-jegat,TotalEnergies,,,",,",31,17172
2,42,finished,30,80,95,Classic,28,FR,Madouas Valentin,https://www.procyclingstats.com/rider/valentin-madouas,Groupama - FDJ,,,",,",31,17172
2,43,finished,10,41,121,GC,29,AU,O'Connor Ben,https://www.procyclingstats.com/rider/ben-o-connor,Team Jayco AlUla,,,",,",31,17172
2,44,finished,36,80,16,Climber,30,US,Kuss Sepp,https://www.procyclingstats.com/rider/sepp-kuss,Team Visma | Lease a Bike,,,",,",31,17172
2,45,finished,41,107,138,Classic,31,FR,Venturini Clément,https://www.procyclingstats.com/rider/clement-venturini,Arkéa - B&B Hotels,,,",,",31,17172
2,46,finished,27,80,163,Sprint,33,FR,Coquard Bryan,https://www.procyclingstats.com/rider/bryan-coquard,Cofidis,,,",,",31,17172
2,47,finished,90,446,65,Hills,24,FR,Laurance Axel,https://www.procyclingstats.com/rider/axel-laurance,INEOS Grenadiers,,,0:45,45,17186
2,48,finished,84,398,122,GC,28,IE,Dunbar Eddie,https://www.procyclingstats.com/rider/edward-irl-dunbar,Team Jayco AlUla,,,1:10,70,17211
2,49,finished,38,99,36,GC,26,AU,Sweeny Harry,https://www.procyclingstats.com/rider/harry-sweeny,EF Education - EasyPost,,,1:29,89,17230
2,50,finished,40,99,13,Classic,31,BE,Benoot Tiesj,https://www.procyclingstats.com/rider/tiesj-benoot,Team Visma | Lease a Bike,,,",,",89,17230
2,51,finished,37,99,68,Hills,23,GB,Watson Samuel,https://www.procyclingstats.com/rider/samuel-watson,INEOS Grenadiers,,,",,",89,17230
2,52,finished,42,138,31,Climber,24,IE,Healy Ben,https://www.procyclingstats.com/rider/ben-healy,EF Education - EasyPost,,,",,",89,17230
2,53,finished,39,99,103,Hills,26,AU,Groves Kaden,https://www.procyclingstats.com/rider/kaden-groves,Alpecin - Deceuninck,,,",,",89,17230
2,54,finished,101,490,18,Climber,32,GB,Yates Simon,https://www.procyclingstats.com/rider/simon-yates,Team Visma | Lease a Bike,,,",,",89,17230
2,55,finished,43,138,28,GC,25,BE,Van Wilder Ilan,https://www.procyclingstats.com/rider/ilan-van-wilder,Soudal Quick-Step,,,",,",89,17230
2,56,finished,44,138,3,Hills,28,EC,Narváez Jhonatan,https://www.procyclingstats.com/rider/jhonatan-narvaez,UAE Team Emirates - XRG,,,",,",89,17230
2,57,finished,45,143,195,Classic,22,DK,Andresen Tobias Lund,https://www.procyclingstats.com/rider/tobias-lund-andresen,Team Picnic PostNL,,,1:34,94,17235
2,58,finished,46,143,37,Classic,33,DK,Valgren Michael,https://www.procyclingstats.com/rider/michael-valgren-andersen,EF Education - EasyPost,,,",,",94,17235
2,59,finished,49,190,86,Classic,34,LV,Skujiņš Toms,https://www.procyclingstats.com/rider/toms-skujins,Lidl - Trek,,,",,",94,17235
2,60,finished,51,202,162,Classic,29,ES,Aranburu Alex,https://www.procyclingstats.com/rider/alex-aranburu,Cofidis,,,2:33,153,17294
2,61,finished,47,163,168,Classic,28,FR,Touzé Damien,https://www.procyclingstats.com/rider/damien-touze,Cofidis,,,",,",153,17294
2,62,finished,50,202,158,Classic,23,FR,Tronchon Bastien,https://www.procyclingstats.com/rider/bastien-tronchon,Decathlon AG2R La Mondiale Team,,,",,",153,17294
2,63,finished,102,491,198,GC,24,NL,van den Broek Frank,https://www.procyclingstats.com/rider/frank-van-den-broek,Team Picnic PostNL,,,2:43,163,17304
2,64,finished,104,501,48,Classic,27,DE,Zimmermann Georg,https://www.procyclingstats.com/rider/georg-zimmermann,Intermarché - Wanty,,,2:53,173,17314
2,65,finished,48,188,7,GC,34,BE,Wellens Tim,https://www.procyclingstats.com/rider/tim-wellens,UAE Team Emirates - XRG,,,2:58,178,17319
2,66,finished,106,506,146,GC,31,AT,Mühlberger Gregor,https://www.procyclingstats.com/rider/gregor-muhlberger,Movistar Team,,,",,",178,17319
2,67,finished,57,214,104,GC,33,BE,Meurisse Xandro,https://www.procyclingstats.com/rider/xandro-meurisse,Alpecin - Deceuninck,,,3:11,191,17332
2,68,finished,58,240,57,Hills,26,AU,Stannard Robert,https://www.procyclingstats.com/rider/robert-stannard,Bahrain - Victorious,,,",,",191,17332
2,69,finished,54,212,207,Classic,30,LV,Neilands Krists,https://www.procyclingstats.com/rider/krists-neilands,Israel - Premier Tech,,,3:22,202,17343
2,70,finished,114,530,208,Hills,25,GB,Stewart Jake,https://www.procyclingstats.com/rider/jake-stewart,Israel - Premier Tech,,,",,",202,17343
2,71,finished,56,212,33,TT,30,DK,Asgreen Kasper,https://www.procyclingstats.com/rider/kasper-asgreen,EF Education - EasyPost,,,",,",202,17343
2,72,finished,52,212,187,Classic,31,FR,Turgis Anthony,https://www.procyclingstats.com/rider/anthony-turgis,TotalEnergies,,,",,",202,17343
2,73,finished,53,212,97,Classic,23,FR,Penhoët Paul,https://www.procyclingstats.com/rider/paul-penhoet,Groupama - FDJ,,,",,",202,17343
2,74,finished,112,530,133,GC,22,FR,Costiou Ewen,https://www.procyclingstats.com/rider/ewen-costiou,Arkéa - B&B Hotels,,,",,",202,17343
2,75,finished,61,278,192,Climber,33,FR,Barguil Warren,https://www.procyclingstats.com/rider/warren-barguil,Team Picnic PostNL,,,",,",202,17343
2,76,finished,55,212,177,Classic,32,NL,Teunissen Mike,https://www.procyclingstats.com/rider/mike-teunissen,XDS Astana Team,,,",,",202,17343
2,77,finished,113,530,135,Climber,24,ES,García Pierna Raúl,https://www.procyclingstats.com/rider/raul-garcia-pierna,Arkéa - B&B Hotels,,,",,",202,17343
2,78,finished,59,251,184,GC,24,FR,Gachignard Thomas,https://www.procyclingstats.com/rider/thomas-gachignard,TotalEnergies,,,",,",202,17343
2,79,finished,62,283,157,GC,28,AU,Scotson Callum,https://www.procyclingstats.com/rider/callum-scotson,Decathlon AG2R La Mondiale Team,,,3:27,207,17348
2,80,finished,60,258,17,Classic,30,BE,van Aert Wout,https://www.procyclingstats.com/rider/wout-van-aert,Team Visma | Lease a Bike,,,3:29,209,17350
2,81,finished,63,296,193,Sprint,22,CZ,Bittner Pavel,https://www.procyclingstats.com/rider/pavel-bittner,Team Picnic PostNL,,,4:07,247,17388
2,82,finished,72,343,81,Sprint,24,IT,Milan Jonathan,https://www.procyclingstats.com/rider/jonathan-milan,Lidl - Trek,,,4:54,294,17435
2,83,finished,97,459,6,Climber,31,ES,Soler Marc,https://www.procyclingstats.com/rider/marc-soler,UAE Team Emirates - XRG,,,5:03,303,17444
2,84,finished,75,352,107,Classic,32,BE,Vermeersch Gianni,https://www.procyclingstats.com/rider/gianni-vermeersch,Alpecin - Deceuninck,,,",,",303,17444
2,85,finished,64,313,118,Classic,35,IT,Trentin Matteo,https://www.procyclingstats.com/rider/matteo-trentin,Tudor Pro Cycling Team,,,",,",303,17444
2,86,finished,74,352,205,Classic,25,FR,Louvel Matis,https://www.procyclingstats.com/rider/matis-louvel,Israel - Premier Tech,,,",,",303,17444
2,87,finished,65,313,98,Classic,30,FR,Russo Clément,https://www.procyclingstats.com/rider/clement-russo,Groupama - FDJ,,,",,",303,17444
2,88,finished,67,313,93,Hills,29,FR,Barthe Cyril,https://www.procyclingstats.com/rider/cyril-barthe,Groupama - FDJ,,,",,",303,17444
2,89,finished,76,352,155,Classic,34,BE,Naesen Oliver,https://www.procyclingstats.com/rider/oliver-naesen,Decathlon AG2R La Mondiale Team,,,",,",303,17444
2,90,finished,66,313,87,Classic,33,BE,Stuyven Jasper,https://www.procyclingstats.com/rider/jasper-stuyven,Lidl - Trek,,,",,",303,17444
2,91,finished,167,864,55,Climber,21,FR,Martinez Lenny,https://www.procyclingstats.com/rider/lenny-martinez,Bahrain - Victorious,,,",,",303,17444
2,92,finished,124,631,185,Classic,26,FR,Jeannière Emilien,https://www.procyclingstats.com/rider/emilien-jeanniere,TotalEnergies,,,",,",303,17444
2,93,finished,121,631,136,Hills,24,FR,Le Berre Mathis,https://www.procyclingstats.com/rider/mathis-le-berre,Arkéa - B&B Hotels,,,",,",303,17444
2,94,finished,137,704,201,Climber,38,CA,Woods Michael,https://www.procyclingstats.com/rider/michael-woods,Israel - Premier Tech,,,",,",303,17444
2,95,finished,122,631,62,GC,25,NL,Arensman Thymen,https://www.procyclingstats.com/rider/thymen-arensman,INEOS Grenadiers,,,",,",303,17444
2,96,finished,125,631,8,Climber,32,GB,Yates Adam,https://www.procyclingstats.com/rider/adam-yates,UAE Team Emirates - XRG,,,",,",303,17444
2,97,finished,91,447,164,GC,36,ES,Izagirre Ion,https://www.procyclingstats.com/rider/ion-izagirre,Cofidis,,,",,",303,17444
2,98,finished,73,352,225,Classic,30,NO,Hoelgaard Markus,https://www.procyclingstats.com/rider/markus-hoelgaard,Uno-X Mobility,,,",,",303,17444
2,99,finished,78,352,63,TT,28,NO,Foss Tobias,https://www.procyclingstats.com/rider/tobias-foss,INEOS Grenadiers,,,",,",303,17444
2,100,finished,138,704,42,Classic,25,FR,Barré Louis,https://www.procyclingstats.com/rider/louis-barre,Intermarché - Wanty,,,",,",303,17444
2,101,finished,123,631,167,TT,29,FR,Thomas Benjamin,https://www.procyclingstats.com/rider/benjamin-thomas-2,Cofidis,,,",,",303,17444
2,102,finished,77,352,23,Classic,28,NL,Eenkhoorn Pascal,https://www.procyclingstats.com/rider/pascal-eenkhoorn,Soudal Quick-Step,,,",,",303,17444
2,103,finished,92,447,74,Classic,31,IT,Moscon Gianni,https://www.procyclingstats.com/rider/gianni-moscon,Red Bull - BORA - hansgrohe,,,",,",303,17444
2,104,finished,126,653,25,Climber,24,FR,Paret-Peintre Valentin,https://www.procyclingstats.com/rider/valentin-paret-peintre,Soudal Quick-Step,,,5:25,325,17466
2,105,finished,96,454,14,TT,33,BE,Campenaerts Victor,https://www.procyclingstats.com/rider/victor-campenaerts,Team Visma | Lease a Bike,,,",,",325,17466
2,106,finished,83,374,44,Classic,23,FR,Page Hugo,https://www.procyclingstats.com/rider/hugo-page,Intermarché - Wanty,,,",,",325,17466
2,107,finished,71,329,41,Classic,25,ER,Girmay Biniam,https://www.procyclingstats.com/rider/biniam-girmay,Intermarché - Wanty,,,",,",325,17466
2,108,finished,128,663,84,Hills,24,US,Simmons Quinn,https://www.procyclingstats.com/rider/quinn-simmons,Lidl - Trek,,,5:35,335,17476
2,109,finished,95,453,22,TT,34,IT,Cattaneo Mattia,https://www.procyclingstats.com/rider/mattia-cattaneo,Soudal Quick-Step,,,",,",335,17476
2,110,finished,79,358,222,Classic,29,NO,Abrahamsen Jonas,https://www.procyclingstats.com/rider/jonas-abrahamsen,Uno-X Mobility,,,",,",335,17476
2,111,finished,88,411,34,Climber,24,FR,Baudin Alex,https://www.procyclingstats.com/rider/alex-baudin,EF Education - EasyPost,,,",,",335,17476
2,112,finished,152,736,92,Classic,24,GB,Askey Lewis,https://www.procyclingstats.com/rider/lewis-askey,Groupama - FDJ,,,",,",335,17476
2,113,finished,105,502,75,Classic,22,NZ,Pithie Laurence,https://www.procyclingstats.com/rider/laurence-pithie,Red Bull - BORA - hansgrohe,,,6:39,399,17540
2,114,finished,93,448,67,Classic,29,GB,Swift Connor,https://www.procyclingstats.com/rider/connor-swift,INEOS Grenadiers,,,",,",399,17540
2,115,finished,165,800,123,TT,34,AU,Durbridge Luke,https://www.procyclingstats.com/rider/luke-durbridge,Team Jayco AlUla,,,",,",399,17540
2,116,finished,94,448,32,Hills,28,IT,Albanese Vincenzo,https://www.procyclingstats.com/rider/vincenzo-albanese,EF Education - EasyPost,,,",,",399,17540
2,117,finished,87,409,125,Hills,37,SI,Mezgec Luka,https://www.procyclingstats.com/rider/luka-mezgec,Team Jayco AlUla,,,",,",399,17540
2,118,finished,154,770,226,GC,25,NO,Johannessen Anders Halland,https://www.procyclingstats.com/rider/anders-halland-johannessen,Uno-X Mobility,,,7:22,442,17583
2,119,finished,156,797,46,Classic,27,DE,Rutsch Jonas,https://www.procyclingstats.com/rider/jonas-rutsch,Intermarché - Wanty,,,7:49,469,17610
2,120,finished,158,797,45,Classic,25,BE,Rex Laurenz,https://www.procyclingstats.com/rider/laurenz-rex,Intermarché - Wanty,,,",,",469,17610
2,121,finished,168,870,26,GC,31,DE,Schachmann Maximilian,https://www.procyclingstats.com/rider/maximilian-schachmann,Soudal Quick-Step,,,",,",469,17610
2,122,finished,100,479,38,Hills,25,NL,van den Berg Marijn,https://www.procyclingstats.com/rider/marijn-van-den-berg,EF Education - EasyPost,,,",,",469,17610
2,123,finished,157,797,152,TT,31,FR,Armirail Bruno,https://www.procyclingstats.com/rider/bruno-armirail,Decathlon AG2R La Mondiale Team,,,",,",469,17610
2,124,finished,115,545,127,Classic,33,NL,Reinders Elmar,https://www.procyclingstats.com/rider/elmar-reinders,Team Jayco AlUla,,,",,",469,17610
2,125,finished,155,797,4,Classic,31,DE,Politt Nils,https://www.procyclingstats.com/rider/nils-politt,UAE Team Emirates - XRG,,,",,",469,17610
2,126,finished,161,797,5,GC,27,FR,Sivakov Pavel,https://www.procyclingstats.com/rider/pavel-sivakov,UAE Team Emirates - XRG,,,",,",469,17610
2,127,finished,98,479,116,Hills,24,DE,Mayrhofer Marius,https://www.procyclingstats.com/rider/marius-mayrhofer,Tudor Pro Cycling Team,,,",,",469,17610
2,128,finished,99,479,196,Sprint,26,DE,Märkl Niklas,https://www.procyclingstats.com/rider/niklas-markl,Team Picnic PostNL,,,",,",469,17610
2,129,finished,103,492,105,Classic,31,BE,Rickaert Jonas,https://www.procyclingstats.com/rider/jonas-rickaert,Alpecin - Deceuninck,,,",,",469,17610
2,130,finished,164,797,108,Climber,23,BE,Verstrynge Emiel,https://www.procyclingstats.com/rider/emiel-verstrynge,Alpecin - Deceuninck,,,",,",469,17610
2,131,finished,159,797,216,GC,34,AR,Sepúlveda Eduardo,https://www.procyclingstats.com/rider/eduardo-sepulveda,Lotto,,,",,",469,17610
2,132,finished,169,870,126,GC,24,AU,Plapp Luke,https://www.procyclingstats.com/rider/luke-plapp,Team Jayco AlUla,,,",,",469,17610
2,133,finished,116,545,78,Climber,29,RU,Vlasov Aleksandr,https://www.procyclingstats.com/rider/aleksandr-vlasov,Red Bull - BORA - hansgrohe,,,",,",469,17610
2,134,finished,108,518,165,Classic,26,FR,Renard Alexis,https://www.procyclingstats.com/rider/alexis-renard,Cofidis,,,",,",469,17610
2,135,finished,107,518,132,Classic,32,BE,Capiot Amaury,https://www.procyclingstats.com/rider/amaury-capiot,Arkéa - B&B Hotels,,,",,",469,17610
2,136,finished,160,797,215,Classic,26,BE,Grignard Sébastien,https://www.procyclingstats.com/rider/sebastien-grignard,Lotto,,,",,",469,17610
2,137,finished,117,545,56,Classic,30,SI,Mohorič Matej,https://www.procyclingstats.com/rider/matej-mohoric,Bahrain - Victorious,,,",,",469,17610
2,138,finished,110,518,144,TT,36,PT,Oliveira Nelson,https://www.procyclingstats.com/rider/nelson-oliveira,Movistar Team,,,",,",469,17610
2,139,finished,162,797,176,Climber,27,CO,Higuita Sergio,https://www.procyclingstats.com/rider/sergio-higuita,XDS Astana Team,,,",,",469,17610
2,140,finished,120,613,76,Classic,25,NL,van Dijke Mick,https://www.procyclingstats.com/rider/mick-van-dijke,Red Bull - BORA - hansgrohe,,,",,",469,17610
2,141,finished,163,797,197,GC,26,NL,Naberman Tim,https://www.procyclingstats.com/rider/tim-naberman,Team Picnic PostNL,,,",,",469,17610
2,142,finished,171,870,83,Hills,22,BE,Nys Thibau,https://www.procyclingstats.com/rider/thibau-nys,Lidl - Trek,,,",,",469,17610
2,143,finished,118,565,43,Classic,24,BE,Braet Vito,https://www.procyclingstats.com/rider/vito-braet,Intermarché - Wanty,,,",,",469,17610
2,144,finished,109,518,213,Classic,31,BE,De Buyst Jasper,https://www.procyclingstats.com/rider/jasper-de-buyst,Lotto,,,",,",469,17610
2,145,finished,111,518,217,Climber,23,BE,Van Eetvelt Lennert,https://www.procyclingstats.com/rider/lennert-van-eetvelt,Lotto,,,",,",469,17610
2,146,finished,170,870,47,GC,24,NL,van Sintmaartensdijk Roel,https://www.procyclingstats.com/rider/roel-van-sintmaartensdijk,Intermarché - Wanty,,,",,",469,17610
2,147,finished,119,577,194,GC,25,GB,Flynn Sean,https://www.procyclingstats.com/rider/sean-flynn,Team Picnic PostNL,,,8:48,528,17669
2,148,finished,172,929,188,Hills,24,FR,Vercher Mattéo,https://www.procyclingstats.com/rider/matheo-vercher,TotalEnergies,,,",,",528,17669
2,149,finished,173,943,147,GC,21,ES,Romeo Iván,https://www.procyclingstats.com/rider/ivan-romeo,Movistar Team,,,9:02,542,17683
2,150,finished,174,950,117,Climber,28,AU,Storer Michael,https://www.procyclingstats.com/rider/michael-storer,Tudor Pro Cycling Team,,,10:22,622,17763
2,151,finished,150,725,82,Classic,30,IT,Consonni Simone,https://www.procyclingstats.com/rider/simone-consonni,Lidl - Trek,,,",,",622,17763
2,152,finished,135,703,115,Classic,31,CH,Lienhard Fabian,https://www.procyclingstats.com/rider/fabian-lienhard,Tudor Pro Cycling Team,,,10:54,654,17795
2,153,finished,179,1055,102,Classic,34,CH,Dillier Silvan,https://www.procyclingstats.com/rider/silvan-dillier,Alpecin - Deceuninck,,,",,",654,17795
2,154,finished,134,703,134,Classic,33,FR,Démare Arnaud,https://www.procyclingstats.com/rider/arnaud-demare,Arkéa - B&B Hotels,,,",,",654,17795
2,155,finished,175,982,148,Climber,27,CO,Rubio Einer,https://www.procyclingstats.com/rider/einer-rubio,Movistar Team,,,",,",654,17795
2,156,finished,136,703,218,Classic,27,BE,Van Moer Brent,https://www.procyclingstats.com/rider/brent-van-moer,Lotto,,,",,",654,17795
2,157,finished,129,667,145,Classic,29,ES,García Cortina Iván,https://www.procyclingstats.com/rider/ivan-garcia-cortina,Movistar Team,,,10:57,657,17798
2,158,finished,153,753,88,Classic,34,BE,Theuns Edward,https://www.procyclingstats.com/rider/edward-theuns,Lidl - Trek,,,",,",657,17798
2,159,finished,139,706,24,Sprint,32,BE,Merlier Tim,https://www.procyclingstats.com/rider/tim-merlier,Soudal Quick-Step,,,",,",657,17798
2,160,finished,130,667,224,Sprint,22,NO,Edvardsen-Fredheim Stian,https://www.procyclingstats.com/rider/stian-fredheim,Uno-X Mobility,,,",,",657,17798
2,161,finished,151,733,27,Classic,32,BE,Van Lerberghe Bert,https://www.procyclingstats.com/rider/bert-van-lerberghe,Soudal Quick-Step,,,",,",657,17798
2,162,finished,146,706,124,Sprint,32,NL,Groenewegen Dylan,https://www.procyclingstats.com/rider/dylan-groenewegen,Team Jayco AlUla,,,",,",657,17798
2,163,finished,166,813,53,TT,34,PL,Gradek Kamil,https://www.procyclingstats.com/rider/kamil-gradek,Bahrain - Victorious,,,",,",657,17798
2,164,finished,177,985,174,Climber,27,FR,Champoussin Clément,https://www.procyclingstats.com/rider/clement-champoussin,XDS Astana Team,,,",,",657,17798
2,165,finished,141,706,77,Sprint,31,NL,van Poppel Danny,https://www.procyclingstats.com/rider/danny-van-poppel,Red Bull - BORA - hansgrohe,,,",,",657,17798
2,166,finished,133,692,12,TT,29,IT,Affini Edoardo,https://www.procyclingstats.com/rider/edoardo-affini,Team Visma | Lease a Bike,,,",,",657,17798
2,167,finished,180,1058,142,TT,29,US,Barta Will,https://www.procyclingstats.com/rider/william-barta,Movistar Team,,,",,",657,17798
2,168,finished,140,706,211,Classic,23,BE,De Lie Arnaud,https://www.procyclingstats.com/rider/arnaud-de-lie,Lotto,,,",,",657,17798
2,169,finished,149,706,214,GC,26,AU,Drizners Jarrad,https://www.procyclingstats.com/rider/jarrad-drizners,Lotto,,,",,",657,17798
2,170,finished,147,706,204,Classic,36,CA,Boivin Guillaume,https://www.procyclingstats.com/rider/guillaume-boivin,Israel - Premier Tech,,,",,",657,17798
2,171,finished,178,985,143,Climber,24,ES,Castrillo Pablo,https://www.procyclingstats.com/rider/pablo-castrillo-zapater,Movistar Team,,,",,",657,17798
2,172,finished,131,667,202,Sprint,31,DE,Ackermann Pascal,https://www.procyclingstats.com/rider/pascal-ackermann,Israel - Premier Tech,,,",,",657,17798
2,173,finished,142,706,73,Classic,27,BE,Meeus Jordi,https://www.procyclingstats.com/rider/jordi-meeus,Red Bull - BORA - hansgrohe,,,",,",657,17798
2,174,finished,144,706,52,Sprint,30,DE,Bauhaus Phil,https://www.procyclingstats.com/rider/phil-bauhaus,Bahrain - Victorious,,,",,",657,17798
2,175,finished,148,706,223,Hills,32,DK,Cort Magnus,https://www.procyclingstats.com/rider/magnus-cort-nielsen,Uno-X Mobility,,,",,",657,17798
2,176,finished,145,706,112,Sprint,27,IT,Dainese Alberto,https://www.procyclingstats.com/rider/alberto-dainese,Tudor Pro Cycling Team,,,",,",657,17798
2,177,finished,176,985,227,GC,26,NO,Leknessund Andreas,https://www.procyclingstats.com/rider/andreas-leknessund,Uno-X Mobility,,,",,",657,17798
2,178,finished,132,667,113,Classic,34,AT,Haller Marco,https://www.procyclingstats.com/rider/marco-haller,Tudor Pro Cycling Team,,,",,",657,17798
2,179,finished,181,1058,175,Classic,25,KZ,Fedorov Yevgeniy,https://www.procyclingstats.com/rider/yevgeniy-fedorov,XDS Astana Team,,,",,",657,17798
2,180,finished,127,663,228,Classic,25,NO,Wærenskjold Søren,https://www.procyclingstats.com/rider/soren-waerenskjold,Uno-X Mobility,,,",,",657,17798
2,181,finished,182,1077,173,Sprint,29,NL,Bol Cees,https://www.procyclingstats.com/rider/cees-bol,XDS Astana Team,,,11:16,676,17817
2,182,finished,143,706,172,Classic,30,IT,Ballerini Davide,https://www.procyclingstats.com/rider/davide-ballerini,XDS Astana Team,,,",,",676,17817
3,1,finished,133,696,24,Sprint,32,BE,Merlier Tim,https://www.procyclingstats.com/rider/tim-merlier,Soudal Quick-Step,210.0,100.0,4:16:55,0,15415
3,2,finished,71,337,81,Sprint,24,IT,Milan Jonathan,https://www.procyclingstats.com/rider/jonathan-milan,Lidl - Trek,150.0,70.0,",,",0,15415
3,3,finished,134,702,52,Sprint,30,DE,Bauhaus Phil,https://www.procyclingstats.com/rider/phil-bauhaus,Bahrain - Victorious,110.0,50.0,",,",0,15415
3,4,finished,126,663,228,Classic,25,NO,Wærenskjold Søren,https://www.procyclingstats.com/rider/soren-waerenskjold,Uno-X Mobility,90.0,40.0,",,",0,15415
3,5,finished,62,296,193,Sprint,22,CZ,Bittner Pavel,https://www.procyclingstats.com/rider/pavel-bittner,Team Picnic PostNL,70.0,32.0,",,",0,15415
3,6,finished,70,329,41,Classic,25,ER,Girmay Biniam,https://www.procyclingstats.com/rider/biniam-girmay,Intermarché - Wanty,55.0,26.0,",,",0,15415
3,7,finished,36,99,103,Hills,26,AU,Groves Kaden,https://www.procyclingstats.com/rider/kaden-groves,Alpecin - Deceuninck,45.0,22.0,",,",0,15415
3,8,finished,128,667,202,Sprint,31,DE,Ackermann Pascal,https://www.procyclingstats.com/rider/pascal-ackermann,Israel - Premier Tech,40.0,18.0,",,",0,15415
3,9,finished,106,518,132,Classic,32,BE,Capiot Amaury,https://www.procyclingstats.com/rider/amaury-capiot,Arkéa - B&B Hotels,35.0,14.0,",,",0,15415
3,10,finished,140,706,112,Sprint,27,IT,Dainese Alberto,https://www.procyclingstats.com/rider/alberto-dainese,Tudor Pro Cycling Team,30.0,10.0,",,",0,15415
3,11,finished,44,143,195,Classic,22,DK,Andresen Tobias Lund,https://www.procyclingstats.com/rider/tobias-lund-andresen,Team Picnic PostNL,25.0,8.0,",,",0,15415
3,12,finished,49,202,158,Classic,23,FR,Tronchon Bastien,https://www.procyclingstats.com/rider/bastien-tronchon,Decathlon AG2R La Mondiale Team,20.0,6.0,",,",0,15415
3,13,finished,141,706,124,Sprint,32,NL,Groenewegen Dylan,https://www.procyclingstats.com/rider/dylan-groenewegen,Team Jayco AlUla,15.0,4.0,",,",0,15415
3,14,finished,111,530,208,Hills,25,GB,Stewart Jake,https://www.procyclingstats.com/rider/jake-stewart,Israel - Premier Tech,10.0,2.0,",,",0,15415
3,15,finished,46,163,168,Classic,29,FR,Touzé Damien,https://www.procyclingstats.com/rider/damien-touze,Cofidis,5.0,1.0,",,",0,15415
3,16,finished,179,1058,175,Classic,25,KZ,Fedorov Yevgeniy,https://www.procyclingstats.com/rider/yevgeniy-fedorov,XDS Astana Team,,,",,",0,15415
3,17,finished,51,212,187,Classic,31,FR,Turgis Anthony,https://www.procyclingstats.com/rider/anthony-turgis,TotalEnergies,,,",,",0,15415
3,18,finished,97,479,196,Sprint,26,DE,Märkl Niklas,https://www.procyclingstats.com/rider/niklas-markl,Team Picnic PostNL,,,",,",0,15415
3,19,finished,52,212,33,TT,30,DK,Asgreen Kasper,https://www.procyclingstats.com/rider/kasper-asgreen,EF Education - EasyPost,,,",,",0,15415
3,20,finished,63,313,98,Classic,30,FR,Russo Clément,https://www.procyclingstats.com/rider/clement-russo,Groupama - FDJ,,,",,",0,15415
3,21,finished,65,313,93,Hills,29,FR,Barthe Cyril,https://www.procyclingstats.com/rider/cyril-barthe,Groupama - FDJ,,,",,",0,15415
3,22,finished,102,492,105,Classic,31,BE,Rickaert Jonas,https://www.procyclingstats.com/rider/jonas-rickaert,Alpecin - Deceuninck,,,",,",0,15415
3,23,finished,1,0,106,Classic,30,NL,van der Poel Mathieu,https://www.procyclingstats.com/rider/mathieu-van-der-poel,Alpecin - Deceuninck,,,",,",0,15415
3,24,finished,37,99,68,Hills,23,GB,Watson Samuel,https://www.procyclingstats.com/rider/samuel-watson,INEOS Grenadiers,,,",,",0,15415
3,25,finished,78,358,222,Classic,29,NO,Abrahamsen Jonas,https://www.procyclingstats.com/rider/jonas-abrahamsen,Uno-X Mobility,,,",,",0,15415
3,26,finished,40,107,138,Classic,31,FR,Venturini Clément,https://www.procyclingstats.com/rider/clement-venturini,Arkéa - B&B Hotels,,,",,",0,15415
3,27,finished,64,313,118,Classic,35,IT,Trentin Matteo,https://www.procyclingstats.com/rider/matteo-trentin,Tudor Pro Cycling Team,,,",,",0,15415
3,28,finished,149,725,82,Classic,30,IT,Consonni Simone,https://www.procyclingstats.com/rider/simone-consonni,Lidl - Trek,,,",,",0,15415
3,29,finished,129,667,224,Sprint,22,NO,Edvardsen-Fredheim Stian,https://www.procyclingstats.com/rider/stian-fredheim,Uno-X Mobility,,,",,",0,15415
3,30,finished,26,80,58,Hills,26,GB,Wright Fred,https://www.procyclingstats.com/rider/alfred-wright,Bahrain - Victorious,,,",,",0,15415
3,31,finished,135,703,115,Classic,31,CH,Lienhard Fabian,https://www.procyclingstats.com/rider/fabian-lienhard,Tudor Pro Cycling Team,,,",,",0,15415
3,32,finished,92,448,32,Hills,28,IT,Albanese Vincenzo,https://www.procyclingstats.com/rider/vincenzo-albanese,EF Education - EasyPost,,,",,",0,15415
3,33,finished,101,491,198,GC,24,NL,van den Broek Frank,https://www.procyclingstats.com/rider/frank-van-den-broek,Team Picnic PostNL,,,",,",0,15415
3,34,finished,114,545,127,Classic,33,NL,Reinders Elmar,https://www.procyclingstats.com/rider/elmar-reinders,Team Jayco AlUla,,,",,",0,15415
3,35,finished,89,446,65,Hills,24,FR,Laurance Axel,https://www.procyclingstats.com/rider/axel-laurance,INEOS Grenadiers,,,",,",0,15415
3,36,finished,142,706,77,Sprint,31,NL,van Poppel Danny,https://www.procyclingstats.com/rider/danny-van-poppel,Red Bull - BORA - hansgrohe,,,",,",0,15415
3,37,finished,117,565,43,Classic,24,BE,Braet Vito,https://www.procyclingstats.com/rider/vito-braet,Intermarché - Wanty,,,",,",0,15415
3,38,finished,152,753,88,Classic,34,BE,Theuns Edward,https://www.procyclingstats.com/rider/edward-theuns,Lidl - Trek,,,",,",0,15415
3,39,finished,66,313,87,Classic,33,BE,Stuyven Jasper,https://www.procyclingstats.com/rider/jasper-stuyven,Lidl - Trek,,,",,",0,15415
3,40,finished,107,518,213,Classic,31,BE,De Buyst Jasper,https://www.procyclingstats.com/rider/jasper-de-buyst,Lotto,,,",,",0,15415
3,41,finished,150,733,27,Classic,32,BE,Van Lerberghe Bert,https://www.procyclingstats.com/rider/bert-van-lerberghe,Soudal Quick-Step,,,",,",0,15415
3,42,finished,82,374,44,Classic,23,FR,Page Hugo,https://www.procyclingstats.com/rider/hugo-page,Intermarché - Wanty,,,",,",0,15415
3,43,finished,144,706,204,Classic,36,CA,Boivin Guillaume,https://www.procyclingstats.com/rider/guillaume-boivin,Israel - Premier Tech,,,",,",0,15415
3,44,finished,74,352,63,TT,28,NO,Foss Tobias,https://www.procyclingstats.com/rider/tobias-foss,INEOS Grenadiers,,,",,",0,15415
3,45,finished,86,409,125,Hills,37,SI,Mezgec Luka,https://www.procyclingstats.com/rider/luka-mezgec,Team Jayco AlUla,-25.0,,",,",0,15415
3,46,finished,72,352,205,Classic,25,FR,Louvel Matis,https://www.procyclingstats.com/rider/matis-louvel,Israel - Premier Tech,,,",,",0,15415
3,47,finished,57,240,57,Hills,26,AU,Stannard Robert,https://www.procyclingstats.com/rider/robert-stannard,Bahrain - Victorious,,,",,",0,15415
3,48,finished,48,190,86,Classic,34,LV,Skujiņš Toms,https://www.procyclingstats.com/rider/toms-skujins,Lidl - Trek,,,",,",0,15415
3,49,finished,151,736,92,Classic,24,GB,Askey Lewis,https://www.procyclingstats.com/rider/lewis-askey,Groupama - FDJ,,,",,",0,15415
3,50,finished,143,706,211,Classic,23,BE,De Lie Arnaud,https://www.procyclingstats.com/rider/arnaud-de-lie,Lotto,,,",,",0,15415
3,51,finished,73,352,155,Classic,34,BE,Naesen Oliver,https://www.procyclingstats.com/rider/oliver-naesen,Decathlon AG2R La Mondiale Team,,,",,",0,15415
3,52,finished,137,703,218,Classic,27,BE,Van Moer Brent,https://www.procyclingstats.com/rider/brent-van-moer,Lotto,,,",,",0,15415
3,53,finished,118,577,194,GC,25,GB,Flynn Sean,https://www.procyclingstats.com/rider/sean-flynn,Team Picnic PostNL,,,",,",0,15415
3,54,finished,165,813,53,TT,34,PL,Gradek Kamil,https://www.procyclingstats.com/rider/kamil-gradek,Bahrain - Victorious,,,",,",0,15415
3,55,finished,120,631,136,Hills,24,FR,Le Berre Mathis,https://www.procyclingstats.com/rider/mathis-le-berre,Arkéa - B&B Hotels,,,",,",0,15415
3,56,finished,121,631,167,TT,29,FR,Thomas Benjamin,https://www.procyclingstats.com/rider/benjamin-thomas-2,Cofidis,,,",,",0,15415
3,57,finished,145,706,214,GC,26,AU,Drizners Jarrad,https://www.procyclingstats.com/rider/jarrad-drizners,Lotto,,,",,",0,15415
3,58,finished,53,212,207,Classic,30,LV,Neilands Krists,https://www.procyclingstats.com/rider/krists-neilands,Israel - Premier Tech,,,",,",0,15415
3,59,finished,154,797,4,Classic,31,DE,Politt Nils,https://www.procyclingstats.com/rider/nils-politt,UAE Team Emirates - XRG,,,",,",0,15415
3,60,finished,155,797,46,Classic,27,DE,Rutsch Jonas,https://www.procyclingstats.com/rider/jonas-rutsch,Intermarché - Wanty,,,",,",0,15415
3,61,finished,167,870,26,GC,31,DE,Schachmann Maximilian,https://www.procyclingstats.com/rider/maximilian-schachmann,Soudal Quick-Step,,,",,",0,15415
3,62,finished,98,479,116,Hills,24,DE,Mayrhofer Marius,https://www.procyclingstats.com/rider/marius-mayrhofer,Tudor Pro Cycling Team,,,",,",0,15415
3,63,finished,25,80,66,GC,24,ES,Rodríguez Carlos,https://www.procyclingstats.com/rider/carlos-rodriguez-cano,INEOS Grenadiers,,,",,",0,15415
3,64,finished,7,41,203,GC,22,GB,Blackmore Joseph,https://www.procyclingstats.com/rider/joseph-blackmore,Israel - Premier Tech,,,",,",0,15415
3,65,finished,99,479,38,Hills,25,NL,van den Berg Marijn,https://www.procyclingstats.com/rider/marijn-van-den-berg,EF Education - EasyPost,,,",,",0,15415
3,66,finished,38,99,13,Classic,31,BE,Benoot Tiesj,https://www.procyclingstats.com/rider/tiesj-benoot,Team Visma | Lease a Bike,,,",,",0,15415
3,67,finished,10,49,161,GC,32,DE,Buchmann Emanuel,https://www.procyclingstats.com/rider/emanuel-buchmann,Cofidis,,,",,",0,15415
3,68,finished,79,359,137,GC,30,ES,Rodríguez Cristián,https://www.procyclingstats.com/rider/cristian-rodriguez,Arkéa - B&B Hotels,,,",,",0,15415
3,69,finished,14,49,91,Climber,32,FR,Martin Guillaume,https://www.procyclingstats.com/rider/guillaume-martin,Groupama - FDJ,,,",,",0,15415
3,70,finished,3,6,11,GC,28,DK,Vingegaard Jonas,https://www.procyclingstats.com/rider/jonas-vingegaard,Team Visma | Lease a Bike,,,",,",0,15415
3,71,finished,2,4,1,Climber,26,SI,Pogačar Tadej,https://www.procyclingstats.com/rider/tadej-pogacar,UAE Team Emirates - XRG,,,",,",0,15415
3,72,finished,67,328,96,Hills,33,FR,Pacher Quentin,https://www.procyclingstats.com/rider/quentin-pacher,Groupama - FDJ,,,",,",0,15415
3,73,finished,27,80,95,Classic,28,FR,Madouas Valentin,https://www.procyclingstats.com/rider/valentin-madouas,Groupama - FDJ,,,",,",0,15415
3,74,finished,156,797,216,GC,34,AR,Sepúlveda Eduardo,https://www.procyclingstats.com/rider/eduardo-sepulveda,Lotto,,,",,",0,15415
3,75,finished,11,49,156,GC,29,FR,Paret-Peintre Aurélien,https://www.procyclingstats.com/rider/aurelien-paret-peintre,Decathlon AG2R La Mondiale Team,,,",,",0,15415
3,76,finished,68,328,94,Classic,22,FR,Grégoire Romain,https://www.procyclingstats.com/rider/romain-gregoire,Groupama - FDJ,,,",,",0,15415
3,77,finished,166,864,55,Climber,21,FR,Martinez Lenny,https://www.procyclingstats.com/rider/lenny-martinez,Bahrain - Victorious,,,",,",0,15415
3,78,finished,60,278,192,Climber,33,FR,Barguil Warren,https://www.procyclingstats.com/rider/warren-barguil,Team Picnic PostNL,,,",,",0,15415
3,79,finished,12,49,35,Classic,28,US,Powless Neilson,https://www.procyclingstats.com/rider/neilson-powless,EF Education - EasyPost,,,",,",0,15415
3,80,finished,168,870,47,GC,24,NL,van Sintmaartensdijk Roel,https://www.procyclingstats.com/rider/roel-van-sintmaartensdijk,Intermarché - Wanty,,,",,",0,15415
3,81,finished,13,49,191,GC,22,GB,Onley Oscar,https://www.procyclingstats.com/rider/oscar-onley,Team Picnic PostNL,,,",,",0,15415
3,82,finished,112,530,135,Climber,24,ES,García Pierna Raúl,https://www.procyclingstats.com/rider/raul-garcia-pierna,Arkéa - B&B Hotels,,,",,",0,15415
3,83,finished,157,797,215,Classic,26,BE,Grignard Sébastien,https://www.procyclingstats.com/rider/sebastien-grignard,Lotto,,,",,",0,15415
3,84,finished,136,703,134,Classic,33,FR,Démare Arnaud,https://www.procyclingstats.com/rider/arnaud-demare,Arkéa - B&B Hotels,,,",,",0,15415
3,85,finished,138,704,42,Classic,25,FR,Barré Louis,https://www.procyclingstats.com/rider/louis-barre,Intermarché - Wanty,,,",,",0,15415
3,86,finished,4,10,131,GC,24,FR,Vauquelin Kévin,https://www.procyclingstats.com/rider/kevin-vauquelin,Arkéa - B&B Hotels,,,",,",0,15415
3,87,finished,29,80,181,GC,29,BE,Cras Steff,https://www.procyclingstats.com/rider/steff-cras,TotalEnergies,,,",,",0,15415
3,88,finished,116,545,56,Classic,30,SI,Mohorič Matej,https://www.procyclingstats.com/rider/matej-mohoric,Bahrain - Victorious,,,",,",0,15415
3,89,finished,84,401,111,Classic,33,FR,Alaphilippe Julian,https://www.procyclingstats.com/rider/julian-alaphilippe,Tudor Pro Cycling Team,,,",,",0,15415
3,90,finished,132,692,12,TT,29,IT,Affini Edoardo,https://www.procyclingstats.com/rider/edoardo-affini,Team Visma | Lease a Bike,,,",,",0,15415
3,91,finished,17,49,212,Classic,24,BE,Berckmoes Jenno,https://www.procyclingstats.com/rider/jenno-berckmoes,Lotto,,,",,",0,15415
3,92,finished,115,545,78,Climber,29,RU,Vlasov Aleksandr,https://www.procyclingstats.com/rider/aleksandr-vlasov,Red Bull - BORA - hansgrohe,,,",,",0,15415
3,93,finished,16,49,51,Climber,25,CO,Buitrago Santiago,https://www.procyclingstats.com/rider/santiago-buitrago-sanchez,Bahrain - Victorious,,,",,",0,15415
3,94,finished,28,80,186,Climber,26,FR,Jegat Jordan,https://www.procyclingstats.com/rider/jordan-jegat,TotalEnergies,,,",,",0,15415
3,95,finished,41,138,31,Climber,24,IE,Healy Ben,https://www.procyclingstats.com/rider/ben-healy,EF Education - EasyPost,,,",,",0,15415
3,96,finished,47,188,7,GC,34,BE,Wellens Tim,https://www.procyclingstats.com/rider/tim-wellens,UAE Team Emirates - XRG,,,",,",0,15415
3,97,finished,58,251,184,GC,24,FR,Gachignard Thomas,https://www.procyclingstats.com/rider/thomas-gachignard,TotalEnergies,,,",,",0,15415
3,98,finished,19,49,183,Classic,27,FR,Delettre Alexandre,https://www.procyclingstats.com/rider/alexandre-delettre,TotalEnergies,,,",,",0,15415
3,99,finished,96,459,6,Climber,31,ES,Soler Marc,https://www.procyclingstats.com/rider/marc-soler,UAE Team Emirates - XRG,,,",,",0,15415
3,100,finished,108,518,144,TT,36,PT,Oliveira Nelson,https://www.procyclingstats.com/rider/nelson-oliveira,Movistar Team,,,",,",0,15415
3,101,finished,15,49,2,GC,26,PT,Almeida João,https://www.procyclingstats.com/rider/joao-almeida,UAE Team Emirates - XRG,,,",,",0,15415
3,102,finished,8,41,221,Climber,25,NO,Johannessen Tobias Halland,https://www.procyclingstats.com/rider/tobias-halland-johannessen,Uno-X Mobility,,,",,",0,15415
3,103,finished,30,80,54,GC,31,AU,Haig Jack,https://www.procyclingstats.com/rider/jack-haig,Bahrain - Victorious,,,",,",0,15415
3,104,finished,158,797,5,GC,27,FR,Sivakov Pavel,https://www.procyclingstats.com/rider/pavel-sivakov,UAE Team Emirates - XRG,,,",,",0,15415
3,105,finished,59,258,17,Classic,30,BE,van Aert Wout,https://www.procyclingstats.com/rider/wout-van-aert,Team Visma | Lease a Bike,,,",,",0,15415
3,106,finished,95,454,14,TT,33,BE,Campenaerts Victor,https://www.procyclingstats.com/rider/victor-campenaerts,Team Visma | Lease a Bike,,,",,",0,15415
3,107,finished,75,352,225,Classic,30,NO,Hoelgaard Markus,https://www.procyclingstats.com/rider/markus-hoelgaard,Uno-X Mobility,,,",,",0,15415
3,108,finished,100,490,18,Climber,32,GB,Yates Simon,https://www.procyclingstats.com/rider/simon-yates,Team Visma | Lease a Bike,,,",,",0,15415
3,109,finished,34,80,16,Climber,30,US,Kuss Sepp,https://www.procyclingstats.com/rider/sepp-kuss,Team Visma | Lease a Bike,,,",,",0,15415
3,110,finished,45,143,37,Classic,33,DK,Valgren Michael,https://www.procyclingstats.com/rider/michael-valgren-andersen,EF Education - EasyPost,,,",,",0,15415
3,111,finished,81,368,128,Hills,25,CH,Schmid Mauro,https://www.procyclingstats.com/rider/mauro-schmid,Team Jayco AlUla,,,",,",0,15415
3,112,finished,31,80,166,GC,33,BE,Teuns Dylan,https://www.procyclingstats.com/rider/dylan-teuns,Cofidis,,,",,",0,15415
3,113,finished,175,985,174,Climber,27,FR,Champoussin Clément,https://www.procyclingstats.com/rider/clement-champoussin,XDS Astana Team,,,",,",0,15415
3,114,finished,113,530,133,GC,22,FR,Costiou Ewen,https://www.procyclingstats.com/rider/ewen-costiou,Arkéa - B&B Hotels,,,",,",0,15415
3,115,finished,77,352,23,Classic,28,NL,Eenkhoorn Pascal,https://www.procyclingstats.com/rider/pascal-eenkhoorn,Soudal Quick-Step,,,",,",0,15415
3,116,finished,20,49,151,Climber,27,AT,Gall Felix,https://www.procyclingstats.com/rider/felix-gall,Decathlon AG2R La Mondiale Team,,,",,",0,15415
3,117,finished,173,950,117,Climber,28,AU,Storer Michael,https://www.procyclingstats.com/rider/michael-storer,Tudor Pro Cycling Team,,,",,",0,15415
3,118,finished,131,667,113,Classic,34,AT,Haller Marco,https://www.procyclingstats.com/rider/marco-haller,Tudor Pro Cycling Team,,,",,",0,15415
3,119,finished,90,447,164,GC,36,ES,Izagirre Ion,https://www.procyclingstats.com/rider/ion-izagirre,Cofidis,,,",,",0,15415
3,120,finished,171,929,188,Hills,24,FR,Vercher Mattéo,https://www.procyclingstats.com/rider/matheo-vercher,TotalEnergies,,,",,",0,15415
3,121,finished,69,328,206,GC,32,KZ,Lutsenko Alexey,https://www.procyclingstats.com/rider/aleksey-lutsenko,Israel - Premier Tech,,,",,",0,15415
3,122,finished,105,506,146,GC,31,AT,Mühlberger Gregor,https://www.procyclingstats.com/rider/gregor-muhlberger,Movistar Team,,,",,",0,15415
3,123,finished,122,631,8,Climber,32,GB,Yates Adam,https://www.procyclingstats.com/rider/adam-yates,UAE Team Emirates - XRG,,,",,",0,15415
3,124,finished,18,49,85,Climber,24,DK,Skjelmose Mattias,https://www.procyclingstats.com/rider/mattias-skjelmose-jensen,Lidl - Trek,,,",,",0,15415
3,125,finished,169,870,83,Hills,22,BE,Nys Thibau,https://www.procyclingstats.com/rider/thibau-nys,Lidl - Trek,,,",,",0,15415
3,126,finished,153,770,226,GC,25,NO,Johannessen Anders Halland,https://www.procyclingstats.com/rider/anders-halland-johannessen,Uno-X Mobility,,,",,",0,15415
3,127,finished,176,985,227,GC,26,NO,Leknessund Andreas,https://www.procyclingstats.com/rider/andreas-leknessund,Uno-X Mobility,,,",,",0,15415
3,128,finished,127,663,84,Hills,24,US,Simmons Quinn,https://www.procyclingstats.com/rider/quinn-simmons,Lidl - Trek,,,",,",0,15415
3,129,finished,83,398,122,GC,28,IE,Dunbar Eddie,https://www.procyclingstats.com/rider/edward-irl-dunbar,Team Jayco AlUla,,,",,",0,15415
3,130,finished,9,41,121,GC,29,AU,O'Connor Ben,https://www.procyclingstats.com/rider/ben-o-connor,Team Jayco AlUla,,,",,",0,15415
3,131,finished,6,10,141,Climber,30,ES,Mas Enric,https://www.procyclingstats.com/rider/enric-mas,Movistar Team,,,",,",0,15415
3,132,finished,42,138,3,Hills,28,EC,Narváez Jhonatan,https://www.procyclingstats.com/rider/jhonatan-narvaez,UAE Team Emirates - XRG,,,",,",0,15415
3,133,finished,130,667,145,Classic,29,ES,García Cortina Iván,https://www.procyclingstats.com/rider/ivan-garcia-cortina,Movistar Team,,,",,",0,15415
3,134,finished,56,214,104,GC,33,BE,Meurisse Xandro,https://www.procyclingstats.com/rider/xandro-meurisse,Alpecin - Deceuninck,,,",,",0,15415
3,135,finished,76,352,107,Classic,32,BE,Vermeersch Gianni,https://www.procyclingstats.com/rider/gianni-vermeersch,Alpecin - Deceuninck,,,",,",0,15415
3,136,finished,39,99,36,GC,26,AU,Sweeny Harry,https://www.procyclingstats.com/rider/harry-sweeny,EF Education - EasyPost,,,",,",0,15415
3,137,finished,160,797,108,Climber,23,BE,Verstrynge Emiel,https://www.procyclingstats.com/rider/emiel-verstrynge,Alpecin - Deceuninck,,,",,",0,15415
3,138,finished,5,10,15,GC,26,US,Jorgenson Matteo,https://www.procyclingstats.com/rider/matteo-jorgenson,Team Visma | Lease a Bike,,,",,",0,15415
3,139,finished,180,1058,142,TT,29,US,Barta Will,https://www.procyclingstats.com/rider/william-barta,Movistar Team,,,",,",0,15415
3,140,finished,178,1055,102,Classic,34,CH,Dillier Silvan,https://www.procyclingstats.com/rider/silvan-dillier,Alpecin - Deceuninck,,,",,",0,15415
3,141,finished,87,411,34,Climber,24,FR,Baudin Alex,https://www.procyclingstats.com/rider/alex-baudin,EF Education - EasyPost,,,",,",0,15415
3,142,finished,125,653,25,Climber,24,FR,Paret-Peintre Valentin,https://www.procyclingstats.com/rider/valentin-paret-peintre,Soudal Quick-Step,,,",,",0,15415
3,143,finished,139,704,201,Climber,38,CA,Woods Michael,https://www.procyclingstats.com/rider/michael-woods,Israel - Premier Tech,,,",,",0,15415
3,144,finished,147,706,223,Hills,32,DK,Cort Magnus,https://www.procyclingstats.com/rider/magnus-cort-nielsen,Uno-X Mobility,,,",,",0,15415
3,145,finished,22,49,72,GC,24,DE,Lipowitz Florian,https://www.procyclingstats.com/rider/florian-lipowitz,Red Bull - BORA - hansgrohe,,,",,",0,15415
3,146,finished,109,518,217,Climber,23,BE,Van Eetvelt Lennert,https://www.procyclingstats.com/rider/lennert-van-eetvelt,Lotto,,,",,",0,15415
3,147,finished,24,49,114,Classic,26,CH,Hirschi Marc,https://www.procyclingstats.com/rider/marc-hirschi,Tudor Pro Cycling Team,,,",,",0,15415
3,148,finished,170,870,126,GC,24,AU,Plapp Luke,https://www.procyclingstats.com/rider/luke-plapp,Team Jayco AlUla,,,",,",0,15415
3,149,finished,23,49,71,Climber,35,SI,Roglič Primož,https://www.procyclingstats.com/rider/primoz-roglic,Red Bull - BORA - hansgrohe,,,",,",0,15415
3,150,finished,119,613,76,Classic,25,NL,van Dijke Mick,https://www.procyclingstats.com/rider/mick-van-dijke,Red Bull - BORA - hansgrohe,,,",,",0,15415
3,151,finished,172,943,147,GC,21,ES,Romeo Iván,https://www.procyclingstats.com/rider/ivan-romeo,Movistar Team,,,",,",0,15415
3,152,finished,174,982,148,Climber,27,CO,Rubio Einer,https://www.procyclingstats.com/rider/einer-rubio,Movistar Team,,,",,",0,15415
3,153,finished,177,985,143,Climber,24,ES,Castrillo Pablo,https://www.procyclingstats.com/rider/pablo-castrillo-zapater,Movistar Team,,,",,",0,15415
3,154,finished,88,432,182,Hills,26,FR,Burgaudeau Mathieu,https://www.procyclingstats.com/rider/mathieu-burgaudeau,TotalEnergies,,,",,",0,15415
3,155,finished,43,138,28,GC,25,BE,Van Wilder Ilan,https://www.procyclingstats.com/rider/ilan-van-wilder,Soudal Quick-Step,,,",,",0,15415
3,156,finished,164,800,123,TT,34,AU,Durbridge Luke,https://www.procyclingstats.com/rider/luke-durbridge,Team Jayco AlUla,,,",,",0,15415
3,157,finished,94,453,22,TT,34,IT,Cattaneo Mattia,https://www.procyclingstats.com/rider/mattia-cattaneo,Soudal Quick-Step,,,",,",0,15415
3,158,finished,21,49,21,Climber,25,BE,Evenepoel Remco,https://www.procyclingstats.com/rider/remco-evenepoel,Soudal Quick-Step,,,",,",0,15415
3,159,finished,146,706,172,Classic,30,IT,Ballerini Davide,https://www.procyclingstats.com/rider/davide-ballerini,XDS Astana Team,,,",,",0,15415
3,160,finished,181,1077,173,Sprint,29,NL,Bol Cees,https://www.procyclingstats.com/rider/cees-bol,XDS Astana Team,,,",,",0,15415
3,161,finished,54,212,177,Classic,32,NL,Teunissen Mike,https://www.procyclingstats.com/rider/mike-teunissen,XDS Astana Team,,,",,",0,15415
3,162,finished,80,359,171,Climber,28,CO,Tejada Harold,https://www.procyclingstats.com/rider/harold-tejada,XDS Astana Team,,,",,",0,15415
3,163,finished,85,401,178,Classic,29,IT,Velasco Simone,https://www.procyclingstats.com/rider/simone-velasco,XDS Astana Team,,,",,",0,15415
3,164,finished,162,797,176,Climber,27,CO,Higuita Sergio,https://www.procyclingstats.com/rider/sergio-higuita,XDS Astana Team,,,",,",0,15415
3,165,finished,61,283,157,GC,28,AU,Scotson Callum,https://www.procyclingstats.com/rider/callum-scotson,Decathlon AG2R La Mondiale Team,,,",,",0,15415
3,166,finished,91,447,74,Classic,31,IT,Moscon Gianni,https://www.procyclingstats.com/rider/gianni-moscon,Red Bull - BORA - hansgrohe,,,",,",0,15415
3,167,finished,50,202,162,Classic,29,ES,Aranburu Alex,https://www.procyclingstats.com/rider/alex-aranburu,Cofidis,,,",,",0,15415
3,168,finished,32,80,153,Climber,27,FR,Berthet Clément,https://www.procyclingstats.com/rider/clement-berthet,Decathlon AG2R La Mondiale Team,,,",,",0,15415
3,169,finished,159,797,152,TT,31,FR,Armirail Bruno,https://www.procyclingstats.com/rider/bruno-armirail,Decathlon AG2R La Mondiale Team,,,",,",0,15415
3,170,finished,163,797,197,GC,26,NL,Naberman Tim,https://www.procyclingstats.com/rider/tim-naberman,Team Picnic PostNL,,,",,",0,15415
3,171,finished,35,80,61,GC,39,GB,Thomas Geraint,https://www.procyclingstats.com/rider/geraint-thomas,INEOS Grenadiers,,,",,",0,15415
3,172,finished,123,631,62,GC,25,NL,Arensman Thymen,https://www.procyclingstats.com/rider/thymen-arensman,INEOS Grenadiers,,,",,",0,15415
3,173,finished,93,448,67,Classic,29,GB,Swift Connor,https://www.procyclingstats.com/rider/connor-swift,INEOS Grenadiers,,,",,",0,15415
3,174,finished,110,518,165,Classic,26,FR,Renard Alexis,https://www.procyclingstats.com/rider/alexis-renard,Cofidis,,,",,",0,15415
3,175,finished,33,80,163,Sprint,33,FR,Coquard Bryan,https://www.procyclingstats.com/rider/bryan-coquard,Cofidis,,,",,",0,15415
3,176,finished,55,212,97,Classic,23,FR,Penhoët Paul,https://www.procyclingstats.com/rider/paul-penhoet,Groupama - FDJ,,,",,",0,15415
3,177,finished,103,501,48,Classic,27,DE,Zimmermann Georg,https://www.procyclingstats.com/rider/georg-zimmermann,Intermarché - Wanty,,,",,",0,15415
3,178,finished,161,797,45,Classic,25,BE,Rex Laurenz,https://www.procyclingstats.com/rider/laurenz-rex,Intermarché - Wanty,,,",,",0,15415
3,179,finished,104,502,75,Classic,22,NZ,Pithie Laurence,https://www.procyclingstats.com/rider/laurence-pithie,Red Bull - BORA - hansgrohe,,,",,",0,15415
3,180,finished,148,706,73,Classic,27,BE,Meeus Jordi,https://www.procyclingstats.com/rider/jordi-meeus,Red Bull - BORA - hansgrohe,,,",,",0,15415
3,181,finished,124,631,185,Classic,26,FR,Jeannière Emilien,https://www.procyclingstats.com/rider/emilien-jeanniere,TotalEnergies,,,",,",0,15415
3,,DNF,,,101,Sprint,27,BE,Philipsen Jasper,https://www.procyclingstats.com/rider/jasper-philipsen,Alpecin - Deceuninck,,,,,
4,1,finished,2,0,1,Climber,26,SI,Pogačar Tadej,https://www.procyclingstats.com/rider/tadej-pogacar,UAE Team Emirates - XRG,210.0,100.0,3:50:29,0,13829
4,2,finished,1,0,106,Classic,30,NL,van der Poel Mathieu,https://www.procyclingstats.com/rider/mathieu-van-der-poel,Alpecin - Deceuninck,150.0,70.0,",,",0,13829
4,3,finished,3,8,11,GC,28,DK,Vingegaard Jonas,https://www.procyclingstats.com/rider/jonas-vingegaard,Team Visma | Lease a Bike,110.0,50.0,",,",0,13829
4,4,finished,7,55,191,GC,22,GB,Onley Oscar,https://www.procyclingstats.com/rider/oscar-onley,Team Picnic PostNL,90.0,40.0,",,",0,13829
4,5,finished,40,334,94,Classic,22,FR,Grégoire Romain,https://www.procyclingstats.com/rider/romain-gregoire,Groupama - FDJ,70.0,32.0,",,",0,13829
4,6,finished,8,55,2,GC,26,PT,Almeida João,https://www.procyclingstats.com/rider/joao-almeida,UAE Team Emirates - XRG,55.0,26.0,",,",0,13829
4,7,finished,9,58,21,Climber,25,BE,Evenepoel Remco,https://www.procyclingstats.com/rider/remco-evenepoel,Soudal Quick-Step,45.0,22.0,0:03,3,13832
4,8,finished,4,19,15,GC,26,US,Jorgenson Matteo,https://www.procyclingstats.com/rider/matteo-jorgenson,Team Visma | Lease a Bike,40.0,18.0,",,",3,13832
4,9,finished,10,62,85,Climber,24,DK,Skjelmose Mattias,https://www.procyclingstats.com/rider/mattias-skjelmose-jensen,Lidl - Trek,35.0,14.0,0:07,7,13836
4,10,finished,5,26,131,GC,24,FR,Vauquelin Kévin,https://www.procyclingstats.com/rider/kevin-vauquelin,Arkéa - B&B Hotels,30.0,10.0,0:10,10,13839
4,11,finished,37,294,17,Classic,30,BE,van Aert Wout,https://www.procyclingstats.com/rider/wout-van-aert,Team Visma | Lease a Bike,25.0,8.0,0:30,30,13859
4,12,finished,12,85,156,GC,29,FR,Paret-Peintre Aurélien,https://www.procyclingstats.com/rider/aurelien-paret-peintre,Decathlon AG2R La Mondiale Team,20.0,6.0,",,",30,13859
4,13,finished,46,447,34,Climber,24,FR,Baudin Alex,https://www.procyclingstats.com/rider/alex-baudin,EF Education - EasyPost,15.0,4.0,",,",30,13859
4,14,finished,30,174,3,Hills,28,EC,Narváez Jhonatan,https://www.procyclingstats.com/rider/jhonatan-narvaez,UAE Team Emirates - XRG,10.0,2.0,",,",30,13859
4,15,finished,11,77,221,Climber,25,NO,Johannessen Tobias Halland,https://www.procyclingstats.com/rider/tobias-halland-johannessen,Uno-X Mobility,5.0,1.0,",,",30,13859
4,16,finished,26,137,13,Classic,31,BE,Benoot Tiesj,https://www.procyclingstats.com/rider/tiesj-benoot,Team Visma | Lease a Bike,,,0:32,32,13861
4,17,finished,6,48,141,Climber,30,ES,Mas Enric,https://www.procyclingstats.com/rider/enric-mas,Movistar Team,,,",,",32,13861
4,18,finished,13,87,71,Climber,35,SI,Roglič Primož,https://www.procyclingstats.com/rider/primoz-roglic,Red Bull - BORA - hansgrohe,,,",,",32,13861
4,19,finished,43,366,206,GC,32,KZ,Lutsenko Alexey,https://www.procyclingstats.com/rider/aleksey-lutsenko,Israel - Premier Tech,,,",,",32,13861
4,20,finished,14,90,114,Classic,26,CH,Hirschi Marc,https://www.procyclingstats.com/rider/marc-hirschi,Tudor Pro Cycling Team,,,0:35,35,13864
4,21,finished,34,246,162,Classic,29,ES,Aranburu Alex,https://www.procyclingstats.com/rider/alex-aranburu,Cofidis,,,0:38,38,13867
4,22,finished,21,124,186,Climber,26,FR,Jegat Jordan,https://www.procyclingstats.com/rider/jordan-jegat,TotalEnergies,,,",,",38,13867
4,23,finished,53,491,65,Hills,24,FR,Laurance Axel,https://www.procyclingstats.com/rider/axel-laurance,INEOS Grenadiers,,,0:39,39,13868
4,24,finished,36,259,104,GC,33,BE,Meurisse Xandro,https://www.procyclingstats.com/rider/xandro-meurisse,Alpecin - Deceuninck,,,",,",39,13868
4,25,finished,89,1030,174,Climber,27,FR,Champoussin Clément,https://www.procyclingstats.com/rider/clement-champoussin,XDS Astana Team,,,",,",39,13868
4,26,finished,24,125,166,GC,33,BE,Teuns Dylan,https://www.procyclingstats.com/rider/dylan-teuns,Cofidis,,,",,",39,13868
4,27,finished,22,125,66,GC,24,ES,Rodríguez Carlos,https://www.procyclingstats.com/rider/carlos-rodriguez-cano,INEOS Grenadiers,,,",,",39,13868
4,28,finished,23,125,54,GC,31,AU,Haig Jack,https://www.procyclingstats.com/rider/jack-haig,Bahrain - Victorious,,,",,",39,13868
4,29,finished,18,109,212,Classic,24,BE,Berckmoes Jenno,https://www.procyclingstats.com/rider/jenno-berckmoes,Lotto,,,0:54,54,13883
4,30,finished,15,101,203,GC,22,GB,Blackmore Joseph,https://www.procyclingstats.com/rider/joseph-blackmore,Israel - Premier Tech,,,",,",54,13883
4,31,finished,45,419,137,GC,30,ES,Rodríguez Cristián,https://www.procyclingstats.com/rider/cristian-rodriguez,Arkéa - B&B Hotels,,,",,",54,13883
4,32,finished,19,109,151,Climber,27,AT,Gall Felix,https://www.procyclingstats.com/rider/felix-gall,Decathlon AG2R La Mondiale Team,,,",,",54,13883
4,33,finished,20,109,72,GC,24,DE,Lipowitz Florian,https://www.procyclingstats.com/rider/florian-lipowitz,Red Bull - BORA - hansgrohe,,,",,",54,13883
4,34,finished,17,109,51,Climber,25,CO,Buitrago Santiago,https://www.procyclingstats.com/rider/santiago-buitrago-sanchez,Bahrain - Victorious,,,",,",54,13883
4,35,finished,28,140,181,GC,29,BE,Cras Steff,https://www.procyclingstats.com/rider/steff-cras,TotalEnergies,,,",,",54,13883
4,36,finished,48,461,178,Classic,29,IT,Velasco Simone,https://www.procyclingstats.com/rider/simone-velasco,XDS Astana Team,,,",,",54,13883
4,37,finished,16,109,91,Climber,32,FR,Martin Guillaume,https://www.procyclingstats.com/rider/guillaume-martin,Groupama - FDJ,,,",,",54,13883
4,38,finished,27,140,95,Classic,28,FR,Madouas Valentin,https://www.procyclingstats.com/rider/valentin-madouas,Groupama - FDJ,,,",,",54,13883
4,39,finished,41,352,192,Climber,33,FR,Barguil Warren,https://www.procyclingstats.com/rider/warren-barguil,Team Picnic PostNL,,,1:08,68,13897
4,40,finished,25,136,161,GC,32,DE,Buchmann Emanuel,https://www.procyclingstats.com/rider/emanuel-buchmann,Cofidis,,,1:21,81,13910
4,41,finished,52,483,128,Hills,25,CH,Schmid Mauro,https://www.procyclingstats.com/rider/mauro-schmid,Team Jayco AlUla,,,1:49,109,13938
4,42,finished,55,513,122,GC,28,IE,Dunbar Eddie,https://www.procyclingstats.com/rider/edward-irl-dunbar,Team Jayco AlUla,,,",,",109,13938
4,43,finished,29,156,121,GC,29,AU,O'Connor Ben,https://www.procyclingstats.com/rider/ben-o-connor,Team Jayco AlUla,,,",,",109,13938
4,44,finished,76,819,42,Classic,25,FR,Barré Louis,https://www.procyclingstats.com/rider/louis-barre,Intermarché - Wanty,,,",,",109,13938
4,45,finished,35,257,31,Climber,24,IE,Healy Ben,https://www.procyclingstats.com/rider/ben-healy,EF Education - EasyPost,,,1:53,113,13942
4,46,finished,38,321,158,Classic,23,FR,Tronchon Bastien,https://www.procyclingstats.com/rider/bastien-tronchon,Decathlon AG2R La Mondiale Team,,,",,",113,13942
4,47,finished,47,456,118,Classic,35,IT,Trentin Matteo,https://www.procyclingstats.com/rider/matteo-trentin,Tudor Pro Cycling Team,,,2:17,137,13966
4,48,finished,59,575,182,Hills,26,FR,Burgaudeau Mathieu,https://www.procyclingstats.com/rider/mathieu-burgaudeau,TotalEnergies,,,",,",137,13966
4,49,finished,31,192,183,Classic,27,FR,Delettre Alexandre,https://www.procyclingstats.com/rider/alexandre-delettre,TotalEnergies,,,",,",137,13966
4,50,finished,32,205,35,Classic,28,US,Powless Neilson,https://www.procyclingstats.com/rider/neilson-powless,EF Education - EasyPost,,,2:30,150,13979
4,51,finished,33,236,16,Climber,30,US,Kuss Sepp,https://www.procyclingstats.com/rider/sepp-kuss,Team Visma | Lease a Bike,,,",,",150,13979
4,52,finished,60,607,164,GC,36,ES,Izagirre Ion,https://www.procyclingstats.com/rider/ion-izagirre,Cofidis,,,2:34,154,13983
4,53,finished,90,1030,83,Hills,22,BE,Nys Thibau,https://www.procyclingstats.com/rider/thibau-nys,Lidl - Trek,,,",,",154,13983
4,54,finished,69,739,78,Climber,29,RU,Vlasov Aleksandr,https://www.procyclingstats.com/rider/aleksandr-vlasov,Red Bull - BORA - hansgrohe,,,3:08,188,14017
4,55,finished,71,747,133,GC,22,FR,Costiou Ewen,https://www.procyclingstats.com/rider/ewen-costiou,Arkéa - B&B Hotels,,,3:31,211,14040
4,56,finished,39,324,138,Classic,31,FR,Venturini Clément,https://www.procyclingstats.com/rider/clement-venturini,Arkéa - B&B Hotels,,,",,",211,14040
4,57,finished,58,569,23,Classic,28,NL,Eenkhoorn Pascal,https://www.procyclingstats.com/rider/pascal-eenkhoorn,Soudal Quick-Step,,,",,",211,14040
4,58,finished,82,987,226,GC,25,NO,Johannessen Anders Halland,https://www.procyclingstats.com/rider/anders-halland-johannessen,Uno-X Mobility,,,",,",211,14040
4,59,finished,86,1014,176,Climber,27,CO,Higuita Sergio,https://www.procyclingstats.com/rider/sergio-higuita,XDS Astana Team,,,",,",211,14040
4,60,finished,67,707,18,Climber,32,GB,Yates Simon,https://www.procyclingstats.com/rider/simon-yates,Team Visma | Lease a Bike,,,",,",211,14040
4,61,finished,57,569,225,Classic,30,NO,Hoelgaard Markus,https://www.procyclingstats.com/rider/markus-hoelgaard,Uno-X Mobility,,,",,",211,14040
4,62,finished,42,360,195,Classic,22,DK,Andresen Tobias Lund,https://www.procyclingstats.com/rider/tobias-lund-andresen,Team Picnic PostNL,,,",,",211,14040
4,63,finished,56,558,96,Hills,33,FR,Pacher Quentin,https://www.procyclingstats.com/rider/quentin-pacher,Groupama - FDJ,,,3:44,224,14053
4,64,finished,49,464,207,Classic,30,LV,Neilands Krists,https://www.procyclingstats.com/rider/krists-neilands,Israel - Premier Tech,,,4:06,246,14075
4,65,finished,74,778,144,TT,36,PT,Oliveira Nelson,https://www.procyclingstats.com/rider/nelson-oliveira,Movistar Team,,,4:14,254,14083
4,66,finished,44,370,36,GC,26,AU,Sweeny Harry,https://www.procyclingstats.com/rider/harry-sweeny,EF Education - EasyPost,,,4:25,265,14094
4,67,finished,51,479,7,GC,34,BE,Wellens Tim,https://www.procyclingstats.com/rider/tim-wellens,UAE Team Emirates - XRG,,,4:45,285,14114
4,68,finished,70,745,14,TT,33,BE,Campenaerts Victor,https://www.procyclingstats.com/rider/victor-campenaerts,Team Visma | Lease a Bike,,,",,",285,14114
4,69,finished,117,1276,227,GC,26,NO,Leknessund Andreas,https://www.procyclingstats.com/rider/andreas-leknessund,Uno-X Mobility,,,",,",285,14114
4,70,finished,91,1036,84,Hills,24,US,Simmons Quinn,https://www.procyclingstats.com/rider/quinn-simmons,Lidl - Trek,,,6:07,367,14196
4,71,finished,66,691,87,Classic,33,BE,Stuyven Jasper,https://www.procyclingstats.com/rider/jasper-stuyven,Lidl - Trek,,,6:12,372,14201
4,72,finished,79,884,146,GC,31,AT,Mühlberger Gregor,https://www.procyclingstats.com/rider/gregor-muhlberger,Movistar Team,,,",,",372,14201
4,73,finished,75,798,111,Classic,33,FR,Alaphilippe Julian,https://www.procyclingstats.com/rider/julian-alaphilippe,Tudor Pro Cycling Team,,,6:31,391,14220
4,74,finished,50,477,61,GC,39,GB,Thomas Geraint,https://www.procyclingstats.com/rider/geraint-thomas,INEOS Grenadiers,,,",,",391,14220
4,75,finished,88,1028,62,GC,25,NL,Arensman Thymen,https://www.procyclingstats.com/rider/thymen-arensman,INEOS Grenadiers,,,",,",391,14220
4,76,finished,103,1194,46,Classic,27,DE,Rutsch Jonas,https://www.procyclingstats.com/rider/jonas-rutsch,Intermarché - Wanty,,,",,",391,14220
4,77,finished,87,1028,8,Climber,32,GB,Yates Adam,https://www.procyclingstats.com/rider/adam-yates,UAE Team Emirates - XRG,,,",,",391,14220
4,78,finished,116,1267,26,GC,31,DE,Schachmann Maximilian,https://www.procyclingstats.com/rider/maximilian-schachmann,Soudal Quick-Step,,,",,",391,14220
4,79,finished,105,1194,5,GC,27,FR,Sivakov Pavel,https://www.procyclingstats.com/rider/pavel-sivakov,UAE Team Emirates - XRG,,,",,",391,14220
4,80,finished,106,1194,152,TT,31,FR,Armirail Bruno,https://www.procyclingstats.com/rider/bruno-armirail,Decathlon AG2R La Mondiale Team,,,",,",391,14220
4,81,finished,72,749,63,TT,28,NO,Foss Tobias,https://www.procyclingstats.com/rider/tobias-foss,INEOS Grenadiers,,,",,",391,14220
4,82,finished,64,680,157,GC,28,AU,Scotson Callum,https://www.procyclingstats.com/rider/callum-scotson,Decathlon AG2R La Mondiale Team,,,",,",391,14220
4,83,finished,54,496,103,Hills,26,AU,Groves Kaden,https://www.procyclingstats.com/rider/kaden-groves,Alpecin - Deceuninck,,,",,",391,14220
4,84,finished,77,852,107,Classic,32,BE,Vermeersch Gianni,https://www.procyclingstats.com/rider/gianni-vermeersch,Alpecin - Deceuninck,,,8:14,494,14323
4,85,finished,78,855,205,Classic,25,FR,Louvel Matis,https://www.procyclingstats.com/rider/matis-louvel,Israel - Premier Tech,,,8:17,497,14326
4,86,finished,104,1194,113,Classic,34,AT,Haller Marco,https://www.procyclingstats.com/rider/marco-haller,Tudor Pro Cycling Team,,,8:41,521,14350
4,87,finished,62,628,153,Climber,27,FR,Berthet Clément,https://www.procyclingstats.com/rider/clement-berthet,Decathlon AG2R La Mondiale Team,,,9:02,542,14371
4,88,finished,109,1215,224,Sprint,22,NO,Edvardsen-Fredheim Stian,https://www.procyclingstats.com/rider/stian-fredheim,Uno-X Mobility,,,",,",542,14371
4,89,finished,102,1179,167,TT,29,FR,Thomas Benjamin,https://www.procyclingstats.com/rider/benjamin-thomas-2,Cofidis,,,",,",542,14371
4,90,finished,80,900,155,Classic,34,BE,Naesen Oliver,https://www.procyclingstats.com/rider/oliver-naesen,Decathlon AG2R La Mondiale Team,,,",,",542,14371
4,91,finished,124,1345,4,Classic,31,DE,Politt Nils,https://www.procyclingstats.com/rider/nils-politt,UAE Team Emirates - XRG,,,",,",542,14371
4,92,finished,61,628,58,Hills,26,GB,Wright Fred,https://www.procyclingstats.com/rider/alfred-wright,Bahrain - Victorious,,,",,",542,14371
4,93,finished,65,686,28,GC,25,BE,Van Wilder Ilan,https://www.procyclingstats.com/rider/ilan-van-wilder,Soudal Quick-Step,,,",,",542,14371
4,94,finished,113,1252,201,Climber,38,CA,Woods Michael,https://www.procyclingstats.com/rider/michael-woods,Israel - Premier Tech,,,",,",542,14371
4,95,finished,85,1007,6,Climber,31,ES,Soler Marc,https://www.procyclingstats.com/rider/marc-soler,UAE Team Emirates - XRG,,,",,",542,14371
4,96,finished,93,1049,48,Classic,27,DE,Zimmermann Georg,https://www.procyclingstats.com/rider/georg-zimmermann,Intermarché - Wanty,,,",,",542,14371
4,97,finished,84,996,67,Classic,29,GB,Swift Connor,https://www.procyclingstats.com/rider/connor-swift,INEOS Grenadiers,,,",,",542,14371
4,98,finished,68,711,168,Classic,29,FR,Touzé Damien,https://www.procyclingstats.com/rider/damien-touze,Cofidis,,,",,",542,14371
4,99,finished,63,628,163,Sprint,33,FR,Coquard Bryan,https://www.procyclingstats.com/rider/bryan-coquard,Cofidis,,,",,",542,14371
4,100,finished,121,1306,92,Classic,24,GB,Askey Lewis,https://www.procyclingstats.com/rider/lewis-askey,Groupama - FDJ,,,9:24,564,14393
4,101,finished,73,770,86,Classic,34,LV,Skujiņš Toms,https://www.procyclingstats.com/rider/toms-skujins,Lidl - Trek,,,9:34,574,14403
4,102,finished,119,1283,218,Classic,27,BE,Van Moer Brent,https://www.procyclingstats.com/rider/brent-van-moer,Lotto,,,",,",574,14403
4,103,finished,92,1041,74,Classic,31,IT,Moscon Gianni,https://www.procyclingstats.com/rider/gianni-moscon,Red Bull - BORA - hansgrohe,,,9:48,588,14417
4,104,finished,99,1154,198,GC,24,NL,van den Broek Frank,https://www.procyclingstats.com/rider/frank-van-den-broek,Team Picnic PostNL,,,10:57,657,14486
4,105,finished,107,1206,208,Hills,25,GB,Stewart Jake,https://www.procyclingstats.com/rider/jake-stewart,Israel - Premier Tech,,,11:10,670,14499
4,106,finished,150,1606,55,Climber,21,FR,Martinez Lenny,https://www.procyclingstats.com/rider/lenny-martinez,Bahrain - Victorious,,,12:16,736,14565
4,107,finished,96,1113,222,Classic,29,NO,Abrahamsen Jonas,https://www.procyclingstats.com/rider/jonas-abrahamsen,Uno-X Mobility,,,12:29,749,14578
4,108,finished,112,1234,38,Hills,25,NL,van den Berg Marijn,https://www.procyclingstats.com/rider/marijn-van-den-berg,EF Education - EasyPost,,,",,",749,14578
4,109,finished,145,1556,197,GC,26,NL,Naberman Tim,https://www.procyclingstats.com/rider/tim-naberman,Team Picnic PostNL,,,12:33,753,14582
4,110,finished,137,1451,12,TT,29,IT,Affini Edoardo,https://www.procyclingstats.com/rider/edoardo-affini,Team Visma | Lease a Bike,,,",,",753,14582
4,111,finished,131,1426,145,Classic,29,ES,García Cortina Iván,https://www.procyclingstats.com/rider/ivan-garcia-cortina,Movistar Team,,,",,",753,14582
4,112,finished,83,996,33,TT,30,DK,Asgreen Kasper,https://www.procyclingstats.com/rider/kasper-asgreen,EF Education - EasyPost,,,12:58,778,14607
4,113,finished,149,1603,216,GC,34,AR,Sepúlveda Eduardo,https://www.procyclingstats.com/rider/eduardo-sepulveda,Lotto,,,13:20,800,14629
4,114,finished,122,1320,116,Hills,24,DE,Mayrhofer Marius,https://www.procyclingstats.com/rider/marius-mayrhofer,Tudor Pro Cycling Team,,,13:55,835,14664
4,115,finished,81,942,68,Hills,23,GB,Watson Samuel,https://www.procyclingstats.com/rider/samuel-watson,INEOS Grenadiers,,,13:57,837,14666
4,116,finished,125,1345,75,Classic,22,NZ,Pithie Laurence,https://www.procyclingstats.com/rider/laurence-pithie,Red Bull - BORA - hansgrohe,,,",,",837,14666
4,117,finished,172,1793,117,Climber,28,AU,Storer Michael,https://www.procyclingstats.com/rider/michael-storer,Tudor Pro Cycling Team,,,",,",837,14666
4,118,finished,162,1643,123,TT,34,AU,Durbridge Luke,https://www.procyclingstats.com/rider/luke-durbridge,Team Jayco AlUla,,,",,",837,14666
4,119,finished,127,1388,127,Classic,33,NL,Reinders Elmar,https://www.procyclingstats.com/rider/elmar-reinders,Team Jayco AlUla,,,",,",837,14666
4,120,finished,143,1549,124,Sprint,32,NL,Groenewegen Dylan,https://www.procyclingstats.com/rider/dylan-groenewegen,Team Jayco AlUla,,,",,",837,14666
4,121,finished,146,1576,211,Classic,23,BE,De Lie Arnaud,https://www.procyclingstats.com/rider/arnaud-de-lie,Lotto,,,14:24,864,14693
4,122,finished,95,1093,187,Classic,31,FR,Turgis Anthony,https://www.procyclingstats.com/rider/anthony-turgis,TotalEnergies,,,14:35,875,14704
4,123,finished,141,1512,136,Hills,24,FR,Le Berre Mathis,https://www.procyclingstats.com/rider/mathis-le-berre,Arkéa - B&B Hotels,,,",,",875,14704
4,124,finished,115,1255,44,Classic,23,FR,Page Hugo,https://www.procyclingstats.com/rider/hugo-page,Intermarché - Wanty,,,",,",875,14704
4,125,finished,110,1231,98,Classic,30,FR,Russo Clément,https://www.procyclingstats.com/rider/clement-russo,Groupama - FDJ,,,15:12,912,14741
4,126,finished,111,1231,93,Hills,29,FR,Barthe Cyril,https://www.procyclingstats.com/rider/cyril-barthe,Groupama - FDJ,,,",,",912,14741
4,127,finished,98,1130,97,Classic,23,FR,Penhoët Paul,https://www.procyclingstats.com/rider/paul-penhoet,Groupama - FDJ,,,",,",912,14741
4,128,finished,133,1436,213,Classic,31,BE,De Buyst Jasper,https://www.procyclingstats.com/rider/jasper-de-buyst,Lotto,,,",,",912,14741
4,129,finished,97,1130,177,Classic,32,NL,Teunissen Mike,https://www.procyclingstats.com/rider/mike-teunissen,XDS Astana Team,,,",,",912,14741
4,130,finished,168,1715,45,Classic,25,BE,Rex Laurenz,https://www.procyclingstats.com/rider/laurenz-rex,Intermarché - Wanty,,,",,",912,14741
4,131,finished,140,1495,194,GC,25,GB,Flynn Sean,https://www.procyclingstats.com/rider/sean-flynn,Team Picnic PostNL,,,",,",912,14741
4,132,finished,108,1214,193,Sprint,22,CZ,Bittner Pavel,https://www.procyclingstats.com/rider/pavel-bittner,Team Picnic PostNL,,,",,",912,14741
4,133,finished,138,1463,56,Classic,30,SI,Mohorič Matej,https://www.procyclingstats.com/rider/matej-mohoric,Bahrain - Victorious,,,",,",912,14741
4,134,finished,151,1614,24,Sprint,32,BE,Merlier Tim,https://www.procyclingstats.com/rider/tim-merlier,Soudal Quick-Step,,,",,",912,14741
4,135,finished,163,1651,27,Classic,32,BE,Van Lerberghe Bert,https://www.procyclingstats.com/rider/bert-van-lerberghe,Soudal Quick-Step,,,",,",912,14741
4,136,finished,155,1621,134,Classic,33,FR,Démare Arnaud,https://www.procyclingstats.com/rider/arnaud-demare,Arkéa - B&B Hotels,,,",,",912,14741
4,137,finished,132,1436,132,Classic,32,BE,Capiot Amaury,https://www.procyclingstats.com/rider/amaury-capiot,Arkéa - B&B Hotels,,,",,",912,14741
4,138,finished,167,1715,215,Classic,26,BE,Grignard Sébastien,https://www.procyclingstats.com/rider/sebastien-grignard,Lotto,,,",,",912,14741
4,139,finished,101,1169,184,GC,24,FR,Gachignard Thomas,https://www.procyclingstats.com/rider/thomas-gachignard,TotalEnergies,,,",,",912,14741
4,140,finished,134,1436,165,Classic,26,FR,Renard Alexis,https://www.procyclingstats.com/rider/alexis-renard,Cofidis,,,",,",912,14741
4,141,finished,157,1624,77,Sprint,31,NL,van Poppel Danny,https://www.procyclingstats.com/rider/danny-van-poppel,Red Bull - BORA - hansgrohe,,,",,",912,14741
4,142,finished,126,1366,32,Hills,28,IT,Albanese Vincenzo,https://www.procyclingstats.com/rider/vincenzo-albanese,EF Education - EasyPost,,,",,",912,14741
4,143,finished,94,1061,37,Classic,33,DK,Valgren Michael,https://www.procyclingstats.com/rider/michael-valgren-andersen,EF Education - EasyPost,,,",,",912,14741
4,144,finished,153,1620,52,Sprint,31,DE,Bauhaus Phil,https://www.procyclingstats.com/rider/phil-bauhaus,Bahrain - Victorious,,,",,",912,14741
4,145,finished,142,1531,76,Classic,25,NL,van Dijke Mick,https://www.procyclingstats.com/rider/mick-van-dijke,Red Bull - BORA - hansgrohe,,,",,",912,14741
4,146,finished,136,1448,135,Climber,24,ES,García Pierna Raúl,https://www.procyclingstats.com/rider/raul-garcia-pierna,Arkéa - B&B Hotels,,,",,",912,14741
4,147,finished,144,1549,185,Classic,26,FR,Jeannière Emilien,https://www.procyclingstats.com/rider/emilien-jeanniere,TotalEnergies,,,",,",912,14741
4,148,finished,175,1900,148,Climber,27,CO,Rubio Einer,https://www.procyclingstats.com/rider/einer-rubio,Movistar Team,,,",,",912,14741
4,149,finished,174,1861,147,GC,21,ES,Romeo Iván,https://www.procyclingstats.com/rider/ivan-romeo,Movistar Team,,,",,",912,14741
4,150,finished,176,1903,143,Climber,24,ES,Castrillo Pablo,https://www.procyclingstats.com/rider/pablo-castrillo-zapater,Movistar Team,,,",,",912,14741
4,151,finished,135,1436,217,Climber,23,BE,Van Eetvelt Lennert,https://www.procyclingstats.com/rider/lennert-van-eetvelt,Lotto,,,",,",912,14741
4,152,finished,160,1624,223,Hills,32,DK,Cort Magnus,https://www.procyclingstats.com/rider/magnus-cort-nielsen,Uno-X Mobility,,,",,",912,14741
4,153,finished,170,1731,53,TT,34,PL,Gradek Kamil,https://www.procyclingstats.com/rider/kamil-gradek,Bahrain - Victorious,,,",,",912,14741
4,154,finished,100,1158,57,Hills,26,AU,Stannard Robert,https://www.procyclingstats.com/rider/robert-stannard,Bahrain - Victorious,,,",,",912,14741
4,155,finished,123,1327,125,Hills,37,SI,Mezgec Luka,https://www.procyclingstats.com/rider/luka-mezgec,Team Jayco AlUla,,,",,",912,14741
4,156,finished,130,1410,105,Classic,31,BE,Rickaert Jonas,https://www.procyclingstats.com/rider/jonas-rickaert,Alpecin - Deceuninck,,,",,",912,14741
4,157,finished,169,1715,108,Climber,23,BE,Verstrynge Emiel,https://www.procyclingstats.com/rider/emiel-verstrynge,Alpecin - Deceuninck,,,",,",912,14741
4,158,finished,156,1624,112,Sprint,27,IT,Dainese Alberto,https://www.procyclingstats.com/rider/alberto-dainese,Tudor Pro Cycling Team,,,",,",912,14741
4,159,finished,154,1621,115,Classic,31,CH,Lienhard Fabian,https://www.procyclingstats.com/rider/fabian-lienhard,Tudor Pro Cycling Team,,,",,",912,14741
4,160,finished,178,1976,142,TT,29,US,Barta Will,https://www.procyclingstats.com/rider/william-barta,Movistar Team,,,",,",912,14741
4,161,finished,177,1973,102,Classic,34,CH,Dillier Silvan,https://www.procyclingstats.com/rider/silvan-dillier,Alpecin - Deceuninck,,,",,",912,14741
4,162,finished,171,1788,126,GC,24,AU,Plapp Luke,https://www.procyclingstats.com/rider/luke-plapp,Team Jayco AlUla,,,",,",912,14741
4,163,finished,159,1624,214,GC,26,AU,Drizners Jarrad,https://www.procyclingstats.com/rider/jarrad-drizners,Lotto,,,",,",912,14741
4,164,finished,158,1624,204,Classic,36,CA,Boivin Guillaume,https://www.procyclingstats.com/rider/guillaume-boivin,Israel - Premier Tech,,,",,",912,14741
4,165,finished,147,1581,228,Classic,25,NO,Wærenskjold Søren,https://www.procyclingstats.com/rider/soren-waerenskjold,Uno-X Mobility,,,",,",912,14741
4,166,finished,148,1585,202,Sprint,31,DE,Ackermann Pascal,https://www.procyclingstats.com/rider/pascal-ackermann,Israel - Premier Tech,,,",,",912,14741
4,167,finished,114,1255,81,Sprint,24,IT,Milan Jonathan,https://www.procyclingstats.com/rider/jonathan-milan,Lidl - Trek,,,",,",912,14741
4,168,finished,128,1397,196,Sprint,26,DE,Märkl Niklas,https://www.procyclingstats.com/rider/niklas-markl,Team Picnic PostNL,,,",,",912,14741
4,169,finished,118,1277,171,Climber,28,CO,Tejada Harold,https://www.procyclingstats.com/rider/harold-tejada,XDS Astana Team,,,",,",912,14741
4,170,finished,139,1483,43,Classic,24,BE,Braet Vito,https://www.procyclingstats.com/rider/vito-braet,Intermarché - Wanty,,,",,",912,14741
4,171,finished,179,1995,173,Sprint,29,NL,Bol Cees,https://www.procyclingstats.com/rider/cees-bol,XDS Astana Team,,,",,",912,14741
4,172,finished,161,1643,82,Classic,30,IT,Consonni Simone,https://www.procyclingstats.com/rider/simone-consonni,Lidl - Trek,,,",,",912,14741
4,173,finished,164,1656,172,Classic,30,IT,Ballerini Davide,https://www.procyclingstats.com/rider/davide-ballerini,XDS Astana Team,,,15:44,944,14773
4,174,finished,129,1405,22,TT,34,IT,Cattaneo Mattia,https://www.procyclingstats.com/rider/mattia-cattaneo,Soudal Quick-Step,,,15:46,946,14775
4,175,finished,181,2010,175,Classic,25,KZ,Fedorov Yevgeniy,https://www.procyclingstats.com/rider/yevgeniy-fedorov,XDS Astana Team,,,",,",946,14775
4,176,finished,166,1705,88,Classic,34,BE,Theuns Edward,https://www.procyclingstats.com/rider/edward-theuns,Lidl - Trek,,,",,",946,14775
4,177,finished,152,1615,25,Climber,24,FR,Paret-Peintre Valentin,https://www.procyclingstats.com/rider/valentin-paret-peintre,Soudal Quick-Step,,,15:56,956,14785
4,178,finished,173,1845,47,GC,24,NL,van Sintmaartensdijk Roel,https://www.procyclingstats.com/rider/roel-van-sintmaartensdijk,Intermarché - Wanty,,,16:09,969,14798
4,179,finished,120,1304,41,Classic,25,ER,Girmay Biniam,https://www.procyclingstats.com/rider/biniam-girmay,Intermarché - Wanty,,,",,",969,14798
4,180,finished,165,1681,73,Classic,27,BE,Meeus Jordi,https://www.procyclingstats.com/rider/jordi-meeus,Red Bull - BORA - hansgrohe,,,",,",969,14798
4,181,finished,180,1999,188,Hills,24,FR,Vercher Mattéo,https://www.procyclingstats.com/rider/matheo-vercher,TotalEnergies,,,17:44,1064,14893
5,1,finished,2,42,21,Climber,25,BE,Evenepoel Remco,https://www.procyclingstats.com/rider/remco-evenepoel,Soudal Quick-Step,210.0,100.0,",02",0,
5,2,finished,1,0,1,Climber,26,SI,Pogačar Tadej,https://www.procyclingstats.com/rider/tadej-pogacar,UAE Team Emirates - XRG,150.0,70.0,",68",,
5,3,finished,110,1468,12,TT,29,IT,Affini Edoardo,https://www.procyclingstats.com/rider/edoardo-affini,Team Visma | Lease a Bike,110.0,50.0,",06",,
5,4,finished,84,1213,152,TT,31,FR,Armirail Bruno,https://www.procyclingstats.com/rider/bruno-armirail,Decathlon AG2R La Mondiale Team,90.0,40.0,",53",,
5,5,finished,3,59,131,GC,24,FR,Vauquelin Kévin,https://www.procyclingstats.com/rider/kevin-vauquelin,Arkéa - B&B Hotels,70.0,32.0,",8",,
5,6,finished,9,151,72,GC,24,DE,Lipowitz Florian,https://www.procyclingstats.com/rider/florian-lipowitz,Red Bull - BORA - hansgrohe,55.0,26.0,",51",,
5,7,finished,159,1907,147,GC,21,ES,Romeo Iván,https://www.procyclingstats.com/rider/ivan-romeo,Movistar Team,45.0,22.0,",92",,
5,8,finished,7,113,2,GC,26,PT,Almeida João,https://www.procyclingstats.com/rider/joao-almeida,UAE Team Emirates - XRG,40.0,18.0,",9",,
5,9,finished,147,1849,126,GC,24,AU,Plapp Luke,https://www.procyclingstats.com/rider/luke-plapp,Team Jayco AlUla,35.0,14.0,",94",,
5,10,finished,166,1965,143,Climber,24,ES,Castrillo Pablo,https://www.procyclingstats.com/rider/pablo-castrillo-zapater,Movistar Team,30.0,10.0,",58",,
5,11,finished,5,82,15,GC,26,US,Jorgenson Matteo,https://www.procyclingstats.com/rider/matteo-jorgenson,Team Visma | Lease a Bike,25.0,8.0,",2",,
5,12,finished,8,150,71,Climber,35,SI,Roglič Primož,https://www.procyclingstats.com/rider/primoz-roglic,Red Bull - BORA - hansgrohe,20.0,6.0,",25",,
5,13,finished,4,73,11,GC,28,DK,Vingegaard Jonas,https://www.procyclingstats.com/rider/jonas-vingegaard,Team Visma | Lease a Bike,15.0,4.0,",78",,
5,14,finished,59,818,63,TT,28,NO,Foss Tobias,https://www.procyclingstats.com/rider/tobias-foss,INEOS Grenadiers,10.0,2.0,",85",,
5,15,finished,62,859,144,TT,36,PT,Oliveira Nelson,https://www.procyclingstats.com/rider/nelson-oliveira,Movistar Team,5.0,1.0,",04",,
5,16,finished,107,1426,4,Classic,31,DE,Politt Nils,https://www.procyclingstats.com/rider/nils-politt,UAE Team Emirates - XRG,,,",64",,
5,17,finished,118,1530,135,Climber,24,ES,García Pierna Raúl,https://www.procyclingstats.com/rider/raul-garcia-pierna,Arkéa - B&B Hotels,,,",06",,
5,18,finished,6,88,106,Classic,30,NL,van der Poel Mathieu,https://www.procyclingstats.com/rider/mathieu-van-der-poel,Alpecin - Deceuninck,,,",51",,
5,19,finished,10,152,85,Climber,24,DK,Skjelmose Mattias,https://www.procyclingstats.com/rider/mattias-skjelmose-jensen,Lidl - Trek,,,",54",,
5,20,finished,39,573,128,Hills,25,CH,Schmid Mauro,https://www.procyclingstats.com/rider/mauro-schmid,Team Jayco AlUla,,,",97",,
5,21,finished,17,247,121,GC,29,AU,O'Connor Ben,https://www.procyclingstats.com/rider/ben-o-connor,Team Jayco AlUla,,,",49",,
5,22,finished,86,1274,184,GC,24,FR,Gachignard Thomas,https://www.procyclingstats.com/rider/thomas-gachignard,TotalEnergies,,,",61",,
5,23,finished,11,161,191,GC,22,GB,Onley Oscar,https://www.procyclingstats.com/rider/oscar-onley,Team Picnic PostNL,,,",91",,
5,24,finished,78,1106,33,TT,30,DK,Asgreen Kasper,https://www.procyclingstats.com/rider/kasper-asgreen,EF Education - EasyPost,,,",61",,
5,25,finished,117,1522,105,Classic,31,BE,Rickaert Jonas,https://www.procyclingstats.com/rider/jonas-rickaert,Alpecin - Deceuninck,,,",98",,
5,26,finished,12,202,156,GC,29,FR,Paret-Peintre Aurélien,https://www.procyclingstats.com/rider/aurelien-paret-peintre,Decathlon AG2R La Mondiale Team,,,",81",,
5,27,finished,16,244,66,GC,24,ES,Rodríguez Carlos,https://www.procyclingstats.com/rider/carlos-rodriguez-cano,INEOS Grenadiers,,,",06",,
5,28,finished,14,231,51,Climber,25,CO,Buitrago Santiago,https://www.procyclingstats.com/rider/santiago-buitrago-sanchez,Bahrain - Victorious,,,",54",,
5,29,finished,93,1310,167,TT,29,FR,Thomas Benjamin,https://www.procyclingstats.com/rider/benjamin-thomas-2,Cofidis,,,",96",,
5,30,finished,46,646,122,GC,28,IE,Dunbar Eddie,https://www.procyclingstats.com/rider/edward-irl-dunbar,Team Jayco AlUla,,,",62",,
5,31,finished,44,614,61,GC,39,GB,Thomas Geraint,https://www.procyclingstats.com/rider/geraint-thomas,INEOS Grenadiers,,,",46",,
5,32,finished,83,1167,62,GC,25,NL,Arensman Thymen,https://www.procyclingstats.com/rider/thymen-arensman,INEOS Grenadiers,,,",85",,
5,33,finished,99,1373,98,Classic,30,FR,Russo Clément,https://www.procyclingstats.com/rider/clement-russo,Groupama - FDJ,,,",68",,
5,34,finished,19,294,181,GC,29,BE,Cras Steff,https://www.procyclingstats.com/rider/steff-cras,TotalEnergies,,,",33",,
5,35,finished,15,232,221,Climber,25,NO,Johannessen Tobias Halland,https://www.procyclingstats.com/rider/tobias-halland-johannessen,Uno-X Mobility,,,",28",,
5,36,finished,81,1154,67,Classic,29,GB,Swift Connor,https://www.procyclingstats.com/rider/connor-swift,INEOS Grenadiers,,,",99",,
5,37,finished,13,209,141,Climber,30,ES,Mas Enric,https://www.procyclingstats.com/rider/enric-mas,Movistar Team,,,",35",,
5,38,finished,42,586,137,GC,30,ES,Rodríguez Cristián,https://www.procyclingstats.com/rider/cristian-rodriguez,Arkéa - B&B Hotels,,,",53",,
5,39,finished,18,277,151,Climber,27,AT,Gall Felix,https://www.procyclingstats.com/rider/felix-gall,Decathlon AG2R La Mondiale Team,,,",56",,
5,40,finished,20,295,54,GC,31,AU,Haig Jack,https://www.procyclingstats.com/rider/jack-haig,Bahrain - Victorious,,,",82",,
5,41,finished,128,1577,22,TT,34,IT,Cattaneo Mattia,https://www.procyclingstats.com/rider/mattia-cattaneo,Soudal Quick-Step,,,",58",,
5,42,finished,142,1817,123,TT,34,AU,Durbridge Luke,https://www.procyclingstats.com/rider/luke-durbridge,Team Jayco AlUla,,,",36",,
5,43,finished,21,303,186,Climber,26,FR,Jegat Jordan,https://www.procyclingstats.com/rider/jordan-jegat,TotalEnergies,,,",59",,
5,44,finished,22,306,166,GC,33,BE,Teuns Dylan,https://www.procyclingstats.com/rider/dylan-teuns,Cofidis,,,",81",,
5,45,finished,48,662,7,GC,34,BE,Wellens Tim,https://www.procyclingstats.com/rider/tim-wellens,UAE Team Emirates - XRG,,,",61",,
5,46,finished,123,1557,32,Hills,28,IT,Albanese Vincenzo,https://www.procyclingstats.com/rider/vincenzo-albanese,EF Education - EasyPost,,,",0",,
5,47,finished,101,1387,113,Classic,34,AT,Haller Marco,https://www.procyclingstats.com/rider/marco-haller,Tudor Pro Cycling Team,,,",6",,
5,48,finished,54,763,23,Classic,28,NL,Eenkhoorn Pascal,https://www.procyclingstats.com/rider/pascal-eenkhoorn,Soudal Quick-Step,,,",21",,
5,49,finished,24,334,95,Classic,28,FR,Madouas Valentin,https://www.procyclingstats.com/rider/valentin-madouas,Groupama - FDJ,,,",67",,
5,50,finished,32,456,104,GC,33,BE,Meurisse Xandro,https://www.procyclingstats.com/rider/xandro-meurisse,Alpecin - Deceuninck,,,",03",,
5,51,finished,37,533,94,Classic,22,FR,Grégoire Romain,https://www.procyclingstats.com/rider/romain-gregoire,Groupama - FDJ,,,",99",,
5,52,finished,103,1393,46,Classic,27,DE,Rutsch Jonas,https://www.procyclingstats.com/rider/jonas-rutsch,Intermarché - Wanty,,,",07",,
5,53,finished,33,457,31,Climber,24,IE,Healy Ben,https://www.procyclingstats.com/rider/ben-healy,EF Education - EasyPost,,,",28",,
5,54,finished,120,1549,75,Classic,22,NZ,Pithie Laurence,https://www.procyclingstats.com/rider/laurence-pithie,Red Bull - BORA - hansgrohe,,,",59",,
5,55,finished,71,1002,111,Classic,33,FR,Alaphilippe Julian,https://www.procyclingstats.com/rider/julian-alaphilippe,Tudor Pro Cycling Team,,,",8",,
5,56,finished,131,1593,127,Classic,33,NL,Reinders Elmar,https://www.procyclingstats.com/rider/elmar-reinders,Team Jayco AlUla,,,",77",,
5,57,finished,60,836,153,Climber,27,FR,Berthet Clément,https://www.procyclingstats.com/rider/clement-berthet,Decathlon AG2R La Mondiale Team,,,",2",,
5,58,finished,52,705,103,Hills,26,AU,Groves Kaden,https://www.procyclingstats.com/rider/kaden-groves,Alpecin - Deceuninck,,,",01",,
5,59,finished,162,1924,45,Classic,25,BE,Rex Laurenz,https://www.procyclingstats.com/rider/laurenz-rex,Intermarché - Wanty,,,",15",,
5,60,finished,104,1403,5,GC,27,FR,Sivakov Pavel,https://www.procyclingstats.com/rider/pavel-sivakov,UAE Team Emirates - XRG,,,",27",,
5,61,finished,115,1515,41,Classic,25,ER,Girmay Biniam,https://www.procyclingstats.com/rider/biniam-girmay,Intermarché - Wanty,,,",64",,
5,62,finished,79,1115,155,Classic,34,BE,Naesen Oliver,https://www.procyclingstats.com/rider/oliver-naesen,Decathlon AG2R La Mondiale Team,,,",52",,
5,63,finished,23,325,91,Climber,32,FR,Martin Guillaume,https://www.procyclingstats.com/rider/guillaume-martin,Groupama - FDJ,,,",27",,
5,64,finished,25,352,161,GC,32,DE,Buchmann Emanuel,https://www.procyclingstats.com/rider/emanuel-buchmann,Cofidis,,,",49",,
5,65,finished,89,1278,37,Classic,33,DK,Valgren Michael,https://www.procyclingstats.com/rider/michael-valgren-andersen,EF Education - EasyPost,,,",75",,
5,66,finished,133,1653,132,Classic,32,BE,Capiot Amaury,https://www.procyclingstats.com/rider/amaury-capiot,Arkéa - B&B Hotels,,,",81",,
5,67,finished,64,909,87,Classic,33,BE,Stuyven Jasper,https://www.procyclingstats.com/rider/jasper-stuyven,Lidl - Trek,,,",24",,
5,68,finished,109,1452,93,Hills,29,FR,Barthe Cyril,https://www.procyclingstats.com/rider/cyril-barthe,Groupama - FDJ,,,",32",,
5,69,finished,67,932,168,Classic,29,FR,Touzé Damien,https://www.procyclingstats.com/rider/damien-touze,Cofidis,,,",7",,
5,70,finished,56,797,182,Hills,26,FR,Burgaudeau Mathieu,https://www.procyclingstats.com/rider/mathieu-burgaudeau,TotalEnergies,,,",68",,
5,71,finished,150,1867,82,Classic,30,IT,Consonni Simone,https://www.procyclingstats.com/rider/simone-consonni,Lidl - Trek,,,",78",,
5,72,finished,146,1849,112,Sprint,27,IT,Dainese Alberto,https://www.procyclingstats.com/rider/alberto-dainese,Tudor Pro Cycling Team,,,",27",,
5,73,finished,31,432,35,Classic,28,US,Powless Neilson,https://www.procyclingstats.com/rider/neilson-powless,EF Education - EasyPost,,,",78",,
5,74,finished,50,684,118,Classic,35,IT,Trentin Matteo,https://www.procyclingstats.com/rider/matteo-trentin,Tudor Pro Cycling Team,,,",45",,
5,75,finished,148,1853,77,Sprint,31,NL,van Poppel Danny,https://www.procyclingstats.com/rider/danny-van-poppel,Red Bull - BORA - hansgrohe,,,",76",,
5,76,finished,132,1628,196,Sprint,26,DE,Märkl Niklas,https://www.procyclingstats.com/rider/niklas-markl,Team Picnic PostNL,,,",68",,
5,77,finished,29,405,3,Hills,28,EC,Narváez Jhonatan,https://www.procyclingstats.com/rider/jhonatan-narvaez,UAE Team Emirates - XRG,,,",75",,
5,78,finished,41,584,192,Climber,33,FR,Barguil Warren,https://www.procyclingstats.com/rider/warren-barguil,Team Picnic PostNL,,,",39",,
5,79,finished,112,1488,44,Classic,23,FR,Page Hugo,https://www.procyclingstats.com/rider/hugo-page,Intermarché - Wanty,,,",51",,
5,80,finished,156,1886,27,Classic,32,BE,Van Lerberghe Bert,https://www.procyclingstats.com/rider/bert-van-lerberghe,Soudal Quick-Step,,,",98",,
5,81,finished,134,1672,217,Climber,23,BE,Van Eetvelt Lennert,https://www.procyclingstats.com/rider/lennert-van-eetvelt,Lotto,,,",85",,
5,82,finished,70,977,78,Climber,29,RU,Vlasov Aleksandr,https://www.procyclingstats.com/rider/aleksandr-vlasov,Red Bull - BORA - hansgrohe,,,",92",,
5,83,finished,137,1736,194,GC,25,GB,Flynn Sean,https://www.procyclingstats.com/rider/sean-flynn,Team Picnic PostNL,,,",31",,
5,84,finished,124,1563,116,Hills,24,DE,Mayrhofer Marius,https://www.procyclingstats.com/rider/marius-mayrhofer,Tudor Pro Cycling Team,,,",17",,
5,85,finished,92,1293,48,Classic,27,DE,Zimmermann Georg,https://www.procyclingstats.com/rider/georg-zimmermann,Intermarché - Wanty,,,",13",,
5,86,finished,74,1014,86,Classic,34,LV,Skujiņš Toms,https://www.procyclingstats.com/rider/toms-skujins,Lidl - Trek,,,",42",,
5,87,finished,149,1859,24,Sprint,32,BE,Merlier Tim,https://www.procyclingstats.com/rider/tim-merlier,Soudal Quick-Step,,,",04",,
5,88,finished,165,1960,108,Climber,23,BE,Verstrynge Emiel,https://www.procyclingstats.com/rider/emiel-verstrynge,Alpecin - Deceuninck,,,",78",,
5,89,finished,151,1870,214,GC,26,AU,Drizners Jarrad,https://www.procyclingstats.com/rider/jarrad-drizners,Lotto,,,",27",,
5,90,finished,152,1870,204,Classic,36,CA,Boivin Guillaume,https://www.procyclingstats.com/rider/guillaume-boivin,Israel - Premier Tech,,,",51",,
5,91,finished,76,1099,107,Classic,32,BE,Vermeersch Gianni,https://www.procyclingstats.com/rider/gianni-vermeersch,Alpecin - Deceuninck,,,",19",,
5,92,finished,111,1485,38,Hills,25,NL,van den Berg Marijn,https://www.procyclingstats.com/rider/marijn-van-den-berg,EF Education - EasyPost,,,",49",,
5,93,finished,61,858,164,GC,36,ES,Izagirre Ion,https://www.procyclingstats.com/rider/ion-izagirre,Cofidis,,,",78",,
5,94,finished,98,1345,187,Classic,31,FR,Turgis Anthony,https://www.procyclingstats.com/rider/anthony-turgis,TotalEnergies,,,",6",,
5,95,finished,45,622,36,GC,27,AU,Sweeny Harry,https://www.procyclingstats.com/rider/harry-sweeny,EF Education - EasyPost,,,",83",,
5,96,finished,119,1537,218,Classic,27,BE,Van Moer Brent,https://www.procyclingstats.com/rider/brent-van-moer,Lotto,,,",12",,
5,97,finished,35,501,162,Classic,29,ES,Aranburu Alex,https://www.procyclingstats.com/rider/alex-aranburu,Cofidis,,,",07",,
5,98,finished,175,2231,142,TT,29,US,Barta Will,https://www.procyclingstats.com/rider/william-barta,Movistar Team,,,",64",,
5,99,finished,172,2101,47,GC,24,NL,van Sintmaartensdijk Roel,https://www.procyclingstats.com/rider/roel-van-sintmaartensdijk,Intermarché - Wanty,,,",11",,
5,100,finished,38,550,17,Classic,30,BE,van Aert Wout,https://www.procyclingstats.com/rider/wout-van-aert,Team Visma | Lease a Bike,,,",38",,
5,101,finished,91,1284,8,Climber,32,GB,Yates Adam,https://www.procyclingstats.com/rider/adam-yates,UAE Team Emirates - XRG,,,",54",,
5,102,finished,51,703,34,Climber,24,FR,Baudin Alex,https://www.procyclingstats.com/rider/alex-baudin,EF Education - EasyPost,,,",85",,
5,103,finished,58,815,96,Hills,33,FR,Pacher Quentin,https://www.procyclingstats.com/rider/quentin-pacher,Groupama - FDJ,,,",16",,
5,104,finished,138,1740,43,Classic,24,BE,Braet Vito,https://www.procyclingstats.com/rider/vito-braet,Intermarché - Wanty,,,",61",,
5,105,finished,141,1789,76,Classic,25,NL,van Dijke Mick,https://www.procyclingstats.com/rider/mick-van-dijke,Red Bull - BORA - hansgrohe,,,",0",,
5,106,finished,145,1843,202,Sprint,31,DE,Ackermann Pascal,https://www.procyclingstats.com/rider/pascal-ackermann,Israel - Premier Tech,,,",69",,
5,107,finished,27,359,203,GC,22,GB,Blackmore Joseph,https://www.procyclingstats.com/rider/joseph-blackmore,Israel - Premier Tech,,,",8",,
5,108,finished,130,1586,125,Hills,37,SI,Mezgec Luka,https://www.procyclingstats.com/rider/luka-mezgec,Team Jayco AlUla,,,",06",,
5,109,finished,154,1881,134,Classic,33,FR,Démare Arnaud,https://www.procyclingstats.com/rider/arnaud-demare,Arkéa - B&B Hotels,,,",54",,
5,110,finished,155,1884,223,Hills,32,DK,Cort Magnus,https://www.procyclingstats.com/rider/magnus-cort-nielsen,Uno-X Mobility,,,",62",,
5,111,finished,40,581,158,Classic,23,FR,Tronchon Bastien,https://www.procyclingstats.com/rider/bastien-tronchon,Decathlon AG2R La Mondiale Team,,,",76",,
5,112,finished,102,1390,97,Classic,23,FR,Penhoët Paul,https://www.procyclingstats.com/rider/paul-penhoet,Groupama - FDJ,,,",77",,
5,113,finished,143,1817,197,GC,26,NL,Naberman Tim,https://www.procyclingstats.com/rider/tim-naberman,Team Picnic PostNL,,,",97",,
5,114,finished,116,1517,81,Sprint,24,IT,Milan Jonathan,https://www.procyclingstats.com/rider/jonathan-milan,Lidl - Trek,,,",06",,
5,115,finished,72,1009,133,GC,22,FR,Costiou Ewen,https://www.procyclingstats.com/rider/ewen-costiou,Arkéa - B&B Hotels,,,",12",,
5,116,finished,136,1698,165,Classic,26,FR,Renard Alexis,https://www.procyclingstats.com/rider/alexis-renard,Cofidis,,,",5",,
5,117,finished,68,942,157,GC,28,AU,Scotson Callum,https://www.procyclingstats.com/rider/callum-scotson,Decathlon AG2R La Mondiale Team,,,",62",,
5,118,finished,139,1775,136,Hills,24,FR,Le Berre Mathis,https://www.procyclingstats.com/rider/mathis-le-berre,Arkéa - B&B Hotels,,,",26",,
5,119,finished,88,1278,176,Climber,27,CO,Higuita Sergio,https://www.procyclingstats.com/rider/sergio-higuita,XDS Astana Team,,,",22",,
5,120,finished,69,971,18,Climber,32,GB,Yates Simon,https://www.procyclingstats.com/rider/simon-yates,Team Visma | Lease a Bike,,,",39",,
5,121,finished,100,1377,222,Classic,29,NO,Abrahamsen Jonas,https://www.procyclingstats.com/rider/jonas-abrahamsen,Uno-X Mobility,,,",62",,
5,122,finished,174,2164,148,Climber,27,CO,Rubio Einer,https://www.procyclingstats.com/rider/einer-rubio,Movistar Team,,,",73",,
5,123,finished,105,1423,57,Hills,26,AU,Stannard Robert,https://www.procyclingstats.com/rider/robert-stannard,Bahrain - Victorious,,,",55",,
5,124,finished,135,1693,145,Classic,29,ES,García Cortina Iván,https://www.procyclingstats.com/rider/ivan-garcia-cortina,Movistar Team,,,",04",,
5,125,finished,28,376,212,Classic,24,BE,Berckmoes Jenno,https://www.procyclingstats.com/rider/jenno-berckmoes,Lotto,,,",6",,
5,126,finished,87,1274,6,Climber,31,ES,Soler Marc,https://www.procyclingstats.com/rider/marc-soler,UAE Team Emirates - XRG,,,",76",,
5,127,finished,26,359,114,Classic,26,CH,Hirschi Marc,https://www.procyclingstats.com/rider/marc-hirschi,Tudor Pro Cycling Team,,,",3",,
5,128,finished,126,1575,92,Classic,24,GB,Askey Lewis,https://www.procyclingstats.com/rider/lewis-askey,Groupama - FDJ,,,",44",,
5,129,finished,80,1125,205,Classic,25,FR,Louvel Matis,https://www.procyclingstats.com/rider/matis-louvel,Israel - Premier Tech,,,",36",,
5,130,finished,144,1822,124,Sprint,32,NL,Groenewegen Dylan,https://www.procyclingstats.com/rider/dylan-groenewegen,Team Jayco AlUla,,,",51",,
5,131,finished,53,739,207,Classic,30,LV,Neilands Krists,https://www.procyclingstats.com/rider/krists-neilands,Israel - Premier Tech,,,",44",,
5,132,finished,30,413,13,Classic,31,BE,Benoot Tiesj,https://www.procyclingstats.com/rider/tiesj-benoot,Team Visma | Lease a Bike,,,",11",,
5,133,finished,34,469,183,Classic,27,FR,Delettre Alexandre,https://www.procyclingstats.com/rider/alexandre-delettre,TotalEnergies,,,",03",,
5,134,finished,113,1494,224,Sprint,22,NO,Edvardsen-Fredheim Stian,https://www.procyclingstats.com/rider/stian-fredheim,Uno-X Mobility,,,",99",,
5,135,finished,169,1994,215,Classic,26,BE,Grignard Sébastien,https://www.procyclingstats.com/rider/sebastien-grignard,Lotto,,,",11",,
5,136,finished,43,605,138,Classic,31,FR,Venturini Clément,https://www.procyclingstats.com/rider/clement-venturini,Arkéa - B&B Hotels,,,",75",,
5,137,finished,65,910,58,Hills,26,GB,Wright Fred,https://www.procyclingstats.com/rider/alfred-wright,Bahrain - Victorious,,,",43",,
5,138,finished,82,1167,146,GC,31,AT,Mühlberger Gregor,https://www.procyclingstats.com/rider/gregor-muhlberger,Movistar Team,,,",62",,
5,139,finished,95,1325,74,Classic,31,IT,Moscon Gianni,https://www.procyclingstats.com/rider/gianni-moscon,Red Bull - BORA - hansgrohe,,,",03",,
5,140,finished,47,650,206,GC,32,KZ,Lutsenko Alexey,https://www.procyclingstats.com/rider/aleksey-lutsenko,Israel - Premier Tech,,,",13",,
5,141,finished,77,1104,42,Classic,25,FR,Barré Louis,https://www.procyclingstats.com/rider/louis-barre,Intermarché - Wanty,,,",63",,
5,142,finished,176,2258,102,Classic,34,CH,Dillier Silvan,https://www.procyclingstats.com/rider/silvan-dillier,Alpecin - Deceuninck,,,",84",,
5,143,finished,158,1907,115,Classic,31,CH,Lienhard Fabian,https://www.procyclingstats.com/rider/fabian-lienhard,Tudor Pro Cycling Team,,,",63",,
5,144,finished,125,1563,171,Climber,28,CO,Tejada Harold,https://www.procyclingstats.com/rider/harold-tejada,XDS Astana Team,,,",94",,
5,145,finished,94,1324,84,Hills,24,US,Simmons Quinn,https://www.procyclingstats.com/rider/quinn-simmons,Lidl - Trek,,,",28",,
5,146,finished,153,1870,228,Classic,25,NO,Wærenskjold Søren,https://www.procyclingstats.com/rider/soren-waerenskjold,Uno-X Mobility,,,",9",,
5,147,finished,36,526,16,Climber,30,US,Kuss Sepp,https://www.procyclingstats.com/rider/sepp-kuss,Team Visma | Lease a Bike,,,",49",,
5,148,finished,108,1444,198,GC,24,NL,van den Broek Frank,https://www.procyclingstats.com/rider/frank-van-den-broek,Team Picnic PostNL,,,",5",,
5,149,finished,90,1279,226,GC,25,NO,Johannessen Anders Halland,https://www.procyclingstats.com/rider/anders-halland-johannessen,Uno-X Mobility,,,",06",,
5,150,finished,114,1499,208,Hills,25,GB,Stewart Jake,https://www.procyclingstats.com/rider/jake-stewart,Israel - Premier Tech,,,",78",,
5,151,finished,164,1951,172,Classic,30,IT,Ballerini Davide,https://www.procyclingstats.com/rider/davide-ballerini,XDS Astana Team,,,",19",,
5,152,finished,106,1426,177,Classic,32,NL,Teunissen Mike,https://www.procyclingstats.com/rider/mike-teunissen,XDS Astana Team,,,",08",,
5,153,finished,157,1899,216,GC,34,AR,Sepúlveda Eduardo,https://www.procyclingstats.com/rider/eduardo-sepulveda,Lotto,,,",85",,
5,154,finished,66,926,163,Sprint,33,FR,Coquard Bryan,https://www.procyclingstats.com/rider/bryan-coquard,Cofidis,,,",82",,
5,155,finished,96,1329,83,Hills,22,BE,Nys Thibau,https://www.procyclingstats.com/rider/thibau-nys,Lidl - Trek,,,",96",,
5,156,finished,127,1576,227,GC,26,NO,Leknessund Andreas,https://www.procyclingstats.com/rider/andreas-leknessund,Uno-X Mobility,,,",27",,
5,157,finished,177,2300,188,Hills,24,FR,Vercher Mattéo,https://www.procyclingstats.com/rider/matheo-vercher,TotalEnergies,,,",46",,
5,158,finished,122,1554,201,Climber,38,CA,Woods Michael,https://www.procyclingstats.com/rider/michael-woods,Israel - Premier Tech,,,",57",,
5,159,finished,160,1920,25,Climber,24,FR,Paret-Peintre Valentin,https://www.procyclingstats.com/rider/valentin-paret-peintre,Soudal Quick-Step,,,",55",,
5,160,finished,168,1986,73,Classic,27,BE,Meeus Jordi,https://www.procyclingstats.com/rider/jordi-meeus,Red Bull - BORA - hansgrohe,,,",71",,
5,161,finished,97,1341,174,Climber,27,FR,Champoussin Clément,https://www.procyclingstats.com/rider/clement-champoussin,XDS Astana Team,,,",16",,
5,162,finished,170,2019,88,Classic,34,BE,Theuns Edward,https://www.procyclingstats.com/rider/edward-theuns,Lidl - Trek,,,",77",,
5,163,finished,163,1934,52,Sprint,31,DE,Bauhaus Phil,https://www.procyclingstats.com/rider/phil-bauhaus,Bahrain - Victorious,,,",84",,
5,164,finished,63,884,225,Classic,30,NO,Hoelgaard Markus,https://www.procyclingstats.com/rider/markus-hoelgaard,Uno-X Mobility,,,",43",,
5,165,finished,57,807,65,Hills,24,FR,Laurance Axel,https://www.procyclingstats.com/rider/axel-laurance,INEOS Grenadiers,,,",85",,
5,166,finished,161,1923,55,Climber,21,FR,Martinez Lenny,https://www.procyclingstats.com/rider/lenny-martinez,Bahrain - Victorious,,,",29",,
5,167,finished,55,778,178,Classic,29,IT,Velasco Simone,https://www.procyclingstats.com/rider/simone-velasco,XDS Astana Team,,,",78",,
5,168,finished,129,1585,26,GC,31,DE,Schachmann Maximilian,https://www.procyclingstats.com/rider/maximilian-schachmann,Soudal Quick-Step,,,",25",,
5,169,finished,140,1782,56,Classic,30,SI,Mohorič Matej,https://www.procyclingstats.com/rider/matej-mohoric,Bahrain - Victorious,,,",12",,
5,170,finished,49,681,195,Classic,22,DK,Andresen Tobias Lund,https://www.procyclingstats.com/rider/tobias-lund-andresen,Team Picnic PostNL,,,",19",,
5,171,finished,85,1264,68,Hills,23,GB,Watson Samuel,https://www.procyclingstats.com/rider/samuel-watson,INEOS Grenadiers,,,",28",,
5,172,finished,178,2318,173,Sprint,29,NL,Bol Cees,https://www.procyclingstats.com/rider/cees-bol,XDS Astana Team,,,",22",,
5,173,finished,73,1009,28,GC,25,BE,Van Wilder Ilan,https://www.procyclingstats.com/rider/ilan-van-wilder,Soudal Quick-Step,,,",79",,
5,174,finished,179,2336,175,Classic,25,KZ,Fedorov Yevgeniy,https://www.procyclingstats.com/rider/yevgeniy-fedorov,XDS Astana Team,,,",19",,
5,175,finished,171,2062,53,TT,34,PL,Gradek Kamil,https://www.procyclingstats.com/rider/kamil-gradek,Bahrain - Victorious,,,",4",,
5,176,finished,121,1550,193,Sprint,22,CZ,Bittner Pavel,https://www.procyclingstats.com/rider/pavel-bittner,Team Picnic PostNL,,,",16",,
5,177,finished,75,1099,14,TT,33,BE,Campenaerts Victor,https://www.procyclingstats.com/rider/victor-campenaerts,Team Visma | Lease a Bike,,,",01",,
5,178,finished,173,2157,117,Climber,28,AU,Storer Michael,https://www.procyclingstats.com/rider/michael-storer,Tudor Pro Cycling Team,,,",81",,
5,179,finished,167,1975,211,Classic,23,BE,De Lie Arnaud,https://www.procyclingstats.com/rider/arnaud-de-lie,Lotto,,,",2",,
5,,DNS,,,185,Classic,26,FR,Jeannière Emilien,https://www.procyclingstats.com/rider/emilien-jeanniere,TotalEnergies,,,,,
5,,DNS,,,213,Classic,31,BE,De Buyst Jasper,https://www.procyclingstats.com/rider/jasper-de-buyst,Lotto,,,,,
6,1,finished,8,121,31,Climber,24,IE,Healy Ben,https://www.procyclingstats.com/rider/ben-healy,EF Education - EasyPost,210.0,100.0,4:24:10,0,15850
6,2,finished,61,1156,84,Hills,24,US,Simmons Quinn,https://www.procyclingstats.com/rider/quinn-simmons,Lidl - Trek,150.0,70.0,2:44,164,16014
6,3,finished,105,1998,117,Climber,28,AU,Storer Michael,https://www.procyclingstats.com/rider/michael-storer,Tudor Pro Cycling Team,110.0,50.0,2:51,171,16021
6,4,finished,29,521,122,GC,28,IE,Dunbar Eddie,https://www.procyclingstats.com/rider/edward-irl-dunbar,Team Jayco AlUla,90.0,40.0,3:21,201,16051
6,5,finished,40,849,18,Climber,32,GB,Yates Simon,https://www.procyclingstats.com/rider/simon-yates,Team Visma | Lease a Bike,70.0,32.0,3:24,204,16054
6,6,finished,109,2114,142,TT,29,US,Barta Will,https://www.procyclingstats.com/rider/william-barta,Movistar Team,55.0,26.0,3:29,209,16059
6,7,finished,77,1469,171,Climber,28,CO,Tejada Harold,https://www.procyclingstats.com/rider/harold-tejada,XDS Astana Team,45.0,22.0,3:52,232,16082
6,8,finished,1,0,106,Classic,30,NL,van der Poel Mathieu,https://www.procyclingstats.com/rider/mathieu-van-der-poel,Alpecin - Deceuninck,40.0,18.0,3:58,238,16088
6,9,finished,2,1,1,Climber,26,SI,Pogačar Tadej,https://www.procyclingstats.com/rider/tadej-pogacar,UAE Team Emirates - XRG,35.0,14.0,5:27,327,16177
6,10,finished,5,74,11,GC,28,DK,Vingegaard Jonas,https://www.procyclingstats.com/rider/jonas-vingegaard,Team Visma | Lease a Bike,30.0,10.0,",,",327,16177
6,11,finished,6,83,15,GC,26,US,Jorgenson Matteo,https://www.procyclingstats.com/rider/matteo-jorgenson,Team Visma | Lease a Bike,25.0,8.0,",,",327,16177
6,12,finished,3,43,21,Climber,25,BE,Evenepoel Remco,https://www.procyclingstats.com/rider/remco-evenepoel,Soudal Quick-Step,20.0,6.0,",,",327,16177
6,13,finished,11,162,191,GC,22,GB,Onley Oscar,https://www.procyclingstats.com/rider/oscar-onley,Team Picnic PostNL,15.0,4.0,",,",327,16177
6,14,finished,4,60,131,GC,24,FR,Vauquelin Kévin,https://www.procyclingstats.com/rider/kevin-vauquelin,Arkéa - B&B Hotels,10.0,2.0,",,",327,16177
6,15,finished,9,152,72,GC,24,DE,Lipowitz Florian,https://www.procyclingstats.com/rider/florian-lipowitz,Red Bull - BORA - hansgrohe,5.0,1.0,",,",327,16177
6,16,finished,18,278,151,Climber,27,AT,Gall Felix,https://www.procyclingstats.com/rider/felix-gall,Decathlon AG2R La Mondiale Team,,,",,",327,16177
6,17,finished,14,237,51,Climber,25,CO,Buitrago Santiago,https://www.procyclingstats.com/rider/santiago-buitrago-sanchez,Bahrain - Victorious,,,5:32,332,16182
6,18,finished,13,215,141,Climber,30,ES,Mas Enric,https://www.procyclingstats.com/rider/enric-mas,Movistar Team,,,",,",332,16182
6,19,finished,10,156,71,Climber,35,SI,Roglič Primož,https://www.procyclingstats.com/rider/primoz-roglic,Red Bull - BORA - hansgrohe,,,",,",332,16182
6,20,finished,19,309,186,Climber,26,FR,Jegat Jordan,https://www.procyclingstats.com/rider/jordan-jegat,TotalEnergies,,,",,",332,16182
6,21,finished,66,1284,176,Climber,27,CO,Higuita Sergio,https://www.procyclingstats.com/rider/sergio-higuita,XDS Astana Team,,,",,",332,16182
6,22,finished,15,238,221,Climber,25,NO,Johannessen Tobias Halland,https://www.procyclingstats.com/rider/tobias-halland-johannessen,Uno-X Mobility,,,",,",332,16182
6,23,finished,7,119,2,GC,26,PT,Almeida João,https://www.procyclingstats.com/rider/joao-almeida,UAE Team Emirates - XRG,,,",,",332,16182
6,24,finished,20,309,54,GC,31,AU,Haig Jack,https://www.procyclingstats.com/rider/jack-haig,Bahrain - Victorious,,,5:40,340,16190
6,25,finished,17,261,66,GC,24,ES,Rodríguez Carlos,https://www.procyclingstats.com/rider/carlos-rodriguez-cano,INEOS Grenadiers,,,5:43,343,16193
6,26,finished,24,369,161,GC,32,DE,Buchmann Emanuel,https://www.procyclingstats.com/rider/emanuel-buchmann,Cofidis,,,",,",343,16193
6,27,finished,32,608,137,GC,30,ES,Rodríguez Cristián,https://www.procyclingstats.com/rider/cristian-rodriguez,Arkéa - B&B Hotels,,,5:48,348,16198
6,28,finished,23,347,91,Climber,32,FR,Martin Guillaume,https://www.procyclingstats.com/rider/guillaume-martin,Groupama - FDJ,,,",,",348,16198
6,29,finished,30,569,94,Classic,22,FR,Grégoire Romain,https://www.procyclingstats.com/rider/romain-gregoire,Groupama - FDJ,,,6:02,362,16212
6,30,finished,25,370,95,Classic,28,FR,Madouas Valentin,https://www.procyclingstats.com/rider/valentin-madouas,Groupama - FDJ,,,",,",362,16212
6,31,finished,27,454,13,Classic,31,BE,Benoot Tiesj,https://www.procyclingstats.com/rider/tiesj-benoot,Team Visma | Lease a Bike,,,6:07,367,16217
6,32,finished,41,856,96,Hills,33,FR,Pacher Quentin,https://www.procyclingstats.com/rider/quentin-pacher,Groupama - FDJ,,,",,",367,16217
6,33,finished,12,193,85,Climber,24,DK,Skjelmose Mattias,https://www.procyclingstats.com/rider/mattias-skjelmose-jensen,Lidl - Trek,,,",,",367,16217
6,34,finished,22,338,181,GC,29,BE,Cras Steff,https://www.procyclingstats.com/rider/steff-cras,TotalEnergies,,,6:10,370,16220
6,35,finished,16,251,156,GC,29,FR,Paret-Peintre Aurélien,https://www.procyclingstats.com/rider/aurelien-paret-peintre,Decathlon AG2R La Mondiale Team,,,6:15,375,16225
6,36,finished,26,408,203,GC,22,GB,Blackmore Joseph,https://www.procyclingstats.com/rider/joseph-blackmore,Israel - Premier Tech,,,",,",375,16225
6,37,finished,45,896,153,Climber,27,FR,Berthet Clément,https://www.procyclingstats.com/rider/clement-berthet,Decathlon AG2R La Mondiale Team,,,6:26,386,16236
6,38,finished,28,475,3,Hills,28,EC,Narváez Jhonatan,https://www.procyclingstats.com/rider/jhonatan-narvaez,UAE Team Emirates - XRG,,,6:36,396,16246
6,39,finished,65,1237,62,GC,25,NL,Arensman Thymen,https://www.procyclingstats.com/rider/thymen-arensman,INEOS Grenadiers,,,",,",396,16246
6,40,finished,85,1646,227,GC,26,NO,Leknessund Andreas,https://www.procyclingstats.com/rider/andreas-leknessund,Uno-X Mobility,,,",,",396,16246
6,41,finished,35,667,192,Climber,33,FR,Barguil Warren,https://www.procyclingstats.com/rider/warren-barguil,Team Picnic PostNL,,,6:49,409,16259
6,42,finished,21,330,121,GC,29,AU,O'Connor Ben,https://www.procyclingstats.com/rider/ben-o-connor,Team Jayco AlUla,,,",,",409,16259
6,43,finished,98,1906,136,Hills,24,FR,Le Berre Mathis,https://www.procyclingstats.com/rider/mathis-le-berre,Arkéa - B&B Hotels,,,7:37,457,16307
6,44,finished,47,909,178,Classic,29,IT,Velasco Simone,https://www.procyclingstats.com/rider/simone-velasco,XDS Astana Team,,,",,",457,16307
6,45,finished,68,1304,146,GC,31,AT,Mühlberger Gregor,https://www.procyclingstats.com/rider/gregor-muhlberger,Movistar Team,,,7:43,463,16313
6,46,finished,38,754,138,Classic,31,FR,Venturini Clément,https://www.procyclingstats.com/rider/clement-venturini,Arkéa - B&B Hotels,,,7:55,475,16325
6,47,finished,60,1132,78,Climber,29,RU,Vlasov Aleksandr,https://www.procyclingstats.com/rider/aleksandr-vlasov,Red Bull - BORA - hansgrohe,,,8:01,481,16331
6,48,finished,106,2004,126,GC,24,AU,Plapp Luke,https://www.procyclingstats.com/rider/luke-plapp,Team Jayco AlUla,,,",,",481,16331
6,49,finished,80,1542,113,Classic,34,AT,Haller Marco,https://www.procyclingstats.com/rider/marco-haller,Tudor Pro Cycling Team,,,",,",481,16331
6,50,finished,34,629,183,Classic,27,FR,Delettre Alexandre,https://www.procyclingstats.com/rider/alexandre-delettre,TotalEnergies,,,8:06,486,16336
6,51,finished,33,619,104,GC,33,BE,Meurisse Xandro,https://www.procyclingstats.com/rider/xandro-meurisse,Alpecin - Deceuninck,,,8:09,489,16339
6,52,finished,82,1615,93,Hills,29,FR,Barthe Cyril,https://www.procyclingstats.com/rider/cyril-barthe,Groupama - FDJ,,,",,",489,16339
6,53,finished,76,1457,8,Climber,32,GB,Yates Adam,https://www.procyclingstats.com/rider/adam-yates,UAE Team Emirates - XRG,,,8:19,499,16349
6,54,finished,59,1127,157,GC,28,AU,Scotson Callum,https://www.procyclingstats.com/rider/callum-scotson,Decathlon AG2R La Mondiale Team,,,8:31,511,16361
6,55,finished,91,1788,26,GC,31,DE,Schachmann Maximilian,https://www.procyclingstats.com/rider/maximilian-schachmann,Soudal Quick-Step,,,8:49,529,16379
6,56,finished,43,871,7,GC,34,BE,Wellens Tim,https://www.procyclingstats.com/rider/tim-wellens,UAE Team Emirates - XRG,,,8:55,535,16385
6,57,finished,73,1422,152,TT,31,FR,Armirail Bruno,https://www.procyclingstats.com/rider/bruno-armirail,Decathlon AG2R La Mondiale Team,,,",,",535,16385
6,58,finished,55,1093,225,Classic,30,NO,Hoelgaard Markus,https://www.procyclingstats.com/rider/markus-hoelgaard,Uno-X Mobility,,,",,",535,16385
6,59,finished,78,1483,184,GC,24,FR,Gachignard Thomas,https://www.procyclingstats.com/rider/thomas-gachignard,TotalEnergies,,,",,",535,16385
6,60,finished,57,1120,87,Classic,33,BE,Stuyven Jasper,https://www.procyclingstats.com/rider/jasper-stuyven,Lidl - Trek,,,8:57,537,16387
6,61,finished,70,1326,155,Classic,34,BE,Naesen Oliver,https://www.procyclingstats.com/rider/oliver-naesen,Decathlon AG2R La Mondiale Team,,,",,",537,16387
6,62,finished,51,974,23,Classic,28,NL,Eenkhoorn Pascal,https://www.procyclingstats.com/rider/pascal-eenkhoorn,Soudal Quick-Step,,,",,",537,16387
6,63,finished,63,1223,28,GC,25,BE,Van Wilder Ilan,https://www.procyclingstats.com/rider/ilan-van-wilder,Soudal Quick-Step,,,9:00,540,16390
6,64,finished,123,2378,148,Climber,27,CO,Rubio Einer,https://www.procyclingstats.com/rider/einer-rubio,Movistar Team,,,",,",540,16390
6,65,finished,50,953,207,Classic,30,LV,Neilands Krists,https://www.procyclingstats.com/rider/krists-neilands,Israel - Premier Tech,,,",,",540,16390
6,66,finished,90,1768,201,Climber,38,CA,Woods Michael,https://www.procyclingstats.com/rider/michael-woods,Israel - Premier Tech,,,",,",540,16390
6,67,finished,31,590,212,Classic,24,BE,Berckmoes Jenno,https://www.procyclingstats.com/rider/jenno-berckmoes,Lotto,,,",,",540,16390
6,68,finished,54,1073,144,TT,36,PT,Oliveira Nelson,https://www.procyclingstats.com/rider/nelson-oliveira,Movistar Team,,,",,",540,16390
6,69,finished,92,1791,22,TT,34,IT,Cattaneo Mattia,https://www.procyclingstats.com/rider/mattia-cattaneo,Soudal Quick-Step,,,",,",540,16390
6,70,finished,86,1658,198,GC,24,NL,van den Broek Frank,https://www.procyclingstats.com/rider/frank-van-den-broek,Team Picnic PostNL,,,",,",540,16390
6,71,finished,81,1555,174,Climber,27,FR,Champoussin Clément,https://www.procyclingstats.com/rider/clement-champoussin,XDS Astana Team,,,",,",540,16390
6,72,finished,52,1011,182,Hills,26,FR,Burgaudeau Mathieu,https://www.procyclingstats.com/rider/mathieu-burgaudeau,TotalEnergies,,,",,",540,16390
6,73,finished,84,1637,57,Hills,26,AU,Stannard Robert,https://www.procyclingstats.com/rider/robert-stannard,Bahrain - Victorious,,,",,",540,16390
6,74,finished,62,1216,111,Classic,33,FR,Alaphilippe Julian,https://www.procyclingstats.com/rider/julian-alaphilippe,Tudor Pro Cycling Team,,,",,",540,16390
6,75,finished,46,901,195,Classic,22,DK,Andresen Tobias Lund,https://www.procyclingstats.com/rider/tobias-lund-andresen,Team Picnic PostNL,,,9:06,546,16396
6,76,finished,113,2185,143,Climber,24,ES,Castrillo Pablo,https://www.procyclingstats.com/rider/pablo-castrillo-zapater,Movistar Team,,,",,",546,16396
6,77,finished,89,1750,135,Climber,24,ES,García Pierna Raúl,https://www.procyclingstats.com/rider/raul-garcia-pierna,Arkéa - B&B Hotels,,,",,",546,16396
6,78,finished,37,752,16,Climber,30,US,Kuss Sepp,https://www.procyclingstats.com/rider/sepp-kuss,Team Visma | Lease a Bike,,,9:12,552,16402
6,79,finished,69,1325,14,TT,33,BE,Campenaerts Victor,https://www.procyclingstats.com/rider/victor-campenaerts,Team Visma | Lease a Bike,,,",,",552,16402
6,80,finished,39,840,61,GC,39,GB,Thomas Geraint,https://www.procyclingstats.com/rider/geraint-thomas,INEOS Grenadiers,,,",,",552,16402
6,81,finished,53,1047,63,TT,28,NO,Foss Tobias,https://www.procyclingstats.com/rider/tobias-foss,INEOS Grenadiers,,,9:15,555,16405
6,82,finished,114,2198,108,Climber,23,BE,Verstrynge Emiel,https://www.procyclingstats.com/rider/emiel-verstrynge,Alpecin - Deceuninck,,,9:24,564,16414
6,83,finished,36,676,35,Classic,28,US,Powless Neilson,https://www.procyclingstats.com/rider/neilson-powless,EF Education - EasyPost,,,9:30,570,16420
6,84,finished,49,947,34,Climber,24,FR,Baudin Alex,https://www.procyclingstats.com/rider/alex-baudin,EF Education - EasyPost,,,",,",570,16420
6,85,finished,42,866,36,GC,27,AU,Sweeny Harry,https://www.procyclingstats.com/rider/harry-sweeny,EF Education - EasyPost,,,",,",570,16420
6,86,finished,71,1360,33,TT,30,DK,Asgreen Kasper,https://www.procyclingstats.com/rider/kasper-asgreen,EF Education - EasyPost,,,9:40,580,16430
6,87,finished,79,1534,37,Classic,33,DK,Valgren Michael,https://www.procyclingstats.com/rider/michael-valgren-andersen,EF Education - EasyPost,,,9:42,582,16432
6,88,finished,67,1292,86,Classic,34,LV,Skujiņš Toms,https://www.procyclingstats.com/rider/toms-skujins,Lidl - Trek,,,10:04,604,16454
6,89,finished,48,928,206,GC,32,KZ,Lutsenko Alexey,https://www.procyclingstats.com/rider/aleksey-lutsenko,Israel - Premier Tech,,,",,",604,16454
6,90,finished,103,1992,145,Classic,29,ES,García Cortina Iván,https://www.procyclingstats.com/rider/ivan-garcia-cortina,Movistar Team,,,10:25,625,16475
6,91,finished,108,2086,56,Classic,30,SI,Mohorič Matej,https://www.procyclingstats.com/rider/matej-mohoric,Bahrain - Victorious,,,10:30,630,16480
6,92,finished,56,1113,65,Hills,24,FR,Laurance Axel,https://www.procyclingstats.com/rider/axel-laurance,INEOS Grenadiers,,,10:32,632,16482
6,93,finished,83,1631,74,Classic,31,IT,Moscon Gianni,https://www.procyclingstats.com/rider/gianni-moscon,Red Bull - BORA - hansgrohe,,,",,",632,16482
6,94,finished,96,1859,75,Classic,22,NZ,Pithie Laurence,https://www.procyclingstats.com/rider/laurence-pithie,Red Bull - BORA - hansgrohe,,,10:36,636,16486
6,95,finished,117,2230,25,Climber,24,FR,Paret-Peintre Valentin,https://www.procyclingstats.com/rider/valentin-paret-peintre,Soudal Quick-Step,,,",,",636,16486
6,96,finished,118,2239,55,Climber,21,FR,Martinez Lenny,https://www.procyclingstats.com/rider/lenny-martinez,Bahrain - Victorious,,,10:42,642,16492
6,97,finished,87,1715,83,Hills,22,BE,Nys Thibau,https://www.procyclingstats.com/rider/thibau-nys,Lidl - Trek,,,11:52,712,16562
6,98,finished,44,887,162,Classic,29,ES,Aranburu Alex,https://www.procyclingstats.com/rider/alex-aranburu,Cofidis,,,",,",712,16562
6,99,finished,121,2293,147,GC,21,ES,Romeo Iván,https://www.procyclingstats.com/rider/ivan-romeo,Movistar Team,,,",,",712,16562
6,100,finished,58,1120,118,Classic,35,IT,Trentin Matteo,https://www.procyclingstats.com/rider/matteo-trentin,Tudor Pro Cycling Team,,,12:42,762,16612
6,101,finished,93,1791,6,Climber,31,ES,Soler Marc,https://www.procyclingstats.com/rider/marc-soler,UAE Team Emirates - XRG,,,14:03,843,16693
6,102,finished,100,1920,5,GC,27,FR,Sivakov Pavel,https://www.procyclingstats.com/rider/pavel-sivakov,UAE Team Emirates - XRG,,,",,",843,16693
6,103,finished,116,2227,4,Classic,31,DE,Politt Nils,https://www.procyclingstats.com/rider/nils-politt,UAE Team Emirates - XRG,,,18:47,1127,16977
6,104,finished,115,2213,187,Classic,31,FR,Turgis Anthony,https://www.procyclingstats.com/rider/anthony-turgis,TotalEnergies,,,19:54,1194,17044
6,105,finished,75,1449,158,Classic,23,FR,Tronchon Bastien,https://www.procyclingstats.com/rider/bastien-tronchon,Decathlon AG2R La Mondiale Team,,,",,",1194,17044
6,106,finished,119,2245,222,Classic,29,NO,Abrahamsen Jonas,https://www.procyclingstats.com/rider/jonas-abrahamsen,Uno-X Mobility,,,",,",1194,17044
6,107,finished,120,2261,46,Classic,27,DE,Rutsch Jonas,https://www.procyclingstats.com/rider/jonas-rutsch,Intermarché - Wanty,,,",,",1194,17044
6,108,finished,130,2496,196,Sprint,26,DE,Märkl Niklas,https://www.procyclingstats.com/rider/niklas-markl,Team Picnic PostNL,,,",,",1194,17044
6,109,finished,110,2161,48,Classic,27,DE,Zimmermann Georg,https://www.procyclingstats.com/rider/georg-zimmermann,Intermarché - Wanty,,,",,",1194,17044
6,110,finished,128,2431,116,Hills,24,DE,Mayrhofer Marius,https://www.procyclingstats.com/rider/marius-mayrhofer,Tudor Pro Cycling Team,,,",,",1194,17044
6,111,finished,135,2721,77,Sprint,31,NL,van Poppel Danny,https://www.procyclingstats.com/rider/danny-van-poppel,Red Bull - BORA - hansgrohe,,,",,",1194,17044
6,112,finished,74,1441,128,Hills,25,CH,Schmid Mauro,https://www.procyclingstats.com/rider/mauro-schmid,Team Jayco AlUla,,,",,",1194,17044
6,113,finished,125,2405,218,Classic,27,BE,Van Moer Brent,https://www.procyclingstats.com/rider/brent-van-moer,Lotto,,,",,",1194,17044
6,114,finished,137,2767,216,GC,34,AR,Sepúlveda Eduardo,https://www.procyclingstats.com/rider/eduardo-sepulveda,Lotto,,,",,",1194,17044
6,115,finished,88,1726,164,GC,36,ES,Izagirre Ion,https://www.procyclingstats.com/rider/ion-izagirre,Cofidis,,,",,",1194,17044
6,116,finished,107,2022,67,Classic,29,GB,Swift Connor,https://www.procyclingstats.com/rider/connor-swift,INEOS Grenadiers,,,",,",1194,17044
6,117,finished,72,1418,17,Classic,30,BE,van Aert Wout,https://www.procyclingstats.com/rider/wout-van-aert,Team Visma | Lease a Bike,,,",,",1194,17044
6,118,finished,124,2390,105,Classic,31,BE,Rickaert Jonas,https://www.procyclingstats.com/rider/jonas-rickaert,Alpecin - Deceuninck,,,",,",1194,17044
6,119,finished,134,2717,112,Sprint,27,IT,Dainese Alberto,https://www.procyclingstats.com/rider/alberto-dainese,Tudor Pro Cycling Team,,,",,",1194,17044
6,120,finished,133,2711,202,Sprint,31,DE,Ackermann Pascal,https://www.procyclingstats.com/rider/pascal-ackermann,Israel - Premier Tech,,,",,",1194,17044
6,121,finished,101,1967,107,Classic,32,BE,Vermeersch Gianni,https://www.procyclingstats.com/rider/gianni-vermeersch,Alpecin - Deceuninck,,,",,",1194,17044
6,122,finished,64,1227,114,Classic,26,CH,Hirschi Marc,https://www.procyclingstats.com/rider/marc-hirschi,Tudor Pro Cycling Team,,,",,",1194,17044
6,123,finished,102,1972,42,Classic,25,FR,Barré Louis,https://www.procyclingstats.com/rider/louis-barre,Intermarché - Wanty,,,",,",1194,17044
6,124,finished,104,1993,205,Classic,25,FR,Louvel Matis,https://www.procyclingstats.com/rider/matis-louvel,Israel - Premier Tech,,,",,",1194,17044
6,125,finished,131,2685,197,GC,26,NL,Naberman Tim,https://www.procyclingstats.com/rider/tim-naberman,Team Picnic PostNL,,,",,",1194,17044
6,126,finished,127,2425,32,Hills,28,IT,Albanese Vincenzo,https://www.procyclingstats.com/rider/vincenzo-albanese,EF Education - EasyPost,,,",,",1194,17044
6,127,finished,112,2168,226,GC,25,NO,Johannessen Anders Halland,https://www.procyclingstats.com/rider/anders-halland-johannessen,Uno-X Mobility,,,20:15,1215,17065
6,128,finished,136,2762,228,Classic,25,NO,Wærenskjold Søren,https://www.procyclingstats.com/rider/soren-waerenskjold,Uno-X Mobility,,,20:18,1218,17068
6,129,finished,95,1831,168,Classic,29,FR,Touzé Damien,https://www.procyclingstats.com/rider/damien-touze,Cofidis,,,20:25,1225,17075
6,130,finished,97,1896,58,Hills,26,GB,Wright Fred,https://www.procyclingstats.com/rider/alfred-wright,Bahrain - Victorious,,,21:52,1312,17162
6,131,finished,126,2412,177,Classic,32,NL,Teunissen Mike,https://www.procyclingstats.com/rider/mike-teunissen,XDS Astana Team,,,",,",1312,17162
6,132,finished,160,3307,173,Sprint,29,NL,Bol Cees,https://www.procyclingstats.com/rider/cees-bol,XDS Astana Team,,,21:55,1315,17165
6,133,finished,99,1919,163,Sprint,33,FR,Coquard Bryan,https://www.procyclingstats.com/rider/bryan-coquard,Cofidis,,,21:59,1319,17169
6,134,finished,122,2303,167,TT,29,FR,Thomas Benjamin,https://www.procyclingstats.com/rider/benjamin-thomas-2,Cofidis,,,",,",1319,17169
6,135,finished,138,2814,98,Classic,30,FR,Russo Clément,https://www.procyclingstats.com/rider/clement-russo,Groupama - FDJ,,,29:27,1767,17617
6,136,finished,177,3699,102,Classic,34,CH,Dillier Silvan,https://www.procyclingstats.com/rider/silvan-dillier,Alpecin - Deceuninck,,,",,",1767,17617
6,137,finished,148,3016,92,Classic,24,GB,Askey Lewis,https://www.procyclingstats.com/rider/lewis-askey,Groupama - FDJ,,,",,",1767,17617
6,138,finished,168,3365,45,Classic,25,BE,Rex Laurenz,https://www.procyclingstats.com/rider/laurenz-rex,Intermarché - Wanty,,,",,",1767,17617
6,139,finished,129,2450,133,GC,22,FR,Costiou Ewen,https://www.procyclingstats.com/rider/ewen-costiou,Arkéa - B&B Hotels,,,",,",1767,17617
6,140,finished,154,3177,194,GC,25,GB,Flynn Sean,https://www.procyclingstats.com/rider/sean-flynn,Team Picnic PostNL,,,",,",1767,17617
6,141,finished,155,3181,43,Classic,24,BE,Braet Vito,https://www.procyclingstats.com/rider/vito-braet,Intermarché - Wanty,,,",,",1767,17617
6,142,finished,150,3034,127,Classic,33,NL,Reinders Elmar,https://www.procyclingstats.com/rider/elmar-reinders,Team Jayco AlUla,,,",,",1767,17617
6,143,finished,139,2831,97,Classic,23,FR,Penhoët Paul,https://www.procyclingstats.com/rider/paul-penhoet,Groupama - FDJ,,,",,",1767,17617
6,144,finished,147,2991,193,Sprint,22,CZ,Bittner Pavel,https://www.procyclingstats.com/rider/pavel-bittner,Team Picnic PostNL,,,",,",1767,17617
6,145,finished,178,3777,175,Classic,25,KZ,Fedorov Yevgeniy,https://www.procyclingstats.com/rider/yevgeniy-fedorov,XDS Astana Team,,,",,",1767,17617
6,146,finished,161,3311,204,Classic,36,CA,Boivin Guillaume,https://www.procyclingstats.com/rider/guillaume-boivin,Israel - Premier Tech,,,",,",1767,17617
6,147,finished,141,2926,38,Hills,25,NL,van den Berg Marijn,https://www.procyclingstats.com/rider/marijn-van-den-berg,EF Education - EasyPost,,,",,",1767,17617
6,148,finished,175,3503,53,TT,34,PL,Gradek Kamil,https://www.procyclingstats.com/rider/kamil-gradek,Bahrain - Victorious,,,",,",1767,17617
6,149,finished,176,3542,47,GC,24,NL,van Sintmaartensdijk Roel,https://www.procyclingstats.com/rider/roel-van-sintmaartensdijk,Intermarché - Wanty,,,",,",1767,17617
6,150,finished,144,2946,208,Hills,25,GB,Stewart Jake,https://www.procyclingstats.com/rider/jake-stewart,Israel - Premier Tech,,,29:33,1773,17623
6,151,finished,156,3236,76,Classic,25,NL,van Dijke Mick,https://www.procyclingstats.com/rider/mick-van-dijke,Red Bull - BORA - hansgrohe,,,",,",1773,17623
6,152,finished,140,2915,12,TT,29,IT,Affini Edoardo,https://www.procyclingstats.com/rider/edoardo-affini,Team Visma | Lease a Bike,,,",,",1773,17623
6,153,finished,143,2941,224,Sprint,22,NO,Edvardsen-Fredheim Stian,https://www.procyclingstats.com/rider/stian-fredheim,Uno-X Mobility,,,",,",1773,17623
6,154,finished,132,2711,68,Hills,23,GB,Watson Samuel,https://www.procyclingstats.com/rider/samuel-watson,INEOS Grenadiers,,,",,",1773,17623
6,155,finished,169,3381,52,Sprint,31,DE,Bauhaus Phil,https://www.procyclingstats.com/rider/phil-bauhaus,Bahrain - Victorious,,,",,",1773,17623
6,156,finished,151,3100,132,Classic,32,BE,Capiot Amaury,https://www.procyclingstats.com/rider/amaury-capiot,Arkéa - B&B Hotels,,,",,",1773,17623
6,157,finished,157,3264,123,TT,34,AU,Durbridge Luke,https://www.procyclingstats.com/rider/luke-durbridge,Team Jayco AlUla,,,",,",1773,17623
6,158,finished,153,3145,165,Classic,26,FR,Renard Alexis,https://www.procyclingstats.com/rider/alexis-renard,Cofidis,,,",,",1773,17623
6,159,finished,158,3269,124,Sprint,32,NL,Groenewegen Dylan,https://www.procyclingstats.com/rider/dylan-groenewegen,Team Jayco AlUla,,,",,",1773,17623
6,160,finished,167,3354,115,Classic,31,CH,Lienhard Fabian,https://www.procyclingstats.com/rider/fabian-lienhard,Tudor Pro Cycling Team,,,",,",1773,17623
6,161,finished,163,3328,134,Classic,33,FR,Démare Arnaud,https://www.procyclingstats.com/rider/arnaud-demare,Arkéa - B&B Hotels,,,",,",1773,17623
6,162,finished,172,3441,215,Classic,26,BE,Grignard Sébastien,https://www.procyclingstats.com/rider/sebastien-grignard,Lotto,,,",,",1773,17623
6,163,finished,165,3333,27,Classic,32,BE,Van Lerberghe Bert,https://www.procyclingstats.com/rider/bert-van-lerberghe,Soudal Quick-Step,,,",,",1773,17623
6,164,finished,146,2964,81,Sprint,24,IT,Milan Jonathan,https://www.procyclingstats.com/rider/jonathan-milan,Lidl - Trek,,,",,",1773,17623
6,165,finished,159,3306,24,Sprint,32,BE,Merlier Tim,https://www.procyclingstats.com/rider/tim-merlier,Soudal Quick-Step,,,",,",1773,17623
6,166,finished,142,2935,44,Classic,23,FR,Page Hugo,https://www.procyclingstats.com/rider/hugo-page,Intermarché - Wanty,,,",,",1773,17623
6,167,finished,145,2962,41,Classic,25,ER,Girmay Biniam,https://www.procyclingstats.com/rider/biniam-girmay,Intermarché - Wanty,,,",,",1773,17623
6,168,finished,149,3033,125,Hills,37,SI,Mezgec Luka,https://www.procyclingstats.com/rider/luka-mezgec,Team Jayco AlUla,,,",,",1773,17623
6,169,finished,173,3466,88,Classic,34,BE,Theuns Edward,https://www.procyclingstats.com/rider/edward-theuns,Lidl - Trek,,,",,",1773,17623
6,170,finished,152,3119,217,Climber,23,BE,Van Eetvelt Lennert,https://www.procyclingstats.com/rider/lennert-van-eetvelt,Lotto,,,",,",1773,17623
6,171,finished,164,3331,223,Hills,32,DK,Cort Magnus,https://www.procyclingstats.com/rider/magnus-cort-nielsen,Uno-X Mobility,,,",,",1773,17623
6,172,finished,162,3328,214,GC,26,AU,Drizners Jarrad,https://www.procyclingstats.com/rider/jarrad-drizners,Lotto,,,29:44,1784,17634
6,173,finished,111,2163,103,Hills,26,AU,Groves Kaden,https://www.procyclingstats.com/rider/kaden-groves,Alpecin - Deceuninck,,,",,",1784,17634
6,174,finished,171,3437,211,Classic,23,BE,De Lie Arnaud,https://www.procyclingstats.com/rider/arnaud-de-lie,Lotto,,,29:48,1788,17638
6,175,finished,166,3338,82,Classic,30,IT,Consonni Simone,https://www.procyclingstats.com/rider/simone-consonni,Lidl - Trek,,,29:57,1797,17647
6,176,finished,170,3422,172,Classic,30,IT,Ballerini Davide,https://www.procyclingstats.com/rider/davide-ballerini,XDS Astana Team,,,",,",1797,17647
6,177,finished,179,3781,188,Hills,24,FR,Vercher Mattéo,https://www.procyclingstats.com/rider/matheo-vercher,TotalEnergies,,,30:07,1807,17657
6,178,finished,174,3467,73,Classic,27,BE,Meeus Jordi,https://www.procyclingstats.com/rider/jordi-meeus,Red Bull - BORA - hansgrohe,,,",,",1807,17657
6,179,finished,94,1795,166,GC,33,BE,Teuns Dylan,https://www.procyclingstats.com/rider/dylan-teuns,Cofidis,,,30:15,1815,17665
7,1,finished,1,0,1,Climber,26,SI,Pogačar Tadej,https://www.procyclingstats.com/rider/tadej-pogacar,UAE Team Emirates - XRG,210.0,100.0,4:05:39,0,14739
7,2,finished,4,77,11,GC,28,DK,Vingegaard Jonas,https://www.procyclingstats.com/rider/jonas-vingegaard,Team Visma | Lease a Bike,150.0,70.0,",,",0,14739
7,3,finished,7,169,191,GC,22,GB,Onley Oscar,https://www.procyclingstats.com/rider/oscar-onley,Team Picnic PostNL,110.0,50.0,0:02,2,14741
7,4,finished,14,289,151,Climber,27,AT,Gall Felix,https://www.procyclingstats.com/rider/felix-gall,Decathlon AG2R La Mondiale Team,90.0,40.0,",,",2,14741
7,5,finished,6,94,15,GC,26,US,Jorgenson Matteo,https://www.procyclingstats.com/rider/matteo-jorgenson,Team Visma | Lease a Bike,70.0,32.0,",,",2,14741
7,6,finished,2,54,21,Climber,25,BE,Evenepoel Remco,https://www.procyclingstats.com/rider/remco-evenepoel,Soudal Quick-Step,55.0,26.0,",,",2,14741
7,7,finished,3,71,131,GC,24,FR,Vauquelin Kévin,https://www.procyclingstats.com/rider/kevin-vauquelin,Arkéa - B&B Hotels,45.0,22.0,",,",2,14741
7,8,finished,19,491,3,Hills,28,EC,Narváez Jhonatan,https://www.procyclingstats.com/rider/jhonatan-narvaez,UAE Team Emirates - XRG,40.0,18.0,0:07,7,14746
7,9,finished,39,1137,65,Hills,24,FR,Laurance Axel,https://www.procyclingstats.com/rider/axel-laurance,INEOS Grenadiers,35.0,14.0,0:15,15,14754
7,10,finished,12,268,221,Climber,25,NO,Johannessen Tobias Halland,https://www.procyclingstats.com/rider/tobias-halland-johannessen,Uno-X Mobility,30.0,10.0,0:21,21,14760
7,11,finished,16,339,186,Climber,26,FR,Jegat Jordan,https://www.procyclingstats.com/rider/jordan-jegat,TotalEnergies,25.0,8.0,",,",21,14760
7,12,finished,10,223,85,Climber,24,DK,Skjelmose Mattias,https://www.procyclingstats.com/rider/mattias-skjelmose-jensen,Lidl - Trek,20.0,6.0,",,",21,14760
7,13,finished,24,599,94,Classic,22,FR,Grégoire Romain,https://www.procyclingstats.com/rider/romain-gregoire,Groupama - FDJ,15.0,4.0,",,",21,14760
7,14,finished,8,182,72,GC,24,DE,Lipowitz Florian,https://www.procyclingstats.com/rider/florian-lipowitz,Red Bull - BORA - hansgrohe,10.0,2.0,",,",21,14760
7,15,finished,15,291,66,GC,24,ES,Rodríguez Carlos,https://www.procyclingstats.com/rider/carlos-rodriguez-cano,INEOS Grenadiers,5.0,1.0,",,",21,14760
7,16,finished,9,186,71,Climber,35,SI,Roglič Primož,https://www.procyclingstats.com/rider/primoz-roglic,Red Bull - BORA - hansgrohe,,,",,",21,14760
7,17,finished,25,652,137,GC,30,ES,Rodríguez Cristián,https://www.procyclingstats.com/rider/cristian-rodriguez,Arkéa - B&B Hotels,,,0:35,35,14774
7,18,finished,27,677,104,GC,33,BE,Meurisse Xandro,https://www.procyclingstats.com/rider/xandro-meurisse,Alpecin - Deceuninck,,,0:49,49,14788
7,19,finished,13,275,141,Climber,30,ES,Mas Enric,https://www.procyclingstats.com/rider/enric-mas,Movistar Team,,,0:51,51,14790
7,20,finished,48,1354,176,Climber,27,CO,Higuita Sergio,https://www.procyclingstats.com/rider/sergio-higuita,XDS Astana Team,,,1:01,61,14800
7,21,finished,26,660,212,Classic,24,BE,Berckmoes Jenno,https://www.procyclingstats.com/rider/jenno-berckmoes,Lotto,,,",,",61,14800
7,22,finished,5,89,106,Classic,30,NL,van der Poel Mathieu,https://www.procyclingstats.com/rider/mathieu-van-der-poel,Alpecin - Deceuninck,,,1:20,80,14819
7,23,finished,30,948,96,Hills,33,FR,Pacher Quentin,https://www.procyclingstats.com/rider/quentin-pacher,Groupama - FDJ,,,1:23,83,14822
7,24,finished,22,546,13,Classic,31,BE,Benoot Tiesj,https://www.procyclingstats.com/rider/tiesj-benoot,Team Visma | Lease a Bike,,,",,",83,14822
7,25,finished,68,1750,198,GC,24,NL,van den Broek Frank,https://www.procyclingstats.com/rider/frank-van-den-broek,Team Picnic PostNL,,,",,",83,14822
7,26,finished,11,235,31,Climber,24,IE,Healy Ben,https://www.procyclingstats.com/rider/ben-healy,EF Education - EasyPost,,,1:45,105,14844
7,27,finished,59,1592,8,Climber,32,GB,Yates Adam,https://www.procyclingstats.com/rider/adam-yates,UAE Team Emirates - XRG,,,2:06,126,14865
7,28,finished,21,515,161,GC,32,DE,Buchmann Emanuel,https://www.procyclingstats.com/rider/emanuel-buchmann,Cofidis,,,2:17,137,14876
7,29,finished,20,493,91,Climber,32,FR,Martin Guillaume,https://www.procyclingstats.com/rider/guillaume-martin,Groupama - FDJ,,,",,",137,14876
7,30,finished,50,1383,28,GC,25,BE,Van Wilder Ilan,https://www.procyclingstats.com/rider/ilan-van-wilder,Soudal Quick-Step,,,2:31,151,14890
7,31,finished,35,1009,18,Climber,32,GB,Yates Simon,https://www.procyclingstats.com/rider/simon-yates,Team Visma | Lease a Bike,,,",,",151,14890
7,32,finished,37,1031,7,GC,34,BE,Wellens Tim,https://www.procyclingstats.com/rider/tim-wellens,UAE Team Emirates - XRG,,,",,",151,14890
7,33,finished,18,490,121,GC,29,AU,O'Connor Ben,https://www.procyclingstats.com/rider/ben-o-connor,Team Jayco AlUla,,,",,",151,14890
7,34,finished,73,1919,135,Climber,24,ES,García Pierna Raúl,https://www.procyclingstats.com/rider/raul-garcia-pierna,Arkéa - B&B Hotels,,,2:40,160,14899
7,35,finished,60,1596,17,Classic,30,BE,van Aert Wout,https://www.procyclingstats.com/rider/wout-van-aert,Team Visma | Lease a Bike,,,2:49,169,14908
7,36,finished,77,1979,6,Climber,31,ES,Soler Marc,https://www.procyclingstats.com/rider/marc-soler,UAE Team Emirates - XRG,,,2:59,179,14918
7,37,finished,17,443,156,GC,29,FR,Paret-Peintre Aurélien,https://www.procyclingstats.com/rider/aurelien-paret-peintre,Decathlon AG2R La Mondiale Team,,,3:03,183,14922
7,38,finished,42,1152,34,Climber,24,FR,Baudin Alex,https://www.procyclingstats.com/rider/alex-baudin,EF Education - EasyPost,,,3:16,196,14935
7,39,finished,23,575,95,Classic,28,FR,Madouas Valentin,https://www.procyclingstats.com/rider/valentin-madouas,Groupama - FDJ,,,",,",196,14935
7,40,finished,45,1298,225,Classic,30,NO,Hoelgaard Markus,https://www.procyclingstats.com/rider/markus-hoelgaard,Uno-X Mobility,,,",,",196,14935
7,41,finished,49,1361,78,Climber,29,RU,Vlasov Aleksandr,https://www.procyclingstats.com/rider/aleksandr-vlasov,Red Bull - BORA - hansgrohe,,,3:40,220,14959
7,42,finished,56,1539,86,Classic,34,LV,Skujiņš Toms,https://www.procyclingstats.com/rider/toms-skujins,Lidl - Trek,,,3:58,238,14977
7,43,finished,41,1149,153,Climber,27,FR,Berthet Clément,https://www.procyclingstats.com/rider/clement-berthet,Decathlon AG2R La Mondiale Team,,,4:04,244,14983
7,44,finished,34,1005,16,Climber,30,US,Kuss Sepp,https://www.procyclingstats.com/rider/sepp-kuss,Team Visma | Lease a Bike,,,",,",244,14983
7,45,finished,55,1490,62,GC,25,NL,Arensman Thymen,https://www.procyclingstats.com/rider/thymen-arensman,INEOS Grenadiers,,,",,",244,14983
7,46,finished,43,1227,23,Classic,28,NL,Eenkhoorn Pascal,https://www.procyclingstats.com/rider/pascal-eenkhoorn,Soudal Quick-Step,,,",,",244,14983
7,47,finished,78,1979,164,GC,36,ES,Izagirre Ion,https://www.procyclingstats.com/rider/ion-izagirre,Cofidis,,,",,",244,14983
7,48,finished,57,1557,146,GC,31,AT,Mühlberger Gregor,https://www.procyclingstats.com/rider/gregor-muhlberger,Movistar Team,,,",,",244,14983
7,49,finished,79,2044,26,GC,31,DE,Schachmann Maximilian,https://www.procyclingstats.com/rider/maximilian-schachmann,Soudal Quick-Step,,,4:07,247,14986
7,50,finished,104,2696,116,Hills,24,DE,Mayrhofer Marius,https://www.procyclingstats.com/rider/marius-mayrhofer,Tudor Pro Cycling Team,,,4:16,256,14995
7,51,finished,54,1481,111,Classic,33,FR,Alaphilippe Julian,https://www.procyclingstats.com/rider/julian-alaphilippe,Tudor Pro Cycling Team,,,",,",256,14995
7,52,finished,31,968,192,Climber,33,FR,Barguil Warren,https://www.procyclingstats.com/rider/warren-barguil,Team Picnic PostNL,,,4:52,292,15031
7,53,finished,32,977,35,Classic,28,US,Powless Neilson,https://www.procyclingstats.com/rider/neilson-powless,EF Education - EasyPost,,,",,",292,15031
7,54,finished,100,2598,147,GC,21,ES,Romeo Iván,https://www.procyclingstats.com/rider/ivan-romeo,Movistar Team,,,4:56,296,15035
7,55,finished,72,1865,174,Climber,27,FR,Champoussin Clément,https://www.procyclingstats.com/rider/clement-champoussin,XDS Astana Team,,,5:01,301,15040
7,56,finished,110,2760,133,GC,22,FR,Costiou Ewen,https://www.procyclingstats.com/rider/ewen-costiou,Arkéa - B&B Hotels,,,",,",301,15040
7,57,finished,51,1452,157,GC,28,AU,Scotson Callum,https://www.procyclingstats.com/rider/callum-scotson,Decathlon AG2R La Mondiale Team,,,5:16,316,15055
7,58,finished,71,1836,158,Classic,23,FR,Tronchon Bastien,https://www.procyclingstats.com/rider/bastien-tronchon,Decathlon AG2R La Mondiale Team,,,6:18,378,15117
7,59,finished,131,3564,194,GC,25,GB,Flynn Sean,https://www.procyclingstats.com/rider/sean-flynn,Team Picnic PostNL,,,",,",378,15117
7,60,finished,36,1016,183,Classic,27,FR,Delettre Alexandre,https://www.procyclingstats.com/rider/alexandre-delettre,TotalEnergies,,,",,",378,15117
7,61,finished,40,1141,138,Classic,31,FR,Venturini Clément,https://www.procyclingstats.com/rider/clement-venturini,Arkéa - B&B Hotels,,,",,",378,15117
7,62,finished,90,2409,67,Classic,29,GB,Swift Connor,https://www.procyclingstats.com/rider/connor-swift,INEOS Grenadiers,,,",,",378,15117
7,63,finished,66,1713,155,Classic,34,BE,Naesen Oliver,https://www.procyclingstats.com/rider/oliver-naesen,Decathlon AG2R La Mondiale Team,,,",,",378,15117
7,64,finished,101,2599,226,GC,25,NO,Johannessen Anders Halland,https://www.procyclingstats.com/rider/anders-halland-johannessen,Uno-X Mobility,,,7:02,422,15161
7,65,finished,47,1321,36,GC,27,AU,Sweeny Harry,https://www.procyclingstats.com/rider/harry-sweeny,EF Education - EasyPost,,,7:26,446,15185
7,66,finished,52,1466,182,Hills,26,FR,Burgaudeau Mathieu,https://www.procyclingstats.com/rider/mathieu-burgaudeau,TotalEnergies,,,",,",446,15185
7,67,finished,75,1938,184,GC,24,FR,Gachignard Thomas,https://www.procyclingstats.com/rider/thomas-gachignard,TotalEnergies,,,",,",446,15185
7,68,finished,80,2070,93,Hills,29,FR,Barthe Cyril,https://www.procyclingstats.com/rider/cyril-barthe,Groupama - FDJ,,,",,",446,15185
7,69,finished,106,2700,222,Classic,29,NO,Abrahamsen Jonas,https://www.procyclingstats.com/rider/jonas-abrahamsen,Uno-X Mobility,,,",,",446,15185
7,70,finished,129,3269,98,Classic,30,FR,Russo Clément,https://www.procyclingstats.com/rider/clement-russo,Groupama - FDJ,,,",,",446,15185
7,71,finished,105,2697,25,Climber,24,FR,Paret-Peintre Valentin,https://www.procyclingstats.com/rider/valentin-paret-peintre,Soudal Quick-Step,,,7:38,458,15197
7,72,finished,58,1588,118,Classic,35,IT,Trentin Matteo,https://www.procyclingstats.com/rider/matteo-trentin,Tudor Pro Cycling Team,,,7:39,459,15198
7,73,finished,33,989,122,GC,28,IE,Dunbar Eddie,https://www.procyclingstats.com/rider/edward-irl-dunbar,Team Jayco AlUla,,,",,",459,15198
7,74,finished,46,1308,61,GC,39,GB,Thomas Geraint,https://www.procyclingstats.com/rider/geraint-thomas,INEOS Grenadiers,,,",,",459,15198
7,75,finished,116,2880,177,Classic,32,NL,Teunissen Mike,https://www.procyclingstats.com/rider/mike-teunissen,XDS Astana Team,,,",,",459,15198
7,76,finished,103,2669,108,Climber,23,BE,Verstrynge Emiel,https://www.procyclingstats.com/rider/emiel-verstrynge,Alpecin - Deceuninck,,,7:42,462,15201
7,77,finished,70,1809,14,TT,33,BE,Campenaerts Victor,https://www.procyclingstats.com/rider/victor-campenaerts,Team Visma | Lease a Bike,,,7:55,475,15214
7,78,finished,61,1657,84,Hills,24,US,Simmons Quinn,https://www.procyclingstats.com/rider/quinn-simmons,Lidl - Trek,,,8:12,492,15231
7,79,finished,95,2473,42,Classic,25,FR,Barré Louis,https://www.procyclingstats.com/rider/louis-barre,Intermarché - Wanty,,,",,",492,15231
7,80,finished,97,2523,145,Classic,29,ES,García Cortina Iván,https://www.procyclingstats.com/rider/ivan-garcia-cortina,Movistar Team,,,8:42,522,15261
7,81,finished,138,3651,132,Classic,32,BE,Capiot Amaury,https://www.procyclingstats.com/rider/amaury-capiot,Arkéa - B&B Hotels,,,9:02,542,15281
7,82,finished,112,2812,46,Classic,27,DE,Rutsch Jonas,https://www.procyclingstats.com/rider/jonas-rutsch,Intermarché - Wanty,,,",,",542,15281
7,83,finished,93,2457,136,Hills,24,FR,Le Berre Mathis,https://www.procyclingstats.com/rider/mathis-le-berre,Arkéa - B&B Hotels,,,",,",542,15281
7,84,finished,87,2319,201,Climber,38,CA,Woods Michael,https://www.procyclingstats.com/rider/michael-woods,Israel - Premier Tech,,,",,",542,15281
7,85,finished,76,1973,152,TT,31,FR,Armirail Bruno,https://www.procyclingstats.com/rider/bruno-armirail,Decathlon AG2R La Mondiale Team,,,",,",542,15281
7,86,finished,89,2382,168,Classic,29,FR,Touzé Damien,https://www.procyclingstats.com/rider/damien-touze,Cofidis,,,",,",542,15281
7,87,finished,63,1677,87,Classic,33,BE,Stuyven Jasper,https://www.procyclingstats.com/rider/jasper-stuyven,Lidl - Trek,,,9:08,548,15287
7,88,finished,119,2962,218,Classic,27,BE,Van Moer Brent,https://www.procyclingstats.com/rider/brent-van-moer,Lotto,,,",,",548,15287
7,89,finished,29,895,181,GC,29,BE,Cras Steff,https://www.procyclingstats.com/rider/steff-cras,TotalEnergies,,,",,",548,15287
7,90,finished,130,3388,97,Classic,23,FR,Penhoët Paul,https://www.procyclingstats.com/rider/paul-penhoet,Groupama - FDJ,,,",,",548,15287
7,91,finished,53,1466,178,Classic,29,IT,Velasco Simone,https://www.procyclingstats.com/rider/simone-velasco,XDS Astana Team,,,",,",548,15287
7,92,finished,118,2935,148,Climber,27,CO,Rubio Einer,https://www.procyclingstats.com/rider/einer-rubio,Movistar Team,,,",,",548,15287
7,93,finished,83,2225,227,GC,26,NO,Leknessund Andreas,https://www.procyclingstats.com/rider/andreas-leknessund,Uno-X Mobility,,,9:30,570,15309
7,94,finished,85,2295,83,Hills,22,BE,Nys Thibau,https://www.procyclingstats.com/rider/thibau-nys,Lidl - Trek,,,9:31,571,15310
7,95,finished,121,3028,32,Hills,28,IT,Albanese Vincenzo,https://www.procyclingstats.com/rider/vincenzo-albanese,EF Education - EasyPost,,,9:54,594,15333
7,96,finished,94,2462,75,Classic,22,NZ,Pithie Laurence,https://www.procyclingstats.com/rider/laurence-pithie,Red Bull - BORA - hansgrohe,,,",,",594,15333
7,97,finished,84,2234,74,Classic,31,IT,Moscon Gianni,https://www.procyclingstats.com/rider/gianni-moscon,Red Bull - BORA - hansgrohe,,,",,",594,15333
7,98,finished,65,1695,144,TT,36,PT,Oliveira Nelson,https://www.procyclingstats.com/rider/nelson-oliveira,Movistar Team,,,10:13,613,15352
7,99,finished,28,741,2,GC,26,PT,Almeida João,https://www.procyclingstats.com/rider/joao-almeida,UAE Team Emirates - XRG,,,",,",613,15352
7,100,finished,98,2593,107,Classic,32,BE,Vermeersch Gianni,https://www.procyclingstats.com/rider/gianni-vermeersch,Alpecin - Deceuninck,,,10:17,617,15356
7,101,finished,111,2789,103,Hills,26,AU,Groves Kaden,https://www.procyclingstats.com/rider/kaden-groves,Alpecin - Deceuninck,,,",,",617,15356
7,102,finished,150,3999,223,Hills,32,DK,Cort Magnus,https://www.procyclingstats.com/rider/magnus-cort-nielsen,Uno-X Mobility,,,10:59,659,15398
7,103,finished,125,3105,105,Classic,31,BE,Rickaert Jonas,https://www.procyclingstats.com/rider/jonas-rickaert,Alpecin - Deceuninck,,,11:46,706,15445
7,104,finished,137,3630,12,TT,29,IT,Affini Edoardo,https://www.procyclingstats.com/rider/edoardo-affini,Team Visma | Lease a Bike,,,",,",706,15445
7,105,finished,96,2510,166,GC,33,BE,Teuns Dylan,https://www.procyclingstats.com/rider/dylan-teuns,Cofidis,,,",,",706,15445
7,106,finished,140,3749,127,Classic,33,NL,Reinders Elmar,https://www.procyclingstats.com/rider/elmar-reinders,Team Jayco AlUla,,,",,",706,15445
7,107,finished,115,2876,48,Classic,27,DE,Zimmermann Georg,https://www.procyclingstats.com/rider/georg-zimmermann,Intermarché - Wanty,,,",,",706,15445
7,108,finished,159,4080,45,Classic,25,BE,Rex Laurenz,https://www.procyclingstats.com/rider/laurenz-rex,Intermarché - Wanty,,,",,",706,15445
7,109,finished,154,4021,24,Sprint,32,BE,Merlier Tim,https://www.procyclingstats.com/rider/tim-merlier,Soudal Quick-Step,,,",,",706,15445
7,110,finished,155,4048,27,Classic,32,BE,Van Lerberghe Bert,https://www.procyclingstats.com/rider/bert-van-lerberghe,Soudal Quick-Step,,,",,",706,15445
7,111,finished,102,2635,5,GC,28,FR,Sivakov Pavel,https://www.procyclingstats.com/rider/pavel-sivakov,UAE Team Emirates - XRG,,,",,",706,15445
7,112,finished,107,2725,205,Classic,25,FR,Louvel Matis,https://www.procyclingstats.com/rider/matis-louvel,Israel - Premier Tech,,,12:03,723,15462
7,113,finished,64,1685,207,Classic,30,LV,Neilands Krists,https://www.procyclingstats.com/rider/krists-neilands,Israel - Premier Tech,,,",,",723,15462
7,114,finished,62,1660,206,GC,32,KZ,Lutsenko Alexey,https://www.procyclingstats.com/rider/aleksey-lutsenko,Israel - Premier Tech,,,",,",723,15462
7,115,finished,128,3249,196,Sprint,26,DE,Märkl Niklas,https://www.procyclingstats.com/rider/niklas-markl,Team Picnic PostNL,,,12:24,744,15483
7,116,finished,156,4048,123,TT,34,AU,Durbridge Luke,https://www.procyclingstats.com/rider/luke-durbridge,Team Jayco AlUla,,,12:55,775,15514
7,117,finished,144,3835,125,Hills,37,SI,Mezgec Luka,https://www.procyclingstats.com/rider/luka-mezgec,Team Jayco AlUla,,,13:13,793,15532
7,118,finished,117,2888,56,Classic,30,SI,Mohorič Matej,https://www.procyclingstats.com/rider/matej-mohoric,Bahrain - Victorious,,,",,",793,15532
7,119,finished,91,2439,57,Hills,26,AU,Stannard Robert,https://www.procyclingstats.com/rider/robert-stannard,Bahrain - Victorious,,,",,",793,15532
7,120,finished,38,1039,51,Climber,25,CO,Buitrago Santiago,https://www.procyclingstats.com/rider/santiago-buitrago-sanchez,Bahrain - Victorious,,,",,",793,15532
7,121,finished,157,4071,124,Sprint,32,NL,Groenewegen Dylan,https://www.procyclingstats.com/rider/dylan-groenewegen,Team Jayco AlUla,,,",,",793,15532
7,122,finished,108,2737,163,Sprint,33,FR,Coquard Bryan,https://www.procyclingstats.com/rider/bryan-coquard,Cofidis,,,13:29,809,15548
7,123,finished,123,3051,187,Classic,31,FR,Turgis Anthony,https://www.procyclingstats.com/rider/anthony-turgis,TotalEnergies,,,13:49,829,15568
7,124,finished,176,4619,188,Hills,24,FR,Vercher Mattéo,https://www.procyclingstats.com/rider/matheo-vercher,TotalEnergies,,,",,",829,15568
7,125,finished,124,3065,4,Classic,31,DE,Politt Nils,https://www.procyclingstats.com/rider/nils-politt,UAE Team Emirates - XRG,,,",,",829,15568
7,126,finished,132,3565,202,Sprint,31,DE,Ackermann Pascal,https://www.procyclingstats.com/rider/pascal-ackermann,Israel - Premier Tech,,,14:05,845,15584
7,127,finished,136,3621,216,GC,34,AR,Sepúlveda Eduardo,https://www.procyclingstats.com/rider/eduardo-sepulveda,Lotto,,,",,",845,15584
7,128,finished,82,2214,33,TT,30,DK,Asgreen Kasper,https://www.procyclingstats.com/rider/kasper-asgreen,EF Education - EasyPost,,,",,",845,15584
7,129,finished,151,4007,165,Classic,26,FR,Renard Alexis,https://www.procyclingstats.com/rider/alexis-renard,Cofidis,,,14:13,853,15592
7,130,finished,161,4173,204,Classic,36,CA,Boivin Guillaume,https://www.procyclingstats.com/rider/guillaume-boivin,Israel - Premier Tech,,,",,",853,15592
7,131,finished,142,3808,208,Hills,25,GB,Stewart Jake,https://www.procyclingstats.com/rider/jake-stewart,Israel - Premier Tech,,,",,",853,15592
7,132,finished,88,2331,171,Climber,28,CO,Tejada Harold,https://www.procyclingstats.com/rider/harold-tejada,XDS Astana Team,,,",,",853,15592
7,133,finished,165,4216,115,Classic,31,CH,Lienhard Fabian,https://www.procyclingstats.com/rider/fabian-lienhard,Tudor Pro Cycling Team,,,",,",853,15592
7,134,finished,174,4561,102,Classic,34,CH,Dillier Silvan,https://www.procyclingstats.com/rider/silvan-dillier,Alpecin - Deceuninck,,,",,",853,15592
7,135,finished,86,2303,128,Hills,25,CH,Schmid Mauro,https://www.procyclingstats.com/rider/mauro-schmid,Team Jayco AlUla,,,",,",853,15592
7,136,finished,81,2089,114,Classic,26,CH,Hirschi Marc,https://www.procyclingstats.com/rider/marc-hirschi,Tudor Pro Cycling Team,,,",,",853,15592
7,137,finished,44,1270,203,GC,22,GB,Blackmore Joseph,https://www.procyclingstats.com/rider/joseph-blackmore,Israel - Premier Tech,,,",,",853,15592
7,138,finished,67,1749,162,Classic,29,ES,Aranburu Alex,https://www.procyclingstats.com/rider/alex-aranburu,Cofidis,,,",,",853,15592
7,139,finished,133,3583,77,Sprint,31,NL,van Poppel Danny,https://www.procyclingstats.com/rider/danny-van-poppel,Red Bull - BORA - hansgrohe,,,",,",853,15592
7,140,finished,109,2758,58,Hills,26,GB,Wright Fred,https://www.procyclingstats.com/rider/alfred-wright,Bahrain - Victorious,,,",,",853,15592
7,141,finished,166,4243,52,Sprint,31,DE,Bauhaus Phil,https://www.procyclingstats.com/rider/phil-bauhaus,Bahrain - Victorious,,,",,",853,15592
7,142,finished,169,4365,53,TT,34,PL,Gradek Kamil,https://www.procyclingstats.com/rider/kamil-gradek,Bahrain - Victorious,,,",,",853,15592
7,143,finished,162,4190,214,GC,26,AU,Drizners Jarrad,https://www.procyclingstats.com/rider/jarrad-drizners,Lotto,,,",,",853,15592
7,144,finished,114,2866,126,GC,24,AU,Plapp Luke,https://www.procyclingstats.com/rider/luke-plapp,Team Jayco AlUla,,,",,",853,15592
7,145,finished,167,4303,215,Classic,26,BE,Grignard Sébastien,https://www.procyclingstats.com/rider/sebastien-grignard,Lotto,,,",,",853,15592
7,146,finished,148,3981,217,Climber,23,BE,Van Eetvelt Lennert,https://www.procyclingstats.com/rider/lennert-van-eetvelt,Lotto,,,",,",853,15592
7,147,finished,163,4190,134,Classic,33,FR,Démare Arnaud,https://www.procyclingstats.com/rider/arnaud-demare,Arkéa - B&B Hotels,,,",,",853,15592
7,148,finished,141,3788,38,Hills,25,NL,van den Berg Marijn,https://www.procyclingstats.com/rider/marijn-van-den-berg,EF Education - EasyPost,,,",,",853,15592
7,149,finished,122,3047,143,Climber,24,ES,Castrillo Pablo,https://www.procyclingstats.com/rider/pablo-castrillo-zapater,Movistar Team,,,",,",853,15592
7,150,finished,120,2976,142,TT,29,US,Barta Will,https://www.procyclingstats.com/rider/william-barta,Movistar Team,,,",,",853,15592
7,151,finished,113,2860,117,Climber,28,AU,Storer Michael,https://www.procyclingstats.com/rider/michael-storer,Tudor Pro Cycling Team,,,",,",853,15592
7,152,finished,74,1925,63,TT,28,NO,Foss Tobias,https://www.procyclingstats.com/rider/tobias-foss,INEOS Grenadiers,,,14:29,869,15608
7,153,finished,177,4655,175,Classic,25,KZ,Fedorov Yevgeniy,https://www.procyclingstats.com/rider/yevgeniy-fedorov,XDS Astana Team,,,",,",869,15608
7,154,finished,126,3126,55,Climber,22,FR,Martinez Lenny,https://www.procyclingstats.com/rider/lenny-martinez,Bahrain - Victorious,,,14:38,878,15617
7,155,finished,160,4124,76,Classic,25,NL,van Dijke Mick,https://www.procyclingstats.com/rider/mick-van-dijke,Red Bull - BORA - hansgrohe,,,14:39,879,15618
7,156,finished,145,3882,193,Sprint,22,CZ,Bittner Pavel,https://www.procyclingstats.com/rider/pavel-bittner,Team Picnic PostNL,,,14:42,882,15621
7,157,finished,158,4072,43,Classic,24,BE,Braet Vito,https://www.procyclingstats.com/rider/vito-braet,Intermarché - Wanty,,,",,",882,15621
7,158,finished,134,3590,197,GC,26,NL,Naberman Tim,https://www.procyclingstats.com/rider/tim-naberman,Team Picnic PostNL,,,14:56,896,15635
7,159,finished,69,1806,195,Classic,22,DK,Andresen Tobias Lund,https://www.procyclingstats.com/rider/tobias-lund-andresen,Team Picnic PostNL,,,",,",896,15635
7,160,finished,164,4212,173,Sprint,29,NL,Bol Cees,https://www.procyclingstats.com/rider/cees-bol,XDS Astana Team,,,",,",896,15635
7,161,finished,168,4327,172,Classic,30,IT,Ballerini Davide,https://www.procyclingstats.com/rider/davide-ballerini,XDS Astana Team,,,",,",896,15635
7,162,finished,135,3616,68,Hills,23,GB,Watson Samuel,https://www.procyclingstats.com/rider/samuel-watson,INEOS Grenadiers,,,",,",896,15635
7,163,finished,146,3921,92,Classic,24,GB,Askey Lewis,https://www.procyclingstats.com/rider/lewis-askey,Groupama - FDJ,,,",,",896,15635
7,164,finished,92,2439,37,Classic,33,DK,Valgren Michael,https://www.procyclingstats.com/rider/michael-valgren-andersen,EF Education - EasyPost,,,",,",896,15635
7,165,finished,127,3208,167,TT,29,FR,Thomas Benjamin,https://www.procyclingstats.com/rider/benjamin-thomas-2,Cofidis,,,",,",896,15635
7,166,finished,147,3966,224,Sprint,22,NO,Edvardsen-Fredheim Stian,https://www.procyclingstats.com/rider/stian-fredheim,Uno-X Mobility,,,16:56,1016,15755
7,167,finished,139,3742,112,Sprint,27,IT,Dainese Alberto,https://www.procyclingstats.com/rider/alberto-dainese,Tudor Pro Cycling Team,,,",,",1016,15755
7,168,finished,175,4594,47,GC,24,NL,van Sintmaartensdijk Roel,https://www.procyclingstats.com/rider/roel-van-sintmaartensdijk,Intermarché - Wanty,,,17:23,1043,15782
7,169,finished,149,3987,44,Classic,23,FR,Page Hugo,https://www.procyclingstats.com/rider/hugo-page,Intermarché - Wanty,,,",,",1043,15782
7,170,finished,152,4014,41,Classic,25,ER,Girmay Biniam,https://www.procyclingstats.com/rider/biniam-girmay,Intermarché - Wanty,,,",,",1043,15782
7,171,finished,99,2594,113,Classic,34,AT,Haller Marco,https://www.procyclingstats.com/rider/marco-haller,Tudor Pro Cycling Team,,,",,",1043,15782
7,172,finished,143,3814,228,Classic,25,NO,Wærenskjold Søren,https://www.procyclingstats.com/rider/soren-waerenskjold,Uno-X Mobility,,,",,",1043,15782
7,173,finished,172,4519,73,Classic,27,BE,Meeus Jordi,https://www.procyclingstats.com/rider/jordi-meeus,Red Bull - BORA - hansgrohe,,,",,",1043,15782
7,174,finished,153,4016,81,Sprint,24,IT,Milan Jonathan,https://www.procyclingstats.com/rider/jonathan-milan,Lidl - Trek,,,",,",1043,15782
7,175,finished,171,4500,211,Classic,23,BE,De Lie Arnaud,https://www.procyclingstats.com/rider/arnaud-de-lie,Lotto,,,17:34,1054,15793
7,176,finished,170,4407,82,Classic,30,IT,Consonni Simone,https://www.procyclingstats.com/rider/simone-consonni,Lidl - Trek,,,17:40,1060,15799
7,177,finished,173,4535,88,Classic,34,BE,Theuns Edward,https://www.procyclingstats.com/rider/edward-theuns,Lidl - Trek,,,",,",1060,15799
7,,DNF,,,22,TT,34,IT,Cattaneo Mattia,https://www.procyclingstats.com/rider/mattia-cattaneo,Soudal Quick-Step,,,,,
7,,DNF,,,54,GC,31,AU,Haig Jack,https://www.procyclingstats.com/rider/jack-haig,Bahrain - Victorious,,,,,
8,1,finished,149,4016,81,Sprint,24,IT,Milan Jonathan,https://www.procyclingstats.com/rider/jonathan-milan,Lidl - Trek,210.0,100.0,3:50:26,0,13826
8,2,finished,53,1590,17,Classic,30,BE,van Aert Wout,https://www.procyclingstats.com/rider/wout-van-aert,Team Visma | Lease a Bike,150.0,70.0,",,",0,13826
8,3,finished,103,2785,103,Hills,26,AU,Groves Kaden,https://www.procyclingstats.com/rider/kaden-groves,Alpecin - Deceuninck,110.0,50.0,",,",0,13826
8,4,finished,128,3565,202,Sprint,31,DE,Ackermann Pascal,https://www.procyclingstats.com/rider/pascal-ackermann,Israel - Premier Tech,90.0,40.0,",,",0,13826
8,5,finished,168,4500,211,Classic,23,BE,De Lie Arnaud,https://www.procyclingstats.com/rider/arnaud-de-lie,Lotto,70.0,32.0,",,",0,13826
8,6,finished,62,1806,195,Classic,22,DK,Andresen Tobias Lund,https://www.procyclingstats.com/rider/tobias-lund-andresen,Team Picnic PostNL,55.0,26.0,",,",0,13826
8,7,finished,97,2737,163,Sprint,33,FR,Coquard Bryan,https://www.procyclingstats.com/rider/bryan-coquard,Cofidis,45.0,22.0,",,",0,13826
8,8,finished,137,3742,112,Sprint,27,IT,Dainese Alberto,https://www.procyclingstats.com/rider/alberto-dainese,Tudor Pro Cycling Team,40.0,18.0,",,",0,13826
8,9,finished,112,3028,32,Hills,28,IT,Albanese Vincenzo,https://www.procyclingstats.com/rider/vincenzo-albanese,EF Education - EasyPost,35.0,14.0,",,",0,13826
8,10,finished,146,3966,224,Sprint,22,NO,Edvardsen-Fredheim Stian,https://www.procyclingstats.com/rider/stian-fredheim,Uno-X Mobility,30.0,10.0,",,",0,13826
8,11,finished,129,3583,77,Sprint,31,NL,van Poppel Danny,https://www.procyclingstats.com/rider/danny-van-poppel,Red Bull - BORA - hansgrohe,25.0,8.0,",,",0,13826
8,12,finished,160,4243,52,Sprint,31,DE,Bauhaus Phil,https://www.procyclingstats.com/rider/phil-bauhaus,Bahrain - Victorious,20.0,6.0,",,",0,13826
8,13,finished,145,3921,92,Classic,24,GB,Askey Lewis,https://www.procyclingstats.com/rider/lewis-askey,Groupama - FDJ,15.0,4.0,",,",0,13826
8,14,finished,66,1836,158,Classic,23,FR,Tronchon Bastien,https://www.procyclingstats.com/rider/bastien-tronchon,Decathlon AG2R La Mondiale Team,10.0,2.0,",,",0,13826
8,15,finished,131,3616,68,Hills,23,GB,Watson Samuel,https://www.procyclingstats.com/rider/samuel-watson,INEOS Grenadiers,5.0,1.0,",,",0,13826
8,16,finished,152,4071,124,Sprint,32,NL,Groenewegen Dylan,https://www.procyclingstats.com/rider/dylan-groenewegen,Team Jayco AlUla,,,",,",0,13826
8,17,finished,116,3051,187,Classic,31,FR,Turgis Anthony,https://www.procyclingstats.com/rider/anthony-turgis,TotalEnergies,,,",,",0,13826
8,18,finished,158,4212,173,Sprint,29,NL,Bol Cees,https://www.procyclingstats.com/rider/cees-bol,XDS Astana Team,,,",,",0,13826
8,19,finished,148,4014,41,Classic,25,ER,Girmay Biniam,https://www.procyclingstats.com/rider/biniam-girmay,Intermarché - Wanty,,,",,",0,13826
8,20,finished,156,4190,134,Classic,33,FR,Démare Arnaud,https://www.procyclingstats.com/rider/arnaud-demare,Arkéa - B&B Hotels,,,",,",0,13826
8,21,finished,5,89,106,Classic,30,NL,van der Poel Mathieu,https://www.procyclingstats.com/rider/mathieu-van-der-poel,Alpecin - Deceuninck,,,",,",0,13826
8,22,finished,147,4007,165,Classic,26,FR,Renard Alexis,https://www.procyclingstats.com/rider/alexis-renard,Cofidis,,,",,",0,13826
8,23,finished,3,71,131,GC,24,FR,Vauquelin Kévin,https://www.procyclingstats.com/rider/kevin-vauquelin,Arkéa - B&B Hotels,,,",,",0,13826
8,24,finished,173,4655,175,Classic,25,KZ,Fedorov Yevgeniy,https://www.procyclingstats.com/rider/yevgeniy-fedorov,XDS Astana Team,,,",,",0,13826
8,25,finished,12,268,221,Climber,25,NO,Johannessen Tobias Halland,https://www.procyclingstats.com/rider/tobias-halland-johannessen,Uno-X Mobility,,,",,",0,13826
8,26,finished,21,515,161,GC,32,DE,Buchmann Emanuel,https://www.procyclingstats.com/rider/emanuel-buchmann,Cofidis,,,",,",0,13826
8,27,finished,19,493,91,Climber,32,FR,Martin Guillaume,https://www.procyclingstats.com/rider/guillaume-martin,Groupama - FDJ,,,",,",0,13826
8,28,finished,11,235,31,Climber,24,IE,Healy Ben,https://www.procyclingstats.com/rider/ben-healy,EF Education - EasyPost,,,",,",0,13826
8,29,finished,2,54,21,Climber,25,BE,Evenepoel Remco,https://www.procyclingstats.com/rider/remco-evenepoel,Soudal Quick-Step,,,",,",0,13826
8,30,finished,17,443,156,GC,29,FR,Paret-Peintre Aurélien,https://www.procyclingstats.com/rider/aurelien-paret-peintre,Decathlon AG2R La Mondiale Team,,,",,",0,13826
8,31,finished,38,1149,153,Climber,27,FR,Berthet Clément,https://www.procyclingstats.com/rider/clement-berthet,Decathlon AG2R La Mondiale Team,,,",,",0,13826
8,32,finished,32,1031,7,GC,34,BE,Wellens Tim,https://www.procyclingstats.com/rider/tim-wellens,UAE Team Emirates - XRG,,,",,",0,13826
8,33,finished,13,275,141,Climber,30,ES,Mas Enric,https://www.procyclingstats.com/rider/enric-mas,Movistar Team,,,",,",0,13826
8,34,finished,18,491,3,Hills,28,EC,Narváez Jhonatan,https://www.procyclingstats.com/rider/jhonatan-narvaez,UAE Team Emirates - XRG,,,",,",0,13826
8,35,finished,16,339,186,Climber,26,FR,Jegat Jordan,https://www.procyclingstats.com/rider/jordan-jegat,TotalEnergies,,,",,",0,13826
8,36,finished,7,169,191,GC,22,GB,Onley Oscar,https://www.procyclingstats.com/rider/oscar-onley,Team Picnic PostNL,,,",,",0,13826
8,37,finished,10,223,85,Climber,24,DK,Skjelmose Mattias,https://www.procyclingstats.com/rider/mattias-skjelmose-jensen,Lidl - Trek,,,",,",0,13826
8,38,finished,4,77,11,GC,28,DK,Vingegaard Jonas,https://www.procyclingstats.com/rider/jonas-vingegaard,Team Visma | Lease a Bike,,,",,",0,13826
8,39,finished,6,94,15,GC,26,US,Jorgenson Matteo,https://www.procyclingstats.com/rider/matteo-jorgenson,Team Visma | Lease a Bike,,,",,",0,13826
8,40,finished,15,291,66,GC,24,ES,Rodríguez Carlos,https://www.procyclingstats.com/rider/carlos-rodriguez-cano,INEOS Grenadiers,,,",,",0,13826
8,41,finished,73,2070,93,Hills,29,FR,Barthe Cyril,https://www.procyclingstats.com/rider/cyril-barthe,Groupama - FDJ,,,",,",0,13826
8,42,finished,1,0,1,Climber,26,SI,Pogačar Tadej,https://www.procyclingstats.com/rider/tadej-pogacar,UAE Team Emirates - XRG,,,",,",0,13826
8,43,finished,8,182,72,GC,24,DE,Lipowitz Florian,https://www.procyclingstats.com/rider/florian-lipowitz,Red Bull - BORA - hansgrohe,,,",,",0,13826
8,44,finished,139,3808,208,Hills,25,GB,Stewart Jake,https://www.procyclingstats.com/rider/jake-stewart,Israel - Premier Tech,,,",,",0,13826
8,45,finished,25,652,137,GC,30,ES,Rodríguez Cristián,https://www.procyclingstats.com/rider/cristian-rodriguez,Arkéa - B&B Hotels,,,",,",0,13826
8,46,finished,85,2462,75,Classic,22,NZ,Pithie Laurence,https://www.procyclingstats.com/rider/laurence-pithie,Red Bull - BORA - hansgrohe,,,",,",0,13826
8,47,finished,9,186,71,Climber,35,SI,Roglič Primož,https://www.procyclingstats.com/rider/primoz-roglic,Red Bull - BORA - hansgrohe,,,",,",0,13826
8,48,finished,44,1383,28,GC,25,BE,Van Wilder Ilan,https://www.procyclingstats.com/rider/ilan-van-wilder,Soudal Quick-Step,,,",,",0,13826
8,49,finished,63,1809,14,TT,33,BE,Campenaerts Victor,https://www.procyclingstats.com/rider/victor-campenaerts,Team Visma | Lease a Bike,,,",,",0,13826
8,50,finished,14,289,151,Climber,27,AT,Gall Felix,https://www.procyclingstats.com/rider/felix-gall,Decathlon AG2R La Mondiale Team,,,",,",0,13826
8,51,finished,50,1466,178,Classic,29,IT,Velasco Simone,https://www.procyclingstats.com/rider/simone-velasco,XDS Astana Team,,,",,",0,13826
8,52,finished,70,1953,184,GC,24,FR,Gachignard Thomas,https://www.procyclingstats.com/rider/thomas-gachignard,TotalEnergies,,,0:15,15,13841
8,53,finished,59,1728,155,Classic,34,BE,Naesen Oliver,https://www.procyclingstats.com/rider/oliver-naesen,Decathlon AG2R La Mondiale Team,,,",,",15,13841
8,54,finished,110,2895,177,Classic,32,NL,Teunissen Mike,https://www.procyclingstats.com/rider/mike-teunissen,XDS Astana Team,,,",,",15,13841
8,55,finished,20,505,121,GC,29,AU,O'Connor Ben,https://www.procyclingstats.com/rider/ben-o-connor,Team Jayco AlUla,,,",,",15,13841
8,56,finished,150,4044,24,Sprint,32,BE,Merlier Tim,https://www.procyclingstats.com/rider/tim-merlier,Soudal Quick-Step,,,0:23,23,13849
8,57,finished,26,683,212,Classic,24,BE,Berckmoes Jenno,https://www.procyclingstats.com/rider/jenno-berckmoes,Lotto,,,",,",23,13849
8,58,finished,140,3811,38,Hills,25,NL,van den Berg Marijn,https://www.procyclingstats.com/rider/marijn-van-den-berg,EF Education - EasyPost,,,",,",23,13849
8,59,finished,144,3915,193,Sprint,22,CZ,Bittner Pavel,https://www.procyclingstats.com/rider/pavel-bittner,Team Picnic PostNL,,,0:33,33,13859
8,60,finished,39,1174,138,Classic,31,FR,Venturini Clément,https://www.procyclingstats.com/rider/clement-venturini,Arkéa - B&B Hotels,,,",,",33,13859
8,61,finished,81,2267,74,Classic,31,IT,Moscon Gianni,https://www.procyclingstats.com/rider/gianni-moscon,Red Bull - BORA - hansgrohe,,,",,",33,13859
8,62,finished,40,1178,65,Hills,24,FR,Laurance Axel,https://www.procyclingstats.com/rider/axel-laurance,INEOS Grenadiers,,,0:41,41,13867
8,63,finished,29,989,96,Hills,33,FR,Pacher Quentin,https://www.procyclingstats.com/rider/quentin-pacher,Groupama - FDJ,,,",,",41,13867
8,64,finished,30,1018,35,Classic,28,US,Powless Neilson,https://www.procyclingstats.com/rider/neilson-powless,EF Education - EasyPost,,,",,",41,13867
8,65,finished,41,1268,23,Classic,28,NL,Eenkhoorn Pascal,https://www.procyclingstats.com/rider/pascal-eenkhoorn,Soudal Quick-Step,,,",,",41,13867
8,66,finished,117,3106,4,Classic,31,DE,Politt Nils,https://www.procyclingstats.com/rider/nils-politt,UAE Team Emirates - XRG,,,",,",41,13867
8,67,finished,57,1718,87,Classic,33,BE,Stuyven Jasper,https://www.procyclingstats.com/rider/jasper-stuyven,Lidl - Trek,,,",,",41,13867
8,68,finished,43,1346,225,Classic,30,NO,Hoelgaard Markus,https://www.procyclingstats.com/rider/markus-hoelgaard,Uno-X Mobility,,,0:48,48,13874
8,69,finished,122,3302,196,Sprint,26,DE,Märkl Niklas,https://www.procyclingstats.com/rider/niklas-markl,Team Picnic PostNL,,,0:53,53,13879
8,70,finished,31,1021,192,Climber,33,FR,Barguil Warren,https://www.procyclingstats.com/rider/warren-barguil,Team Picnic PostNL,,,",,",53,13879
8,71,finished,23,628,95,Classic,29,FR,Madouas Valentin,https://www.procyclingstats.com/rider/valentin-madouas,Groupama - FDJ,,,",,",53,13879
8,72,finished,52,1543,62,GC,25,NL,Arensman Thymen,https://www.procyclingstats.com/rider/thymen-arensman,INEOS Grenadiers,,,",,",53,13879
8,73,finished,24,652,94,Classic,22,FR,Grégoire Romain,https://www.procyclingstats.com/rider/romain-gregoire,Groupama - FDJ,,,",,",53,13879
8,74,finished,134,3674,216,GC,34,AR,Sepúlveda Eduardo,https://www.procyclingstats.com/rider/eduardo-sepulveda,Lotto,,,",,",53,13879
8,75,finished,22,599,13,Classic,31,BE,Benoot Tiesj,https://www.procyclingstats.com/rider/tiesj-benoot,Team Visma | Lease a Bike,,,",,",53,13879
8,76,finished,94,2688,5,GC,28,FR,Sivakov Pavel,https://www.procyclingstats.com/rider/pavel-sivakov,UAE Team Emirates - XRG,,,",,",53,13879
8,77,finished,46,1407,176,Climber,27,CO,Higuita Sergio,https://www.procyclingstats.com/rider/sergio-higuita,XDS Astana Team,,,",,",53,13879
8,78,finished,55,1641,118,Classic,35,IT,Trentin Matteo,https://www.procyclingstats.com/rider/matteo-trentin,Tudor Pro Cycling Team,,,",,",53,13879
8,79,finished,167,4460,82,Classic,30,IT,Consonni Simone,https://www.procyclingstats.com/rider/simone-consonni,Lidl - Trek,,,",,",53,13879
8,80,finished,33,1069,183,Classic,27,FR,Delettre Alexandre,https://www.procyclingstats.com/rider/alexandre-delettre,TotalEnergies,,,",,",53,13879
8,81,finished,28,948,181,GC,29,BE,Cras Steff,https://www.procyclingstats.com/rider/steff-cras,TotalEnergies,,,",,",53,13879
8,82,finished,153,4101,27,Classic,32,BE,Van Lerberghe Bert,https://www.procyclingstats.com/rider/bert-van-lerberghe,Soudal Quick-Step,,,",,",53,13879
8,83,finished,72,2026,152,TT,31,FR,Armirail Bruno,https://www.procyclingstats.com/rider/bruno-armirail,Decathlon AG2R La Mondiale Team,,,",,",53,13879
8,84,finished,98,2749,116,Hills,24,DE,Mayrhofer Marius,https://www.procyclingstats.com/rider/marius-mayrhofer,Tudor Pro Cycling Team,,,",,",53,13879
8,85,finished,51,1505,157,GC,28,AU,Scotson Callum,https://www.procyclingstats.com/rider/callum-scotson,Decathlon AG2R La Mondiale Team,,,",,",53,13879
8,86,finished,56,1645,8,Climber,32,GB,Yates Adam,https://www.procyclingstats.com/rider/adam-yates,UAE Team Emirates - XRG,,,",,",53,13879
8,87,finished,154,4143,43,Classic,24,BE,Braet Vito,https://www.procyclingstats.com/rider/vito-braet,Intermarché - Wanty,,,1:11,71,13897
8,88,finished,42,1341,203,GC,22,GB,Blackmore Joseph,https://www.procyclingstats.com/rider/joseph-blackmore,Israel - Premier Tech,,,",,",71,13897
8,89,finished,82,2285,33,TT,30,DK,Asgreen Kasper,https://www.procyclingstats.com/rider/kasper-asgreen,EF Education - EasyPost,,,",,",71,13897
8,90,finished,142,3885,228,Classic,25,NO,Wærenskjold Søren,https://www.procyclingstats.com/rider/soren-waerenskjold,Uno-X Mobility,,,",,",71,13897
8,91,finished,151,4070,223,Hills,32,DK,Cort Magnus,https://www.procyclingstats.com/rider/magnus-cort-nielsen,Uno-X Mobility,,,",,",71,13897
8,92,finished,132,3635,194,GC,25,GB,Flynn Sean,https://www.procyclingstats.com/rider/sean-flynn,Team Picnic PostNL,,,",,",71,13897
8,93,finished,93,2670,226,GC,25,NO,Johannessen Anders Halland,https://www.procyclingstats.com/rider/anders-halland-johannessen,Uno-X Mobility,,,",,",71,13897
8,94,finished,65,1821,198,GC,24,NL,van den Broek Frank,https://www.procyclingstats.com/rider/frank-van-den-broek,Team Picnic PostNL,,,",,",71,13897
8,95,finished,48,1432,78,Climber,29,RU,Vlasov Aleksandr,https://www.procyclingstats.com/rider/aleksandr-vlasov,Red Bull - BORA - hansgrohe,,,",,",71,13897
8,96,finished,135,3722,132,Classic,32,BE,Capiot Amaury,https://www.procyclingstats.com/rider/amaury-capiot,Arkéa - B&B Hotels,,,",,",71,13897
8,97,finished,34,1076,16,Climber,30,US,Kuss Sepp,https://www.procyclingstats.com/rider/sepp-kuss,Team Visma | Lease a Bike,,,",,",71,13897
8,98,finished,101,2771,222,Classic,29,NO,Abrahamsen Jonas,https://www.procyclingstats.com/rider/jonas-abrahamsen,Uno-X Mobility,,,",,",71,13897
8,99,finished,35,1080,18,Climber,32,GB,Yates Simon,https://www.procyclingstats.com/rider/simon-yates,Team Visma | Lease a Bike,,,",,",71,13897
8,100,finished,77,2115,26,GC,31,DE,Schachmann Maximilian,https://www.procyclingstats.com/rider/maximilian-schachmann,Soudal Quick-Step,,,",,",71,13897
8,101,finished,115,3033,218,Classic,27,BE,Van Moer Brent,https://www.procyclingstats.com/rider/brent-van-moer,Lotto,,,",,",71,13897
8,102,finished,100,2768,25,Climber,24,FR,Paret-Peintre Valentin,https://www.procyclingstats.com/rider/valentin-paret-peintre,Soudal Quick-Step,,,",,",71,13897
8,103,finished,36,1110,51,Climber,25,CO,Buitrago Santiago,https://www.procyclingstats.com/rider/santiago-buitrago-sanchez,Bahrain - Victorious,,,",,",71,13897
8,104,finished,171,4632,102,Classic,34,CH,Dillier Silvan,https://www.procyclingstats.com/rider/silvan-dillier,Alpecin - Deceuninck,,,",,",71,13897
8,105,finished,143,3906,125,Hills,37,SI,Mezgec Luka,https://www.procyclingstats.com/rider/luka-mezgec,Team Jayco AlUla,,,",,",71,13897
8,106,finished,141,3820,127,Classic,33,NL,Reinders Elmar,https://www.procyclingstats.com/rider/elmar-reinders,Team Jayco AlUla,,,",,",71,13897
8,107,finished,54,1610,86,Classic,34,LV,Skujiņš Toms,https://www.procyclingstats.com/rider/toms-skujins,Lidl - Trek,,,",,",71,13897
8,108,finished,60,1766,144,TT,36,PT,Oliveira Nelson,https://www.procyclingstats.com/rider/nelson-oliveira,Movistar Team,,,",,",71,13897
8,109,finished,90,2594,145,Classic,29,ES,García Cortina Iván,https://www.procyclingstats.com/rider/ivan-garcia-cortina,Movistar Team,,,",,",71,13897
8,110,finished,157,4195,76,Classic,25,NL,van Dijke Mick,https://www.procyclingstats.com/rider/mick-van-dijke,Red Bull - BORA - hansgrohe,,,",,",71,13897
8,111,finished,71,1990,135,Climber,24,ES,García Pierna Raúl,https://www.procyclingstats.com/rider/raul-garcia-pierna,Arkéa - B&B Hotels,,,",,",71,13897
8,112,finished,170,4630,88,Classic,34,BE,Theuns Edward,https://www.procyclingstats.com/rider/edward-theuns,Lidl - Trek,,,1:35,95,13921
8,113,finished,106,2860,58,Hills,26,GB,Wright Fred,https://www.procyclingstats.com/rider/alfred-wright,Bahrain - Victorious,,,1:42,102,13928
8,114,finished,87,2541,57,Hills,26,AU,Stannard Robert,https://www.procyclingstats.com/rider/robert-stannard,Bahrain - Victorious,,,",,",102,13928
8,115,finished,47,1423,36,GC,27,AU,Sweeny Harry,https://www.procyclingstats.com/rider/harry-sweeny,EF Education - EasyPost,,,",,",102,13928
8,116,finished,120,3218,105,Classic,31,BE,Rickaert Jonas,https://www.procyclingstats.com/rider/jonas-rickaert,Alpecin - Deceuninck,,,1:53,113,13939
8,117,finished,27,790,104,GC,33,BE,Meurisse Xandro,https://www.procyclingstats.com/rider/xandro-meurisse,Alpecin - Deceuninck,,,",,",113,13939
8,118,finished,61,1773,206,GC,32,KZ,Lutsenko Alexey,https://www.procyclingstats.com/rider/aleksey-lutsenko,Israel - Premier Tech,,,",,",113,13939
8,119,finished,102,2782,108,Climber,23,BE,Verstrynge Emiel,https://www.procyclingstats.com/rider/emiel-verstrynge,Alpecin - Deceuninck,,,",,",113,13939
8,120,finished,76,2092,164,GC,36,ES,Izagirre Ion,https://www.procyclingstats.com/rider/ion-izagirre,Cofidis,,,",,",113,13939
8,121,finished,164,4416,215,Classic,26,BE,Grignard Sébastien,https://www.procyclingstats.com/rider/sebastien-grignard,Lotto,,,",,",113,13939
8,122,finished,67,1862,162,Classic,29,ES,Aranburu Alex,https://www.procyclingstats.com/rider/alex-aranburu,Cofidis,,,",,",113,13939
8,123,finished,75,2092,6,Climber,31,ES,Soler Marc,https://www.procyclingstats.com/rider/marc-soler,UAE Team Emirates - XRG,,,",,",113,13939
8,124,finished,138,3752,12,TT,29,IT,Affini Edoardo,https://www.procyclingstats.com/rider/edoardo-affini,Team Visma | Lease a Bike,,,2:02,122,13948
8,125,finished,83,2347,227,GC,26,NO,Leknessund Andreas,https://www.procyclingstats.com/rider/andreas-leknessund,Uno-X Mobility,,,",,",122,13948
8,126,finished,84,2417,83,Hills,22,BE,Nys Thibau,https://www.procyclingstats.com/rider/thibau-nys,Lidl - Trek,,,",,",122,13948
8,127,finished,86,2515,168,Classic,29,FR,Touzé Damien,https://www.procyclingstats.com/rider/damien-touze,Cofidis,,,2:13,133,13959
8,128,finished,127,3541,97,Classic,23,FR,Penhoët Paul,https://www.procyclingstats.com/rider/paul-penhoet,Groupama - FDJ,,,",,",133,13959
8,129,finished,136,3731,197,GC,26,NL,Naberman Tim,https://www.procyclingstats.com/rider/tim-naberman,Team Picnic PostNL,,,2:21,141,13967
8,130,finished,107,2866,205,Classic,25,FR,Louvel Matis,https://www.procyclingstats.com/rider/matis-louvel,Israel - Premier Tech,,,",,",141,13967
8,131,finished,92,2651,166,GC,33,BE,Teuns Dylan,https://www.procyclingstats.com/rider/dylan-teuns,Cofidis,,,",,",141,13967
8,132,finished,163,4331,214,GC,26,AU,Drizners Jarrad,https://www.procyclingstats.com/rider/jarrad-drizners,Lotto,,,",,",141,13967
8,133,finished,111,3017,48,Classic,27,DE,Zimmermann Georg,https://www.procyclingstats.com/rider/georg-zimmermann,Intermarché - Wanty,,,",,",141,13967
8,134,finished,96,2735,113,Classic,34,AT,Haller Marco,https://www.procyclingstats.com/rider/marco-haller,Tudor Pro Cycling Team,,,",,",141,13967
8,135,finished,118,3117,142,TT,29,US,Barta Will,https://www.procyclingstats.com/rider/william-barta,Movistar Team,,,",,",141,13967
8,136,finished,49,1449,61,GC,39,GB,Thomas Geraint,https://www.procyclingstats.com/rider/geraint-thomas,INEOS Grenadiers,,,",,",141,13967
8,137,finished,114,3029,56,Classic,30,SI,Mohorič Matej,https://www.procyclingstats.com/rider/matej-mohoric,Bahrain - Victorious,,,",,",141,13967
8,138,finished,174,4735,47,GC,24,NL,van Sintmaartensdijk Roel,https://www.procyclingstats.com/rider/roel-van-sintmaartensdijk,Intermarché - Wanty,,,",,",141,13967
8,139,finished,74,2090,63,TT,28,NO,Foss Tobias,https://www.procyclingstats.com/rider/tobias-foss,INEOS Grenadiers,,,2:45,165,13991
8,140,finished,80,2261,114,Classic,26,CH,Hirschi Marc,https://www.procyclingstats.com/rider/marc-hirschi,Tudor Pro Cycling Team,,,2:52,172,13998
8,141,finished,162,4263,45,Classic,25,BE,Rex Laurenz,https://www.procyclingstats.com/rider/laurenz-rex,Intermarché - Wanty,,,3:03,183,14009
8,142,finished,155,4170,44,Classic,23,FR,Page Hugo,https://www.procyclingstats.com/rider/hugo-page,Intermarché - Wanty,,,",,",183,14009
8,143,finished,89,2592,67,Classic,29,GB,Swift Connor,https://www.procyclingstats.com/rider/connor-swift,INEOS Grenadiers,,,",,",183,14009
8,144,finished,165,4420,115,Classic,31,CH,Lienhard Fabian,https://www.procyclingstats.com/rider/fabian-lienhard,Tudor Pro Cycling Team,,,3:24,204,14030
8,145,finished,161,4252,123,TT,34,AU,Durbridge Luke,https://www.procyclingstats.com/rider/luke-durbridge,Team Jayco AlUla,,,",,",204,14030
8,146,finished,169,4580,53,TT,34,PL,Gradek Kamil,https://www.procyclingstats.com/rider/kamil-gradek,Bahrain - Victorious,,,3:35,215,14041
8,147,finished,125,3341,55,Climber,22,FR,Martinez Lenny,https://www.procyclingstats.com/rider/lenny-martinez,Bahrain - Victorious,,,",,",215,14041
8,148,finished,175,4770,73,Classic,27,BE,Meeus Jordi,https://www.procyclingstats.com/rider/jordi-meeus,Red Bull - BORA - hansgrohe,,,4:11,251,14077
8,149,finished,105,2844,107,Classic,32,BE,Vermeersch Gianni,https://www.procyclingstats.com/rider/gianni-vermeersch,Alpecin - Deceuninck,,,",,",251,14077
8,150,finished,45,1403,34,Climber,24,FR,Baudin Alex,https://www.procyclingstats.com/rider/alex-baudin,EF Education - EasyPost,,,",,",251,14077
8,151,finished,126,3530,98,Classic,30,FR,Russo Clément,https://www.procyclingstats.com/rider/clement-russo,Groupama - FDJ,,,4:21,261,14087
8,152,finished,64,1818,146,GC,31,AT,Mühlberger Gregor,https://www.procyclingstats.com/rider/gregor-muhlberger,Movistar Team,,,",,",261,14087
8,153,finished,159,4242,217,Climber,23,BE,Van Eetvelt Lennert,https://www.procyclingstats.com/rider/lennert-van-eetvelt,Lotto,,,",,",261,14087
8,154,finished,119,3196,148,Climber,27,CO,Rubio Einer,https://www.procyclingstats.com/rider/einer-rubio,Movistar Team,,,",,",261,14087
8,155,finished,88,2580,201,Climber,38,CA,Woods Michael,https://www.procyclingstats.com/rider/michael-woods,Israel - Premier Tech,,,",,",261,14087
8,156,finished,95,2718,136,Hills,24,FR,Le Berre Mathis,https://www.procyclingstats.com/rider/mathis-le-berre,Arkéa - B&B Hotels,,,",,",261,14087
8,157,finished,58,1727,182,Hills,26,FR,Burgaudeau Mathieu,https://www.procyclingstats.com/rider/mathieu-burgaudeau,TotalEnergies,,,",,",261,14087
8,158,finished,113,3028,133,GC,22,FR,Costiou Ewen,https://www.procyclingstats.com/rider/ewen-costiou,Arkéa - B&B Hotels,,,4:28,268,14094
8,159,finished,166,4445,204,Classic,36,CA,Boivin Guillaume,https://www.procyclingstats.com/rider/guillaume-boivin,Israel - Premier Tech,,,4:32,272,14098
8,160,finished,69,1936,84,Hills,24,US,Simmons Quinn,https://www.procyclingstats.com/rider/quinn-simmons,Lidl - Trek,,,4:39,279,14105
8,161,finished,91,2610,171,Climber,28,CO,Tejada Harold,https://www.procyclingstats.com/rider/harold-tejada,XDS Astana Team,,,",,",279,14105
8,162,finished,109,2885,147,GC,21,ES,Romeo Iván,https://www.procyclingstats.com/rider/ivan-romeo,Movistar Team,,,4:47,287,14113
8,163,finished,124,3334,143,Climber,24,ES,Castrillo Pablo,https://www.procyclingstats.com/rider/pablo-castrillo-zapater,Movistar Team,,,",,",287,14113
8,164,finished,79,2172,174,Climber,27,FR,Champoussin Clément,https://www.procyclingstats.com/rider/clement-champoussin,XDS Astana Team,,,5:07,307,14133
8,165,finished,172,4634,172,Classic,30,IT,Ballerini Davide,https://www.procyclingstats.com/rider/davide-ballerini,XDS Astana Team,,,",,",307,14133
8,166,finished,130,3596,167,TT,29,FR,Thomas Benjamin,https://www.procyclingstats.com/rider/benjamin-thomas-2,Cofidis,,,6:28,388,14214
8,167,finished,176,5007,188,Hills,24,FR,Vercher Mattéo,https://www.procyclingstats.com/rider/matheo-vercher,TotalEnergies,,,",,",388,14214
8,168,finished,37,1143,2,GC,26,PT,Almeida João,https://www.procyclingstats.com/rider/joao-almeida,UAE Team Emirates - XRG,,,6:42,402,14228
8,169,finished,121,3268,126,GC,24,AU,Plapp Luke,https://www.procyclingstats.com/rider/luke-plapp,Team Jayco AlUla,,,",,",402,14228
8,170,finished,104,2841,37,Classic,33,DK,Valgren Michael,https://www.procyclingstats.com/rider/michael-valgren-andersen,EF Education - EasyPost,,,",,",402,14228
8,171,finished,108,2879,42,Classic,25,FR,Barré Louis,https://www.procyclingstats.com/rider/louis-barre,Intermarché - Wanty,,,6:46,406,14232
8,172,finished,78,2132,207,Classic,30,LV,Neilands Krists,https://www.procyclingstats.com/rider/krists-neilands,Israel - Premier Tech,,,7:27,447,14273
8,173,finished,123,3307,117,Climber,28,AU,Storer Michael,https://www.procyclingstats.com/rider/michael-storer,Tudor Pro Cycling Team,,,",,",447,14273
8,174,finished,68,1928,111,Classic,33,FR,Alaphilippe Julian,https://www.procyclingstats.com/rider/julian-alaphilippe,Tudor Pro Cycling Team,,,",,",447,14273
8,175,finished,99,2750,128,Hills,25,CH,Schmid Mauro,https://www.procyclingstats.com/rider/mauro-schmid,Team Jayco AlUla,,,",,",447,14273
8,176,finished,133,3645,46,Classic,27,DE,Rutsch Jonas,https://www.procyclingstats.com/rider/jonas-rutsch,Intermarché - Wanty,,,13:53,833,14659
8,,DNS,,,122,GC,28,IE,Dunbar Eddie,https://www.procyclingstats.com/rider/edward-irl-dunbar,Team Jayco AlUla,,,,,
9,1,finished,144,4034,24,Sprint,32,BE,Merlier Tim,https://www.procyclingstats.com/rider/tim-merlier,Soudal Quick-Step,210.0,100.0,3:28:52,0,12532
9,2,finished,141,4010,81,Sprint,24,IT,Milan Jonathan,https://www.procyclingstats.com/rider/jonathan-milan,Lidl - Trek,150.0,70.0,",,",0,12532
9,3,finished,161,4496,211,Classic,23,BE,De Lie Arnaud,https://www.procyclingstats.com/rider/arnaud-de-lie,Lotto,110.0,50.0,",,",0,12532
9,4,finished,137,3915,193,Sprint,22,CZ,Bittner Pavel,https://www.procyclingstats.com/rider/pavel-bittner,Team Picnic PostNL,90.0,40.0,",,",0,12532
9,5,finished,120,3541,97,Classic,23,FR,Penhoët Paul,https://www.procyclingstats.com/rider/paul-penhoet,Groupama - FDJ,70.0,32.0,",,",0,12532
9,6,finished,142,4014,41,Classic,25,ER,Girmay Biniam,https://www.procyclingstats.com/rider/biniam-girmay,Intermarché - Wanty,55.0,26.0,",,",0,12532
9,7,finished,156,4243,52,Sprint,31,DE,Bauhaus Phil,https://www.procyclingstats.com/rider/phil-bauhaus,Bahrain - Victorious,45.0,22.0,",,",0,12532
9,8,finished,171,4770,73,Classic,27,BE,Meeus Jordi,https://www.procyclingstats.com/rider/jordi-meeus,Red Bull - BORA - hansgrohe,40.0,18.0,",,",0,12532
9,9,finished,139,3966,224,Sprint,22,NO,Edvardsen-Fredheim Stian,https://www.procyclingstats.com/rider/stian-fredheim,Uno-X Mobility,35.0,14.0,",,",0,12532
9,10,finished,91,2785,103,Hills,26,AU,Groves Kaden,https://www.procyclingstats.com/rider/kaden-groves,Alpecin - Deceuninck,30.0,10.0,",,",0,12532
9,11,finished,140,4007,165,Classic,26,FR,Renard Alexis,https://www.procyclingstats.com/rider/alexis-renard,Cofidis,25.0,8.0,",,",0,12532
9,12,finished,121,3565,202,Sprint,31,DE,Ackermann Pascal,https://www.procyclingstats.com/rider/pascal-ackermann,Israel - Premier Tech,20.0,6.0,",,",0,12532
9,13,finished,151,4190,134,Classic,33,FR,Démare Arnaud,https://www.procyclingstats.com/rider/arnaud-demare,Arkéa - B&B Hotels,15.0,4.0,",,",0,12532
9,14,finished,104,3051,187,Classic,31,FR,Turgis Anthony,https://www.procyclingstats.com/rider/anthony-turgis,TotalEnergies,10.0,2.0,",,",0,12532
9,15,finished,147,4071,124,Sprint,32,NL,Groenewegen Dylan,https://www.procyclingstats.com/rider/dylan-groenewegen,Team Jayco AlUla,5.0,1.0,",,",0,12532
9,16,finished,129,3742,112,Sprint,27,IT,Dainese Alberto,https://www.procyclingstats.com/rider/alberto-dainese,Tudor Pro Cycling Team,,,",,",0,12532
9,17,finished,58,1836,158,Classic,23,FR,Tronchon Bastien,https://www.procyclingstats.com/rider/bastien-tronchon,Decathlon AG2R La Mondiale Team,,,",,",0,12532
9,18,finished,50,1641,118,Classic,35,IT,Trentin Matteo,https://www.procyclingstats.com/rider/matteo-trentin,Tudor Pro Cycling Team,,,",,",0,12532
9,19,finished,122,3583,77,Sprint,31,NL,van Poppel Danny,https://www.procyclingstats.com/rider/danny-van-poppel,Red Bull - BORA - hansgrohe,,,",,",0,12532
9,20,finished,152,4212,173,Sprint,29,NL,Bol Cees,https://www.procyclingstats.com/rider/cees-bol,XDS Astana Team,,,",,",0,12532
9,21,finished,90,2737,163,Sprint,33,FR,Coquard Bryan,https://www.procyclingstats.com/rider/bryan-coquard,Cofidis,,,",,",0,12532
9,22,finished,167,4655,175,Classic,25,KZ,Fedorov Yevgeniy,https://www.procyclingstats.com/rider/yevgeniy-fedorov,XDS Astana Team,,,",,",0,12532
9,23,finished,83,2594,145,Classic,29,ES,García Cortina Iván,https://www.procyclingstats.com/rider/ivan-garcia-cortina,Movistar Team,,,",,",0,12532
9,24,finished,18,493,91,Climber,32,FR,Martin Guillaume,https://www.procyclingstats.com/rider/guillaume-martin,Groupama - FDJ,,,",,",0,12532
9,25,finished,15,291,66,GC,24,ES,Rodríguez Carlos,https://www.procyclingstats.com/rider/carlos-rodriguez-cano,INEOS Grenadiers,,,",,",0,12532
9,26,finished,1,0,1,Climber,26,SI,Pogačar Tadej,https://www.procyclingstats.com/rider/tadej-pogacar,UAE Team Emirates - XRG,,,",,",0,12532
9,27,finished,4,77,11,GC,28,DK,Vingegaard Jonas,https://www.procyclingstats.com/rider/jonas-vingegaard,Team Visma | Lease a Bike,,,",,",0,12532
9,28,finished,55,1821,198,GC,24,NL,van den Broek Frank,https://www.procyclingstats.com/rider/frank-van-den-broek,Team Picnic PostNL,,,",,",0,12532
9,29,finished,88,2718,136,Hills,24,FR,Le Berre Mathis,https://www.procyclingstats.com/rider/mathis-le-berre,Arkéa - B&B Hotels,,,",,",0,12532
9,30,finished,2,54,21,Climber,25,BE,Evenepoel Remco,https://www.procyclingstats.com/rider/remco-evenepoel,Soudal Quick-Step,,,",,",0,12532
9,31,finished,132,3808,208,Hills,25,GB,Stewart Jake,https://www.procyclingstats.com/rider/jake-stewart,Israel - Premier Tech,,,",,",0,12532
9,32,finished,3,71,131,GC,24,FR,Vauquelin Kévin,https://www.procyclingstats.com/rider/kevin-vauquelin,Arkéa - B&B Hotels,,,",,",0,12532
9,33,finished,12,268,221,Climber,25,NO,Johannessen Tobias Halland,https://www.procyclingstats.com/rider/tobias-halland-johannessen,Uno-X Mobility,,,",,",0,12532
9,34,finished,9,186,71,Climber,35,SI,Roglič Primož,https://www.procyclingstats.com/rider/primoz-roglic,Red Bull - BORA - hansgrohe,,,",,",0,12532
9,35,finished,124,3616,68,Hills,23,GB,Watson Samuel,https://www.procyclingstats.com/rider/samuel-watson,INEOS Grenadiers,,,",,",0,12532
9,36,finished,8,182,72,GC,24,DE,Lipowitz Florian,https://www.procyclingstats.com/rider/florian-lipowitz,Red Bull - BORA - hansgrohe,,,",,",0,12532
9,37,finished,95,2895,177,Classic,32,NL,Teunissen Mike,https://www.procyclingstats.com/rider/mike-teunissen,XDS Astana Team,,,",,",0,12532
9,38,finished,10,223,85,Climber,24,DK,Skjelmose Mattias,https://www.procyclingstats.com/rider/mattias-skjelmose-jensen,Lidl - Trek,,,",,",0,12532
9,39,finished,52,1728,155,Classic,34,BE,Naesen Oliver,https://www.procyclingstats.com/rider/oliver-naesen,Decathlon AG2R La Mondiale Team,,,",,",0,12532
9,40,finished,13,275,141,Climber,30,ES,Mas Enric,https://www.procyclingstats.com/rider/enric-mas,Movistar Team,,,",,",0,12532
9,41,finished,62,1953,184,GC,24,FR,Gachignard Thomas,https://www.procyclingstats.com/rider/thomas-gachignard,TotalEnergies,,,",,",0,12532
9,42,finished,33,1149,153,Climber,27,FR,Berthet Clément,https://www.procyclingstats.com/rider/clement-berthet,Decathlon AG2R La Mondiale Team,,,",,",0,12532
9,43,finished,5,94,15,GC,26,US,Jorgenson Matteo,https://www.procyclingstats.com/rider/matteo-jorgenson,Team Visma | Lease a Bike,,,",,",0,12532
9,44,finished,43,1505,157,GC,28,AU,Scotson Callum,https://www.procyclingstats.com/rider/callum-scotson,Decathlon AG2R La Mondiale Team,,,",,",0,12532
9,45,finished,11,235,31,Climber,24,IE,Healy Ben,https://www.procyclingstats.com/rider/ben-healy,EF Education - EasyPost,,,",,",0,12532
9,46,finished,17,443,156,GC,29,FR,Paret-Peintre Aurélien,https://www.procyclingstats.com/rider/aurelien-paret-peintre,Decathlon AG2R La Mondiale Team,,,",,",0,12532
9,47,finished,16,339,186,Climber,26,FR,Jegat Jordan,https://www.procyclingstats.com/rider/jordan-jegat,TotalEnergies,,,",,",0,12532
9,48,finished,14,289,151,Climber,27,AT,Gall Felix,https://www.procyclingstats.com/rider/felix-gall,Decathlon AG2R La Mondiale Team,,,",,",0,12532
9,49,finished,7,169,191,GC,22,GB,Onley Oscar,https://www.procyclingstats.com/rider/oscar-onley,Team Picnic PostNL,,,",,",0,12532
9,50,finished,27,1021,192,Climber,33,FR,Barguil Warren,https://www.procyclingstats.com/rider/warren-barguil,Team Picnic PostNL,,,",,",0,12532
9,51,finished,34,1178,65,Hills,24,FR,Laurance Axel,https://www.procyclingstats.com/rider/axel-laurance,INEOS Grenadiers,,,",,",0,12532
9,52,finished,148,4101,27,Classic,32,BE,Van Lerberghe Bert,https://www.procyclingstats.com/rider/bert-van-lerberghe,Soudal Quick-Step,,,",,",0,12532
9,53,finished,94,2866,205,Classic,25,FR,Louvel Matis,https://www.procyclingstats.com/rider/matis-louvel,Israel - Premier Tech,,,",,",0,12532
9,54,finished,20,515,161,GC,32,DE,Buchmann Emanuel,https://www.procyclingstats.com/rider/emanuel-buchmann,Cofidis,,,",,",0,12532
9,55,finished,101,3033,218,Classic,27,BE,Van Moer Brent,https://www.procyclingstats.com/rider/brent-van-moer,Lotto,,,",,",0,12532
9,56,finished,51,1718,87,Classic,33,BE,Stuyven Jasper,https://www.procyclingstats.com/rider/jasper-stuyven,Lidl - Trek,,,",,",0,12532
9,57,finished,26,1018,35,Classic,28,US,Powless Neilson,https://www.procyclingstats.com/rider/neilson-powless,EF Education - EasyPost,,,",,",0,12532
9,58,finished,37,1346,225,Classic,30,NO,Hoelgaard Markus,https://www.procyclingstats.com/rider/markus-hoelgaard,Uno-X Mobility,,,",,",0,12532
9,59,finished,73,2267,74,Classic,31,IT,Moscon Gianni,https://www.procyclingstats.com/rider/gianni-moscon,Red Bull - BORA - hansgrohe,,,",,",0,12532
9,60,finished,160,4445,204,Classic,36,CA,Boivin Guillaume,https://www.procyclingstats.com/rider/guillaume-boivin,Israel - Premier Tech,,,",,",0,12532
9,61,finished,68,2132,207,Classic,30,LV,Neilands Krists,https://www.procyclingstats.com/rider/krists-neilands,Israel - Premier Tech,,,",,",0,12532
9,62,finished,54,1806,195,Classic,22,DK,Andresen Tobias Lund,https://www.procyclingstats.com/rider/tobias-lund-andresen,Team Picnic PostNL,,,",,",0,12532
9,63,finished,118,3530,98,Classic,30,FR,Russo Clément,https://www.procyclingstats.com/rider/clement-russo,Groupama - FDJ,,,",,",0,12532
9,64,finished,49,1607,17,Classic,30,BE,van Aert Wout,https://www.procyclingstats.com/rider/wout-van-aert,Team Visma | Lease a Bike,,,0:17,17,12549
9,65,finished,66,2087,93,Hills,29,FR,Barthe Cyril,https://www.procyclingstats.com/rider/cyril-barthe,Groupama - FDJ,,,",,",17,12549
9,66,finished,57,1826,14,TT,33,BE,Campenaerts Victor,https://www.procyclingstats.com/rider/victor-campenaerts,Team Visma | Lease a Bike,,,",,",17,12549
9,67,finished,159,4348,214,GC,26,AU,Drizners Jarrad,https://www.procyclingstats.com/rider/jarrad-drizners,Lotto,,,",,",17,12549
9,68,finished,6,106,106,Classic,30,NL,van der Poel Mathieu,https://www.procyclingstats.com/rider/mathieu-van-der-poel,Alpecin - Deceuninck,,,",,",17,12549
9,69,finished,102,3045,32,Hills,28,IT,Albanese Vincenzo,https://www.procyclingstats.com/rider/vincenzo-albanese,EF Education - EasyPost,,,",,",17,12549
9,70,finished,60,1879,162,Classic,29,ES,Aranburu Alex,https://www.procyclingstats.com/rider/alex-aranburu,Cofidis,,,",,",17,12549
9,71,finished,138,3923,125,Hills,37,SI,Mezgec Luka,https://www.procyclingstats.com/rider/luka-mezgec,Team Jayco AlUla,,,",,",17,12549
9,72,finished,157,4280,45,Classic,25,BE,Rex Laurenz,https://www.procyclingstats.com/rider/laurenz-rex,Intermarché - Wanty,,,",,",17,12549
9,73,finished,103,3046,56,Classic,30,SI,Mohorič Matej,https://www.procyclingstats.com/rider/matej-mohoric,Bahrain - Victorious,,,",,",17,12549
9,74,finished,22,669,94,Classic,22,FR,Grégoire Romain,https://www.procyclingstats.com/rider/romain-gregoire,Groupama - FDJ,,,",,",17,12549
9,75,finished,21,616,13,Classic,31,BE,Benoot Tiesj,https://www.procyclingstats.com/rider/tiesj-benoot,Team Visma | Lease a Bike,,,",,",17,12549
9,76,finished,40,1449,78,Climber,29,RU,Vlasov Aleksandr,https://www.procyclingstats.com/rider/aleksandr-vlasov,Red Bull - BORA - hansgrohe,,,",,",17,12549
9,77,finished,126,3691,216,GC,34,AR,Sepúlveda Eduardo,https://www.procyclingstats.com/rider/eduardo-sepulveda,Lotto,,,",,",17,12549
9,78,finished,23,700,212,Classic,24,BE,Berckmoes Jenno,https://www.procyclingstats.com/rider/jenno-berckmoes,Lotto,,,",,",17,12549
9,79,finished,19,508,3,Hills,28,EC,Narváez Jhonatan,https://www.procyclingstats.com/rider/jhonatan-narvaez,UAE Team Emirates - XRG,,,",,",17,12549
9,80,finished,74,2302,33,TT,30,DK,Asgreen Kasper,https://www.procyclingstats.com/rider/kasper-asgreen,EF Education - EasyPost,,,",,",17,12549
9,81,finished,134,3837,127,Classic,33,NL,Reinders Elmar,https://www.procyclingstats.com/rider/elmar-reinders,Team Jayco AlUla,,,",,",17,12549
9,82,finished,165,4647,88,Classic,34,BE,Theuns Edward,https://www.procyclingstats.com/rider/edward-theuns,Lidl - Trek,,,",,",17,12549
9,83,finished,166,4649,102,Classic,34,CH,Dillier Silvan,https://www.procyclingstats.com/rider/silvan-dillier,Alpecin - Deceuninck,,,",,",17,12549
9,84,finished,31,1093,16,Climber,30,US,Kuss Sepp,https://www.procyclingstats.com/rider/sepp-kuss,Team Visma | Lease a Bike,,,",,",17,12549
9,85,finished,67,2109,164,GC,36,ES,Izagirre Ion,https://www.procyclingstats.com/rider/ion-izagirre,Cofidis,,,",,",17,12549
9,86,finished,47,1560,62,GC,25,NL,Arensman Thymen,https://www.procyclingstats.com/rider/thymen-arensman,INEOS Grenadiers,,,",,",17,12549
9,87,finished,162,4597,53,TT,34,PL,Gradek Kamil,https://www.procyclingstats.com/rider/kamil-gradek,Bahrain - Victorious,,,",,",17,12549
9,88,finished,96,2901,58,Hills,26,GB,Wright Fred,https://www.procyclingstats.com/rider/alfred-wright,Bahrain - Victorious,,,0:41,41,12573
9,89,finished,154,4219,44,Classic,23,FR,Page Hugo,https://www.procyclingstats.com/rider/hugo-page,Intermarché - Wanty,,,0:49,49,12581
9,90,finished,35,1223,138,Classic,31,FR,Venturini Clément,https://www.procyclingstats.com/rider/clement-venturini,Arkéa - B&B Hotels,,,",,",49,12581
9,91,finished,32,1123,183,Classic,27,FR,Delettre Alexandre,https://www.procyclingstats.com/rider/alexandre-delettre,TotalEnergies,,,0:54,54,12586
9,92,finished,85,2605,57,Hills,26,AU,Stannard Robert,https://www.procyclingstats.com/rider/robert-stannard,Bahrain - Victorious,,,1:04,64,12596
9,93,finished,81,2582,168,Classic,29,FR,Touzé Damien,https://www.procyclingstats.com/rider/damien-touze,Cofidis,,,1:07,67,12599
9,94,finished,153,4215,43,Classic,24,BE,Braet Vito,https://www.procyclingstats.com/rider/vito-braet,Intermarché - Wanty,,,1:12,72,12604
9,95,finished,92,2821,116,Hills,24,DE,Mayrhofer Marius,https://www.procyclingstats.com/rider/marius-mayrhofer,Tudor Pro Cycling Team,,,",,",72,12604
9,96,finished,77,2419,227,GC,26,NO,Leknessund Andreas,https://www.procyclingstats.com/rider/andreas-leknessund,Uno-X Mobility,,,",,",72,12604
9,97,finished,24,862,104,GC,33,BE,Meurisse Xandro,https://www.procyclingstats.com/rider/xandro-meurisse,Alpecin - Deceuninck,,,",,",72,12604
9,98,finished,36,1340,23,Classic,28,NL,Eenkhoorn Pascal,https://www.procyclingstats.com/rider/pascal-eenkhoorn,Soudal Quick-Step,,,",,",72,12604
9,99,finished,89,2723,166,GC,33,BE,Teuns Dylan,https://www.procyclingstats.com/rider/dylan-teuns,Cofidis,,,",,",72,12604
9,100,finished,59,1838,144,TT,36,PT,Oliveira Nelson,https://www.procyclingstats.com/rider/nelson-oliveira,Movistar Team,,,",,",72,12604
9,101,finished,98,2923,37,Classic,33,DK,Valgren Michael,https://www.procyclingstats.com/rider/michael-valgren-andersen,EF Education - EasyPost,,,1:22,82,12614
9,102,finished,30,1071,96,Hills,33,FR,Pacher Quentin,https://www.procyclingstats.com/rider/quentin-pacher,Groupama - FDJ,,,",,",82,12614
9,103,finished,41,1487,28,GC,25,BE,Van Wilder Ilan,https://www.procyclingstats.com/rider/ilan-van-wilder,Soudal Quick-Step,,,1:44,104,12636
9,104,finished,133,3826,132,Classic,32,BE,Capiot Amaury,https://www.procyclingstats.com/rider/amaury-capiot,Arkéa - B&B Hotels,,,",,",104,12636
9,105,finished,150,4182,223,Hills,32,DK,Cort Magnus,https://www.procyclingstats.com/rider/magnus-cort-nielsen,Uno-X Mobility,,,1:52,112,12644
9,106,finished,48,1561,61,GC,39,GB,Thomas Geraint,https://www.procyclingstats.com/rider/geraint-thomas,INEOS Grenadiers,,,",,",112,12644
9,107,finished,87,2704,67,Classic,29,GB,Swift Connor,https://www.procyclingstats.com/rider/connor-swift,INEOS Grenadiers,,,",,",112,12644
9,108,finished,46,1535,36,GC,27,AU,Sweeny Harry,https://www.procyclingstats.com/rider/harry-sweeny,EF Education - EasyPost,,,",,",112,12644
9,109,finished,44,1515,34,Climber,24,FR,Baudin Alex,https://www.procyclingstats.com/rider/alex-baudin,EF Education - EasyPost,,,",,",112,12644
9,110,finished,97,2908,108,Climber,23,BE,Verstrynge Emiel,https://www.procyclingstats.com/rider/emiel-verstrynge,Alpecin - Deceuninck,,,2:06,126,12658
9,111,finished,65,2076,84,Hills,24,US,Simmons Quinn,https://www.procyclingstats.com/rider/quinn-simmons,Lidl - Trek,,,2:20,140,12672
9,112,finished,71,2232,6,Climber,31,ES,Soler Marc,https://www.procyclingstats.com/rider/marc-soler,UAE Team Emirates - XRG,,,",,",140,12672
9,113,finished,84,2602,75,Classic,22,NZ,Pithie Laurence,https://www.procyclingstats.com/rider/laurence-pithie,Red Bull - BORA - hansgrohe,,,",,",140,12672
9,114,finished,145,4061,92,Classic,24,GB,Askey Lewis,https://www.procyclingstats.com/rider/lewis-askey,Groupama - FDJ,,,",,",140,12672
9,115,finished,136,3915,12,TT,29,IT,Affini Edoardo,https://www.procyclingstats.com/rider/edoardo-affini,Team Visma | Lease a Bike,,,2:43,163,12695
9,116,finished,164,4623,82,Classic,30,IT,Consonni Simone,https://www.procyclingstats.com/rider/simone-consonni,Lidl - Trek,,,",,",163,12695
9,117,finished,114,3401,105,Classic,31,BE,Rickaert Jonas,https://www.procyclingstats.com/rider/jonas-rickaert,Alpecin - Deceuninck,,,3:03,183,12715
9,118,finished,169,4664,215,Classic,26,BE,Grignard Sébastien,https://www.procyclingstats.com/rider/sebastien-grignard,Lotto,,,4:08,248,12780
9,119,finished,135,3912,194,GC,25,GB,Flynn Sean,https://www.procyclingstats.com/rider/sean-flynn,Team Picnic PostNL,,,4:37,277,12809
9,120,finished,107,3107,25,Climber,24,FR,Paret-Peintre Valentin,https://www.procyclingstats.com/rider/valentin-paret-peintre,Soudal Quick-Step,,,5:39,339,12871
9,121,finished,80,2533,26,GC,31,DE,Schachmann Maximilian,https://www.procyclingstats.com/rider/maximilian-schachmann,Soudal Quick-Step,,,6:58,418,12950
9,122,finished,117,3524,4,Classic,31,DE,Politt Nils,https://www.procyclingstats.com/rider/nils-politt,UAE Team Emirates - XRG,,,",,",418,12950
9,123,finished,146,4063,46,Classic,27,DE,Rutsch Jonas,https://www.procyclingstats.com/rider/jonas-rutsch,Intermarché - Wanty,,,",,",418,12950
9,124,finished,173,5052,172,Classic,30,IT,Ballerini Davide,https://www.procyclingstats.com/rider/davide-ballerini,XDS Astana Team,,,",,",418,12950
9,125,finished,105,3088,226,GC,25,NO,Johannessen Anders Halland,https://www.procyclingstats.com/rider/anders-halland-johannessen,Uno-X Mobility,,,",,",418,12950
9,126,finished,158,4303,228,Classic,25,NO,Wærenskjold Søren,https://www.procyclingstats.com/rider/soren-waerenskjold,Uno-X Mobility,,,",,",418,12950
9,127,finished,78,2444,152,TT,31,FR,Armirail Bruno,https://www.procyclingstats.com/rider/bruno-armirail,Decathlon AG2R La Mondiale Team,,,",,",418,12950
9,128,finished,128,3725,117,Climber,28,AU,Storer Michael,https://www.procyclingstats.com/rider/michael-storer,Tudor Pro Cycling Team,,,",,",418,12950
9,129,finished,99,2998,201,Climber,38,CA,Woods Michael,https://www.procyclingstats.com/rider/michael-woods,Israel - Premier Tech,,,",,",418,12950
9,130,finished,108,3153,113,Classic,34,AT,Haller Marco,https://www.procyclingstats.com/rider/marco-haller,Tudor Pro Cycling Team,,,",,",418,12950
9,131,finished,172,4838,115,Classic,31,CH,Lienhard Fabian,https://www.procyclingstats.com/rider/fabian-lienhard,Tudor Pro Cycling Team,,,",,",418,12950
9,132,finished,75,2346,111,Classic,33,FR,Alaphilippe Julian,https://www.procyclingstats.com/rider/julian-alaphilippe,Tudor Pro Cycling Team,,,",,",418,12950
9,133,finished,130,3752,143,Climber,24,ES,Castrillo Pablo,https://www.procyclingstats.com/rider/pablo-castrillo-zapater,Movistar Team,,,",,",418,12950
9,134,finished,113,3303,147,GC,21,ES,Romeo Iván,https://www.procyclingstats.com/rider/ivan-romeo,Movistar Team,,,",,",418,12950
9,135,finished,38,1366,181,GC,29,BE,Cras Steff,https://www.procyclingstats.com/rider/steff-cras,TotalEnergies,,,",,",418,12950
9,136,finished,127,3720,196,Sprint,26,DE,Märkl Niklas,https://www.procyclingstats.com/rider/niklas-markl,Team Picnic PostNL,,,",,",418,12950
9,137,finished,149,4149,197,GC,26,NL,Naberman Tim,https://www.procyclingstats.com/rider/tim-naberman,Team Picnic PostNL,,,",,",418,12950
9,138,finished,174,5153,47,GC,24,NL,van Sintmaartensdijk Roel,https://www.procyclingstats.com/rider/roel-van-sintmaartensdijk,Intermarché - Wanty,,,",,",418,12950
9,139,finished,25,923,121,GC,29,AU,O'Connor Ben,https://www.procyclingstats.com/rider/ben-o-connor,Team Jayco AlUla,,,",,",418,12950
9,140,finished,170,4670,123,TT,34,AU,Durbridge Luke,https://www.procyclingstats.com/rider/luke-durbridge,Team Jayco AlUla,,,",,",418,12950
9,141,finished,109,3168,128,Hills,25,CH,Schmid Mauro,https://www.procyclingstats.com/rider/mauro-schmid,Team Jayco AlUla,,,",,",418,12950
9,142,finished,125,3686,126,GC,24,AU,Plapp Luke,https://www.procyclingstats.com/rider/luke-plapp,Team Jayco AlUla,,,",,",418,12950
9,143,finished,123,3614,148,Climber,27,CO,Rubio Einer,https://www.procyclingstats.com/rider/einer-rubio,Movistar Team,,,",,",418,12950
9,144,finished,29,1070,137,GC,30,ES,Rodríguez Cristián,https://www.procyclingstats.com/rider/cristian-rodriguez,Arkéa - B&B Hotels,,,",,",418,12950
9,145,finished,28,1046,95,Classic,29,FR,Madouas Valentin,https://www.procyclingstats.com/rider/valentin-madouas,Groupama - FDJ,,,",,",418,12950
9,146,finished,42,1498,18,Climber,32,GB,Yates Simon,https://www.procyclingstats.com/rider/simon-yates,Team Visma | Lease a Bike,,,",,",418,12950
9,147,finished,64,2063,8,Climber,32,GB,Yates Adam,https://www.procyclingstats.com/rider/adam-yates,UAE Team Emirates - XRG,,,",,",418,12950
9,148,finished,53,1759,203,GC,22,GB,Blackmore Joseph,https://www.procyclingstats.com/rider/joseph-blackmore,Israel - Premier Tech,,,",,",418,12950
9,149,finished,86,2679,114,Classic,26,CH,Hirschi Marc,https://www.procyclingstats.com/rider/marc-hirschi,Tudor Pro Cycling Team,,,",,",418,12950
9,150,finished,131,3759,55,Climber,22,FR,Martinez Lenny,https://www.procyclingstats.com/rider/lenny-martinez,Bahrain - Victorious,,,",,",418,12950
9,151,finished,116,3446,133,GC,22,FR,Costiou Ewen,https://www.procyclingstats.com/rider/ewen-costiou,Arkéa - B&B Hotels,,,",,",418,12950
9,152,finished,115,3435,48,Classic,27,DE,Zimmermann Georg,https://www.procyclingstats.com/rider/georg-zimmermann,Intermarché - Wanty,,,",,",418,12950
9,153,finished,63,2028,86,Classic,34,LV,Skujiņš Toms,https://www.procyclingstats.com/rider/toms-skujins,Lidl - Trek,,,",,",418,12950
9,154,finished,119,3535,142,TT,29,US,Barta Will,https://www.procyclingstats.com/rider/william-barta,Movistar Team,,,",,",418,12950
9,155,finished,72,2236,146,GC,31,AT,Mühlberger Gregor,https://www.procyclingstats.com/rider/gregor-muhlberger,Movistar Team,,,",,",418,12950
9,156,finished,79,2508,63,TT,28,NO,Foss Tobias,https://www.procyclingstats.com/rider/tobias-foss,INEOS Grenadiers,,,",,",418,12950
9,157,finished,110,3189,222,Classic,29,NO,Abrahamsen Jonas,https://www.procyclingstats.com/rider/jonas-abrahamsen,Uno-X Mobility,,,",,",418,12950
9,158,finished,155,4229,38,Hills,25,NL,van den Berg Marijn,https://www.procyclingstats.com/rider/marijn-van-den-berg,EF Education - EasyPost,,,",,",418,12950
9,159,finished,163,4613,76,Classic,25,NL,van Dijke Mick,https://www.procyclingstats.com/rider/mick-van-dijke,Red Bull - BORA - hansgrohe,,,",,",418,12950
9,160,finished,76,2408,135,Climber,24,ES,García Pierna Raúl,https://www.procyclingstats.com/rider/raul-garcia-pierna,Arkéa - B&B Hotels,,,",,",418,12950
9,161,finished,112,3297,42,Classic,25,FR,Barré Louis,https://www.procyclingstats.com/rider/louis-barre,Intermarché - Wanty,,,",,",418,12950
9,162,finished,82,2590,174,Climber,27,FR,Champoussin Clément,https://www.procyclingstats.com/rider/clement-champoussin,XDS Astana Team,,,",,",418,12950
9,163,finished,61,1884,178,Classic,29,IT,Velasco Simone,https://www.procyclingstats.com/rider/simone-velasco,XDS Astana Team,,,",,",418,12950
9,164,finished,70,2191,206,GC,32,KZ,Lutsenko Alexey,https://www.procyclingstats.com/rider/aleksey-lutsenko,Israel - Premier Tech,,,",,",418,12950
9,165,finished,106,3106,5,GC,28,FR,Sivakov Pavel,https://www.procyclingstats.com/rider/pavel-sivakov,UAE Team Emirates - XRG,,,",,",418,12950
9,166,finished,100,3028,171,Climber,28,CO,Tejada Harold,https://www.procyclingstats.com/rider/harold-tejada,XDS Astana Team,,,",,",418,12950
9,167,finished,56,1825,176,Climber,27,CO,Higuita Sergio,https://www.procyclingstats.com/rider/sergio-higuita,XDS Astana Team,,,",,",418,12950
9,168,finished,45,1528,51,Climber,25,CO,Buitrago Santiago,https://www.procyclingstats.com/rider/santiago-buitrago-sanchez,Bahrain - Victorious,,,",,",418,12950
9,169,finished,175,5425,188,Hills,24,FR,Vercher Mattéo,https://www.procyclingstats.com/rider/matheo-vercher,TotalEnergies,,,",,",418,12950
9,170,finished,69,2145,182,Hills,26,FR,Burgaudeau Mathieu,https://www.procyclingstats.com/rider/mathieu-burgaudeau,TotalEnergies,,,",,",418,12950
9,171,finished,111,3262,107,Classic,32,BE,Vermeersch Gianni,https://www.procyclingstats.com/rider/gianni-vermeersch,Alpecin - Deceuninck,,,",,",418,12950
9,172,finished,93,2835,83,Hills,22,BE,Nys Thibau,https://www.procyclingstats.com/rider/thibau-nys,Lidl - Trek,,,",,",418,12950
9,173,finished,168,4660,217,Climber,23,BE,Van Eetvelt Lennert,https://www.procyclingstats.com/rider/lennert-van-eetvelt,Lotto,,,",,",418,12950
9,174,finished,143,4014,167,TT,29,FR,Thomas Benjamin,https://www.procyclingstats.com/rider/benjamin-thomas-2,Cofidis,,,",,",418,12950
9,175,finished,39,1449,7,GC,34,BE,Wellens Tim,https://www.procyclingstats.com/rider/tim-wellens,UAE Team Emirates - XRG,,,",,",418,12950
9,,DNF,,,2,GC,26,PT,Almeida João,https://www.procyclingstats.com/rider/joao-almeida,UAE Team Emirates - XRG,,,,,
10,1,finished,23,1226,18,Climber,32,GB,Yates Simon,https://www.procyclingstats.com/rider/simon-yates,Team Visma | Lease a Bike,210.0,100.0,4:20:05,0,15605
10,2,finished,25,1301,62,GC,25,NL,Arensman Thymen,https://www.procyclingstats.com/rider/thymen-arensman,INEOS Grenadiers,150.0,70.0,0:09,9,15614
10,3,finished,1,0,31,Climber,24,IE,Healy Ben,https://www.procyclingstats.com/rider/ben-healy,EF Education - EasyPost,110.0,50.0,0:31,31,15636
10,4,finished,18,710,121,GC,29,AU,O'Connor Ben,https://www.procyclingstats.com/rider/ben-o-connor,Team Jayco AlUla,90.0,40.0,0:49,49,15654
10,5,finished,78,3546,117,Climber,28,AU,Storer Michael,https://www.procyclingstats.com/rider/michael-storer,Tudor Pro Cycling Team,70.0,32.0,1:23,83,15688
10,6,finished,31,1734,203,GC,22,GB,Blackmore Joseph,https://www.procyclingstats.com/rider/joseph-blackmore,Israel - Premier Tech,55.0,26.0,3:57,237,15842
10,7,finished,64,3104,226,GC,25,NO,Johannessen Anders Halland,https://www.procyclingstats.com/rider/anders-halland-johannessen,Uno-X Mobility,45.0,22.0,4:38,278,15883
10,8,finished,89,3788,55,Climber,22,FR,Martinez Lenny,https://www.procyclingstats.com/rider/lenny-martinez,Bahrain - Victorious,40.0,18.0,4:51,291,15896
10,9,finished,2,29,1,Climber,26,SI,Pogačar Tadej,https://www.procyclingstats.com/rider/tadej-pogacar,UAE Team Emirates - XRG,35.0,14.0,",,",291,15896
10,10,finished,4,106,11,GC,28,DK,Vingegaard Jonas,https://www.procyclingstats.com/rider/jonas-vingegaard,Team Visma | Lease a Bike,30.0,10.0,",,",291,15896
10,11,finished,8,214,72,GC,24,DE,Lipowitz Florian,https://www.procyclingstats.com/rider/florian-lipowitz,Red Bull - BORA - hansgrohe,25.0,8.0,4:54,294,15899
10,12,finished,5,126,15,GC,26,US,Jorgenson Matteo,https://www.procyclingstats.com/rider/matteo-jorgenson,Team Visma | Lease a Bike,20.0,6.0,",,",294,15899
10,13,finished,3,89,21,Climber,25,BE,Evenepoel Remco,https://www.procyclingstats.com/rider/remco-evenepoel,Soudal Quick-Step,15.0,4.0,4:57,297,15902
10,14,finished,7,204,191,GC,22,GB,Onley Oscar,https://www.procyclingstats.com/rider/oscar-onley,Team Picnic PostNL,10.0,2.0,",,",297,15902
10,15,finished,10,303,221,Climber,25,NO,Johannessen Tobias Halland,https://www.procyclingstats.com/rider/tobias-halland-johannessen,Uno-X Mobility,5.0,1.0,",,",297,15902
10,16,finished,9,221,71,Climber,35,SI,Roglič Primož,https://www.procyclingstats.com/rider/primoz-roglic,Red Bull - BORA - hansgrohe,,,",,",297,15902
10,17,finished,11,338,151,Climber,27,AT,Gall Felix,https://www.procyclingstats.com/rider/felix-gall,Decathlon AG2R La Mondiale Team,,,5:11,311,15916
10,18,finished,12,344,66,GC,24,ES,Rodríguez Carlos,https://www.procyclingstats.com/rider/carlos-rodriguez-cano,INEOS Grenadiers,,,5:15,315,15920
10,19,finished,14,392,186,Climber,26,FR,Jegat Jordan,https://www.procyclingstats.com/rider/jordan-jegat,TotalEnergies,,,",,",315,15920
10,20,finished,36,1894,176,Climber,27,CO,Higuita Sergio,https://www.procyclingstats.com/rider/sergio-higuita,XDS Astana Team,,,5:31,331,15936
10,21,finished,6,146,131,GC,24,FR,Vauquelin Kévin,https://www.procyclingstats.com/rider/kevin-vauquelin,Arkéa - B&B Hotels,,,5:37,337,15942
10,22,finished,13,356,141,Climber,30,ES,Mas Enric,https://www.procyclingstats.com/rider/enric-mas,Movistar Team,,,5:43,343,15948
10,23,finished,22,1189,16,Climber,30,US,Kuss Sepp,https://www.procyclingstats.com/rider/sepp-kuss,Team Visma | Lease a Bike,,,5:58,358,15963
10,24,finished,44,2184,8,Climber,32,GB,Yates Adam,https://www.procyclingstats.com/rider/adam-yates,UAE Team Emirates - XRG,,,6:23,383,15988
10,25,finished,16,644,91,Climber,32,FR,Martin Guillaume,https://www.procyclingstats.com/rider/guillaume-martin,Groupama - FDJ,,,6:53,413,16018
10,26,finished,26,1306,153,Climber,27,FR,Berthet Clément,https://www.procyclingstats.com/rider/clement-berthet,Decathlon AG2R La Mondiale Team,,,6:59,419,16024
10,27,finished,95,3928,143,Climber,24,ES,Castrillo Pablo,https://www.procyclingstats.com/rider/pablo-castrillo-zapater,Movistar Team,,,7:18,438,16043
10,28,finished,17,689,3,Hills,28,EC,Narváez Jhonatan,https://www.procyclingstats.com/rider/jhonatan-narvaez,UAE Team Emirates - XRG,,,7:23,443,16048
10,29,finished,47,2275,84,Hills,24,US,Simmons Quinn,https://www.procyclingstats.com/rider/quinn-simmons,Lidl - Trek,,,7:41,461,16066
10,30,finished,15,422,85,Climber,24,DK,Skjelmose Mattias,https://www.procyclingstats.com/rider/mattias-skjelmose-jensen,Lidl - Trek,,,",,",461,16066
10,31,finished,51,2435,146,GC,31,AT,Mühlberger Gregor,https://www.procyclingstats.com/rider/gregor-muhlberger,Movistar Team,,,",,",461,16066
10,32,finished,65,3107,108,Climber,23,BE,Verstrynge Emiel,https://www.procyclingstats.com/rider/emiel-verstrynge,Alpecin - Deceuninck,,,",,",461,16066
10,33,finished,19,915,94,Classic,22,FR,Grégoire Romain,https://www.procyclingstats.com/rider/romain-gregoire,Groupama - FDJ,,,8:28,508,16113
10,34,finished,32,1793,157,GC,28,AU,Scotson Callum,https://www.procyclingstats.com/rider/callum-scotson,Decathlon AG2R La Mondiale Team,,,9:10,550,16155
10,35,finished,34,1820,34,Climber,24,FR,Baudin Alex,https://www.procyclingstats.com/rider/alex-baudin,EF Education - EasyPost,,,9:27,567,16172
10,36,finished,27,1394,137,GC,30,ES,Rodríguez Cristián,https://www.procyclingstats.com/rider/cristian-rodriguez,Arkéa - B&B Hotels,,,9:46,586,16191
10,37,finished,87,3770,133,GC,22,FR,Costiou Ewen,https://www.procyclingstats.com/rider/ewen-costiou,Arkéa - B&B Hotels,,,",,",586,16191
10,38,finished,43,2181,14,TT,33,BE,Campenaerts Victor,https://www.procyclingstats.com/rider/victor-campenaerts,Team Visma | Lease a Bike,,,10:17,617,16222
10,39,finished,28,1408,95,Classic,29,FR,Madouas Valentin,https://www.procyclingstats.com/rider/valentin-madouas,Groupama - FDJ,,,10:24,624,16229
10,40,finished,72,3445,171,Climber,28,CO,Tejada Harold,https://www.procyclingstats.com/rider/harold-tejada,XDS Astana Team,,,11:19,679,16284
10,41,finished,24,1288,104,GC,33,BE,Meurisse Xandro,https://www.procyclingstats.com/rider/xandro-meurisse,Alpecin - Deceuninck,,,11:28,688,16293
10,42,finished,53,2571,182,Hills,26,FR,Burgaudeau Mathieu,https://www.procyclingstats.com/rider/mathieu-burgaudeau,TotalEnergies,,,",,",688,16293
10,43,finished,20,941,161,GC,32,DE,Buchmann Emanuel,https://www.procyclingstats.com/rider/emanuel-buchmann,Cofidis,,,",,",688,16293
10,44,finished,79,3557,25,Climber,24,FR,Paret-Peintre Valentin,https://www.procyclingstats.com/rider/valentin-paret-peintre,Soudal Quick-Step,,,11:52,712,16317
10,45,finished,21,1094,13,Classic,31,BE,Benoot Tiesj,https://www.procyclingstats.com/rider/tiesj-benoot,Team Visma | Lease a Bike,,,12:20,740,16345
10,46,finished,74,3448,37,Classic,33,DK,Valgren Michael,https://www.procyclingstats.com/rider/michael-valgren-andersen,EF Education - EasyPost,,,13:07,787,16392
10,47,finished,35,1866,23,Classic,28,NL,Eenkhoorn Pascal,https://www.procyclingstats.com/rider/pascal-eenkhoorn,Soudal Quick-Step,,,13:08,788,16393
10,48,finished,99,4140,148,Climber,27,CO,Rubio Einer,https://www.procyclingstats.com/rider/einer-rubio,Movistar Team,,,",,",788,16393
10,49,finished,38,1975,78,Climber,29,RU,Vlasov Aleksandr,https://www.procyclingstats.com/rider/aleksandr-vlasov,Red Bull - BORA - hansgrohe,,,",,",788,16393
10,50,finished,29,1628,96,Hills,33,FR,Pacher Quentin,https://www.procyclingstats.com/rider/quentin-pacher,Groupama - FDJ,,,13:39,819,16424
10,51,finished,62,2944,6,Climber,31,ES,Soler Marc,https://www.procyclingstats.com/rider/marc-soler,UAE Team Emirates - XRG,,,16:14,974,16579
10,52,finished,45,2253,36,GC,27,AU,Sweeny Harry,https://www.procyclingstats.com/rider/harry-sweeny,EF Education - EasyPost,,,16:20,980,16585
10,53,finished,57,2689,184,GC,24,FR,Gachignard Thomas,https://www.procyclingstats.com/rider/thomas-gachignard,TotalEnergies,,,16:38,998,16603
10,54,finished,107,4427,216,GC,34,AR,Sepúlveda Eduardo,https://www.procyclingstats.com/rider/eduardo-sepulveda,Lotto,,,",,",998,16603
10,55,finished,81,3596,116,Hills,24,DE,Mayrhofer Marius,https://www.procyclingstats.com/rider/marius-mayrhofer,Tudor Pro Cycling Team,,,17:17,1037,16642
10,56,finished,68,3283,63,TT,28,NO,Foss Tobias,https://www.procyclingstats.com/rider/tobias-foss,INEOS Grenadiers,,,",,",1037,16642
10,57,finished,41,2121,225,Classic,30,NO,Hoelgaard Markus,https://www.procyclingstats.com/rider/markus-hoelgaard,Uno-X Mobility,,,",,",1037,16642
10,58,finished,75,3493,136,Hills,24,FR,Le Berre Mathis,https://www.procyclingstats.com/rider/mathis-le-berre,Arkéa - B&B Hotels,,,",,",1037,16642
10,59,finished,91,3808,218,Classic,27,BE,Van Moer Brent,https://www.procyclingstats.com/rider/brent-van-moer,Lotto,,,",,",1037,16642
10,60,finished,69,3308,26,GC,31,DE,Schachmann Maximilian,https://www.procyclingstats.com/rider/maximilian-schachmann,Soudal Quick-Step,,,",,",1037,16642
10,61,finished,49,2336,61,GC,39,GB,Thomas Geraint,https://www.procyclingstats.com/rider/geraint-thomas,INEOS Grenadiers,,,",,",1037,16642
10,62,finished,37,1898,183,Classic,27,FR,Delettre Alexandre,https://www.procyclingstats.com/rider/alexandre-delettre,TotalEnergies,,,",,",1037,16642
10,63,finished,42,2141,181,GC,29,BE,Cras Steff,https://www.procyclingstats.com/rider/steff-cras,TotalEnergies,,,",,",1037,16642
10,64,finished,97,3943,128,Hills,25,CH,Schmid Mauro,https://www.procyclingstats.com/rider/mauro-schmid,Team Jayco AlUla,,,",,",1037,16642
10,65,finished,54,2613,144,TT,36,PT,Oliveira Nelson,https://www.procyclingstats.com/rider/nelson-oliveira,Movistar Team,,,",,",1037,16642
10,66,finished,61,2907,207,Classic,30,LV,Neilands Krists,https://www.procyclingstats.com/rider/krists-neilands,Israel - Premier Tech,,,",,",1037,16642
10,67,finished,46,2262,28,GC,25,BE,Van Wilder Ilan,https://www.procyclingstats.com/rider/ilan-van-wilder,Soudal Quick-Step,,,",,",1037,16642
10,68,finished,96,3928,113,Classic,34,AT,Haller Marco,https://www.procyclingstats.com/rider/marco-haller,Tudor Pro Cycling Team,,,",,",1037,16642
10,69,finished,66,3121,111,Classic,33,FR,Alaphilippe Julian,https://www.procyclingstats.com/rider/julian-alaphilippe,Tudor Pro Cycling Team,,,",,",1037,16642
10,70,finished,88,3773,201,Climber,38,CA,Woods Michael,https://www.procyclingstats.com/rider/michael-woods,Israel - Premier Tech,,,",,",1037,16642
10,71,finished,33,1796,192,Climber,33,FR,Barguil Warren,https://www.procyclingstats.com/rider/warren-barguil,Team Picnic PostNL,,,",,",1037,16642
10,72,finished,55,2659,178,Classic,29,IT,Velasco Simone,https://www.procyclingstats.com/rider/simone-velasco,XDS Astana Team,,,",,",1037,16642
10,73,finished,102,4310,142,TT,29,US,Barta Will,https://www.procyclingstats.com/rider/william-barta,Movistar Team,,,",,",1037,16642
10,74,finished,40,1998,138,Classic,31,FR,Venturini Clément,https://www.procyclingstats.com/rider/clement-venturini,Arkéa - B&B Hotels,,,",,",1037,16642
10,75,finished,76,3511,114,Classic,26,CH,Hirschi Marc,https://www.procyclingstats.com/rider/marc-hirschi,Tudor Pro Cycling Team,,,18:14,1094,16699
10,76,finished,56,2689,198,GC,24,NL,van den Broek Frank,https://www.procyclingstats.com/rider/frank-van-den-broek,Team Picnic PostNL,,,18:50,1130,16735
10,77,finished,59,2839,158,Classic,23,FR,Tronchon Bastien,https://www.procyclingstats.com/rider/bastien-tronchon,Decathlon AG2R La Mondiale Team,,,21:05,1265,16870
10,78,finished,86,3758,166,GC,33,BE,Teuns Dylan,https://www.procyclingstats.com/rider/dylan-teuns,Cofidis,,,21:37,1297,16902
10,79,finished,77,3517,135,Climber,24,ES,García Pierna Raúl,https://www.procyclingstats.com/rider/raul-garcia-pierna,Arkéa - B&B Hotels,,,22:51,1371,16976
10,80,finished,108,4485,222,Classic,29,NO,Abrahamsen Jonas,https://www.procyclingstats.com/rider/jonas-abrahamsen,Uno-X Mobility,,,25:58,1558,17163
10,81,finished,58,2745,7,GC,34,BE,Wellens Tim,https://www.procyclingstats.com/rider/tim-wellens,UAE Team Emirates - XRG,,,",,",1558,17163
10,82,finished,60,2903,17,Classic,30,BE,van Aert Wout,https://www.procyclingstats.com/rider/wout-van-aert,Team Visma | Lease a Bike,,,",,",1558,17163
10,83,finished,116,4826,98,Classic,30,FR,Russo Clément,https://www.procyclingstats.com/rider/clement-russo,Groupama - FDJ,,,",,",1558,17163
10,84,finished,82,3598,33,TT,30,DK,Asgreen Kasper,https://www.procyclingstats.com/rider/kasper-asgreen,EF Education - EasyPost,,,",,",1558,17163
10,85,finished,52,2474,65,Hills,24,FR,Laurance Axel,https://www.procyclingstats.com/rider/axel-laurance,INEOS Grenadiers,,,",,",1558,17163
10,86,finished,48,2314,35,Classic,28,US,Powless Neilson,https://www.procyclingstats.com/rider/neilson-powless,EF Education - EasyPost,,,",,",1558,17163
10,87,finished,63,3014,87,Classic,33,BE,Stuyven Jasper,https://www.procyclingstats.com/rider/jasper-stuyven,Lidl - Trek,,,",,",1558,17163
10,88,finished,80,3563,74,Classic,31,IT,Moscon Gianni,https://www.procyclingstats.com/rider/gianni-moscon,Red Bull - BORA - hansgrohe,,,",,",1558,17163
10,89,finished,39,1996,212,Classic,24,BE,Berckmoes Jenno,https://www.procyclingstats.com/rider/jenno-berckmoes,Lotto,,,",,",1558,17163
10,90,finished,94,3886,174,Climber,27,FR,Champoussin Clément,https://www.procyclingstats.com/rider/clement-champoussin,XDS Astana Team,,,",,",1558,17163
10,91,finished,100,4191,177,Classic,32,NL,Teunissen Mike,https://www.procyclingstats.com/rider/mike-teunissen,XDS Astana Team,,,",,",1558,17163
10,92,finished,85,3745,227,GC,26,NO,Leknessund Andreas,https://www.procyclingstats.com/rider/andreas-leknessund,Uno-X Mobility,,,26:28,1588,17193
10,93,finished,117,4865,4,Classic,31,DE,Politt Nils,https://www.procyclingstats.com/rider/nils-politt,UAE Team Emirates - XRG,,,26:43,1603,17208
10,94,finished,111,4662,147,GC,21,ES,Romeo Iván,https://www.procyclingstats.com/rider/ivan-romeo,Movistar Team,,,27:01,1621,17226
10,95,finished,67,3238,162,Classic,29,ES,Aranburu Alex,https://www.procyclingstats.com/rider/alex-aranburu,Cofidis,,,",,",1621,17226
10,96,finished,73,3447,86,Classic,34,LV,Skujiņš Toms,https://www.procyclingstats.com/rider/toms-skujins,Lidl - Trek,,,28:01,1681,17286
10,97,finished,101,4285,205,Classic,25,FR,Louvel Matis,https://www.procyclingstats.com/rider/matis-louvel,Israel - Premier Tech,,,",,",1681,17286
10,98,finished,93,3870,152,TT,31,FR,Armirail Bruno,https://www.procyclingstats.com/rider/bruno-armirail,Decathlon AG2R La Mondiale Team,,,28:08,1688,17293
10,99,finished,110,4513,187,Classic,31,FR,Turgis Anthony,https://www.procyclingstats.com/rider/anthony-turgis,TotalEnergies,,,28:44,1724,17329
10,100,finished,30,1716,106,Classic,30,NL,van der Poel Mathieu,https://www.procyclingstats.com/rider/mathieu-van-der-poel,Alpecin - Deceuninck,,,31:12,1872,17477
10,101,finished,121,5011,105,Classic,31,BE,Rickaert Jonas,https://www.procyclingstats.com/rider/jonas-rickaert,Alpecin - Deceuninck,,,",,",1872,17477
10,102,finished,90,3801,206,GC,32,KZ,Lutsenko Alexey,https://www.procyclingstats.com/rider/aleksey-lutsenko,Israel - Premier Tech,,,",,",1872,17477
10,103,finished,158,6364,217,Climber,23,BE,Van Eetvelt Lennert,https://www.procyclingstats.com/rider/lennert-van-eetvelt,Lotto,,,32:46,1966,17571
10,104,finished,144,5984,45,Classic,25,BE,Rex Laurenz,https://www.procyclingstats.com/rider/laurenz-rex,Intermarché - Wanty,,,",,",1966,17571
10,105,finished,125,5390,126,GC,24,AU,Plapp Luke,https://www.procyclingstats.com/rider/luke-plapp,Team Jayco AlUla,,,",,",1966,17571
10,106,finished,106,4408,67,Classic,29,GB,Swift Connor,https://www.procyclingstats.com/rider/connor-swift,INEOS Grenadiers,,,",,",1966,17571
10,107,finished,118,4966,107,Classic,32,BE,Vermeersch Gianni,https://www.procyclingstats.com/rider/gianni-vermeersch,Alpecin - Deceuninck,,,",,",1966,17571
10,108,finished,70,3345,118,Classic,35,IT,Trentin Matteo,https://www.procyclingstats.com/rider/matteo-trentin,Tudor Pro Cycling Team,,,",,",1966,17571
10,109,finished,103,4314,168,Classic,29,FR,Touzé Damien,https://www.procyclingstats.com/rider/damien-touze,Cofidis,,,33:14,1994,17599
10,110,finished,124,5300,97,Classic,23,FR,Penhoët Paul,https://www.procyclingstats.com/rider/paul-penhoet,Groupama - FDJ,,,33:41,2021,17626
10,111,finished,105,4361,75,Classic,22,NZ,Pithie Laurence,https://www.procyclingstats.com/rider/laurence-pithie,Red Bull - BORA - hansgrohe,,,",,",2021,17626
10,112,finished,92,3846,93,Hills,29,FR,Barthe Cyril,https://www.procyclingstats.com/rider/cyril-barthe,Groupama - FDJ,,,",,",2021,17626
10,113,finished,137,5822,46,Classic,27,DE,Rutsch Jonas,https://www.procyclingstats.com/rider/jonas-rutsch,Intermarché - Wanty,,,",,",2021,17626
10,114,finished,104,4353,145,Classic,29,ES,García Cortina Iván,https://www.procyclingstats.com/rider/ivan-garcia-cortina,Movistar Team,,,",,",2021,17626
10,115,finished,145,5999,223,Hills,32,DK,Cort Magnus,https://www.procyclingstats.com/rider/magnus-cort-nielsen,Uno-X Mobility,,,34:39,2079,17684
10,116,finished,149,6043,44,Classic,23,FR,Page Hugo,https://www.procyclingstats.com/rider/hugo-page,Intermarché - Wanty,,,34:46,2086,17691
10,117,finished,131,5702,208,Hills,25,GB,Stewart Jake,https://www.procyclingstats.com/rider/jake-stewart,Israel - Premier Tech,,,35:56,2156,17761
10,118,finished,128,5510,68,Hills,23,GB,Watson Samuel,https://www.procyclingstats.com/rider/samuel-watson,INEOS Grenadiers,,,",,",2156,17761
10,119,finished,157,6339,204,Classic,36,CA,Boivin Guillaume,https://www.procyclingstats.com/rider/guillaume-boivin,Israel - Premier Tech,,,",,",2156,17761
10,120,finished,120,5000,5,GC,28,FR,Sivakov Pavel,https://www.procyclingstats.com/rider/pavel-sivakov,UAE Team Emirates - XRG,,,",,",2156,17761
10,121,finished,83,3622,155,Classic,34,BE,Naesen Oliver,https://www.procyclingstats.com/rider/oliver-naesen,Decathlon AG2R La Mondiale Team,,,",,",2156,17761
10,122,finished,132,5731,127,Classic,33,NL,Reinders Elmar,https://www.procyclingstats.com/rider/elmar-reinders,Team Jayco AlUla,,,",,",2156,17761
10,123,finished,135,5809,12,TT,29,IT,Affini Edoardo,https://www.procyclingstats.com/rider/edoardo-affini,Team Visma | Lease a Bike,,,",,",2156,17761
10,124,finished,127,5477,77,Sprint,31,NL,van Poppel Danny,https://www.procyclingstats.com/rider/danny-van-poppel,Red Bull - BORA - hansgrohe,,,",,",2156,17761
10,125,finished,164,6564,123,TT,34,AU,Durbridge Luke,https://www.procyclingstats.com/rider/luke-durbridge,Team Jayco AlUla,,,",,",2156,17761
10,126,finished,126,5459,202,Sprint,31,DE,Ackermann Pascal,https://www.procyclingstats.com/rider/pascal-ackermann,Israel - Premier Tech,,,",,",2156,17761
10,127,finished,109,4499,57,Hills,26,AU,Stannard Robert,https://www.procyclingstats.com/rider/robert-stannard,Bahrain - Victorious,,,",,",2156,17761
10,128,finished,129,5614,196,Sprint,26,DE,Märkl Niklas,https://www.procyclingstats.com/rider/niklas-markl,Team Picnic PostNL,,,",,",2156,17761
10,129,finished,136,5809,193,Sprint,22,CZ,Bittner Pavel,https://www.procyclingstats.com/rider/pavel-bittner,Team Picnic PostNL,,,",,",2156,17761
10,130,finished,134,5806,194,GC,25,GB,Flynn Sean,https://www.procyclingstats.com/rider/sean-flynn,Team Picnic PostNL,,,",,",2156,17761
10,131,finished,50,2337,156,GC,29,FR,Paret-Peintre Aurélien,https://www.procyclingstats.com/rider/aurelien-paret-peintre,Decathlon AG2R La Mondiale Team,,,",,",2156,17761
10,132,finished,168,6732,115,Classic,31,CH,Lienhard Fabian,https://www.procyclingstats.com/rider/fabian-lienhard,Tudor Pro Cycling Team,,,",,",2156,17761
10,133,finished,160,6543,102,Classic,34,CH,Dillier Silvan,https://www.procyclingstats.com/rider/silvan-dillier,Alpecin - Deceuninck,,,",,",2156,17761
10,134,finished,84,3700,195,Classic,22,DK,Andresen Tobias Lund,https://www.procyclingstats.com/rider/tobias-lund-andresen,Team Picnic PostNL,,,",,",2156,17761
10,135,finished,98,4003,164,GC,36,ES,Izagirre Ion,https://www.procyclingstats.com/rider/ion-izagirre,Cofidis,,,",,",2156,17761
10,136,finished,152,6109,43,Classic,24,BE,Braet Vito,https://www.procyclingstats.com/rider/vito-braet,Intermarché - Wanty,,,",,",2156,17761
10,137,finished,162,6549,175,Classic,25,KZ,Fedorov Yevgeniy,https://www.procyclingstats.com/rider/yevgeniy-fedorov,XDS Astana Team,,,",,",2156,17761
10,138,finished,138,5860,224,Sprint,22,NO,Edvardsen-Fredheim Stian,https://www.procyclingstats.com/rider/stian-fredheim,Uno-X Mobility,,,",,",2156,17761
10,139,finished,171,7047,47,GC,24,NL,van Sintmaartensdijk Roel,https://www.procyclingstats.com/rider/roel-van-sintmaartensdijk,Intermarché - Wanty,,,",,",2156,17761
10,140,finished,71,3422,51,Climber,25,CO,Buitrago Santiago,https://www.procyclingstats.com/rider/santiago-buitrago-sanchez,Bahrain - Victorious,,,",,",2156,17761
10,141,finished,153,6137,52,Sprint,31,DE,Bauhaus Phil,https://www.procyclingstats.com/rider/phil-bauhaus,Bahrain - Victorious,,,",,",2156,17761
10,142,finished,115,4795,58,Hills,26,GB,Wright Fred,https://www.procyclingstats.com/rider/alfred-wright,Bahrain - Victorious,,,",,",2156,17761
10,143,finished,112,4704,103,Hills,26,AU,Groves Kaden,https://www.procyclingstats.com/rider/kaden-groves,Alpecin - Deceuninck,,,36:21,2181,17786
10,144,finished,151,6099,197,GC,26,NL,Naberman Tim,https://www.procyclingstats.com/rider/tim-naberman,Team Picnic PostNL,,,36:52,2212,17817
10,145,finished,163,6563,76,Classic,25,NL,van Dijke Mick,https://www.procyclingstats.com/rider/mick-van-dijke,Red Bull - BORA - hansgrohe,,,",,",2212,17817
10,146,finished,119,4995,32,Hills,28,IT,Albanese Vincenzo,https://www.procyclingstats.com/rider/vincenzo-albanese,EF Education - EasyPost,,,",,",2212,17817
10,147,finished,165,6573,82,Classic,30,IT,Consonni Simone,https://www.procyclingstats.com/rider/simone-consonni,Lidl - Trek,,,",,",2212,17817
10,148,finished,133,5776,132,Classic,32,BE,Capiot Amaury,https://www.procyclingstats.com/rider/amaury-capiot,Arkéa - B&B Hotels,,,",,",2212,17817
10,149,finished,142,5964,41,Classic,25,ER,Girmay Biniam,https://www.procyclingstats.com/rider/biniam-girmay,Intermarché - Wanty,,,",,",2212,17817
10,150,finished,141,5960,81,Sprint,24,IT,Milan Jonathan,https://www.procyclingstats.com/rider/jonathan-milan,Lidl - Trek,,,",,",2212,17817
10,151,finished,154,6140,134,Classic,33,FR,Démare Arnaud,https://www.procyclingstats.com/rider/arnaud-demare,Arkéa - B&B Hotels,,,",,",2212,17817
10,152,finished,172,7375,188,Hills,24,FR,Vercher Mattéo,https://www.procyclingstats.com/rider/matheo-vercher,TotalEnergies,,,",,",2212,17817
10,153,finished,161,6547,53,TT,34,PL,Gradek Kamil,https://www.procyclingstats.com/rider/kamil-gradek,Bahrain - Victorious,,,",,",2212,17817
10,154,finished,146,6011,92,Classic,24,GB,Askey Lewis,https://www.procyclingstats.com/rider/lewis-askey,Groupama - FDJ,,,",,",2212,17817
10,155,finished,150,6051,27,Classic,32,BE,Van Lerberghe Bert,https://www.procyclingstats.com/rider/bert-van-lerberghe,Soudal Quick-Step,,,",,",2212,17817
10,156,finished,148,6021,124,Sprint,32,NL,Groenewegen Dylan,https://www.procyclingstats.com/rider/dylan-groenewegen,Team Jayco AlUla,,,",,",2212,17817
10,157,finished,166,6597,88,Classic,34,BE,Theuns Edward,https://www.procyclingstats.com/rider/edward-theuns,Lidl - Trek,,,",,",2212,17817
10,158,finished,114,4785,83,Hills,22,BE,Nys Thibau,https://www.procyclingstats.com/rider/thibau-nys,Lidl - Trek,,,",,",2212,17817
10,159,finished,123,5247,42,Classic,25,FR,Barré Louis,https://www.procyclingstats.com/rider/louis-barre,Intermarché - Wanty,,,",,",2212,17817
10,160,finished,130,5692,112,Sprint,27,IT,Dainese Alberto,https://www.procyclingstats.com/rider/alberto-dainese,Tudor Pro Cycling Team,,,",,",2212,17817
10,161,finished,143,5984,24,Sprint,32,BE,Merlier Tim,https://www.procyclingstats.com/rider/tim-merlier,Soudal Quick-Step,,,",,",2212,17817
10,162,finished,140,5957,165,Classic,26,FR,Renard Alexis,https://www.procyclingstats.com/rider/alexis-renard,Cofidis,,,",,",2212,17817
10,163,finished,167,6635,215,Classic,26,BE,Grignard Sébastien,https://www.procyclingstats.com/rider/sebastien-grignard,Lotto,,,37:13,2233,17838
10,164,finished,170,7023,172,Classic,30,IT,Ballerini Davide,https://www.procyclingstats.com/rider/davide-ballerini,XDS Astana Team,,,",,",2233,17838
10,165,finished,156,6319,214,GC,26,AU,Drizners Jarrad,https://www.procyclingstats.com/rider/jarrad-drizners,Lotto,,,",,",2233,17838
10,166,finished,122,5017,56,Classic,30,SI,Mohorič Matej,https://www.procyclingstats.com/rider/matej-mohoric,Bahrain - Victorious,,,",,",2233,17838
10,167,finished,159,6467,211,Classic,23,BE,De Lie Arnaud,https://www.procyclingstats.com/rider/arnaud-de-lie,Lotto,,,",,",2233,17838
10,168,finished,155,6183,173,Sprint,29,NL,Bol Cees,https://www.procyclingstats.com/rider/cees-bol,XDS Astana Team,,,",,",2233,17838
10,169,finished,147,6013,167,TT,29,FR,Thomas Benjamin,https://www.procyclingstats.com/rider/benjamin-thomas-2,Cofidis,,,37:41,2261,17866
10,170,finished,113,4736,163,Sprint,33,FR,Coquard Bryan,https://www.procyclingstats.com/rider/bryan-coquard,Cofidis,,,",,",2261,17866
10,171,finished,139,5928,125,Hills,37,SI,Mezgec Luka,https://www.procyclingstats.com/rider/luka-mezgec,Team Jayco AlUla,,,37:47,2267,17872
10,172,finished,169,6775,73,Classic,27,BE,Meeus Jordi,https://www.procyclingstats.com/rider/jordi-meeus,Red Bull - BORA - hansgrohe,,,",,",2267,17872
10,,DNF,,,228,Classic,25,NO,Wærenskjold Søren,https://www.procyclingstats.com/rider/soren-waerenskjold,Uno-X Mobility,,,,,
10,,DNS,,,48,Classic,27,DE,Zimmermann Georg,https://www.procyclingstats.com/rider/georg-zimmermann,Intermarché - Wanty,,,,,
10,,DNS,,,38,Hills,25,NL,van den Berg Marijn,https://www.procyclingstats.com/rider/marijn-van-den-berg,EF Education - EasyPost,,,,,
11,1,finished,97,4267,222,Classic,29,NO,Abrahamsen Jonas,https://www.procyclingstats.com/rider/jonas-abrahamsen,Uno-X Mobility,210.0,100.0,3:15:56,0,11756
11,2,finished,72,3729,128,Hills,25,CH,Schmid Mauro,https://www.procyclingstats.com/rider/mauro-schmid,Team Jayco AlUla,150.0,70.0,",,",0,11756
11,3,finished,29,1511,106,Classic,30,NL,van der Poel Mathieu,https://www.procyclingstats.com/rider/mathieu-van-der-poel,Alpecin - Deceuninck,110.0,50.0,0:07,7,11763
11,4,finished,135,6312,211,Classic,23,BE,De Lie Arnaud,https://www.procyclingstats.com/rider/arnaud-de-lie,Lotto,90.0,40.0,0:53,53,11809
11,5,finished,56,2748,17,Classic,30,BE,van Aert Wout,https://www.procyclingstats.com/rider/wout-van-aert,Team Visma | Lease a Bike,70.0,32.0,",,",53,11809
11,6,finished,46,2319,65,Hills,24,FR,Laurance Axel,https://www.procyclingstats.com/rider/axel-laurance,INEOS Grenadiers,55.0,26.0,",,",53,11809
11,7,finished,104,4640,58,Hills,26,GB,Wright Fred,https://www.procyclingstats.com/rider/alfred-wright,Bahrain - Victorious,45.0,22.0,",,",53,11809
11,8,finished,48,2416,182,Hills,26,FR,Burgaudeau Mathieu,https://www.procyclingstats.com/rider/mathieu-burgaudeau,TotalEnergies,40.0,18.0,",,",53,11809
11,9,finished,36,2120,84,Hills,24,US,Simmons Quinn,https://www.procyclingstats.com/rider/quinn-simmons,Lidl - Trek,35.0,14.0,",,",53,11809
11,10,finished,157,6886,172,Classic,30,IT,Ballerini Davide,https://www.procyclingstats.com/rider/davide-ballerini,XDS Astana Team,30.0,10.0,1:11,71,11827
11,11,finished,105,4704,103,Hills,26,AU,Groves Kaden,https://www.procyclingstats.com/rider/kaden-groves,Alpecin - Deceuninck,25.0,8.0,3:28,208,11964
11,12,finished,123,5692,112,Sprint,27,IT,Dainese Alberto,https://www.procyclingstats.com/rider/alberto-dainese,Tudor Pro Cycling Team,20.0,6.0,",,",208,11964
11,13,finished,14,392,186,Climber,26,FR,Jegat Jordan,https://www.procyclingstats.com/rider/jordan-jegat,TotalEnergies,15.0,4.0,",,",208,11964
11,14,finished,19,915,94,Classic,22,FR,Grégoire Romain,https://www.procyclingstats.com/rider/romain-gregoire,Groupama - FDJ,10.0,2.0,",,",208,11964
11,15,finished,53,2659,178,Classic,29,IT,Velasco Simone,https://www.procyclingstats.com/rider/simone-velasco,XDS Astana Team,5.0,1.0,",,",208,11964
11,16,finished,30,1628,96,Hills,33,FR,Pacher Quentin,https://www.procyclingstats.com/rider/quentin-pacher,Groupama - FDJ,,,",,",208,11964
11,17,finished,117,5247,42,Classic,25,FR,Barré Louis,https://www.procyclingstats.com/rider/louis-barre,Intermarché - Wanty,,,",,",208,11964
11,18,finished,81,3886,174,Climber,27,FR,Champoussin Clément,https://www.procyclingstats.com/rider/clement-champoussin,XDS Astana Team,,,",,",208,11964
11,19,finished,62,3238,162,Classic,29,ES,Aranburu Alex,https://www.procyclingstats.com/rider/alex-aranburu,Cofidis,,,",,",208,11964
11,20,finished,16,689,3,Hills,28,EC,Narváez Jhonatan,https://www.procyclingstats.com/rider/jhonatan-narvaez,UAE Team Emirates - XRG,,,",,",208,11964
11,21,finished,6,146,131,GC,24,FR,Vauquelin Kévin,https://www.procyclingstats.com/rider/kevin-vauquelin,Arkéa - B&B Hotels,,,",,",208,11964
11,22,finished,23,1288,104,GC,33,BE,Meurisse Xandro,https://www.procyclingstats.com/rider/xandro-meurisse,Alpecin - Deceuninck,,,",,",208,11964
11,23,finished,34,1894,176,Climber,27,CO,Higuita Sergio,https://www.procyclingstats.com/rider/sergio-higuita,XDS Astana Team,,,",,",208,11964
11,24,finished,1,0,31,Climber,24,IE,Healy Ben,https://www.procyclingstats.com/rider/ben-healy,EF Education - EasyPost,,,",,",208,11964
11,25,finished,26,1408,95,Classic,29,FR,Madouas Valentin,https://www.procyclingstats.com/rider/valentin-madouas,Groupama - FDJ,,,",,",208,11964
11,26,finished,85,3928,113,Classic,34,AT,Haller Marco,https://www.procyclingstats.com/rider/marco-haller,Tudor Pro Cycling Team,,,",,",208,11964
11,27,finished,55,2689,198,GC,24,NL,van den Broek Frank,https://www.procyclingstats.com/rider/frank-van-den-broek,Team Picnic PostNL,,,",,",208,11964
11,28,finished,3,89,21,Climber,25,BE,Evenepoel Remco,https://www.procyclingstats.com/rider/remco-evenepoel,Soudal Quick-Step,,,",,",208,11964
11,29,finished,59,3121,111,Classic,33,FR,Alaphilippe Julian,https://www.procyclingstats.com/rider/julian-alaphilippe,Tudor Pro Cycling Team,,,",,",208,11964
11,30,finished,25,1394,137,GC,30,ES,Rodríguez Cristián,https://www.procyclingstats.com/rider/cristian-rodriguez,Arkéa - B&B Hotels,,,",,",208,11964
11,31,finished,20,941,161,GC,32,DE,Buchmann Emanuel,https://www.procyclingstats.com/rider/emanuel-buchmann,Cofidis,,,",,",208,11964
11,32,finished,11,338,151,Climber,27,AT,Gall Felix,https://www.procyclingstats.com/rider/felix-gall,Decathlon AG2R La Mondiale Team,,,",,",208,11964
11,33,finished,5,126,15,GC,26,US,Jorgenson Matteo,https://www.procyclingstats.com/rider/matteo-jorgenson,Team Visma | Lease a Bike,,,",,",208,11964
11,34,finished,15,644,91,Climber,32,FR,Martin Guillaume,https://www.procyclingstats.com/rider/guillaume-martin,Groupama - FDJ,,,",,",208,11964
11,35,finished,2,29,1,Climber,26,SI,Pogačar Tadej,https://www.procyclingstats.com/rider/tadej-pogacar,UAE Team Emirates - XRG,,,",,",208,11964
11,36,finished,4,106,11,GC,28,DK,Vingegaard Jonas,https://www.procyclingstats.com/rider/jonas-vingegaard,Team Visma | Lease a Bike,,,",,",208,11964
11,37,finished,10,303,221,Climber,25,NO,Johannessen Tobias Halland,https://www.procyclingstats.com/rider/tobias-halland-johannessen,Uno-X Mobility,,,",,",208,11964
11,38,finished,12,344,66,GC,24,ES,Rodríguez Carlos,https://www.procyclingstats.com/rider/carlos-rodriguez-cano,INEOS Grenadiers,,,",,",208,11964
11,39,finished,8,214,72,GC,24,DE,Lipowitz Florian,https://www.procyclingstats.com/rider/florian-lipowitz,Red Bull - BORA - hansgrohe,,,",,",208,11964
11,40,finished,9,221,71,Climber,35,SI,Roglič Primož,https://www.procyclingstats.com/rider/primoz-roglic,Red Bull - BORA - hansgrohe,,,",,",208,11964
11,41,finished,7,204,191,GC,22,GB,Onley Oscar,https://www.procyclingstats.com/rider/oscar-onley,Team Picnic PostNL,,,",,",208,11964
11,42,finished,38,2184,8,Climber,32,GB,Yates Adam,https://www.procyclingstats.com/rider/adam-yates,UAE Team Emirates - XRG,,,",,",208,11964
11,43,finished,17,710,121,GC,29,AU,O'Connor Ben,https://www.procyclingstats.com/rider/ben-o-connor,Team Jayco AlUla,,,",,",208,11964
11,44,finished,13,356,141,Climber,30,ES,Mas Enric,https://www.procyclingstats.com/rider/enric-mas,Movistar Team,,,",,",208,11964
11,45,finished,21,1189,16,Climber,30,US,Kuss Sepp,https://www.procyclingstats.com/rider/sepp-kuss,Team Visma | Lease a Bike,,,",,",208,11964
11,46,finished,42,2262,28,GC,25,BE,Van Wilder Ilan,https://www.procyclingstats.com/rider/ilan-van-wilder,Soudal Quick-Step,,,",,",208,11964
11,47,finished,22,1226,18,Climber,32,GB,Yates Simon,https://www.procyclingstats.com/rider/simon-yates,Team Visma | Lease a Bike,,,",,",208,11964
11,48,finished,33,1820,34,Climber,24,FR,Baudin Alex,https://www.procyclingstats.com/rider/alex-baudin,EF Education - EasyPost,,,",,",208,11964
11,49,finished,32,1818,157,GC,28,AU,Scotson Callum,https://www.procyclingstats.com/rider/callum-scotson,Decathlon AG2R La Mondiale Team,,,3:53,233,11989
11,50,finished,31,1759,203,GC,22,GB,Blackmore Joseph,https://www.procyclingstats.com/rider/joseph-blackmore,Israel - Premier Tech,,,",,",233,11989
11,51,finished,24,1326,62,GC,25,NL,Arensman Thymen,https://www.procyclingstats.com/rider/thymen-arensman,INEOS Grenadiers,,,",,",233,11989
11,52,finished,35,2023,138,Classic,31,FR,Venturini Clément,https://www.procyclingstats.com/rider/clement-venturini,Arkéa - B&B Hotels,,,",,",233,11989
11,53,finished,109,4890,4,Classic,31,DE,Politt Nils,https://www.procyclingstats.com/rider/nils-politt,UAE Team Emirates - XRG,,,",,",233,11989
11,54,finished,64,3333,26,GC,31,DE,Schachmann Maximilian,https://www.procyclingstats.com/rider/maximilian-schachmann,Soudal Quick-Step,,,",,",233,11989
11,55,finished,106,4761,163,Sprint,33,FR,Coquard Bryan,https://www.procyclingstats.com/rider/bryan-coquard,Cofidis,,,",,",233,11989
11,56,finished,94,4216,177,Classic,32,NL,Teunissen Mike,https://www.procyclingstats.com/rider/mike-teunissen,XDS Astana Team,,,",,",233,11989
11,57,finished,41,2243,225,Classic,30,NO,Hoelgaard Markus,https://www.procyclingstats.com/rider/markus-hoelgaard,Uno-X Mobility,,,5:30,330,12086
11,58,finished,79,3867,227,GC,26,NO,Leknessund Andreas,https://www.procyclingstats.com/rider/andreas-leknessund,Uno-X Mobility,,,",,",330,12086
11,59,finished,71,3718,116,Hills,24,DE,Mayrhofer Marius,https://www.procyclingstats.com/rider/marius-mayrhofer,Tudor Pro Cycling Team,,,",,",330,12086
11,60,finished,87,3968,93,Hills,29,FR,Barthe Cyril,https://www.procyclingstats.com/rider/cyril-barthe,Groupama - FDJ,,,",,",330,12086
11,61,finished,113,5124,5,GC,28,FR,Sivakov Pavel,https://www.procyclingstats.com/rider/pavel-sivakov,UAE Team Emirates - XRG,,,5:32,332,12088
11,62,finished,80,3882,166,GC,33,BE,Teuns Dylan,https://www.procyclingstats.com/rider/dylan-teuns,Cofidis,,,",,",332,12088
11,63,finished,69,3681,25,Climber,24,FR,Paret-Peintre Valentin,https://www.procyclingstats.com/rider/valentin-paret-peintre,Soudal Quick-Step,,,",,",332,12088
11,64,finished,49,2461,156,GC,29,FR,Paret-Peintre Aurélien,https://www.procyclingstats.com/rider/aurelien-paret-peintre,Decathlon AG2R La Mondiale Team,,,",,",332,12088
11,65,finished,131,6088,41,Classic,25,ER,Girmay Biniam,https://www.procyclingstats.com/rider/biniam-girmay,Intermarché - Wanty,,,",,",332,12088
11,66,finished,73,3746,155,Classic,34,BE,Naesen Oliver,https://www.procyclingstats.com/rider/oliver-naesen,Decathlon AG2R La Mondiale Team,,,",,",332,12088
11,67,finished,27,1430,153,Climber,27,FR,Berthet Clément,https://www.procyclingstats.com/rider/clement-berthet,Decathlon AG2R La Mondiale Team,,,",,",332,12088
11,68,finished,99,4438,168,Classic,29,FR,Touzé Damien,https://www.procyclingstats.com/rider/damien-touze,Cofidis,,,",,",332,12088
11,69,finished,57,2813,184,GC,24,FR,Gachignard Thomas,https://www.procyclingstats.com/rider/thomas-gachignard,TotalEnergies,,,",,",332,12088
11,70,finished,44,2305,14,TT,33,BE,Campenaerts Victor,https://www.procyclingstats.com/rider/victor-campenaerts,Team Visma | Lease a Bike,,,",,",332,12088
11,71,finished,60,3138,87,Classic,33,BE,Stuyven Jasper,https://www.procyclingstats.com/rider/jasper-stuyven,Lidl - Trek,,,",,",332,12088
11,72,finished,43,2265,181,GC,29,BE,Cras Steff,https://www.procyclingstats.com/rider/steff-cras,TotalEnergies,,,",,",332,12088
11,73,finished,91,4127,164,GC,36,ES,Izagirre Ion,https://www.procyclingstats.com/rider/ion-izagirre,Cofidis,,,",,",332,12088
11,74,finished,84,3925,206,GC,32,KZ,Lutsenko Alexey,https://www.procyclingstats.com/rider/aleksey-lutsenko,Israel - Premier Tech,,,",,",332,12088
11,75,finished,101,4485,75,Classic,22,NZ,Pithie Laurence,https://www.procyclingstats.com/rider/laurence-pithie,Red Bull - BORA - hansgrohe,,,",,",332,12088
11,76,finished,98,4434,142,TT,29,US,Barta Will,https://www.procyclingstats.com/rider/william-barta,Movistar Team,,,",,",332,12088
11,77,finished,70,3687,74,Classic,31,IT,Moscon Gianni,https://www.procyclingstats.com/rider/gianni-moscon,Red Bull - BORA - hansgrohe,,,",,",332,12088
11,78,finished,51,2559,146,GC,31,AT,Mühlberger Gregor,https://www.procyclingstats.com/rider/gregor-muhlberger,Movistar Team,,,",,",332,12088
11,79,finished,88,4072,152,TT,31,FR,Armirail Bruno,https://www.procyclingstats.com/rider/bruno-armirail,Decathlon AG2R La Mondiale Team,,,6:50,410,12166
11,80,finished,114,5197,32,Hills,28,IT,Albanese Vincenzo,https://www.procyclingstats.com/rider/vincenzo-albanese,EF Education - EasyPost,,,",,",410,12166
11,81,finished,50,2516,35,Classic,28,US,Powless Neilson,https://www.procyclingstats.com/rider/neilson-powless,EF Education - EasyPost,,,",,",410,12166
11,82,finished,39,2209,23,Classic,28,NL,Eenkhoorn Pascal,https://www.procyclingstats.com/rider/pascal-eenkhoorn,Soudal Quick-Step,,,9:11,551,12307
11,83,finished,158,6906,76,Classic,25,NL,van Dijke Mick,https://www.procyclingstats.com/rider/mick-van-dijke,Red Bull - BORA - hansgrohe,-25.0,,",,",551,12307
11,84,finished,128,5957,196,Sprint,26,DE,Märkl Niklas,https://www.procyclingstats.com/rider/niklas-markl,Team Picnic PostNL,,,",,",551,12307
11,85,finished,45,2318,78,Climber,29,RU,Vlasov Aleksandr,https://www.procyclingstats.com/rider/aleksandr-vlasov,Red Bull - BORA - hansgrohe,,,",,",551,12307
11,86,finished,125,5802,202,Sprint,31,DE,Ackermann Pascal,https://www.procyclingstats.com/rider/pascal-ackermann,Israel - Premier Tech,,,",,",551,12307
11,87,finished,37,2139,192,Climber,33,FR,Barguil Warren,https://www.procyclingstats.com/rider/warren-barguil,Team Picnic PostNL,,,",,",551,12307
11,88,finished,76,3791,37,Classic,33,DK,Valgren Michael,https://www.procyclingstats.com/rider/michael-valgren-andersen,EF Education - EasyPost,,,",,",551,12307
11,89,finished,86,3941,33,TT,30,DK,Asgreen Kasper,https://www.procyclingstats.com/rider/kasper-asgreen,EF Education - EasyPost,,,",,",551,12307
11,90,finished,77,3836,136,Hills,24,FR,Le Berre Mathis,https://www.procyclingstats.com/rider/mathis-le-berre,Arkéa - B&B Hotels,,,",,",551,12307
11,91,finished,54,2679,61,GC,39,GB,Thomas Geraint,https://www.procyclingstats.com/rider/geraint-thomas,INEOS Grenadiers,,,",,",551,12307
11,92,finished,89,4116,201,Climber,38,CA,Woods Michael,https://www.procyclingstats.com/rider/michael-woods,Israel - Premier Tech,,,",,",551,12307
11,93,finished,75,3790,86,Classic,34,LV,Skujiņš Toms,https://www.procyclingstats.com/rider/toms-skujins,Lidl - Trek,,,",,",551,12307
11,94,finished,18,765,85,Climber,24,DK,Skjelmose Mattias,https://www.procyclingstats.com/rider/mattias-skjelmose-jensen,Lidl - Trek,,,",,",551,12307
11,95,finished,28,1437,13,Classic,31,BE,Benoot Tiesj,https://www.procyclingstats.com/rider/tiesj-benoot,Team Visma | Lease a Bike,,,",,",551,12307
11,96,finished,134,6152,12,TT,29,IT,Affini Edoardo,https://www.procyclingstats.com/rider/edoardo-affini,Team Visma | Lease a Bike,,,",,",551,12307
11,97,finished,52,2596,36,GC,27,AU,Sweeny Harry,https://www.procyclingstats.com/rider/harry-sweeny,EF Education - EasyPost,,,",,",551,12307
11,98,finished,126,5820,77,Sprint,31,NL,van Poppel Danny,https://www.procyclingstats.com/rider/danny-van-poppel,Red Bull - BORA - hansgrohe,,,",,",551,12307
11,99,finished,130,6074,127,Classic,33,NL,Reinders Elmar,https://www.procyclingstats.com/rider/elmar-reinders,Team Jayco AlUla,,,",,",551,12307
11,100,finished,40,2241,183,Classic,27,FR,Delettre Alexandre,https://www.procyclingstats.com/rider/alexandre-delettre,TotalEnergies,,,",,",551,12307
11,101,finished,127,5853,68,Hills,23,GB,Watson Samuel,https://www.procyclingstats.com/rider/samuel-watson,INEOS Grenadiers,,,",,",551,12307
11,102,finished,136,6364,124,Sprint,32,NL,Groenewegen Dylan,https://www.procyclingstats.com/rider/dylan-groenewegen,Team Jayco AlUla,,,",,",551,12307
11,103,finished,159,6907,123,TT,34,AU,Durbridge Luke,https://www.procyclingstats.com/rider/luke-durbridge,Team Jayco AlUla,,,",,",551,12307
11,104,finished,119,5354,105,Classic,31,BE,Rickaert Jonas,https://www.procyclingstats.com/rider/jonas-rickaert,Alpecin - Deceuninck,,,",,",551,12307
11,105,finished,78,3854,114,Classic,26,CH,Hirschi Marc,https://www.procyclingstats.com/rider/marc-hirschi,Tudor Pro Cycling Team,,,",,",551,12307
11,106,finished,143,6526,173,Sprint,29,NL,Bol Cees,https://www.procyclingstats.com/rider/cees-bol,XDS Astana Team,,,",,",551,12307
11,107,finished,47,2339,212,Classic,24,BE,Berckmoes Jenno,https://www.procyclingstats.com/rider/jenno-berckmoes,Lotto,,,",,",551,12307
11,108,finished,93,4151,218,Classic,27,BE,Van Moer Brent,https://www.procyclingstats.com/rider/brent-van-moer,Lotto,,,",,",551,12307
11,109,finished,58,2956,144,TT,36,PT,Oliveira Nelson,https://www.procyclingstats.com/rider/nelson-oliveira,Movistar Team,,,",,",551,12307
11,110,finished,63,3287,6,Climber,31,ES,Soler Marc,https://www.procyclingstats.com/rider/marc-soler,UAE Team Emirates - XRG,,,",,",551,12307
11,111,finished,83,3919,135,Climber,24,ES,García Pierna Raúl,https://www.procyclingstats.com/rider/raul-garcia-pierna,Arkéa - B&B Hotels,,,10:10,610,12366
11,112,finished,133,6128,208,Hills,25,GB,Stewart Jake,https://www.procyclingstats.com/rider/jake-stewart,Israel - Premier Tech,,,10:34,634,12390
11,113,finished,74,3771,118,Classic,35,IT,Trentin Matteo,https://www.procyclingstats.com/rider/matteo-trentin,Tudor Pro Cycling Team,,,",,",634,12390
11,114,finished,118,5252,98,Classic,30,FR,Russo Clément,https://www.procyclingstats.com/rider/clement-russo,Groupama - FDJ,,,",,",634,12390
11,115,finished,137,6425,223,Hills,32,DK,Cort Magnus,https://www.procyclingstats.com/rider/magnus-cort-nielsen,Uno-X Mobility,,,",,",634,12390
11,116,finished,61,3171,7,GC,34,BE,Wellens Tim,https://www.procyclingstats.com/rider/tim-wellens,UAE Team Emirates - XRG,,,",,",634,12390
11,117,finished,138,6471,92,Classic,24,GB,Askey Lewis,https://www.procyclingstats.com/rider/lewis-askey,Groupama - FDJ,,,11:08,668,12424
11,118,finished,67,3653,226,GC,25,NO,Johannessen Anders Halland,https://www.procyclingstats.com/rider/anders-halland-johannessen,Uno-X Mobility,,,12:37,757,12513
11,119,finished,68,3656,108,Climber,23,BE,Verstrynge Emiel,https://www.procyclingstats.com/rider/emiel-verstrynge,Alpecin - Deceuninck,,,",,",757,12513
11,120,finished,95,4249,195,Classic,22,DK,Andresen Tobias Lund,https://www.procyclingstats.com/rider/tobias-lund-andresen,Team Picnic PostNL,,,",,",757,12513
11,121,finished,65,3395,158,Classic,23,FR,Tronchon Bastien,https://www.procyclingstats.com/rider/bastien-tronchon,Decathlon AG2R La Mondiale Team,,,12:44,764,12520
11,122,finished,107,4841,205,Classic,25,FR,Louvel Matis,https://www.procyclingstats.com/rider/matis-louvel,Israel - Premier Tech,,,",,",764,12520
11,123,finished,110,4983,216,GC,34,AR,Sepúlveda Eduardo,https://www.procyclingstats.com/rider/eduardo-sepulveda,Lotto,,,",,",764,12520
11,124,finished,163,7201,215,Classic,26,BE,Grignard Sébastien,https://www.procyclingstats.com/rider/sebastien-grignard,Lotto,,,12:54,774,12530
11,125,finished,82,3914,63,TT,28,NO,Foss Tobias,https://www.procyclingstats.com/rider/tobias-foss,INEOS Grenadiers,,,13:59,839,12595
11,126,finished,140,6480,194,GC,25,GB,Flynn Sean,https://www.procyclingstats.com/rider/sean-flynn,Team Picnic PostNL,,,14:42,882,12638
11,127,finished,66,3581,207,Classic,30,LV,Neilands Krists,https://www.procyclingstats.com/rider/krists-neilands,Israel - Premier Tech,,,",,",882,12638
11,128,finished,164,7246,102,Classic,34,CH,Dillier Silvan,https://www.procyclingstats.com/rider/silvan-dillier,Alpecin - Deceuninck,,,15:11,911,12667
11,129,finished,139,6479,132,Classic,32,BE,Capiot Amaury,https://www.procyclingstats.com/rider/amaury-capiot,Arkéa - B&B Hotels,,,",,",911,12667
11,130,finished,156,6843,134,Classic,33,FR,Démare Arnaud,https://www.procyclingstats.com/rider/arnaud-demare,Arkéa - B&B Hotels,,,",,",911,12667
11,131,finished,142,6525,46,Classic,27,DE,Rutsch Jonas,https://www.procyclingstats.com/rider/jonas-rutsch,Intermarché - Wanty,,,",,",911,12667
11,132,finished,147,6663,81,Sprint,24,IT,Milan Jonathan,https://www.procyclingstats.com/rider/jonathan-milan,Lidl - Trek,,,",,",911,12667
11,133,finished,111,5056,145,Classic,29,ES,García Cortina Iván,https://www.procyclingstats.com/rider/ivan-garcia-cortina,Movistar Team,,,",,",911,12667
11,134,finished,121,5488,83,Hills,22,BE,Nys Thibau,https://www.procyclingstats.com/rider/thibau-nys,Lidl - Trek,,,",,",911,12667
11,135,finished,167,7276,82,Classic,30,IT,Consonni Simone,https://www.procyclingstats.com/rider/simone-consonni,Lidl - Trek,,,",,",911,12667
11,136,finished,146,6660,165,Classic,26,FR,Renard Alexis,https://www.procyclingstats.com/rider/alexis-renard,Cofidis,,,",,",911,12667
11,137,finished,100,4473,133,GC,22,FR,Costiou Ewen,https://www.procyclingstats.com/rider/ewen-costiou,Arkéa - B&B Hotels,,,",,",911,12667
11,138,finished,90,4125,51,Climber,25,CO,Buitrago Santiago,https://www.procyclingstats.com/rider/santiago-buitrago-sanchez,Bahrain - Victorious,,,",,",911,12667
11,139,finished,145,6631,125,Hills,37,SI,Mezgec Luka,https://www.procyclingstats.com/rider/luka-mezgec,Team Jayco AlUla,,,",,",911,12667
11,140,finished,160,7022,214,GC,26,AU,Drizners Jarrad,https://www.procyclingstats.com/rider/jarrad-drizners,Lotto,,,",,",911,12667
11,141,finished,115,5202,57,Hills,26,AU,Stannard Robert,https://www.procyclingstats.com/rider/robert-stannard,Bahrain - Victorious,,,",,",911,12667
11,142,finished,103,4631,143,Climber,24,ES,Castrillo Pablo,https://www.procyclingstats.com/rider/pablo-castrillo-zapater,Movistar Team,,,",,",911,12667
11,143,finished,165,7250,53,TT,34,PL,Gradek Kamil,https://www.procyclingstats.com/rider/kamil-gradek,Bahrain - Victorious,,,",,",911,12667
11,144,finished,162,7067,217,Climber,23,BE,Van Eetvelt Lennert,https://www.procyclingstats.com/rider/lennert-van-eetvelt,Lotto,,,",,",911,12667
11,145,finished,169,7435,115,Classic,31,CH,Lienhard Fabian,https://www.procyclingstats.com/rider/fabian-lienhard,Tudor Pro Cycling Team,,,",,",911,12667
11,146,finished,152,6754,27,Classic,32,BE,Van Lerberghe Bert,https://www.procyclingstats.com/rider/bert-van-lerberghe,Soudal Quick-Step,,,",,",911,12667
11,147,finished,148,6687,24,Sprint,32,BE,Merlier Tim,https://www.procyclingstats.com/rider/tim-merlier,Soudal Quick-Step,,,",,",911,12667
11,148,finished,153,6802,197,GC,26,NL,Naberman Tim,https://www.procyclingstats.com/rider/tim-naberman,Team Picnic PostNL,,,",,",911,12667
11,149,finished,120,5365,147,GC,21,ES,Romeo Iván,https://www.procyclingstats.com/rider/ivan-romeo,Movistar Team,,,",,",911,12667
11,150,finished,108,4843,148,Climber,27,CO,Rubio Einer,https://www.procyclingstats.com/rider/einer-rubio,Movistar Team,,,",,",911,12667
11,151,finished,151,6746,44,Classic,23,FR,Page Hugo,https://www.procyclingstats.com/rider/hugo-page,Intermarché - Wanty,,,",,",911,12667
11,152,finished,141,6512,193,Sprint,22,CZ,Bittner Pavel,https://www.procyclingstats.com/rider/pavel-bittner,Team Picnic PostNL,,,",,",911,12667
11,153,finished,149,6687,45,Classic,25,BE,Rex Laurenz,https://www.procyclingstats.com/rider/laurenz-rex,Intermarché - Wanty,,,",,",911,12667
11,154,finished,116,5216,187,Classic,31,FR,Turgis Anthony,https://www.procyclingstats.com/rider/anthony-turgis,TotalEnergies,,,",,",911,12667
11,155,finished,124,5720,56,Classic,30,SI,Mohorič Matej,https://www.procyclingstats.com/rider/matej-mohoric,Bahrain - Victorious,,,",,",911,12667
11,156,finished,122,5669,107,Classic,32,BE,Vermeersch Gianni,https://www.procyclingstats.com/rider/gianni-vermeersch,Alpecin - Deceuninck,,,",,",911,12667
11,157,finished,112,5111,67,Classic,29,GB,Swift Connor,https://www.procyclingstats.com/rider/connor-swift,INEOS Grenadiers,,,",,",911,12667
11,158,finished,171,7750,47,GC,24,NL,van Sintmaartensdijk Roel,https://www.procyclingstats.com/rider/roel-van-sintmaartensdijk,Intermarché - Wanty,,,",,",911,12667
11,159,finished,129,6003,97,Classic,23,FR,Penhoët Paul,https://www.procyclingstats.com/rider/paul-penhoet,Groupama - FDJ,,,",,",911,12667
11,160,finished,144,6563,224,Sprint,22,NO,Edvardsen-Fredheim Stian,https://www.procyclingstats.com/rider/stian-fredheim,Uno-X Mobility,,,",,",911,12667
11,161,finished,166,7252,175,Classic,25,KZ,Fedorov Yevgeniy,https://www.procyclingstats.com/rider/yevgeniy-fedorov,XDS Astana Team,,,",,",911,12667
11,162,finished,154,6812,43,Classic,24,BE,Braet Vito,https://www.procyclingstats.com/rider/vito-braet,Intermarché - Wanty,,,",,",911,12667
11,163,finished,161,7042,204,Classic,36,CA,Boivin Guillaume,https://www.procyclingstats.com/rider/guillaume-boivin,Israel - Premier Tech,,,",,",911,12667
11,164,finished,132,6093,126,GC,24,AU,Plapp Luke,https://www.procyclingstats.com/rider/luke-plapp,Team Jayco AlUla,,,",,",911,12667
11,165,finished,96,4249,117,Climber,28,AU,Storer Michael,https://www.procyclingstats.com/rider/michael-storer,Tudor Pro Cycling Team,,,",,",911,12667
11,166,finished,150,6716,167,TT,29,FR,Thomas Benjamin,https://www.procyclingstats.com/rider/benjamin-thomas-2,Cofidis,,,",,",911,12667
11,167,finished,172,8078,188,Hills,24,FR,Vercher Mattéo,https://www.procyclingstats.com/rider/matheo-vercher,TotalEnergies,,,",,",911,12667
11,168,finished,102,4491,55,Climber,22,FR,Martinez Lenny,https://www.procyclingstats.com/rider/lenny-martinez,Bahrain - Victorious,,,",,",911,12667
11,169,finished,92,4148,171,Climber,28,CO,Tejada Harold,https://www.procyclingstats.com/rider/harold-tejada,XDS Astana Team,,,",,",911,12667
11,170,finished,168,7300,88,Classic,34,BE,Theuns Edward,https://www.procyclingstats.com/rider/edward-theuns,Lidl - Trek,,,",,",911,12667
11,171,finished,155,6840,52,Sprint,31,DE,Bauhaus Phil,https://www.procyclingstats.com/rider/phil-bauhaus,Bahrain - Victorious,,,",,",911,12667
11,172,finished,170,7478,73,Classic,27,BE,Meeus Jordi,https://www.procyclingstats.com/rider/jordi-meeus,Red Bull - BORA - hansgrohe,,,",,",911,12667
12,1,finished,1,0,1,Climber,26,SI,Pogačar Tadej,https://www.procyclingstats.com/rider/tadej-pogacar,UAE Team Emirates - XRG,210.0,100.0,4:21:19,0,15679
12,2,finished,2,211,11,GC,28,DK,Vingegaard Jonas,https://www.procyclingstats.com/rider/jonas-vingegaard,Team Visma | Lease a Bike,150.0,70.0,2:10,130,15809
12,3,finished,4,334,72,GC,24,DE,Lipowitz Florian,https://www.procyclingstats.com/rider/florian-lipowitz,Red Bull - BORA - hansgrohe,110.0,50.0,2:23,143,15822
12,4,finished,8,464,221,Climber,25,NO,Johannessen Tobias Halland,https://www.procyclingstats.com/rider/tobias-halland-johannessen,Uno-X Mobility,90.0,40.0,3:00,180,15859
12,5,finished,6,365,191,GC,22,GB,Onley Oscar,https://www.procyclingstats.com/rider/oscar-onley,Team Picnic PostNL,70.0,32.0,",,",180,15859
12,6,finished,5,340,131,GC,24,FR,Vauquelin Kévin,https://www.procyclingstats.com/rider/kevin-vauquelin,Arkéa - B&B Hotels,55.0,26.0,3:33,213,15892
12,7,finished,3,285,21,Climber,25,BE,Evenepoel Remco,https://www.procyclingstats.com/rider/remco-evenepoel,Soudal Quick-Step,45.0,22.0,3:35,215,15894
12,8,finished,9,561,151,Climber,27,AT,Gall Felix,https://www.procyclingstats.com/rider/felix-gall,Decathlon AG2R La Mondiale Team,40.0,18.0,4:02,242,15921
12,9,finished,7,450,71,Climber,35,SI,Roglič Primož,https://www.procyclingstats.com/rider/primoz-roglic,Red Bull - BORA - hansgrohe,35.0,14.0,4:08,248,15927
12,10,finished,19,1821,137,GC,30,ES,Rodríguez Cristián,https://www.procyclingstats.com/rider/cristian-rodriguez,Arkéa - B&B Hotels,30.0,10.0,7:26,446,16125
12,11,finished,71,5271,148,Climber,27,CO,Rubio Einer,https://www.procyclingstats.com/rider/einer-rubio,Movistar Team,25.0,8.0,7:27,447,16126
12,12,finished,50,4353,135,Climber,24,ES,García Pierna Raúl,https://www.procyclingstats.com/rider/raul-garcia-pierna,Arkéa - B&B Hotels,20.0,6.0,7:33,453,16132
12,13,finished,14,1170,91,Climber,32,FR,Martin Guillaume,https://www.procyclingstats.com/rider/guillaume-martin,Groupama - FDJ,15.0,4.0,9:05,545,16224
12,14,finished,25,2453,176,Climber,27,CO,Higuita Sergio,https://www.procyclingstats.com/rider/sergio-higuita,XDS Astana Team,10.0,2.0,9:38,578,16257
12,15,finished,10,732,15,GC,26,US,Jorgenson Matteo,https://www.procyclingstats.com/rider/matteo-jorgenson,Team Visma | Lease a Bike,5.0,1.0,10:25,625,16304
12,16,finished,17,1334,121,GC,29,AU,O'Connor Ben,https://www.procyclingstats.com/rider/ben-o-connor,Team Jayco AlUla,,,10:43,643,16322
12,17,finished,59,4699,152,TT,31,FR,Armirail Bruno,https://www.procyclingstats.com/rider/bruno-armirail,Decathlon AG2R La Mondiale Team,,,10:46,646,16325
12,18,finished,16,1320,3,Hills,28,EC,Narváez Jhonatan,https://www.procyclingstats.com/rider/jhonatan-narvaez,UAE Team Emirates - XRG,,,10:50,650,16329
12,19,finished,13,1090,186,Climber,26,FR,Jegat Jordan,https://www.procyclingstats.com/rider/jordan-jegat,TotalEnergies,-15.0,,11:47,707,16386
12,20,finished,31,3149,156,GC,29,FR,Paret-Peintre Aurélien,https://www.procyclingstats.com/rider/aurelien-paret-peintre,Decathlon AG2R La Mondiale Team,,,",,",707,16386
12,21,finished,29,2959,181,GC,29,BE,Cras Steff,https://www.procyclingstats.com/rider/steff-cras,TotalEnergies,,,11:53,713,16392
12,22,finished,12,1076,66,GC,24,ES,Rodríguez Carlos,https://www.procyclingstats.com/rider/carlos-rodriguez-cano,INEOS Grenadiers,,,12:31,751,16430
12,23,finished,28,2955,8,Climber,32,GB,Yates Adam,https://www.procyclingstats.com/rider/adam-yates,UAE Team Emirates - XRG,,,13:10,790,16469
12,24,finished,21,1980,16,Climber,30,US,Kuss Sepp,https://www.procyclingstats.com/rider/sepp-kuss,Team Visma | Lease a Bike,,,13:30,810,16489
12,25,finished,11,799,31,Climber,24,IE,Healy Ben,https://www.procyclingstats.com/rider/ben-healy,EF Education - EasyPost,,,13:38,818,16497
12,26,finished,35,3458,178,Classic,29,IT,Velasco Simone,https://www.procyclingstats.com/rider/simone-velasco,XDS Astana Team,,,",,",818,16497
12,27,finished,72,5302,133,GC,22,FR,Costiou Ewen,https://www.procyclingstats.com/rider/ewen-costiou,Arkéa - B&B Hotels,,,14:08,848,16527
12,28,finished,22,2114,18,Climber,32,GB,Yates Simon,https://www.procyclingstats.com/rider/simon-yates,Team Visma | Lease a Bike,,,15:07,907,16586
12,29,finished,18,1669,85,Climber,24,DK,Skjelmose Mattias,https://www.procyclingstats.com/rider/mattias-skjelmose-jensen,Lidl - Trek,,,15:23,923,16602
12,30,finished,30,3073,192,Climber,33,FR,Barguil Warren,https://www.procyclingstats.com/rider/warren-barguil,Team Picnic PostNL,,,15:53,953,16632
12,31,finished,39,3500,146,GC,31,AT,Mühlberger Gregor,https://www.procyclingstats.com/rider/gregor-muhlberger,Movistar Team,,,16:00,960,16639
12,32,finished,20,1882,161,GC,32,DE,Buchmann Emanuel,https://www.procyclingstats.com/rider/emanuel-buchmann,Cofidis,,,",,",960,16639
12,33,finished,15,1297,141,Climber,30,ES,Mas Enric,https://www.procyclingstats.com/rider/enric-mas,Movistar Team,,,",,",960,16639
12,34,finished,33,3259,78,Climber,29,RU,Vlasov Aleksandr,https://www.procyclingstats.com/rider/aleksandr-vlasov,Red Bull - BORA - hansgrohe,,,",,",960,16639
12,35,finished,63,5066,51,Climber,25,CO,Buitrago Santiago,https://www.procyclingstats.com/rider/santiago-buitrago-sanchez,Bahrain - Victorious,,,",,",960,16639
12,36,finished,65,5089,171,Climber,28,CO,Tejada Harold,https://www.procyclingstats.com/rider/harold-tejada,XDS Astana Team,,,",,",960,16639
12,37,finished,68,5190,117,Climber,28,AU,Storer Michael,https://www.procyclingstats.com/rider/michael-storer,Tudor Pro Cycling Team,,,",,",960,16639
12,38,finished,24,2418,95,Classic,29,FR,Madouas Valentin,https://www.procyclingstats.com/rider/valentin-madouas,Groupama - FDJ,,,17:09,1029,16708
12,39,finished,23,2404,62,GC,25,NL,Arensman Thymen,https://www.procyclingstats.com/rider/thymen-arensman,INEOS Grenadiers,,,18:17,1097,16776
12,40,finished,69,5194,201,Climber,38,CA,Woods Michael,https://www.procyclingstats.com/rider/michael-woods,Israel - Premier Tech,,,",,",1097,16776
12,41,finished,51,4367,7,GC,34,BE,Wellens Tim,https://www.procyclingstats.com/rider/tim-wellens,UAE Team Emirates - XRG,,,20:15,1215,16894
12,42,finished,26,2626,153,Climber,27,FR,Berthet Clément,https://www.procyclingstats.com/rider/clement-berthet,Decathlon AG2R La Mondiale Team,,,",,",1215,16894
12,43,finished,43,3819,36,GC,27,AU,Sweeny Harry,https://www.procyclingstats.com/rider/harry-sweeny,EF Education - EasyPost,,,20:42,1242,16921
12,44,finished,41,3660,138,Classic,31,FR,Venturini Clément,https://www.procyclingstats.com/rider/clement-venturini,Arkéa - B&B Hotels,,,27:36,1656,17335
12,45,finished,73,5473,136,Hills,24,FR,Le Berre Mathis,https://www.procyclingstats.com/rider/mathis-le-berre,Arkéa - B&B Hotels,,,",,",1656,17335
12,46,finished,36,3482,157,GC,28,AU,Scotson Callum,https://www.procyclingstats.com/rider/callum-scotson,Decathlon AG2R La Mondiale Team,,,28:03,1683,17362
12,47,finished,83,5836,164,GC,36,ES,Izagirre Ion,https://www.procyclingstats.com/rider/ion-izagirre,Cofidis,,,28:48,1728,17407
12,48,finished,99,6340,143,Climber,24,ES,Castrillo Pablo,https://www.procyclingstats.com/rider/pablo-castrillo-zapater,Movistar Team,,,",,",1728,17407
12,49,finished,107,6858,5,GC,28,FR,Sivakov Pavel,https://www.procyclingstats.com/rider/pavel-sivakov,UAE Team Emirates - XRG,,,29:13,1753,17432
12,50,finished,54,4547,184,GC,24,FR,Gachignard Thomas,https://www.procyclingstats.com/rider/thomas-gachignard,TotalEnergies,,,",,",1753,17432
12,51,finished,44,3996,28,GC,25,BE,Van Wilder Ilan,https://www.procyclingstats.com/rider/ilan-van-wilder,Soudal Quick-Step,,,",,",1753,17432
12,52,finished,109,7099,147,GC,21,ES,Romeo Iván,https://www.procyclingstats.com/rider/ivan-romeo,Movistar Team,,,",,",1753,17432
12,53,finished,64,5067,26,GC,31,DE,Schachmann Maximilian,https://www.procyclingstats.com/rider/maximilian-schachmann,Soudal Quick-Step,,,",,",1753,17432
12,54,finished,62,5021,6,Climber,31,ES,Soler Marc,https://www.procyclingstats.com/rider/marc-soler,UAE Team Emirates - XRG,,,",,",1753,17432
12,55,finished,38,3493,203,GC,22,GB,Blackmore Joseph,https://www.procyclingstats.com/rider/joseph-blackmore,Israel - Premier Tech,,,",,",1753,17432
12,56,finished,47,4093,14,TT,33,BE,Campenaerts Victor,https://www.procyclingstats.com/rider/victor-campenaerts,Team Visma | Lease a Bike,,,30:07,1807,17486
12,57,finished,78,5649,114,Classic,26,CH,Hirschi Marc,https://www.procyclingstats.com/rider/marc-hirschi,Tudor Pro Cycling Team,,,30:14,1814,17493
12,58,finished,110,7103,42,Classic,25,FR,Barré Louis,https://www.procyclingstats.com/rider/louis-barre,Intermarché - Wanty,,,31:15,1875,17554
12,59,finished,42,3683,34,Climber,24,FR,Baudin Alex,https://www.procyclingstats.com/rider/alex-baudin,EF Education - EasyPost,,,31:22,1882,17561
12,60,finished,32,3151,104,GC,33,BE,Meurisse Xandro,https://www.procyclingstats.com/rider/xandro-meurisse,Alpecin - Deceuninck,,,",,",1882,17561
12,61,finished,34,3300,13,Classic,31,BE,Benoot Tiesj,https://www.procyclingstats.com/rider/tiesj-benoot,Team Visma | Lease a Bike,,,",,",1882,17561
12,62,finished,45,4072,23,Classic,28,NL,Eenkhoorn Pascal,https://www.procyclingstats.com/rider/pascal-eenkhoorn,Soudal Quick-Step,,,",,",1882,17561
12,63,finished,100,6348,75,Classic,23,NZ,Pithie Laurence,https://www.procyclingstats.com/rider/laurence-pithie,Red Bull - BORA - hansgrohe,,,",,",1882,17561
12,64,finished,60,4819,144,TT,36,PT,Oliveira Nelson,https://www.procyclingstats.com/rider/nelson-oliveira,Movistar Team,,,",,",1882,17561
12,65,finished,52,4379,35,Classic,28,US,Powless Neilson,https://www.procyclingstats.com/rider/neilson-powless,EF Education - EasyPost,,,",,",1882,17561
12,66,finished,37,3491,96,Hills,33,FR,Pacher Quentin,https://www.procyclingstats.com/rider/quentin-pacher,Groupama - FDJ,,,",,",1882,17561
12,67,finished,82,5831,93,Hills,29,FR,Barthe Cyril,https://www.procyclingstats.com/rider/cyril-barthe,Groupama - FDJ,,,",,",1882,17561
12,68,finished,70,5258,158,Classic,23,FR,Tronchon Bastien,https://www.procyclingstats.com/rider/bastien-tronchon,Decathlon AG2R La Mondiale Team,,,",,",1882,17561
12,69,finished,75,5544,25,Climber,24,FR,Paret-Peintre Valentin,https://www.procyclingstats.com/rider/valentin-paret-peintre,Soudal Quick-Step,,,",,",1882,17561
12,70,finished,148,9109,102,Classic,34,CH,Dillier Silvan,https://www.procyclingstats.com/rider/silvan-dillier,Alpecin - Deceuninck,,,",,",1882,17561
12,71,finished,81,5788,206,GC,32,KZ,Lutsenko Alexey,https://www.procyclingstats.com/rider/aleksey-lutsenko,Israel - Premier Tech,,,",,",1882,17561
12,72,finished,61,5001,87,Classic,33,BE,Stuyven Jasper,https://www.procyclingstats.com/rider/jasper-stuyven,Lidl - Trek,,,",,",1882,17561
12,73,finished,77,5609,155,Classic,34,BE,Naesen Oliver,https://www.procyclingstats.com/rider/oliver-naesen,Decathlon AG2R La Mondiale Team,,,",,",1882,17561
12,74,finished,111,7217,105,Classic,31,BE,Rickaert Jonas,https://www.procyclingstats.com/rider/jonas-rickaert,Alpecin - Deceuninck,,,",,",1882,17561
12,75,finished,48,4106,225,Classic,30,NO,Hoelgaard Markus,https://www.procyclingstats.com/rider/markus-hoelgaard,Uno-X Mobility,,,",,",1882,17561
12,76,finished,74,5519,108,Climber,23,BE,Verstrynge Emiel,https://www.procyclingstats.com/rider/emiel-verstrynge,Alpecin - Deceuninck,,,",,",1882,17561
12,77,finished,80,5749,174,Climber,27,FR,Champoussin Clément,https://www.procyclingstats.com/rider/clement-champoussin,XDS Astana Team,,,",,",1882,17561
12,78,finished,97,6297,142,TT,29,US,Barta Will,https://www.procyclingstats.com/rider/william-barta,Movistar Team,,,",,",1882,17561
12,79,finished,119,7532,107,Classic,32,BE,Vermeersch Gianni,https://www.procyclingstats.com/rider/gianni-vermeersch,Alpecin - Deceuninck,,,",,",1882,17561
12,80,finished,88,6014,218,Classic,27,BE,Van Moer Brent,https://www.procyclingstats.com/rider/brent-van-moer,Lotto,,,",,",1882,17561
12,81,finished,122,7841,196,Sprint,26,DE,Märkl Niklas,https://www.procyclingstats.com/rider/niklas-markl,Team Picnic PostNL,,,31:43,1903,17582
12,82,finished,105,6774,4,Classic,31,DE,Politt Nils,https://www.procyclingstats.com/rider/nils-politt,UAE Team Emirates - XRG,,,",,",1903,17582
12,83,finished,131,8434,194,GC,25,GB,Flynn Sean,https://www.procyclingstats.com/rider/sean-flynn,Team Picnic PostNL,,,32:53,1973,17652
12,84,finished,79,5678,116,Hills,24,DE,Mayrhofer Marius,https://www.procyclingstats.com/rider/marius-mayrhofer,Tudor Pro Cycling Team,,,32:59,1979,17658
12,85,finished,46,4084,84,Hills,24,US,Simmons Quinn,https://www.procyclingstats.com/rider/quinn-simmons,Lidl - Trek,,,33:03,1983,17662
12,86,finished,57,4664,198,GC,24,NL,van den Broek Frank,https://www.procyclingstats.com/rider/frank-van-den-broek,Team Picnic PostNL,,,33:14,1994,17673
12,87,finished,104,6683,103,Hills,26,AU,Groves Kaden,https://www.procyclingstats.com/rider/kaden-groves,Alpecin - Deceuninck,,,33:18,1998,17677
12,88,finished,92,6252,222,Classic,29,NO,Abrahamsen Jonas,https://www.procyclingstats.com/rider/jonas-abrahamsen,Uno-X Mobility,,,33:24,2004,17683
12,89,finished,58,4670,61,GC,39,GB,Thomas Geraint,https://www.procyclingstats.com/rider/geraint-thomas,INEOS Grenadiers,,,33:30,2010,17689
12,90,finished,27,2916,94,Classic,22,FR,Grégoire Romain,https://www.procyclingstats.com/rider/romain-gregoire,Groupama - FDJ,,,33:40,2020,17699
12,91,finished,67,5143,111,Classic,33,FR,Alaphilippe Julian,https://www.procyclingstats.com/rider/julian-alaphilippe,Tudor Pro Cycling Team,,,34:01,2041,17720
12,92,finished,49,4263,183,Classic,27,FR,Delettre Alexandre,https://www.procyclingstats.com/rider/alexandre-delettre,TotalEnergies,,,",,",2041,17720
12,93,finished,40,3533,106,Classic,30,NL,van der Poel Mathieu,https://www.procyclingstats.com/rider/mathieu-van-der-poel,Alpecin - Deceuninck,,,",,",2041,17720
12,94,finished,93,6270,177,Classic,32,NL,Teunissen Mike,https://www.procyclingstats.com/rider/mike-teunissen,XDS Astana Team,,,34:33,2073,17752
12,95,finished,87,5992,63,TT,28,NO,Foss Tobias,https://www.procyclingstats.com/rider/tobias-foss,INEOS Grenadiers,,,34:57,2097,17776
12,96,finished,84,5869,37,Classic,33,DK,Valgren Michael,https://www.procyclingstats.com/rider/michael-valgren-andersen,EF Education - EasyPost,,,",,",2097,17776
12,97,finished,102,6617,55,Climber,22,FR,Martinez Lenny,https://www.procyclingstats.com/rider/lenny-martinez,Bahrain - Victorious,,,35:45,2145,17824
12,98,finished,136,8693,46,Classic,27,DE,Rutsch Jonas,https://www.procyclingstats.com/rider/jonas-rutsch,Intermarché - Wanty,,,36:27,2187,17866
12,99,finished,169,9918,47,GC,24,NL,van Sintmaartensdijk Roel,https://www.procyclingstats.com/rider/roel-van-sintmaartensdijk,Intermarché - Wanty,,,",,",2187,17866
12,100,finished,53,4520,65,Hills,24,FR,Laurance Axel,https://www.procyclingstats.com/rider/axel-laurance,INEOS Grenadiers,,,37:00,2220,17899
12,101,finished,139,8888,45,Classic,25,BE,Rex Laurenz,https://www.procyclingstats.com/rider/laurenz-rex,Intermarché - Wanty,,,",,",2220,17899
12,102,finished,118,7461,98,Classic,30,FR,Russo Clément,https://www.procyclingstats.com/rider/clement-russo,Groupama - FDJ,,,37:08,2228,17907
12,103,finished,129,8212,97,Classic,23,FR,Penhoët Paul,https://www.procyclingstats.com/rider/paul-penhoet,Groupama - FDJ,,,",,",2228,17907
12,104,finished,171,10289,188,Hills,24,FR,Vercher Mattéo,https://www.procyclingstats.com/rider/matheo-vercher,TotalEnergies,,,37:10,2230,17909
12,105,finished,86,5940,128,Hills,25,CH,Schmid Mauro,https://www.procyclingstats.com/rider/mauro-schmid,Team Jayco AlUla,,,",,",2230,17909
12,106,finished,56,4627,182,Hills,26,FR,Burgaudeau Mathieu,https://www.procyclingstats.com/rider/mathieu-burgaudeau,TotalEnergies,,,",,",2230,17909
12,107,finished,117,7432,187,Classic,31,FR,Turgis Anthony,https://www.procyclingstats.com/rider/anthony-turgis,TotalEnergies,,,37:15,2235,17914
12,108,finished,157,9289,217,Climber,24,BE,Van Eetvelt Lennert,https://www.procyclingstats.com/rider/lennert-van-eetvelt,Lotto,,,37:21,2241,17920
12,109,finished,55,4601,212,Classic,24,BE,Berckmoes Jenno,https://www.procyclingstats.com/rider/jenno-berckmoes,Lotto,,,38:01,2281,17960
12,110,finished,152,9169,123,TT,34,AU,Durbridge Luke,https://www.procyclingstats.com/rider/luke-durbridge,Team Jayco AlUla,,,",,",2281,17960
12,111,finished,115,7373,67,Classic,29,GB,Swift Connor,https://www.procyclingstats.com/rider/connor-swift,INEOS Grenadiers,,,",,",2281,17960
12,112,finished,114,7345,145,Classic,29,ES,García Cortina Iván,https://www.procyclingstats.com/rider/ivan-garcia-cortina,Movistar Team,,,38:28,2308,17987
12,113,finished,145,9049,44,Classic,23,FR,Page Hugo,https://www.procyclingstats.com/rider/hugo-page,Intermarché - Wanty,,,38:42,2322,18001
12,114,finished,76,5562,162,Classic,29,ES,Aranburu Alex,https://www.procyclingstats.com/rider/alex-aranburu,Cofidis,,,39:03,2343,18022
12,115,finished,149,9136,43,Classic,24,BE,Braet Vito,https://www.procyclingstats.com/rider/vito-braet,Intermarché - Wanty,,,",,",2343,18022
12,116,finished,96,6281,33,TT,30,DK,Asgreen Kasper,https://www.procyclingstats.com/rider/kasper-asgreen,EF Education - EasyPost,,,39:19,2359,18038
12,117,finished,130,8432,41,Classic,25,ER,Girmay Biniam,https://www.procyclingstats.com/rider/biniam-girmay,Intermarché - Wanty,,,39:23,2363,18042
12,118,finished,66,5094,17,Classic,30,BE,van Aert Wout,https://www.procyclingstats.com/rider/wout-van-aert,Team Visma | Lease a Bike,,,39:25,2365,18044
12,119,finished,124,8148,202,Sprint,31,DE,Ackermann Pascal,https://www.procyclingstats.com/rider/pascal-ackermann,Israel - Premier Tech,,,",,",2365,18044
12,120,finished,126,8199,68,Hills,23,GB,Watson Samuel,https://www.procyclingstats.com/rider/samuel-watson,INEOS Grenadiers,,,",,",2365,18044
12,121,finished,85,5927,207,Classic,30,LV,Neilands Krists,https://www.procyclingstats.com/rider/krists-neilands,Israel - Premier Tech,,,",,",2365,18044
12,122,finished,113,7334,216,GC,34,AR,Sepúlveda Eduardo,https://www.procyclingstats.com/rider/eduardo-sepulveda,Lotto,,,39:30,2370,18049
12,123,finished,91,6225,227,GC,26,NO,Leknessund Andreas,https://www.procyclingstats.com/rider/andreas-leknessund,Uno-X Mobility,,,39:37,2377,18056
12,124,finished,156,9279,76,Classic,25,NL,van Dijke Mick,https://www.procyclingstats.com/rider/mick-van-dijke,Red Bull - BORA - hansgrohe,,,39:52,2392,18071
12,125,finished,120,7570,32,Hills,28,IT,Albanese Vincenzo,https://www.procyclingstats.com/rider/vincenzo-albanese,EF Education - EasyPost,,,",,",2392,18071
12,126,finished,162,9419,204,Classic,36,CA,Boivin Guillaume,https://www.procyclingstats.com/rider/guillaume-boivin,Israel - Premier Tech,,,39:56,2396,18075
12,127,finished,153,9190,197,GC,26,NL,Naberman Tim,https://www.procyclingstats.com/rider/tim-naberman,Team Picnic PostNL,,,40:07,2407,18086
12,128,finished,140,8900,193,Sprint,22,CZ,Bittner Pavel,https://www.procyclingstats.com/rider/pavel-bittner,Team Picnic PostNL,,,",,",2407,18086
12,129,finished,103,6637,195,Classic,22,DK,Andresen Tobias Lund,https://www.procyclingstats.com/rider/tobias-lund-andresen,Team Picnic PostNL,,,",,",2407,18086
12,130,finished,127,8208,77,Sprint,31,NL,van Poppel Danny,https://www.procyclingstats.com/rider/danny-van-poppel,Red Bull - BORA - hansgrohe,,,",,",2407,18086
12,131,finished,133,8516,208,Hills,25,GB,Stewart Jake,https://www.procyclingstats.com/rider/jake-stewart,Israel - Premier Tech,,,",,",2407,18086
12,132,finished,134,8540,12,TT,29,IT,Affini Edoardo,https://www.procyclingstats.com/rider/edoardo-affini,Team Visma | Lease a Bike,,,",,",2407,18086
12,133,finished,89,6075,74,Classic,31,IT,Moscon Gianni,https://www.procyclingstats.com/rider/gianni-moscon,Red Bull - BORA - hansgrohe,,,",,",2407,18086
12,134,finished,138,8867,132,Classic,32,BE,Capiot Amaury,https://www.procyclingstats.com/rider/amaury-capiot,Arkéa - B&B Hotels,,,",,",2407,18086
12,135,finished,112,7229,205,Classic,25,FR,Louvel Matis,https://www.procyclingstats.com/rider/matis-louvel,Israel - Premier Tech,,,",,",2407,18086
12,136,finished,144,9048,165,Classic,26,FR,Renard Alexis,https://www.procyclingstats.com/rider/alexis-renard,Cofidis,,,",,",2407,18086
12,137,finished,121,7590,57,Hills,26,AU,Stannard Robert,https://www.procyclingstats.com/rider/robert-stannard,Bahrain - Victorious,,,",,",2407,18086
12,138,finished,168,9823,115,Classic,31,CH,Lienhard Fabian,https://www.procyclingstats.com/rider/fabian-lienhard,Tudor Pro Cycling Team,,,",,",2407,18086
12,139,finished,147,9075,24,Sprint,32,BE,Merlier Tim,https://www.procyclingstats.com/rider/tim-merlier,Soudal Quick-Step,,,",,",2407,18086
12,140,finished,150,9142,27,Classic,32,BE,Van Lerberghe Bert,https://www.procyclingstats.com/rider/bert-van-lerberghe,Soudal Quick-Step,,,",,",2407,18086
12,141,finished,161,9410,214,GC,26,AU,Drizners Jarrad,https://www.procyclingstats.com/rider/jarrad-drizners,Lotto,,,",,",2407,18086
12,142,finished,132,8481,126,GC,24,AU,Plapp Luke,https://www.procyclingstats.com/rider/luke-plapp,Team Jayco AlUla,,,",,",2407,18086
12,143,finished,106,6826,168,Classic,29,FR,Touzé Damien,https://www.procyclingstats.com/rider/damien-touze,Cofidis,,,",,",2407,18086
12,144,finished,98,6316,113,Classic,34,AT,Haller Marco,https://www.procyclingstats.com/rider/marco-haller,Tudor Pro Cycling Team,,,",,",2407,18086
12,145,finished,163,9597,215,Classic,26,BE,Grignard Sébastien,https://www.procyclingstats.com/rider/sebastien-grignard,Lotto,,,40:15,2415,18094
12,146,finished,95,6280,166,GC,33,BE,Teuns Dylan,https://www.procyclingstats.com/rider/dylan-teuns,Cofidis,,,40:17,2417,18096
12,147,finished,108,7052,58,Hills,26,GB,Wright Fred,https://www.procyclingstats.com/rider/alfred-wright,Bahrain - Victorious,,,40:31,2431,18110
12,148,finished,137,8748,211,Classic,23,BE,De Lie Arnaud,https://www.procyclingstats.com/rider/arnaud-de-lie,Lotto,,,40:55,2455,18134
12,149,finished,164,9695,53,TT,34,PL,Gradek Kamil,https://www.procyclingstats.com/rider/kamil-gradek,Bahrain - Victorious,,,41:04,2464,18143
12,150,finished,146,9053,224,Sprint,22,NO,Edvardsen-Fredheim Stian,https://www.procyclingstats.com/rider/stian-fredheim,Uno-X Mobility,,,41:49,2509,18188
12,151,finished,125,8182,112,Sprint,27,IT,Dainese Alberto,https://www.procyclingstats.com/rider/alberto-dainese,Tudor Pro Cycling Team,,,",,",2509,18188
12,152,finished,165,9742,175,Classic,25,KZ,Fedorov Yevgeniy,https://www.procyclingstats.com/rider/yevgeniy-fedorov,XDS Astana Team,,,",,",2509,18188
12,153,finished,151,9153,81,Sprint,24,IT,Milan Jonathan,https://www.procyclingstats.com/rider/jonathan-milan,Lidl - Trek,,,",,",2509,18188
12,154,finished,158,9330,52,Sprint,31,DE,Bauhaus Phil,https://www.procyclingstats.com/rider/phil-bauhaus,Bahrain - Victorious,,,",,",2509,18188
12,155,finished,128,8210,56,Classic,30,SI,Mohorič Matej,https://www.procyclingstats.com/rider/matej-mohoric,Bahrain - Victorious,,,",,",2509,18188
12,156,finished,167,9790,88,Classic,34,BE,Theuns Edward,https://www.procyclingstats.com/rider/edward-theuns,Lidl - Trek,,,",,",2509,18188
12,157,finished,123,7978,83,Hills,22,BE,Nys Thibau,https://www.procyclingstats.com/rider/thibau-nys,Lidl - Trek,,,",,",2509,18188
12,158,finished,142,8961,92,Classic,24,GB,Askey Lewis,https://www.procyclingstats.com/rider/lewis-askey,Groupama - FDJ,,,",,",2509,18188
12,159,finished,94,6280,86,Classic,34,LV,Skujiņš Toms,https://www.procyclingstats.com/rider/toms-skujins,Lidl - Trek,,,",,",2509,18188
12,160,finished,159,9333,134,Classic,33,FR,Démare Arnaud,https://www.procyclingstats.com/rider/arnaud-demare,Arkéa - B&B Hotels,,,",,",2509,18188
12,161,finished,166,9777,82,Classic,30,IT,Consonni Simone,https://www.procyclingstats.com/rider/simone-consonni,Lidl - Trek,,,42:00,2520,18199
12,162,finished,160,9387,172,Classic,30,IT,Ballerini Davide,https://www.procyclingstats.com/rider/davide-ballerini,XDS Astana Team,,,",,",2520,18199
12,163,finished,90,6159,226,GC,25,NO,Johannessen Anders Halland,https://www.procyclingstats.com/rider/anders-halland-johannessen,Uno-X Mobility,,,42:05,2525,18204
12,164,finished,154,9228,167,TT,29,FR,Thomas Benjamin,https://www.procyclingstats.com/rider/benjamin-thomas-2,Cofidis,,,42:11,2531,18210
12,165,finished,170,10000,73,Classic,27,BE,Meeus Jordi,https://www.procyclingstats.com/rider/jordi-meeus,Red Bull - BORA - hansgrohe,,,42:21,2541,18220
12,166,finished,141,8945,124,Sprint,32,NL,Groenewegen Dylan,https://www.procyclingstats.com/rider/dylan-groenewegen,Team Jayco AlUla,,,43:20,2600,18279
12,167,finished,101,6361,118,Classic,35,IT,Trentin Matteo,https://www.procyclingstats.com/rider/matteo-trentin,Tudor Pro Cycling Team,,,43:29,2609,18288
12,168,finished,143,9017,223,Hills,32,DK,Cort Magnus,https://www.procyclingstats.com/rider/magnus-cort-nielsen,Uno-X Mobility,,,43:31,2611,18290
12,169,finished,135,8666,127,Classic,33,NL,Reinders Elmar,https://www.procyclingstats.com/rider/elmar-reinders,Team Jayco AlUla,,,",,",2611,18290
12,170,finished,155,9255,125,Hills,37,SI,Mezgec Luka,https://www.procyclingstats.com/rider/luka-mezgec,Team Jayco AlUla,,,44:03,2643,18322
12,171,finished,116,7385,163,Sprint,33,FR,Coquard Bryan,https://www.procyclingstats.com/rider/bryan-coquard,Cofidis,,,",,",2643,18322
12,,DNS,,,173,Sprint,29,NL,Bol Cees,https://www.procyclingstats.com/rider/cees-bol,XDS Astana Team,,,,,
13,1,finished,1,0,1,Climber,26,SI,Pogačar Tadej,https://www.procyclingstats.com/rider/tadej-pogacar,UAE Team Emirates - XRG,210.0,100.0,",19",0,
13,2,finished,2,247,11,GC,28,DK,Vingegaard Jonas,https://www.procyclingstats.com/rider/jonas-vingegaard,Team Visma | Lease a Bike,150.0,70.0,",69",,
13,3,finished,7,530,71,Climber,35,SI,Roglič Primož,https://www.procyclingstats.com/rider/primoz-roglic,Red Bull - BORA - hansgrohe,110.0,50.0,",78",,
13,4,finished,4,450,72,GC,24,DE,Lipowitz Florian,https://www.procyclingstats.com/rider/florian-lipowitz,Red Bull - BORA - hansgrohe,90.0,40.0,",22",,
13,5,finished,129,8599,126,GC,24,AU,Plapp Luke,https://www.procyclingstats.com/rider/luke-plapp,Team Jayco AlUla,70.0,32.0,",25",,
13,6,finished,10,855,15,GC,26,US,Jorgenson Matteo,https://www.procyclingstats.com/rider/matteo-jorgenson,Team Visma | Lease a Bike,55.0,26.0,",82",,
13,7,finished,5,491,191,GC,22,GB,Onley Oscar,https://www.procyclingstats.com/rider/oscar-onley,Team Picnic PostNL,45.0,22.0,",73",,
13,8,finished,27,3090,8,Climber,32,GB,Yates Adam,https://www.procyclingstats.com/rider/adam-yates,UAE Team Emirates - XRG,40.0,18.0,",43",,
13,9,finished,102,6758,55,Climber,22,FR,Martinez Lenny,https://www.procyclingstats.com/rider/lenny-martinez,Bahrain - Victorious,35.0,14.0,",74",,
13,10,finished,9,703,151,Climber,27,AT,Gall Felix,https://www.procyclingstats.com/rider/felix-gall,Decathlon AG2R La Mondiale Team,30.0,10.0,",76",,
13,11,finished,6,495,131,GC,24,FR,Vauquelin Kévin,https://www.procyclingstats.com/rider/kevin-vauquelin,Arkéa - B&B Hotels,25.0,8.0,",67",,
13,12,finished,3,444,21,Climber,25,BE,Evenepoel Remco,https://www.procyclingstats.com/rider/remco-evenepoel,Soudal Quick-Step,20.0,6.0,",79",,
13,13,finished,12,1244,66,GC,24,ES,Rodríguez Carlos,https://www.procyclingstats.com/rider/carlos-rodriguez-cano,INEOS Grenadiers,15.0,4.0,",6",,
13,14,finished,8,636,221,Climber,25,NO,Johannessen Tobias Halland,https://www.procyclingstats.com/rider/tobias-halland-johannessen,Uno-X Mobility,10.0,2.0,",23",,
13,15,finished,43,3992,36,GC,27,AU,Sweeny Harry,https://www.procyclingstats.com/rider/harry-sweeny,EF Education - EasyPost,5.0,1.0,",38",,
13,16,finished,15,1476,141,Climber,30,ES,Mas Enric,https://www.procyclingstats.com/rider/enric-mas,Movistar Team,,,",81",,
13,17,finished,63,5326,111,Classic,33,FR,Alaphilippe Julian,https://www.procyclingstats.com/rider/julian-alaphilippe,Tudor Pro Cycling Team,,,",09",,
13,18,finished,18,2009,137,GC,30,ES,Rodríguez Cristián,https://www.procyclingstats.com/rider/cristian-rodriguez,Arkéa - B&B Hotels,,,",45",,
13,19,finished,54,4891,152,TT,31,FR,Armirail Bruno,https://www.procyclingstats.com/rider/bruno-armirail,Decathlon AG2R La Mondiale Team,,,",45",,
13,20,finished,61,5261,51,Climber,25,CO,Buitrago Santiago,https://www.procyclingstats.com/rider/santiago-buitrago-sanchez,Bahrain - Victorious,,,",76",,
13,21,finished,20,2178,16,Climber,30,US,Kuss Sepp,https://www.procyclingstats.com/rider/sepp-kuss,Team Visma | Lease a Bike,,,",66",,
13,22,finished,77,5949,174,Climber,27,FR,Champoussin Clément,https://www.procyclingstats.com/rider/clement-champoussin,XDS Astana Team,,,",7",,
13,23,finished,13,1291,186,Climber,26,FR,Jegat Jordan,https://www.procyclingstats.com/rider/jordan-jegat,TotalEnergies,,,",23",,
13,24,finished,28,3123,94,Classic,22,FR,Grégoire Romain,https://www.procyclingstats.com/rider/romain-gregoire,Groupama - FDJ,,,",71",,
13,25,finished,31,3362,156,GC,29,FR,Paret-Peintre Aurélien,https://www.procyclingstats.com/rider/aurelien-paret-peintre,Decathlon AG2R La Mondiale Team,,,",07",,
13,26,finished,11,1017,31,Climber,24,IE,Healy Ben,https://www.procyclingstats.com/rider/ben-healy,EF Education - EasyPost,,,",17",,
13,27,finished,16,1554,121,GC,29,AU,O'Connor Ben,https://www.procyclingstats.com/rider/ben-o-connor,Team Jayco AlUla,,,",63",,
13,28,finished,69,5493,148,Climber,27,CO,Rubio Einer,https://www.procyclingstats.com/rider/einer-rubio,Movistar Team,,,",65",,
13,29,finished,23,2648,62,GC,25,NL,Arensman Thymen,https://www.procyclingstats.com/rider/thymen-arensman,INEOS Grenadiers,,,",83",,
13,30,finished,41,3931,34,Climber,24,FR,Baudin Alex,https://www.procyclingstats.com/rider/alex-baudin,EF Education - EasyPost,,,",77",,
13,31,finished,80,6044,206,GC,32,KZ,Lutsenko Alexey,https://www.procyclingstats.com/rider/aleksey-lutsenko,Israel - Premier Tech,,,",85",,
13,32,finished,74,5801,25,Climber,24,FR,Paret-Peintre Valentin,https://www.procyclingstats.com/rider/valentin-paret-peintre,Soudal Quick-Step,,,",8",,
13,33,finished,14,1432,91,Climber,32,FR,Martin Guillaume,https://www.procyclingstats.com/rider/guillaume-martin,Groupama - FDJ,,,",29",,
13,34,finished,24,2716,176,Climber,27,CO,Higuita Sergio,https://www.procyclingstats.com/rider/sergio-higuita,XDS Astana Team,,,",96",,
13,35,finished,85,6256,63,TT,28,NO,Foss Tobias,https://www.procyclingstats.com/rider/tobias-foss,INEOS Grenadiers,,,",64",,
13,36,finished,26,2892,153,Climber,27,FR,Berthet Clément,https://www.procyclingstats.com/rider/clement-berthet,Decathlon AG2R La Mondiale Team,,,",41",,
13,37,finished,30,3345,192,Climber,33,FR,Barguil Warren,https://www.procyclingstats.com/rider/warren-barguil,Team Picnic PostNL,,,",86",,
13,38,finished,73,5792,108,Climber,23,BE,Verstrynge Emiel,https://www.procyclingstats.com/rider/emiel-verstrynge,Alpecin - Deceuninck,,,",94",,
13,39,finished,35,3732,178,Classic,29,IT,Velasco Simone,https://www.procyclingstats.com/rider/simone-velasco,XDS Astana Team,,,",94",,
13,40,finished,64,5344,26,GC,31,DE,Schachmann Maximilian,https://www.procyclingstats.com/rider/maximilian-schachmann,Soudal Quick-Step,,,",75",,
13,41,finished,108,7332,58,Hills,26,GB,Wright Fred,https://www.procyclingstats.com/rider/alfred-wright,Bahrain - Victorious,,,",73",,
13,42,finished,82,6118,164,GC,36,ES,Izagirre Ion,https://www.procyclingstats.com/rider/ion-izagirre,Cofidis,,,",78",,
13,43,finished,36,3775,96,Hills,33,FR,Pacher Quentin,https://www.procyclingstats.com/rider/quentin-pacher,Groupama - FDJ,,,",31",,
13,44,finished,32,3436,104,GC,33,BE,Meurisse Xandro,https://www.procyclingstats.com/rider/xandro-meurisse,Alpecin - Deceuninck,,,",78",,
13,45,finished,62,5309,6,Climber,31,ES,Soler Marc,https://www.procyclingstats.com/rider/marc-soler,UAE Team Emirates - XRG,,,",22",,
13,46,finished,68,5479,117,Climber,28,AU,Storer Michael,https://www.procyclingstats.com/rider/michael-storer,Tudor Pro Cycling Team,,,",47",,
13,47,finished,153,9578,217,Climber,24,BE,Van Eetvelt Lennert,https://www.procyclingstats.com/rider/lennert-van-eetvelt,Lotto,,,",69",,
13,48,finished,50,4669,35,Classic,28,US,Powless Neilson,https://www.procyclingstats.com/rider/neilson-powless,EF Education - EasyPost,,,",97",,
13,49,finished,49,4659,7,GC,34,BE,Wellens Tim,https://www.procyclingstats.com/rider/tim-wellens,UAE Team Emirates - XRG,,,",02",,
13,50,finished,33,3558,78,Climber,29,RU,Vlasov Aleksandr,https://www.procyclingstats.com/rider/aleksandr-vlasov,Red Bull - BORA - hansgrohe,,,",92",,
13,51,finished,106,7125,168,Classic,29,FR,Touzé Damien,https://www.procyclingstats.com/rider/damien-touze,Cofidis,,,",69",,
13,52,finished,67,5397,17,Classic,30,BE,van Aert Wout,https://www.procyclingstats.com/rider/wout-van-aert,Team Visma | Lease a Bike,,,",61",,
13,53,finished,42,3964,138,Classic,31,FR,Venturini Clément,https://www.procyclingstats.com/rider/clement-venturini,Arkéa - B&B Hotels,,,",15",,
13,54,finished,95,6603,142,TT,29,US,Barta Will,https://www.procyclingstats.com/rider/william-barta,Movistar Team,,,",7",,
13,55,finished,37,3800,203,GC,22,GB,Blackmore Joseph,https://www.procyclingstats.com/rider/joseph-blackmore,Israel - Premier Tech,,,",84",,
13,56,finished,66,5396,171,Climber,28,CO,Tejada Harold,https://www.procyclingstats.com/rider/harold-tejada,XDS Astana Team,,,",79",,
13,57,finished,53,4855,184,GC,24,FR,Gachignard Thomas,https://www.procyclingstats.com/rider/thomas-gachignard,TotalEnergies,,,",05",,
13,58,finished,103,6991,103,Hills,26,AU,Groves Kaden,https://www.procyclingstats.com/rider/kaden-groves,Alpecin - Deceuninck,,,",27",,
13,59,finished,145,9446,43,Classic,24,BE,Braet Vito,https://www.procyclingstats.com/rider/vito-braet,Intermarché - Wanty,,,",85",,
13,60,finished,56,4912,212,Classic,24,BE,Berckmoes Jenno,https://www.procyclingstats.com/rider/jenno-berckmoes,Lotto,,,",79",,
13,61,finished,57,4976,198,GC,24,NL,van den Broek Frank,https://www.procyclingstats.com/rider/frank-van-den-broek,Team Picnic PostNL,,,",67",,
13,62,finished,44,4310,28,GC,25,BE,Van Wilder Ilan,https://www.procyclingstats.com/rider/ilan-van-wilder,Soudal Quick-Step,,,",39",,
13,63,finished,22,2431,18,Climber,32,GB,Yates Simon,https://www.procyclingstats.com/rider/simon-yates,Team Visma | Lease a Bike,,,",11",,
13,64,finished,135,9011,46,Classic,27,DE,Rutsch Jonas,https://www.procyclingstats.com/rider/jonas-rutsch,Intermarché - Wanty,,,",86",,
13,65,finished,25,2736,95,Classic,29,FR,Madouas Valentin,https://www.procyclingstats.com/rider/valentin-madouas,Groupama - FDJ,,,",8",,
13,66,finished,124,8529,56,Classic,30,SI,Mohorič Matej,https://www.procyclingstats.com/rider/matej-mohoric,Bahrain - Victorious,,,",35",,
13,67,finished,76,5881,162,Classic,29,ES,Aranburu Alex,https://www.procyclingstats.com/rider/alex-aranburu,Cofidis,,,",57",,
13,68,finished,38,3820,146,GC,31,AT,Mühlberger Gregor,https://www.procyclingstats.com/rider/gregor-muhlberger,Movistar Team,,,",06",,
13,69,finished,119,7910,57,Hills,26,AU,Stannard Robert,https://www.procyclingstats.com/rider/robert-stannard,Bahrain - Victorious,,,",18",,
13,70,finished,94,6601,33,TT,30,DK,Asgreen Kasper,https://www.procyclingstats.com/rider/kasper-asgreen,EF Education - EasyPost,,,",41",,
13,71,finished,93,6601,86,Classic,34,LV,Skujiņš Toms,https://www.procyclingstats.com/rider/toms-skujins,Lidl - Trek,,,",01",,
13,72,finished,96,6607,166,GC,33,BE,Teuns Dylan,https://www.procyclingstats.com/rider/dylan-teuns,Cofidis,,,",05",,
13,73,finished,60,5146,144,TT,36,PT,Oliveira Nelson,https://www.procyclingstats.com/rider/nelson-oliveira,Movistar Team,,,",27",,
13,74,finished,45,4412,84,Hills,24,US,Simmons Quinn,https://www.procyclingstats.com/rider/quinn-simmons,Lidl - Trek,,,",19",,
13,75,finished,17,1648,3,Hills,28,EC,Narváez Jhonatan,https://www.procyclingstats.com/rider/jhonatan-narvaez,UAE Team Emirates - XRG,,,",49",,
13,76,finished,59,4998,61,GC,39,GB,Thomas Geraint,https://www.procyclingstats.com/rider/geraint-thomas,INEOS Grenadiers,,,",74",,
13,77,finished,84,6198,37,Classic,33,DK,Valgren Michael,https://www.procyclingstats.com/rider/michael-valgren-andersen,EF Education - EasyPost,,,",28",,
13,78,finished,113,7705,67,Classic,29,GB,Swift Connor,https://www.procyclingstats.com/rider/connor-swift,INEOS Grenadiers,,,",12",,
13,79,finished,71,5634,133,GC,22,FR,Costiou Ewen,https://www.procyclingstats.com/rider/ewen-costiou,Arkéa - B&B Hotels,,,",48",,
13,80,finished,92,6587,222,Classic,29,NO,Abrahamsen Jonas,https://www.procyclingstats.com/rider/jonas-abrahamsen,Uno-X Mobility,,,",12",,
13,81,finished,109,7434,147,GC,21,ES,Romeo Iván,https://www.procyclingstats.com/rider/ivan-romeo,Movistar Team,,,",16",,
13,82,finished,75,5808,136,Hills,24,FR,Le Berre Mathis,https://www.procyclingstats.com/rider/mathis-le-berre,Arkéa - B&B Hotels,,,",21",,
13,83,finished,105,7110,4,Classic,31,DE,Politt Nils,https://www.procyclingstats.com/rider/nils-politt,UAE Team Emirates - XRG,,,",28",,
13,84,finished,143,9387,44,Classic,23,FR,Page Hugo,https://www.procyclingstats.com/rider/hugo-page,Intermarché - Wanty,,,",23",,
13,85,finished,19,2010,85,Climber,24,DK,Skjelmose Mattias,https://www.procyclingstats.com/rider/mattias-skjelmose-jensen,Lidl - Trek,,,",51",,
13,86,finished,110,7445,42,Classic,25,FR,Barré Louis,https://www.procyclingstats.com/rider/louis-barre,Intermarché - Wanty,,,",98",,
13,87,finished,87,6356,218,Classic,27,BE,Van Moer Brent,https://www.procyclingstats.com/rider/brent-van-moer,Lotto,,,",28",,
13,88,finished,70,5537,201,Climber,38,CA,Woods Michael,https://www.procyclingstats.com/rider/michael-woods,Israel - Premier Tech,,,",72",,
13,89,finished,118,7805,98,Classic,30,FR,Russo Clément,https://www.procyclingstats.com/rider/clement-russo,Groupama - FDJ,,,",01",,
13,90,finished,163,9944,215,Classic,26,BE,Grignard Sébastien,https://www.procyclingstats.com/rider/sebastien-grignard,Lotto,,,",02",,
13,91,finished,21,2230,161,GC,32,DE,Buchmann Emanuel,https://www.procyclingstats.com/rider/emanuel-buchmann,Cofidis,,,",24",,
13,92,finished,139,9248,193,Sprint,22,CZ,Bittner Pavel,https://www.procyclingstats.com/rider/pavel-bittner,Team Picnic PostNL,,,",5",,
13,93,finished,147,9460,102,Classic,34,CH,Dillier Silvan,https://www.procyclingstats.com/rider/silvan-dillier,Alpecin - Deceuninck,,,",15",,
13,94,finished,29,3310,181,GC,29,BE,Cras Steff,https://www.procyclingstats.com/rider/steff-cras,TotalEnergies,,,",57",,
13,95,finished,107,7211,5,GC,28,FR,Sivakov Pavel,https://www.procyclingstats.com/rider/pavel-sivakov,UAE Team Emirates - XRG,,,",42",,
13,96,finished,58,4980,182,Hills,26,FR,Burgaudeau Mathieu,https://www.procyclingstats.com/rider/mathieu-burgaudeau,TotalEnergies,,,",45",,
13,97,finished,156,9634,76,Classic,25,NL,van Dijke Mick,https://www.procyclingstats.com/rider/mick-van-dijke,Red Bull - BORA - hansgrohe,,,",22",,
13,98,finished,116,7789,187,Classic,31,FR,Turgis Anthony,https://www.procyclingstats.com/rider/anthony-turgis,TotalEnergies,,,",06",,
13,99,finished,91,6582,227,GC,26,NO,Leknessund Andreas,https://www.procyclingstats.com/rider/andreas-leknessund,Uno-X Mobility,,,",22",,
13,100,finished,86,6284,207,Classic,30,LV,Neilands Krists,https://www.procyclingstats.com/rider/krists-neilands,Israel - Premier Tech,,,",7",,
13,101,finished,155,9587,167,TT,29,FR,Thomas Benjamin,https://www.procyclingstats.com/rider/benjamin-thomas-2,Cofidis,,,",0",,
13,102,finished,97,6632,177,Classic,32,NL,Teunissen Mike,https://www.procyclingstats.com/rider/mike-teunissen,XDS Astana Team,,,",47",,
13,103,finished,65,5363,87,Classic,33,BE,Stuyven Jasper,https://www.procyclingstats.com/rider/jasper-stuyven,Lidl - Trek,,,",6",,
13,104,finished,83,6193,93,Hills,29,FR,Barthe Cyril,https://www.procyclingstats.com/rider/cyril-barthe,Groupama - FDJ,,,",67",,
13,105,finished,132,8903,12,TT,29,IT,Affini Edoardo,https://www.procyclingstats.com/rider/edoardo-affini,Team Visma | Lease a Bike,,,",88",,
13,106,finished,104,7001,195,Classic,22,DK,Andresen Tobias Lund,https://www.procyclingstats.com/rider/tobias-lund-andresen,Team Picnic PostNL,,,",55",,
13,107,finished,40,3897,106,Classic,30,NL,van der Poel Mathieu,https://www.procyclingstats.com/rider/mathieu-van-der-poel,Alpecin - Deceuninck,,,",74",,
13,108,finished,46,4437,23,Classic,28,NL,Eenkhoorn Pascal,https://www.procyclingstats.com/rider/pascal-eenkhoorn,Soudal Quick-Step,,,",77",,
13,108,finished,151,9555,197,GC,26,NL,Naberman Tim,https://www.procyclingstats.com/rider/tim-naberman,Team Picnic PostNL,,,",,",,
13,110,finished,111,7595,205,Classic,25,FR,Louvel Matis,https://www.procyclingstats.com/rider/matis-louvel,Israel - Premier Tech,,,",81",,
13,111,finished,34,3667,13,Classic,31,BE,Benoot Tiesj,https://www.procyclingstats.com/rider/tiesj-benoot,Team Visma | Lease a Bike,,,",16",,
13,112,finished,39,3850,157,GC,28,AU,Scotson Callum,https://www.procyclingstats.com/rider/callum-scotson,Decathlon AG2R La Mondiale Team,,,",85",,
13,113,finished,100,6716,75,Classic,23,NZ,Pithie Laurence,https://www.procyclingstats.com/rider/laurence-pithie,Red Bull - BORA - hansgrohe,,,",19",,
13,114,finished,78,5978,155,Classic,34,BE,Naesen Oliver,https://www.procyclingstats.com/rider/oliver-naesen,Decathlon AG2R La Mondiale Team,,,",26",,
13,115,finished,99,6710,143,Climber,24,ES,Castrillo Pablo,https://www.procyclingstats.com/rider/pablo-castrillo-zapater,Movistar Team,,,",32",,
13,116,finished,169,10290,47,GC,24,NL,van Sintmaartensdijk Roel,https://www.procyclingstats.com/rider/roel-van-sintmaartensdijk,Intermarché - Wanty,,,",54",,
13,117,finished,149,9526,81,Sprint,24,IT,Milan Jonathan,https://www.procyclingstats.com/rider/jonathan-milan,Lidl - Trek,,,",27",,
13,118,finished,150,9544,123,TT,34,AU,Durbridge Luke,https://www.procyclingstats.com/rider/luke-durbridge,Team Jayco AlUla,,,",48",,
13,119,finished,121,7946,32,Hills,28,IT,Albanese Vincenzo,https://www.procyclingstats.com/rider/vincenzo-albanese,EF Education - EasyPost,,,",83",,
13,120,finished,114,7721,145,Classic,29,ES,García Cortina Iván,https://www.procyclingstats.com/rider/ivan-garcia-cortina,Movistar Team,,,",7",,
13,121,finished,165,10118,175,Classic,25,KZ,Fedorov Yevgeniy,https://www.procyclingstats.com/rider/yevgeniy-fedorov,XDS Astana Team,,,",78",,
13,122,finished,98,6693,113,Classic,34,AT,Haller Marco,https://www.procyclingstats.com/rider/marco-haller,Tudor Pro Cycling Team,,,",59",,
13,123,finished,52,4731,135,Climber,24,ES,García Pierna Raúl,https://www.procyclingstats.com/rider/raul-garcia-pierna,Arkéa - B&B Hotels,,,",18",,
13,124,finished,138,9247,132,Classic,32,BE,Capiot Amaury,https://www.procyclingstats.com/rider/amaury-capiot,Arkéa - B&B Hotels,,,",94",,
13,125,finished,131,8815,194,GC,25,GB,Flynn Sean,https://www.procyclingstats.com/rider/sean-flynn,Team Picnic PostNL,,,",18",,
13,126,finished,101,6743,118,Classic,35,IT,Trentin Matteo,https://www.procyclingstats.com/rider/matteo-trentin,Tudor Pro Cycling Team,,,",66",,
13,127,finished,79,6033,114,Classic,26,CH,Hirschi Marc,https://www.procyclingstats.com/rider/marc-hirschi,Tudor Pro Cycling Team,,,",98",,
13,128,finished,90,6545,226,GC,25,NO,Johannessen Anders Halland,https://www.procyclingstats.com/rider/anders-halland-johannessen,Uno-X Mobility,,,",36",,
13,129,finished,166,10164,82,Classic,30,IT,Consonni Simone,https://www.procyclingstats.com/rider/simone-consonni,Lidl - Trek,,,",65",,
13,130,finished,72,5646,158,Classic,23,FR,Tronchon Bastien,https://www.procyclingstats.com/rider/bastien-tronchon,Decathlon AG2R La Mondiale Team,,,",9",,
13,131,finished,127,8596,77,Sprint,31,NL,van Poppel Danny,https://www.procyclingstats.com/rider/danny-van-poppel,Red Bull - BORA - hansgrohe,,,",71",,
13,132,finished,122,8230,196,Sprint,26,DE,Märkl Niklas,https://www.procyclingstats.com/rider/niklas-markl,Team Picnic PostNL,,,",98",,
13,133,finished,141,9351,92,Classic,24,GB,Askey Lewis,https://www.procyclingstats.com/rider/lewis-askey,Groupama - FDJ,,,",63",,
13,134,finished,55,4911,65,Hills,24,FR,Laurance Axel,https://www.procyclingstats.com/rider/axel-laurance,INEOS Grenadiers,,,",89",,
13,135,finished,125,8539,202,Sprint,31,DE,Ackermann Pascal,https://www.procyclingstats.com/rider/pascal-ackermann,Israel - Premier Tech,,,",93",,
13,136,finished,130,8603,97,Classic,23,FR,Penhoët Paul,https://www.procyclingstats.com/rider/paul-penhoet,Groupama - FDJ,,,",36",,
13,137,finished,126,8575,112,Sprint,27,IT,Dainese Alberto,https://www.procyclingstats.com/rider/alberto-dainese,Tudor Pro Cycling Team,,,",3",,
13,138,finished,170,10394,73,Classic,27,BE,Meeus Jordi,https://www.procyclingstats.com/rider/jordi-meeus,Red Bull - BORA - hansgrohe,,,",14",,
13,139,finished,159,9784,172,Classic,30,IT,Ballerini Davide,https://www.procyclingstats.com/rider/davide-ballerini,XDS Astana Team,,,",08",,
13,140,finished,134,8913,208,Hills,25,GB,Stewart Jake,https://www.procyclingstats.com/rider/jake-stewart,Israel - Premier Tech,,,",23",,
13,141,finished,123,8377,83,Hills,22,BE,Nys Thibau,https://www.procyclingstats.com/rider/thibau-nys,Lidl - Trek,,,",37",,
13,142,finished,128,8598,68,Hills,23,GB,Watson Samuel,https://www.procyclingstats.com/rider/samuel-watson,INEOS Grenadiers,,,",64",,
13,143,finished,140,9288,45,Classic,25,BE,Rex Laurenz,https://www.procyclingstats.com/rider/laurenz-rex,Intermarché - Wanty,,,",83",,
13,144,finished,48,4506,225,Classic,30,NO,Hoelgaard Markus,https://www.procyclingstats.com/rider/markus-hoelgaard,Uno-X Mobility,,,",54",,
13,145,finished,146,9453,224,Sprint,22,NO,Edvardsen-Fredheim Stian,https://www.procyclingstats.com/rider/stian-fredheim,Uno-X Mobility,,,",57",,
13,146,finished,112,7618,105,Classic,31,BE,Rickaert Jonas,https://www.procyclingstats.com/rider/jonas-rickaert,Alpecin - Deceuninck,,,",03",,
13,147,finished,161,9814,214,GC,26,AU,Drizners Jarrad,https://www.procyclingstats.com/rider/jarrad-drizners,Lotto,,,",55",,
13,148,finished,167,10196,88,Classic,34,BE,Theuns Edward,https://www.procyclingstats.com/rider/edward-theuns,Lidl - Trek,,,",07",,
13,149,finished,89,6483,74,Classic,31,IT,Moscon Gianni,https://www.procyclingstats.com/rider/gianni-moscon,Red Bull - BORA - hansgrohe,,,",95",,
13,150,finished,47,4501,14,TT,33,BE,Campenaerts Victor,https://www.procyclingstats.com/rider/victor-campenaerts,Team Visma | Lease a Bike,,,",01",,
13,151,finished,144,9425,223,Hills,32,DK,Cort Magnus,https://www.procyclingstats.com/rider/magnus-cort-nielsen,Uno-X Mobility,,,",59",,
13,152,finished,117,7796,163,Sprint,33,FR,Coquard Bryan,https://www.procyclingstats.com/rider/bryan-coquard,Cofidis,,,",77",,
13,153,finished,120,7944,107,Classic,32,BE,Vermeersch Gianni,https://www.procyclingstats.com/rider/gianni-vermeersch,Alpecin - Deceuninck,,,",68",,
13,154,finished,164,10112,53,TT,34,PL,Gradek Kamil,https://www.procyclingstats.com/rider/kamil-gradek,Bahrain - Victorious,,,",78",,
13,155,finished,157,9751,52,Sprint,31,DE,Bauhaus Phil,https://www.procyclingstats.com/rider/phil-bauhaus,Bahrain - Victorious,,,",03",,
13,156,finished,171,10710,188,Hills,24,FR,Vercher Mattéo,https://www.procyclingstats.com/rider/matheo-vercher,TotalEnergies,,,",48",,
13,157,finished,152,9564,27,Classic,32,BE,Van Lerberghe Bert,https://www.procyclingstats.com/rider/bert-van-lerberghe,Soudal Quick-Step,,,",34",,
13,158,finished,148,9471,165,Classic,26,FR,Renard Alexis,https://www.procyclingstats.com/rider/alexis-renard,Cofidis,,,",7",,
13,159,finished,137,9172,211,Classic,23,BE,De Lie Arnaud,https://www.procyclingstats.com/rider/arnaud-de-lie,Lotto,,,",83",,
13,160,finished,115,7766,216,GC,34,AR,Sepúlveda Eduardo,https://www.procyclingstats.com/rider/eduardo-sepulveda,Lotto,,,",24",,
13,161,finished,142,9380,124,Sprint,32,NL,Groenewegen Dylan,https://www.procyclingstats.com/rider/dylan-groenewegen,Team Jayco AlUla,,,",91",,
13,162,finished,51,4699,183,Classic,27,FR,Delettre Alexandre,https://www.procyclingstats.com/rider/alexandre-delettre,TotalEnergies,,,",6",,
13,163,finished,81,6115,116,Hills,24,DE,Mayrhofer Marius,https://www.procyclingstats.com/rider/marius-mayrhofer,Tudor Pro Cycling Team,,,",64",,
13,164,finished,168,10274,115,Classic,31,CH,Lienhard Fabian,https://www.procyclingstats.com/rider/fabian-lienhard,Tudor Pro Cycling Team,,,",61",,
13,165,finished,162,9874,204,Classic,36,CA,Boivin Guillaume,https://www.procyclingstats.com/rider/guillaume-boivin,Israel - Premier Tech,,,",24",,
13,166,finished,88,6396,128,Hills,25,CH,Schmid Mauro,https://www.procyclingstats.com/rider/mauro-schmid,Team Jayco AlUla,,,",37",,
13,167,finished,133,8906,41,Classic,25,ER,Girmay Biniam,https://www.procyclingstats.com/rider/biniam-girmay,Intermarché - Wanty,,,",65",,
13,168,finished,160,9812,134,Classic,33,FR,Démare Arnaud,https://www.procyclingstats.com/rider/arnaud-demare,Arkéa - B&B Hotels,,,",52",,
13,169,finished,136,9156,127,Classic,33,NL,Reinders Elmar,https://www.procyclingstats.com/rider/elmar-reinders,Team Jayco AlUla,,,",82",,
13,170,finished,154,9582,24,Sprint,32,BE,Merlier Tim,https://www.procyclingstats.com/rider/tim-merlier,Soudal Quick-Step,,,",48",,
13,171,finished,158,9763,125,Hills,37,SI,Mezgec Luka,https://www.procyclingstats.com/rider/luka-mezgec,Team Jayco AlUla,,,",11",,
14,1,finished,16,2576,62,GC,25,NL,Arensman Thymen,https://www.procyclingstats.com/rider/thymen-arensman,INEOS Grenadiers,210.0,100.0,4:53:35,0,17615
14,2,finished,1,0,1,Climber,26,SI,Pogačar Tadej,https://www.procyclingstats.com/rider/tadej-pogacar,UAE Team Emirates - XRG,150.0,70.0,1:08,68,17683
14,3,finished,2,253,11,GC,28,DK,Vingegaard Jonas,https://www.procyclingstats.com/rider/jonas-vingegaard,Team Visma | Lease a Bike,110.0,50.0,1:12,72,17687
14,4,finished,7,720,151,Climber,27,AT,Gall Felix,https://www.procyclingstats.com/rider/felix-gall,Decathlon AG2R La Mondiale Team,90.0,40.0,1:19,79,17694
14,5,finished,3,473,72,GC,24,DE,Lipowitz Florian,https://www.procyclingstats.com/rider/florian-lipowitz,Red Bull - BORA - hansgrohe,70.0,32.0,1:25,85,17700
14,6,finished,4,558,191,GC,22,GB,Onley Oscar,https://www.procyclingstats.com/rider/oscar-onley,Team Picnic PostNL,55.0,26.0,2:09,129,17744
14,7,finished,9,1121,31,Climber,24,IE,Healy Ben,https://www.procyclingstats.com/rider/ben-healy,EF Education - EasyPost,45.0,22.0,2:46,166,17781
14,8,finished,6,634,71,Climber,35,SI,Roglič Primož,https://www.procyclingstats.com/rider/primoz-roglic,Red Bull - BORA - hansgrohe,40.0,18.0,",,",166,17781
14,9,finished,8,753,221,Climber,25,NO,Johannessen Tobias Halland,https://www.procyclingstats.com/rider/tobias-halland-johannessen,Uno-X Mobility,35.0,14.0,2:59,179,17794
14,10,finished,5,621,131,GC,24,FR,Vauquelin Kévin,https://www.procyclingstats.com/rider/kevin-vauquelin,Arkéa - B&B Hotels,30.0,10.0,3:08,188,17803
14,11,finished,10,1377,66,GC,24,ES,Rodríguez Carlos,https://www.procyclingstats.com/rider/carlos-rodriguez-cano,INEOS Grenadiers,25.0,8.0,3:15,195,17810
14,12,finished,39,5559,171,Climber,28,CO,Tejada Harold,https://www.procyclingstats.com/rider/harold-tejada,XDS Astana Team,20.0,6.0,3:45,225,17840
14,13,finished,11,1458,186,Climber,26,FR,Jegat Jordan,https://www.procyclingstats.com/rider/jordan-jegat,TotalEnergies,15.0,4.0,3:49,229,17844
14,14,finished,22,3304,8,Climber,32,GB,Yates Adam,https://www.procyclingstats.com/rider/adam-yates,UAE Team Emirates - XRG,10.0,2.0,4:36,276,17891
14,15,finished,42,5714,148,Climber,27,CO,Rubio Einer,https://www.procyclingstats.com/rider/einer-rubio,Movistar Team,5.0,1.0,4:43,283,17898
14,16,finished,12,1815,121,GC,29,AU,O'Connor Ben,https://www.procyclingstats.com/rider/ben-o-connor,Team Jayco AlUla,,,5:23,323,17938
14,17,finished,14,1915,3,Hills,28,EC,Narváez Jhonatan,https://www.procyclingstats.com/rider/jhonatan-narvaez,UAE Team Emirates - XRG,,,5:29,329,17944
14,18,finished,18,2749,18,Climber,32,GB,Yates Simon,https://www.procyclingstats.com/rider/simon-yates,Team Visma | Lease a Bike,,,6:20,380,17995
14,19,finished,27,4246,157,GC,28,AU,Scotson Callum,https://www.procyclingstats.com/rider/callum-scotson,Decathlon AG2R La Mondiale Team,,,7:38,458,18073
14,20,finished,21,3115,176,Climber,27,CO,Higuita Sergio,https://www.procyclingstats.com/rider/sergio-higuita,XDS Astana Team,,,7:41,461,18076
14,21,finished,26,4219,146,GC,31,AT,Mühlberger Gregor,https://www.procyclingstats.com/rider/gregor-muhlberger,Movistar Team,,,",,",461,18076
14,22,finished,17,2610,16,Climber,30,US,Kuss Sepp,https://www.procyclingstats.com/rider/sepp-kuss,Team Visma | Lease a Bike,,,8:14,494,18109
14,23,finished,13,1894,91,Climber,32,FR,Martin Guillaume,https://www.procyclingstats.com/rider/guillaume-martin,Groupama - FDJ,,,8:44,524,18139
14,24,finished,24,3872,192,Climber,33,FR,Barguil Warren,https://www.procyclingstats.com/rider/warren-barguil,Team Picnic PostNL,,,9:49,589,18204
14,25,finished,48,6358,25,Climber,24,FR,Paret-Peintre Valentin,https://www.procyclingstats.com/rider/valentin-paret-peintre,Soudal Quick-Step,,,10:19,619,18234
14,26,finished,35,5336,135,Climber,24,ES,García Pierna Raúl,https://www.procyclingstats.com/rider/raul-garcia-pierna,Arkéa - B&B Hotels,,,11:07,667,18282
14,27,finished,25,4101,156,GC,29,FR,Paret-Peintre Aurélien,https://www.procyclingstats.com/rider/aurelien-paret-peintre,Decathlon AG2R La Mondiale Team,,,13:21,801,18416
14,28,finished,46,6090,6,Climber,31,ES,Soler Marc,https://www.procyclingstats.com/rider/marc-soler,UAE Team Emirates - XRG,,,14:03,843,18458
14,29,finished,33,5123,28,GC,25,BE,Van Wilder Ilan,https://www.procyclingstats.com/rider/ilan-van-wilder,Soudal Quick-Step,,,14:35,875,18490
14,30,finished,19,2849,137,GC,30,ES,Rodríguez Cristián,https://www.procyclingstats.com/rider/cristian-rodriguez,Arkéa - B&B Hotels,,,15:02,902,18517
14,31,finished,23,3587,95,Classic,29,FR,Madouas Valentin,https://www.procyclingstats.com/rider/valentin-madouas,Groupama - FDJ,,,15:13,913,18528
14,32,finished,84,8310,42,Classic,25,FR,Barré Louis,https://www.procyclingstats.com/rider/louis-barre,Intermarché - Wanty,,,15:27,927,18542
14,33,finished,38,5519,14,TT,33,BE,Campenaerts Victor,https://www.procyclingstats.com/rider/victor-campenaerts,Team Visma | Lease a Bike,,,18:00,1080,18695
14,34,finished,15,1929,15,GC,26,US,Jorgenson Matteo,https://www.procyclingstats.com/rider/matteo-jorgenson,Team Visma | Lease a Bike,,,18:56,1136,18751
14,35,finished,72,7832,55,Climber,22,FR,Martinez Lenny,https://www.procyclingstats.com/rider/lenny-martinez,Bahrain - Victorious,,,",,",1136,18751
14,36,finished,28,4282,94,Classic,22,FR,Grégoire Romain,https://www.procyclingstats.com/rider/romain-gregoire,Groupama - FDJ,,,20:21,1221,18836
14,37,finished,30,4595,104,GC,33,BE,Meurisse Xandro,https://www.procyclingstats.com/rider/xandro-meurisse,Alpecin - Deceuninck,,,",,",1221,18836
14,38,finished,31,4717,78,Climber,29,RU,Vlasov Aleksandr,https://www.procyclingstats.com/rider/aleksandr-vlasov,Red Bull - BORA - hansgrohe,,,",,",1221,18836
14,39,finished,88,8467,5,GC,28,FR,Sivakov Pavel,https://www.procyclingstats.com/rider/pavel-sivakov,UAE Team Emirates - XRG,,,21:58,1318,18933
14,40,finished,47,6254,61,GC,39,GB,Thomas Geraint,https://www.procyclingstats.com/rider/geraint-thomas,INEOS Grenadiers,,,",,",1318,18933
14,41,finished,64,7099,108,Climber,23,BE,Verstrynge Emiel,https://www.procyclingstats.com/rider/emiel-verstrynge,Alpecin - Deceuninck,,,22:49,1369,18984
14,42,finished,36,5365,36,GC,27,AU,Sweeny Harry,https://www.procyclingstats.com/rider/harry-sweeny,EF Education - EasyPost,,,23:55,1435,19050
14,43,finished,34,5304,34,Climber,24,FR,Baudin Alex,https://www.procyclingstats.com/rider/alex-baudin,EF Education - EasyPost,,,",,",1435,19050
14,44,finished,59,6922,117,Climber,28,AU,Storer Michael,https://www.procyclingstats.com/rider/michael-storer,Tudor Pro Cycling Team,,,25:05,1505,19120
14,45,finished,63,7042,201,Climber,38,CA,Woods Michael,https://www.procyclingstats.com/rider/michael-woods,Israel - Premier Tech,,,26:07,1567,19182
14,46,finished,89,8650,4,Classic,31,DE,Politt Nils,https://www.procyclingstats.com/rider/nils-politt,UAE Team Emirates - XRG,,,26:42,1602,19217
14,47,finished,37,5385,203,GC,22,GB,Blackmore Joseph,https://www.procyclingstats.com/rider/joseph-blackmore,Israel - Premier Tech,,,27:27,1647,19262
14,48,finished,73,7842,63,TT,28,NO,Foss Tobias,https://www.procyclingstats.com/rider/tobias-foss,INEOS Grenadiers,,,27:28,1648,19263
14,49,finished,55,6741,144,TT,36,PT,Oliveira Nelson,https://www.procyclingstats.com/rider/nelson-oliveira,Movistar Team,,,27:37,1657,19272
14,50,finished,58,6921,111,Classic,33,FR,Alaphilippe Julian,https://www.procyclingstats.com/rider/julian-alaphilippe,Tudor Pro Cycling Team,,,",,",1657,19272
14,51,finished,66,7229,133,GC,22,FR,Costiou Ewen,https://www.procyclingstats.com/rider/ewen-costiou,Arkéa - B&B Hotels,,,",,",1657,19272
14,52,finished,20,3071,141,Climber,30,ES,Mas Enric,https://www.procyclingstats.com/rider/enric-mas,Movistar Team,,,",,",1657,19272
14,53,finished,79,8189,227,GC,26,NO,Leknessund Andreas,https://www.procyclingstats.com/rider/andreas-leknessund,Uno-X Mobility,,,27:49,1669,19284
14,54,finished,52,6604,198,GC,24,NL,van den Broek Frank,https://www.procyclingstats.com/rider/frank-van-den-broek,Team Picnic PostNL,,,28:10,1690,19305
14,55,finished,54,6687,184,GC,24,FR,Gachignard Thomas,https://www.procyclingstats.com/rider/thomas-gachignard,TotalEnergies,,,31:34,1894,19509
14,56,finished,41,5607,96,Hills,33,FR,Pacher Quentin,https://www.procyclingstats.com/rider/quentin-pacher,Groupama - FDJ,,,",,",1894,19509
14,57,finished,40,5564,178,Classic,29,IT,Velasco Simone,https://www.procyclingstats.com/rider/simone-velasco,XDS Astana Team,,,",,",1894,19509
14,58,finished,43,5796,138,Classic,31,FR,Venturini Clément,https://www.procyclingstats.com/rider/clement-venturini,Arkéa - B&B Hotels,,,",,",1894,19509
14,59,finished,108,9692,98,Classic,30,FR,Russo Clément,https://www.procyclingstats.com/rider/clement-russo,Groupama - FDJ,,,32:29,1949,19564
14,60,finished,75,7919,174,Climber,27,FR,Champoussin Clément,https://www.procyclingstats.com/rider/clement-champoussin,XDS Astana Team,,,33:52,2032,19647
14,61,finished,76,8014,206,GC,32,KZ,Lutsenko Alexey,https://www.procyclingstats.com/rider/aleksey-lutsenko,Israel - Premier Tech,,,",,",2032,19647
14,62,finished,50,6407,23,Classic,28,NL,Eenkhoorn Pascal,https://www.procyclingstats.com/rider/pascal-eenkhoorn,Soudal Quick-Step,,,",,",2032,19647
14,63,finished,107,9611,105,Classic,31,BE,Rickaert Jonas,https://www.procyclingstats.com/rider/jonas-rickaert,Alpecin - Deceuninck,,,34:15,2055,19670
14,64,finished,49,6405,84,Hills,24,US,Simmons Quinn,https://www.procyclingstats.com/rider/quinn-simmons,Lidl - Trek,,,",,",2055,19670
14,65,finished,53,6658,7,GC,34,BE,Wellens Tim,https://www.procyclingstats.com/rider/tim-wellens,UAE Team Emirates - XRG,,,34:21,2061,19676
14,66,finished,166,12714,188,Hills,24,FR,Vercher Mattéo,https://www.procyclingstats.com/rider/matheo-vercher,TotalEnergies,,,34:26,2066,19681
14,67,finished,32,4908,153,Climber,27,FR,Berthet Clément,https://www.procyclingstats.com/rider/clement-berthet,Decathlon AG2R La Mondiale Team,,,34:38,2078,19693
14,68,finished,77,8044,155,Classic,34,BE,Naesen Oliver,https://www.procyclingstats.com/rider/oliver-naesen,Decathlon AG2R La Mondiale Team,,,35:28,2128,19743
14,69,finished,91,8673,166,GC,33,BE,Teuns Dylan,https://www.procyclingstats.com/rider/dylan-teuns,Cofidis,,,",,",2128,19743
14,70,finished,60,6993,65,Hills,24,FR,Laurance Axel,https://www.procyclingstats.com/rider/axel-laurance,INEOS Grenadiers,,,35:44,2144,19759
14,71,finished,90,8669,222,Classic,29,NO,Abrahamsen Jonas,https://www.procyclingstats.com/rider/jonas-abrahamsen,Uno-X Mobility,,,",,",2144,19759
14,72,finished,120,10685,97,Classic,23,FR,Penhoët Paul,https://www.procyclingstats.com/rider/paul-penhoet,Groupama - FDJ,,,",,",2144,19759
14,73,finished,74,7890,136,Hills,24,FR,Le Berre Mathis,https://www.procyclingstats.com/rider/mathis-le-berre,Arkéa - B&B Hotels,,,",,",2144,19759
14,74,finished,114,10026,107,Classic,32,BE,Vermeersch Gianni,https://www.procyclingstats.com/rider/gianni-vermeersch,Alpecin - Deceuninck,,,",,",2144,19759
14,75,finished,51,6588,225,Classic,30,NO,Hoelgaard Markus,https://www.procyclingstats.com/rider/markus-hoelgaard,Uno-X Mobility,,,",,",2144,19759
14,76,finished,82,8275,93,Hills,29,FR,Barthe Cyril,https://www.procyclingstats.com/rider/cyril-barthe,Groupama - FDJ,,,",,",2144,19759
14,77,finished,95,8798,75,Classic,23,NZ,Pithie Laurence,https://www.procyclingstats.com/rider/laurence-pithie,Red Bull - BORA - hansgrohe,,,",,",2144,19759
14,78,finished,61,6994,212,Classic,24,BE,Berckmoes Jenno,https://www.procyclingstats.com/rider/jenno-berckmoes,Lotto,,,",,",2144,19759
14,79,finished,80,8197,116,Hills,24,DE,Mayrhofer Marius,https://www.procyclingstats.com/rider/marius-mayrhofer,Tudor Pro Cycling Team,,,",,",2144,19759
14,80,finished,45,5979,106,Classic,30,NL,van der Poel Mathieu,https://www.procyclingstats.com/rider/mathieu-van-der-poel,Alpecin - Deceuninck,,,",,",2144,19759
14,81,finished,135,11542,102,Classic,34,CH,Dillier Silvan,https://www.procyclingstats.com/rider/silvan-dillier,Alpecin - Deceuninck,,,",,",2144,19759
14,82,finished,57,6781,183,Classic,27,FR,Delettre Alexandre,https://www.procyclingstats.com/rider/alexandre-delettre,TotalEnergies,,,",,",2144,19759
14,83,finished,71,7728,158,Classic,23,FR,Tronchon Bastien,https://www.procyclingstats.com/rider/bastien-tronchon,Decathlon AG2R La Mondiale Team,,,",,",2144,19759
14,84,finished,119,10680,68,Hills,23,GB,Watson Samuel,https://www.procyclingstats.com/rider/samuel-watson,INEOS Grenadiers,,,",,",2144,19759
14,85,finished,56,6751,35,Classic,28,US,Powless Neilson,https://www.procyclingstats.com/rider/neilson-powless,EF Education - EasyPost,,,",,",2144,19759
14,86,finished,87,8438,218,Classic,27,BE,Van Moer Brent,https://www.procyclingstats.com/rider/brent-van-moer,Lotto,,,",,",2144,19759
14,87,finished,118,10312,196,Sprint,26,DE,Märkl Niklas,https://www.procyclingstats.com/rider/niklas-markl,Team Picnic PostNL,,,",,",2144,19759
14,88,finished,29,4312,161,GC,32,DE,Buchmann Emanuel,https://www.procyclingstats.com/rider/emanuel-buchmann,Cofidis,,,",,",2144,19759
14,89,finished,112,9890,187,Classic,31,FR,Turgis Anthony,https://www.procyclingstats.com/rider/anthony-turgis,TotalEnergies,,,36:03,2163,19778
14,90,finished,62,6996,152,TT,31,FR,Armirail Bruno,https://www.procyclingstats.com/rider/bruno-armirail,Decathlon AG2R La Mondiale Team,,,36:07,2167,19782
14,91,finished,86,8400,207,Classic,30,LV,Neilands Krists,https://www.procyclingstats.com/rider/krists-neilands,Israel - Premier Tech,,,36:18,2178,19793
14,92,finished,128,11047,208,Hills,25,GB,Stewart Jake,https://www.procyclingstats.com/rider/jake-stewart,Israel - Premier Tech,,,36:36,2196,19811
14,93,finished,105,9263,168,Classic,29,FR,Touzé Damien,https://www.procyclingstats.com/rider/damien-touze,Cofidis,,,36:40,2200,19815
14,94,finished,132,11430,132,Classic,32,BE,Capiot Amaury,https://www.procyclingstats.com/rider/amaury-capiot,Arkéa - B&B Hotels,,,37:25,2245,19860
14,95,finished,111,9888,67,Classic,29,GB,Swift Connor,https://www.procyclingstats.com/rider/connor-swift,INEOS Grenadiers,,,",,",2245,19860
14,96,finished,83,8301,164,GC,36,ES,Izagirre Ion,https://www.procyclingstats.com/rider/ion-izagirre,Cofidis,,,",,",2245,19860
14,97,finished,93,8793,33,TT,30,DK,Asgreen Kasper,https://www.procyclingstats.com/rider/kasper-asgreen,EF Education - EasyPost,,,37:34,2254,19869
14,98,finished,68,7536,26,GC,31,DE,Schachmann Maximilian,https://www.procyclingstats.com/rider/maximilian-schachmann,Soudal Quick-Step,,,",,",2254,19869
14,99,finished,121,10731,202,Sprint,31,DE,Ackermann Pascal,https://www.procyclingstats.com/rider/pascal-ackermann,Israel - Premier Tech,,,",,",2254,19869
14,100,finished,155,12066,204,Classic,36,CA,Boivin Guillaume,https://www.procyclingstats.com/rider/guillaume-boivin,Israel - Premier Tech,,,",,",2254,19869
14,101,finished,133,11440,193,Sprint,22,CZ,Bittner Pavel,https://www.procyclingstats.com/rider/pavel-bittner,Team Picnic PostNL,,,",,",2254,19869
14,102,finished,129,11095,12,TT,29,IT,Affini Edoardo,https://www.procyclingstats.com/rider/edoardo-affini,Team Visma | Lease a Bike,,,",,",2254,19869
14,103,finished,67,7453,51,Climber,25,CO,Buitrago Santiago,https://www.procyclingstats.com/rider/santiago-buitrago-sanchez,Bahrain - Victorious,,,",,",2254,19869
14,104,finished,99,8935,118,Classic,35,IT,Trentin Matteo,https://www.procyclingstats.com/rider/matteo-trentin,Tudor Pro Cycling Team,,,",,",2254,19869
14,105,finished,69,7555,87,Classic,33,BE,Stuyven Jasper,https://www.procyclingstats.com/rider/jasper-stuyven,Lidl - Trek,,,",,",2254,19869
14,106,finished,70,7589,17,Classic,30,BE,van Aert Wout,https://www.procyclingstats.com/rider/wout-van-aert,Team Visma | Lease a Bike,,,",,",2254,19869
14,107,finished,44,5859,13,Classic,31,BE,Benoot Tiesj,https://www.procyclingstats.com/rider/tiesj-benoot,Team Visma | Lease a Bike,,,",,",2254,19869
14,108,finished,143,11826,76,Classic,25,NL,van Dijke Mick,https://www.procyclingstats.com/rider/mick-van-dijke,Red Bull - BORA - hansgrohe,,,",,",2254,19869
14,109,finished,81,8225,114,Classic,26,CH,Hirschi Marc,https://www.procyclingstats.com/rider/marc-hirschi,Tudor Pro Cycling Team,,,",,",2254,19869
14,110,finished,65,7172,182,Hills,26,FR,Burgaudeau Mathieu,https://www.procyclingstats.com/rider/mathieu-burgaudeau,TotalEnergies,,,",,",2254,19869
14,111,finished,125,11007,194,GC,25,GB,Flynn Sean,https://www.procyclingstats.com/rider/sean-flynn,Team Picnic PostNL,,,",,",2254,19869
14,112,finished,97,8885,113,Classic,34,AT,Haller Marco,https://www.procyclingstats.com/rider/marco-haller,Tudor Pro Cycling Team,,,",,",2254,19869
14,113,finished,141,11747,197,GC,26,NL,Naberman Tim,https://www.procyclingstats.com/rider/tim-naberman,Team Picnic PostNL,,,",,",2254,19869
14,114,finished,78,8073,162,Classic,29,ES,Aranburu Alex,https://www.procyclingstats.com/rider/alex-aranburu,Cofidis,,,",,",2254,19869
14,115,finished,85,8390,37,Classic,33,DK,Valgren Michael,https://www.procyclingstats.com/rider/michael-valgren-andersen,EF Education - EasyPost,,,",,",2254,19869
14,116,finished,140,11736,123,TT,34,AU,Durbridge Luke,https://www.procyclingstats.com/rider/luke-durbridge,Team Jayco AlUla,,,",,",2254,19869
14,117,finished,103,9193,195,Classic,22,DK,Andresen Tobias Lund,https://www.procyclingstats.com/rider/tobias-lund-andresen,Team Picnic PostNL,,,",,",2254,19869
14,118,finished,94,8795,142,TT,29,US,Barta Will,https://www.procyclingstats.com/rider/william-barta,Movistar Team,,,",,",2254,19869
14,119,finished,92,8737,226,GC,25,NO,Johannessen Anders Halland,https://www.procyclingstats.com/rider/anders-halland-johannessen,Uno-X Mobility,,,",,",2254,19869
14,120,finished,115,10138,32,Hills,28,IT,Albanese Vincenzo,https://www.procyclingstats.com/rider/vincenzo-albanese,EF Education - EasyPost,,,",,",2254,19869
14,121,finished,113,9928,145,Classic,29,ES,García Cortina Iván,https://www.procyclingstats.com/rider/ivan-garcia-cortina,Movistar Team,,,37:49,2269,19884
14,122,finished,152,12033,214,GC,26,AU,Drizners Jarrad,https://www.procyclingstats.com/rider/jarrad-drizners,Lotto,,,38:01,2281,19896
14,123,finished,104,9210,103,Hills,26,AU,Groves Kaden,https://www.procyclingstats.com/rider/kaden-groves,Alpecin - Deceuninck,,,",,",2281,19896
14,124,finished,106,9551,58,Hills,26,GB,Wright Fred,https://www.procyclingstats.com/rider/alfred-wright,Bahrain - Victorious,,,",,",2281,19896
14,125,finished,136,11570,92,Classic,24,GB,Askey Lewis,https://www.procyclingstats.com/rider/lewis-askey,Groupama - FDJ,,,",,",2281,19896
14,126,finished,154,12053,134,Classic,33,FR,Démare Arnaud,https://www.procyclingstats.com/rider/arnaud-demare,Arkéa - B&B Hotels,,,38:23,2303,19918
14,127,finished,110,9836,205,Classic,26,FR,Louvel Matis,https://www.procyclingstats.com/rider/matis-louvel,Israel - Premier Tech,,,",,",2303,19918
14,128,finished,117,10185,57,Hills,26,AU,Stannard Robert,https://www.procyclingstats.com/rider/robert-stannard,Bahrain - Victorious,,,38:57,2337,19952
14,129,finished,146,11861,217,Climber,24,BE,Van Eetvelt Lennert,https://www.procyclingstats.com/rider/lennert-van-eetvelt,Lotto,,,39:05,2345,19960
14,130,finished,109,9727,147,GC,21,ES,Romeo Iván,https://www.procyclingstats.com/rider/ivan-romeo,Movistar Team,,,39:15,2355,19970
14,131,finished,100,9003,143,Climber,24,ES,Castrillo Pablo,https://www.procyclingstats.com/rider/pablo-castrillo-zapater,Movistar Team,,,",,",2355,19970
14,132,finished,139,11696,44,Classic,23,FR,Page Hugo,https://www.procyclingstats.com/rider/hugo-page,Intermarché - Wanty,,,39:31,2371,19986
14,133,finished,160,12423,53,TT,34,PL,Gradek Kamil,https://www.procyclingstats.com/rider/kamil-gradek,Bahrain - Victorious,,,39:33,2373,19988
14,134,finished,123,10840,56,Classic,30,SI,Mohorič Matej,https://www.procyclingstats.com/rider/matej-mohoric,Bahrain - Victorious,,,",,",2373,19988
14,135,finished,144,11827,224,Sprint,22,NO,Edvardsen-Fredheim Stian,https://www.procyclingstats.com/rider/stian-fredheim,Uno-X Mobility,,,40:36,2436,20051
14,136,finished,142,11820,43,Classic,24,BE,Braet Vito,https://www.procyclingstats.com/rider/vito-braet,Intermarché - Wanty,,,",,",2436,20051
14,137,finished,124,10976,77,Sprint,31,NL,van Poppel Danny,https://www.procyclingstats.com/rider/danny-van-poppel,Red Bull - BORA - hansgrohe,,,40:42,2442,20057
14,138,finished,134,11536,127,Classic,33,NL,Reinders Elmar,https://www.procyclingstats.com/rider/elmar-reinders,Team Jayco AlUla,,,",,",2442,20057
14,139,finished,101,9012,177,Classic,32,NL,Teunissen Mike,https://www.procyclingstats.com/rider/mike-teunissen,XDS Astana Team,,,",,",2442,20057
14,140,finished,138,11668,45,Classic,25,BE,Rex Laurenz,https://www.procyclingstats.com/rider/laurenz-rex,Intermarché - Wanty,,,",,",2442,20057
14,141,finished,131,11391,46,Classic,27,DE,Rutsch Jonas,https://www.procyclingstats.com/rider/jonas-rutsch,Intermarché - Wanty,,,",,",2442,20057
14,142,finished,96,8863,74,Classic,31,IT,Moscon Gianni,https://www.procyclingstats.com/rider/gianni-moscon,Red Bull - BORA - hansgrohe,,,",,",2442,20057
14,143,finished,164,12670,47,GC,24,NL,van Sintmaartensdijk Roel,https://www.procyclingstats.com/rider/roel-van-sintmaartensdijk,Intermarché - Wanty,,,",,",2442,20057
14,144,finished,130,11286,41,Classic,25,ER,Girmay Biniam,https://www.procyclingstats.com/rider/biniam-girmay,Intermarché - Wanty,,,",,",2442,20057
14,145,finished,163,12667,115,Classic,31,CH,Lienhard Fabian,https://www.procyclingstats.com/rider/fabian-lienhard,Tudor Pro Cycling Team,,,40:55,2455,20070
14,146,finished,116,10165,216,GC,34,AR,Sepúlveda Eduardo,https://www.procyclingstats.com/rider/eduardo-sepulveda,Lotto,,,41:01,2461,20076
14,147,finished,159,12343,215,Classic,26,BE,Grignard Sébastien,https://www.procyclingstats.com/rider/sebastien-grignard,Lotto,,,",,",2461,20076
14,148,finished,147,11878,165,Classic,26,FR,Renard Alexis,https://www.procyclingstats.com/rider/alexis-renard,Cofidis,,,41:09,2469,20084
14,149,finished,156,12176,125,Hills,37,SI,Mezgec Luka,https://www.procyclingstats.com/rider/luka-mezgec,Team Jayco AlUla,,,41:15,2475,20090
14,150,finished,127,11012,126,GC,24,AU,Plapp Luke,https://www.procyclingstats.com/rider/luke-plapp,Team Jayco AlUla,,,",,",2475,20090
14,151,finished,102,9021,86,Classic,34,LV,Skujiņš Toms,https://www.procyclingstats.com/rider/toms-skujins,Lidl - Trek,,,41:22,2482,20097
14,152,finished,167,12814,73,Classic,27,BE,Meeus Jordi,https://www.procyclingstats.com/rider/jordi-meeus,Red Bull - BORA - hansgrohe,,,",,",2482,20097
14,153,finished,157,12181,52,Sprint,31,DE,Bauhaus Phil,https://www.procyclingstats.com/rider/phil-bauhaus,Bahrain - Victorious,,,41:32,2492,20107
14,154,finished,145,11855,223,Hills,32,DK,Cort Magnus,https://www.procyclingstats.com/rider/magnus-cort-nielsen,Uno-X Mobility,,,",,",2492,20107
14,155,finished,122,10811,83,Hills,22,BE,Nys Thibau,https://www.procyclingstats.com/rider/thibau-nys,Lidl - Trek,,,41:36,2496,20111
14,156,finished,149,11960,81,Sprint,24,IT,Milan Jonathan,https://www.procyclingstats.com/rider/jonathan-milan,Lidl - Trek,,,",,",2496,20111
14,157,finished,161,12552,175,Classic,25,KZ,Fedorov Yevgeniy,https://www.procyclingstats.com/rider/yevgeniy-fedorov,XDS Astana Team,,,",,",2496,20111
14,158,finished,126,11009,112,Sprint,27,IT,Dainese Alberto,https://www.procyclingstats.com/rider/alberto-dainese,Tudor Pro Cycling Team,,,",,",2496,20111
14,159,finished,150,12014,27,Classic,32,BE,Van Lerberghe Bert,https://www.procyclingstats.com/rider/bert-van-lerberghe,Soudal Quick-Step,,,41:52,2512,20127
14,160,finished,137,11622,211,Classic,23,BE,De Lie Arnaud,https://www.procyclingstats.com/rider/arnaud-de-lie,Lotto,,,",,",2512,20127
14,161,finished,151,12032,24,Sprint,32,BE,Merlier Tim,https://www.procyclingstats.com/rider/tim-merlier,Soudal Quick-Step,,,",,",2512,20127
14,162,finished,153,12046,167,TT,29,FR,Thomas Benjamin,https://www.procyclingstats.com/rider/benjamin-thomas-2,Cofidis,,,42:01,2521,20136
14,163,finished,162,12654,82,Classic,30,IT,Consonni Simone,https://www.procyclingstats.com/rider/simone-consonni,Lidl - Trek,,,42:32,2552,20167
14,164,finished,158,12284,172,Classic,30,IT,Ballerini Davide,https://www.procyclingstats.com/rider/davide-ballerini,XDS Astana Team,,,42:42,2562,20177
14,165,finished,165,12696,88,Classic,34,BE,Theuns Edward,https://www.procyclingstats.com/rider/edward-theuns,Lidl - Trek,,,",,",2562,20177
14,166,finished,148,11911,124,Sprint,32,NL,Groenewegen Dylan,https://www.procyclingstats.com/rider/dylan-groenewegen,Team Jayco AlUla,,,43:13,2593,20208
14,167,finished,98,8927,128,Hills,25,CH,Schmid Mauro,https://www.procyclingstats.com/rider/mauro-schmid,Team Jayco AlUla,,,",,",2593,20208
14,,DNF,,,181,GC,29,BE,Cras Steff,https://www.procyclingstats.com/rider/steff-cras,TotalEnergies,,,,,
14,,DNF,,,85,Climber,24,DK,Skjelmose Mattias,https://www.procyclingstats.com/rider/mattias-skjelmose-jensen,Lidl - Trek,,,,,
14,,DNF,,,21,Climber,25,BE,Evenepoel Remco,https://www.procyclingstats.com/rider/remco-evenepoel,Soudal Quick-Step,,,,,
14,,DNS,,,163,Sprint,33,FR,Coquard Bryan,https://www.procyclingstats.com/rider/bryan-coquard,Cofidis,,,,,
15,1,finished,45,6281,7,GC,34,BE,Wellens Tim,https://www.procyclingstats.com/rider/tim-wellens,UAE Team Emirates - XRG,210.0,100.0,3:34:09,0,12849
15,2,finished,34,5234,14,TT,33,BE,Campenaerts Victor,https://www.procyclingstats.com/rider/victor-campenaerts,Team Visma | Lease a Bike,150.0,70.0,1:28,88,12937
15,3,finished,52,6646,111,Classic,33,FR,Alaphilippe Julian,https://www.procyclingstats.com/rider/julian-alaphilippe,Tudor Pro Cycling Team,110.0,50.0,1:36,96,12945
15,4,finished,65,7318,17,Classic,30,BE,van Aert Wout,https://www.procyclingstats.com/rider/wout-van-aert,Team Visma | Lease a Bike,90.0,40.0,",,",96,12945
15,5,finished,56,6722,65,Hills,24,FR,Laurance Axel,https://www.procyclingstats.com/rider/axel-laurance,INEOS Grenadiers,70.0,32.0,",,",96,12945
15,6,finished,30,4446,78,Climber,29,RU,Vlasov Aleksandr,https://www.procyclingstats.com/rider/aleksandr-vlasov,Red Bull - BORA - hansgrohe,55.0,26.0,",,",96,12945
15,7,finished,64,7284,87,Classic,33,BE,Stuyven Jasper,https://www.procyclingstats.com/rider/jasper-stuyven,Lidl - Trek,45.0,22.0,",,",96,12945
15,8,finished,11,1187,186,Climber,26,FR,Jegat Jordan,https://www.procyclingstats.com/rider/jordan-jegat,TotalEnergies,40.0,18.0,",,",96,12945
15,9,finished,74,8119,37,Classic,33,DK,Valgren Michael,https://www.procyclingstats.com/rider/michael-valgren-andersen,EF Education - EasyPost,35.0,14.0,",,",96,12945
15,10,finished,21,3316,95,Classic,29,FR,Madouas Valentin,https://www.procyclingstats.com/rider/valentin-madouas,Groupama - FDJ,30.0,10.0,",,",96,12945
15,11,finished,35,5288,171,Climber,28,CO,Tejada Harold,https://www.procyclingstats.com/rider/harold-tejada,XDS Astana Team,25.0,8.0,",,",96,12945
15,12,finished,114,10540,83,Hills,22,BE,Nys Thibau,https://www.procyclingstats.com/rider/thibau-nys,Lidl - Trek,20.0,6.0,",,",96,12945
15,13,finished,44,6136,23,Classic,28,NL,Eenkhoorn Pascal,https://www.procyclingstats.com/rider/pascal-eenkhoorn,Soudal Quick-Step,15.0,4.0,",,",96,12945
15,14,finished,99,9456,147,GC,21,ES,Romeo Iván,https://www.procyclingstats.com/rider/ivan-romeo,Movistar Team,10.0,2.0,",,",96,12945
15,15,finished,63,7182,51,Climber,25,CO,Buitrago Santiago,https://www.procyclingstats.com/rider/santiago-buitrago-sanchez,Bahrain - Victorious,5.0,1.0,",,",96,12945
15,16,finished,48,6480,35,Classic,28,US,Powless Neilson,https://www.procyclingstats.com/rider/neilson-powless,EF Education - EasyPost,,,",,",96,12945
15,17,finished,22,3601,192,Climber,33,FR,Barguil Warren,https://www.procyclingstats.com/rider/warren-barguil,Team Picnic PostNL,,,",,",96,12945
15,18,finished,71,7918,227,GC,26,NO,Leknessund Andreas,https://www.procyclingstats.com/rider/andreas-leknessund,Uno-X Mobility,,,",,",96,12945
15,19,finished,9,1106,66,GC,24,ES,Rodríguez Carlos,https://www.procyclingstats.com/rider/carlos-rodriguez-cano,INEOS Grenadiers,,,",,",96,12945
15,20,finished,13,1623,91,Climber,32,FR,Martin Guillaume,https://www.procyclingstats.com/rider/guillaume-martin,Groupama - FDJ,,,",,",96,12945
15,21,finished,43,6134,84,Hills,24,US,Simmons Quinn,https://www.procyclingstats.com/rider/quinn-simmons,Lidl - Trek,,,",,",96,12945
15,22,finished,53,6651,117,Climber,28,AU,Storer Michael,https://www.procyclingstats.com/rider/michael-storer,Tudor Pro Cycling Team,,,",,",96,12945
15,23,finished,12,1544,121,GC,29,AU,O'Connor Ben,https://www.procyclingstats.com/rider/ben-o-connor,Team Jayco AlUla,,,",,",96,12945
15,24,finished,69,7743,206,GC,32,KZ,Lutsenko Alexey,https://www.procyclingstats.com/rider/aleksey-lutsenko,Israel - Premier Tech,,,",,",96,12945
15,25,finished,31,4589,104,GC,33,BE,Meurisse Xandro,https://www.procyclingstats.com/rider/xandro-meurisse,Alpecin - Deceuninck,,,6:01,361,13210
15,26,finished,51,6598,198,GC,24,NL,van den Broek Frank,https://www.procyclingstats.com/rider/frank-van-den-broek,Team Picnic PostNL,,,",,",361,13210
15,27,finished,10,1121,31,Climber,24,IE,Healy Ben,https://www.procyclingstats.com/rider/ben-healy,EF Education - EasyPost,,,6:07,367,13216
15,28,finished,80,8467,5,GC,28,FR,Sivakov Pavel,https://www.procyclingstats.com/rider/pavel-sivakov,UAE Team Emirates - XRG,,,",,",367,13216
15,29,finished,97,9263,168,Classic,29,FR,Touzé Damien,https://www.procyclingstats.com/rider/damien-touze,Cofidis,,,",,",367,13216
15,30,finished,83,8669,222,Classic,29,NO,Abrahamsen Jonas,https://www.procyclingstats.com/rider/jonas-abrahamsen,Uno-X Mobility,,,",,",367,13216
15,31,finished,82,8650,4,Classic,31,DE,Politt Nils,https://www.procyclingstats.com/rider/nils-politt,UAE Team Emirates - XRG,,,",,",367,13216
15,32,finished,42,6090,6,Climber,31,ES,Soler Marc,https://www.procyclingstats.com/rider/marc-soler,UAE Team Emirates - XRG,,,",,",367,13216
15,33,finished,1,0,1,Climber,26,SI,Pogačar Tadej,https://www.procyclingstats.com/rider/tadej-pogacar,UAE Team Emirates - XRG,,,",,",367,13216
15,34,finished,14,1915,3,Hills,28,EC,Narváez Jhonatan,https://www.procyclingstats.com/rider/jhonatan-narvaez,UAE Team Emirates - XRG,,,",,",367,13216
15,35,finished,70,7890,136,Hills,24,FR,Le Berre Mathis,https://www.procyclingstats.com/rider/mathis-le-berre,Arkéa - B&B Hotels,,,",,",367,13216
15,36,finished,130,11855,223,Hills,32,DK,Cort Magnus,https://www.procyclingstats.com/rider/magnus-cort-nielsen,Uno-X Mobility,,,",,",367,13216
15,37,finished,8,753,221,Climber,25,NO,Johannessen Tobias Halland,https://www.procyclingstats.com/rider/tobias-halland-johannessen,Uno-X Mobility,,,",,",367,13216
15,38,finished,50,6588,225,Classic,30,NO,Hoelgaard Markus,https://www.procyclingstats.com/rider/markus-hoelgaard,Uno-X Mobility,,,",,",367,13216
15,39,finished,122,11095,12,TT,29,IT,Affini Edoardo,https://www.procyclingstats.com/rider/edoardo-affini,Team Visma | Lease a Bike,,,",,",367,13216
15,40,finished,2,253,11,GC,28,DK,Vingegaard Jonas,https://www.procyclingstats.com/rider/jonas-vingegaard,Team Visma | Lease a Bike,,,",,",367,13216
15,41,finished,18,2849,137,GC,30,ES,Rodríguez Cristián,https://www.procyclingstats.com/rider/cristian-rodriguez,Arkéa - B&B Hotels,,,",,",367,13216
15,42,finished,15,1929,15,GC,26,US,Jorgenson Matteo,https://www.procyclingstats.com/rider/matteo-jorgenson,Team Visma | Lease a Bike,,,",,",367,13216
15,43,finished,17,2610,16,Climber,30,US,Kuss Sepp,https://www.procyclingstats.com/rider/sepp-kuss,Team Visma | Lease a Bike,,,",,",367,13216
15,44,finished,119,10976,77,Sprint,31,NL,van Poppel Danny,https://www.procyclingstats.com/rider/danny-van-poppel,Red Bull - BORA - hansgrohe,,,",,",367,13216
15,45,finished,85,8798,75,Classic,23,NZ,Pithie Laurence,https://www.procyclingstats.com/rider/laurence-pithie,Red Bull - BORA - hansgrohe,,,",,",367,13216
15,46,finished,3,473,72,GC,24,DE,Lipowitz Florian,https://www.procyclingstats.com/rider/florian-lipowitz,Red Bull - BORA - hansgrohe,,,",,",367,13216
15,47,finished,5,621,131,GC,24,FR,Vauquelin Kévin,https://www.procyclingstats.com/rider/kevin-vauquelin,Arkéa - B&B Hotels,,,",,",367,13216
15,48,finished,100,9551,58,Hills,26,GB,Wright Fred,https://www.procyclingstats.com/rider/alfred-wright,Bahrain - Victorious,,,",,",367,13216
15,49,finished,6,634,71,Climber,35,SI,Roglič Primož,https://www.procyclingstats.com/rider/primoz-roglic,Red Bull - BORA - hansgrohe,,,",,",367,13216
15,50,finished,40,5796,138,Classic,31,FR,Venturini Clément,https://www.procyclingstats.com/rider/clement-venturini,Arkéa - B&B Hotels,,,",,",367,13216
15,51,finished,111,10026,107,Classic,32,BE,Vermeersch Gianni,https://www.procyclingstats.com/rider/gianni-vermeersch,Alpecin - Deceuninck,,,",,",367,13216
15,52,finished,113,10312,196,Sprint,26,DE,Märkl Niklas,https://www.procyclingstats.com/rider/niklas-markl,Team Picnic PostNL,,,",,",367,13216
15,53,finished,36,5336,135,Climber,24,ES,García Pierna Raúl,https://www.procyclingstats.com/rider/raul-garcia-pierna,Arkéa - B&B Hotels,,,",,",367,13216
15,54,finished,101,9611,105,Classic,31,BE,Rickaert Jonas,https://www.procyclingstats.com/rider/jonas-rickaert,Alpecin - Deceuninck,,,",,",367,13216
15,55,finished,4,558,191,GC,22,GB,Onley Oscar,https://www.procyclingstats.com/rider/oscar-onley,Team Picnic PostNL,,,",,",367,13216
15,56,finished,128,11747,197,GC,26,NL,Naberman Tim,https://www.procyclingstats.com/rider/tim-naberman,Team Picnic PostNL,,,",,",367,13216
15,57,finished,92,9021,86,Classic,34,LV,Skujiņš Toms,https://www.procyclingstats.com/rider/toms-skujins,Lidl - Trek,,,",,",367,13216
15,58,finished,94,9193,195,Classic,22,DK,Andresen Tobias Lund,https://www.procyclingstats.com/rider/tobias-lund-andresen,Team Picnic PostNL,,,",,",367,13216
15,59,finished,91,9012,177,Classic,32,NL,Teunissen Mike,https://www.procyclingstats.com/rider/mike-teunissen,XDS Astana Team,,,",,",367,13216
15,60,finished,77,8275,93,Hills,29,FR,Barthe Cyril,https://www.procyclingstats.com/rider/cyril-barthe,Groupama - FDJ,,,",,",367,13216
15,61,finished,54,6687,184,GC,24,FR,Gachignard Thomas,https://www.procyclingstats.com/rider/thomas-gachignard,TotalEnergies,,,",,",367,13216
15,62,finished,41,5979,106,Classic,30,NL,van der Poel Mathieu,https://www.procyclingstats.com/rider/mathieu-van-der-poel,Alpecin - Deceuninck,,,",,",367,13216
15,63,finished,73,8044,155,Classic,34,BE,Naesen Oliver,https://www.procyclingstats.com/rider/oliver-naesen,Decathlon AG2R La Mondiale Team,,,",,",367,13216
15,64,finished,7,720,151,Climber,27,AT,Gall Felix,https://www.procyclingstats.com/rider/felix-gall,Decathlon AG2R La Mondiale Team,,,",,",367,13216
15,65,finished,19,3115,176,Climber,27,CO,Higuita Sergio,https://www.procyclingstats.com/rider/sergio-higuita,XDS Astana Team,,,",,",367,13216
15,66,finished,75,8197,116,Hills,24,DE,Mayrhofer Marius,https://www.procyclingstats.com/rider/marius-mayrhofer,Tudor Pro Cycling Team,,,",,",367,13216
15,67,finished,27,4282,94,Classic,22,FR,Grégoire Romain,https://www.procyclingstats.com/rider/romain-gregoire,Groupama - FDJ,,,",,",367,13216
15,68,finished,89,8885,113,Classic,34,AT,Haller Marco,https://www.procyclingstats.com/rider/marco-haller,Tudor Pro Cycling Team,,,",,",367,13216
15,69,finished,120,11009,112,Sprint,27,IT,Dainese Alberto,https://www.procyclingstats.com/rider/alberto-dainese,Tudor Pro Cycling Team,,,",,",367,13216
15,70,finished,78,8301,164,GC,36,ES,Izagirre Ion,https://www.procyclingstats.com/rider/ion-izagirre,Cofidis,,,",,",367,13216
15,71,finished,57,6781,183,Classic,27,FR,Delettre Alexandre,https://www.procyclingstats.com/rider/alexandre-delettre,TotalEnergies,,,",,",367,13216
15,72,finished,67,7536,26,GC,31,DE,Schachmann Maximilian,https://www.procyclingstats.com/rider/maximilian-schachmann,Soudal Quick-Step,,,",,",367,13216
15,73,finished,25,4219,146,GC,31,AT,Mühlberger Gregor,https://www.procyclingstats.com/rider/gregor-muhlberger,Movistar Team,,,",,",367,13216
15,74,finished,117,10685,97,Classic,23,FR,Penhoët Paul,https://www.procyclingstats.com/rider/paul-penhoet,Groupama - FDJ,,,",,",367,13216
15,75,finished,103,9692,98,Classic,30,FR,Russo Clément,https://www.procyclingstats.com/rider/clement-russo,Groupama - FDJ,,,",,",367,13216
15,76,finished,29,4312,161,GC,32,DE,Buchmann Emanuel,https://www.procyclingstats.com/rider/emanuel-buchmann,Cofidis,,,",,",367,13216
15,77,finished,39,5607,96,Hills,33,FR,Pacher Quentin,https://www.procyclingstats.com/rider/quentin-pacher,Groupama - FDJ,,,",,",367,13216
15,78,finished,143,12714,188,Hills,24,FR,Vercher Mattéo,https://www.procyclingstats.com/rider/matheo-vercher,TotalEnergies,,,",,",367,13216
15,79,finished,16,2576,62,GC,25,NL,Arensman Thymen,https://www.procyclingstats.com/rider/thymen-arensman,INEOS Grenadiers,,,",,",367,13216
15,80,finished,24,4101,156,GC,29,FR,Paret-Peintre Aurélien,https://www.procyclingstats.com/rider/aurelien-paret-peintre,Decathlon AG2R La Mondiale Team,,,",,",367,13216
15,81,finished,107,9836,205,Classic,26,FR,Louvel Matis,https://www.procyclingstats.com/rider/matis-louvel,Israel - Premier Tech,,,",,",367,13216
15,82,finished,59,7042,201,Climber,38,CA,Woods Michael,https://www.procyclingstats.com/rider/michael-woods,Israel - Premier Tech,,,",,",367,13216
15,83,finished,37,5385,203,GC,22,GB,Blackmore Joseph,https://www.procyclingstats.com/rider/joseph-blackmore,Israel - Premier Tech,,,",,",367,13216
15,84,finished,95,9210,103,Hills,26,AU,Groves Kaden,https://www.procyclingstats.com/rider/kaden-groves,Alpecin - Deceuninck,,,",,",367,13216
15,85,finished,79,8400,207,Classic,30,LV,Neilands Krists,https://www.procyclingstats.com/rider/krists-neilands,Israel - Premier Tech,,,",,",367,13216
15,86,finished,62,7172,182,Hills,26,FR,Burgaudeau Mathieu,https://www.procyclingstats.com/rider/mathieu-burgaudeau,TotalEnergies,,,",,",367,13216
15,87,finished,26,4271,157,GC,28,AU,Scotson Callum,https://www.procyclingstats.com/rider/callum-scotson,Decathlon AG2R La Mondiale Team,,,6:32,392,13241
15,88,finished,61,7124,108,Climber,23,BE,Verstrynge Emiel,https://www.procyclingstats.com/rider/emiel-verstrynge,Alpecin - Deceuninck,,,",,",392,13241
15,89,finished,33,5156,28,GC,25,BE,Van Wilder Ilan,https://www.procyclingstats.com/rider/ilan-van-wilder,Soudal Quick-Step,,,6:40,400,13249
15,90,finished,86,8826,33,TT,30,DK,Asgreen Kasper,https://www.procyclingstats.com/rider/kasper-asgreen,EF Education - EasyPost,,,",,",400,13249
15,91,finished,38,5408,36,GC,27,AU,Sweeny Harry,https://www.procyclingstats.com/rider/harry-sweeny,EF Education - EasyPost,,,6:50,410,13259
15,92,finished,123,11098,208,Hills,25,GB,Stewart Jake,https://www.procyclingstats.com/rider/jake-stewart,Israel - Premier Tech,,,6:58,418,13267
15,93,finished,112,10195,32,Hills,28,IT,Albanese Vincenzo,https://www.procyclingstats.com/rider/vincenzo-albanese,EF Education - EasyPost,,,7:04,424,13273
15,94,finished,47,6317,61,GC,39,GB,Thomas Geraint,https://www.procyclingstats.com/rider/geraint-thomas,INEOS Grenadiers,,,7:10,430,13279
15,95,finished,60,7059,152,TT,31,FR,Armirail Bruno,https://www.procyclingstats.com/rider/bruno-armirail,Decathlon AG2R La Mondiale Team,,,",,",430,13279
15,96,finished,32,5044,153,Climber,27,FR,Berthet Clément,https://www.procyclingstats.com/rider/clement-berthet,Decathlon AG2R La Mondiale Team,,,8:23,503,13352
15,97,finished,20,3214,141,Climber,30,ES,Mas Enric,https://www.procyclingstats.com/rider/enric-mas,Movistar Team,,,8:30,510,13359
15,98,finished,81,8587,218,Classic,27,BE,Van Moer Brent,https://www.procyclingstats.com/rider/brent-van-moer,Lotto,,,8:36,516,13365
15,99,finished,121,11010,56,Classic,30,SI,Mohorič Matej,https://www.procyclingstats.com/rider/matej-mohoric,Bahrain - Victorious,,,8:57,537,13386
15,100,finished,116,10649,187,Classic,31,FR,Turgis Anthony,https://www.procyclingstats.com/rider/anthony-turgis,TotalEnergies,,,18:46,1126,13975
15,101,finished,132,12045,41,Classic,25,ER,Girmay Biniam,https://www.procyclingstats.com/rider/biniam-girmay,Intermarché - Wanty,,,",,",1126,13975
15,102,finished,129,11771,126,GC,24,AU,Plapp Luke,https://www.procyclingstats.com/rider/luke-plapp,Team Jayco AlUla,,,",,",1126,13975
15,103,finished,104,9694,118,Classic,35,IT,Trentin Matteo,https://www.procyclingstats.com/rider/matteo-trentin,Tudor Pro Cycling Team,,,",,",1126,13975
15,104,finished,115,10647,67,Classic,29,GB,Swift Connor,https://www.procyclingstats.com/rider/connor-swift,INEOS Grenadiers,,,",,",1126,13975
15,105,finished,137,12495,123,TT,34,AU,Durbridge Luke,https://www.procyclingstats.com/rider/luke-durbridge,Team Jayco AlUla,,,",,",1126,13975
15,106,finished,144,12792,214,GC,26,AU,Drizners Jarrad,https://www.procyclingstats.com/rider/jarrad-drizners,Lotto,,,",,",1126,13975
15,107,finished,156,13102,215,Classic,26,BE,Grignard Sébastien,https://www.procyclingstats.com/rider/sebastien-grignard,Lotto,,,",,",1126,13975
15,108,finished,134,12410,211,Classic,23,BE,De Lie Arnaud,https://www.procyclingstats.com/rider/arnaud-de-lie,Lotto,,,19:15,1155,14004
15,109,finished,161,13547,175,Classic,25,KZ,Fedorov Yevgeniy,https://www.procyclingstats.com/rider/yevgeniy-fedorov,XDS Astana Team,,,22:42,1362,14211
15,110,finished,141,12663,45,Classic,25,BE,Rex Laurenz,https://www.procyclingstats.com/rider/laurenz-rex,Intermarché - Wanty,,,",,",1362,14211
15,111,finished,118,10923,145,Classic,29,ES,García Cortina Iván,https://www.procyclingstats.com/rider/ivan-garcia-cortina,Movistar Team,,,",,",1362,14211
15,112,finished,159,13279,172,Classic,30,IT,Ballerini Davide,https://www.procyclingstats.com/rider/davide-ballerini,XDS Astana Team,,,",,",1362,14211
15,113,finished,133,12386,46,Classic,27,DE,Rutsch Jonas,https://www.procyclingstats.com/rider/jonas-rutsch,Intermarché - Wanty,,,",,",1362,14211
15,114,finished,139,12537,102,Classic,34,CH,Dillier Silvan,https://www.procyclingstats.com/rider/silvan-dillier,Alpecin - Deceuninck,,,",,",1362,14211
15,115,finished,138,12531,127,Classic,33,NL,Reinders Elmar,https://www.procyclingstats.com/rider/elmar-reinders,Team Jayco AlUla,,,",,",1362,14211
15,116,finished,49,6559,178,Classic,29,IT,Velasco Simone,https://www.procyclingstats.com/rider/simone-velasco,XDS Astana Team,,,",,",1362,14211
15,117,finished,160,13418,53,TT,34,PL,Gradek Kamil,https://www.procyclingstats.com/rider/kamil-gradek,Bahrain - Victorious,,,",,",1362,14211
15,118,finished,125,11180,57,Hills,26,AU,Stannard Robert,https://www.procyclingstats.com/rider/robert-stannard,Bahrain - Victorious,,,",,",1362,14211
15,119,finished,150,12955,81,Sprint,24,IT,Milan Jonathan,https://www.procyclingstats.com/rider/jonathan-milan,Lidl - Trek,,,",,",1362,14211
15,120,finished,136,12435,193,Sprint,22,CZ,Bittner Pavel,https://www.procyclingstats.com/rider/pavel-bittner,Team Picnic PostNL,,,",,",1362,14211
15,121,finished,163,13662,115,Classic,31,CH,Lienhard Fabian,https://www.procyclingstats.com/rider/fabian-lienhard,Tudor Pro Cycling Team,,,",,",1362,14211
15,122,finished,155,13061,204,Classic,36,CA,Boivin Guillaume,https://www.procyclingstats.com/rider/guillaume-boivin,Israel - Premier Tech,,,",,",1362,14211
15,123,finished,109,9922,128,Hills,25,CH,Schmid Mauro,https://www.procyclingstats.com/rider/mauro-schmid,Team Jayco AlUla,,,",,",1362,14211
15,124,finished,84,8723,158,Classic,23,FR,Tronchon Bastien,https://www.procyclingstats.com/rider/bastien-tronchon,Decathlon AG2R La Mondiale Team,,,",,",1362,14211
15,125,finished,66,7353,25,Climber,24,FR,Paret-Peintre Valentin,https://www.procyclingstats.com/rider/valentin-paret-peintre,Soudal Quick-Step,,,",,",1362,14211
15,126,finished,146,12821,76,Classic,25,NL,van Dijke Mick,https://www.procyclingstats.com/rider/mick-van-dijke,Red Bull - BORA - hansgrohe,,,",,",1362,14211
15,127,finished,124,11160,216,GC,34,AR,Sepúlveda Eduardo,https://www.procyclingstats.com/rider/eduardo-sepulveda,Lotto,,,",,",1362,14211
15,128,finished,151,13009,27,Classic,32,BE,Van Lerberghe Bert,https://www.procyclingstats.com/rider/bert-van-lerberghe,Soudal Quick-Step,,,",,",1362,14211
15,129,finished,68,7736,144,TT,36,PT,Oliveira Nelson,https://www.procyclingstats.com/rider/nelson-oliveira,Movistar Team,,,",,",1362,14211
15,130,finished,131,12002,194,GC,25,GB,Flynn Sean,https://www.procyclingstats.com/rider/sean-flynn,Team Picnic PostNL,,,",,",1362,14211
15,131,finished,148,12873,165,Classic,26,FR,Renard Alexis,https://www.procyclingstats.com/rider/alexis-renard,Cofidis,,,",,",1362,14211
15,132,finished,58,6854,13,Classic,31,BE,Benoot Tiesj,https://www.procyclingstats.com/rider/tiesj-benoot,Team Visma | Lease a Bike,,,",,",1362,14211
15,133,finished,165,13691,88,Classic,34,BE,Theuns Edward,https://www.procyclingstats.com/rider/edward-theuns,Lidl - Trek,,,",,",1362,14211
15,134,finished,46,6299,34,Climber,24,FR,Baudin Alex,https://www.procyclingstats.com/rider/alex-baudin,EF Education - EasyPost,,,",,",1362,14211
15,135,finished,93,9068,162,Classic,29,ES,Aranburu Alex,https://www.procyclingstats.com/rider/alex-aranburu,Cofidis,,,",,",1362,14211
15,136,finished,108,9858,74,Classic,31,IT,Moscon Gianni,https://www.procyclingstats.com/rider/gianni-moscon,Red Bull - BORA - hansgrohe,,,",,",1362,14211
15,137,finished,158,13176,52,Sprint,31,DE,Bauhaus Phil,https://www.procyclingstats.com/rider/phil-bauhaus,Bahrain - Victorious,,,",,",1362,14211
15,138,finished,102,9668,166,GC,33,BE,Teuns Dylan,https://www.procyclingstats.com/rider/dylan-teuns,Cofidis,,,",,",1362,14211
15,139,finished,126,11675,68,Hills,23,GB,Watson Samuel,https://www.procyclingstats.com/rider/samuel-watson,INEOS Grenadiers,,,",,",1362,14211
15,140,finished,166,13809,73,Classic,27,BE,Meeus Jordi,https://www.procyclingstats.com/rider/jordi-meeus,Red Bull - BORA - hansgrohe,,,",,",1362,14211
15,141,finished,140,12565,92,Classic,24,GB,Askey Lewis,https://www.procyclingstats.com/rider/lewis-askey,Groupama - FDJ,,,",,",1362,14211
15,142,finished,110,9998,143,Climber,24,ES,Castrillo Pablo,https://www.procyclingstats.com/rider/pablo-castrillo-zapater,Movistar Team,,,",,",1362,14211
15,143,finished,152,13027,24,Sprint,32,BE,Merlier Tim,https://www.procyclingstats.com/rider/tim-merlier,Soudal Quick-Step,,,",,",1362,14211
15,144,finished,28,4299,8,Climber,32,GB,Yates Adam,https://www.procyclingstats.com/rider/adam-yates,UAE Team Emirates - XRG,,,",,",1362,14211
15,145,finished,55,6709,148,Climber,27,CO,Rubio Einer,https://www.procyclingstats.com/rider/einer-rubio,Movistar Team,,,",,",1362,14211
15,146,finished,76,8224,133,GC,22,FR,Costiou Ewen,https://www.procyclingstats.com/rider/ewen-costiou,Arkéa - B&B Hotels,,,",,",1362,14211
15,147,finished,157,13171,125,Hills,37,SI,Mezgec Luka,https://www.procyclingstats.com/rider/luka-mezgec,Team Jayco AlUla,,,",,",1362,14211
15,148,finished,98,9305,42,Classic,25,FR,Barré Louis,https://www.procyclingstats.com/rider/louis-barre,Intermarché - Wanty,,,",,",1362,14211
15,149,finished,23,3744,18,Climber,32,GB,Yates Simon,https://www.procyclingstats.com/rider/simon-yates,Team Visma | Lease a Bike,,,",,",1362,14211
15,150,finished,142,12691,44,Classic,23,FR,Page Hugo,https://www.procyclingstats.com/rider/hugo-page,Intermarché - Wanty,,,",,",1362,14211
15,151,finished,72,7989,212,Classic,24,BE,Berckmoes Jenno,https://www.procyclingstats.com/rider/jenno-berckmoes,Lotto,,,",,",1362,14211
15,152,finished,96,9220,114,Classic,26,CH,Hirschi Marc,https://www.procyclingstats.com/rider/marc-hirschi,Tudor Pro Cycling Team,,,",,",1362,14211
15,153,finished,90,8914,174,Climber,27,FR,Champoussin Clément,https://www.procyclingstats.com/rider/clement-champoussin,XDS Astana Team,,,",,",1362,14211
15,154,finished,135,12425,132,Classic,32,BE,Capiot Amaury,https://www.procyclingstats.com/rider/amaury-capiot,Arkéa - B&B Hotels,,,",,",1362,14211
15,155,finished,154,13048,134,Classic,33,FR,Démare Arnaud,https://www.procyclingstats.com/rider/arnaud-demare,Arkéa - B&B Hotels,,,",,",1362,14211
15,156,finished,164,13665,47,GC,24,NL,van Sintmaartensdijk Roel,https://www.procyclingstats.com/rider/roel-van-sintmaartensdijk,Intermarché - Wanty,,,",,",1362,14211
15,157,finished,149,12906,124,Sprint,32,NL,Groenewegen Dylan,https://www.procyclingstats.com/rider/dylan-groenewegen,Team Jayco AlUla,,,",,",1362,14211
15,158,finished,105,9732,226,GC,25,NO,Johannessen Anders Halland,https://www.procyclingstats.com/rider/anders-halland-johannessen,Uno-X Mobility,,,",,",1362,14211
15,159,finished,147,12822,224,Sprint,22,NO,Edvardsen-Fredheim Stian,https://www.procyclingstats.com/rider/stian-fredheim,Uno-X Mobility,,,",,",1362,14211
15,160,finished,87,8827,55,Climber,22,FR,Martinez Lenny,https://www.procyclingstats.com/rider/lenny-martinez,Bahrain - Victorious,,,",,",1362,14211
15,161,finished,106,9790,142,TT,29,US,Barta Will,https://www.procyclingstats.com/rider/william-barta,Movistar Team,,,",,",1362,14211
15,162,finished,145,12815,43,Classic,24,BE,Braet Vito,https://www.procyclingstats.com/rider/vito-braet,Intermarché - Wanty,,,",,",1362,14211
15,163,finished,127,11726,202,Sprint,31,DE,Ackermann Pascal,https://www.procyclingstats.com/rider/pascal-ackermann,Israel - Premier Tech,,,",,",1362,14211
15,164,finished,88,8837,63,TT,28,NO,Foss Tobias,https://www.procyclingstats.com/rider/tobias-foss,INEOS Grenadiers,,,",,",1362,14211
15,165,finished,153,13041,167,TT,29,FR,Thomas Benjamin,https://www.procyclingstats.com/rider/benjamin-thomas-2,Cofidis,,,",,",1362,14211
15,166,finished,162,13649,82,Classic,30,IT,Consonni Simone,https://www.procyclingstats.com/rider/simone-consonni,Lidl - Trek,,,",,",1362,14211
15,,DNS,,,217,Climber,24,BE,Van Eetvelt Lennert,https://www.procyclingstats.com/rider/lennert-van-eetvelt,Lotto,,,,,
16,1,finished,49,7300,25,Climber,24,FR,Paret-Peintre Valentin,https://www.procyclingstats.com/rider/valentin-paret-peintre,Soudal Quick-Step,210.0,100.0,4:03:19,0,14599
16,2,finished,9,1072,31,Climber,24,IE,Healy Ben,https://www.procyclingstats.com/rider/ben-healy,EF Education - EasyPost,150.0,70.0,",,",0,14599
16,3,finished,46,7139,51,Climber,25,CO,Buitrago Santiago,https://www.procyclingstats.com/rider/santiago-buitrago-sanchez,Bahrain - Victorious,110.0,50.0,0:04,4,14603
16,4,finished,29,5127,28,GC,25,BE,Van Wilder Ilan,https://www.procyclingstats.com/rider/ilan-van-wilder,Soudal Quick-Step,90.0,40.0,0:14,14,14613
16,5,finished,1,0,1,Climber,26,SI,Pogačar Tadej,https://www.procyclingstats.com/rider/tadej-pogacar,UAE Team Emirates - XRG,70.0,32.0,0:43,43,14642
16,6,finished,2,255,11,GC,28,DK,Vingegaard Jonas,https://www.procyclingstats.com/rider/jonas-vingegaard,Team Visma | Lease a Bike,55.0,26.0,0:45,45,14644
16,7,finished,18,3224,141,Climber,30,ES,Mas Enric,https://www.procyclingstats.com/rider/enric-mas,Movistar Team,45.0,22.0,0:53,53,14652
16,8,finished,38,6680,111,Classic,33,FR,Alaphilippe Julian,https://www.procyclingstats.com/rider/julian-alaphilippe,Tudor Pro Cycling Team,40.0,18.0,1:17,77,14676
16,9,finished,5,702,71,Climber,35,SI,Roglič Primož,https://www.procyclingstats.com/rider/primoz-roglic,Red Bull - BORA - hansgrohe,35.0,14.0,1:51,111,14710
16,10,finished,3,543,72,GC,24,DE,Lipowitz Florian,https://www.procyclingstats.com/rider/florian-lipowitz,Red Bull - BORA - hansgrohe,30.0,10.0,1:53,113,14712
16,11,finished,24,4297,146,GC,31,AT,Mühlberger Gregor,https://www.procyclingstats.com/rider/gregor-muhlberger,Movistar Team,25.0,8.0,2:01,121,14720
16,12,finished,14,2660,62,GC,25,NL,Arensman Thymen,https://www.procyclingstats.com/rider/thymen-arensman,INEOS Grenadiers,20.0,6.0,2:07,127,14726
16,13,finished,26,4681,104,GC,33,BE,Meurisse Xandro,https://www.procyclingstats.com/rider/xandro-meurisse,Alpecin - Deceuninck,15.0,4.0,2:15,135,14734
16,14,finished,4,664,191,GC,22,GB,Onley Oscar,https://www.procyclingstats.com/rider/oscar-onley,Team Picnic PostNL,10.0,2.0,2:29,149,14748
16,15,finished,10,1245,66,GC,24,ES,Rodríguez Carlos,https://www.procyclingstats.com/rider/carlos-rodriguez-cano,INEOS Grenadiers,5.0,1.0,3:02,182,14781
16,16,finished,74,9232,162,Classic,29,ES,Aranburu Alex,https://www.procyclingstats.com/rider/alex-aranburu,Cofidis,,,3:27,207,14806
16,17,finished,7,890,151,Climber,27,AT,Gall Felix,https://www.procyclingstats.com/rider/felix-gall,Decathlon AG2R La Mondiale Team,,,3:33,213,14812
16,18,finished,25,4474,8,Climber,32,GB,Yates Adam,https://www.procyclingstats.com/rider/adam-yates,UAE Team Emirates - XRG,,,3:38,218,14817
16,19,finished,33,5515,135,Climber,24,ES,García Pierna Raúl,https://www.procyclingstats.com/rider/raul-garcia-pierna,Arkéa - B&B Hotels,,,3:42,222,14821
16,20,finished,6,800,131,GC,24,FR,Vauquelin Kévin,https://www.procyclingstats.com/rider/kevin-vauquelin,Arkéa - B&B Hotels,,,",,",222,14821
16,21,finished,19,3297,176,Climber,27,CO,Higuita Sergio,https://www.procyclingstats.com/rider/sergio-higuita,XDS Astana Team,,,3:45,225,14824
16,22,finished,11,1390,186,Climber,26,FR,Jegat Jordan,https://www.procyclingstats.com/rider/jordan-jegat,TotalEnergies,,,4:06,246,14845
16,23,finished,71,9117,174,Climber,27,FR,Champoussin Clément,https://www.procyclingstats.com/rider/clement-champoussin,XDS Astana Team,,,",,",246,14845
16,24,finished,40,6762,178,Classic,29,IT,Velasco Simone,https://www.procyclingstats.com/rider/simone-velasco,XDS Astana Team,,,",,",246,14845
16,25,finished,36,6296,6,Climber,31,ES,Soler Marc,https://www.procyclingstats.com/rider/marc-soler,UAE Team Emirates - XRG,,,4:09,249,14848
16,26,finished,31,5447,14,TT,33,BE,Campenaerts Victor,https://www.procyclingstats.com/rider/victor-campenaerts,Team Visma | Lease a Bike,,,4:16,256,14855
16,27,finished,60,8186,227,GC,26,NO,Leknessund Andreas,https://www.procyclingstats.com/rider/andreas-leknessund,Uno-X Mobility,,,5:11,311,14910
16,28,finished,8,1021,221,Climber,25,NO,Johannessen Tobias Halland,https://www.procyclingstats.com/rider/tobias-halland-johannessen,Uno-X Mobility,,,",,",311,14910
16,29,finished,15,2879,16,Climber,30,US,Kuss Sepp,https://www.procyclingstats.com/rider/sepp-kuss,Team Visma | Lease a Bike,,,5:12,312,14911
16,30,finished,23,4020,18,Climber,32,GB,Yates Simon,https://www.procyclingstats.com/rider/simon-yates,Team Visma | Lease a Bike,,,5:19,319,14918
16,31,finished,126,13103,76,Classic,25,NL,van Dijke Mick,https://www.procyclingstats.com/rider/mick-van-dijke,Red Bull - BORA - hansgrohe,,,5:25,325,14924
16,32,finished,12,1868,121,GC,29,AU,O'Connor Ben,https://www.procyclingstats.com/rider/ben-o-connor,Team Jayco AlUla,,,6:07,367,14966
16,33,finished,47,7195,13,Classic,31,BE,Benoot Tiesj,https://www.procyclingstats.com/rider/tiesj-benoot,Team Visma | Lease a Bike,,,6:24,384,14983
16,34,finished,17,3204,137,GC,30,ES,Rodríguez Cristián,https://www.procyclingstats.com/rider/cristian-rodriguez,Arkéa - B&B Hotels,,,6:38,398,14997
16,35,finished,53,7527,182,Hills,26,FR,Burgaudeau Mathieu,https://www.procyclingstats.com/rider/mathieu-burgaudeau,TotalEnergies,,,",,",398,14997
16,36,finished,51,7449,201,Climber,38,CA,Woods Michael,https://www.procyclingstats.com/rider/michael-woods,Israel - Premier Tech,,,7:30,450,15049
16,37,finished,22,4010,192,Climber,33,FR,Barguil Warren,https://www.procyclingstats.com/rider/warren-barguil,Team Picnic PostNL,,,7:32,452,15051
16,38,finished,67,8654,133,GC,22,FR,Costiou Ewen,https://www.procyclingstats.com/rider/ewen-costiou,Arkéa - B&B Hotels,,,7:53,473,15072
16,39,finished,41,6770,7,GC,34,BE,Wellens Tim,https://www.procyclingstats.com/rider/tim-wellens,UAE Team Emirates - XRG,,,8:52,532,15131
16,40,finished,21,3807,95,Classic,29,FR,Madouas Valentin,https://www.procyclingstats.com/rider/valentin-madouas,Groupama - FDJ,,,8:54,534,15133
16,41,finished,13,2114,91,Climber,32,FR,Martin Guillaume,https://www.procyclingstats.com/rider/guillaume-martin,Groupama - FDJ,,,",,",534,15133
16,42,finished,83,9796,42,Classic,25,FR,Barré Louis,https://www.procyclingstats.com/rider/louis-barre,Intermarché - Wanty,,,",,",534,15133
16,43,finished,94,10398,98,Classic,30,FR,Russo Clément,https://www.procyclingstats.com/rider/clement-russo,Groupama - FDJ,,,12:29,749,15348
16,44,finished,37,6313,96,Hills,33,FR,Pacher Quentin,https://www.procyclingstats.com/rider/quentin-pacher,Groupama - FDJ,,,",,",749,15348
16,45,finished,95,10422,166,GC,33,BE,Teuns Dylan,https://www.procyclingstats.com/rider/dylan-teuns,Cofidis,,,13:17,797,15396
16,46,finished,28,5066,161,GC,32,DE,Buchmann Emanuel,https://www.procyclingstats.com/rider/emanuel-buchmann,Cofidis,,,",,",797,15396
16,47,finished,27,5025,157,GC,28,AU,Scotson Callum,https://www.procyclingstats.com/rider/callum-scotson,Decathlon AG2R La Mondiale Team,,,",,",797,15396
16,48,finished,80,9506,222,Classic,29,NO,Abrahamsen Jonas,https://www.procyclingstats.com/rider/jonas-abrahamsen,Uno-X Mobility,,,14:40,880,15479
16,49,finished,30,5318,78,Climber,29,RU,Vlasov Aleksandr,https://www.procyclingstats.com/rider/aleksandr-vlasov,Red Bull - BORA - hansgrohe,,,15:15,915,15514
16,50,finished,103,10969,107,Classic,32,BE,Vermeersch Gianni,https://www.procyclingstats.com/rider/gianni-vermeersch,Alpecin - Deceuninck,,,16:26,986,15585
16,51,finished,45,7112,23,Classic,28,NL,Eenkhoorn Pascal,https://www.procyclingstats.com/rider/pascal-eenkhoorn,Soudal Quick-Step,,,16:59,1019,15618
16,52,finished,77,9443,5,GC,28,FR,Sivakov Pavel,https://www.procyclingstats.com/rider/pavel-sivakov,UAE Team Emirates - XRG,,,",,",1019,15618
16,53,finished,35,6042,153,Climber,27,FR,Berthet Clément,https://www.procyclingstats.com/rider/clement-berthet,Decathlon AG2R La Mondiale Team,,,17:21,1041,15640
16,54,finished,59,8057,152,TT,31,FR,Armirail Bruno,https://www.procyclingstats.com/rider/bruno-armirail,Decathlon AG2R La Mondiale Team,,,",,",1041,15640
16,55,finished,75,9299,164,GC,36,ES,Izagirre Ion,https://www.procyclingstats.com/rider/ion-izagirre,Cofidis,,,",,",1041,15640
16,56,finished,85,10010,177,Classic,32,NL,Teunissen Mike,https://www.procyclingstats.com/rider/mike-teunissen,XDS Astana Team,,,",,",1041,15640
16,57,finished,48,7297,34,Climber,24,FR,Baudin Alex,https://www.procyclingstats.com/rider/alex-baudin,EF Education - EasyPost,,,",,",1041,15640
16,58,finished,72,9117,37,Classic,33,DK,Valgren Michael,https://www.procyclingstats.com/rider/michael-valgren-andersen,EF Education - EasyPost,,,",,",1041,15640
16,59,finished,81,9644,218,Classic,27,BE,Van Moer Brent,https://www.procyclingstats.com/rider/brent-van-moer,Lotto,,,18:20,1100,15699
16,60,finished,79,9492,207,Classic,30,LV,Neilands Krists,https://www.procyclingstats.com/rider/krists-neilands,Israel - Premier Tech,,,18:55,1135,15734
16,61,finished,89,10113,86,Classic,34,LV,Skujiņš Toms,https://www.procyclingstats.com/rider/toms-skujins,Lidl - Trek,,,",,",1135,15734
16,62,finished,102,10824,226,GC,25,NO,Johannessen Anders Halland,https://www.procyclingstats.com/rider/anders-halland-johannessen,Uno-X Mobility,,,",,",1135,15734
16,63,finished,99,10744,105,Classic,31,BE,Rickaert Jonas,https://www.procyclingstats.com/rider/jonas-rickaert,Alpecin - Deceuninck,,,19:36,1176,15775
16,64,finished,44,6929,138,Classic,31,FR,Venturini Clément,https://www.procyclingstats.com/rider/clement-venturini,Arkéa - B&B Hotels,,,",,",1176,15775
16,65,finished,131,13593,193,Sprint,22,CZ,Bittner Pavel,https://www.procyclingstats.com/rider/pavel-bittner,Team Picnic PostNL,,,20:01,1201,15800
16,66,finished,52,7526,61,GC,39,GB,Thomas Geraint,https://www.procyclingstats.com/rider/geraint-thomas,INEOS Grenadiers,,,20:52,1252,15851
16,67,finished,50,7343,84,Hills,24,US,Simmons Quinn,https://www.procyclingstats.com/rider/quinn-simmons,Lidl - Trek,,,",,",1252,15851
16,68,finished,106,11131,128,Hills,25,CH,Schmid Mauro,https://www.procyclingstats.com/rider/mauro-schmid,Team Jayco AlUla,,,",,",1252,15851
16,69,finished,32,5491,94,Classic,22,FR,Grégoire Romain,https://www.procyclingstats.com/rider/romain-gregoire,Groupama - FDJ,,,",,",1252,15851
16,70,finished,78,9484,93,Hills,29,FR,Barthe Cyril,https://www.procyclingstats.com/rider/cyril-barthe,Groupama - FDJ,,,",,",1252,15851
16,71,finished,132,13595,46,Classic,27,DE,Rutsch Jonas,https://www.procyclingstats.com/rider/jonas-rutsch,Intermarché - Wanty,,,",,",1252,15851
16,72,finished,69,8945,144,TT,36,PT,Oliveira Nelson,https://www.procyclingstats.com/rider/nelson-oliveira,Movistar Team,,,",,",1252,15851
16,73,finished,70,9099,136,Hills,24,FR,Le Berre Mathis,https://www.procyclingstats.com/rider/mathis-le-berre,Arkéa - B&B Hotels,,,",,",1252,15851
16,74,finished,100,10760,58,Hills,26,GB,Wright Fred,https://www.procyclingstats.com/rider/alfred-wright,Bahrain - Victorious,,,",,",1252,15851
16,75,finished,68,8745,26,GC,31,DE,Schachmann Maximilian,https://www.procyclingstats.com/rider/maximilian-schachmann,Soudal Quick-Step,,,",,",1252,15851
16,76,finished,56,7918,148,Climber,27,CO,Rubio Einer,https://www.procyclingstats.com/rider/einer-rubio,Movistar Team,,,",,",1252,15851
16,77,finished,113,11856,67,Classic,29,GB,Swift Connor,https://www.procyclingstats.com/rider/connor-swift,INEOS Grenadiers,,,",,",1252,15851
16,78,finished,16,3124,3,Hills,28,EC,Narváez Jhonatan,https://www.procyclingstats.com/rider/jhonatan-narvaez,UAE Team Emirates - XRG,,,",,",1252,15851
16,79,finished,135,13746,102,Classic,34,CH,Dillier Silvan,https://www.procyclingstats.com/rider/silvan-dillier,Alpecin - Deceuninck,,,",,",1252,15851
16,80,finished,104,10999,142,TT,29,US,Barta Will,https://www.procyclingstats.com/rider/william-barta,Movistar Team,,,",,",1252,15851
16,81,finished,63,8493,87,Classic,33,BE,Stuyven Jasper,https://www.procyclingstats.com/rider/jasper-stuyven,Lidl - Trek,,,",,",1252,15851
16,82,finished,73,9198,212,Classic,24,BE,Berckmoes Jenno,https://www.procyclingstats.com/rider/jenno-berckmoes,Lotto,,,",,",1252,15851
16,83,finished,96,10429,114,Classic,26,CH,Hirschi Marc,https://www.procyclingstats.com/rider/marc-hirschi,Tudor Pro Cycling Team,,,",,",1252,15851
16,84,finished,88,10094,113,Classic,34,AT,Haller Marco,https://www.procyclingstats.com/rider/marco-haller,Tudor Pro Cycling Team,,,",,",1252,15851
16,85,finished,55,7807,198,GC,24,NL,van den Broek Frank,https://www.procyclingstats.com/rider/frank-van-den-broek,Team Picnic PostNL,,,",,",1252,15851
16,86,finished,157,14874,47,GC,24,NL,van Sintmaartensdijk Roel,https://www.procyclingstats.com/rider/roel-van-sintmaartensdijk,Intermarché - Wanty,,,",,",1252,15851
16,87,finished,86,10046,63,TT,28,NO,Foss Tobias,https://www.procyclingstats.com/rider/tobias-foss,INEOS Grenadiers,,,",,",1252,15851
16,88,finished,125,12980,126,GC,24,AU,Plapp Luke,https://www.procyclingstats.com/rider/luke-plapp,Team Jayco AlUla,,,",,",1252,15851
16,89,finished,139,14001,214,GC,26,AU,Drizners Jarrad,https://www.procyclingstats.com/rider/jarrad-drizners,Lotto,,,",,",1252,15851
16,90,finished,57,7931,65,Hills,24,FR,Laurance Axel,https://www.procyclingstats.com/rider/axel-laurance,INEOS Grenadiers,,,",,",1252,15851
16,91,finished,97,10488,168,Classic,29,FR,Touzé Damien,https://www.procyclingstats.com/rider/damien-touze,Cofidis,,,21:08,1268,15867
16,92,finished,58,8016,183,Classic,27,FR,Delettre Alexandre,https://www.procyclingstats.com/rider/alexandre-delettre,TotalEnergies,,,21:18,1278,15877
16,93,finished,138,13949,188,Hills,24,FR,Vercher Mattéo,https://www.procyclingstats.com/rider/matheo-vercher,TotalEnergies,,,",,",1278,15877
16,94,finished,66,8624,17,Classic,30,BE,van Aert Wout,https://www.procyclingstats.com/rider/wout-van-aert,Team Visma | Lease a Bike,,,22:29,1349,15948
16,95,finished,107,11164,74,Classic,31,IT,Moscon Gianni,https://www.procyclingstats.com/rider/gianni-moscon,Red Bull - BORA - hansgrohe,,,",,",1349,15948
16,96,finished,54,7801,35,Classic,28,US,Powless Neilson,https://www.procyclingstats.com/rider/neilson-powless,EF Education - EasyPost,,,22:44,1364,15963
16,97,finished,39,6729,36,GC,27,AU,Sweeny Harry,https://www.procyclingstats.com/rider/harry-sweeny,EF Education - EasyPost,,,",,",1364,15963
16,98,finished,108,11214,205,Classic,26,FR,Louvel Matis,https://www.procyclingstats.com/rider/matis-louvel,Israel - Premier Tech,,,23:41,1421,16020
16,99,finished,137,13886,123,TT,34,AU,Durbridge Luke,https://www.procyclingstats.com/rider/luke-durbridge,Team Jayco AlUla,,,23:54,1434,16033
16,100,finished,64,8518,108,Climber,23,BE,Verstrynge Emiel,https://www.procyclingstats.com/rider/emiel-verstrynge,Alpecin - Deceuninck,,,23:57,1437,16036
16,101,finished,147,14496,215,Classic,26,BE,Grignard Sébastien,https://www.procyclingstats.com/rider/sebastien-grignard,Lotto,,,",,",1437,16036
16,102,finished,87,10057,4,Classic,31,DE,Politt Nils,https://www.procyclingstats.com/rider/nils-politt,UAE Team Emirates - XRG,,,24:10,1450,16049
16,103,finished,91,10246,33,TT,30,DK,Asgreen Kasper,https://www.procyclingstats.com/rider/kasper-asgreen,EF Education - EasyPost,,,24:23,1463,16062
16,104,finished,110,11615,32,Hills,28,IT,Albanese Vincenzo,https://www.procyclingstats.com/rider/vincenzo-albanese,EF Education - EasyPost,,,",,",1463,16062
16,105,finished,136,13851,132,Classic,32,BE,Capiot Amaury,https://www.procyclingstats.com/rider/amaury-capiot,Arkéa - B&B Hotels,,,24:29,1469,16068
16,106,finished,161,15153,88,Classic,34,BE,Theuns Edward,https://www.procyclingstats.com/rider/edward-theuns,Lidl - Trek,,,25:05,1505,16104
16,107,finished,114,12002,83,Hills,22,BE,Nys Thibau,https://www.procyclingstats.com/rider/thibau-nys,Lidl - Trek,,,",,",1505,16104
16,108,finished,34,5573,156,GC,29,FR,Paret-Peintre Aurélien,https://www.procyclingstats.com/rider/aurelien-paret-peintre,Decathlon AG2R La Mondiale Team,,,25:15,1515,16114
16,109,finished,90,10195,158,Classic,23,FR,Tronchon Bastien,https://www.procyclingstats.com/rider/bastien-tronchon,Decathlon AG2R La Mondiale Team,,,",,",1515,16114
16,110,finished,98,10667,195,Classic,22,DK,Andresen Tobias Lund,https://www.procyclingstats.com/rider/tobias-lund-andresen,Team Picnic PostNL,,,25:17,1517,16116
16,111,finished,92,10274,75,Classic,23,NZ,Pithie Laurence,https://www.procyclingstats.com/rider/laurence-pithie,Red Bull - BORA - hansgrohe,,,25:19,1519,16118
16,112,finished,115,12161,97,Classic,23,FR,Penhoët Paul,https://www.procyclingstats.com/rider/paul-penhoet,Groupama - FDJ,,,",,",1519,16118
16,113,finished,127,13218,202,Sprint,31,DE,Ackermann Pascal,https://www.procyclingstats.com/rider/pascal-ackermann,Israel - Premier Tech,,,25:35,1535,16134
16,114,finished,112,11804,196,Sprint,26,DE,Märkl Niklas,https://www.procyclingstats.com/rider/niklas-markl,Team Picnic PostNL,,,",,",1535,16134
16,115,finished,20,3455,15,GC,26,US,Jorgenson Matteo,https://www.procyclingstats.com/rider/matteo-jorgenson,Team Visma | Lease a Bike,,,26:09,1569,16168
16,116,finished,119,12621,12,TT,29,IT,Affini Edoardo,https://www.procyclingstats.com/rider/edoardo-affini,Team Visma | Lease a Bike,,,",,",1569,16168
16,117,finished,43,6911,203,GC,22,GB,Blackmore Joseph,https://www.procyclingstats.com/rider/joseph-blackmore,Israel - Premier Tech,,,",,",1569,16168
16,118,finished,42,6814,171,Climber,28,CO,Tejada Harold,https://www.procyclingstats.com/rider/harold-tejada,XDS Astana Team,,,",,",1569,16168
16,119,finished,122,12692,216,GC,34,AR,Sepúlveda Eduardo,https://www.procyclingstats.com/rider/eduardo-sepulveda,Lotto,,,26:15,1575,16174
16,120,finished,116,12183,187,Classic,31,FR,Turgis Anthony,https://www.procyclingstats.com/rider/anthony-turgis,TotalEnergies,,,26:17,1577,16176
16,121,finished,140,14103,92,Classic,24,GB,Askey Lewis,https://www.procyclingstats.com/rider/lewis-askey,Groupama - FDJ,,,26:21,1581,16180
16,122,finished,93,10365,55,Climber,22,FR,Martinez Lenny,https://www.procyclingstats.com/rider/lenny-martinez,Bahrain - Victorious,,,",,",1581,16180
16,123,finished,163,15236,115,Classic,31,CH,Lienhard Fabian,https://www.procyclingstats.com/rider/fabian-lienhard,Tudor Pro Cycling Team,,,26:57,1617,16216
16,124,finished,124,12754,57,Hills,26,AU,Stannard Robert,https://www.procyclingstats.com/rider/robert-stannard,Bahrain - Victorious,,,",,",1617,16216
16,125,finished,61,8225,117,Climber,28,AU,Storer Michael,https://www.procyclingstats.com/rider/michael-storer,Tudor Pro Cycling Team,,,",,",1617,16216
16,126,finished,101,10784,103,Hills,26,AU,Groves Kaden,https://www.procyclingstats.com/rider/kaden-groves,Alpecin - Deceuninck,,,",,",1617,16216
16,127,finished,150,14625,167,TT,29,FR,Thomas Benjamin,https://www.procyclingstats.com/rider/benjamin-thomas-2,Cofidis,,,27:07,1627,16226
16,128,finished,120,12630,56,Classic,30,SI,Mohorič Matej,https://www.procyclingstats.com/rider/matej-mohoric,Bahrain - Victorious,,,27:43,1663,16262
16,129,finished,129,13387,197,GC,26,NL,Naberman Tim,https://www.procyclingstats.com/rider/tim-naberman,Team Picnic PostNL,,,28:03,1683,16282
16,130,finished,146,14462,224,Sprint,22,NO,Edvardsen-Fredheim Stian,https://www.procyclingstats.com/rider/stian-fredheim,Uno-X Mobility,,,",,",1683,16282
16,131,finished,142,14171,127,Classic,33,NL,Reinders Elmar,https://www.procyclingstats.com/rider/elmar-reinders,Team Jayco AlUla,,,",,",1683,16282
16,132,finished,128,13315,68,Hills,23,GB,Watson Samuel,https://www.procyclingstats.com/rider/samuel-watson,INEOS Grenadiers,,,",,",1683,16282
16,133,finished,118,12616,77,Sprint,31,NL,van Poppel Danny,https://www.procyclingstats.com/rider/danny-van-poppel,Red Bull - BORA - hansgrohe,,,",,",1683,16282
16,134,finished,121,12649,112,Sprint,27,IT,Dainese Alberto,https://www.procyclingstats.com/rider/alberto-dainese,Tudor Pro Cycling Team,,,",,",1683,16282
16,135,finished,160,15058,53,TT,34,PL,Gradek Kamil,https://www.procyclingstats.com/rider/kamil-gradek,Bahrain - Victorious,,,",,",1683,16282
16,136,finished,84,9837,116,Hills,24,DE,Mayrhofer Marius,https://www.procyclingstats.com/rider/marius-mayrhofer,Tudor Pro Cycling Team,,,",,",1683,16282
16,137,finished,145,14455,43,Classic,24,BE,Braet Vito,https://www.procyclingstats.com/rider/vito-braet,Intermarché - Wanty,,,",,",1683,16282
16,138,finished,130,13495,223,Hills,32,DK,Cort Magnus,https://www.procyclingstats.com/rider/magnus-cort-nielsen,Uno-X Mobility,,,",,",1683,16282
16,139,finished,144,14331,44,Classic,23,FR,Page Hugo,https://www.procyclingstats.com/rider/hugo-page,Intermarché - Wanty,,,",,",1683,16282
16,140,finished,117,12563,145,Classic,29,ES,García Cortina Iván,https://www.procyclingstats.com/rider/ivan-garcia-cortina,Movistar Team,,,",,",1683,16282
16,141,finished,155,14811,125,Hills,37,SI,Mezgec Luka,https://www.procyclingstats.com/rider/luka-mezgec,Team Jayco AlUla,,,",,",1683,16282
16,142,finished,143,14303,45,Classic,25,BE,Rex Laurenz,https://www.procyclingstats.com/rider/laurenz-rex,Intermarché - Wanty,,,",,",1683,16282
16,143,finished,156,14816,52,Sprint,31,DE,Bauhaus Phil,https://www.procyclingstats.com/rider/phil-bauhaus,Bahrain - Victorious,,,",,",1683,16282
16,144,finished,133,13642,194,GC,25,GB,Flynn Sean,https://www.procyclingstats.com/rider/sean-flynn,Team Picnic PostNL,,,",,",1683,16282
16,145,finished,148,14513,165,Classic,26,FR,Renard Alexis,https://www.procyclingstats.com/rider/alexis-renard,Cofidis,,,",,",1683,16282
16,146,finished,109,11334,118,Classic,35,IT,Trentin Matteo,https://www.procyclingstats.com/rider/matteo-trentin,Tudor Pro Cycling Team,,,",,",1683,16282
16,147,finished,76,9383,206,GC,32,KZ,Lutsenko Alexey,https://www.procyclingstats.com/rider/aleksey-lutsenko,Israel - Premier Tech,,,",,",1683,16282
16,148,finished,162,15187,175,Classic,25,KZ,Fedorov Yevgeniy,https://www.procyclingstats.com/rider/yevgeniy-fedorov,XDS Astana Team,,,",,",1683,16282
16,149,finished,123,12738,208,Hills,25,GB,Stewart Jake,https://www.procyclingstats.com/rider/jake-stewart,Israel - Premier Tech,,,",,",1683,16282
16,150,finished,82,9693,155,Classic,34,BE,Naesen Oliver,https://www.procyclingstats.com/rider/oliver-naesen,Decathlon AG2R La Mondiale Team,,,28:12,1692,16291
16,151,finished,105,11105,147,GC,21,ES,Romeo Iván,https://www.procyclingstats.com/rider/ivan-romeo,Movistar Team,,,",,",1692,16291
16,152,finished,111,11647,143,Climber,24,ES,Castrillo Pablo,https://www.procyclingstats.com/rider/pablo-castrillo-zapater,Movistar Team,,,",,",1692,16291
16,153,finished,153,14676,24,Sprint,32,BE,Merlier Tim,https://www.procyclingstats.com/rider/tim-merlier,Soudal Quick-Step,,,",,",1692,16291
16,154,finished,152,14658,27,Classic,32,BE,Van Lerberghe Bert,https://www.procyclingstats.com/rider/bert-van-lerberghe,Soudal Quick-Step,,,",,",1692,16291
16,155,finished,154,14710,204,Classic,36,CA,Boivin Guillaume,https://www.procyclingstats.com/rider/guillaume-boivin,Israel - Premier Tech,,,",,",1692,16291
16,156,finished,62,8241,225,Classic,30,NO,Hoelgaard Markus,https://www.procyclingstats.com/rider/markus-hoelgaard,Uno-X Mobility,,,28:16,1696,16295
16,157,finished,149,14608,81,Sprint,24,IT,Milan Jonathan,https://www.procyclingstats.com/rider/jonathan-milan,Lidl - Trek,,,",,",1696,16295
16,158,finished,134,13698,41,Classic,25,ER,Girmay Biniam,https://www.procyclingstats.com/rider/biniam-girmay,Intermarché - Wanty,,,",,",1696,16295
16,159,finished,165,15469,73,Classic,27,BE,Meeus Jordi,https://www.procyclingstats.com/rider/jordi-meeus,Red Bull - BORA - hansgrohe,,,28:23,1703,16302
16,160,finished,159,14985,172,Classic,30,IT,Ballerini Davide,https://www.procyclingstats.com/rider/davide-ballerini,XDS Astana Team,,,29:09,1749,16348
16,161,finished,164,15355,82,Classic,30,IT,Consonni Simone,https://www.procyclingstats.com/rider/simone-consonni,Lidl - Trek,,,",,",1749,16348
16,162,finished,141,14116,211,Classic,23,BE,De Lie Arnaud,https://www.procyclingstats.com/rider/arnaud-de-lie,Lotto,,,",,",1749,16348
16,163,finished,151,14649,124,Sprint,32,NL,Groenewegen Dylan,https://www.procyclingstats.com/rider/dylan-groenewegen,Team Jayco AlUla,,,29:46,1786,16385
16,164,finished,158,14898,134,Classic,33,FR,Démare Arnaud,https://www.procyclingstats.com/rider/arnaud-demare,Arkéa - B&B Hotels,,,31:33,1893,16492
16,165,finished,65,8569,184,GC,24,FR,Gachignard Thomas,https://www.procyclingstats.com/rider/thomas-gachignard,TotalEnergies,,,32:05,1925,16524
16,,DNS,,,106,Classic,30,NL,van der Poel Mathieu,https://www.procyclingstats.com/rider/mathieu-van-der-poel,Alpecin - Deceuninck,,,,,
17,1,finished,148,14598,81,Sprint,24,IT,Milan Jonathan,https://www.procyclingstats.com/rider/jonathan-milan,Lidl - Trek,210.0,100.0,3:25:30,0,12330
17,2,finished,164,15463,73,Classic,27,BE,Meeus Jordi,https://www.procyclingstats.com/rider/jordi-meeus,Red Bull - BORA - hansgrohe,150.0,70.0,",,",0,12330
17,3,finished,98,10663,195,Classic,22,DK,Andresen Tobias Lund,https://www.procyclingstats.com/rider/tobias-lund-andresen,Team Picnic PostNL,110.0,50.0,",,",0,12330
17,4,finished,140,14116,211,Classic,23,BE,De Lie Arnaud,https://www.procyclingstats.com/rider/arnaud-de-lie,Lotto,90.0,40.0,",,",0,12330
17,5,finished,157,14985,172,Classic,30,IT,Ballerini Davide,https://www.procyclingstats.com/rider/davide-ballerini,XDS Astana Team,70.0,32.0,",,",0,12330
17,6,finished,119,12649,112,Sprint,27,IT,Dainese Alberto,https://www.procyclingstats.com/rider/alberto-dainese,Tudor Pro Cycling Team,55.0,26.0,",,",0,12330
17,7,finished,114,12161,97,Classic,23,FR,Penhoët Paul,https://www.procyclingstats.com/rider/paul-penhoet,Groupama - FDJ,45.0,22.0,",,",0,12330
17,8,finished,160,15187,175,Classic,25,KZ,Fedorov Yevgeniy,https://www.procyclingstats.com/rider/yevgeniy-fedorov,XDS Astana Team,40.0,18.0,",,",0,12330
17,9,finished,93,10398,98,Classic,30,FR,Russo Clément,https://www.procyclingstats.com/rider/clement-russo,Groupama - FDJ,35.0,14.0,",,",0,12330
17,10,finished,62,8493,87,Classic,33,BE,Stuyven Jasper,https://www.procyclingstats.com/rider/jasper-stuyven,Lidl - Trek,30.0,10.0,",,",0,12330
17,11,finished,81,9644,218,Classic,27,BE,Van Moer Brent,https://www.procyclingstats.com/rider/brent-van-moer,Lotto,25.0,8.0,",,",0,12330
17,12,finished,154,14816,52,Sprint,31,DE,Bauhaus Phil,https://www.procyclingstats.com/rider/phil-bauhaus,Bahrain - Victorious,20.0,6.0,",,",0,12330
17,13,finished,138,14001,214,GC,26,AU,Drizners Jarrad,https://www.procyclingstats.com/rider/jarrad-drizners,Lotto,15.0,4.0,",,",0,12330
17,14,finished,149,14649,124,Sprint,32,NL,Groenewegen Dylan,https://www.procyclingstats.com/rider/dylan-groenewegen,Team Jayco AlUla,10.0,2.0,",,",0,12330
17,15,finished,84,10010,177,Classic,32,NL,Teunissen Mike,https://www.procyclingstats.com/rider/mike-teunissen,XDS Astana Team,5.0,1.0,",,",0,12330
17,16,finished,147,14513,165,Classic,26,FR,Renard Alexis,https://www.procyclingstats.com/rider/alexis-renard,Cofidis,,,",,",0,12330
17,17,finished,144,14455,43,Classic,24,BE,Braet Vito,https://www.procyclingstats.com/rider/vito-braet,Intermarché - Wanty,,,",,",0,12330
17,18,finished,43,6929,138,Classic,31,FR,Venturini Clément,https://www.procyclingstats.com/rider/clement-venturini,Arkéa - B&B Hotels,,,",,",0,12330
17,19,finished,124,13103,76,Classic,25,NL,van Dijke Mick,https://www.procyclingstats.com/rider/mick-van-dijke,Red Bull - BORA - hansgrohe,,,",,",0,12330
17,20,finished,101,10784,103,Hills,26,AU,Groves Kaden,https://www.procyclingstats.com/rider/kaden-groves,Alpecin - Deceuninck,,,",,",0,12330
17,21,finished,89,10195,158,Classic,23,FR,Tronchon Bastien,https://www.procyclingstats.com/rider/bastien-tronchon,Decathlon AG2R La Mondiale Team,,,",,",0,12330
17,22,finished,159,15153,88,Classic,34,BE,Theuns Edward,https://www.procyclingstats.com/rider/edward-theuns,Lidl - Trek,,,",,",0,12330
17,23,finished,8,1021,221,Climber,25,NO,Johannessen Tobias Halland,https://www.procyclingstats.com/rider/tobias-halland-johannessen,Uno-X Mobility,,,",,",0,12330
17,24,finished,100,10760,58,Hills,26,GB,Wright Fred,https://www.procyclingstats.com/rider/alfred-wright,Bahrain - Victorious,,,",,",0,12330
17,25,finished,151,14676,24,Sprint,32,BE,Merlier Tim,https://www.procyclingstats.com/rider/tim-merlier,Soudal Quick-Step,,,",,",0,12330
17,26,finished,99,10744,105,Classic,31,BE,Rickaert Jonas,https://www.procyclingstats.com/rider/jonas-rickaert,Alpecin - Deceuninck,,,",,",0,12330
17,27,finished,1,0,1,Climber,26,SI,Pogačar Tadej,https://www.procyclingstats.com/rider/tadej-pogacar,UAE Team Emirates - XRG,,,",,",0,12330
17,28,finished,82,9693,155,Classic,34,BE,Naesen Oliver,https://www.procyclingstats.com/rider/oliver-naesen,Decathlon AG2R La Mondiale Team,,,",,",0,12330
17,29,finished,7,890,151,Climber,27,AT,Gall Felix,https://www.procyclingstats.com/rider/felix-gall,Decathlon AG2R La Mondiale Team,,,",,",0,12330
17,30,finished,47,7195,13,Classic,31,BE,Benoot Tiesj,https://www.procyclingstats.com/rider/tiesj-benoot,Team Visma | Lease a Bike,,,",,",0,12330
17,31,finished,4,664,191,GC,22,GB,Onley Oscar,https://www.procyclingstats.com/rider/oscar-onley,Team Picnic PostNL,,,",,",0,12330
17,32,finished,57,7931,65,Hills,24,FR,Laurance Axel,https://www.procyclingstats.com/rider/axel-laurance,INEOS Grenadiers,,,",,",0,12330
17,33,finished,34,5573,156,GC,29,FR,Paret-Peintre Aurélien,https://www.procyclingstats.com/rider/aurelien-paret-peintre,Decathlon AG2R La Mondiale Team,,,",,",0,12330
17,34,finished,2,255,11,GC,28,DK,Vingegaard Jonas,https://www.procyclingstats.com/rider/jonas-vingegaard,Team Visma | Lease a Bike,,,",,",0,12330
17,35,finished,127,13315,68,Hills,23,GB,Watson Samuel,https://www.procyclingstats.com/rider/samuel-watson,INEOS Grenadiers,,,",,",0,12330
17,36,finished,118,12621,12,TT,29,IT,Affini Edoardo,https://www.procyclingstats.com/rider/edoardo-affini,Team Visma | Lease a Bike,,,",,",0,12330
17,37,finished,9,1072,31,Climber,24,IE,Healy Ben,https://www.procyclingstats.com/rider/ben-healy,EF Education - EasyPost,,,",,",0,12330
17,38,finished,3,543,72,GC,24,DE,Lipowitz Florian,https://www.procyclingstats.com/rider/florian-lipowitz,Red Bull - BORA - hansgrohe,,,",,",0,12330
17,39,finished,45,7112,23,Classic,28,NL,Eenkhoorn Pascal,https://www.procyclingstats.com/rider/pascal-eenkhoorn,Soudal Quick-Step,,,",,",0,12330
17,40,finished,122,12754,57,Hills,26,AU,Stannard Robert,https://www.procyclingstats.com/rider/robert-stannard,Bahrain - Victorious,,,",,",0,12330
17,41,finished,11,1390,186,Climber,26,FR,Jegat Jordan,https://www.procyclingstats.com/rider/jordan-jegat,TotalEnergies,,,",,",0,12330
17,42,finished,24,4297,146,GC,31,AT,Mühlberger Gregor,https://www.procyclingstats.com/rider/gregor-muhlberger,Movistar Team,,,",,",0,12330
17,43,finished,150,14658,27,Classic,32,BE,Van Lerberghe Bert,https://www.procyclingstats.com/rider/bert-van-lerberghe,Soudal Quick-Step,,,",,",0,12330
17,44,finished,22,4010,192,Climber,33,FR,Barguil Warren,https://www.procyclingstats.com/rider/warren-barguil,Team Picnic PostNL,,,",,",0,12330
17,45,finished,91,10274,75,Classic,23,NZ,Pithie Laurence,https://www.procyclingstats.com/rider/laurence-pithie,Red Bull - BORA - hansgrohe,,,",,",0,12330
17,46,finished,6,800,131,GC,24,FR,Vauquelin Kévin,https://www.procyclingstats.com/rider/kevin-vauquelin,Arkéa - B&B Hotels,,,",,",0,12330
17,47,finished,17,3204,137,GC,30,ES,Rodríguez Cristián,https://www.procyclingstats.com/rider/cristian-rodriguez,Arkéa - B&B Hotels,,,",,",0,12330
17,48,finished,137,13949,188,Hills,24,FR,Vercher Mattéo,https://www.procyclingstats.com/rider/matheo-vercher,TotalEnergies,,,",,",0,12330
17,49,finished,58,8016,183,Classic,27,FR,Delettre Alexandre,https://www.procyclingstats.com/rider/alexandre-delettre,TotalEnergies,,,",,",0,12330
17,50,finished,115,12183,187,Classic,31,FR,Turgis Anthony,https://www.procyclingstats.com/rider/anthony-turgis,TotalEnergies,,,",,",0,12330
17,51,finished,65,8569,184,GC,24,FR,Gachignard Thomas,https://www.procyclingstats.com/rider/thomas-gachignard,TotalEnergies,,,",,",0,12330
17,52,finished,103,10969,107,Classic,32,BE,Vermeersch Gianni,https://www.procyclingstats.com/rider/gianni-vermeersch,Alpecin - Deceuninck,,,",,",0,12330
17,53,finished,71,9117,174,Climber,27,FR,Champoussin Clément,https://www.procyclingstats.com/rider/clement-champoussin,XDS Astana Team,,,",,",0,12330
17,54,finished,41,6770,7,GC,34,BE,Wellens Tim,https://www.procyclingstats.com/rider/tim-wellens,UAE Team Emirates - XRG,,,",,",0,12330
17,55,finished,77,9443,5,GC,28,FR,Sivakov Pavel,https://www.procyclingstats.com/rider/pavel-sivakov,UAE Team Emirates - XRG,,,",,",0,12330
17,56,finished,86,10057,4,Classic,31,DE,Politt Nils,https://www.procyclingstats.com/rider/nils-politt,UAE Team Emirates - XRG,,,",,",0,12330
17,57,finished,35,6042,153,Climber,27,FR,Berthet Clément,https://www.procyclingstats.com/rider/clement-berthet,Decathlon AG2R La Mondiale Team,,,",,",0,12330
17,58,finished,141,14171,127,Classic,33,NL,Reinders Elmar,https://www.procyclingstats.com/rider/elmar-reinders,Team Jayco AlUla,,,",,",0,12330
17,59,finished,13,2114,91,Climber,32,FR,Martin Guillaume,https://www.procyclingstats.com/rider/guillaume-martin,Groupama - FDJ,,,",,",0,12330
17,60,finished,12,1868,121,GC,29,AU,O'Connor Ben,https://www.procyclingstats.com/rider/ben-o-connor,Team Jayco AlUla,,,",,",0,12330
17,61,finished,26,4681,104,GC,33,BE,Meurisse Xandro,https://www.procyclingstats.com/rider/xandro-meurisse,Alpecin - Deceuninck,,,",,",0,12330
17,62,finished,134,13746,102,Classic,34,CH,Dillier Silvan,https://www.procyclingstats.com/rider/silvan-dillier,Alpecin - Deceuninck,,,",,",0,12330
17,63,finished,90,10246,33,TT,30,DK,Asgreen Kasper,https://www.procyclingstats.com/rider/kasper-asgreen,EF Education - EasyPost,,,",,",0,12330
17,64,finished,73,9198,212,Classic,24,BE,Berckmoes Jenno,https://www.procyclingstats.com/rider/jenno-berckmoes,Lotto,,,",,",0,12330
17,65,finished,146,14496,215,Classic,26,BE,Grignard Sébastien,https://www.procyclingstats.com/rider/sebastien-grignard,Lotto,,,",,",0,12330
17,66,finished,19,3297,176,Climber,27,CO,Higuita Sergio,https://www.procyclingstats.com/rider/sergio-higuita,XDS Astana Team,,,",,",0,12330
17,67,finished,15,2879,16,Climber,30,US,Kuss Sepp,https://www.procyclingstats.com/rider/sepp-kuss,Team Visma | Lease a Bike,,,",,",0,12330
17,68,finished,70,9099,136,Hills,24,FR,Le Berre Mathis,https://www.procyclingstats.com/rider/mathis-le-berre,Arkéa - B&B Hotels,,,",,",0,12330
17,69,finished,96,10488,168,Classic,29,FR,Touzé Damien,https://www.procyclingstats.com/rider/damien-touze,Cofidis,,,",,",0,12330
17,70,finished,153,14811,125,Hills,37,SI,Mezgec Luka,https://www.procyclingstats.com/rider/luka-mezgec,Team Jayco AlUla,,,",,",0,12330
17,71,finished,16,3124,3,Hills,28,EC,Narváez Jhonatan,https://www.procyclingstats.com/rider/jhonatan-narvaez,UAE Team Emirates - XRG,,,",,",0,12330
17,72,finished,94,10422,166,GC,33,BE,Teuns Dylan,https://www.procyclingstats.com/rider/dylan-teuns,Cofidis,,,",,",0,12330
17,73,finished,117,12563,145,Classic,29,ES,García Cortina Iván,https://www.procyclingstats.com/rider/ivan-garcia-cortina,Movistar Team,,,",,",0,12330
17,74,finished,105,11164,74,Classic,31,IT,Moscon Gianni,https://www.procyclingstats.com/rider/gianni-moscon,Red Bull - BORA - hansgrohe,,,",,",0,12330
17,75,finished,155,14898,134,Classic,33,FR,Démare Arnaud,https://www.procyclingstats.com/rider/arnaud-demare,Arkéa - B&B Hotels,,,",,",0,12330
17,76,finished,33,5515,135,Climber,24,ES,García Pierna Raúl,https://www.procyclingstats.com/rider/raul-garcia-pierna,Arkéa - B&B Hotels,,,",,",0,12330
17,77,finished,135,13851,132,Classic,32,BE,Capiot Amaury,https://www.procyclingstats.com/rider/amaury-capiot,Arkéa - B&B Hotels,,,",,",0,12330
17,78,finished,120,12692,216,GC,34,AR,Sepúlveda Eduardo,https://www.procyclingstats.com/rider/eduardo-sepulveda,Lotto,,,",,",0,12330
17,79,finished,158,15058,53,TT,34,PL,Gradek Kamil,https://www.procyclingstats.com/rider/kamil-gradek,Bahrain - Victorious,,,",,",0,12330
17,80,finished,28,5066,161,GC,32,DE,Buchmann Emanuel,https://www.procyclingstats.com/rider/emanuel-buchmann,Cofidis,,,",,",0,12330
17,81,finished,50,7527,182,Hills,26,FR,Burgaudeau Mathieu,https://www.procyclingstats.com/rider/mathieu-burgaudeau,TotalEnergies,,,",,",0,12330
17,82,finished,48,7297,34,Climber,24,FR,Baudin Alex,https://www.procyclingstats.com/rider/alex-baudin,EF Education - EasyPost,,,",,",0,12330
17,83,finished,39,6729,36,GC,27,AU,Sweeny Harry,https://www.procyclingstats.com/rider/harry-sweeny,EF Education - EasyPost,,,",,",0,12330
17,84,finished,83,9837,116,Hills,24,DE,Mayrhofer Marius,https://www.procyclingstats.com/rider/marius-mayrhofer,Tudor Pro Cycling Team,,,",,",0,12330
17,85,finished,40,6762,178,Classic,29,IT,Velasco Simone,https://www.procyclingstats.com/rider/simone-velasco,XDS Astana Team,,,",,",0,12330
17,86,finished,21,3807,95,Classic,29,FR,Madouas Valentin,https://www.procyclingstats.com/rider/valentin-madouas,Groupama - FDJ,,,",,",0,12330
17,87,finished,32,5491,94,Classic,22,FR,Grégoire Romain,https://www.procyclingstats.com/rider/romain-gregoire,Groupama - FDJ,,,",,",0,12330
17,88,finished,72,9117,37,Classic,33,DK,Valgren Michael,https://www.procyclingstats.com/rider/michael-valgren-andersen,EF Education - EasyPost,,,",,",0,12330
17,89,finished,130,13593,193,Sprint,22,CZ,Bittner Pavel,https://www.procyclingstats.com/rider/pavel-bittner,Team Picnic PostNL,,,",,",0,12330
17,90,finished,128,13387,197,GC,26,NL,Naberman Tim,https://www.procyclingstats.com/rider/tim-naberman,Team Picnic PostNL,,,",,",0,12330
17,91,finished,132,13642,194,GC,25,GB,Flynn Sean,https://www.procyclingstats.com/rider/sean-flynn,Team Picnic PostNL,,,",,",0,12330
17,92,finished,110,11804,196,Sprint,26,DE,Märkl Niklas,https://www.procyclingstats.com/rider/niklas-markl,Team Picnic PostNL,,,",,",0,12330
17,93,finished,55,7807,198,GC,24,NL,van den Broek Frank,https://www.procyclingstats.com/rider/frank-van-den-broek,Team Picnic PostNL,,,",,",0,12330
17,94,finished,163,15355,82,Classic,30,IT,Consonni Simone,https://www.procyclingstats.com/rider/simone-consonni,Lidl - Trek,,,",,",0,12330
17,95,finished,20,3455,15,GC,26,US,Jorgenson Matteo,https://www.procyclingstats.com/rider/matteo-jorgenson,Team Visma | Lease a Bike,,,",,",0,12330
17,96,finished,31,5447,14,TT,33,BE,Campenaerts Victor,https://www.procyclingstats.com/rider/victor-campenaerts,Team Visma | Lease a Bike,,,",,",0,12330
17,97,finished,5,702,71,Climber,35,SI,Roglič Primož,https://www.procyclingstats.com/rider/primoz-roglic,Red Bull - BORA - hansgrohe,,,",,",0,12330
17,98,finished,102,10824,226,GC,25,NO,Johannessen Anders Halland,https://www.procyclingstats.com/rider/anders-halland-johannessen,Uno-X Mobility,,,",,",0,12330
17,99,finished,64,8518,108,Climber,23,BE,Verstrynge Emiel,https://www.procyclingstats.com/rider/emiel-verstrynge,Alpecin - Deceuninck,,,",,",0,12330
17,100,finished,136,13886,123,TT,34,AU,Durbridge Luke,https://www.procyclingstats.com/rider/luke-durbridge,Team Jayco AlUla,,,",,",0,12330
17,101,finished,30,5318,78,Climber,29,RU,Vlasov Aleksandr,https://www.procyclingstats.com/rider/aleksandr-vlasov,Red Bull - BORA - hansgrohe,,,",,",0,12330
17,102,finished,74,9232,162,Classic,29,ES,Aranburu Alex,https://www.procyclingstats.com/rider/alex-aranburu,Cofidis,,,",,",0,12330
17,103,finished,104,10999,142,TT,29,US,Barta Will,https://www.procyclingstats.com/rider/william-barta,Movistar Team,,,",,",0,12330
17,104,finished,95,10429,114,Classic,26,CH,Hirschi Marc,https://www.procyclingstats.com/rider/marc-hirschi,Tudor Pro Cycling Team,,,",,",0,12330
17,105,finished,162,15236,115,Classic,31,CH,Lienhard Fabian,https://www.procyclingstats.com/rider/fabian-lienhard,Tudor Pro Cycling Team,,,",,",0,12330
17,106,finished,18,3224,141,Climber,30,ES,Mas Enric,https://www.procyclingstats.com/rider/enric-mas,Movistar Team,,,",,",0,12330
17,107,finished,87,10094,113,Classic,34,AT,Haller Marco,https://www.procyclingstats.com/rider/marco-haller,Tudor Pro Cycling Team,,,",,",0,12330
17,108,finished,75,9299,164,GC,36,ES,Izagirre Ion,https://www.procyclingstats.com/rider/ion-izagirre,Cofidis,,,",,",0,12330
17,109,finished,68,8945,144,TT,36,PT,Oliveira Nelson,https://www.procyclingstats.com/rider/nelson-oliveira,Movistar Team,,,",,",0,12330
17,110,finished,23,4020,18,Climber,32,GB,Yates Simon,https://www.procyclingstats.com/rider/simon-yates,Team Visma | Lease a Bike,,,",,",0,12330
17,111,finished,107,11334,118,Classic,35,IT,Trentin Matteo,https://www.procyclingstats.com/rider/matteo-trentin,Tudor Pro Cycling Team,,,",,",0,12330
17,112,finished,38,6680,111,Classic,33,FR,Alaphilippe Julian,https://www.procyclingstats.com/rider/julian-alaphilippe,Tudor Pro Cycling Team,,,",,",0,12330
17,113,finished,54,7801,35,Classic,28,US,Powless Neilson,https://www.procyclingstats.com/rider/neilson-powless,EF Education - EasyPost,,,",,",0,12330
17,114,finished,59,8241,225,Classic,30,NO,Hoelgaard Markus,https://www.procyclingstats.com/rider/markus-hoelgaard,Uno-X Mobility,,,",,",0,12330
17,115,finished,80,9506,222,Classic,29,NO,Abrahamsen Jonas,https://www.procyclingstats.com/rider/jonas-abrahamsen,Uno-X Mobility,,,",,",0,12330
17,116,finished,36,6296,6,Climber,31,ES,Soler Marc,https://www.procyclingstats.com/rider/marc-soler,UAE Team Emirates - XRG,,,",,",0,12330
17,117,finished,46,7139,51,Climber,25,CO,Buitrago Santiago,https://www.procyclingstats.com/rider/santiago-buitrago-sanchez,Bahrain - Victorious,,,",,",0,12330
17,118,finished,56,7918,148,Climber,27,CO,Rubio Einer,https://www.procyclingstats.com/rider/einer-rubio,Movistar Team,,,",,",0,12330
17,119,finished,29,5127,28,GC,25,BE,Van Wilder Ilan,https://www.procyclingstats.com/rider/ilan-van-wilder,Soudal Quick-Step,,,",,",0,12330
17,120,finished,27,5025,157,GC,28,AU,Scotson Callum,https://www.procyclingstats.com/rider/callum-scotson,Decathlon AG2R La Mondiale Team,,,",,",0,12330
17,121,finished,76,9383,206,GC,32,KZ,Lutsenko Alexey,https://www.procyclingstats.com/rider/aleksey-lutsenko,Israel - Premier Tech,,,",,",0,12330
17,122,finished,121,12738,208,Hills,25,GB,Stewart Jake,https://www.procyclingstats.com/rider/jake-stewart,Israel - Premier Tech,,,",,",0,12330
17,123,finished,129,13495,223,Hills,32,DK,Cort Magnus,https://www.procyclingstats.com/rider/magnus-cort-nielsen,Uno-X Mobility,,,",,",0,12330
17,124,finished,112,11856,67,Classic,29,GB,Swift Connor,https://www.procyclingstats.com/rider/connor-swift,INEOS Grenadiers,,,",,",0,12330
17,125,finished,49,7526,61,GC,39,GB,Thomas Geraint,https://www.procyclingstats.com/rider/geraint-thomas,INEOS Grenadiers,,,",,",0,12330
17,126,finished,152,14710,204,Classic,36,CA,Boivin Guillaume,https://www.procyclingstats.com/rider/guillaume-boivin,Israel - Premier Tech,,,",,",0,12330
17,127,finished,79,9492,207,Classic,30,LV,Neilands Krists,https://www.procyclingstats.com/rider/krists-neilands,Israel - Premier Tech,,,",,",0,12330
17,128,finished,106,11214,205,Classic,26,FR,Louvel Matis,https://www.procyclingstats.com/rider/matis-louvel,Israel - Premier Tech,,,",,",0,12330
17,129,finished,125,13218,202,Sprint,31,DE,Ackermann Pascal,https://www.procyclingstats.com/rider/pascal-ackermann,Israel - Premier Tech,,,",,",0,12330
17,130,finished,42,6911,203,GC,22,GB,Blackmore Joseph,https://www.procyclingstats.com/rider/joseph-blackmore,Israel - Premier Tech,,,",,",0,12330
17,131,finished,37,6508,96,Hills,33,FR,Pacher Quentin,https://www.procyclingstats.com/rider/quentin-pacher,Groupama - FDJ,,,3:15,195,12525
17,132,finished,85,10046,63,TT,28,NO,Foss Tobias,https://www.procyclingstats.com/rider/tobias-foss,INEOS Grenadiers,,,*0:00,0,12330
17,133,finished,111,11817,32,Hills,28,IT,Albanese Vincenzo,https://www.procyclingstats.com/rider/vincenzo-albanese,EF Education - EasyPost,,,3:22,202,12532
17,134,finished,14,2660,62,GC,25,NL,Arensman Thymen,https://www.procyclingstats.com/rider/thymen-arensman,INEOS Grenadiers,,,*0:00,0,12330
17,135,finished,10,1245,66,GC,24,ES,Rodríguez Carlos,https://www.procyclingstats.com/rider/carlos-rodriguez-cano,INEOS Grenadiers,,,"*,,",0,12330
17,136,finished,25,4676,8,Climber,32,GB,Yates Adam,https://www.procyclingstats.com/rider/adam-yates,UAE Team Emirates - XRG,,,3:22,202,12532
17,137,finished,60,8272,152,TT,31,FR,Armirail Bruno,https://www.procyclingstats.com/rider/bruno-armirail,Decathlon AG2R La Mondiale Team,,,3:35,215,12545
17,138,finished,66,8839,17,Classic,30,BE,van Aert Wout,https://www.procyclingstats.com/rider/wout-van-aert,Team Visma | Lease a Bike,,,",,",215,12545
17,139,finished,53,7664,201,Climber,38,CA,Woods Michael,https://www.procyclingstats.com/rider/michael-woods,Israel - Premier Tech,,,",,",215,12545
17,140,finished,67,8869,133,GC,22,FR,Costiou Ewen,https://www.procyclingstats.com/rider/ewen-costiou,Arkéa - B&B Hotels,,,",,",215,12545
17,141,finished,145,14462,224,Sprint,22,NO,Edvardsen-Fredheim Stian,https://www.procyclingstats.com/rider/stian-fredheim,Uno-X Mobility,,,*0:00,0,12330
17,142,finished,61,8406,227,GC,26,NO,Leknessund Andreas,https://www.procyclingstats.com/rider/andreas-leknessund,Uno-X Mobility,,,3:40,220,12550
17,143,finished,108,11351,128,Hills,25,CH,Schmid Mauro,https://www.procyclingstats.com/rider/mauro-schmid,Team Jayco AlUla,,,",,",220,12550
17,144,finished,131,13595,46,Classic,27,DE,Rutsch Jonas,https://www.procyclingstats.com/rider/jonas-rutsch,Intermarché - Wanty,,,*0:00,0,12330
17,145,finished,143,14331,44,Classic,23,FR,Page Hugo,https://www.procyclingstats.com/rider/hugo-page,Intermarché - Wanty,,,"*,,",0,12330
17,146,finished,142,14303,45,Classic,25,BE,Rex Laurenz,https://www.procyclingstats.com/rider/laurenz-rex,Intermarché - Wanty,,,"*,,",0,12330
17,147,finished,52,7628,84,Hills,24,US,Simmons Quinn,https://www.procyclingstats.com/rider/quinn-simmons,Lidl - Trek,,,4:45,285,12615
17,148,finished,116,12287,83,Hills,22,BE,Nys Thibau,https://www.procyclingstats.com/rider/thibau-nys,Lidl - Trek,,,",,",285,12615
17,149,finished,92,10398,86,Classic,34,LV,Skujiņš Toms,https://www.procyclingstats.com/rider/toms-skujins,Lidl - Trek,,,",,",285,12615
17,150,finished,123,12915,56,Classic,30,SI,Mohorič Matej,https://www.procyclingstats.com/rider/matej-mohoric,Bahrain - Victorious,,,",,",285,12615
17,151,finished,109,11390,147,GC,21,ES,Romeo Iván,https://www.procyclingstats.com/rider/ivan-romeo,Movistar Team,,,",,",285,12615
17,152,finished,139,14103,92,Classic,24,GB,Askey Lewis,https://www.procyclingstats.com/rider/lewis-askey,Groupama - FDJ,,,*0:00,0,12330
17,153,finished,97,10650,55,Climber,22,FR,Martinez Lenny,https://www.procyclingstats.com/rider/lenny-martinez,Bahrain - Victorious,,,4:45,285,12615
17,154,finished,63,8510,117,Climber,28,AU,Storer Michael,https://www.procyclingstats.com/rider/michael-storer,Tudor Pro Cycling Team,,,",,",285,12615
17,155,finished,113,11932,143,Climber,24,ES,Castrillo Pablo,https://www.procyclingstats.com/rider/pablo-castrillo-zapater,Movistar Team,,,",,",285,12615
17,156,finished,44,7099,171,Climber,28,CO,Tejada Harold,https://www.procyclingstats.com/rider/harold-tejada,XDS Astana Team,,,",,",285,12615
17,157,finished,69,9042,26,GC,31,DE,Schachmann Maximilian,https://www.procyclingstats.com/rider/maximilian-schachmann,Soudal Quick-Step,,,4:57,297,12627
17,158,finished,51,7597,25,Climber,24,FR,Paret-Peintre Valentin,https://www.procyclingstats.com/rider/valentin-paret-peintre,Soudal Quick-Step,,,",,",297,12627
17,159,finished,156,14922,167,TT,29,FR,Thomas Benjamin,https://www.procyclingstats.com/rider/benjamin-thomas-2,Cofidis,,,",,",297,12627
17,160,finished,126,13296,126,GC,24,AU,Plapp Luke,https://www.procyclingstats.com/rider/luke-plapp,Team Jayco AlUla,,,5:16,316,12646
17,161,finished,133,13698,41,Classic,25,ER,Girmay Biniam,https://www.procyclingstats.com/rider/biniam-girmay,Intermarché - Wanty,,,*0:00,0,12330
17,162,finished,161,15198,47,GC,24,NL,van Sintmaartensdijk Roel,https://www.procyclingstats.com/rider/roel-van-sintmaartensdijk,Intermarché - Wanty,,,5:24,324,12654
17,163,finished,88,10120,42,Classic,25,FR,Barré Louis,https://www.procyclingstats.com/rider/louis-barre,Intermarché - Wanty,,,",,",324,12654
17,164,finished,78,9484,93,Hills,29,FR,Barthe Cyril,https://www.procyclingstats.com/rider/cyril-barthe,Groupama - FDJ,,,*0:00,0,12330
17,,DNS,,,77,Sprint,31,NL,van Poppel Danny,https://www.procyclingstats.com/rider/danny-van-poppel,Red Bull - BORA - hansgrohe,,,,,
18,1,finished,10,1759,121,GC,29,AU,O'Connor Ben,https://www.procyclingstats.com/rider/ben-o-connor,Team Jayco AlUla,210.0,100.0,5:03:47,0,18227
18,2,finished,1,0,1,Climber,26,SI,Pogačar Tadej,https://www.procyclingstats.com/rider/tadej-pogacar,UAE Team Emirates - XRG,150.0,70.0,1:45,105,18332
18,3,finished,2,266,11,GC,28,DK,Vingegaard Jonas,https://www.procyclingstats.com/rider/jonas-vingegaard,Team Visma | Lease a Bike,110.0,50.0,1:54,114,18341
18,4,finished,4,683,191,GC,22,GB,Onley Oscar,https://www.procyclingstats.com/rider/oscar-onley,Team Picnic PostNL,90.0,40.0,1:58,118,18345
18,5,finished,36,7939,148,Climber,27,CO,Rubio Einer,https://www.procyclingstats.com/rider/einer-rubio,Movistar Team,70.0,32.0,2:00,120,18347
18,6,finished,6,936,151,Climber,27,AT,Gall Felix,https://www.procyclingstats.com/rider/felix-gall,Decathlon AG2R La Mondiale Team,55.0,26.0,2:25,145,18372
18,7,finished,5,769,71,Climber,35,SI,Roglič Primož,https://www.procyclingstats.com/rider/primoz-roglic,Red Bull - BORA - hansgrohe,45.0,22.0,2:46,166,18393
18,8,finished,20,4760,8,Climber,32,GB,Yates Adam,https://www.procyclingstats.com/rider/adam-yates,UAE Team Emirates - XRG,40.0,18.0,3:03,183,18410
18,9,finished,8,1111,221,Climber,25,NO,Johannessen Tobias Halland,https://www.procyclingstats.com/rider/tobias-halland-johannessen,Uno-X Mobility,35.0,14.0,3:09,189,18416
18,10,finished,12,2986,16,Climber,30,US,Kuss Sepp,https://www.procyclingstats.com/rider/sepp-kuss,Team Visma | Lease a Bike,30.0,10.0,3:26,206,18433
18,11,finished,3,661,72,GC,24,DE,Lipowitz Florian,https://www.procyclingstats.com/rider/florian-lipowitz,Red Bull - BORA - hansgrohe,25.0,8.0,3:37,217,18444
18,12,finished,7,975,131,GC,24,FR,Vauquelin Kévin,https://www.procyclingstats.com/rider/kevin-vauquelin,Arkéa - B&B Hotels,20.0,6.0,4:34,274,18501
18,13,finished,14,3482,3,Hills,28,EC,Narváez Jhonatan,https://www.procyclingstats.com/rider/jhonatan-narvaez,UAE Team Emirates - XRG,15.0,4.0,7:37,457,18684
18,14,finished,15,3691,176,Climber,27,CO,Higuita Sergio,https://www.procyclingstats.com/rider/sergio-higuita,XDS Astana Team,10.0,2.0,8:13,493,18720
18,15,finished,41,8904,117,Climber,28,AU,Storer Michael,https://www.procyclingstats.com/rider/michael-storer,Tudor Pro Cycling Team,5.0,1.0,",,",493,18720
18,16,finished,18,4414,18,Climber,32,GB,Yates Simon,https://www.procyclingstats.com/rider/simon-yates,Team Visma | Lease a Bike,,,",,",493,18720
18,17,finished,9,1541,31,Climber,24,IE,Healy Ben,https://www.procyclingstats.com/rider/ben-healy,EF Education - EasyPost,,,9:28,568,18795
18,18,finished,32,7628,51,Climber,25,CO,Buitrago Santiago,https://www.procyclingstats.com/rider/santiago-buitrago-sanchez,Bahrain - Victorious,,,9:48,588,18815
18,19,finished,13,3169,62,GC,25,NL,Arensman Thymen,https://www.procyclingstats.com/rider/thymen-arensman,INEOS Grenadiers,,,10:08,608,18835
18,20,finished,11,1971,186,Climber,26,FR,Jegat Jordan,https://www.procyclingstats.com/rider/jordan-jegat,TotalEnergies,,,11:20,680,18907
18,21,finished,24,5301,104,GC,33,BE,Meurisse Xandro,https://www.procyclingstats.com/rider/xandro-meurisse,Alpecin - Deceuninck,,,11:59,719,18946
18,22,finished,23,4917,146,GC,31,AT,Mühlberger Gregor,https://www.procyclingstats.com/rider/gregor-muhlberger,Movistar Team,,,",,",719,18946
18,23,finished,21,4769,192,Climber,33,FR,Barguil Warren,https://www.procyclingstats.com/rider/warren-barguil,Team Picnic PostNL,,,14:18,858,19085
18,24,finished,19,4579,95,Classic,29,FR,Madouas Valentin,https://www.procyclingstats.com/rider/valentin-madouas,Groupama - FDJ,,,14:31,871,19098
18,25,finished,17,4381,15,GC,26,US,Jorgenson Matteo,https://www.procyclingstats.com/rider/matteo-jorgenson,Team Visma | Lease a Bike,,,17:05,1025,19252
18,26,finished,25,6501,78,Climber,29,RU,Vlasov Aleksandr,https://www.procyclingstats.com/rider/aleksandr-vlasov,Red Bull - BORA - hansgrohe,,,21:22,1282,19509
18,27,finished,31,7613,6,Climber,31,ES,Soler Marc,https://www.procyclingstats.com/rider/marc-soler,UAE Team Emirates - XRG,,,23:36,1416,19643
18,28,finished,39,8855,34,Climber,24,FR,Baudin Alex,https://www.procyclingstats.com/rider/alex-baudin,EF Education - EasyPost,,,27:37,1657,19884
18,29,finished,55,9830,152,TT,31,FR,Armirail Bruno,https://www.procyclingstats.com/rider/bruno-armirail,Decathlon AG2R La Mondiale Team,,,",,",1657,19884
18,30,finished,37,8339,36,GC,27,AU,Sweeny Harry,https://www.procyclingstats.com/rider/harry-sweeny,EF Education - EasyPost,,,28:29,1709,19936
18,31,finished,88,12440,226,GC,25,NO,Johannessen Anders Halland,https://www.procyclingstats.com/rider/anders-halland-johannessen,Uno-X Mobility,,,28:35,1715,19942
18,32,finished,22,4850,137,GC,30,ES,Rodríguez Cristián,https://www.procyclingstats.com/rider/cristian-rodriguez,Arkéa - B&B Hotels,,,29:05,1745,19972
18,33,finished,16,3762,91,Climber,32,FR,Martin Guillaume,https://www.procyclingstats.com/rider/guillaume-martin,Groupama - FDJ,,,29:07,1747,19974
18,34,finished,26,7143,14,TT,33,BE,Campenaerts Victor,https://www.procyclingstats.com/rider/victor-campenaerts,Team Visma | Lease a Bike,,,29:55,1795,20022
18,35,finished,62,10674,133,GC,22,FR,Costiou Ewen,https://www.procyclingstats.com/rider/ewen-costiou,Arkéa - B&B Hotels,,,31:44,1904,20131
18,36,finished,35,7867,153,Climber,27,FR,Berthet Clément,https://www.procyclingstats.com/rider/clement-berthet,Decathlon AG2R La Mondiale Team,,,32:04,1924,20151
18,37,finished,65,10981,136,Hills,24,FR,Le Berre Mathis,https://www.procyclingstats.com/rider/mathis-le-berre,Arkéa - B&B Hotels,,,33:01,1981,20208
18,38,finished,45,9099,13,Classic,31,BE,Benoot Tiesj,https://www.procyclingstats.com/rider/tiesj-benoot,Team Visma | Lease a Bike,,,33:23,2003,20230
18,39,finished,72,11347,5,GC,28,FR,Sivakov Pavel,https://www.procyclingstats.com/rider/pavel-sivakov,UAE Team Emirates - XRG,,,",,",2003,20230
18,40,finished,87,12333,114,Classic,26,CH,Hirschi Marc,https://www.procyclingstats.com/rider/marc-hirschi,Tudor Pro Cycling Team,,,",,",2003,20230
18,41,finished,50,9532,84,Hills,24,US,Simmons Quinn,https://www.procyclingstats.com/rider/quinn-simmons,Lidl - Trek,,,",,",2003,20230
18,42,finished,48,9437,61,GC,39,GB,Thomas Geraint,https://www.procyclingstats.com/rider/geraint-thomas,INEOS Grenadiers,,,33:30,2010,20237
18,43,finished,80,11964,63,TT,28,NO,Foss Tobias,https://www.procyclingstats.com/rider/tobias-foss,INEOS Grenadiers,,,33:37,2017,20244
18,44,finished,30,7445,135,Climber,24,ES,García Pierna Raúl,https://www.procyclingstats.com/rider/raul-garcia-pierna,Arkéa - B&B Hotels,,,33:49,2029,20256
18,45,finished,71,11313,206,GC,32,KZ,Lutsenko Alexey,https://www.procyclingstats.com/rider/aleksey-lutsenko,Israel - Premier Tech,,,",,",2029,20256
18,46,finished,54,9817,35,Classic,28,US,Powless Neilson,https://www.procyclingstats.com/rider/neilson-powless,EF Education - EasyPost,,,35:15,2115,20342
18,47,finished,56,9838,198,GC,24,NL,van den Broek Frank,https://www.procyclingstats.com/rider/frank-van-den-broek,Team Picnic PostNL,,,35:30,2130,20357
18,48,finished,66,10993,144,TT,36,PT,Oliveira Nelson,https://www.procyclingstats.com/rider/nelson-oliveira,Movistar Team,,,35:47,2147,20374
18,49,finished,47,9153,171,Climber,28,CO,Tejada Harold,https://www.procyclingstats.com/rider/harold-tejada,XDS Astana Team,,,35:53,2153,20380
18,50,finished,85,12249,158,Classic,23,FR,Tronchon Bastien,https://www.procyclingstats.com/rider/bastien-tronchon,Decathlon AG2R La Mondiale Team,,,",,",2153,20380
18,51,finished,82,12174,42,Classic,25,FR,Barré Louis,https://www.procyclingstats.com/rider/louis-barre,Intermarché - Wanty,,,",,",2153,20380
18,52,finished,43,8970,203,GC,22,GB,Blackmore Joseph,https://www.procyclingstats.com/rider/joseph-blackmore,Israel - Premier Tech,,,35:58,2158,20385
18,53,finished,89,12464,98,Classic,30,FR,Russo Clément,https://www.procyclingstats.com/rider/clement-russo,Groupama - FDJ,,,36:05,2165,20392
18,54,finished,38,8574,96,Hills,33,FR,Pacher Quentin,https://www.procyclingstats.com/rider/quentin-pacher,Groupama - FDJ,,,",,",2165,20392
18,55,finished,69,11183,37,Classic,33,DK,Valgren Michael,https://www.procyclingstats.com/rider/michael-valgren-andersen,EF Education - EasyPost,,,",,",2165,20392
18,56,finished,33,7652,156,GC,29,FR,Paret-Peintre Aurélien,https://www.procyclingstats.com/rider/aurelien-paret-peintre,Decathlon AG2R La Mondiale Team,,,36:18,2178,20405
18,57,finished,126,15827,102,Classic,34,CH,Dillier Silvan,https://www.procyclingstats.com/rider/silvan-dillier,Alpecin - Deceuninck,,,36:20,2180,20407
18,58,finished,81,12138,4,Classic,31,DE,Politt Nils,https://www.procyclingstats.com/rider/nils-politt,UAE Team Emirates - XRG,,,",,",2180,20407
18,59,finished,27,7147,161,GC,32,DE,Buchmann Emanuel,https://www.procyclingstats.com/rider/emanuel-buchmann,Cofidis,,,",,",2180,20407
18,60,finished,60,10601,108,Climber,23,BE,Verstrynge Emiel,https://www.procyclingstats.com/rider/emiel-verstrynge,Alpecin - Deceuninck,,,36:22,2182,20409
18,61,finished,29,7210,28,GC,25,BE,Van Wilder Ilan,https://www.procyclingstats.com/rider/ilan-van-wilder,Soudal Quick-Step,,,",,",2182,20409
18,62,finished,44,9012,138,Classic,31,FR,Venturini Clément,https://www.procyclingstats.com/rider/clement-venturini,Arkéa - B&B Hotels,,,",,",2182,20409
18,63,finished,40,8884,7,GC,34,BE,Wellens Tim,https://www.procyclingstats.com/rider/tim-wellens,UAE Team Emirates - XRG,,,36:53,2213,20440
18,64,finished,70,11242,174,Climber,27,FR,Champoussin Clément,https://www.procyclingstats.com/rider/clement-champoussin,XDS Astana Team,,,37:04,2224,20451
18,65,finished,58,10141,183,Classic,27,FR,Delettre Alexandre,https://www.procyclingstats.com/rider/alexandre-delettre,TotalEnergies,,,",,",2224,20451
18,66,finished,95,12872,105,Classic,31,BE,Rickaert Jonas,https://www.procyclingstats.com/rider/jonas-rickaert,Alpecin - Deceuninck,-25.0,,37:07,2227,20454
18,67,finished,77,11821,155,Classic,34,BE,Naesen Oliver,https://www.procyclingstats.com/rider/oliver-naesen,Decathlon AG2R La Mondiale Team,,,",,",2227,20454
18,68,finished,76,11634,222,Classic,29,NO,Abrahamsen Jonas,https://www.procyclingstats.com/rider/jonas-abrahamsen,Uno-X Mobility,,,",,",2227,20454
18,69,finished,98,13097,107,Classic,32,BE,Vermeersch Gianni,https://www.procyclingstats.com/rider/gianni-vermeersch,Alpecin - Deceuninck,,,",,",2227,20454
18,70,finished,131,16081,188,Hills,24,FR,Vercher Mattéo,https://www.procyclingstats.com/rider/matheo-vercher,TotalEnergies,,,37:11,2231,20458
18,71,finished,68,11181,26,GC,31,DE,Schachmann Maximilian,https://www.procyclingstats.com/rider/maximilian-schachmann,Soudal Quick-Step,,,37:18,2238,20465
18,72,finished,51,9666,182,Hills,26,FR,Burgaudeau Mathieu,https://www.procyclingstats.com/rider/mathieu-burgaudeau,TotalEnergies,,,",,",2238,20465
18,73,finished,73,11438,164,GC,36,ES,Izagirre Ion,https://www.procyclingstats.com/rider/ion-izagirre,Cofidis,,,",,",2238,20465
18,74,finished,53,9812,201,Climber,38,CA,Woods Michael,https://www.procyclingstats.com/rider/michael-woods,Israel - Premier Tech,,,37:27,2247,20474
18,75,finished,59,10562,227,GC,26,NO,Leknessund Andreas,https://www.procyclingstats.com/rider/andreas-leknessund,Uno-X Mobility,,,37:35,2255,20482
18,76,finished,83,12176,177,Classic,32,NL,Teunissen Mike,https://www.procyclingstats.com/rider/mike-teunissen,XDS Astana Team,,,37:45,2265,20492
18,77,finished,28,7194,157,GC,28,AU,Scotson Callum,https://www.procyclingstats.com/rider/callum-scotson,Decathlon AG2R La Mondiale Team,,,37:48,2268,20495
18,78,finished,103,13520,128,Hills,25,CH,Schmid Mauro,https://www.procyclingstats.com/rider/mauro-schmid,Team Jayco AlUla,,,",,",2268,20495
18,79,finished,57,10111,65,Hills,24,FR,Laurance Axel,https://www.procyclingstats.com/rider/axel-laurance,INEOS Grenadiers,,,37:59,2279,20506
18,80,finished,52,9796,25,Climber,24,FR,Paret-Peintre Valentin,https://www.procyclingstats.com/rider/valentin-paret-peintre,Soudal Quick-Step,,,38:18,2298,20525
18,81,finished,102,13420,205,Classic,26,FR,Louvel Matis,https://www.procyclingstats.com/rider/matis-louvel,Israel - Premier Tech,,,38:25,2305,20532
18,82,finished,122,15502,126,GC,24,AU,Plapp Luke,https://www.procyclingstats.com/rider/luke-plapp,Team Jayco AlUla,,,",,",2305,20532
18,83,finished,125,15812,46,Classic,27,DE,Rutsch Jonas,https://www.procyclingstats.com/rider/jonas-rutsch,Intermarché - Wanty,,,38:36,2316,20543
18,84,finished,86,12312,113,Classic,34,AT,Haller Marco,https://www.procyclingstats.com/rider/marco-haller,Tudor Pro Cycling Team,,,38:37,2317,20544
18,85,finished,34,7711,94,Classic,22,FR,Grégoire Romain,https://www.procyclingstats.com/rider/romain-gregoire,Groupama - FDJ,,,38:39,2319,20546
18,86,finished,42,8908,111,Classic,33,FR,Alaphilippe Julian,https://www.procyclingstats.com/rider/julian-alaphilippe,Tudor Pro Cycling Team,,,38:47,2327,20554
18,87,finished,67,11072,17,Classic,30,BE,van Aert Wout,https://www.procyclingstats.com/rider/wout-van-aert,Team Visma | Lease a Bike,,,38:52,2332,20559
18,88,finished,96,13017,103,Hills,26,AU,Groves Kaden,https://www.procyclingstats.com/rider/kaden-groves,Alpecin - Deceuninck,,,",,",2332,20559
18,89,finished,74,11445,212,Classic,24,BE,Berckmoes Jenno,https://www.procyclingstats.com/rider/jenno-berckmoes,Lotto,,,39:06,2346,20573
18,90,finished,78,11906,218,Classic,27,BE,Van Moer Brent,https://www.procyclingstats.com/rider/brent-van-moer,Lotto,,,39:21,2361,20588
18,91,finished,107,14118,67,Classic,29,GB,Swift Connor,https://www.procyclingstats.com/rider/connor-swift,INEOS Grenadiers,,,",,",2361,20588
18,92,finished,63,10847,184,GC,24,FR,Gachignard Thomas,https://www.procyclingstats.com/rider/thomas-gachignard,TotalEnergies,,,39:37,2377,20604
18,93,finished,101,13347,142,TT,29,US,Barta Will,https://www.procyclingstats.com/rider/william-barta,Movistar Team,,,40:47,2447,20674
18,94,finished,108,14158,196,Sprint,26,DE,Märkl Niklas,https://www.procyclingstats.com/rider/niklas-markl,Team Picnic PostNL,,,40:53,2453,20680
18,95,finished,123,15572,202,Sprint,31,DE,Ackermann Pascal,https://www.procyclingstats.com/rider/pascal-ackermann,Israel - Premier Tech,,,",,",2453,20680
18,96,finished,49,9474,23,Classic,28,NL,Eenkhoorn Pascal,https://www.procyclingstats.com/rider/pascal-eenkhoorn,Soudal Quick-Step,,,41:01,2461,20688
18,97,finished,111,14525,97,Classic,23,FR,Penhoët Paul,https://www.procyclingstats.com/rider/paul-penhoet,Groupama - FDJ,,,41:03,2463,20690
18,98,finished,46,9126,178,Classic,29,IT,Velasco Simone,https://www.procyclingstats.com/rider/simone-velasco,XDS Astana Team,,,",,",2463,20690
18,99,finished,112,14557,187,Classic,31,FR,Turgis Anthony,https://www.procyclingstats.com/rider/anthony-turgis,TotalEnergies,,,41:13,2473,20700
18,100,finished,156,17572,47,GC,24,NL,van Sintmaartensdijk Roel,https://www.procyclingstats.com/rider/roel-van-sintmaartensdijk,Intermarché - Wanty,,,",,",2473,20700
18,101,finished,61,10615,225,Classic,30,NO,Hoelgaard Markus,https://www.procyclingstats.com/rider/markus-hoelgaard,Uno-X Mobility,,,",,",2473,20700
18,102,finished,139,16677,45,Classic,25,BE,Rex Laurenz,https://www.procyclingstats.com/rider/laurenz-rex,Intermarché - Wanty,,,",,",2473,20700
18,103,finished,94,12862,168,Classic,29,FR,Touzé Damien,https://www.procyclingstats.com/rider/damien-touze,Cofidis,,,",,",2473,20700
18,104,finished,92,12801,166,GC,33,BE,Teuns Dylan,https://www.procyclingstats.com/rider/dylan-teuns,Cofidis,,,41:18,2478,20705
18,105,finished,100,13139,58,Hills,26,GB,Wright Fred,https://www.procyclingstats.com/rider/alfred-wright,Bahrain - Victorious,,,",,",2478,20705
18,106,finished,124,15694,68,Hills,23,GB,Watson Samuel,https://www.procyclingstats.com/rider/samuel-watson,INEOS Grenadiers,,,",,",2478,20705
18,107,finished,115,15006,12,TT,29,IT,Affini Edoardo,https://www.procyclingstats.com/rider/edoardo-affini,Team Visma | Lease a Bike,,,41:24,2484,20711
18,108,finished,118,15139,57,Hills,26,AU,Stannard Robert,https://www.procyclingstats.com/rider/robert-stannard,Bahrain - Victorious,,,",,",2484,20711
18,109,finished,121,15490,76,Classic,25,NL,van Dijke Mick,https://www.procyclingstats.com/rider/mick-van-dijke,Red Bull - BORA - hansgrohe,,,41:26,2486,20713
18,110,finished,84,12224,116,Hills,24,DE,Mayrhofer Marius,https://www.procyclingstats.com/rider/marius-mayrhofer,Tudor Pro Cycling Team,,,",,",2486,20713
18,111,finished,91,12664,75,Classic,23,NZ,Pithie Laurence,https://www.procyclingstats.com/rider/laurence-pithie,Red Bull - BORA - hansgrohe,,,41:29,2489,20716
18,112,finished,104,13554,74,Classic,31,IT,Moscon Gianni,https://www.procyclingstats.com/rider/gianni-moscon,Red Bull - BORA - hansgrohe,,,",,",2489,20716
18,113,finished,75,11622,162,Classic,29,ES,Aranburu Alex,https://www.procyclingstats.com/rider/alex-aranburu,Cofidis,,,",,",2489,20716
18,114,finished,110,14322,143,Climber,24,ES,Castrillo Pablo,https://www.procyclingstats.com/rider/pablo-castrillo-zapater,Movistar Team,,,",,",2489,20716
18,115,finished,106,13780,147,GC,21,ES,Romeo Iván,https://www.procyclingstats.com/rider/ivan-romeo,Movistar Team,,,",,",2489,20716
18,116,finished,114,14953,145,Classic,29,ES,García Cortina Iván,https://www.procyclingstats.com/rider/ivan-garcia-cortina,Movistar Team,,,",,",2489,20716
18,117,finished,90,12636,33,TT,30,DK,Asgreen Kasper,https://www.procyclingstats.com/rider/kasper-asgreen,EF Education - EasyPost,,,",,",2489,20716
18,118,finished,135,16493,92,Classic,24,GB,Askey Lewis,https://www.procyclingstats.com/rider/lewis-askey,Groupama - FDJ,,,",,",2489,20716
18,119,finished,141,16845,43,Classic,24,BE,Braet Vito,https://www.procyclingstats.com/rider/vito-braet,Intermarché - Wanty,,,",,",2489,20716
18,120,finished,157,17577,175,Classic,25,KZ,Fedorov Yevgeniy,https://www.procyclingstats.com/rider/yevgeniy-fedorov,XDS Astana Team,,,",,",2489,20716
18,121,finished,105,13734,118,Classic,35,IT,Trentin Matteo,https://www.procyclingstats.com/rider/matteo-trentin,Tudor Pro Cycling Team,,,41:39,2499,20726
18,122,finished,116,15095,216,GC,34,AR,Sepúlveda Eduardo,https://www.procyclingstats.com/rider/eduardo-sepulveda,Lotto,,,41:42,2502,20729
18,123,finished,140,16734,44,Classic,24,FR,Page Hugo,https://www.procyclingstats.com/rider/hugo-page,Intermarché - Wanty,,,",,",2502,20729
18,124,finished,79,11918,207,Classic,30,LV,Neilands Krists,https://www.procyclingstats.com/rider/krists-neilands,Israel - Premier Tech,,,42:05,2525,20752
18,125,finished,130,16068,194,GC,25,GB,Flynn Sean,https://www.procyclingstats.com/rider/sean-flynn,Team Picnic PostNL,,,",,",2525,20752
18,126,finished,119,15166,208,Hills,25,GB,Stewart Jake,https://www.procyclingstats.com/rider/jake-stewart,Israel - Premier Tech,,,42:07,2527,20754
18,127,finished,158,17664,115,Classic,31,CH,Lienhard Fabian,https://www.procyclingstats.com/rider/fabian-lienhard,Tudor Pro Cycling Team,,,",,",2527,20754
18,128,finished,97,13091,195,Classic,22,DK,Andresen Tobias Lund,https://www.procyclingstats.com/rider/tobias-lund-andresen,Team Picnic PostNL,,,",,",2527,20754
18,129,finished,133,16287,132,Classic,32,BE,Capiot Amaury,https://www.procyclingstats.com/rider/amaury-capiot,Arkéa - B&B Hotels,-25.0,,42:15,2535,20762
18,130,finished,137,16607,127,Classic,33,NL,Reinders Elmar,https://www.procyclingstats.com/rider/elmar-reinders,Team Jayco AlUla,,,",,",2535,20762
18,131,finished,134,16322,123,TT,34,AU,Durbridge Luke,https://www.procyclingstats.com/rider/luke-durbridge,Team Jayco AlUla,,,",,",2535,20762
18,132,finished,143,16938,215,Classic,26,BE,Grignard Sébastien,https://www.procyclingstats.com/rider/sebastien-grignard,Lotto,,,42:21,2541,20768
18,133,finished,129,16039,193,Sprint,22,CZ,Bittner Pavel,https://www.procyclingstats.com/rider/pavel-bittner,Team Picnic PostNL,,,42:25,2545,20772
18,134,finished,127,15833,197,GC,26,NL,Naberman Tim,https://www.procyclingstats.com/rider/tim-naberman,Team Picnic PostNL,,,",,",2545,20772
18,135,finished,155,17510,53,TT,34,PL,Gradek Kamil,https://www.procyclingstats.com/rider/kamil-gradek,Bahrain - Victorious,,,42:31,2551,20778
18,136,finished,64,10945,87,Classic,33,BE,Stuyven Jasper,https://www.procyclingstats.com/rider/jasper-stuyven,Lidl - Trek,,,",,",2551,20778
18,137,finished,113,14739,83,Hills,22,BE,Nys Thibau,https://www.procyclingstats.com/rider/thibau-nys,Lidl - Trek,,,",,",2551,20778
18,138,finished,142,16914,224,Sprint,22,NO,Edvardsen-Fredheim Stian,https://www.procyclingstats.com/rider/stian-fredheim,Uno-X Mobility,,,",,",2551,20778
18,139,finished,146,17113,27,Classic,32,BE,Van Lerberghe Bert,https://www.procyclingstats.com/rider/bert-van-lerberghe,Soudal Quick-Step,,,42:34,2554,20781
18,140,finished,117,15104,112,Sprint,27,IT,Dainese Alberto,https://www.procyclingstats.com/rider/alberto-dainese,Tudor Pro Cycling Team,,,",,",2554,20781
18,141,finished,147,17134,24,Sprint,32,BE,Merlier Tim,https://www.procyclingstats.com/rider/tim-merlier,Soudal Quick-Step,,,42:37,2557,20784
18,142,finished,93,12856,86,Classic,34,LV,Skujiņš Toms,https://www.procyclingstats.com/rider/toms-skujins,Lidl - Trek,,,",,",2557,20784
18,143,finished,148,17168,204,Classic,36,CA,Boivin Guillaume,https://www.procyclingstats.com/rider/guillaume-boivin,Israel - Premier Tech,,,",,",2557,20784
18,144,finished,154,17443,172,Classic,30,IT,Ballerini Davide,https://www.procyclingstats.com/rider/davide-ballerini,XDS Astana Team,,,",,",2557,20784
18,145,finished,145,17056,81,Sprint,24,IT,Milan Jonathan,https://www.procyclingstats.com/rider/jonathan-milan,Lidl - Trek,,,",,",2557,20784
18,146,finished,132,16156,41,Classic,25,ER,Girmay Biniam,https://www.procyclingstats.com/rider/biniam-girmay,Intermarché - Wanty,,,",,",2557,20784
18,147,finished,109,14275,32,Hills,28,IT,Albanese Vincenzo,https://www.procyclingstats.com/rider/vincenzo-albanese,EF Education - EasyPost,,,",,",2557,20784
18,148,finished,152,17356,134,Classic,33,FR,Démare Arnaud,https://www.procyclingstats.com/rider/arnaud-demare,Arkéa - B&B Hotels,,,",,",2557,20784
18,149,finished,99,13128,55,Climber,22,FR,Martinez Lenny,https://www.procyclingstats.com/rider/lenny-martinez,Bahrain - Victorious,-15.0,,42:47,2567,20794
18,150,finished,150,17290,52,Sprint,31,DE,Bauhaus Phil,https://www.procyclingstats.com/rider/phil-bauhaus,Bahrain - Victorious,,,42:53,2573,20800
18,151,finished,153,17406,167,TT,29,FR,Thomas Benjamin,https://www.procyclingstats.com/rider/benjamin-thomas-2,Cofidis,,,43:03,2583,20810
18,152,finished,144,16997,165,Classic,26,FR,Renard Alexis,https://www.procyclingstats.com/rider/alexis-renard,Cofidis,,,",,",2583,20810
18,153,finished,128,15994,223,Hills,32,DK,Cort Magnus,https://www.procyclingstats.com/rider/magnus-cort-nielsen,Uno-X Mobility,,,43:18,2598,20825
18,154,finished,136,16513,214,GC,26,AU,Drizners Jarrad,https://www.procyclingstats.com/rider/jarrad-drizners,Lotto,,,43:31,2611,20838
18,155,finished,151,17329,125,Hills,37,SI,Mezgec Luka,https://www.procyclingstats.com/rider/luka-mezgec,Team Jayco AlUla,,,43:37,2617,20844
18,156,finished,138,16639,211,Classic,23,BE,De Lie Arnaud,https://www.procyclingstats.com/rider/arnaud-de-lie,Lotto,,,43:42,2622,20849
18,157,finished,161,17988,73,Classic,27,BE,Meeus Jordi,https://www.procyclingstats.com/rider/jordi-meeus,Red Bull - BORA - hansgrohe,,,43:44,2624,20851
18,158,finished,149,17181,124,Sprint,32,NL,Groenewegen Dylan,https://www.procyclingstats.com/rider/dylan-groenewegen,Team Jayco AlUla,,,43:51,2631,20858
18,159,finished,120,15469,56,Classic,30,SI,Mohorič Matej,https://www.procyclingstats.com/rider/matej-mohoric,Bahrain - Victorious,,,44:13,2653,20880
18,160,finished,160,17923,82,Classic,30,IT,Consonni Simone,https://www.procyclingstats.com/rider/simone-consonni,Lidl - Trek,,,44:27,2667,20894
18,161,finished,159,17856,88,Classic,34,BE,Theuns Edward,https://www.procyclingstats.com/rider/edward-theuns,Lidl - Trek,,,46:42,2802,21029
18,,DNF,,,141,Climber,30,ES,Mas Enric,https://www.procyclingstats.com/rider/enric-mas,Movistar Team,,,,,
18,,DNS,,,93,Hills,29,FR,Barthe Cyril,https://www.procyclingstats.com/rider/cyril-barthe,Groupama - FDJ,,,,,
18,,DNS,,,66,GC,24,ES,Rodríguez Carlos,https://www.procyclingstats.com/rider/carlos-rodriguez-cano,INEOS Grenadiers,,,,,
19,1,finished,12,3161,62,GC,25,NL,Arensman Thymen,https://www.procyclingstats.com/rider/thymen-arensman,INEOS Grenadiers,210.0,100.0,2:46:06,0,9966
19,2,finished,2,264,11,GC,28,DK,Vingegaard Jonas,https://www.procyclingstats.com/rider/jonas-vingegaard,Team Visma | Lease a Bike,150.0,70.0,0:02,2,9968
19,3,finished,1,0,1,Climber,26,SI,Pogačar Tadej,https://www.procyclingstats.com/rider/tadej-pogacar,UAE Team Emirates - XRG,110.0,50.0,",,",2,9968
19,4,finished,3,669,72,GC,24,DE,Lipowitz Florian,https://www.procyclingstats.com/rider/florian-lipowitz,Red Bull - BORA - hansgrohe,90.0,40.0,0:06,6,9972
19,5,finished,4,732,191,GC,22,GB,Onley Oscar,https://www.procyclingstats.com/rider/oscar-onley,Team Picnic PostNL,70.0,32.0,0:47,47,10013
19,6,finished,5,1032,151,Climber,27,AT,Gall Felix,https://www.procyclingstats.com/rider/felix-gall,Decathlon AG2R La Mondiale Team,55.0,26.0,1:34,94,10060
19,7,finished,6,1214,221,Climber,25,NO,Johannessen Tobias Halland,https://www.procyclingstats.com/rider/tobias-halland-johannessen,Uno-X Mobility,45.0,22.0,1:41,101,10067
19,8,finished,9,1682,31,Climber,24,IE,Healy Ben,https://www.procyclingstats.com/rider/ben-healy,EF Education - EasyPost,40.0,18.0,2:19,139,10105
19,9,finished,41,10025,25,Climber,24,FR,Paret-Peintre Valentin,https://www.procyclingstats.com/rider/valentin-paret-peintre,Soudal Quick-Step,35.0,14.0,3:47,227,10193
19,10,finished,16,4650,18,Climber,32,GB,Yates Simon,https://www.procyclingstats.com/rider/simon-yates,Team Visma | Lease a Bike,30.0,10.0,3:54,234,10200
19,11,finished,78,13372,55,Climber,22,FR,Martinez Lenny,https://www.procyclingstats.com/rider/lenny-martinez,Bahrain - Victorious,25.0,8.0,4:02,242,10208
19,12,finished,10,2074,121,GC,29,AU,O'Connor Ben,https://www.procyclingstats.com/rider/ben-o-connor,Team Jayco AlUla,20.0,6.0,5:13,313,10279
19,13,finished,28,7972,156,GC,29,FR,Paret-Peintre Aurélien,https://www.procyclingstats.com/rider/aurelien-paret-peintre,Decathlon AG2R La Mondiale Team,15.0,4.0,5:18,318,10284
19,14,finished,11,2322,186,Climber,26,FR,Jegat Jordan,https://www.procyclingstats.com/rider/jordan-jegat,TotalEnergies,10.0,2.0,5:49,349,10315
19,15,finished,18,5297,146,GC,31,AT,Mühlberger Gregor,https://www.procyclingstats.com/rider/gregor-muhlberger,Movistar Team,5.0,1.0,6:18,378,10344
19,16,finished,26,7523,14,TT,33,BE,Campenaerts Victor,https://www.procyclingstats.com/rider/victor-campenaerts,Team Visma | Lease a Bike,,,",,",378,10344
19,17,finished,7,1355,131,GC,24,FR,Vauquelin Kévin,https://www.procyclingstats.com/rider/kevin-vauquelin,Arkéa - B&B Hotels,,,",,",378,10344
19,18,finished,30,8257,153,Climber,27,FR,Berthet Clément,https://www.procyclingstats.com/rider/clement-berthet,Decathlon AG2R La Mondiale Team,,,6:28,388,10354
19,19,finished,13,3876,3,Hills,28,EC,Narváez Jhonatan,https://www.procyclingstats.com/rider/jhonatan-narvaez,UAE Team Emirates - XRG,-25.0,,6:32,392,10358
19,20,finished,38,9561,171,Climber,28,CO,Tejada Harold,https://www.procyclingstats.com/rider/harold-tejada,XDS Astana Team,,,6:46,406,10372
19,21,finished,15,4099,176,Climber,27,CO,Higuita Sergio,https://www.procyclingstats.com/rider/sergio-higuita,XDS Astana Team,,,",,",406,10372
19,22,finished,46,10320,198,GC,24,NL,van den Broek Frank,https://www.procyclingstats.com/rider/frank-van-den-broek,Team Picnic PostNL,,,8:00,480,10446
19,23,finished,33,8516,148,Climber,27,CO,Rubio Einer,https://www.procyclingstats.com/rider/einer-rubio,Movistar Team,,,9:35,575,10541
19,24,finished,27,7827,157,GC,28,AU,Scotson Callum,https://www.procyclingstats.com/rider/callum-scotson,Decathlon AG2R La Mondiale Team,,,10:31,631,10597
19,25,finished,29,8158,135,Climber,24,ES,García Pierna Raúl,https://www.procyclingstats.com/rider/raul-garcia-pierna,Arkéa - B&B Hotels,,,11:51,711,10677
19,26,finished,57,11394,133,GC,22,FR,Costiou Ewen,https://www.procyclingstats.com/rider/ewen-costiou,Arkéa - B&B Hotels,,,11:58,718,10684
19,27,finished,8,1530,71,Climber,35,SI,Roglič Primož,https://www.procyclingstats.com/rider/primoz-roglic,Red Bull - BORA - hansgrohe,,,12:39,759,10725
19,28,finished,25,7262,78,Climber,29,RU,Vlasov Aleksandr,https://www.procyclingstats.com/rider/aleksandr-vlasov,Red Bull - BORA - hansgrohe,,,",,",759,10725
19,29,finished,31,8461,6,Climber,31,ES,Soler Marc,https://www.procyclingstats.com/rider/marc-soler,UAE Team Emirates - XRG,,,14:06,846,10812
19,30,finished,19,5608,8,Climber,32,GB,Yates Adam,https://www.procyclingstats.com/rider/adam-yates,UAE Team Emirates - XRG,,,",,",846,10812
19,31,finished,37,9238,36,GC,27,AU,Sweeny Harry,https://www.procyclingstats.com/rider/harry-sweeny,EF Education - EasyPost,,,14:57,897,10863
19,32,finished,51,10745,152,TT,31,FR,Armirail Bruno,https://www.procyclingstats.com/rider/bruno-armirail,Decathlon AG2R La Mondiale Team,,,15:13,913,10879
19,33,finished,49,10732,35,Classic,28,US,Powless Neilson,https://www.procyclingstats.com/rider/neilson-powless,EF Education - EasyPost,,,",,",913,10879
19,34,finished,24,6226,104,GC,33,BE,Meurisse Xandro,https://www.procyclingstats.com/rider/xandro-meurisse,Alpecin - Deceuninck,,,15:23,923,10889
19,35,finished,17,4687,91,Climber,32,FR,Martin Guillaume,https://www.procyclingstats.com/rider/guillaume-martin,Groupama - FDJ,,,",,",923,10889
19,36,finished,21,5775,137,GC,30,ES,Rodríguez Cristián,https://www.procyclingstats.com/rider/cristian-rodriguez,Arkéa - B&B Hotels,,,",,",923,10889
19,37,finished,14,3911,16,Climber,30,US,Kuss Sepp,https://www.procyclingstats.com/rider/sepp-kuss,Team Visma | Lease a Bike,,,",,",923,10889
19,38,finished,42,10051,178,Classic,29,IT,Velasco Simone,https://www.procyclingstats.com/rider/simone-velasco,XDS Astana Team,,,",,",923,10889
19,39,finished,62,12108,37,Classic,33,DK,Valgren Michael,https://www.procyclingstats.com/rider/michael-valgren-andersen,EF Education - EasyPost,,,",,",923,10889
19,40,finished,73,12915,63,TT,28,NO,Foss Tobias,https://www.procyclingstats.com/rider/tobias-foss,INEOS Grenadiers,,,15:49,949,10915
19,41,finished,60,11568,108,Climber,23,BE,Verstrynge Emiel,https://www.procyclingstats.com/rider/emiel-verstrynge,Alpecin - Deceuninck,,,16:05,965,10931
19,42,finished,40,9864,7,GC,34,BE,Wellens Tim,https://www.procyclingstats.com/rider/tim-wellens,UAE Team Emirates - XRG,,,16:18,978,10944
19,43,finished,39,9647,96,Hills,33,FR,Pacher Quentin,https://www.procyclingstats.com/rider/quentin-pacher,Groupama - FDJ,,,17:51,1071,11037
19,44,finished,81,13562,226,GC,25,NO,Johannessen Anders Halland,https://www.procyclingstats.com/rider/anders-halland-johannessen,Uno-X Mobility,,,18:40,1120,11086
19,45,finished,61,11684,227,GC,26,NO,Leknessund Andreas,https://www.procyclingstats.com/rider/andreas-leknessund,Uno-X Mobility,,,",,",1120,11086
19,46,finished,93,14164,105,Classic,31,BE,Rickaert Jonas,https://www.procyclingstats.com/rider/jonas-rickaert,Alpecin - Deceuninck,,,21:30,1290,11256
19,47,finished,58,11410,65,Hills,24,FR,Laurance Axel,https://www.procyclingstats.com/rider/axel-laurance,INEOS Grenadiers,,,21:37,1297,11263
19,48,finished,20,5728,15,GC,26,US,Jorgenson Matteo,https://www.procyclingstats.com/rider/matteo-jorgenson,Team Visma | Lease a Bike,,,22:25,1345,11311
19,49,finished,75,12981,222,Classic,29,NO,Abrahamsen Jonas,https://www.procyclingstats.com/rider/jonas-abrahamsen,Uno-X Mobility,,,",,",1345,11311
19,50,finished,80,13485,4,Classic,31,DE,Politt Nils,https://www.procyclingstats.com/rider/nils-politt,UAE Team Emirates - XRG,,,",,",1345,11311
19,51,finished,84,13659,113,Classic,34,AT,Haller Marco,https://www.procyclingstats.com/rider/marco-haller,Tudor Pro Cycling Team,,,",,",1345,11311
19,52,finished,65,12340,144,TT,36,PT,Oliveira Nelson,https://www.procyclingstats.com/rider/nelson-oliveira,Movistar Team,,,",,",1345,11311
19,53,finished,77,13168,155,Classic,34,BE,Naesen Oliver,https://www.procyclingstats.com/rider/oliver-naesen,Decathlon AG2R La Mondiale Team,,,",,",1345,11311
19,54,finished,92,14148,166,GC,33,BE,Teuns Dylan,https://www.procyclingstats.com/rider/dylan-teuns,Cofidis,,,",,",1345,11311
19,55,finished,69,12792,212,Classic,24,BE,Berckmoes Jenno,https://www.procyclingstats.com/rider/jenno-berckmoes,Lotto,,,",,",1345,11311
19,56,finished,23,6116,192,Climber,33,FR,Barguil Warren,https://www.procyclingstats.com/rider/warren-barguil,Team Picnic PostNL,,,",,",1345,11311
19,57,finished,63,12194,184,GC,24,FR,Gachignard Thomas,https://www.procyclingstats.com/rider/thomas-gachignard,TotalEnergies,,,",,",1345,11311
19,58,finished,32,8494,161,GC,32,DE,Buchmann Emanuel,https://www.procyclingstats.com/rider/emanuel-buchmann,Cofidis,,,",,",1345,11311
19,59,finished,64,12328,136,Hills,24,FR,Le Berre Mathis,https://www.procyclingstats.com/rider/mathis-le-berre,Arkéa - B&B Hotels,,,",,",1345,11311
19,60,finished,44,10251,117,Climber,28,AU,Storer Michael,https://www.procyclingstats.com/rider/michael-storer,Tudor Pro Cycling Team,,,",,",1345,11311
19,61,finished,82,13596,158,Classic,23,FR,Tronchon Bastien,https://www.procyclingstats.com/rider/bastien-tronchon,Decathlon AG2R La Mondiale Team,,,",,",1345,11311
19,62,finished,99,14694,142,TT,29,US,Barta Will,https://www.procyclingstats.com/rider/william-barta,Movistar Team,,,",,",1345,11311
19,63,finished,43,10202,34,Climber,24,FR,Baudin Alex,https://www.procyclingstats.com/rider/alex-baudin,EF Education - EasyPost,,,",,",1345,11311
19,64,finished,47,10359,138,Classic,31,FR,Venturini Clément,https://www.procyclingstats.com/rider/clement-venturini,Arkéa - B&B Hotels,,,",,",1345,11311
19,65,finished,96,14444,107,Classic,32,BE,Vermeersch Gianni,https://www.procyclingstats.com/rider/gianni-vermeersch,Alpecin - Deceuninck,,,",,",1345,11311
19,66,finished,52,10784,61,GC,39,GB,Thomas Geraint,https://www.procyclingstats.com/rider/geraint-thomas,INEOS Grenadiers,,,",,",1345,11311
19,67,finished,116,16849,126,GC,24,AU,Plapp Luke,https://www.procyclingstats.com/rider/luke-plapp,Team Jayco AlUla,,,",,",1345,11311
19,68,finished,34,8594,28,GC,25,BE,Van Wilder Ilan,https://www.procyclingstats.com/rider/ilan-van-wilder,Soudal Quick-Step,,,23:02,1382,11348
19,69,finished,86,13717,114,Classic,26,CH,Hirschi Marc,https://www.procyclingstats.com/rider/marc-hirschi,Tudor Pro Cycling Team,,,",,",1382,11348
19,70,finished,45,10295,111,Classic,33,FR,Alaphilippe Julian,https://www.procyclingstats.com/rider/julian-alaphilippe,Tudor Pro Cycling Team,,,23:05,1385,11351
19,71,finished,126,17468,188,Hills,24,FR,Vercher Mattéo,https://www.procyclingstats.com/rider/matheo-vercher,TotalEnergies,,,",,",1385,11351
19,72,finished,22,5986,95,Classic,29,FR,Madouas Valentin,https://www.procyclingstats.com/rider/valentin-madouas,Groupama - FDJ,,,23:25,1405,11371
19,73,finished,68,12754,5,GC,28,FR,Sivakov Pavel,https://www.procyclingstats.com/rider/pavel-sivakov,UAE Team Emirates - XRG,,,",,",1405,11371
19,74,finished,36,9118,94,Classic,22,FR,Grégoire Romain,https://www.procyclingstats.com/rider/romain-gregoire,Groupama - FDJ,,,",,",1405,11371
19,75,finished,59,11548,183,Classic,27,FR,Delettre Alexandre,https://www.procyclingstats.com/rider/alexandre-delettre,TotalEnergies,,,",,",1405,11371
19,76,finished,48,10506,13,Classic,31,BE,Benoot Tiesj,https://www.procyclingstats.com/rider/tiesj-benoot,Team Visma | Lease a Bike,,,",,",1405,11371
19,77,finished,35,9035,51,Climber,25,CO,Buitrago Santiago,https://www.procyclingstats.com/rider/santiago-buitrago-sanchez,Bahrain - Victorious,,,",,",1405,11371
19,78,finished,54,11073,182,Hills,26,FR,Burgaudeau Mathieu,https://www.procyclingstats.com/rider/mathieu-burgaudeau,TotalEnergies,,,",,",1405,11371
19,79,finished,107,15525,67,Classic,29,GB,Swift Connor,https://www.procyclingstats.com/rider/connor-swift,INEOS Grenadiers,,,",,",1405,11371
19,80,finished,56,11219,201,Climber,38,CA,Woods Michael,https://www.procyclingstats.com/rider/michael-woods,Israel - Premier Tech,,,",,",1405,11371
19,81,finished,53,10952,84,Hills,24,US,Simmons Quinn,https://www.procyclingstats.com/rider/quinn-simmons,Lidl - Trek,,,23:38,1418,11384
19,82,finished,90,14084,75,Classic,23,NZ,Pithie Laurence,https://www.procyclingstats.com/rider/laurence-pithie,Red Bull - BORA - hansgrohe,,,",,",1418,11384
19,83,finished,66,12371,87,Classic,33,BE,Stuyven Jasper,https://www.procyclingstats.com/rider/jasper-stuyven,Lidl - Trek,,,23:44,1424,11390
19,84,finished,95,14443,103,Hills,26,AU,Groves Kaden,https://www.procyclingstats.com/rider/kaden-groves,Alpecin - Deceuninck,,,",,",1424,11390
19,85,finished,72,12902,164,GC,36,ES,Izagirre Ion,https://www.procyclingstats.com/rider/ion-izagirre,Cofidis,,,24:22,1462,11428
19,86,finished,124,17362,46,Classic,27,DE,Rutsch Jonas,https://www.procyclingstats.com/rider/jonas-rutsch,Intermarché - Wanty,,,25:48,1548,11514
19,87,finished,87,13768,177,Classic,32,NL,Teunissen Mike,https://www.procyclingstats.com/rider/mike-teunissen,XDS Astana Team,,,26:30,1590,11556
19,88,finished,97,14508,168,Classic,29,FR,Touzé Damien,https://www.procyclingstats.com/rider/damien-touze,Cofidis,,,27:24,1644,11610
19,89,finished,111,16171,97,Classic,23,FR,Penhoët Paul,https://www.procyclingstats.com/rider/paul-penhoet,Groupama - FDJ,,,",,",1644,11610
19,90,finished,91,14131,98,Classic,30,FR,Russo Clément,https://www.procyclingstats.com/rider/clement-russo,Groupama - FDJ,,,27:45,1665,11631
19,91,finished,94,14305,33,TT,30,DK,Asgreen Kasper,https://www.procyclingstats.com/rider/kasper-asgreen,EF Education - EasyPost,,,27:47,1667,11633
19,92,finished,105,15454,118,Classic,35,IT,Trentin Matteo,https://www.procyclingstats.com/rider/matteo-trentin,Tudor Pro Cycling Team,,,28:38,1718,11684
19,93,finished,109,15995,32,Hills,28,IT,Albanese Vincenzo,https://www.procyclingstats.com/rider/vincenzo-albanese,EF Education - EasyPost,,,",,",1718,11684
19,94,finished,83,13626,218,Classic,27,BE,Van Moer Brent,https://www.procyclingstats.com/rider/brent-van-moer,Lotto,,,",,",1718,11684
19,95,finished,103,15240,128,Hills,25,CH,Schmid Mauro,https://www.procyclingstats.com/rider/mauro-schmid,Team Jayco AlUla,,,",,",1718,11684
19,96,finished,55,11194,23,Classic,28,NL,Eenkhoorn Pascal,https://www.procyclingstats.com/rider/pascal-eenkhoorn,Soudal Quick-Step,,,",,",1718,11684
19,97,finished,121,17210,76,Classic,25,NL,van Dijke Mick,https://www.procyclingstats.com/rider/mick-van-dijke,Red Bull - BORA - hansgrohe,,,",,",1718,11684
19,98,finished,127,17547,102,Classic,34,CH,Dillier Silvan,https://www.procyclingstats.com/rider/silvan-dillier,Alpecin - Deceuninck,,,",,",1718,11684
19,99,finished,114,16673,145,Classic,29,ES,García Cortina Iván,https://www.procyclingstats.com/rider/ivan-garcia-cortina,Movistar Team,,,",,",1718,11684
19,100,finished,71,12901,26,GC,31,DE,Schachmann Maximilian,https://www.procyclingstats.com/rider/maximilian-schachmann,Soudal Quick-Step,,,",,",1718,11684
19,101,finished,101,14859,58,Hills,26,GB,Wright Fred,https://www.procyclingstats.com/rider/alfred-wright,Bahrain - Victorious,,,",,",1718,11684
19,102,finished,129,17759,193,Sprint,22,CZ,Bittner Pavel,https://www.procyclingstats.com/rider/pavel-bittner,Team Picnic PostNL,,,",,",1718,11684
19,103,finished,108,15878,196,Sprint,26,DE,Märkl Niklas,https://www.procyclingstats.com/rider/niklas-markl,Team Picnic PostNL,,,",,",1718,11684
19,104,finished,122,17292,202,Sprint,31,DE,Ackermann Pascal,https://www.procyclingstats.com/rider/pascal-ackermann,Israel - Premier Tech,,,",,",1718,11684
19,105,finished,74,12962,174,Climber,27,FR,Champoussin Clément,https://www.procyclingstats.com/rider/clement-champoussin,XDS Astana Team,,,",,",1718,11684
19,106,finished,88,13894,42,Classic,25,FR,Barré Louis,https://www.procyclingstats.com/rider/louis-barre,Intermarché - Wanty,,,",,",1718,11684
19,107,finished,106,15500,147,GC,21,ES,Romeo Iván,https://www.procyclingstats.com/rider/ivan-romeo,Movistar Team,,,",,",1718,11684
19,108,finished,110,16042,143,Climber,24,ES,Castrillo Pablo,https://www.procyclingstats.com/rider/pablo-castrillo-zapater,Movistar Team,,,",,",1718,11684
19,109,finished,130,17788,194,GC,25,GB,Flynn Sean,https://www.procyclingstats.com/rider/sean-flynn,Team Picnic PostNL,,,",,",1718,11684
19,110,finished,125,17414,68,Hills,23,GB,Watson Samuel,https://www.procyclingstats.com/rider/samuel-watson,INEOS Grenadiers,,,",,",1718,11684
19,111,finished,100,14811,195,Classic,22,DK,Andresen Tobias Lund,https://www.procyclingstats.com/rider/tobias-lund-andresen,Team Picnic PostNL,,,",,",1718,11684
19,112,finished,102,15181,205,Classic,26,FR,Louvel Matis,https://www.procyclingstats.com/rider/matis-louvel,Israel - Premier Tech,,,29:19,1759,11725
19,113,finished,112,16318,187,Classic,31,FR,Turgis Anthony,https://www.procyclingstats.com/rider/anthony-turgis,TotalEnergies,,,",,",1759,11725
19,114,finished,153,19171,167,TT,29,FR,Thomas Benjamin,https://www.procyclingstats.com/rider/benjamin-thomas-2,Cofidis,,,29:23,1763,11729
19,115,finished,119,16905,57,Hills,26,AU,Stannard Robert,https://www.procyclingstats.com/rider/robert-stannard,Bahrain - Victorious,,,29:24,1764,11730
19,116,finished,133,18053,132,Classic,32,BE,Capiot Amaury,https://www.procyclingstats.com/rider/amaury-capiot,Arkéa - B&B Hotels,,,",,",1764,11730
19,117,finished,89,13998,116,Hills,24,DE,Mayrhofer Marius,https://www.procyclingstats.com/rider/marius-mayrhofer,Tudor Pro Cycling Team,,,29:32,1772,11738
19,118,finished,145,18830,81,Sprint,24,IT,Milan Jonathan,https://www.procyclingstats.com/rider/jonathan-milan,Lidl - Trek,,,",,",1772,11738
19,119,finished,115,16780,12,TT,29,IT,Affini Edoardo,https://www.procyclingstats.com/rider/edoardo-affini,Team Visma | Lease a Bike,,,",,",1772,11738
19,120,finished,85,13692,207,Classic,30,LV,Neilands Krists,https://www.procyclingstats.com/rider/krists-neilands,Israel - Premier Tech,,,",,",1772,11738
19,121,finished,152,19130,134,Classic,33,FR,Démare Arnaud,https://www.procyclingstats.com/rider/arnaud-demare,Arkéa - B&B Hotels,,,",,",1772,11738
19,122,finished,157,19351,175,Classic,25,KZ,Fedorov Yevgeniy,https://www.procyclingstats.com/rider/yevgeniy-fedorov,XDS Astana Team,,,",,",1772,11738
19,123,finished,76,13087,206,GC,32,KZ,Lutsenko Alexey,https://www.procyclingstats.com/rider/aleksey-lutsenko,Israel - Premier Tech,,,",,",1772,11738
19,124,finished,50,10744,203,GC,22,GB,Blackmore Joseph,https://www.procyclingstats.com/rider/joseph-blackmore,Israel - Premier Tech,,,",,",1772,11738
19,125,finished,70,12846,17,Classic,30,BE,van Aert Wout,https://www.procyclingstats.com/rider/wout-van-aert,Team Visma | Lease a Bike,,,",,",1772,11738
19,126,finished,138,18451,45,Classic,25,BE,Rex Laurenz,https://www.procyclingstats.com/rider/laurenz-rex,Intermarché - Wanty,,,",,",1772,11738
19,127,finished,67,12389,225,Classic,30,NO,Hoelgaard Markus,https://www.procyclingstats.com/rider/markus-hoelgaard,Uno-X Mobility,,,",,",1772,11738
19,128,finished,141,18619,43,Classic,24,BE,Braet Vito,https://www.procyclingstats.com/rider/vito-braet,Intermarché - Wanty,,,",,",1772,11738
19,129,finished,79,13396,162,Classic,29,ES,Aranburu Alex,https://www.procyclingstats.com/rider/alex-aranburu,Cofidis,,,",,",1772,11738
19,130,finished,150,19064,52,Sprint,31,DE,Bauhaus Phil,https://www.procyclingstats.com/rider/phil-bauhaus,Bahrain - Victorious,,,",,",1772,11738
19,131,finished,118,16878,112,Sprint,27,IT,Dainese Alberto,https://www.procyclingstats.com/rider/alberto-dainese,Tudor Pro Cycling Team,,,",,",1772,11738
19,132,finished,151,19103,125,Hills,37,SI,Mezgec Luka,https://www.procyclingstats.com/rider/luka-mezgec,Team Jayco AlUla,,,",,",1772,11738
19,133,finished,134,18096,123,TT,34,AU,Durbridge Luke,https://www.procyclingstats.com/rider/luke-durbridge,Team Jayco AlUla,,,",,",1772,11738
19,134,finished,156,19346,47,GC,24,NL,van Sintmaartensdijk Roel,https://www.procyclingstats.com/rider/roel-van-sintmaartensdijk,Intermarché - Wanty,,,",,",1772,11738
19,135,finished,135,18267,92,Classic,24,GB,Askey Lewis,https://www.procyclingstats.com/rider/lewis-askey,Groupama - FDJ,,,",,",1772,11738
19,136,finished,117,16869,216,GC,34,AR,Sepúlveda Eduardo,https://www.procyclingstats.com/rider/eduardo-sepulveda,Lotto,,,",,",1772,11738
19,137,finished,142,18688,224,Sprint,22,NO,Edvardsen-Fredheim Stian,https://www.procyclingstats.com/rider/stian-fredheim,Uno-X Mobility,,,",,",1772,11738
19,138,finished,113,16513,83,Hills,22,BE,Nys Thibau,https://www.procyclingstats.com/rider/thibau-nys,Lidl - Trek,,,",,",1772,11738
19,139,finished,154,19228,172,Classic,30,IT,Ballerini Davide,https://www.procyclingstats.com/rider/davide-ballerini,XDS Astana Team,,,29:43,1783,11749
19,140,finished,143,18723,215,Classic,26,BE,Grignard Sébastien,https://www.procyclingstats.com/rider/sebastien-grignard,Lotto,,,",,",1783,11749
19,141,finished,146,18902,27,Classic,32,BE,Van Lerberghe Bert,https://www.procyclingstats.com/rider/bert-van-lerberghe,Soudal Quick-Step,,,29:47,1787,11753
19,142,finished,104,15343,74,Classic,31,IT,Moscon Gianni,https://www.procyclingstats.com/rider/gianni-moscon,Red Bull - BORA - hansgrohe,,,",,",1787,11753
19,143,finished,148,18959,204,Classic,36,CA,Boivin Guillaume,https://www.procyclingstats.com/rider/guillaume-boivin,Israel - Premier Tech,,,29:49,1789,11755
19,144,finished,120,16957,208,Hills,25,GB,Stewart Jake,https://www.procyclingstats.com/rider/jake-stewart,Israel - Premier Tech,,,",,",1789,11755
19,145,finished,158,19455,115,Classic,31,CH,Lienhard Fabian,https://www.procyclingstats.com/rider/fabian-lienhard,Tudor Pro Cycling Team,,,",,",1789,11755
19,146,finished,136,18304,214,GC,26,AU,Drizners Jarrad,https://www.procyclingstats.com/rider/jarrad-drizners,Lotto,,,",,",1789,11755
19,147,finished,144,18791,165,Classic,26,FR,Renard Alexis,https://www.procyclingstats.com/rider/alexis-renard,Cofidis,,,29:52,1792,11758
19,148,finished,131,17788,223,Hills,32,DK,Cort Magnus,https://www.procyclingstats.com/rider/magnus-cort-nielsen,Uno-X Mobility,,,",,",1792,11758
19,149,finished,128,17630,197,GC,26,NL,Naberman Tim,https://www.procyclingstats.com/rider/tim-naberman,Team Picnic PostNL,,,29:55,1795,11761
19,150,finished,98,14656,86,Classic,34,LV,Skujiņš Toms,https://www.procyclingstats.com/rider/toms-skujins,Lidl - Trek,,,29:58,1798,11764
19,151,finished,147,18934,24,Sprint,32,BE,Merlier Tim,https://www.procyclingstats.com/rider/tim-merlier,Soudal Quick-Step,,,",,",1798,11764
19,152,finished,132,17972,41,Classic,25,ER,Girmay Biniam,https://www.procyclingstats.com/rider/biniam-girmay,Intermarché - Wanty,,,30:14,1814,11780
19,153,finished,140,18550,44,Classic,24,FR,Page Hugo,https://www.procyclingstats.com/rider/hugo-page,Intermarché - Wanty,,,",,",1814,11780
19,154,finished,155,19326,53,TT,34,PL,Gradek Kamil,https://www.procyclingstats.com/rider/kamil-gradek,Bahrain - Victorious,,,",,",1814,11780
19,155,finished,137,18425,127,Classic,33,NL,Reinders Elmar,https://www.procyclingstats.com/rider/elmar-reinders,Team Jayco AlUla,,,30:16,1816,11782
19,156,finished,149,18999,124,Sprint,32,NL,Groenewegen Dylan,https://www.procyclingstats.com/rider/dylan-groenewegen,Team Jayco AlUla,,,",,",1816,11782
19,157,finished,139,18470,211,Classic,23,BE,De Lie Arnaud,https://www.procyclingstats.com/rider/arnaud-de-lie,Lotto,,,30:29,1829,11795
19,158,finished,123,17312,56,Classic,30,SI,Mohorič Matej,https://www.procyclingstats.com/rider/matej-mohoric,Bahrain - Victorious,,,30:41,1841,11807
19,159,finished,160,19795,82,Classic,30,IT,Consonni Simone,https://www.procyclingstats.com/rider/simone-consonni,Lidl - Trek,,,31:10,1870,11836
19,160,finished,161,19860,73,Classic,27,BE,Meeus Jordi,https://www.procyclingstats.com/rider/jordi-meeus,Red Bull - BORA - hansgrohe,,,",,",1870,11836
19,161,finished,159,19780,88,Classic,34,BE,Theuns Edward,https://www.procyclingstats.com/rider/edward-theuns,Lidl - Trek,,,32:02,1922,11888
20,1,finished,86,14009,103,Hills,26,AU,Groves Kaden,https://www.procyclingstats.com/rider/kaden-groves,Alpecin - Deceuninck,210.0,100.0,4:06:09,0,14769
20,2,finished,39,9944,198,GC,24,NL,van den Broek Frank,https://www.procyclingstats.com/rider/frank-van-den-broek,Team Picnic PostNL,150.0,70.0,0:54,54,14823
20,3,finished,49,10825,23,Classic,28,NL,Eenkhoorn Pascal,https://www.procyclingstats.com/rider/pascal-eenkhoorn,Soudal Quick-Step,110.0,50.0,0:59,59,14828
20,4,finished,38,9691,178,Classic,29,IT,Velasco Simone,https://www.procyclingstats.com/rider/simone-velasco,XDS Astana Team,90.0,40.0,1:04,64,14833
20,5,finished,34,8758,94,Classic,22,FR,Grégoire Romain,https://www.procyclingstats.com/rider/romain-gregoire,Groupama - FDJ,70.0,32.0,",,",64,14833
20,6,finished,108,16597,208,Hills,25,GB,Stewart Jake,https://www.procyclingstats.com/rider/jake-stewart,Israel - Premier Tech,55.0,26.0,",,",64,14833
20,7,finished,10,1962,186,Climber,26,FR,Jegat Jordan,https://www.procyclingstats.com/rider/jordan-jegat,TotalEnergies,45.0,22.0,",,",64,14833
20,8,finished,37,9504,7,GC,34,BE,Wellens Tim,https://www.procyclingstats.com/rider/tim-wellens,UAE Team Emirates - XRG,40.0,18.0,",,",64,14833
20,9,finished,19,5368,15,GC,26,US,Jorgenson Matteo,https://www.procyclingstats.com/rider/matteo-jorgenson,Team Visma | Lease a Bike,35.0,14.0,",,",64,14833
20,10,finished,35,8878,36,GC,27,AU,Sweeny Harry,https://www.procyclingstats.com/rider/harry-sweeny,EF Education - EasyPost,30.0,10.0,",,",64,14833
20,11,finished,99,15151,118,Classic,35,IT,Trentin Matteo,https://www.procyclingstats.com/rider/matteo-trentin,Tudor Pro Cycling Team,25.0,8.0,2:01,121,14890
20,12,finished,51,11195,133,GC,22,FR,Costiou Ewen,https://www.procyclingstats.com/rider/ewen-costiou,Arkéa - B&B Hotels,20.0,6.0,3:45,225,14994
20,13,finished,135,19228,172,Classic,30,IT,Ballerini Davide,https://www.procyclingstats.com/rider/davide-ballerini,XDS Astana Team,15.0,4.0,7:04,424,15193
20,14,finished,80,13768,177,Classic,32,NL,Teunissen Mike,https://www.procyclingstats.com/rider/mike-teunissen,XDS Astana Team,10.0,2.0,",,",424,15193
20,15,finished,71,12981,222,Classic,29,NO,Abrahamsen Jonas,https://www.procyclingstats.com/rider/jonas-abrahamsen,Uno-X Mobility,5.0,1.0,",,",424,15193
20,16,finished,106,16318,187,Classic,31,FR,Turgis Anthony,https://www.procyclingstats.com/rider/anthony-turgis,TotalEnergies,,,",,",424,15193
20,17,finished,82,13894,42,Classic,25,FR,Barré Louis,https://www.procyclingstats.com/rider/louis-barre,Intermarché - Wanty,,,",,",424,15193
20,18,finished,22,6226,104,GC,33,BE,Meurisse Xandro,https://www.procyclingstats.com/rider/xandro-meurisse,Alpecin - Deceuninck,,,",,",424,15193
20,19,finished,60,12194,184,GC,24,FR,Gachignard Thomas,https://www.procyclingstats.com/rider/thomas-gachignard,TotalEnergies,,,",,",424,15193
20,20,finished,61,12328,136,Hills,24,FR,Le Berre Mathis,https://www.procyclingstats.com/rider/mathis-le-berre,Arkéa - B&B Hotels,,,",,",424,15193
20,21,finished,100,15181,205,Classic,26,FR,Louvel Matis,https://www.procyclingstats.com/rider/matis-louvel,Israel - Premier Tech,,,",,",424,15193
20,22,finished,89,14084,75,Classic,23,NZ,Pithie Laurence,https://www.procyclingstats.com/rider/laurence-pithie,Red Bull - BORA - hansgrohe,,,",,",424,15193
20,23,finished,3,669,72,GC,24,DE,Lipowitz Florian,https://www.procyclingstats.com/rider/florian-lipowitz,Red Bull - BORA - hansgrohe,,,",,",424,15193
20,24,finished,6,1214,221,Climber,25,NO,Johannessen Tobias Halland,https://www.procyclingstats.com/rider/tobias-halland-johannessen,Uno-X Mobility,,,",,",424,15193
20,25,finished,7,1355,131,GC,24,FR,Vauquelin Kévin,https://www.procyclingstats.com/rider/kevin-vauquelin,Arkéa - B&B Hotels,,,",,",424,15193
20,26,finished,64,12389,225,Classic,30,NO,Hoelgaard Markus,https://www.procyclingstats.com/rider/markus-hoelgaard,Uno-X Mobility,,,",,",424,15193
20,27,finished,47,10732,35,Classic,28,US,Powless Neilson,https://www.procyclingstats.com/rider/neilson-powless,EF Education - EasyPost,,,",,",424,15193
20,28,finished,9,1682,31,Climber,24,IE,Healy Ben,https://www.procyclingstats.com/rider/ben-healy,EF Education - EasyPost,,,",,",424,15193
20,29,finished,68,12901,26,GC,31,DE,Schachmann Maximilian,https://www.procyclingstats.com/rider/maximilian-schachmann,Soudal Quick-Step,,,",,",424,15193
20,30,finished,66,12792,212,Classic,24,BE,Berckmoes Jenno,https://www.procyclingstats.com/rider/jenno-berckmoes,Lotto,,,",,",424,15193
20,31,finished,67,12846,17,Classic,30,BE,van Aert Wout,https://www.procyclingstats.com/rider/wout-van-aert,Team Visma | Lease a Bike,,,",,",424,15193
20,32,finished,1,0,1,Climber,26,SI,Pogačar Tadej,https://www.procyclingstats.com/rider/tadej-pogacar,UAE Team Emirates - XRG,,,",,",424,15193
20,33,finished,113,17210,76,Classic,25,NL,van Dijke Mick,https://www.procyclingstats.com/rider/mick-van-dijke,Red Bull - BORA - hansgrohe,,,",,",424,15193
20,34,finished,2,264,11,GC,28,DK,Vingegaard Jonas,https://www.procyclingstats.com/rider/jonas-vingegaard,Team Visma | Lease a Bike,,,",,",424,15193
20,35,finished,8,1530,71,Climber,35,SI,Roglič Primož,https://www.procyclingstats.com/rider/primoz-roglic,Red Bull - BORA - hansgrohe,,,",,",424,15193
20,36,finished,15,4650,18,Climber,32,GB,Yates Simon,https://www.procyclingstats.com/rider/simon-yates,Team Visma | Lease a Bike,,,",,",424,15193
20,37,finished,20,5775,137,GC,30,ES,Rodríguez Cristián,https://www.procyclingstats.com/rider/cristian-rodriguez,Arkéa - B&B Hotels,,,",,",424,15193
20,38,finished,69,12902,164,GC,36,ES,Izagirre Ion,https://www.procyclingstats.com/rider/ion-izagirre,Cofidis,,,",,",424,15193
20,39,finished,26,8158,135,Climber,24,ES,García Pierna Raúl,https://www.procyclingstats.com/rider/raul-garcia-pierna,Arkéa - B&B Hotels,,,",,",424,15193
20,40,finished,32,8594,28,GC,25,BE,Van Wilder Ilan,https://www.procyclingstats.com/rider/ilan-van-wilder,Soudal Quick-Step,,,",,",424,15193
20,41,finished,91,14305,33,TT,30,DK,Asgreen Kasper,https://www.procyclingstats.com/rider/kasper-asgreen,EF Education - EasyPost,,,",,",424,15193
20,42,finished,14,4099,176,Climber,27,CO,Higuita Sergio,https://www.procyclingstats.com/rider/sergio-higuita,XDS Astana Team,,,",,",424,15193
20,43,finished,21,5986,95,Classic,29,FR,Madouas Valentin,https://www.procyclingstats.com/rider/valentin-madouas,Groupama - FDJ,,,",,",424,15193
20,44,finished,4,732,191,GC,22,GB,Onley Oscar,https://www.procyclingstats.com/rider/oscar-onley,Team Picnic PostNL,,,",,",424,15193
20,45,finished,73,13168,155,Classic,34,BE,Naesen Oliver,https://www.procyclingstats.com/rider/oliver-naesen,Decathlon AG2R La Mondiale Team,,,",,",424,15193
20,46,finished,77,13596,158,Classic,23,FR,Tronchon Bastien,https://www.procyclingstats.com/rider/bastien-tronchon,Decathlon AG2R La Mondiale Team,,,",,",424,15193
20,47,finished,5,1032,151,Climber,27,AT,Gall Felix,https://www.procyclingstats.com/rider/felix-gall,Decathlon AG2R La Mondiale Team,,,",,",424,15193
20,48,finished,41,10025,25,Climber,24,FR,Paret-Peintre Valentin,https://www.procyclingstats.com/rider/valentin-paret-peintre,Soudal Quick-Step,,,",,",424,15193
20,49,finished,90,14148,166,GC,33,BE,Teuns Dylan,https://www.procyclingstats.com/rider/dylan-teuns,Cofidis,,,",,",424,15193
20,50,finished,57,11684,227,GC,26,NO,Leknessund Andreas,https://www.procyclingstats.com/rider/andreas-leknessund,Uno-X Mobility,,,",,",424,15193
20,51,finished,55,11548,183,Classic,27,FR,Delettre Alexandre,https://www.procyclingstats.com/rider/alexandre-delettre,TotalEnergies,,,",,",424,15193
20,52,finished,83,13998,116,Hills,24,DE,Mayrhofer Marius,https://www.procyclingstats.com/rider/marius-mayrhofer,Tudor Pro Cycling Team,,,",,",424,15193
20,53,finished,78,13717,114,Classic,26,CH,Hirschi Marc,https://www.procyclingstats.com/rider/marc-hirschi,Tudor Pro Cycling Team,,,",,",424,15193
20,54,finished,18,5297,146,GC,31,AT,Mühlberger Gregor,https://www.procyclingstats.com/rider/gregor-muhlberger,Movistar Team,,,",,",424,15193
20,55,finished,96,14811,195,Classic,22,DK,Andresen Tobias Lund,https://www.procyclingstats.com/rider/tobias-lund-andresen,Team Picnic PostNL,,,",,",424,15193
20,56,finished,11,2074,121,GC,29,AU,O'Connor Ben,https://www.procyclingstats.com/rider/ben-o-connor,Team Jayco AlUla,,,",,",424,15193
20,57,finished,12,3161,62,GC,25,NL,Arensman Thymen,https://www.procyclingstats.com/rider/thymen-arensman,INEOS Grenadiers,,,",,",424,15193
20,58,finished,95,14656,86,Classic,34,LV,Skujiņš Toms,https://www.procyclingstats.com/rider/toms-skujins,Lidl - Trek,,,",,",424,15193
20,59,finished,62,12371,87,Classic,33,BE,Stuyven Jasper,https://www.procyclingstats.com/rider/jasper-stuyven,Lidl - Trek,,,",,",424,15193
20,60,finished,53,11410,65,Hills,24,FR,Laurance Axel,https://www.procyclingstats.com/rider/axel-laurance,INEOS Grenadiers,,,",,",424,15193
20,61,finished,48,10744,203,GC,22,GB,Blackmore Joseph,https://www.procyclingstats.com/rider/joseph-blackmore,Israel - Premier Tech,,,",,",424,15193
20,62,finished,75,13485,4,Classic,31,DE,Politt Nils,https://www.procyclingstats.com/rider/nils-politt,UAE Team Emirates - XRG,,,",,",424,15193
20,63,finished,25,7972,156,GC,29,FR,Paret-Peintre Aurélien,https://www.procyclingstats.com/rider/aurelien-paret-peintre,Decathlon AG2R La Mondiale Team,,,",,",424,15193
20,64,finished,30,8494,161,GC,32,DE,Buchmann Emanuel,https://www.procyclingstats.com/rider/emanuel-buchmann,Cofidis,,,",,",424,15193
20,65,finished,70,12915,63,TT,28,NO,Foss Tobias,https://www.procyclingstats.com/rider/tobias-foss,INEOS Grenadiers,,,",,",424,15193
20,66,finished,115,17414,68,Hills,23,GB,Watson Samuel,https://www.procyclingstats.com/rider/samuel-watson,INEOS Grenadiers,,,",,",424,15193
20,67,finished,31,8516,148,Climber,27,CO,Rubio Einer,https://www.procyclingstats.com/rider/einer-rubio,Movistar Team,,,",,",424,15193
20,68,finished,42,10251,117,Climber,28,AU,Storer Michael,https://www.procyclingstats.com/rider/michael-storer,Tudor Pro Cycling Team,,,",,",424,15193
20,69,finished,16,4687,91,Climber,32,FR,Martin Guillaume,https://www.procyclingstats.com/rider/guillaume-martin,Groupama - FDJ,,,",,",424,15193
20,70,finished,52,11219,201,Climber,38,CA,Woods Michael,https://www.procyclingstats.com/rider/michael-woods,Israel - Premier Tech,,,",,",424,15193
20,71,finished,76,13562,226,GC,25,NO,Johannessen Anders Halland,https://www.procyclingstats.com/rider/anders-halland-johannessen,Uno-X Mobility,,,",,",424,15193
20,72,finished,29,8461,6,Climber,31,ES,Soler Marc,https://www.procyclingstats.com/rider/marc-soler,UAE Team Emirates - XRG,,,",,",424,15193
20,73,finished,13,3876,3,Hills,28,EC,Narváez Jhonatan,https://www.procyclingstats.com/rider/jhonatan-narvaez,UAE Team Emirates - XRG,,,",,",424,15193
20,74,finished,101,15240,128,Hills,25,CH,Schmid Mauro,https://www.procyclingstats.com/rider/mauro-schmid,Team Jayco AlUla,,,",,",424,15193
20,75,finished,43,10359,138,Classic,31,FR,Venturini Clément,https://www.procyclingstats.com/rider/clement-venturini,Arkéa - B&B Hotels,,,",,",424,15193
20,76,finished,94,14508,168,Classic,29,FR,Touzé Damien,https://www.procyclingstats.com/rider/damien-touze,Cofidis,,,",,",424,15193
20,77,finished,50,10992,152,TT,31,FR,Armirail Bruno,https://www.procyclingstats.com/rider/bruno-armirail,Decathlon AG2R La Mondiale Team,,,11:11,671,15440
20,78,finished,93,14504,98,Classic,30,FR,Russo Clément,https://www.procyclingstats.com/rider/clement-russo,Groupama - FDJ,,,13:17,797,15566
20,79,finished,127,18640,92,Classic,24,GB,Askey Lewis,https://www.procyclingstats.com/rider/lewis-askey,Groupama - FDJ,,,",,",797,15566
20,80,finished,46,10575,34,Climber,24,FR,Baudin Alex,https://www.procyclingstats.com/rider/alex-baudin,EF Education - EasyPost,,,",,",797,15566
20,81,finished,120,18003,197,GC,26,NL,Naberman Tim,https://www.procyclingstats.com/rider/tim-naberman,Team Picnic PostNL,,,",,",797,15566
20,82,finished,23,6489,192,Climber,33,FR,Barguil Warren,https://www.procyclingstats.com/rider/warren-barguil,Team Picnic PostNL,,,",,",797,15566
20,83,finished,81,13769,162,Classic,29,ES,Aranburu Alex,https://www.procyclingstats.com/rider/alex-aranburu,Cofidis,,,",,",797,15566
20,84,finished,88,14065,207,Classic,30,LV,Neilands Krists,https://www.procyclingstats.com/rider/krists-neilands,Israel - Premier Tech,,,",,",797,15566
20,85,finished,129,18677,214,GC,26,AU,Drizners Jarrad,https://www.procyclingstats.com/rider/jarrad-drizners,Lotto,,,",,",797,15566
20,86,finished,84,13999,218,Classic,27,BE,Van Moer Brent,https://www.procyclingstats.com/rider/brent-van-moer,Lotto,,,",,",797,15566
20,87,finished,79,13745,55,Climber,22,FR,Martinez Lenny,https://www.procyclingstats.com/rider/lenny-martinez,Bahrain - Victorious,,,",,",797,15566
20,88,finished,98,15077,105,Classic,31,BE,Rickaert Jonas,https://www.procyclingstats.com/rider/jonas-rickaert,Alpecin - Deceuninck,,,22:17,1337,16106
20,89,finished,54,11419,13,Classic,31,BE,Benoot Tiesj,https://www.procyclingstats.com/rider/tiesj-benoot,Team Visma | Lease a Bike,,,",,",1337,16106
20,90,finished,36,9170,153,Climber,27,FR,Berthet Clément,https://www.procyclingstats.com/rider/clement-berthet,Decathlon AG2R La Mondiale Team,,,",,",1337,16106
20,91,finished,40,9948,51,Climber,25,CO,Buitrago Santiago,https://www.procyclingstats.com/rider/santiago-buitrago-sanchez,Bahrain - Victorious,,,",,",1337,16106
20,92,finished,44,10474,171,Climber,28,CO,Tejada Harold,https://www.procyclingstats.com/rider/harold-tejada,XDS Astana Team,,,",,",1337,16106
20,93,finished,45,10560,96,Hills,33,FR,Pacher Quentin,https://www.procyclingstats.com/rider/quentin-pacher,Groupama - FDJ,,,",,",1337,16106
20,94,finished,118,17693,12,TT,29,IT,Affini Edoardo,https://www.procyclingstats.com/rider/edoardo-affini,Team Visma | Lease a Bike,,,",,",1337,16106
20,95,finished,58,11697,61,GC,39,GB,Thomas Geraint,https://www.procyclingstats.com/rider/geraint-thomas,INEOS Grenadiers,,,",,",1337,16106
20,96,finished,28,8436,14,TT,33,BE,Campenaerts Victor,https://www.procyclingstats.com/rider/victor-campenaerts,Team Visma | Lease a Bike,,,",,",1337,16106
20,97,finished,138,19463,44,Classic,24,FR,Page Hugo,https://www.procyclingstats.com/rider/hugo-page,Intermarché - Wanty,,,",,",1337,16106
20,98,finished,111,17084,97,Classic,23,FR,Penhoët Paul,https://www.procyclingstats.com/rider/paul-penhoet,Groupama - FDJ,,,",,",1337,16106
20,99,finished,17,4824,16,Climber,30,US,Kuss Sepp,https://www.procyclingstats.com/rider/sepp-kuss,Team Visma | Lease a Bike,,,",,",1337,16106
20,100,finished,65,12481,108,Climber,23,BE,Verstrynge Emiel,https://www.procyclingstats.com/rider/emiel-verstrynge,Alpecin - Deceuninck,,,",,",1337,16106
20,101,finished,33,8740,157,GC,28,AU,Scotson Callum,https://www.procyclingstats.com/rider/callum-scotson,Decathlon AG2R La Mondiale Team,,,",,",1337,16106
20,102,finished,24,6521,8,Climber,32,GB,Yates Adam,https://www.procyclingstats.com/rider/adam-yates,UAE Team Emirates - XRG,,,",,",1337,16106
20,103,finished,104,15772,58,Hills,26,GB,Wright Fred,https://www.procyclingstats.com/rider/alfred-wright,Bahrain - Victorious,,,",,",1337,16106
20,104,finished,72,13021,37,Classic,33,DK,Valgren Michael,https://www.procyclingstats.com/rider/michael-valgren-andersen,EF Education - EasyPost,,,",,",1337,16106
20,105,finished,119,17791,112,Sprint,27,IT,Dainese Alberto,https://www.procyclingstats.com/rider/alberto-dainese,Tudor Pro Cycling Team,,,",,",1337,16106
20,106,finished,27,8175,78,Climber,29,RU,Vlasov Aleksandr,https://www.procyclingstats.com/rider/aleksandr-vlasov,Red Bull - BORA - hansgrohe,,,",,",1337,16106
20,107,finished,59,11865,84,Hills,24,US,Simmons Quinn,https://www.procyclingstats.com/rider/quinn-simmons,Lidl - Trek,,,",,",1337,16106
20,108,finished,102,15607,142,TT,29,US,Barta Will,https://www.procyclingstats.com/rider/william-barta,Movistar Team,,,",,",1337,16106
20,109,finished,105,16256,74,Classic,31,IT,Moscon Gianni,https://www.procyclingstats.com/rider/gianni-moscon,Red Bull - BORA - hansgrohe,,,",,",1337,16106
20,110,finished,139,19601,224,Sprint,22,NO,Edvardsen-Fredheim Stian,https://www.procyclingstats.com/rider/stian-fredheim,Uno-X Mobility,,,",,",1337,16106
20,111,finished,132,18895,41,Classic,25,ER,Girmay Biniam,https://www.procyclingstats.com/rider/biniam-girmay,Intermarché - Wanty,,,22:27,1347,16116
20,112,finished,130,18711,223,Hills,32,DK,Cort Magnus,https://www.procyclingstats.com/rider/magnus-cort-nielsen,Uno-X Mobility,,,",,",1347,16116
20,113,finished,74,13263,144,TT,36,PT,Oliveira Nelson,https://www.procyclingstats.com/rider/nelson-oliveira,Movistar Team,,,",,",1347,16116
20,114,finished,124,18393,188,Hills,24,FR,Vercher Mattéo,https://www.procyclingstats.com/rider/matheo-vercher,TotalEnergies,,,22:29,1349,16118
20,115,finished,117,17598,145,Classic,29,ES,García Cortina Iván,https://www.procyclingstats.com/rider/ivan-garcia-cortina,Movistar Team,,,",,",1349,16118
20,116,finished,107,16429,147,GC,21,ES,Romeo Iván,https://www.procyclingstats.com/rider/ivan-romeo,Movistar Team,,,22:33,1353,16122
20,117,finished,110,16971,143,Climber,24,ES,Castrillo Pablo,https://www.procyclingstats.com/rider/pablo-castrillo-zapater,Movistar Team,,,",,",1353,16122
20,118,finished,116,17442,83,Hills,22,BE,Nys Thibau,https://www.procyclingstats.com/rider/thibau-nys,Lidl - Trek,,,",,",1353,16122
20,119,finished,158,20905,73,Classic,27,BE,Meeus Jordi,https://www.procyclingstats.com/rider/jordi-meeus,Red Bull - BORA - hansgrohe,,,24:29,1469,16238
20,120,finished,85,14007,174,Climber,27,FR,Champoussin Clément,https://www.procyclingstats.com/rider/clement-champoussin,XDS Astana Team,,,",,",1469,16238
20,121,finished,122,18174,216,GC,34,AR,Sepúlveda Eduardo,https://www.procyclingstats.com/rider/eduardo-sepulveda,Lotto,,,28:49,1729,16498
20,122,finished,87,14059,5,GC,28,FR,Sivakov Pavel,https://www.procyclingstats.com/rider/pavel-sivakov,UAE Team Emirates - XRG,,,",,",1729,16498
20,123,finished,128,18667,46,Classic,27,DE,Rutsch Jonas,https://www.procyclingstats.com/rider/jonas-rutsch,Intermarché - Wanty,,,",,",1729,16498
20,124,finished,141,19756,45,Classic,25,BE,Rex Laurenz,https://www.procyclingstats.com/rider/laurenz-rex,Intermarché - Wanty,,,",,",1729,16498
20,125,finished,126,18617,56,Classic,30,SI,Mohorič Matej,https://www.procyclingstats.com/rider/matej-mohoric,Bahrain - Victorious,,,",,",1729,16498
20,126,finished,121,18154,126,GC,24,AU,Plapp Luke,https://www.procyclingstats.com/rider/luke-plapp,Team Jayco AlUla,,,",,",1729,16498
20,127,finished,155,20631,53,TT,34,PL,Gradek Kamil,https://www.procyclingstats.com/rider/kamil-gradek,Bahrain - Victorious,,,",,",1729,16498
20,128,finished,123,18210,57,Hills,26,AU,Stannard Robert,https://www.procyclingstats.com/rider/robert-stannard,Bahrain - Victorious,,,",,",1729,16498
20,129,finished,109,16830,67,Classic,29,GB,Swift Connor,https://www.procyclingstats.com/rider/connor-swift,INEOS Grenadiers,,,",,",1729,16498
20,130,finished,144,20028,215,Classic,26,BE,Grignard Sébastien,https://www.procyclingstats.com/rider/sebastien-grignard,Lotto,,,",,",1729,16498
20,131,finished,145,20096,165,Classic,26,FR,Renard Alexis,https://www.procyclingstats.com/rider/alexis-renard,Cofidis,,,",,",1729,16498
20,132,finished,131,18852,102,Classic,34,CH,Dillier Silvan,https://www.procyclingstats.com/rider/silvan-dillier,Alpecin - Deceuninck,,,",,",1729,16498
20,133,finished,140,19730,127,Classic,33,NL,Reinders Elmar,https://www.procyclingstats.com/rider/elmar-reinders,Team Jayco AlUla,,,",,",1729,16498
20,134,finished,137,19401,123,TT,34,AU,Durbridge Luke,https://www.procyclingstats.com/rider/luke-durbridge,Team Jayco AlUla,,,",,",1729,16498
20,135,finished,136,19358,132,Classic,32,BE,Capiot Amaury,https://www.procyclingstats.com/rider/amaury-capiot,Arkéa - B&B Hotels,,,",,",1729,16498
20,136,finished,150,20304,124,Sprint,32,NL,Groenewegen Dylan,https://www.procyclingstats.com/rider/dylan-groenewegen,Team Jayco AlUla,,,",,",1729,16498
20,137,finished,147,20207,27,Classic,32,BE,Van Lerberghe Bert,https://www.procyclingstats.com/rider/bert-van-lerberghe,Soudal Quick-Step,,,",,",1729,16498
20,138,finished,153,20435,134,Classic,33,FR,Démare Arnaud,https://www.procyclingstats.com/rider/arnaud-demare,Arkéa - B&B Hotels,,,",,",1729,16498
20,139,finished,149,20264,204,Classic,36,CA,Boivin Guillaume,https://www.procyclingstats.com/rider/guillaume-boivin,Israel - Premier Tech,,,",,",1729,16498
20,140,finished,97,14964,113,Classic,34,AT,Haller Marco,https://www.procyclingstats.com/rider/marco-haller,Tudor Pro Cycling Team,,,",,",1729,16498
20,141,finished,152,20408,125,Hills,37,SI,Mezgec Luka,https://www.procyclingstats.com/rider/luka-mezgec,Team Jayco AlUla,,,",,",1729,16498
20,142,finished,157,20760,115,Classic,31,CH,Lienhard Fabian,https://www.procyclingstats.com/rider/fabian-lienhard,Tudor Pro Cycling Team,,,",,",1729,16498
20,143,finished,151,20369,52,Sprint,31,DE,Bauhaus Phil,https://www.procyclingstats.com/rider/phil-bauhaus,Bahrain - Victorious,,,",,",1729,16498
20,144,finished,134,19093,194,GC,25,GB,Flynn Sean,https://www.procyclingstats.com/rider/sean-flynn,Team Picnic PostNL,,,",,",1729,16498
20,145,finished,148,20239,24,Sprint,32,BE,Merlier Tim,https://www.procyclingstats.com/rider/tim-merlier,Soudal Quick-Step,,,",,",1729,16498
20,146,finished,133,19064,193,Sprint,22,CZ,Bittner Pavel,https://www.procyclingstats.com/rider/pavel-bittner,Team Picnic PostNL,,,",,",1729,16498
20,147,finished,103,15749,107,Classic,32,BE,Vermeersch Gianni,https://www.procyclingstats.com/rider/gianni-vermeersch,Alpecin - Deceuninck,,,",,",1729,16498
20,148,finished,63,12378,182,Hills,26,FR,Burgaudeau Mathieu,https://www.procyclingstats.com/rider/mathieu-burgaudeau,TotalEnergies,,,",,",1729,16498
20,149,finished,159,21085,88,Classic,34,BE,Theuns Edward,https://www.procyclingstats.com/rider/edward-theuns,Lidl - Trek,,,",,",1729,16498
20,150,finished,146,20135,81,Sprint,24,IT,Milan Jonathan,https://www.procyclingstats.com/rider/jonathan-milan,Lidl - Trek,,,",,",1729,16498
20,151,finished,160,21100,82,Classic,30,IT,Consonni Simone,https://www.procyclingstats.com/rider/simone-consonni,Lidl - Trek,,,",,",1729,16498
20,152,finished,156,20651,47,GC,24,NL,van Sintmaartensdijk Roel,https://www.procyclingstats.com/rider/roel-van-sintmaartensdijk,Intermarché - Wanty,,,",,",1729,16498
20,153,finished,143,19924,43,Classic,24,BE,Braet Vito,https://www.procyclingstats.com/rider/vito-braet,Intermarché - Wanty,,,",,",1729,16498
20,154,finished,114,17300,32,Hills,28,IT,Albanese Vincenzo,https://www.procyclingstats.com/rider/vincenzo-albanese,EF Education - EasyPost,,,",,",1729,16498
20,155,finished,92,14392,206,GC,32,KZ,Lutsenko Alexey,https://www.procyclingstats.com/rider/aleksey-lutsenko,Israel - Premier Tech,,,",,",1729,16498
20,156,finished,125,18597,202,Sprint,31,DE,Ackermann Pascal,https://www.procyclingstats.com/rider/pascal-ackermann,Israel - Premier Tech,,,",,",1729,16498
20,157,finished,112,17183,196,Sprint,26,DE,Märkl Niklas,https://www.procyclingstats.com/rider/niklas-markl,Team Picnic PostNL,,,",,",1729,16498
20,158,finished,154,20476,167,TT,29,FR,Thomas Benjamin,https://www.procyclingstats.com/rider/benjamin-thomas-2,Cofidis,,,",,",1729,16498
20,159,finished,142,19775,211,Classic,23,BE,De Lie Arnaud,https://www.procyclingstats.com/rider/arnaud-de-lie,Lotto,,,",,",1729,16498
20,160,finished,56,11600,111,Classic,33,FR,Alaphilippe Julian,https://www.procyclingstats.com/rider/julian-alaphilippe,Tudor Pro Cycling Team,,,",,",1729,16498
20,,DNS,,,175,Classic,25,KZ,Fedorov Yevgeniy,https://www.procyclingstats.com/rider/yevgeniy-fedorov,XDS Astana Team,,,,,
21,1,finished,67,12836,17,Classic,30,BE,van Aert Wout,https://www.procyclingstats.com/rider/wout-van-aert,Team Visma | Lease a Bike,210.0,100.0,3:07:30,0,11250
21,2,finished,135,19222,172,Classic,30,IT,Ballerini Davide,https://www.procyclingstats.com/rider/davide-ballerini,XDS Astana Team,150.0,70.0,0:19,19,11269
21,3,finished,126,18613,56,Classic,30,SI,Mohorič Matej,https://www.procyclingstats.com/rider/matej-mohoric,Bahrain - Victorious,110.0,50.0,",,",19,11269
21,4,finished,1,0,1,Climber,26,SI,Pogačar Tadej,https://www.procyclingstats.com/rider/tadej-pogacar,UAE Team Emirates - XRG,90.0,40.0,",,",19,11269
21,5,finished,19,5368,15,GC,26,US,Jorgenson Matteo,https://www.procyclingstats.com/rider/matteo-jorgenson,Team Visma | Lease a Bike,70.0,32.0,0:26,26,11276
21,6,finished,99,15151,118,Classic,35,IT,Trentin Matteo,https://www.procyclingstats.com/rider/matteo-trentin,Tudor Pro Cycling Team,55.0,26.0,0:38,38,11288
21,7,finished,142,19775,211,Classic,23,BE,De Lie Arnaud,https://www.procyclingstats.com/rider/arnaud-de-lie,Lotto,45.0,22.0,1:14,74,11324
21,8,finished,7,1355,131,GC,24,FR,Vauquelin Kévin,https://www.procyclingstats.com/rider/kevin-vauquelin,Arkéa - B&B Hotels,40.0,18.0,",,",74,11324
21,9,finished,80,13768,177,Classic,32,NL,Teunissen Mike,https://www.procyclingstats.com/rider/mike-teunissen,XDS Astana Team,35.0,14.0,",,",74,11324
21,10,finished,90,14148,166,GC,33,BE,Teuns Dylan,https://www.procyclingstats.com/rider/dylan-teuns,Cofidis,30.0,10.0,",,",74,11324
21,11,finished,86,14009,103,Hills,26,AU,Groves Kaden,https://www.procyclingstats.com/rider/kaden-groves,Alpecin - Deceuninck,25.0,8.0,1:22,82,11332
21,12,finished,96,14811,195,Classic,22,DK,Andresen Tobias Lund,https://www.procyclingstats.com/rider/tobias-lund-andresen,Team Picnic PostNL,20.0,6.0,",,",82,11332
21,13,finished,132,18895,41,Classic,25,ER,Girmay Biniam,https://www.procyclingstats.com/rider/biniam-girmay,Intermarché - Wanty,15.0,4.0,",,",82,11332
21,14,finished,81,13769,162,Classic,29,ES,Aranburu Alex,https://www.procyclingstats.com/rider/alex-aranburu,Cofidis,10.0,2.0,",,",82,11332
21,15,finished,47,10732,35,Classic,28,US,Powless Neilson,https://www.procyclingstats.com/rider/neilson-powless,EF Education - EasyPost,5.0,1.0,",,",82,11332
21,16,finished,71,12981,222,Classic,29,NO,Abrahamsen Jonas,https://www.procyclingstats.com/rider/jonas-abrahamsen,Uno-X Mobility,,,",,",82,11332
21,17,finished,41,10025,25,Climber,24,FR,Paret-Peintre Valentin,https://www.procyclingstats.com/rider/valentin-paret-peintre,Soudal Quick-Step,,,",,",82,11332
21,18,finished,93,14504,98,Classic,30,FR,Russo Clément,https://www.procyclingstats.com/rider/clement-russo,Groupama - FDJ,,,",,",82,11332
21,19,finished,56,11600,111,Classic,33,FR,Alaphilippe Julian,https://www.procyclingstats.com/rider/julian-alaphilippe,Tudor Pro Cycling Team,,,",,",82,11332
21,20,finished,53,11410,65,Hills,24,FR,Laurance Axel,https://www.procyclingstats.com/rider/axel-laurance,INEOS Grenadiers,,,",,",82,11332
21,21,finished,28,8436,14,TT,33,BE,Campenaerts Victor,https://www.procyclingstats.com/rider/victor-campenaerts,Team Visma | Lease a Bike,,,1:34,94,11344
21,22,finished,104,15772,58,Hills,26,GB,Wright Fred,https://www.procyclingstats.com/rider/alfred-wright,Bahrain - Victorious,,,1:46,106,11356
21,23,finished,77,13596,158,Classic,23,FR,Tronchon Bastien,https://www.procyclingstats.com/rider/bastien-tronchon,Decathlon AG2R La Mondiale Team,,,2:07,127,11377
21,24,finished,25,7972,156,GC,29,FR,Paret-Peintre Aurélien,https://www.procyclingstats.com/rider/aurelien-paret-peintre,Decathlon AG2R La Mondiale Team,,,",,",127,11377
21,25,finished,66,12792,212,Classic,24,BE,Berckmoes Jenno,https://www.procyclingstats.com/rider/jenno-berckmoes,Lotto,,,",,",127,11377
21,26,finished,62,12371,87,Classic,33,BE,Stuyven Jasper,https://www.procyclingstats.com/rider/jasper-stuyven,Lidl - Trek,,,",,",127,11377
21,27,finished,133,19064,193,Sprint,22,CZ,Bittner Pavel,https://www.procyclingstats.com/rider/pavel-bittner,Team Picnic PostNL,,,3:20,200,11450
21,28,finished,100,15181,205,Classic,26,FR,Louvel Matis,https://www.procyclingstats.com/rider/matis-louvel,Israel - Premier Tech,,,3:42,222,11472
21,29,finished,49,10825,23,Classic,28,NL,Eenkhoorn Pascal,https://www.procyclingstats.com/rider/pascal-eenkhoorn,Soudal Quick-Step,,,4:34,274,11524
21,30,finished,127,18640,92,Classic,24,GB,Askey Lewis,https://www.procyclingstats.com/rider/lewis-askey,Groupama - FDJ,,,5:08,308,11558
21,31,finished,108,16597,208,Hills,25,GB,Stewart Jake,https://www.procyclingstats.com/rider/jake-stewart,Israel - Premier Tech,,,",,",308,11558
21,32,finished,95,14656,86,Classic,34,LV,Skujiņš Toms,https://www.procyclingstats.com/rider/toms-skujins,Lidl - Trek,,,",,",308,11558
21,33,finished,149,20264,204,Classic,36,CA,Boivin Guillaume,https://www.procyclingstats.com/rider/guillaume-boivin,Israel - Premier Tech,,,",,",308,11558
21,34,finished,88,14065,207,Classic,30,LV,Neilands Krists,https://www.procyclingstats.com/rider/krists-neilands,Israel - Premier Tech,,,",,",308,11558
21,35,finished,134,19093,194,GC,25,GB,Flynn Sean,https://www.procyclingstats.com/rider/sean-flynn,Team Picnic PostNL,,,",,",308,11558
21,36,finished,117,17598,145,Classic,29,ES,García Cortina Iván,https://www.procyclingstats.com/rider/ivan-garcia-cortina,Movistar Team,,,",,",308,11558
21,37,finished,58,11697,61,GC,39,GB,Thomas Geraint,https://www.procyclingstats.com/rider/geraint-thomas,INEOS Grenadiers,,,",,",308,11558
21,38,finished,60,12194,184,GC,24,FR,Gachignard Thomas,https://www.procyclingstats.com/rider/thomas-gachignard,TotalEnergies,,,",,",308,11558
21,39,finished,55,11548,183,Classic,27,FR,Delettre Alexandre,https://www.procyclingstats.com/rider/alexandre-delettre,TotalEnergies,,,",,",308,11558
21,40,finished,91,14305,33,TT,30,DK,Asgreen Kasper,https://www.procyclingstats.com/rider/kasper-asgreen,EF Education - EasyPost,,,",,",308,11558
21,41,finished,146,20135,81,Sprint,24,IT,Milan Jonathan,https://www.procyclingstats.com/rider/jonathan-milan,Lidl - Trek,,,",,",308,11558
21,42,finished,109,16830,67,Classic,29,GB,Swift Connor,https://www.procyclingstats.com/rider/connor-swift,INEOS Grenadiers,,,",,",308,11558
21,43,finished,21,5986,95,Classic,29,FR,Madouas Valentin,https://www.procyclingstats.com/rider/valentin-madouas,Groupama - FDJ,,,",,",308,11558
21,44,finished,16,4687,91,Climber,32,FR,Martin Guillaume,https://www.procyclingstats.com/rider/guillaume-martin,Groupama - FDJ,,,",,",308,11558
21,45,finished,152,20408,125,Hills,37,SI,Mezgec Luka,https://www.procyclingstats.com/rider/luka-mezgec,Team Jayco AlUla,,,",,",308,11558
21,46,finished,150,20304,124,Sprint,32,NL,Groenewegen Dylan,https://www.procyclingstats.com/rider/dylan-groenewegen,Team Jayco AlUla,,,",,",308,11558
21,47,finished,123,18210,57,Hills,26,AU,Stannard Robert,https://www.procyclingstats.com/rider/robert-stannard,Bahrain - Victorious,,,",,",308,11558
21,48,finished,69,12902,164,GC,36,ES,Izagirre Ion,https://www.procyclingstats.com/rider/ion-izagirre,Cofidis,,,",,",308,11558
21,49,finished,43,10359,138,Classic,31,FR,Venturini Clément,https://www.procyclingstats.com/rider/clement-venturini,Arkéa - B&B Hotels,,,",,",308,11558
21,50,finished,23,6489,192,Climber,33,FR,Barguil Warren,https://www.procyclingstats.com/rider/warren-barguil,Team Picnic PostNL,,,5:14,314,11564
21,51,finished,158,20905,73,Classic,27,BE,Meeus Jordi,https://www.procyclingstats.com/rider/jordi-meeus,Red Bull - BORA - hansgrohe,,,",,",314,11564
21,52,finished,3,660,72,GC,24,DE,Lipowitz Florian,https://www.procyclingstats.com/rider/florian-lipowitz,Red Bull - BORA - hansgrohe,,,",,",314,11564
21,53,finished,153,20435,134,Classic,33,FR,Démare Arnaud,https://www.procyclingstats.com/rider/arnaud-demare,Arkéa - B&B Hotels,,,5:56,356,11606
21,54,finished,70,12915,63,TT,28,NO,Foss Tobias,https://www.procyclingstats.com/rider/tobias-foss,INEOS Grenadiers,,,6:36,396,11646
21,55,finished,97,14964,113,Classic,34,AT,Haller Marco,https://www.procyclingstats.com/rider/marco-haller,Tudor Pro Cycling Team,,,7:26,446,11696
21,56,finished,83,13998,116,Hills,24,DE,Mayrhofer Marius,https://www.procyclingstats.com/rider/marius-mayrhofer,Tudor Pro Cycling Team,,,",,",446,11696
21,57,finished,11,2074,121,GC,29,AU,O'Connor Ben,https://www.procyclingstats.com/rider/ben-o-connor,Team Jayco AlUla,,,",,",446,11696
21,58,finished,12,3161,62,GC,25,NL,Arensman Thymen,https://www.procyclingstats.com/rider/thymen-arensman,INEOS Grenadiers,,,",,",446,11696
21,59,finished,48,10744,203,GC,22,GB,Blackmore Joseph,https://www.procyclingstats.com/rider/joseph-blackmore,Israel - Premier Tech,,,",,",446,11696
21,60,finished,74,13263,144,TT,36,PT,Oliveira Nelson,https://www.procyclingstats.com/rider/nelson-oliveira,Movistar Team,,,",,",446,11696
21,61,finished,10,1962,186,Climber,26,FR,Jegat Jordan,https://www.procyclingstats.com/rider/jordan-jegat,TotalEnergies,,,",,",446,11696
21,62,finished,79,13745,55,Climber,22,FR,Martinez Lenny,https://www.procyclingstats.com/rider/lenny-martinez,Bahrain - Victorious,,,",,",446,11696
21,63,finished,73,13168,155,Classic,34,BE,Naesen Oliver,https://www.procyclingstats.com/rider/oliver-naesen,Decathlon AG2R La Mondiale Team,,,",,",446,11696
21,64,finished,139,19601,224,Sprint,22,NO,Edvardsen-Fredheim Stian,https://www.procyclingstats.com/rider/stian-fredheim,Uno-X Mobility,,,",,",446,11696
21,65,finished,147,20207,27,Classic,32,BE,Van Lerberghe Bert,https://www.procyclingstats.com/rider/bert-van-lerberghe,Soudal Quick-Step,,,",,",446,11696
21,66,finished,22,6226,104,GC,33,BE,Meurisse Xandro,https://www.procyclingstats.com/rider/xandro-meurisse,Alpecin - Deceuninck,,,",,",446,11696
21,67,finished,145,20096,165,Classic,26,FR,Renard Alexis,https://www.procyclingstats.com/rider/alexis-renard,Cofidis,,,",,",446,11696
21,68,finished,34,8758,94,Classic,22,FR,Grégoire Romain,https://www.procyclingstats.com/rider/romain-gregoire,Groupama - FDJ,,,",,",446,11696
21,69,finished,61,12328,136,Hills,24,FR,Le Berre Mathis,https://www.procyclingstats.com/rider/mathis-le-berre,Arkéa - B&B Hotels,,,",,",446,11696
21,70,finished,17,4824,16,Climber,30,US,Kuss Sepp,https://www.procyclingstats.com/rider/sepp-kuss,Team Visma | Lease a Bike,,,",,",446,11696
21,71,finished,89,14084,75,Classic,23,NZ,Pithie Laurence,https://www.procyclingstats.com/rider/laurence-pithie,Red Bull - BORA - hansgrohe,,,",,",446,11696
21,72,finished,113,17210,76,Classic,25,NL,van Dijke Mick,https://www.procyclingstats.com/rider/mick-van-dijke,Red Bull - BORA - hansgrohe,,,",,",446,11696
21,73,finished,94,14508,168,Classic,29,FR,Touzé Damien,https://www.procyclingstats.com/rider/damien-touze,Cofidis,,,",,",446,11696
21,74,finished,2,264,11,GC,28,DK,Vingegaard Jonas,https://www.procyclingstats.com/rider/jonas-vingegaard,Team Visma | Lease a Bike,,,",,",446,11696
21,75,finished,32,8594,28,GC,25,BE,Van Wilder Ilan,https://www.procyclingstats.com/rider/ilan-van-wilder,Soudal Quick-Step,,,",,",446,11696
21,76,finished,84,13999,218,Classic,27,BE,Van Moer Brent,https://www.procyclingstats.com/rider/brent-van-moer,Lotto,,,",,",446,11696
21,77,finished,68,12901,26,GC,31,DE,Schachmann Maximilian,https://www.procyclingstats.com/rider/maximilian-schachmann,Soudal Quick-Step,,,",,",446,11696
21,78,finished,39,9944,198,GC,24,NL,van den Broek Frank,https://www.procyclingstats.com/rider/frank-van-den-broek,Team Picnic PostNL,,,",,",446,11696
21,79,finished,4,732,191,GC,22,GB,Onley Oscar,https://www.procyclingstats.com/rider/oscar-onley,Team Picnic PostNL,,,",,",446,11696
21,80,finished,102,15607,142,TT,29,US,Barta Will,https://www.procyclingstats.com/rider/william-barta,Movistar Team,,,",,",446,11696
21,81,finished,54,11419,13,Classic,31,BE,Benoot Tiesj,https://www.procyclingstats.com/rider/tiesj-benoot,Team Visma | Lease a Bike,,,",,",446,11696
21,82,finished,151,20369,52,Sprint,31,DE,Bauhaus Phil,https://www.procyclingstats.com/rider/phil-bauhaus,Bahrain - Victorious,,,",,",446,11696
21,83,finished,78,13717,114,Classic,26,CH,Hirschi Marc,https://www.procyclingstats.com/rider/marc-hirschi,Tudor Pro Cycling Team,,,",,",446,11696
21,84,finished,64,12389,225,Classic,30,NO,Hoelgaard Markus,https://www.procyclingstats.com/rider/markus-hoelgaard,Uno-X Mobility,,,",,",446,11696
21,85,finished,24,6521,8,Climber,32,GB,Yates Adam,https://www.procyclingstats.com/rider/adam-yates,UAE Team Emirates - XRG,,,",,",446,11696
21,86,finished,128,18667,46,Classic,27,DE,Rutsch Jonas,https://www.procyclingstats.com/rider/jonas-rutsch,Intermarché - Wanty,,,",,",446,11696
21,87,finished,76,13562,226,GC,25,NO,Johannessen Anders Halland,https://www.procyclingstats.com/rider/anders-halland-johannessen,Uno-X Mobility,,,",,",446,11696
21,88,finished,6,1214,221,Climber,25,NO,Johannessen Tobias Halland,https://www.procyclingstats.com/rider/tobias-halland-johannessen,Uno-X Mobility,,,",,",446,11696
21,89,finished,114,17300,32,Hills,28,IT,Albanese Vincenzo,https://www.procyclingstats.com/rider/vincenzo-albanese,EF Education - EasyPost,,,7:34,454,11704
21,90,finished,103,15749,107,Classic,32,BE,Vermeersch Gianni,https://www.procyclingstats.com/rider/gianni-vermeersch,Alpecin - Deceuninck,,,8:04,484,11734
21,91,finished,125,18597,202,Sprint,31,DE,Ackermann Pascal,https://www.procyclingstats.com/rider/pascal-ackermann,Israel - Premier Tech,,,8:47,527,11777
21,92,finished,112,17183,196,Sprint,26,DE,Märkl Niklas,https://www.procyclingstats.com/rider/niklas-markl,Team Picnic PostNL,,,",,",527,11777
21,93,finished,37,9504,7,GC,34,BE,Wellens Tim,https://www.procyclingstats.com/rider/tim-wellens,UAE Team Emirates - XRG,,,10:10,610,11860
21,94,finished,75,13485,4,Classic,31,DE,Politt Nils,https://www.procyclingstats.com/rider/nils-politt,UAE Team Emirates - XRG,,,",,",610,11860
21,95,finished,38,9691,178,Classic,29,IT,Velasco Simone,https://www.procyclingstats.com/rider/simone-velasco,XDS Astana Team,,,",,",610,11860
21,96,finished,115,17414,68,Hills,23,GB,Watson Samuel,https://www.procyclingstats.com/rider/samuel-watson,INEOS Grenadiers,,,10:54,654,11904
21,97,finished,65,12481,108,Climber,23,BE,Verstrynge Emiel,https://www.procyclingstats.com/rider/emiel-verstrynge,Alpecin - Deceuninck,,,",,",654,11904
21,98,finished,8,1530,71,Climber,35,SI,Roglič Primož,https://www.procyclingstats.com/rider/primoz-roglic,Red Bull - BORA - hansgrohe,,,11:13,673,11923
21,99,finished,119,17791,112,Sprint,27,IT,Dainese Alberto,https://www.procyclingstats.com/rider/alberto-dainese,Tudor Pro Cycling Team,,,11:23,683,11933
21,100,finished,118,17693,12,TT,29,IT,Affini Edoardo,https://www.procyclingstats.com/rider/edoardo-affini,Team Visma | Lease a Bike,,,",,",683,11933
21,101,finished,144,20028,215,Classic,26,BE,Grignard Sébastien,https://www.procyclingstats.com/rider/sebastien-grignard,Lotto,,,",,",683,11933
21,102,finished,120,18003,197,GC,26,NL,Naberman Tim,https://www.procyclingstats.com/rider/tim-naberman,Team Picnic PostNL,,,",,",683,11933
21,103,finished,36,9170,153,Climber,27,FR,Berthet Clément,https://www.procyclingstats.com/rider/clement-berthet,Decathlon AG2R La Mondiale Team,,,",,",683,11933
21,104,finished,87,14059,5,GC,28,FR,Sivakov Pavel,https://www.procyclingstats.com/rider/pavel-sivakov,UAE Team Emirates - XRG,,,",,",683,11933
21,105,finished,98,15077,105,Classic,31,BE,Rickaert Jonas,https://www.procyclingstats.com/rider/jonas-rickaert,Alpecin - Deceuninck,,,",,",683,11933
21,106,finished,122,18174,216,GC,34,AR,Sepúlveda Eduardo,https://www.procyclingstats.com/rider/eduardo-sepulveda,Lotto,,,",,",683,11933
21,107,finished,137,19401,123,TT,34,AU,Durbridge Luke,https://www.procyclingstats.com/rider/luke-durbridge,Team Jayco AlUla,,,",,",683,11933
21,108,finished,140,19730,127,Classic,33,NL,Reinders Elmar,https://www.procyclingstats.com/rider/elmar-reinders,Team Jayco AlUla,,,",,",683,11933
21,109,finished,15,4650,18,Climber,32,GB,Yates Simon,https://www.procyclingstats.com/rider/simon-yates,Team Visma | Lease a Bike,,,",,",683,11933
21,110,finished,136,19358,132,Classic,32,BE,Capiot Amaury,https://www.procyclingstats.com/rider/amaury-capiot,Arkéa - B&B Hotels,,,",,",683,11933
21,111,finished,20,5775,137,GC,30,ES,Rodríguez Cristián,https://www.procyclingstats.com/rider/cristian-rodriguez,Arkéa - B&B Hotels,,,",,",683,11933
21,112,finished,57,11684,227,GC,26,NO,Leknessund Andreas,https://www.procyclingstats.com/rider/andreas-leknessund,Uno-X Mobility,,,",,",683,11933
21,113,finished,42,10251,117,Climber,28,AU,Storer Michael,https://www.procyclingstats.com/rider/michael-storer,Tudor Pro Cycling Team,,,",,",683,11933
21,114,finished,13,3876,3,Hills,28,EC,Narváez Jhonatan,https://www.procyclingstats.com/rider/jhonatan-narvaez,UAE Team Emirates - XRG,,,",,",683,11933
21,115,finished,29,8461,6,Climber,31,ES,Soler Marc,https://www.procyclingstats.com/rider/marc-soler,UAE Team Emirates - XRG,,,",,",683,11933
21,116,finished,31,8516,148,Climber,27,CO,Rubio Einer,https://www.procyclingstats.com/rider/einer-rubio,Movistar Team,,,",,",683,11933
21,117,finished,40,9948,51,Climber,25,CO,Buitrago Santiago,https://www.procyclingstats.com/rider/santiago-buitrago-sanchez,Bahrain - Victorious,,,",,",683,11933
21,118,finished,50,10992,152,TT,31,FR,Armirail Bruno,https://www.procyclingstats.com/rider/bruno-armirail,Decathlon AG2R La Mondiale Team,,,",,",683,11933
21,119,finished,111,17084,97,Classic,23,FR,Penhoët Paul,https://www.procyclingstats.com/rider/paul-penhoet,Groupama - FDJ,,,",,",683,11933
21,120,finished,45,10560,96,Hills,33,FR,Pacher Quentin,https://www.procyclingstats.com/rider/quentin-pacher,Groupama - FDJ,,,",,",683,11933
21,121,finished,157,20760,115,Classic,31,CH,Lienhard Fabian,https://www.procyclingstats.com/rider/fabian-lienhard,Tudor Pro Cycling Team,,,",,",683,11933
21,122,finished,131,18852,102,Classic,34,CH,Dillier Silvan,https://www.procyclingstats.com/rider/silvan-dillier,Alpecin - Deceuninck,,,",,",683,11933
21,123,finished,143,19924,43,Classic,24,BE,Braet Vito,https://www.procyclingstats.com/rider/vito-braet,Intermarché - Wanty,,,",,",683,11933
21,124,finished,141,19756,45,Classic,25,BE,Rex Laurenz,https://www.procyclingstats.com/rider/laurenz-rex,Intermarché - Wanty,,,",,",683,11933
21,125,finished,59,11856,84,Hills,24,US,Simmons Quinn,https://www.procyclingstats.com/rider/quinn-simmons,Lidl - Trek,,,11:34,694,11944
21,126,finished,92,14392,206,GC,32,KZ,Lutsenko Alexey,https://www.procyclingstats.com/rider/aleksey-lutsenko,Israel - Premier Tech,,,",,",694,11944
21,127,finished,14,4099,176,Climber,27,CO,Higuita Sergio,https://www.procyclingstats.com/rider/sergio-higuita,XDS Astana Team,,,",,",694,11944
21,128,finished,26,8158,135,Climber,24,ES,García Pierna Raúl,https://www.procyclingstats.com/rider/raul-garcia-pierna,Arkéa - B&B Hotels,,,11:44,704,11954
21,129,finished,156,20651,47,GC,24,NL,van Sintmaartensdijk Roel,https://www.procyclingstats.com/rider/roel-van-sintmaartensdijk,Intermarché - Wanty,,,12:34,754,12004
21,130,finished,148,20239,24,Sprint,32,BE,Merlier Tim,https://www.procyclingstats.com/rider/tim-merlier,Soudal Quick-Step,,,",,",754,12004
21,131,finished,101,15240,128,Hills,25,CH,Schmid Mauro,https://www.procyclingstats.com/rider/mauro-schmid,Team Jayco AlUla,,,",,",754,12004
21,132,finished,121,18154,126,GC,24,AU,Plapp Luke,https://www.procyclingstats.com/rider/luke-plapp,Team Jayco AlUla,,,",,",754,12004
21,133,finished,27,8175,78,Climber,29,RU,Vlasov Aleksandr,https://www.procyclingstats.com/rider/aleksandr-vlasov,Red Bull - BORA - hansgrohe,,,",,",754,12004
21,134,finished,18,5297,146,GC,31,AT,Mühlberger Gregor,https://www.procyclingstats.com/rider/gregor-muhlberger,Movistar Team,,,",,",754,12004
21,135,finished,5,1032,151,Climber,27,AT,Gall Felix,https://www.procyclingstats.com/rider/felix-gall,Decathlon AG2R La Mondiale Team,,,",,",754,12004
21,136,finished,30,8494,161,GC,32,DE,Buchmann Emanuel,https://www.procyclingstats.com/rider/emanuel-buchmann,Cofidis,,,",,",754,12004
21,137,finished,129,18677,214,GC,26,AU,Drizners Jarrad,https://www.procyclingstats.com/rider/jarrad-drizners,Lotto,,,",,",754,12004
21,138,finished,33,8740,157,GC,28,AU,Scotson Callum,https://www.procyclingstats.com/rider/callum-scotson,Decathlon AG2R La Mondiale Team,,,",,",754,12004
21,139,finished,63,12378,182,Hills,26,FR,Burgaudeau Mathieu,https://www.procyclingstats.com/rider/mathieu-burgaudeau,TotalEnergies,,,",,",754,12004
21,140,finished,85,14007,174,Climber,27,FR,Champoussin Clément,https://www.procyclingstats.com/rider/clement-champoussin,XDS Astana Team,,,",,",754,12004
21,141,finished,138,19463,44,Classic,24,FR,Page Hugo,https://www.procyclingstats.com/rider/hugo-page,Intermarché - Wanty,,,13:13,793,12043
21,142,finished,82,13894,42,Classic,25,FR,Barré Louis,https://www.procyclingstats.com/rider/louis-barre,Intermarché - Wanty,,,",,",793,12043
21,143,finished,51,11195,133,GC,22,FR,Costiou Ewen,https://www.procyclingstats.com/rider/ewen-costiou,Arkéa - B&B Hotels,,,",,",793,12043
21,144,finished,35,8878,36,GC,27,AU,Sweeny Harry,https://www.procyclingstats.com/rider/harry-sweeny,EF Education - EasyPost,,,",,",793,12043
21,145,finished,72,13021,37,Classic,33,DK,Valgren Michael,https://www.procyclingstats.com/rider/michael-valgren-andersen,EF Education - EasyPost,,,",,",793,12043
21,146,finished,9,1682,31,Climber,24,IE,Healy Ben,https://www.procyclingstats.com/rider/ben-healy,EF Education - EasyPost,,,",,",793,12043
21,147,finished,46,10575,34,Climber,24,FR,Baudin Alex,https://www.procyclingstats.com/rider/alex-baudin,EF Education - EasyPost,,,",,",793,12043
21,148,finished,106,16318,187,Classic,31,FR,Turgis Anthony,https://www.procyclingstats.com/rider/anthony-turgis,TotalEnergies,,,13:32,812,12062
21,149,finished,124,18393,188,Hills,24,FR,Vercher Mattéo,https://www.procyclingstats.com/rider/matheo-vercher,TotalEnergies,,,",,",812,12062
21,150,finished,44,10474,171,Climber,28,CO,Tejada Harold,https://www.procyclingstats.com/rider/harold-tejada,XDS Astana Team,,,13:37,817,12067
21,151,finished,107,16429,147,GC,21,ES,Romeo Iván,https://www.procyclingstats.com/rider/ivan-romeo,Movistar Team,,,13:45,825,12075
21,152,finished,154,20476,167,TT,29,FR,Thomas Benjamin,https://www.procyclingstats.com/rider/benjamin-thomas-2,Cofidis,,,14:23,863,12113
21,153,finished,52,11219,201,Climber,38,CA,Woods Michael,https://www.procyclingstats.com/rider/michael-woods,Israel - Premier Tech,,,",,",863,12113
21,154,finished,130,18711,223,Hills,32,DK,Cort Magnus,https://www.procyclingstats.com/rider/magnus-cort-nielsen,Uno-X Mobility,,,14:28,868,12118
21,155,finished,155,20631,53,TT,34,PL,Gradek Kamil,https://www.procyclingstats.com/rider/kamil-gradek,Bahrain - Victorious,,,",,",868,12118
21,156,finished,105,16256,74,Classic,31,IT,Moscon Gianni,https://www.procyclingstats.com/rider/gianni-moscon,Red Bull - BORA - hansgrohe,,,14:37,877,12127
21,157,finished,159,21085,88,Classic,34,BE,Theuns Edward,https://www.procyclingstats.com/rider/edward-theuns,Lidl - Trek,,,15:17,917,12167
21,158,finished,160,21100,82,Classic,30,IT,Consonni Simone,https://www.procyclingstats.com/rider/simone-consonni,Lidl - Trek,,,",,",917,12167
21,159,finished,110,16971,143,Climber,24,ES,Castrillo Pablo,https://www.procyclingstats.com/rider/pablo-castrillo-zapater,Movistar Team,,,",,",917,12167
21,160,finished,116,17442,83,Hills,22,BE,Nys Thibau,https://www.procyclingstats.com/rider/thibau-nys,Lidl - Trek,,,",,",917,12167
